pharmacy,commercial_name,formal_name,registro_sanitario,price,currency,availability,url,sku,brand,source_strategy,scraped_at,stock,component_text,registro_sanitario_source,component_traceable,component_ids_detected,component_names_detected
Farmacia Universal,Vitamina C Injektopas 7.5 g/50 ml Solución Inyectable - Vial 50 ml,Vitamina C Injektopas 7.5 g/50 ml Solución Inyectable 50 ml,,80.00,PEN,available,https://www.farmaciauniversal.com/vitamina-c-injektopas-75-g50-ml-solucion-inyectable-vial-50-ml/p,9439,Naturmedizin,vtex_catalog_search,2026-06-08T01:11:58.699215+00:00,100,/Medicinas/Cuidado Dermatológico/ /Medicinas/ /2/42/ /2/ Vial 50 ml EE07171 Presentación Registro Sanitario No Si No Producto a Pedido Requiere receta médica Requiere refrigeración 2 Presentación Registro Sanitario Producto a Pedido Requiere receta médica Requiere refrigeración Stock Security Campos Auxiliares Highlight Stock Security De venta con receta médica. Evite automedicarse. Usar según indicaciones de su médico tratante.,,false_no_registro_sanitario,,
Farmacia Universal,Aquamarine Loción Corporal con Vitamina E - Frasco 437 ml,Aquamarine Loción Corporal con Vitamina E 437 ml Precio + Delivery Gratis,,20.25,PEN,available,https://www.farmaciauniversal.com/aquamarine-locion-corporal-con-vitamina-e-frasco-437-ml/p,363,Revlon,vtex_catalog_search,2026-06-08T01:11:58.700576+00:00,10,"/Dermocosmética/Cuidado Corporal/Hidratantes Corporales/ /Dermocosmética/Cuidado Corporal/ /Dermocosmética/ /6/175/202/ /6/175/ /6/ Frasco 437 ml NSOC6815724PE Aplicar la loción sobre la piel limpia, extendiendo con masajes suaves hasta su completa absorción. Puede utilizarse diariamente, tantas veces como sea necesario, especialmente después del baño o cuando la piel se sienta seca. Uso externo únicamente. Evitar contacto con ojos y mucosas. Si aparece irritación, enrojecimiento o sensibilidad, suspender el uso. Mantener alejado de niños pequeños y almacenar en un lugar fresco. Presentación Registro Sanitario Modo de uso Precauciones y Contraindicaciones No Producto a Pedido 1 Presentación Registro Sanitario Modo de uso Precauciones y Contraindicaciones Producto a Pedido Stock Security Campos Auxiliares Highlight Stock Security Aquamarine Loción Corporal con Vitamina E es una crema hidratante diseñada para suavizar y nutrir la piel, brindando sensación de frescura y confort. Su fórmula con vitamina E ayuda a mantener la piel humectada durante el día y contribuye a una textura más tersa.",,false_no_registro_sanitario,,
Farmacia Universal,Dermohelp Serum de Vitamina C + Alfa Arbutina - Frasco 30 ml,Dermohelp Serum de Vitamina C + Alfa Arbutina 30 ml Precio + Delivery Gratis,,79.90,PEN,available,https://www.farmaciauniversal.com/dermohelp-serum-de-vitamina-c-alfa-arbutina-frasco-30-ml/p,31784,Dermohelp,vtex_catalog_search,2026-06-08T01:11:58.703735+00:00,1,"/Dermocosmética/Serums y Ampollas/Antipigmentación/ /Dermocosmética/Serums y Ampollas/ /Dermocosmética/ /6/174/198/ /6/174/ /6/ Frasco 30 ml NSOC0852221CO Aplicar 2 a 3 gotas sobre el rostro limpio y seco, por la mañana y/o noche. Extender con movimientos suaves y ascendentes desde el centro del rostro hacia los extremos hasta su completa absorción. Durante el día, complementar siempre con protector solar para potenciar la acción antioxidante y prevenir la pigmentación. Puede aplicarse también en cuello y escote (1 a 2 gotas adicionales). Solo para uso externo. Evitar el contacto directo con los ojos. Si se presenta irritación o enrojecimiento, suspender su uso y consultar a un especialista. Conservar en un lugar fresco y seco, protegido de la luz solar directa. Mantener fuera del alcance de los niños. Presentación Registro Sanitario Modo de uso Precauciones y Contraindicaciones No Producto a Pedido 0 Presentación Registro Sanitario Modo de uso Precauciones y Contraindicaciones Producto a Pedido Stock Security Campos Auxiliares Highlight Stock Security El sérum de Vitamina C + Alfa Arbutina de Dermohelp está formulado para quienes buscan una piel más uniforme y luminosa. Su combinación de antioxidantes puede ayudar a mejorar la apariencia del tono y aportar un acabado revitalizado. Su textura ligera se absorbe con facilidad, integrándose bien en rutinas de día o noche y dejando una sensación fresca y confortable en la piel.",,false_no_registro_sanitario,,
Farmacia Universal,Mucovit Plus Multivitamínico en Gotas - Frasco 15 ml,Mucovit Plus Multivitamínico en Gotas 15 ml Precio + Delivery Gratis,,33.64,PEN,available,https://www.farmaciauniversal.com/mucovit-plus-multivitaminico-en-gotas-frasco-15-ml/p,28880,Hersil,vtex_catalog_search,2026-06-08T01:11:58.709039+00:00,10,"/Vitaminas y Suplementos/Multivitamínicos/Adultos/ /Vitaminas y Suplementos/Multivitamínicos/ /Vitaminas y Suplementos/ /1/344/350/ /1/344/ /1/ Frasco 15 ml DN0604 Dosis para niños menores de 1 año: 0.75 ml, 1 vez al día. Dosis para niños de 1 a 3 años: 1 ml, 1 vez al día. Dosis para niños de 4 a 8 años: 1.25 ml, 1 vez al día. Mantener fuera del alcance de los niños. Si detecta alguna reacción negativa al consumir este producto, consulte con su médico. Para mayor información, leer el inserto adjunto al producto o consultar con un profesional de la salud. Presentación Registro Sanitario Modo de uso Precauciones y Contraindicaciones No Producto a Pedido 1 Presentación Registro Sanitario Modo de uso Precauciones y Contraindicaciones Producto a Pedido Stock Security Campos Auxiliares Highlight Stock Security Suplemento dietético en gotas.",,false_no_registro_sanitario,,
Farmacia Universal,La Naturaleza y tu Salud Harina de Aguaje - Frasco 200 g,La Naturaleza y tu Salud Harina de Aguaje 200 g Precio + Delivery Gratis,,22.00,PEN,available,https://www.farmaciauniversal.com/la-naturaleza-y-tu-salud-harina-de-aguaje-frasco-200-g/p,29092,La Naturaleza y tu Salud,vtex_catalog_search,2026-06-08T01:11:58.710496+00:00,10,"/Productos Saludables/Repostería y Cocina/Harina/ /Productos Saludables/Repostería y Cocina/ /Productos Saludables/ /9/273/284/ /9/273/ /9/ Frasco 200 g D1504923NNALANT Úsalo como harina para tus postres. Disolver una cucharada en tus batidos, yogurts o jugos antes de tus comidas. Evitar su consumo en caso de embarazo o en niños menores de 7 años. Presentación Registro Sanitario Modo de uso Precauciones y Contraindicaciones No Producto a Pedido 1 Presentación Registro Sanitario Modo de uso Precauciones y Contraindicaciones Producto a Pedido Stock Security Campos Auxiliares Highlight Stock Security Tiene altos niveles de vitamina A, C y E. Promueve la salud cardiovascular. Ayuda a equilibrar los niveles hormonales. Ayuda a obtener una piel más saludable. Ayuda a la depuración del hígado.",,false_no_registro_sanitario,,
Farmacia Universal,Benalgin 10000 NF Solución Inyectable + Jeringa Desechable - Caja 1 kit,Benalgin 10000 NF Solución Inyectable + Jeringa Desechable 1 kit,,27.03,PEN,available,https://www.farmaciauniversal.com/benalgin-10000-nf-solucion-inyectable-jeringa-desechable-caja-1-kit/p,29918,Lusa,vtex_catalog_search,2026-06-08T01:11:59.711085+00:00,10,/Medicinas/Sistema Nervioso/Vitaminas Neuroprotectoras/ /Medicinas/Sistema Nervioso/ /Medicinas/ /2/416/432/ /2/416/ /2/ Caja 1 kit EN07734 Presentación Registro Sanitario No Si No Producto a Pedido Requiere receta médica Requiere refrigeración 1 Presentación Registro Sanitario Producto a Pedido Requiere receta médica Requiere refrigeración Stock Security Campos Auxiliares Highlight Stock Security De venta con receta médica. Evite automedicarse. Usar según indicaciones de su médico tratante.,,false_no_registro_sanitario,,
Farmacia Universal,Mucovit HRS Multivitamínico Jarabe - Frasco 110 ml,Mucovit HRS Multivitamínico Jarabe 110 ml Precio + Delivery Gratis,,37.58,PEN,available,https://www.farmaciauniversal.com/mucovit-hrs-multivitaminico-jarabe-frasco-110-ml/p,11489,Hersil,vtex_catalog_search,2026-06-08T01:11:59.711354+00:00,10,"/Vitaminas y Suplementos/Multivitamínicos/Adultos/ /Vitaminas y Suplementos/Multivitamínicos/ /Vitaminas y Suplementos/ /1/344/350/ /1/344/ /1/ Frasco 110 ml DN0174 Vía oral. Dosis para niños de 2 a 6 años: 10 gotas/día, repartidas en 2 tomas (desayuno y comida). Dosis para adultos y niños mayores de 6 años: 18 gotas/día. Máximo 1 mes. No indicado en menores de 2 años. No usar en menores de 2 años. Hipercalcemia, hipervitaminosis D, osteodistrofia renal con hiperfosfatemia. Altas dosis de vitamina C puede alterar las pruebas de determinación de glucosa en orina. Almacénese a temperatura no mayor de 25 °C. Presentación Registro Sanitario Modo de uso Precauciones y Contraindicaciones No Producto a Pedido 1 Presentación Registro Sanitario Modo de uso Precauciones y Contraindicaciones Producto a Pedido Stock Security Campos Auxiliares Highlight Stock Security Mucovit Jarabe está indicado para las deficiencias vitamínicas que ocurren por mala nutrición, dificultades en la absorción y procesos infecciosos prolongados.",,false_no_registro_sanitario,,
Farmacia Universal,Cellskinlab AOX C15 Serum - Frasco 15 ml,Cellskinlab AOX C15 Serum 15 ml Precio + Delivery Gratis,,122.32,PEN,available,https://www.farmaciauniversal.com/cellskinlab-aox-c15-serum-frasco-15-ml/p,5613,Cellskinlab,vtex_catalog_search,2026-06-08T01:11:59.713088+00:00,1,"/Dermocosmética/Serums y Ampollas/Antiedad/ /Dermocosmética/Serums y Ampollas/ /Dermocosmética/ /6/174/197/ /6/174/ /6/ Frasco 15 ml NSOC2829216PE Aplicar Serum AOX C15 en la mañana 3 a 4 gotas en rostro, cuello y escote sobre la piel limpia y seca. Ideal para piel normal y piel sensible. No utilizar en personas alérgicas alguno de sus componentes. En las primeras aplicaciones pudiera sentir sensación de hormigueo en la piel (es normal por diferencia de pH del producto con la piel), si esto persiste, la piel se enrojece o inflama discontinuar su uso. Puede manchar la ropa de color claro lo que se elimina con el lavado. Sólo para uso externo. No utilizar en contorno de ojos. Almacenar protegido del calor y de la luz. Presentación Registro Sanitario Modo de uso Precauciones y Contraindicaciones No Producto a Pedido 0 Presentación Registro Sanitario Modo de uso Precauciones y Contraindicaciones Producto a Pedido Stock Security Campos Auxiliares Highlight Stock Security Serum antioxidante con Citamina C al 15% que evita en forma eficaz los efectos del fotoenvejecimiento. Con Serum AOX C15, tu piel lucirá con menos arrugas, más radiante, con mayor luminosidad y más sana. En su formulación contiene Vitamina C pura al 15% que protege frente al daño producido por los radicales libres generados la radiación UV, y estimula la producción de colágeno. Su PH de 3.5 asegura la mejor absorción del producto en la piel.",,false_no_registro_sanitario,,
Farmacia Universal,Pediasure Bebible Sabor Vainilla - Frasco 220 ml,Pediasure Bebible Vainilla 220 ml Precio + Delivery Gratis,,11.20,PEN,available,https://www.farmaciauniversal.com/pediasure-bebible-sabor-vainilla-frasco-220-ml/p,25812,Pediasure,vtex_catalog_search,2026-06-08T01:11:59.721991+00:00,100,"/Cuidado Infantil/Nutrición Infantil/Fórmulas Infantiles/ /Cuidado Infantil/Nutrición Infantil/ /Cuidado Infantil/ /5/151/167/ /5/151/ /5/ Frasco 220 ml I4550721ENAABLB Listo para usar. AGITAR BIEN. Una vez abierto, tapar y refrigerar. Desechar si no se utiliza dentro de las 24 horas. Una vez abierto, tapar y refrigerar. Desechar si no se utiliza dentro de las 24 horas. Presentación Registro Sanitario Modo de uso Precauciones y Contraindicaciones No Producto a Pedido Vainilla Frasco 220 ml Sabor Presentaciones 3 Presentación Registro Sanitario Modo de uso Precauciones y Contraindicaciones Producto a Pedido Sabor Presentaciones Stock Security Campos Auxiliares Highlight Filtros Stock Security PediaSure está recomendado para niños: Con patrones de crecimiento por debajo de los de su misma edad. Con requisitos nutricionales y calóricos incrementados. Con desnutrición o ingesta reducida de alimentos por disminución del apetito. Consulte a su médico acerca de las necesidades de alimentación específificas de su. hijo. Con 5 grupos de nutrientes que apoyan el crecimiento y desarrollo.",,false_no_registro_sanitario,,
Farmacia Universal,Isdin Isdinceutics Flavo C Serum - Frasco 30 ml,Isdin Isdinceutics Flavo C Serum 30 ml Precio + Delivery Gratis,,167.92,PEN,available,https://www.farmaciauniversal.com/isdin-isdinceutics-flavo-c-serum-frasco-30-ml/p,21099,Isdin,vtex_catalog_search,2026-06-08T01:12:00.782340+00:00,10,"/Dermocosmética/Serums y Ampollas/Antipigmentación/ /Dermocosmética/Serums y Ampollas/ /Dermocosmética/ /6/174/198/ /6/174/ /6/ Frasco 30 ml NSOC3264517PE Utilizar mañana y/o noche sobre la piel limpia antes del cuidado habitual. Aplicar 5 gotas en la palma de la mano y masajear con la yema de los dedos en rostro, cuello y escote evitando el contorno de los ojos. Uso externo. Mantener el producto fuera del alcance de los niños. Evitar el contacto con ojos y mucosas. En personas con piel sensible es normal observar una ligera irritación en las primeras aplicaciones. En caso de persistir la irritación, suspender el uso y consultar con el dermatólogo. Probado dermatológicamente. No comedogénico. Uso Adulto. Presentación Registro Sanitario Modo de uso Precauciones y Contraindicaciones No Producto a Pedido 0 Presentación Registro Sanitario Modo de uso Precauciones y Contraindicaciones Producto a Pedido Stock Security Campos Auxiliares Highlight Stock Security Potente vitamina C que actúa 10h en tu piel. Serum facial antiedad. Potente combinación de antioxidantes que combate el foto envejecimiento.",,false_no_registro_sanitario,,
Farmacia Universal,Oxy Grana 500 mg Cápsulas - Frasco 100 und,Oxy Grana 500 mg Cápsulas 100 und Precio + Delivery Gratis,,107.00,PEN,available,https://www.farmaciauniversal.com/oxy-grana-500-mg-capsulas-frasco-100-und/p,20342,Biomonk,vtex_catalog_search,2026-06-08T01:12:00.785267+00:00,10,"/Vitaminas y Suplementos/Multivitamínicos/Osteoarticulares/ /Vitaminas y Suplementos/Multivitamínicos/ /Vitaminas y Suplementos/ /1/344/354/ /1/344/ /1/ Frasco 100 und N1206616NLAARSR 2 a 3 cápsulas diarias. De preferencia antes de los alimentos. Mantener el envase bien cerrado y conservado en un lugar fresco y seco. Presentación Registro Sanitario Modo de uso Precauciones y Contraindicaciones No Producto a Pedido 1 Presentación Registro Sanitario Modo de uso Precauciones y Contraindicaciones Producto a Pedido Stock Security Campos Auxiliares Highlight Stock Security La granada es un fruto con múltiples propiedades antioxidantes, antinflamatorias y anti proliferativas. En la actualidad se están realizando varios estudios clínicos multicéntricos sobre todo en pacientes con cáncer de próstata para determinar los efectos de la granada en el tratamiento de pacientes con este tumor.",,false_no_registro_sanitario,,
Farmacia Universal,Medihealth Cetopic Crema - Frasco 50 g,Medihealth Cetopic Crema 50 g Precio + Delivery Gratis,,82.20,PEN,available,https://www.farmaciauniversal.com/medihealth-cetopic-crema-frasco-50-g/p,25170,Megalabs,vtex_catalog_search,2026-06-08T01:12:00.786576+00:00,10,"/Dermocosmética/Serums y Ampollas/Antiedad/ /Dermocosmética/Serums y Ampollas/ /Dermocosmética/ /6/174/197/ /6/174/ /6/ Frasco 50 g NSOC0111100CO Aplicar uniformemente sobre la piel limpia en el contorno de ojos, rostro y cuello, por la mañana y noche. Uso externo únicamente. Almacenar a temperatura inferior a 25°C. Evitar el contacto con los ojos. Si se presentan reacciones adversas, suspender su uso y consultar con un médico. Mantener fuera del alcance de los niños. El color puede variar entre amarillo pálido y café claro debido a la vitamina C sin afectar su calidad. Consumir el producto dentro de los 4 meses posteriores a su apertura. Presentación Registro Sanitario Modo de uso Precauciones y Contraindicaciones No Producto a Pedido 0 Presentación Registro Sanitario Modo de uso Precauciones y Contraindicaciones Producto a Pedido Stock Security Campos Auxiliares Highlight Stock Security Medihealth Cetopic crema es una fórmula tópica con vitamina C estable, diseñada para el cuidado de la piel del rostro, contorno de ojos y cuello. Su composición se asocia con la protección frente al estrés oxidativo causado por factores externos como la radiación UV y agresiones ambientales. Además, su base emoliente contiene componentes similares a los factores hidratantes naturales de la piel, lo que puede ayudar a mantener la hidratación, suavidad y apariencia saludable, contribuyendo a reducir signos visibles de resequedad y fotoenvejecimiento.",,false_no_registro_sanitario,,
Farmacia Universal,Topiqua AE Crema - Frasco 250 g,Topiqua AE Crema 250 g Precio + Delivery Gratis,,115.00,PEN,available,https://www.farmaciauniversal.com/topiqua-ae-crema-frasco-250-g/p,30711,Lafage,vtex_catalog_search,2026-06-08T01:12:00.789198+00:00,10,"/Dermocosmética/Cuidado Corporal/Hidratantes Corporales/ /Dermocosmética/Cuidado Corporal/ /Dermocosmética/ /6/175/202/ /6/175/ /6/ Frasco 250 g NSOC6472824PE Aplicar sobre la piel limpia y seca, 1 a 2 veces al día, o según indicación del profesional de salud. Masajear suavemente hasta su total absorción. Solo para uso externo. Evitar el contacto con ojos y mucosas. No aplicar sobre heridas abiertas o piel irritada. En caso de irritación, suspender su uso. Mantener fuera del alcance de los niños. Conservar en lugar fresco y seco. Presentación Registro Sanitario Modo de uso Precauciones y Contraindicaciones No Producto a Pedido 0 Presentación Registro Sanitario Modo de uso Precauciones y Contraindicaciones Producto a Pedido Stock Security Campos Auxiliares Highlight Stock Security Topiqua® AE Crema está formulada con Urea al 10%, Vitamina A (250,000 UI) y Vitamina E al 5%, componentes que ayudan a mantener la piel hidratada y acondicionada. La Vitamina A contribuye con la regeneración natural de la piel, mientras que la Vitamina E, conocida por su acción antioxidante, ayuda a proteger la piel frente a agresiones externas. Esta combinación puede favorecer la suavidad y elasticidad de la piel con uso constante.",,false_no_registro_sanitario,,
Farmacia Universal,La Naturaleza y tu Salud Harina de Camu Camu - Frasco 200 g,La Naturaleza y tu Salud Harina de Camu Camu 200 g Precio + Delivery Gratis,,25.00,PEN,available,https://www.farmaciauniversal.com/la-naturaleza-y-tu-salud-harina-de-camu-camu-frasco-200-g/p,29093,La Naturaleza y tu Salud,vtex_catalog_search,2026-06-08T01:12:00.789723+00:00,10,"/Productos Saludables/Repostería y Cocina/Harina/ /Productos Saludables/Repostería y Cocina/ /Productos Saludables/ /9/273/284/ /9/273/ /9/ Frasco 200 g D1503323NNALANT Úsalo como harina para tus postres. Disolver una cucharadita en tus infusiones, extractos o batidos. Evitar su consumo en caso de embarazo o en niños menores de 7 años. Presentación Registro Sanitario Modo de uso Precauciones y Contraindicaciones No Producto a Pedido 1 Presentación Registro Sanitario Modo de uso Precauciones y Contraindicaciones Producto a Pedido Stock Security Campos Auxiliares Highlight Stock Security Poderosa fuente de vitamina C. Efecto antiinflamatorio. Ayuda a eliminar el estrés oxidativo. Fortalece las defensas. Alimento rico en potasio.",,false_no_registro_sanitario,,
Farmacia Universal,Hidroxaneurín 10000 10 mg/2 ml Solución Inyectable - Caja 1 kit,Hidroxaneurín 10000 10 mg/2 ml Solución Inyectable 1 kit,,20.66,PEN,available,https://www.farmaciauniversal.com/hidroxaneurin-10000-10-mg-2-ml-solucion-inyectable-caja-1-kit/p,27283,Cipa,vtex_catalog_search,2026-06-08T01:12:00.791389+00:00,100,/Medicinas/Sistema Nervioso/Vitaminas Neuroprotectoras/ /Medicinas/Sistema Nervioso/ /Medicinas/ /2/416/432/ /2/416/ /2/ Caja 1 kit Hidroxocobalamina 10 mg/2 ml EN08851 Presentación Principio Activo Registro Sanitario No Si No Producto a Pedido Requiere receta médica Requiere refrigeración 1 Presentación Principio Activo Registro Sanitario Producto a Pedido Requiere receta médica Requiere refrigeración Stock Security Campos Auxiliares Highlight Stock Security,,false_no_registro_sanitario,,
Farmacia Universal,Nat C Yummy Gummyz Gomitas Sabor Mandarina - Caja 25 und,Nat C Yummy Gummyz Gomitas Sabor Mandarina 25 und Precio + Delivery Gratis,,33.00,PEN,available,https://www.farmaciauniversal.com/nat-c-yummy-gummyz-gomitas-sabor-mandarina-caja-25-und/p,29286,Mega We Care,vtex_catalog_search,2026-06-08T01:12:00.793535+00:00,1,/Cuidado Infantil/Nutrición Infantil/Suplementos Infantiles/ /Cuidado Infantil/Nutrición Infantil/ /Cuidado Infantil/ /5/151/340/ /5/151/ /5/ Caja 25 und G7704317ENAMGLF Niños mayores de 2 años: una a dos gomitas al día Contiene azúcar Presentación Registro Sanitario Modo de uso Precauciones y Contraindicaciones No Producto a Pedido 0 Presentación Registro Sanitario Modo de uso Precauciones y Contraindicaciones Producto a Pedido Stock Security Campos Auxiliares Highlight Stock Security Caramelos blandos con Vitamina C (30mg por gomita).,,false_no_registro_sanitario,,
Farmacia Universal,Milgamma 300 mg Protekt Comprimidos Recubiertos - Caja 30 und,Milgamma 300 mg Protekt Comprimidos Recubiertos 30 und,,174.00,PEN,available,https://www.farmaciauniversal.com/milgamma-300-mg-protekt-comprimidos-recubiertos-caja-30-und/p,29328,Worwag Pharma,vtex_catalog_search,2026-06-08T01:12:01.745198+00:00,10,/Medicinas/Sistema Nervioso/Vitaminas Neuroprotectoras/ /Medicinas/Sistema Nervioso/ /Medicinas/ /2/416/432/ /2/416/ /2/ Caja 30 und Benfotiamina 300 mg EE11143 Presentación Principio Activo Registro Sanitario No Si No Producto a Pedido Requiere receta médica Requiere refrigeración 0 Presentación Principio Activo Registro Sanitario Producto a Pedido Requiere receta médica Requiere refrigeración Stock Security Campos Auxiliares Highlight Stock Security,,false_no_registro_sanitario,,
Farmacia Universal,TMX MultiFem+ Gomitas Sabor Naranja - Frasco 70 und,TMX MultiFem+ Gomitas Sabor Naranja 70 und Precio + Delivery Gratis,,44.10,PEN,available,https://www.farmaciauniversal.com/tmx-multifem-gomitas-sabor-naranja-frasco-70-und/p,32680,TMX,vtex_catalog_search,2026-06-08T01:12:01.748007+00:00,10,"/Vitaminas y Suplementos/Multivitamínicos/Adultos/ /Vitaminas y Suplementos/Multivitamínicos/ /Vitaminas y Suplementos/ /1/344/350/ /1/344/ /1/ Frasco 70 und G6615322NNAVDLB Consumir dos gomitas al día como parte de una alimentación equilibrada o según recomendación profesional. No exceder la dosis recomendada. Los suplementos alimenticios no sustituyen una dieta balanceada ni hábitos de vida saludables. Mantener fuera del alcance de los niños. Conservar en un lugar fresco y seco. Presentación Registro Sanitario Modo de uso Precauciones y Contraindicaciones No Producto a Pedido Naranja Sabor Presentación Registro Sanitario Modo de uso Precauciones y Contraindicaciones Producto a Pedido Sabor Campos Auxiliares Highlight Filtros TMX MultiFem+ Gomitas Sabor Naranja es un multivitamínico especialmente desarrollado para complementar las necesidades nutricionales de la mujer. Su fórmula combina colágeno, vitaminas A, C, D, E y vitaminas del complejo B, nutrientes que contribuyen al bienestar general, el metabolismo energético y el mantenimiento de una piel saludable. Su práctico formato en gomitas facilita el consumo diario de vitaminas esenciales.",,false_no_registro_sanitario,,
Farmacia Universal,Sesderma C Vit 5 Serum Liposomado - Frasco 30 ml,Sesderma C Vit 5 Serum Liposomado 30 ml Precio + Delivery Gratis,,245.00,PEN,available,https://www.farmaciauniversal.com/sesderma-c-vit-5-serum-liposomado-frasco-30-ml/p,27219,Sesderma,vtex_catalog_search,2026-06-08T01:12:01.748832+00:00,10,"/Dermocosmética/Serums y Ampollas/Antiedad/ /Dermocosmética/Serums y Ampollas/ /Dermocosmética/ /6/174/197/ /6/174/ /6/ Frasco 30 ml NSOC5514922PE Aplicar cuatro gotas sobre rostro, cuello y escote con un suave masaje hasta su completa absorción. Puede utilizarse por la mañana y la noche, antes de aplicar la crema hidratante habitual. Uso externo exclusivamente. Evitar el contacto con los ojos. Mantener fuera del alcance de los niños. Presentación Registro Sanitario Modo de uso Precauciones y Contraindicaciones No Producto a Pedido 0 Presentación Registro Sanitario Modo de uso Precauciones y Contraindicaciones Producto a Pedido Stock Security Campos Auxiliares Highlight Stock Security Sesderma C-VIT 5 Sérum Liposomado combina cinco formas de vitamina C en una fórmula diseñada para aportar luminosidad y vitalidad a la piel. Su composición con centella asiática, ácido hialurónico y proteoglicanos contribuye a mantener la hidratación y elasticidad cutánea, ayudando a que la piel luzca con un aspecto más fresco y uniforme con el uso constante.",,false_no_registro_sanitario,,
Farmacia Universal,Topiqua AE Emulsión - Frasco 250 g,Topiqua AE Emulsión 250 g Precio + Delivery Gratis,,115.00,PEN,available,https://www.farmaciauniversal.com/topiqua-ae-emulsion-frasco-250-g/p,30712,Lafage,vtex_catalog_search,2026-06-08T01:12:01.752907+00:00,10,"/Dermocosmética/Cuidado Corporal/Hidratantes Corporales/ /Dermocosmética/Cuidado Corporal/ /Dermocosmética/ /6/175/202/ /6/175/ /6/ Frasco 250 g NSOC6446424PE Aplicar generosamente sobre la piel limpia una o dos veces al día, especialmente en áreas con resequedad. Masajear hasta su completa absorción. Evitar el contacto con ojos, mucosas o piel lesionada. En caso de irritación, enrojecimiento o reacción desfavorable, suspender su uso y consultar con un profesional de salud. Mantener fuera del alcance de los niños. Presentación Registro Sanitario Modo de uso Precauciones y Contraindicaciones No Producto a Pedido 0 Presentación Registro Sanitario Modo de uso Precauciones y Contraindicaciones Producto a Pedido Stock Security Campos Auxiliares Highlight Stock Security Topiqua® AE Emulsión combina Urea 10%, Vitamina A y Vitamina E en una presentación de textura más ligera, ideal para grandes zonas del cuerpo. Esta fórmula ayuda a mantener la hidratación, contribuyendo a mejorar la textura de la piel seca o áspera. Su uso frecuente puede ayudar a fortalecer la barrera cutánea y brindar una sensación de suavidad y confort.",,false_no_registro_sanitario,,
Farmacia Universal,Vid Natur Propóleo Con Miel Algarrobina Y Camu Camu - Frasco 200 ml,Vid Natur Propóleo Con Miel Algarrobina Y Camu Camu 200 ml Precio + Delivery Gratis,,24.20,PEN,available,https://www.farmaciauniversal.com/vid-natur-propoleo-con-miel-algarrobina-y-camu-camu-frasco-200-ml/p,8904,Vid Natur,vtex_catalog_search,2026-06-08T01:12:01.755714+00:00,10,"/Vitaminas y Suplementos/Multivitamínicos/Adultos/ /Vitaminas y Suplementos/Multivitamínicos/ /Vitaminas y Suplementos/ /1/344/350/ /1/344/ /1/ Frasco 200 ml P2700414NNAUIFR Adultos: Tomar 1 medida de 15 ml, dos veces al día. Niños: 1 medida de 2.5 ml, dos veces al día con los alimentos. Estos productos no pretenden sustitur medicamentos recomendados por su médico. Presentación Registro Sanitario Modo de uso Precauciones y Contraindicaciones No Producto a Pedido 1 Presentación Registro Sanitario Modo de uso Precauciones y Contraindicaciones Producto a Pedido Stock Security Campos Auxiliares Highlight Stock Security Las abejas recubren las paredes de la colmena con propóleo para ayudar a combatir bacterias, virus y hongos; nosotros usamos comúnmente este alimento para fortalecer la salud del sistema respiratorio. La miel de abejas y la vitamina C del camu camu ayudan a fortalecer las defensas del organismo.",,false_no_registro_sanitario,,
Farmacia Universal,NNO Perlas Óleo Faciales - Caja 30 und,NNO Perlas Óleo Faciales 30 und Precio + Delivery Gratis,,60.00,PEN,available,https://www.farmaciauniversal.com/nno-perlas-oleo-faciales-caja-30-und/p,29285,Mega We Care,vtex_catalog_search,2026-06-08T01:12:01.756144+00:00,10,"/Dermocosmética/Serums y Ampollas/Antiedad/ /Dermocosmética/Serums y Ampollas/ /Dermocosmética/ /6/174/197/ /6/174/ /6/ Caja 30 und NSOC0360310PE Después de lavarse el rostro en la noche, rompa el twist de la perla, vierta el contenido en su mano y aplíquelo con suave masaje sobre su cara. No irrita la piel. No presenta al ser un cosmético Presentación Registro Sanitario Modo de uso Precauciones y Contraindicaciones No Producto a Pedido 0 Presentación Registro Sanitario Modo de uso Precauciones y Contraindicaciones Producto a Pedido Stock Security Campos Auxiliares Highlight Stock Security NNO es un óleo de nutrición nocturna formulado con dos potentes antioxidantes. Indicado en tratamientos antiaging y post láser cutáneo. Se presenta en forma de perlas para uso tópico, asegurando conveniencia y eficacia.",,false_no_registro_sanitario,,
Farmacia Universal,Cysticlean Forte + Vit C Cápsulas - Caja 30 und,Cysticlean Forte + Vit C Cápsulas 30 und Precio + Delivery Gratis,,165.00,PEN,available,https://www.farmaciauniversal.com/cysticlean-forte-vit-c-capsulas-caja-30-und/p,31391,Uro Pharma,vtex_catalog_search,2026-06-08T01:12:02.374521+00:00,10,"/Vitaminas y Suplementos/Multivitamínicos/Urológicos/ /Vitaminas y Suplementos/Multivitamínicos/ /Vitaminas y Suplementos/ /1/344/353/ /1/344/ /1/ Caja 30 und DE5088 Ingerir 1 cápsula al día con un vaso de agua, preferiblemente por la noche. No exceder la dosis diaria recomendada. Mantener fuera del alcance de los niños. No sustituye una dieta equilibrada. Consultar al médico en caso de embarazo, lactancia o si está bajo tratamiento médico. Presentación Registro Sanitario Modo de uso Precauciones y Contraindicaciones No Producto a Pedido 1 Presentación Registro Sanitario Modo de uso Precauciones y Contraindicaciones Producto a Pedido Stock Security Campos Auxiliares Highlight Stock Security Cysticlean Forte es un suplemento alimenticio desarrollado para la prevención y apoyo en el tratamiento de infecciones urinarias recurrentes. Su fórmula incluye extracto de arándano rojo americano altamente concentrado (PACs 240 mg) y vitamina C, lo que ayuda a reducir la adherencia de bacterias en las vías urinarias, refuerza el sistema inmunológico y protege frente a molestias urinarias frecuentes. Aporta una alternativa natural y eficaz para quienes buscan fortalecer la salud del tracto urinario.",,false_no_registro_sanitario,,
Farmacia Universal,Thiogamma Turbo Set 600 mg/50 ml Solución para Perfusión - Vial 50 ml,Thiogamma Turbo Set 600 mg/50 ml Solución para Perfusión 50 ml,,69.00,PEN,available,https://www.farmaciauniversal.com/thiogamma-turbo-set-600-mg-50-ml-solucion-para-perfusion-vial-50-ml/p,30624,Worwag Pharma,vtex_catalog_search,2026-06-08T01:12:02.375971+00:00,100,/Medicinas/Sistema Nervioso/Vitaminas Neuroprotectoras/ /Medicinas/Sistema Nervioso/ /Medicinas/ /2/416/432/ /2/416/ /2/ Vial 50 ml Ácido Tióctico 600 mg/50 ml EE12257 Presentación Principio Activo Registro Sanitario No Si No Producto a Pedido Requiere receta médica Requiere refrigeración 0 Presentación Principio Activo Registro Sanitario Producto a Pedido Requiere receta médica Requiere refrigeración Stock Security Campos Auxiliares Highlight Stock Security,,false_no_registro_sanitario,,
Farmacia Universal,Hidroxocobalamina 1 mg/ml LS Solución Inyectable - Ampolla 1 ml,Hidroxocobalamina 1 mg/ml LS Solución Inyectable 1 ml,,5.87,PEN,available,https://www.farmaciauniversal.com/hidroxocobalamina-1-mg-ml-ls-solucion-inyectable-ampolla-1-ml/p,30794,Lusa,vtex_catalog_search,2026-06-08T01:12:02.378475+00:00,100,/Medicinas/Sistema Nervioso/Vitaminas Neuroprotectoras/ /Medicinas/Sistema Nervioso/ /Medicinas/ /2/416/432/ /2/416/ /2/ Ampolla 1 ml Hidroxocobalamina 1 mg/ml EN04920 Presentación Principio Activo Registro Sanitario No Si No Producto a Pedido Requiere receta médica Requiere refrigeración 2 Presentación Principio Activo Registro Sanitario Producto a Pedido Requiere receta médica Requiere refrigeración Stock Security Campos Auxiliares Highlight Stock Security,,false_no_registro_sanitario,,
Farmacia Universal,Bahía Protección Contínua Bloqueador Solar SPF45 - Frasco 200 g,Bahía Protección Contínua Bloqueador Solar SPF45 200 g Precio + Delivery Gratis,,43.60,PEN,available,https://www.farmaciauniversal.com/bahia-proteccion-continua-bloqueador-solar-spf45-frasco-200-g/p,27480,Bahia,vtex_catalog_search,2026-06-08T01:12:02.381915+00:00,10,"/Cuidado Personal/Cuidado Corporal/Bloqueadores Corporales/ /Cuidado Personal/Cuidado Corporal/ /Cuidado Personal/ /7/207/228/ /7/207/ /7/ Frasco 200 g N/A Aplicar el bloqueador de manera uniforme sobre la piel mediante suaves masajes circulares hasta su completa absorción, aproximadamente 30 minutos antes de la exposición al sol. Reaplicar frecuentemente, especialmente después de nadar, secarse con toalla, sudoración excesiva o exposición prolongada al sol. Evitar el contacto con ojos, boca y nariz. En caso de contacto con los ojos, enjuagar con abundante agua. No ingerir. No aplicar sobre piel irritada o lesionada. Suspender el uso si presenta alguna reacción desfavorable y consultar al médico. Mantener fuera del alcance de los niños y conservar en su envase original. Presentación Registro Sanitario Modo de uso Precauciones y Contraindicaciones No Producto a Pedido 0 Presentación Registro Sanitario Modo de uso Precauciones y Contraindicaciones Producto a Pedido Stock Security Campos Auxiliares Highlight Stock Security Bahía Protección Continua Bloqueador Solar SPF45 es un bloqueador solar formulado para ayudar a proteger la piel frente a los efectos dañinos de la exposición solar. Su fórmula con SPF45 brinda protección contra rayos UVA y UVB, mientras que su contenido de vitamina E contribuye a mantener la piel hidratada. Además, es hipoalergénico, libre de parabenos y resistente al agua y al sudor, características que lo convierten en una opción práctica para actividades al aire libre y uso diario.",,false_no_registro_sanitario,,
Farmacia Universal,Warmi Cápsulas - Caja 90 und,Warmi Cápsulas 90 und Precio + Delivery Gratis,,145.80,PEN,available,https://www.farmaciauniversal.com/warmi-capsulas-caja-90-und/p,11437,Warmi,vtex_catalog_search,2026-06-08T01:12:03.091405+00:00,10,"/Vitaminas y Suplementos/Multivitamínicos/Menopausia/ /Vitaminas y Suplementos/Multivitamínicos/ /Vitaminas y Suplementos/ /1/344/358/ /1/344/ /1/ Caja 90 und PNN0982 Warmi cápsulas puede tomarse 3 veces al día, después de los alimentos. El tiempo para tomarlo habitualmente es de 1 a 2 años, dependiendo de cuánto le duren los síntomas agudos de la menopausia. Las contraindicaciones para este suplemento incluyen situaciones de alergia conocida a alguno de sus componentes, embarazo o lactancia sin previa consulta médica, y condiciones médicas preexistentes que podrían interactuar negativamente con los ingredientes del suplemento. Se recomienda encarecidamente consultar a un profesional de la salud antes de iniciar el uso de este producto, especialmente si se tienen condiciones médicas subyacentes o se están tomando otros medicamentos. Antes de iniciar el uso de este suplemento, consultar con un profesional de la salud, especialmente si hay condiciones médicas preexistentes, embarazo o lactancia. Se debe evitar su consumo en caso de alergia conocida a alguno de sus componentes. Si se están tomando medicamentos recetados, es importante informar al médico para evitar posibles interacciones. Mujeres embarazadas o lactantes deben obtener la aprobación médica antes de usarlo. Cualquier efecto secundario inesperado debe ser reportado, y se recomienda seguir estrictamente la dosis indicada. Este suplemento no reemplaza una dieta equilibrada y debe almacenarse adecuadamente, lejos del alcance de niños y mascotas. Estas precauciones buscan asegurar un uso seguro y efectivo del suplemento. Presentación Registro Sanitario Modo de uso Precauciones y Contraindicaciones No Producto a Pedido 1 Presentación Registro Sanitario Modo de uso Precauciones y Contraindicaciones Producto a Pedido Stock Security Campos Auxiliares Highlight Stock Security Con B-sitosterol, glucosinolatos y citroflavonoides. Alivia los síntomas menopáusicos, reduciendo bochornos. Disminuye el riesgo cardiovascular. Previene la osteoporosis.",,false_no_registro_sanitario,,
Farmacia Universal,Medihealth Cetopic Vitamina C 22% Serum - Frasco 30 ml,Medihealth Cetopic Vitamina C 22% Serum 30 ml Precio + Delivery Gratis,,139.90,PEN,unavailable,https://www.farmaciauniversal.com/medihealth-cetopic-vitamina-c-22-porciento-serum-frasco-30-ml/p,25132,Medihealth,vtex_catalog_search,2026-06-08T01:12:03.091708+00:00,,"/Dermocosmética/Serums y Ampollas/Antipigmentación/ /Dermocosmética/Serums y Ampollas/ /Dermocosmética/ /6/174/198/ /6/174/ /6/ Frasco 30 ml NSOC9531019CO Aplicar una vez al día sobre la piel limpia y seca, preferentemente por la noche. Dispensar Cetopic Serum sobre la palma de la mano y aplicar con la yema de los dedos sobre rostro, cuello y escote. Usar protector solar durante el día. Para uso externo únicamente. Evitar el contacto con los ojos o mucosas, en caso de contacto enjuague abundantemente con agua. Almacenar a una temperatura ambiente inferior a 30°C. Manténgase fuera del alcance de los niños. Si observa alguna reacción desfavorable, suspenda su uso y consulte al médico. Consultar otras precauciones y advertencias contenidas en el inserto de este producto. Presentación Registro Sanitario Modo de uso Precauciones y Contraindicaciones No Producto a Pedido 0 Presentación Registro Sanitario Modo de uso Precauciones y Contraindicaciones Producto a Pedido Stock Security Campos Auxiliares Highlight Stock Security Cetopic Serum es una fórmula de activos en muy alta concentración (Vitamina C 22%) que brinda beneficios frente a la hiperpigmentación (manchas oscuras), pérdida de firmeza y elasticidad de la piel, previniendo el envejecimiento prematuro.",,false_no_registro_sanitario,,
Farmacia Universal,Pack x 30 Pediasure Bebible Sabor Vainilla 220 ml c/u,Pack x 30 Pediasure Bebible Sabor Vainilla 220 ml c/u Precio + Delivery Gratis,,302.40,PEN,unavailable,https://www.farmaciauniversal.com/pack-x-30-pediasure-bebible-sabor-vainilla-220-ml-c-u/p,99245,Pediasure,vtex_catalog_search,2026-06-08T01:12:03.094779+00:00,,"/Cuidado Infantil/Nutrición Infantil/Fórmulas Infantiles/ /Cuidado Infantil/Nutrición Infantil/ /Cuidado Infantil/ /5/151/167/ /5/151/ /5/ Pack Promocional I4550721ENAABLB Listo para usar. AGITAR BIEN. Una vez abierto, tapar y refrigerar. Desechar si no se utiliza dentro de las 24 horas. Una vez abierto, tapar y refrigerar. Desechar si no se utiliza dentro de las 24 horas. Presentación Registro Sanitario Modo de uso Precauciones y Contraindicaciones No Producto a Pedido Presentación Registro Sanitario Modo de uso Precauciones y Contraindicaciones Producto a Pedido Campos Auxiliares Highlight PediaSure está recomendado para niños: Con patrones de crecimiento por debajo de los de su misma edad. Con requisitos nutricionales y calóricos incrementados. Con desnutrición o ingesta reducida de alimentos por disminución del apetito. Consulte a su médico acerca de las necesidades de alimentación específificas de su. hijo. Con 5 grupos de nutrientes que apoyan el crecimiento y desarrollo.",,false_no_registro_sanitario,,
Farmacia Universal,Eucerin Hyaluron Filler 3x Effect Vitamin C Booster Serum - Frasco 8 ml,Eucerin Hyaluron Filler 3x Effect Vitamin C Booster Serum 8 ml Precio + Delivery Gratis,,104.90,PEN,unavailable,https://www.farmaciauniversal.com/eucerin-hyaluron-filler-3x-effect-vitamin-c-booster-serum-frasco-8-ml/p,28728,Eucerin,vtex_catalog_search,2026-06-08T01:12:03.095064+00:00,,"/Dermocosmética/Serums y Ampollas/Antiedad/ /Dermocosmética/Serums y Ampollas/ /Dermocosmética/ /6/174/197/ /6/174/ /6/ Frasco 8 ml NSOC9062319CO Retira la lámina de aluminio de protección, pero deja el tapón puesto. Presiona el pulsador inferior 2 o 3 veces para liberar la vitamina C. Agita el dispensador durante al menos 10 segundos para activar la fórmula. Retire el tapón girándolo. Pon el recipiente boca abajo y presiona el pulsador inferior para liberar la fórmula. Uso externo. Evite el contacto con los ojos. Puede presentarse picazón/picor. Si observa alguna reacción desfavorable, irritación o sarpullido, suspenda su uso; si persiste, consulte a su médico. El Ácido Áscórbico puede aumentar la sensibilidad de la piel al sol y el riesgo de quemaduras solares. Mientras usa este producto: protéjase y limite la exposición al sol. Producto cosmético sin acción terapéutica. Mantener fuera del alcance de los niños. Presentación Registro Sanitario Modo de uso Precauciones y Contraindicaciones No Producto a Pedido 0 Presentación Registro Sanitario Modo de uso Precauciones y Contraindicaciones Producto a Pedido Stock Security Campos Auxiliares Highlight Stock Security Serum Anti-Edad. Con un 10% de Vitamina C pura y recién activada. Para todo tipo de piel. Fortalece y alisa la piel mientras rellena las arrugas. La piel luce más fresca y radiante en sólo siete días.",,false_no_registro_sanitario,,
Farmacia Universal,Skeyndor Power C+ Serum Iluminador - Frasco 30 ml,Skeyndor Power C+ Serum Iluminador 30 ml Precio + Delivery Gratis,,347.01,PEN,unavailable,https://www.farmaciauniversal.com/skeyndor-power-c-serum-iluminador-frasco-30-ml/p,28406,Skeyndor,vtex_catalog_search,2026-06-08T01:12:03.095375+00:00,,"/Dermocosmética/Serums y Ampollas/Antipigmentación/ /Dermocosmética/Serums y Ampollas/ /Dermocosmética/ /6/174/198/ /6/174/ /6/ Frasco 30 ml NSOC5865723PE Extender suavemente unas gotas sobre la piel limpia del rostro y escote. No aplicar en ojos ni mucosas. Usar una vez al día, preferentemente de noche. No aplicar en ojos ni mucosas. Usar una vez al día, preferentemente de noche. Presentación Registro Sanitario Modo de uso Precauciones y Contraindicaciones No Producto a Pedido 1 Presentación Registro Sanitario Modo de uso Precauciones y Contraindicaciones Producto a Pedido Stock Security Campos Auxiliares Highlight Stock Security Serum con triple acción antioxidante con vitamina C y extracto de granada y açaí que actúa como escudo contra el foto envejecimiento cutáneo y aporta un intenso “efecto luz” sobre el rostro.",,false_no_registro_sanitario,,
Farmacia Universal,Pack x 20 Pediasure Bebible Sabor Vainilla 220 ml c/u,Pack x 20 Pediasure Bebible Sabor Vainilla 220 ml c/u Precio + Delivery Gratis,,224.00,PEN,unavailable,https://www.farmaciauniversal.com/pack-x-20-pediasure-bebible-sabor-vainilla-220-ml-c-u/p,99272,Pediasure,vtex_catalog_search,2026-06-08T01:12:03.095687+00:00,,"/Cuidado Infantil/Nutrición Infantil/Fórmulas Infantiles/ /Cuidado Infantil/Nutrición Infantil/ /Cuidado Infantil/ /5/151/167/ /5/151/ /5/ Pack Promocional I4550721ENAABLB Listo para usar. AGITAR BIEN. Una vez abierto, tapar y refrigerar. Desechar si no se utiliza dentro de las 24 horas. Una vez abierto, tapar y refrigerar. Desechar si no se utiliza dentro de las 24 horas. Presentación Registro Sanitario Modo de uso Precauciones y Contraindicaciones No Producto a Pedido Vainilla Sabor Presentación Registro Sanitario Modo de uso Precauciones y Contraindicaciones Producto a Pedido Sabor Campos Auxiliares Highlight Filtros PediaSure está recomendado para niños: Con patrones de crecimiento por debajo de los de su misma edad. Con requisitos nutricionales y calóricos incrementados. Con desnutrición o ingesta reducida de alimentos por disminución del apetito. Consulte a su médico acerca de las necesidades de alimentación específificas de su. hijo. Con 5 grupos de nutrientes que apoyan el crecimiento y desarrollo.",,false_no_registro_sanitario,,
Farmacia Universal,Skeyndor Power C+ Contorno de Ojos - Frasco 15 ml,Skeyndor Power C+ Contorno de Ojos 15 ml Precio + Delivery Gratis,,200.89,PEN,unavailable,https://www.farmaciauniversal.com/skeyndor-power-c-contorno-de-ojos-frasco-15-ml/p,28405,Skeyndor,vtex_catalog_search,2026-06-08T01:12:03.099105+00:00,,/Dermocosmética/Hidratación Facial/Contorno de Ojos/ /Dermocosmética/Hidratación Facial/ /Dermocosmética/ /6/170/183/ /6/170/ /6/ Frasco 15 ml NSOC5777623PE Aplicar una pequeña cantidad de producto alrededor de los ojos realizando un suave masaje de dentro hacia fuera. No aplicar en ojos ni mucosas. Presentación Registro Sanitario Modo de uso Precauciones y Contraindicaciones No Producto a Pedido Presentación Registro Sanitario Modo de uso Precauciones y Contraindicaciones Producto a Pedido Campos Auxiliares Highlight Gel cremoso para el contorno de ojos con vitamina C de alta absorción y extracto de granada. Tratamiento descongestivo con una combinación antioxidante para un efecto luz más radiante.,,false_no_registro_sanitario,,
Farmacia Universal,Skeyndor Power C+ Crema Energizante SPF15 - Pote 15 ml,Skeyndor Power C+ Crema Energizante SPF15 15 ml Precio + Delivery Gratis,,296.83,PEN,unavailable,https://www.farmaciauniversal.com/skeyndor-power-c-crema-energizante-spf15-pote-15-ml/p,28385,Skeyndor,vtex_catalog_search,2026-06-08T01:12:03.099346+00:00,,"/Dermocosmética/Hidratación Facial/Cremas Hidratantes/ /Dermocosmética/Hidratación Facial/ /Dermocosmética/ /6/170/180/ /6/170/ /6/ Pote 15 ml NSOC5949923PE Después de la limpieza habitual, extender una pequeña cantidad de crema energizante mediante suaves movimientos circulares. No aplicar en ojos ni mucosas. No aplicar en ojos ni mucosas. Presentación Registro Sanitario Modo de uso Precauciones y Contraindicaciones No Producto a Pedido Presentación Registro Sanitario Modo de uso Precauciones y Contraindicaciones Producto a Pedido Campos Auxiliares Highlight Crema antioxidante de día que aporta un efecto luz sobre la piel. Formulada con vitamina C de alta absorción y extracto de granada, una combinación antioxidante para un efecto luz más radiante.",,false_no_registro_sanitario,,
Farmacia Universal,Skeyndor Power C+ Emulsión Energizante - Pote 15 ml,Skeyndor Power C+ Emulsión Energizante 15 ml Precio + Delivery Gratis,,296.83,PEN,unavailable,https://www.farmaciauniversal.com/skeyndor-power-c-emulsion-energizante-pote-15-ml/p,28384,Skeyndor,vtex_catalog_search,2026-06-08T01:12:03.099879+00:00,,"/Dermocosmética/Hidratación Facial/Cremas Hidratantes/ /Dermocosmética/Hidratación Facial/ /Dermocosmética/ /6/170/180/ /6/170/ /6/ Pote 15 ml NSOC5808523PE Después de la limpieza habitual, extender una pequeña cantidad de emulsión facial mediante suaves movimientos circulares. No aplicar en ojos ni mucosas. No aplicar en ojos ni mucosas. Presentación Registro Sanitario Modo de uso Precauciones y Contraindicaciones No Producto a Pedido 1 Presentación Registro Sanitario Modo de uso Precauciones y Contraindicaciones Producto a Pedido Stock Security Campos Auxiliares Highlight Stock Security Emulsión facial con vitamina C de alta absorción y extracto de granada, combinación antioxidante para un efecto luz más radiante. Formulado para iluminar y unificar el tono de la piel.",,false_no_registro_sanitario,,
Farmacia Universal,Neurobion DC 10 000 Solución Inyectable Jeringas Prellenadas - Caja 3 und,Neurobion DC 10 000 Solución Inyectable Jeringas Prellenadas 3 und,,150.81,PEN,unavailable,https://www.farmaciauniversal.com/neurobion-dc-10-000-solucion-inyectable-jeringas-prellenadas-caja-3-und/p,12593,Neurobion,vtex_catalog_search,2026-06-08T01:12:03.100404+00:00,,/Medicinas/Sistema Nervioso/Vitaminas Neuroprotectoras/ /Medicinas/Sistema Nervioso/ /Medicinas/ /2/416/432/ /2/416/ /2/ Caja 3 und EE07833 Presentación Registro Sanitario No Si No Producto a Pedido Requiere receta médica Requiere refrigeración 0 Presentación Registro Sanitario Producto a Pedido Requiere receta médica Requiere refrigeración Stock Security Campos Auxiliares Highlight Stock Security De venta con receta médica. Evite automedicarse. Usar según indicaciones de su médico tratante.,,false_no_registro_sanitario,,
Farmacia Universal,La Roche Posay Pure Vitamin C10 Serum - Frasco 30 ml,La Roche Posay Pure Vitamin C10 Serum 30 ml Precio + Delivery Gratis,,205.90,PEN,unavailable,https://www.farmaciauniversal.com/la-roche-posay-pure-vitamin-c10-serum-frasco-30-ml/p,23978,La Roche Posay,vtex_catalog_search,2026-06-08T01:12:03.101322+00:00,,"/Dermocosmética/Serums y Ampollas/Antipigmentación/ /Dermocosmética/Serums y Ampollas/ /Dermocosmética/ /6/174/198/ /6/174/ /6/ Frasco 30 ml NSOC3793018PE Aplícalo sobre el rostro y el cuello por la mañana. Evita el área de los ojos. Úsalo junto con un protector solar. Textura ligera de rápida absorción. Acabado aterciopelado no graso. Base de maquillaje óptima. Evitar el contacto con los ojos. Mantener fuera del alcance de los niños. En caso de alguna reacción no favorable, suspender su uso. Presentación Registro Sanitario Modo de uso Precauciones y Contraindicaciones No Producto a Pedido 0 Presentación Registro Sanitario Modo de uso Precauciones y Contraindicaciones Producto a Pedido Stock Security Campos Auxiliares Highlight Stock Security La Roche Posay Pure Vitamin C10 es un renovador antienvejecimiento único en alta concentración de vitamina C pura para iluminar y reafirmar la piel. Ácido salicílico, que incrementa la penetración de vitamina C para una mayor eficacia y neurosensina calmante. Todo ello formulado a un pH fisiológico, que lo hace apto incluso para una piel sensible.",,false_no_registro_sanitario,,
Farmacia Universal,Enat Crema - Tubo 50 g,Enat Crema 50 g Precio + Delivery Gratis,,58.00,PEN,unavailable,https://www.farmaciauniversal.com/enat-crema-tubo-50-g/p,29301,Mega We Care,vtex_catalog_search,2026-06-08T01:12:03.101632+00:00,,"/Medicinas/Cuidado Dermatológico/Cicatrizantes y Regeneradores/ /Medicinas/Cuidado Dermatológico/ /Medicinas/ /2/42/63/ /2/42/ /2/ Tubo 50 g NSOC0130009PE Aplicar la crema ENAT a cara, frente, alrededor de los ojos y el cuello, masajeando suavemente con la yema de los dedos con movimientos circular hacia arriba antes de acostarse. Uso de día y noche. No irrita la piel. No presenta al ser un cosmético Presentación Registro Sanitario Modo de uso Precauciones y Contraindicaciones No No No Producto a Pedido Requiere receta médica Requiere refrigeración 0 Presentación Registro Sanitario Modo de uso Precauciones y Contraindicaciones Producto a Pedido Requiere receta médica Requiere refrigeración Stock Security Campos Auxiliares Highlight Stock Security Enat crema es un hidratante tópico de composición natural, especialmente formulado para pacientes con xerosis. Con una fórmula enriquecida de vitamina E, vitamina A, aceite de jojoba y extracto de caléndula. Proporciona un cuidado natural y efectivo para la piel.",,false_no_registro_sanitario,,
Farmacia Universal,La Roche Posay Pure Vitamin C12 Oil Control Serum - Frasco 30 ml,La Roche Posay Pure Vitamin C12 Oil Control Serum 30 ml Precio + Delivery Gratis,,214.90,PEN,unavailable,https://www.farmaciauniversal.com/la-roche-posay-pure-vitamin-c12-oil-control-serum-frasco-30-ml/p,30776,La Roche Posay,vtex_catalog_search,2026-06-08T01:12:03.103277+00:00,,"/Dermocosmética/Serums y Ampollas/Antipigmentación/ /Dermocosmética/Serums y Ampollas/ /Dermocosmética/ /6/174/198/ /6/174/ /6/ Frasco 30 ml NSOC3138524CO Aplicar por la mañana sobre la piel limpia y seca del rostro y cuello, evitando el contorno de los ojos. Se recomienda el uso de protector solar durante el día. Para obtener mejores resultados, utilizar de forma continua. Uso externo únicamente. Evitar el contacto con los ojos. La vitamina C pura puede oxidarse y cambiar de color; esto no afecta su eficacia. En caso de irritación, suspender su uso y consultar a un dermatólogo. Presentación Registro Sanitario Modo de uso Precauciones y Contraindicaciones No Producto a Pedido 0 Presentación Registro Sanitario Modo de uso Precauciones y Contraindicaciones Producto a Pedido Stock Security Campos Auxiliares Highlight Stock Security La Roche-Posay Pure Vitamin C12 Serum es un sérum facial de acción antioxidante, formulado con un 12% de vitamina C pura, ácido salicílico y Neurosensine™. Diseñado para ayudar a mejorar la luminosidad y la textura de la piel, este sérum contribuye a suavizar la apariencia de arrugas y líneas de expresión. Su textura ligera se absorbe fácilmente, dejando la piel con un aspecto más uniforme, hidratado y radiante.",,false_no_registro_sanitario,,
Farmacia Universal,Taski Aceite de Aguaje - Frasco 30 ml,Taski Aceite de Aguaje 30 ml Precio + Delivery Gratis,,42.00,PEN,unavailable,https://www.farmaciauniversal.com/taski-aceite-de-aguaje-frasco-30-ml/p,31509,Dinoa,vtex_catalog_search,2026-06-08T01:12:03.456283+00:00,,"/Productos Saludables/Medicina Herbal/ /Productos Saludables/ /9/275/ /9/ Frasco 30 ml C1904125NNANROL Tomar de 3 a 4 gotas por vía sublingual por la mañana o por la noche, según preferencia. No utilizar en caso de hipersensibilidad a alguno de los componentes del producto. En caso de padecer enfermedades crónicas, estar embarazada o en periodo de lactancia, se recomienda consultar previamente con un profesional de salud. Mantener fuera del alcance de los niños. Presentación Registro Sanitario Modo de uso Precauciones y Contraindicaciones No Producto a Pedido Presentación Registro Sanitario Modo de uso Precauciones y Contraindicaciones Producto a Pedido Campos Auxiliares Highlight El Aceite de Aguaje es un extracto natural obtenido del fruto amazónico aguaje, conocido por su contenido de betacarotenos (vitamina A) y aceites naturales. Este producto se utiliza como complemento nutricional dentro de una dieta balanceada y puede contribuir al cuidado de la piel, ayudando a mantener su apariencia saludable y elástica. Asimismo, su contenido natural de fitoestrógenos y ácidos grasos se asocia con el bienestar femenino, y puede apoyar el cuidado del cabello y el fortalecimiento de las uñas.",,false_no_registro_sanitario,,
Farmacia Universal,Eat It! Multivitamínico Gomitas Sabor Piña - Frasco 60 und,Eat It! Multivitamínico Gomitas Sabor Piña 60 und Precio + Delivery Gratis,,49.00,PEN,available,https://www.farmaciauniversal.com/eat-it-multivitaminico-gomitas-sabor-pinia-frasco-60-und/p,29352,Eat It,vtex_catalog_search,2026-06-08T01:12:04.491450+00:00,10,"/Vitaminas y Suplementos/Multivitamínicos/Adultos/ /Vitaminas y Suplementos/Multivitamínicos/ /Vitaminas y Suplementos/ /1/344/350/ /1/344/ /1/ Frasco 60 und G7702423N NANTIN Ingerir 1 o 2 gomitas diarias, después de los alimentos. Almacenar en lugar fresco y seco, lejos de la luz solar directa. Se recomienda almacenar a temperaturas menores a los 25°C. Presentación Registro Sanitario Modo de uso Precauciones y Contraindicaciones No Producto a Pedido 0 Presentación Registro Sanitario Modo de uso Precauciones y Contraindicaciones Producto a Pedido Stock Security Campos Auxiliares Highlight Stock Security Gomitas de gelatina con vitaminas A,B, C, D y E. Formulado con una amplia gama de vitaminas que favorecen el correcto desarrollo de los huesos y el cerebro. Ayudan a prevenir la anemia, mejorar el peso y el crecimiento de los niños. Ayudan a fortalecer el sistema inmunológico. Sabor a piña.",,false_no_registro_sanitario,,
Farmacia Universal,Pediasure 10+ en Polvo Sabor Vainilla - Lata 850 g,Pediasure 10+ en Polvo Sabor Vainilla 850 g Precio + Delivery Gratis,,102.00,PEN,available,https://www.farmaciauniversal.com/pediasure-10-en-polvo-sabor-vainilla-lata-850-g/p,31078,Pediasure,vtex_catalog_search,2026-06-08T01:12:04.492542+00:00,10,"/Cuidado Infantil/Nutrición Infantil/Fórmulas Infantiles/ /Cuidado Infantil/Nutrición Infantil/ /Cuidado Infantil/ /5/151/167/ /5/151/ /5/ Lata 850 g P2835024E/NAABLB Para preparar una porción de aprox. 226 mL, vierta 190 mL de agua hervida fría o a temperatura ambiente en un vaso. A continuación, agregue gradualmente 5 medidas al ras (use la cuchara medidora incluida en la lata) o aprox. 50 g de PediaSure 10+ en polvo. Mezcle hasta disolver completamente. Consulte con su profesional de la salud. No usar en niños con galactosemia. Almacenar sin abrir a temperatura ambiente, en lugar fresco y seco (no refrigerar). Una vez abierta la lata, el contenido debe usarse dentro de las 3 semanas siguientes Presentación Registro Sanitario Modo de uso Precauciones y Contraindicaciones No Producto a Pedido Vainilla Sabor 1 Presentación Registro Sanitario Modo de uso Precauciones y Contraindicaciones Producto a Pedido Sabor Stock Security Campos Auxiliares Highlight Filtros Stock Security PediaSure 10+ está diseñado con nutrientes para apoyar la alimentación durante o entre comidas para adolescentes de 10 a 15 años.",,false_no_registro_sanitario,,
Farmacia Universal,GeroMucovit Max Cápsulas - Caja 100 und,GeroMucovit Max Cápsulas 100 und Precio + Delivery Gratis,,149.00,PEN,available,https://www.farmaciauniversal.com/geromucovit-max-capsulas-caja-100-und/p,30889,Hersil,vtex_catalog_search,2026-06-08T01:12:04.496972+00:00,10,"/Vitaminas y Suplementos/Multivitamínicos/Adultos/ /Vitaminas y Suplementos/Multivitamínicos/ /Vitaminas y Suplementos/ /1/344/350/ /1/344/ /1/ Caja 100 und DN0705 Para adultos, mayores de 19 años, tomar una cápsula al día. No exceder la dosis diaria recomendada. Debido a su alto contenido de vitaminas, especialmente vitamina A y vitaminas del complejo B, no se recomienda su uso prolongado sin supervisión médica. No utilizar durante el embarazo o lactancia sin indicación profesional. No sustituye una alimentación balanceada ni tratamientos médicos. Presentación Registro Sanitario Modo de uso Precauciones y Contraindicaciones No Producto a Pedido 0 Presentación Registro Sanitario Modo de uso Precauciones y Contraindicaciones Producto a Pedido Stock Security Campos Auxiliares Highlight Stock Security GeroMucovit Max es un suplemento multivitamínico de alta concentración formulado con vitaminas A, complejo B, vitamina C y vitamina E, nutrientes que participan en funciones clave como el metabolismo energético, el funcionamiento del sistema nervioso y la protección celular frente al estrés oxidativo. Gracias a su combinación de vitaminas, puede ser un apoyo nutricional en etapas de mayor desgaste físico o mental, periodos de recuperación o cuando la alimentación no cubre completamente los requerimientos diarios, siempre como complemento de una dieta equilibrada y bajo recomendación profesional.",,false_no_registro_sanitario,,
Farmacia Universal,Similac 3 con mezcla de 5HMOs - Caja 1.4 kg,Similac 3 con mezcla de 5HMOs 1.4 kg Precio + Delivery Gratis,,141.00,PEN,available,https://www.farmaciauniversal.com/similac-3-con-mezcla-de-5hmos-caja-14-kg/p,20701,Similac,vtex_catalog_search,2026-06-08T01:12:04.497983+00:00,10,"/Cuidado Infantil/Nutrición Infantil/Fórmulas Infantiles/ /Cuidado Infantil/Nutrición Infantil/ /Cuidado Infantil/ /5/151/167/ /5/151/ /5/ Caja 1.4 kg I4100222ENAABLB Llene 1 cuchara medidora (incluida en la lata) al ras de Isomil® en 2 Oz. fl. de agua hervida fría o tibia. Consulte al profesional de la salud sobre las cantidades que el lactante debe consumir. Si usted prepara más de una porción de la fórmula, debe mantenerse refrigerada entre 2 °C a 4°C y debe ser consumida dentro de las 24 horas siguientes. Una vez iniciada la alimentación, úsela dentro de la hora siguiente o deséchela. Al preparar la fórmula es importante que siga las instrucciones de higiene, preparación y almacenamiento. Almacene la lata sin abrir a temperatura ambiente en lugar fresco y seco. Una vez abierta, su contenido debe usarse dentro de las tres semanas siguientes (no refrigerar). Aviso importante: La leche materna es el mejor alimento para el lactante. La información contenida en esta sección no pretende/intenta realizar comparaciones con la leche materna. Una buena nutrición de la madre es importante para la reparación y el mantenimiento de la lactancia. Para el uso de fórmulas infantiles siga las recomendaciones del profesional de la salud. Presentación Registro Sanitario Modo de uso Precauciones y Contraindicaciones No Producto a Pedido Presentación Registro Sanitario Modo de uso Precauciones y Contraindicaciones Producto a Pedido Campos Auxiliares Highlight Fórmula mejorada+ con mezcla de 5 HMOs*,25 vitaminas y minerales y nutrientes clave para: Fortalecer las defensas y sistema inmune de los niños. Apoyar una fácil digestión. Apoyar el crecimiento y desarrollo.",,false_no_registro_sanitario,,
Farmacia Universal,Natalben Lactancia Cápsulas - Caja 60 und,Natalben Lactancia Cápsulas 60 und Precio + Delivery Gratis,,57.00,PEN,available,https://www.farmaciauniversal.com/natalben-lactancia-capsulas-caja-60-und/p,24328,ITF Farmaceutica,vtex_catalog_search,2026-06-08T01:12:04.498247+00:00,10,"/Vitaminas y Suplementos/Multivitamínicos/Gestantes/ /Vitaminas y Suplementos/Multivitamínicos/ /Vitaminas y Suplementos/ /1/344/360/ /1/344/ /1/ Caja 60 und DE2505 Consumir 2 cápsulas al día, desde el inicio de la lactancia, junto con una dieta sana y equilibrada. No sustituye una alimentación balanceada. No exceder la dosis diaria recomendada. Consultar con un profesional de la salud antes de su uso, especialmente si se consumen otros suplementos. Mantener fuera del alcance de los niños. Presentación Registro Sanitario Modo de uso Precauciones y Contraindicaciones No Producto a Pedido 0 Presentación Registro Sanitario Modo de uso Precauciones y Contraindicaciones Producto a Pedido Stock Security Campos Auxiliares Highlight Stock Security Natalben Lactancia es un suplemento nutricional en cápsulas formulado para mujeres en etapa de lactancia. Contiene una combinación de vitaminas, minerales y otros nutrientes que ayudan a complementar los requerimientos nutricionales durante este periodo, como parte de una alimentación equilibrada.",,false_no_registro_sanitario,,
Farmacia Universal,More Calm Gomitas Sabor Arándanos - Frasco 50 und,More Calm Gomitas Sabor Arándanos 50 und Precio + Delivery Gratis,,38.87,PEN,available,https://www.farmaciauniversal.com/more-calm-gomitas-sabor-arandanos-frasco-50-und/p,28806,More,vtex_catalog_search,2026-06-08T01:12:04.499644+00:00,100,"/Vitaminas y Suplementos/Multivitamínicos/Relajantes/ /Vitaminas y Suplementos/Multivitamínicos/ /Vitaminas y Suplementos/ /1/344/351/ /1/344/ /1/ Frasco 50 und G6607321NNANNTR Consumir 2 gomitas al día. No recomendado para niños menores de 13 años, mujeres en etapa de embarazo y lactancia. Debe ser evitado en caso de hipertiroidismo. Evitar cuando se está bajo tratamiento farmacológico. Presentación Registro Sanitario Modo de uso Precauciones y Contraindicaciones No Producto a Pedido Arándano Sabor 1 Presentación Registro Sanitario Modo de uso Precauciones y Contraindicaciones Producto a Pedido Sabor Stock Security Campos Auxiliares Highlight Filtros Stock Security Gomitas de gelatina sabor arándano. Relajantes.",,false_no_registro_sanitario,,
Farmacia Universal,More Sleep Gomitas Sabor Cola - Frasco 50 und,More Sleep Gomitas Sabor Cola 50 und Precio + Delivery Gratis,,38.85,PEN,available,https://www.farmaciauniversal.com/more-sleep-gomitas-sabor-cola-frasco-50-und/p,28945,More,vtex_catalog_search,2026-06-08T01:12:04.500266+00:00,100,"/Vitaminas y Suplementos/Multivitamínicos/Relajantes/ /Vitaminas y Suplementos/Multivitamínicos/ /Vitaminas y Suplementos/ /1/344/351/ /1/344/ /1/ Frasco 50 und G6602321NNANNTR Consumir 2 gomitas al día. No recomendado para niños menores de 13 años, mujeres en etapa de embarazo y lactancia. Debe ser evitado en caso de hipertiroidismo. Evitar cuando se está bajo tratamiento farmacológico. Presentación Registro Sanitario Modo de uso Precauciones y Contraindicaciones No Producto a Pedido 1 Presentación Registro Sanitario Modo de uso Precauciones y Contraindicaciones Producto a Pedido Stock Security Campos Auxiliares Highlight Stock Security Gomitas de gelatina sabor cola. Ayudan a regular el sueño.",,false_no_registro_sanitario,,
Farmacia Universal,Geria Vita en Polvo Sabor Vainilla - Frasco 1 kg,Geria Vita en Polvo Sabor Vainilla 1 kg Precio + Delivery Gratis,,84.92,PEN,available,https://www.farmaciauniversal.com/geria-vita-en-polvo-sabor-vainilla-frasco-1-kg/p,29362,Power Factor,vtex_catalog_search,2026-06-08T01:12:04.501434+00:00,10,"/Vitaminas y Suplementos/Suplementos Nutricionales/Fórmulas para Adultos/ /Vitaminas y Suplementos/Suplementos Nutricionales/ /Vitaminas y Suplementos/ /1/12/28/ /1/12/ /1/ Frasco 1 kg P2986720NNAIDKT Diluir 3 cucharadas medidoras (30 g) en 250 ml de agua tibia o fría. Una vez abierto el envase, mantenerlo cerrado de manera hermética. Incluye cuchara medidora. No consumir en caso de hipersensibilidad a los ingredientes de la fórmula. Consérvese en un lugar fresco y seco. Presentación Registro Sanitario Modo de uso Precauciones y Contraindicaciones No Producto a Pedido 1 Presentación Registro Sanitario Modo de uso Precauciones y Contraindicaciones Producto a Pedido Stock Security Campos Auxiliares Highlight Stock Security “Geria Vita” es una mezcla homogénea en polvo a base de leche descremada, proteína aislada de soya, con colágeno, vitaminas y con sabor a vainilla. Físicamente, al ser diluido, se observará como una bebida clara, con un sabor ligeramente dulce y textura amigable. Está enriquecida con colágeno, proteína de soya, sangre en polvo (hemoglobina de vacuno) y demás vitaminas y minerales, especialmente para personas adultas que quieran mejorar la flexibilidad de sus articulaciones. Libre de materias extrañas. Producto apto para celíacos. Este producto es elaborado bajo las mejores condiciones de buenas prácticas de manipulación y con el seguimiento estricto de las normas y reglamentos técnicos sanitarios vigentes.",,false_no_registro_sanitario,,
Farmacia Universal,CherriVita Jarabe - Frasco 200 ml,CherriVita Jarabe 200 ml Precio + Delivery Gratis,,73.32,PEN,available,https://www.farmaciauniversal.com/cherrivita-jarabe-frasco-200-ml/p,31578,Qualispharma,vtex_catalog_search,2026-06-08T01:12:05.152258+00:00,10,"/Vitaminas y Suplementos/Multivitamínicos/Adultos/ /Vitaminas y Suplementos/Multivitamínicos/ /Vitaminas y Suplementos/ /1/344/350/ /1/344/ /1/ Frasco 200 ml DE5166 Adultos: tomar 15 ml una vez al día. Niños mayores de 4 años: tomar 5 ml una vez al día. Puede consumirse directamente o según indicación de un profesional de la salud. No exceder la porción diaria recomendada. No sustituye una dieta balanceada. En caso de embarazo, lactancia o tratamiento médico, consultar previamente con un profesional de la salud. Mantener fuera del alcance de los niños. Presentación Registro Sanitario Modo de uso Precauciones y Contraindicaciones No Producto a Pedido 0 Presentación Registro Sanitario Modo de uso Precauciones y Contraindicaciones Producto a Pedido Stock Security Campos Auxiliares Highlight Stock Security Suplemento Dietético",,false_no_registro_sanitario,,
Farmacia Universal,Nan 3 Optipro Fórmula Láctea Infantil - Lata 800 g,Nan 3 Optipro Fórmula Láctea Infantil 800 g Precio + Delivery Gratis,,67.49,PEN,available,https://www.farmaciauniversal.com/nan-3-optipro-formula-lactea-infantil-lata-800-g/p,18002,NAN,vtex_catalog_search,2026-06-08T01:12:05.157938+00:00,10,"/Cuidado Infantil/Nutrición Infantil/Fórmulas Infantiles/ /Cuidado Infantil/Nutrición Infantil/ /Cuidado Infantil/ /5/151/167/ /5/151/ /5/ Lata 800 g I1000516ENANSMR Seguir cuidadosamente las instrucciones del envase, con una apropiada higiene, preparación, dilución, uso y almacenamiento. Conservar la lata bien tapada, en un lugar fresco y seco a temperatura ambiente. Presentación Registro Sanitario Modo de uso Precauciones y Contraindicaciones No Producto a Pedido Neutro Lata 800 g Sabor Presentaciones 1 Presentación Registro Sanitario Modo de uso Precauciones y Contraindicaciones Producto a Pedido Sabor Presentaciones Stock Security Campos Auxiliares Highlight Filtros Stock Security Fórmula Infantil diseñada para niños mayores de 12 meses de edad como parte de la dieta líquida. Aporta una combinación única de ingredientes esenciales importantes para favorecer el desarrollo físico y mental del niño, según los requerimientos nutricionales para esta edad.",,false_no_registro_sanitario,,
Farmacia Universal,La Naturaleza y tu Salud Moringa + Espirulina - Frasco 150 g,La Naturaleza y tu Salud Moringa + Espirulina 150 g Precio + Delivery Gratis,,22.00,PEN,available,https://www.farmaciauniversal.com/la-naturaleza-y-tu-salud-moringa-espirulina-frasco-150-g/p,31463,La Naturaleza y tu Salud,vtex_catalog_search,2026-06-08T01:12:05.158913+00:00,10,"/Vitaminas y Suplementos/Suplementos Nutricionales/Fórmulas para Adultos/ /Vitaminas y Suplementos/Suplementos Nutricionales/ /Vitaminas y Suplementos/ /1/12/28/ /1/12/ /1/ Frasco 150 g E4641320NNAPOOG Consumir una cucharada 2 veces al día, mezclada con jugos, leche, yogurt u otras bebidas. No consumir durante el embarazo. En caso de lactancia, consultar con su médico antes de consumir. Mantener fuera del alcance de los niños. Presentación Registro Sanitario Modo de uso Precauciones y Contraindicaciones No Producto a Pedido 0 Presentación Registro Sanitario Modo de uso Precauciones y Contraindicaciones Producto a Pedido Stock Security Campos Auxiliares Highlight Stock Security La Naturaleza y tu Salud Moringa + Espirulina es una mezcla de origen vegetal que aporta nutrientes y compuestos bioactivos. Su consumo ayuda a complementar la alimentación diaria y puede contribuir al bienestar general, incluyendo el apoyo al equilibrio nutricional, digestivo y metabólico dentro de un estilo de vida saludable.",,false_no_registro_sanitario,,
Farmacia Universal,Ceregen Vit 10+ Solución Oral - Frasco 325 ml,Ceregen Vit 10+ Solución Oral 325 ml Precio + Delivery Gratis,,67.00,PEN,available,https://www.farmaciauniversal.com/ceregen-vit-10-solucion-oral-frasco-325-ml/p,22772,Dibrolax,vtex_catalog_search,2026-06-08T01:12:06.275641+00:00,10,"/Vitaminas y Suplementos/Multivitamínicos/Adultos/ /Vitaminas y Suplementos/Multivitamínicos/ /Vitaminas y Suplementos/ /1/344/350/ /1/344/ /1/ Frasco 325 ml DN0638 Para niños mayores de 10 años, se recomienda tomar de 1 a 3 cucharaditas al día durante el desayuno. Evitar tratamientos prolongados. Tener precaución en pacientes con régimen hiposódico. No utilizar en pacientes con enfermedades hepáticas, alcoholismo, epilepsia, trastornos cerebrales, durante el embarazo, lactancia o en niños. El alcohol puede alterar los efectos de otros medicamentos. No se debe conducir o manejar maquinaria mientras se esté en tratamiento con este producto. Presentación Registro Sanitario Modo de uso Precauciones y Contraindicaciones No Producto a Pedido 1 Presentación Registro Sanitario Modo de uso Precauciones y Contraindicaciones Producto a Pedido Stock Security Campos Auxiliares Highlight Stock Security Ceregen Vit 10 Solución Oral es una combinación de vitaminas del complejo B con minerales que te ayudan con el cansancio físico y mental, ayudando a mejorar la concentración y rendimiento.",,false_no_registro_sanitario,,
Farmacia Universal,Jalk Miel de Abeja - Pote 250 g,Jalk Miel de Abeja 250 g Precio + Delivery Gratis,,23.90,PEN,available,https://www.farmaciauniversal.com/jalk-miel-de-abeja-pote-250-g/p,9363,Jalk,vtex_catalog_search,2026-06-08T01:12:06.275890+00:00,100,"/Productos Saludables/Endulzantes/Miel de Abeja/ /Productos Saludables/Endulzantes/ /Productos Saludables/ /9/272/281/ /9/272/ /9/ Pote 250 g F6003812NNADSJL Puedes consumirlo directamente o diluirlo en agua, jugos, infusiones, o incluso usarlo como endulzante en tus alimentos favoritos. No administrar miel a menores de 1 año por riesgo de botulismo infantil. Conservar bien tapada en lugar fresco y seco. Personas con dietas restringidas en azúcares deben considerar su aporte calórico. Presentación Registro Sanitario Modo de uso Precauciones y Contraindicaciones No Producto a Pedido 1 Presentación Registro Sanitario Modo de uso Precauciones y Contraindicaciones Producto a Pedido Stock Security Campos Auxiliares Highlight Stock Security Jalk Miel de Abeja es un producto natural de origen apícola, rico en azúcares naturales, enzimas, vitaminas y minerales que brindan energía de manera inmediata. Es ideal para endulzar bebidas o comidas de forma natural, además de ser una alternativa nutritiva para quienes buscan mejorar su bienestar diario con un suplemento tradicional.",,false_no_registro_sanitario,,
Farmacia Universal,Mason Ácido Alfa Lipoico 600 mg Cápsulas - Frasco 30 und,Mason Ácido Alfa Lipoico 600 mg Cápsulas 30 und Precio + Delivery Gratis,,97.90,PEN,available,https://www.farmaciauniversal.com/mason-acido-alfa-lipoico-600-mg-capsulas-frasco-30-und/p,30457,Mason Natural,vtex_catalog_search,2026-06-08T01:12:06.277992+00:00,100,"/Vitaminas y Suplementos/Minerales y Otros/ /Vitaminas y Suplementos/ /1/10/ /1/ Frasco 30 und Ácido Alfa Lipoico 600 mg DE5199 Ingerir una cápsula al día, preferiblemente con alimentos, o según indicación de un profesional de la salud. No exceder la dosis recomendada. No utilizar como sustituto de una dieta equilibrada. Consultar con un profesional de la salud antes de su uso, especialmente en embarazo, lactancia o enfermedades preexistentes. Presentación Principio Activo Registro Sanitario Modo de uso Precauciones y Contraindicaciones No Producto a Pedido 1 Presentación Principio Activo Registro Sanitario Modo de uso Precauciones y Contraindicaciones Producto a Pedido Stock Security Campos Auxiliares Highlight Stock Security El ácido alfa lipoico es un antioxidante que se produce de forma natural en el cuerpo y también se encuentra en los alimentos. Se utiliza para descomponer los carbohidratos y generar energía.",,false_no_registro_sanitario,,
Farmacia Universal,Prothepa Cápsulas - Caja 100 und,Prothepa Cápsulas 100 und Precio + Delivery Gratis,,130.00,PEN,available,https://www.farmaciauniversal.com/prothepa-capsulas-caja-100-und/p,22317,Laboratorios Biosana,vtex_catalog_search,2026-06-08T01:12:06.278584+00:00,10,"/Vitaminas y Suplementos/Multivitamínicos/Digestivos/ /Vitaminas y Suplementos/Multivitamínicos/ /Vitaminas y Suplementos/ /1/344/352/ /1/344/ /1/ Caja 100 und N8303014N/NALBMG Consumir una cápsula tres veces al día después de los alimentos, acompañada de un vaso de agua, o según la recomendación de un profesional de la salud. No exceder la dosis diaria recomendada. Producto indicado únicamente para adultos. No se recomienda durante el embarazo ni la lactancia. En personas con enfermedades hepáticas graves, cálculos biliares o bajo tratamiento médico, su uso debe estar supervisado por un especialista. Mantener en un lugar fresco, seco y protegido de la luz solar directa. Presentación Registro Sanitario Modo de uso Precauciones y Contraindicaciones No Producto a Pedido 0 Presentación Registro Sanitario Modo de uso Precauciones y Contraindicaciones Producto a Pedido Stock Security Campos Auxiliares Highlight Stock Security Prothepa de Laboratorio Biosana es un suplemento en cápsulas elaborado a base de extractos vegetales deshidratados de hercampuri, alcachofa, agracejo, boldo y diente de león, enriquecido con vitaminas B6 y B12. Esta combinación de hierbas tradicionalmente se ha empleado como apoyo en la función hepática y digestiva, contribuyendo al cuidado del hígado y al bienestar general.",,false_no_registro_sanitario,,
Farmacia Universal,Alula Gold Comfort Kid Pack 200 g + 200 g - Pack 2 und,Alula Gold Comfort Kid 200 g + 200 g Delivery Gratis,,50.01,PEN,available,https://www.farmaciauniversal.com/alula-gold-comfort-kid-200-g-pack-2-und/p,30857,Alula Gold,vtex_catalog_search,2026-06-08T01:12:06.279050+00:00,100,"/Cuidado Infantil/Nutrición Infantil/Fórmulas Infantiles/ /Cuidado Infantil/Nutrición Infantil/ /Cuidado Infantil/ /5/151/167/ /5/151/ /5/ Pack 2 und I3000323ENASNNT Lávese bien las manos y utensilios usados en la preparación, hirviéndolos si es posible. Usar 1 medidor (6 g) de polvo por cada 30 ml de agua hervida y tibia, mezclar bien e ingerir sin demora. Si se prepara más de una porción, debe refrigerarse y consumirse dentro de las 2 horas siguientes. Desechar las porciones sobrantes. Verifique nuevamente la temperatura antes de ofrecer al niño. El uso de fórmulas debe ser supervisado por un profesional de salud. No sustituye la lactancia materna en menores de 2 años. Preparar en condiciones higiénicas adecuadas. Presentación Registro Sanitario Modo de uso Precauciones y Contraindicaciones No Producto a Pedido 0 Presentación Registro Sanitario Modo de uso Precauciones y Contraindicaciones Producto a Pedido Stock Security Campos Auxiliares Highlight Stock Security Alula Gold Comfort Kid es una fórmula infantil diseñada para niños pequeños, elaborada para cubrir necesidades nutricionales específicas durante etapas de crecimiento. Aporta proteínas, vitaminas y minerales esenciales para apoyar una dieta balanceada, especialmente en casos donde se busca complementar la alimentación regular.",,false_no_registro_sanitario,,
Farmacia Universal,Flexi Plus Sabor Naranja Sobres - Caja 30 und,Flexi Plus Sabor Naranja Sobres 30 und Precio + Delivery Gratis,,132.00,PEN,available,https://www.farmaciauniversal.com/flexi-plus-sabor-naranja-sobres-caja-30-und/p,22316,Laboratorios Biosana,vtex_catalog_search,2026-06-08T01:12:06.280148+00:00,10,"/Vitaminas y Suplementos/Multivitamínicos/Osteoarticulares/ /Vitaminas y Suplementos/Multivitamínicos/ /Vitaminas y Suplementos/ /1/344/354/ /1/344/ /1/ Caja 30 und P2868825N/NALBBO Disolver el contenido de un sobre en un vaso con agua y consumir preferiblemente por las mañanas. No exceder la dosis diaria recomendada. Indicado para adultos. Mantener en un lugar fresco, seco y protegido de la luz solar directa. Suspender su uso si se presentan reacciones adversas. Presentación Registro Sanitario Modo de uso Precauciones y Contraindicaciones No Producto a Pedido 1 Presentación Registro Sanitario Modo de uso Precauciones y Contraindicaciones Producto a Pedido Stock Security Campos Auxiliares Highlight Stock Security Flexi Plus es un suplemento en polvo instantáneo con agradable sabor a naranja. Su fórmula combina cúrcuma, cartílago de tiburón, colágeno hidrolizado, vitaminas y minerales, nutrientes que pueden contribuir al mantenimiento de la salud articular y al soporte de la movilidad. Su presentación en sobres facilita la preparación y el consumo diario como parte de un estilo de vida activo y equilibrado.",,false_no_registro_sanitario,,
Farmacia Universal,Speman Tabletas Recubiertas - Frasco 60 und,Speman Tabletas Recubiertas 60 und Precio + Delivery Gratis,,144.50,PEN,available,https://www.farmaciauniversal.com/speman-tabletas-recubiertas-frasco-60-und/p,9196,Himalaya,vtex_catalog_search,2026-06-08T01:12:06.280387+00:00,1,"/Vitaminas y Suplementos/Multivitamínicos/Adultos/ /Vitaminas y Suplementos/Multivitamínicos/ /Vitaminas y Suplementos/ /1/344/350/ /1/344/ /1/ Frasco 60 und PNE1315 Consumir 2 tabletas, tres veces al día, o según recomendación de un profesional de salud. Conservar a temperatura menor de 30 °C y protegido de la luz. No refrigerar. Mantener fuera del alcance de los niños. Los suplementos alimenticios no sustituyen una alimentación balanceada. Consultar con un profesional de salud antes de consumir si recibe tratamiento médico. Presentación Registro Sanitario Modo de uso Precauciones y Contraindicaciones No Producto a Pedido 0 Presentación Registro Sanitario Modo de uso Precauciones y Contraindicaciones Producto a Pedido Stock Security Campos Auxiliares Highlight Stock Security Speman Tabletas Recubiertas es un suplemento herbal utilizado tradicionalmente como complemento para el bienestar del sistema reproductivo masculino. Su fórmula a base de extractos vegetales forma parte de productos orientados al cuidado integral masculino y puede utilizarse como apoyo dentro de hábitos saludables y una alimentación equilibrada. Su presentación en tabletas recubiertas facilita una administración práctica y cómoda.",,false_no_registro_sanitario,,
Farmacia Universal,Alula Gold Premium Comfort - Lata 900 g,Alula Gold Premium Comfort 900 g Precio + Delivery Gratis,,182.00,PEN,available,https://www.farmaciauniversal.com/alula-gold-premium-comfort-lata-900-g/p,30854,Alula Gold,vtex_catalog_search,2026-06-08T01:12:06.281693+00:00,10,"/Cuidado Infantil/Nutrición Infantil/Fórmulas Infantiles/ /Cuidado Infantil/Nutrición Infantil/ /Cuidado Infantil/ /5/151/167/ /5/151/ /5/ Lata 900 g I1014524ENASNNT Disolver 4 medidas rasas (aprox. 4,5g cada una) en 30ml de agua tibia (40°C), agitar hasta disolver y administrar según indicaciones pediátricas. Uso exclusivo bajo indicación médica, especialmente en casos de alergia o intolerancia. Mantener la lata bien cerrada en lugar fresco y seco. Descartar restos tras 1 mes de apertura. Preparar biberón justo antes de consumirlo. Presentación Registro Sanitario Modo de uso Precauciones y Contraindicaciones No Producto a Pedido 1 Presentación Registro Sanitario Modo de uso Precauciones y Contraindicaciones Producto a Pedido Stock Security Campos Auxiliares Highlight Stock Security Alula Gold Premium Comfort es una fórmula infantil especialmente diseñada para lactantes, elaborada con una combinación de nutrientes esenciales como vitaminas, minerales, nucleótidos y prebióticos FOS/GOS. Su composición busca contribuir con una digestión suave y apoyar el desarrollo integral del bebé. Presentación en lata con dosificador para un uso más práctico y seguro.",,false_no_registro_sanitario,,
Farmacia Universal,Vitafos Junior Complemento Alimentario Sabor Vainilla - Lata 800 g,Vitafos Junior Complemento Alimentario Sabor Vainilla 800 g Precio + Delivery Gratis,,124.68,PEN,available,https://www.farmaciauniversal.com/vitafos-junior-complemento-alimentario-sabor-vainilla-lata-800-g/p,17737,Vitafos,vtex_catalog_search,2026-06-08T01:12:06.281945+00:00,10,"/Cuidado Infantil/Nutrición Infantil/Fórmulas Infantiles/ /Cuidado Infantil/Nutrición Infantil/ /Cuidado Infantil/ /5/151/167/ /5/151/ /5/ Lata 800 g A3450124ENADSCN Para obtener una disolución estándar de 200 ml, agregue 4 cucharadas rasas de Vitafos Junior en un vaso con agua tibia (160 ml) y remueva el contenido con una cuchara hasta su completa disolución. No sustituye una dieta equilibrada. Utilizar bajo orientación de un especialista cuando existan condiciones médicas o necesidades nutricionales específicas. Conservar el envase cerrado y en lugar seco. Desechar el producto preparado que no se consuma inmediatamente. Presentación Registro Sanitario Modo de uso Precauciones y Contraindicaciones No Producto a Pedido Presentación Registro Sanitario Modo de uso Precauciones y Contraindicaciones Producto a Pedido Campos Auxiliares Highlight Vitafos Junior es un complemento alimentario en polvo sabor vainilla formulado para apoyar las necesidades nutricionales de niños que requieren un aporte extra de energía y nutrientes. Su textura suave y sabor agradable facilitan su consumo diario como parte de una alimentación equilibrada.",,false_no_registro_sanitario,,
Farmacia Universal,Blemil 2 Optimum ProTech - Lata 800 g,Blemil 2 Optimum ProTech 800 g Precio + Delivery Gratis,,160.01,PEN,available,https://www.farmaciauniversal.com/blemil-2-optimum-protech-lata-800-g/p,30649,Blemil,vtex_catalog_search,2026-06-08T01:12:06.282506+00:00,10,"/Cuidado Infantil/Nutrición Infantil/Fórmulas Infantiles/ /Cuidado Infantil/Nutrición Infantil/ /Cuidado Infantil/ /5/151/167/ /5/151/ /5/ Lata 800 g I1000224ENADSCN Disolver 4,5 g de polvo (1 cacito) en 30ml de agua tibia (40–45°C), agitar hasta disolver completamente y administrar inmediatamente. Este producto no debe utilizarse como sustituto de la leche materna . Uso exclusivo bajo indicación médica, especialmente en casos de alergia o intolerancia. Mantener la lata bien cerrada en lugar fresco y seco. Descartar restos tras 1 mes de apertura. Preparar biberón justo antes de consumirlo. Presentación Registro Sanitario Modo de uso Precauciones y Contraindicaciones No Producto a Pedido 0 Presentación Registro Sanitario Modo de uso Precauciones y Contraindicaciones Producto a Pedido Stock Security Campos Auxiliares Highlight Stock Security Blemil 2 Optimum ProTech es una fórmula de continuación para lactantes a partir de los 6 meses, que puede complementar una alimentación variada en esta etapa. Contiene proteínas, lípidos, prebióticos y otros nutrientes que contribuyen al aporte nutricional durante el desarrollo del bebé.",,false_no_registro_sanitario,,
Farmacia Universal,Alula Gold PDF Premium - Lata 400 g,Alula Gold PDF Premium 400 g Precio + Delivery Gratis,,94.55,PEN,available,https://www.farmaciauniversal.com/alula-gold-pdf-premium-lata-400-g/p,31083,Alula Gold,vtex_catalog_search,2026-06-08T01:12:06.282776+00:00,1,"/Cuidado Infantil/Nutrición Infantil/Fórmulas Infantiles/ /Cuidado Infantil/Nutrición Infantil/ /Cuidado Infantil/ /5/151/167/ /5/151/ /5/ Lata 400 g 11021424E NASNNT Lave bien sus manos y todos los utensilios. Hierva agua potable y déjela enfriar hasta aproximadamente 40 °C. Vierta la cantidad de agua en el biberón, añada la medida exacta de polvo según la tabla de alimentación del envase, cierre y agite bien hasta disolver. Consumir inmediatamente. La leche materna es el mejor alimento para los bebés. Este producto debe usarse bajo recomendación y supervisión médica. No reutilice restos de fórmula preparada. Almacenar en un lugar fresco y seco, bien cerrado y consumir dentro de 4 semanas después de abierto. Presentación Registro Sanitario Modo de uso Precauciones y Contraindicaciones No Producto a Pedido 1 Presentación Registro Sanitario Modo de uso Precauciones y Contraindicaciones Producto a Pedido Stock Security Campos Auxiliares Highlight Stock Security Alula Gold PDF Premium es una fórmula infantil especializada para bebés prematuros o con bajo peso al nacer. Su composición está enriquecida con nutrientes adicionales para apoyar un crecimiento y desarrollo óptimos desde los primeros días de vida.",,false_no_registro_sanitario,,
Farmacia Universal,Blemil 1 Optimum ProTech - Lata 800 g,Blemil 1 Optimum ProTech 800 g Precio + Delivery Gratis,,165.00,PEN,available,https://www.farmaciauniversal.com/blemil-1-optimum-protech-lata-800-g/p,30648,Blemil,vtex_catalog_search,2026-06-08T01:12:06.283031+00:00,10,"/Cuidado Infantil/Nutrición Infantil/Fórmulas Infantiles/ /Cuidado Infantil/Nutrición Infantil/ /Cuidado Infantil/ /5/151/167/ /5/151/ /5/ Lata 800 g I1001323ENADSCN Disolver la cantidad de polvo indicada en agua previamente hervida y tibia, siguiendo las recomendaciones del envase o del pediatra. Administrar en biberón limpio y esterilizado. La lactancia materna es el mejor alimento para el bebé. Este producto debe usarse bajo recomendación médica. Preparar justo antes de consumir y no reutilizar restos del biberón. Conservar en lugar fresco y seco, bien cerrado. Presentación Registro Sanitario Modo de uso Precauciones y Contraindicaciones No Producto a Pedido 0 Presentación Registro Sanitario Modo de uso Precauciones y Contraindicaciones Producto a Pedido Stock Security Campos Auxiliares Highlight Stock Security Blemil 1 Optimum ProTech es una leche para lactantes que satisface completamente las necesidades nutritivas del recién nacido desde su nacimiento hasta los 6 meses de edad. Aporta proteínas, carbohidratos, grasas saludables, vitaminas y minerales que contribuyen al adecuado crecimiento y desarrollo del bebé, con componentes que favorecen la digestión y el bienestar intestinal.",,false_no_registro_sanitario,,
Farmacia Universal,Alula Gold Etapa 2 Premium - Lata 400 g,Alula Gold Etapa 2 Premium 400 g Precio + Delivery Gratis,,82.00,PEN,available,https://www.farmaciauniversal.com/alula-gold-etapa-2-premium-lata-400-g/p,30861,Alula Gold,vtex_catalog_search,2026-06-08T01:12:06.284055+00:00,10,"/Cuidado Infantil/Nutrición Infantil/Fórmulas Infantiles/ /Cuidado Infantil/Nutrición Infantil/ /Cuidado Infantil/ /5/151/167/ /5/151/ /5/ Lata 400 g 11012924E NASNNT Lave bien sus manos y todos los utensilios. Hierva agua potable y déjela enfriar hasta aproximadamente 40 °C. Vierta la cantidad de agua en el biberón, añada la medida exacta de polvo según la tabla de alimentación del envase, cierre y agite bien hasta disolver. Consumir inmediatamente. La leche materna es el mejor alimento para los bebés. Este producto debe usarse bajo recomendación y supervisión médica. No reutilice restos de fórmula preparada. Almacenar en un lugar fresco y seco, bien cerrado y consumir dentro de 4 semanas después de abierto. Presentación Registro Sanitario Modo de uso Precauciones y Contraindicaciones No Producto a Pedido 1 Presentación Registro Sanitario Modo de uso Precauciones y Contraindicaciones Producto a Pedido Stock Security Campos Auxiliares Highlight Stock Security Alula Gold Etapa 2 Premium es una fórmula de continuación pensada para bebés de 6 a 12 meses, enriquecida con nutrientes que favorecen el crecimiento y fortalecen defensas.",,false_no_registro_sanitario,,
Farmacia Universal,Alula Gold Etapa 2 Premium - Lata 900 g,Alula Gold Etapa 2 Premium 900 g Precio + Delivery Gratis,,176.00,PEN,available,https://www.farmaciauniversal.com/alula-gold-etapa-2-premium-lata-900-g/p,30862,Alula Gold,vtex_catalog_search,2026-06-08T01:12:06.285425+00:00,100,"/Cuidado Infantil/Nutrición Infantil/Fórmulas Infantiles/ /Cuidado Infantil/Nutrición Infantil/ /Cuidado Infantil/ /5/151/167/ /5/151/ /5/ Lata 900 g 11012924E NASNNT Lave bien sus manos y todos los utensilios. Hierva agua potable y déjela enfriar hasta aproximadamente 40 °C. Vierta la cantidad de agua en el biberón, añada la medida exacta de polvo según la tabla de alimentación del envase, cierre y agite bien hasta disolver. Consumir inmediatamente. La leche materna es el mejor alimento para los bebés. Este producto debe usarse bajo recomendación y supervisión médica. No reutilice restos de fórmula preparada. Almacenar en un lugar fresco y seco, bien cerrado y consumir dentro de 4 semanas después de abierto. Presentación Registro Sanitario Modo de uso Precauciones y Contraindicaciones No Producto a Pedido Presentación Registro Sanitario Modo de uso Precauciones y Contraindicaciones Producto a Pedido Campos Auxiliares Highlight Alula Gold Etapa 2 Premium 900 g es una fórmula de continuación pensada para bebés de 6 a 12 meses, enriquecida con nutrientes que favorecen el crecimiento y fortalecen defensas.",,false_no_registro_sanitario,,
Farmacia Universal,Warmi Polvo Sabor Vainilla - Pote 330 g,Warmi Polvo Sabor Vainilla 330 g Precio + Delivery Gratis,,91.26,PEN,available,https://www.farmaciauniversal.com/warmi-polvo-sabor-vainilla-pote-330-g/p,5024,Warmi,vtex_catalog_search,2026-06-08T01:12:06.286948+00:00,10,"/Vitaminas y Suplementos/Multivitamínicos/Menopausia/ /Vitaminas y Suplementos/Multivitamínicos/ /Vitaminas y Suplementos/ /1/344/358/ /1/344/ /1/ Pote 330 g I7000210NNAHRSA Consumir dos cucharadas dosificadoras diarias, repartidas en una o dos tomas, disueltas en aproximadamente 200 ml de yogurt, leche o jugo. Puede observarse un sedimento oscuro tras su preparación, propio de las sales minerales del producto. No exceder la porción diaria recomendada. No sustituye una alimentación balanceada. En caso de embarazo, lactancia o tratamiento médico, consultar previamente con un profesional de la salud. Mantener fuera del alcance de los niños. Presentación Registro Sanitario Modo de uso Precauciones y Contraindicaciones No Producto a Pedido 1 Presentación Registro Sanitario Modo de uso Precauciones y Contraindicaciones Producto a Pedido Stock Security Campos Auxiliares Highlight Stock Security Warmi en polvo sabor vainilla es una fórmula nutricional diseñada especialmente para la mujer, utilizada como complemento alimenticio dentro de una dieta equilibrada. Aporta proteínas, vitaminas y minerales, además de compuestos de origen vegetal como glucosinolatos, betasitosterol y citroflavonoides, que forman parte de su composición nutricional.",,false_no_registro_sanitario,,
Farmacia Universal,Alula Gold Premium 0 a 12 Meses - Lata 900 g,Alula Gold Premium 0 a 12 Meses 900 g Precio + Delivery Gratis,,182.00,PEN,available,https://www.farmaciauniversal.com/alula-gold-premium-0-a-12-meses-lata-900-g/p,31534,Alula Gold,vtex_catalog_search,2026-06-08T01:12:07.161428+00:00,10,"/Cuidado Infantil/Nutrición Infantil/Fórmulas Infantiles/ /Cuidado Infantil/Nutrición Infantil/ /Cuidado Infantil/ /5/151/167/ /5/151/ /5/ Lata 900 g I1000625ENASNNT Lave perfectamente sus manos y todos los utensilios utilizados para la alimentación del bebé. Hierva los utensilios durante 5 minutos y manténgalos tapados hasta su utilización. Hierva agua potable durante 5 minutos y deje entibiar hasta aproximadamente 40 °C. Vierta la cantidad de agua indicada en el recipiente y agregue el número correcto de medidas de polvo utilizando la cuchara incluida, considerando una medida por cada 30 ml de agua. Agite bien hasta disolver completamente y verifique la temperatura antes de alimentar al bebé. La leche materna es el mejor alimento para el bebé. Este producto debe utilizarse bajo recomendación de un profesional de salud. Preparar solo la cantidad necesaria para cada toma y desechar cualquier sobrante. Mantener la lata bien cerrada en un lugar fresco y seco. Una preparación incorrecta puede afectar la salud del bebé. Presentación Registro Sanitario Modo de uso Precauciones y Contraindicaciones No Producto a Pedido Presentación Registro Sanitario Modo de uso Precauciones y Contraindicaciones Producto a Pedido Campos Auxiliares Highlight Alula Gold Premium 0 a 12 meses es una fórmula infantil en polvo desarrollada para apoyar la nutrición de bebés durante su primer año de vida. Su composición incluye nutrientes esenciales como proteínas, vitaminas y minerales que contribuyen al crecimiento y desarrollo normal del lactante dentro de una alimentación equilibrada indicada por el pediatra.",,false_no_registro_sanitario,,
Farmacia Universal,Enfamil Promental Anti Regurgitación - Lata 400 g,Enfamil Promental Anti Regurgitación 400 g Precio + Delivery Gratis,,114.23,PEN,unavailable,https://www.farmaciauniversal.com/enfamil-promental-anti-regurgitacion-lata-400-g/p,10679,Enfamil,vtex_catalog_search,2026-06-08T01:12:07.162515+00:00,,"/Cuidado Infantil/Nutrición Infantil/Fórmulas Infantiles/ /Cuidado Infantil/Nutrición Infantil/ /Cuidado Infantil/ /5/151/167/ /5/151/ /5/ Lata 400 g I1001313ENAMAJH Seguir cuidadosamente las instrucciones del envase, con una apropiada higiene, preparación, dilución, uso y almacenamiento. Conservar con la lata bien tapada, en un lugar fresco y seco a temperatura ambiente. Presentación Registro Sanitario Modo de uso Precauciones y Contraindicaciones No Producto a Pedido Neutro Lata 400 g Sabor Presentaciones 1 Presentación Registro Sanitario Modo de uso Precauciones y Contraindicaciones Producto a Pedido Sabor Presentaciones Stock Security Campos Auxiliares Highlight Filtros Stock Security Fórmula láctea diseñada para ayudar a reducir los vómitos pequeños frecuentes debido a su consistencia más espesa. Con DHA y ARA para apoyar el desarrollo del cerebro y los ojos del bebé.",,false_no_registro_sanitario,,
Farmacia Universal,Varimines Stress Polvo para Solución Oral Sobres - Caja 20 und,Varimines Stress Polvo para Solución Oral Sobres 20 und Precio + Delivery Gratis,,65.60,PEN,unavailable,https://www.farmaciauniversal.com/varimines-stress-polvo-para-solucion-oral-sobres-caja-20-und/p,10266,Atral Cipan,vtex_catalog_search,2026-06-08T01:12:07.164983+00:00,,"/Vitaminas y Suplementos/Multivitamínicos/Adultos/ /Vitaminas y Suplementos/Multivitamínicos/ /Vitaminas y Suplementos/ /1/344/350/ /1/344/ /1/ Caja 20 und DE2181 Adultos: tomar 1 sobre de Varimine Stress al día. Hipersensibilidad a cualquiera de los componentes y en el caso de enfermedad renal. En caso de presencia de sales de ácido oxálico en la orina, de tratamiento con levodopa o anemia. La orina tendrá un color amarillo intenso debido a las vitaminas contenidas en la composición. No superar la dosis diaria recomendada. Los productos dietéticos no deben utilizarse como sustituto de una dieta equilibrada. Manténganse fuera del alcance y de la vista de los niños. Este producto contiene tartrazina que puede producir reacciones alérgicas tipo angiodema, asma, urticaria y shock anafiláctico. Presentación Registro Sanitario Modo de uso Precauciones y Contraindicaciones No Producto a Pedido 0 Presentación Registro Sanitario Modo de uso Precauciones y Contraindicaciones Producto a Pedido Stock Security Campos Auxiliares Highlight Stock Security Varimine Stress Polvo es un complemento nutricional diseñado para mejorar los factores que influyen en la disfunción sexual tanto en hombres como en mujeres. Su fórmula única aborda aspectos clave como el nivel de energía, el equilibrio hormonal, la circulación sanguínea y la función nerviosa, contribuyendo así a optimizar la salud sexual. Además, este polvo auxilia en síntomas relacionados con la disminución de la capacidad de atención y concentración, proporcionando un aporte esencial de vitaminas y minerales para abordar deficiencias nutricionales. Varimine Stress Polvo se presenta como una solución integral para mejorar la salud sexual y abordar los desafíos asociados al estrés y la deficiencia de nutrientes.",,false_no_registro_sanitario,,
Farmacia Universal,Alula Gold Etapa 1 Premium - Lata 400 g,Alula Gold Etapa 1 Premium 400 g Precio + Delivery Gratis,,81.50,PEN,unavailable,https://www.farmaciauniversal.com/alula-gold-etapa-1-premium-lata-400-g/p,30855,Alula Gold,vtex_catalog_search,2026-06-08T01:12:07.165242+00:00,,"/Cuidado Infantil/Nutrición Infantil/Fórmulas Infantiles/ /Cuidado Infantil/Nutrición Infantil/ /Cuidado Infantil/ /5/151/167/ /5/151/ /5/ Lata 400 g 11014124E NASNNT Lave bien sus manos y todos los utensilios. Hierva agua potable y déjela enfriar hasta aproximadamente 40 °C. Vierta la cantidad de agua en el biberón, añada la medida exacta de polvo según la tabla de alimentación del envase, cierre y agite bien hasta disolver. Consumir inmediatamente. Uso bajo recomendación médica. No sustituye la lactancia materna. No reutilizar restos de fórmula preparada. Conservar en lugar fresco y seco, bien tapado, y consumir dentro de 4 semanas tras la apertura. Presentación Registro Sanitario Modo de uso Precauciones y Contraindicaciones No Producto a Pedido Presentación Registro Sanitario Modo de uso Precauciones y Contraindicaciones Producto a Pedido Campos Auxiliares Highlight Alula Gold Etapa 1 Premium 400 g es una fórmula de inicio para bebés desde 0 hasta 6 meses. Elaborada con nutrientes esenciales, ayuda a favorecer el crecimiento, desarrollo cognitivo y digestión adecuada en los primeros meses de vida. Presentación práctica para uso diario.",,false_no_registro_sanitario,,
Farmacia Universal,Cys Berry 500 mg Cápsulas - Caja 100 und,Cys Berry 500 mg Cápsulas 100 und Precio + Delivery Gratis,,111.98,PEN,unavailable,https://www.farmaciauniversal.com/cys-berry-500-mg-capsulas-caja-100-und/p,20341,Biomonk,vtex_catalog_search,2026-06-08T01:12:07.165496+00:00,,"/Vitaminas y Suplementos/Multivitamínicos/Urológicos/ /Vitaminas y Suplementos/Multivitamínicos/ /Vitaminas y Suplementos/ /1/344/353/ /1/344/ /1/ Caja 100 und N8328019NNANVSA Tomar una cápsula al día, preferiblemente con alimentos, o según indicación de un profesional de la salud. No exceder la dosis recomendada. No utilizar como sustituto de una dieta equilibrada. Consultar con un profesional de la salud antes de su uso, especialmente en embarazo, lactancia o condiciones médicas preexistentes. Presentación Registro Sanitario Modo de uso Precauciones y Contraindicaciones No Producto a Pedido 1 Presentación Registro Sanitario Modo de uso Precauciones y Contraindicaciones Producto a Pedido Stock Security Campos Auxiliares Highlight Stock Security Cys Berry es un suplemento a base de extracto de arándano rojo americano, conocido por sus propiedades antioxidantes y su apoyo en la salud del tracto urinario. Ayuda a prevenir infecciones urinarias recurrentes y promover el bienestar general.",,false_no_registro_sanitario,,
Farmacia Universal,Alula Gold Etapa 1 Premium - Lata 900 g,Alula Gold Etapa 1 Premium 900 g Precio + Delivery Gratis,,175.00,PEN,unavailable,https://www.farmaciauniversal.com/alula-gold-etapa-1-premium-lata-900-g/p,30811,Alula Gold,vtex_catalog_search,2026-06-08T01:12:07.167317+00:00,,"/Cuidado Infantil/Nutrición Infantil/Fórmulas Infantiles/ /Cuidado Infantil/Nutrición Infantil/ /Cuidado Infantil/ /5/151/167/ /5/151/ /5/ Lata 900 g 11014124E NASNNT Lave bien sus manos y todos los utensilios. Hierva agua potable y déjela enfriar hasta aproximadamente 40 °C. Vierta la cantidad de agua en el biberón, añada la medida exacta de polvo según la tabla de alimentación del envase, cierre y agite bien hasta disolver. Consumir inmediatamente. Uso bajo recomendación médica. No sustituye la lactancia materna. No reutilizar restos de fórmula preparada. Conservar en lugar fresco y seco, bien tapado, y consumir dentro de 4 semanas tras la apertura. Presentación Registro Sanitario Modo de uso Precauciones y Contraindicaciones No Producto a Pedido 1 Presentación Registro Sanitario Modo de uso Precauciones y Contraindicaciones Producto a Pedido Stock Security Campos Auxiliares Highlight Stock Security Alula Gold Etapa 1 Premium es una fórmula infantil de inicio diseñada para bebés desde el nacimiento hasta los 6 meses. Ofrece una nutrición completa con vitaminas, minerales y proteínas de alta calidad, favoreciendo un crecimiento saludable.",,false_no_registro_sanitario,,
Farmacia Universal,Alula Gold Etapa 1 Premium - Lata 200 g,Alula Gold Etapa 1 Premium 200 g Precio + Delivery Gratis,,45.00,PEN,unavailable,https://www.farmaciauniversal.com/alula-gold-etapa-1-premium-lata-200-g/p,30858,Alula Gold,vtex_catalog_search,2026-06-08T01:12:07.168169+00:00,,"/Cuidado Infantil/Nutrición Infantil/Fórmulas Infantiles/ /Cuidado Infantil/Nutrición Infantil/ /Cuidado Infantil/ /5/151/167/ /5/151/ /5/ Lata 200 g 11014124E NASNNT Lave bien sus manos y todos los utensilios. Hierva agua potable y déjela enfriar hasta aproximadamente 40 °C. Vierta la cantidad de agua en el biberón, añada la medida exacta de polvo según la tabla de alimentación del envase, cierre y agite bien hasta disolver. Consumir inmediatamente. La leche materna es el mejor alimento para los bebés. Este producto debe usarse bajo recomendación y supervisión médica. No reutilice restos de fórmula preparada. Almacenar en un lugar fresco y seco, bien cerrado y consumir dentro de 4 semanas después de abierto. Presentación Registro Sanitario Modo de uso Precauciones y Contraindicaciones No Producto a Pedido 0 Presentación Registro Sanitario Modo de uso Precauciones y Contraindicaciones Producto a Pedido Stock Security Campos Auxiliares Highlight Stock Security Alula Gold Etapa 1 Premium 200 g es una fórmula infantil de inicio especialmente diseñada para bebés desde el nacimiento hasta los 6 meses. Contiene nutrientes esenciales que apoyan el crecimiento y desarrollo, brindando una nutrición de calidad inspirada en la leche materna. Su presentación de 200 g es práctica para viajes, pruebas iniciales o consumo ocasional.",,false_no_registro_sanitario,,
Farmacia Universal,Vitafos Complento Alimentario Sabor Vainilla - Lata 800 g,Vitafos Complento Alimentario Vainilla 800 g Precio + Delivery Gratis,,119.90,PEN,available,https://www.farmaciauniversal.com/vitafos-complento-alimentario-sabor-vainilla-lata-800-g/p,23568,Vitafos,vtex_catalog_search,2026-06-08T01:12:07.590137+00:00,10,"/Vitaminas y Suplementos/Suplementos Nutricionales/Fórmulas para Adultos/ /Vitaminas y Suplementos/Suplementos Nutricionales/ /Vitaminas y Suplementos/ /1/12/28/ /1/12/ /1/ Lata 800 g I4551012ENADSCN Para obtener una disolución estándar de 240 ml, agregue 4 cucharadas rasas de Vitafos en un vaso con agua tibia (200 ml) y remueva el contenido con una cuchara hasta su completa disolución. Recomendamos que consultes con tu médico cualquier duda que tengas acerca de la preparación y las tomas. No debe usarse en personas con galactosemia. No apto para uso parenteral. Presentación Registro Sanitario Modo de uso Precauciones y Contraindicaciones No Producto a Pedido Vainilla Lata 800 g Sabor Presentaciones 1 Presentación Registro Sanitario Modo de uso Precauciones y Contraindicaciones Producto a Pedido Sabor Presentaciones Stock Security Campos Auxiliares Highlight Filtros Stock Security Vitafos, soporte nutricional en casos de aumento de necesidades y/o disminución del aporte de nutrientes.",,false_no_registro_sanitario,,
Farmacia Universal,Glucovit Max Sabor Vainilla - Lata 900 g,Glucovit Max Vainilla 900 g Precio + Delivery Gratis,,123.60,PEN,available,https://www.farmaciauniversal.com/glucovit-max-sabor-vainilla-lata-900-g/p,17756,Glucovit,vtex_catalog_search,2026-06-08T01:12:08.092533+00:00,10,"/Vitaminas y Suplementos/Suplementos Nutricionales/Fórmulas para Diabéticos/ /Vitaminas y Suplementos/Suplementos Nutricionales/ /Vitaminas y Suplementos/ /1/12/30/ /1/12/ /1/ Lata 900 g P2971016NNAHRSA Seguir cuidadosamente las instrucciones del envase, con una apropiada higiene, preparación, dilución, uso y almacenamiento. Conservar en un lugar fresco y seco a temperatura ambiente. Presentación Registro Sanitario Modo de uso Precauciones y Contraindicaciones No Producto a Pedido Vainilla Sabor 1 Presentación Registro Sanitario Modo de uso Precauciones y Contraindicaciones Producto a Pedido Sabor Stock Security Campos Auxiliares Highlight Filtros Stock Security Glucovit Max contiene nutrientes combinados en una formulación diseñada especialmente para apoyar a los sistemas reguladores del cuerpo en el nivel de respuesta de la glucosa sanguínea.",,false_no_registro_sanitario,,
Farmacia Universal,Synvisc One Viscosuplemento Inyectable - Jeringa 6 ml,Synvisc One Viscosuplemento Inyectable 6 ml,,1060.99,PEN,available,https://www.farmaciauniversal.com/synvisc-one-viscosuplemento-inyectable-jeringa-6-ml/p,12120,Sanofi,vtex_catalog_search,2026-06-08T01:12:08.099254+00:00,10,/Medicinas/Cuidado Musculoesquelético/Tratamiento de Artrosis/ /Medicinas/Cuidado Musculoesquelético/ /Medicinas/ /2/390/391/ /2/390/ /2/ Jeringa 6 ml DM1812E Presentación Registro Sanitario No Si No Producto a Pedido Requiere receta médica Requiere refrigeración 1 Presentación Registro Sanitario Producto a Pedido Requiere receta médica Requiere refrigeración Stock Security Campos Auxiliares Highlight Stock Security De venta con receta médica. Evite automedicarse. Usar según indicaciones de su médico tratante.,,false_no_registro_sanitario,,
Farmacia Universal,Maddre Polvo con DHA Sabor Chocolate - Lata 400 g,Maddre Polvo con DHA Sabor Chocolate 400 g Precio + Delivery Gratis,,64.90,PEN,available,https://www.farmaciauniversal.com/maddre-polvo-con-dha-sabor-chocolate-lata-400-g/p,17190,Maddre,vtex_catalog_search,2026-06-08T01:12:08.101718+00:00,10,"/Vitaminas y Suplementos/Multivitamínicos/Gestantes/ /Vitaminas y Suplementos/Multivitamínicos/ /Vitaminas y Suplementos/ /1/344/360/ /1/344/ /1/ Lata 400 g P2993414NNAHRSA Seguir cuidadosamente las instrucciones del envase, con una apropiada higiene, preparación, dilución, uso y almacenamiento. No usar en pacientes con hipersensibilidad conocida al producto. Mantener fuera del alcance de los niños. Presentación Registro Sanitario Modo de uso Precauciones y Contraindicaciones No Producto a Pedido Chocolate Sabor 0 Presentación Registro Sanitario Modo de uso Precauciones y Contraindicaciones Producto a Pedido Sabor Stock Security Campos Auxiliares Highlight Filtros Stock Security Complemento nutricional para la pre gestación, gestación y lactancia. Tratamiento de la anemia del embarazo. Prevención y tratamiento de deficiencias de vitaminas y minerales durante la gestación y lactancia.",,false_no_registro_sanitario,,
Farmacia Universal,Taski Aceite de Melena de León - Frasco 30 ml,Taski Aceite de Melena de León 30 ml Precio + Delivery Gratis,,65.34,PEN,available,https://www.farmaciauniversal.com/taski-aceite-de-melena-de-leon-frasco-30-ml/p,31508,Dinoa,vtex_catalog_search,2026-06-08T01:12:08.103302+00:00,1,"/Productos Saludables/Medicina Herbal/ /Productos Saludables/ /9/275/ /9/ Frasco 30 ml C1903625NNAAROL Tomar de 3 a 4 gotas por vía sublingual por la mañana o por la noche, según preferencia. No utilizar en caso de hipersensibilidad a alguno de los componentes. En caso de enfermedades crónicas, embarazo o lactancia, se recomienda consultar con un profesional de salud antes de su consumo. Mantener fuera del alcance de los niños. Presentación Registro Sanitario Modo de uso Precauciones y Contraindicaciones No Producto a Pedido Presentación Registro Sanitario Modo de uso Precauciones y Contraindicaciones Producto a Pedido Campos Auxiliares Highlight La Melena de León (Hericium erinaceus) es un hongo funcional utilizado en la nutrición moderna por su contenido de compuestos naturales asociados al bienestar del sistema nervioso y digestivo. Su consumo como complemento dentro de una dieta equilibrada puede ayudar a apoyar la claridad mental, la concentración y los procesos de aprendizaje. Asimismo, se asocia con el cuidado de la mucosa gástrica y con el equilibrio de la flora intestinal, contribuyendo al bienestar digestivo y al manejo del estrés cotidiano.",,false_no_registro_sanitario,,
Farmacia Universal,Bell Lifestyles ColesFit Cápsulas - Frasco 30 und,Bell Lifestyles ColesFit Cápsulas 30 und Precio + Delivery Gratis,,115.90,PEN,available,https://www.farmaciauniversal.com/bell-lifestyles-colesfit-capsulas-frasco-30-und/p,32719,Bell Lifestyles,vtex_catalog_search,2026-06-08T01:12:08.105051+00:00,10,"/Vitaminas y Suplementos/Multivitamínicos/Cardiovasculares/ /Vitaminas y Suplementos/Multivitamínicos/ /Vitaminas y Suplementos/ /1/344/355/ /1/344/ /1/ Frasco 30 und DE5591 Adultos: tomar una cápsula al día con agua o según recomendación de un profesional de la salud. Mantener fuera del alcance de los niños. No consumir durante el embarazo ni la lactancia. No recomendado para menores de edad. Suspenda su uso si presenta alguna reacción alérgica a alguno de sus ingredientes. Consulte con su médico antes de consumir este producto si utiliza medicamentos anticoagulantes, presenta trastornos hemorrágicos o recibe tratamiento médico. No debe ser utilizado junto con medicamentos para el colesterol sin supervisión profesional. Los suplementos alimenticios no sustituyen una dieta balanceada. Presentación Registro Sanitario Modo de uso Precauciones y Contraindicaciones No Producto a Pedido 0 Presentación Registro Sanitario Modo de uso Precauciones y Contraindicaciones Producto a Pedido Stock Security Campos Auxiliares Highlight Stock Security Bell ColesFit es un suplemento alimenticio formulado con Colestrolinol, una combinación de extracto de cáscara de naranja y aceite de palma africana, desarrollado para complementar el cuidado cardiovascular. Su fórmula aporta antioxidantes que contribuyen al bienestar general y está orientada a personas que buscan mantener hábitos saludables como parte de una alimentación equilibrada y un estilo de vida activo.",,false_no_registro_sanitario,,
Farmacia Universal,TMX Testo+ Gomitas Sabor Maracuyá - Frasco 70 und,TMX Testo+ Gomitas Sabor Maracuyá 70 und Precio + Delivery Gratis,,44.10,PEN,available,https://www.farmaciauniversal.com/tmx-testo-gomitas-sabor-maracuya-frasco-70-und/p,32681,TMX,vtex_catalog_search,2026-06-08T01:12:08.105797+00:00,10,"/Vitaminas y Suplementos/Multivitamínicos/Adultos/ /Vitaminas y Suplementos/Multivitamínicos/ /Vitaminas y Suplementos/ /1/344/350/ /1/344/ /1/ Frasco 70 und G6602324NNAVDLB Consumir dos gomitas al día o según recomendación de un profesional de la salud. No exceder la porción diaria sugerida. Este producto es un suplemento alimenticio y no reemplaza una alimentación equilibrada. No utilizar en caso de hipersensibilidad a alguno de sus componentes. Mantener fuera del alcance de los niños. Conservar en un lugar fresco y seco. Presentación Registro Sanitario Modo de uso Precauciones y Contraindicaciones No Producto a Pedido Maracuyá Sabor 0 Presentación Registro Sanitario Modo de uso Precauciones y Contraindicaciones Producto a Pedido Sabor Stock Security Campos Auxiliares Highlight Filtros Stock Security TMX Testo+ Gomitas Sabor Maracuyá es un suplemento alimenticio elaborado con maca negra, huanarpo macho y jengibre, ingredientes tradicionalmente utilizados para complementar el bienestar masculino. Su fórmula está diseñada para apoyar la vitalidad, el rendimiento físico y la energía diaria, convirtiéndose en una alternativa práctica y agradable para quienes buscan complementar su nutrición con ingredientes de origen natural.",,false_no_registro_sanitario,,
Farmacia Universal,Bell Lifestyles Inmuno Supremo Cápsulas - Frasco 90 und,Bell Lifestyles Inmuno Supremo Cápsulas 90 und Precio + Delivery Gratis,,95.90,PEN,available,https://www.farmaciauniversal.com/bell-lifestyles-inmuno-supremo-capsulas-frasco-90-und/p,32720,Bell Lifestyles,vtex_catalog_search,2026-06-08T01:12:09.097024+00:00,10,"/Vitaminas y Suplementos/Multivitamínicos/Adultos/ /Vitaminas y Suplementos/Multivitamínicos/ /Vitaminas y Suplementos/ /1/344/350/ /1/344/ /1/ Frasco 90 und DE5648 Adultos: consumir una cápsula al día con agua, preferentemente fuera de las comidas. Mantener fuera del alcance de los niños. No consumir durante el embarazo ni la lactancia. No recomendado para menores de edad. Suspenda su uso si presenta alguna reacción alérgica a sus componentes. Consulte con su médico antes de consumir este producto si padece enfermedades autoinmunes, tiene antecedentes de trasplante de médula ósea o recibe tratamiento con medicamentos inmunosupresores. Los suplementos alimenticios no sustituyen una alimentación balanceada. Presentación Registro Sanitario Modo de uso Precauciones y Contraindicaciones No Producto a Pedido 0 Presentación Registro Sanitario Modo de uso Precauciones y Contraindicaciones Producto a Pedido Stock Security Campos Auxiliares Highlight Stock Security Bell Inmuno Supremo es un suplemento alimenticio elaborado con Trametes versicolor, también conocido como Coriolus versicolor o hongo Turkey Tail (cola de pavo), reconocido por su contenido natural de polisacáridos, incluidos PSK y PSP. Su fórmula aporta 500 mg de extracto de hongo por cápsula y está diseñada para complementar una alimentación equilibrada, ayudando a mantener el adecuado funcionamiento del sistema inmunológico y el bienestar general del organismo.",,false_no_registro_sanitario,,
Farmacia Universal,La Naturaleza y tu Salud Maca Roja + Aguaje Instantáneo - Frasco 560 g,La Naturaleza y tu Salud Maca Roja + Aguaje Instantáneo 560 g Precio + Delivery Gratis,,47.00,PEN,available,https://www.farmaciauniversal.com/la-naturaleza-y-tu-salud-maca-roja-aguaje-instantaneo-frasco-560-g/p,31468,La Naturaleza y tu Salud,vtex_catalog_search,2026-06-08T01:12:09.098987+00:00,10,"/Vitaminas y Suplementos/Multivitamínicos/Adultos/ /Vitaminas y Suplementos/Multivitamínicos/ /Vitaminas y Suplementos/ /1/344/350/ /1/344/ /1/ Frasco 560 g N8327222NNAPONT Consumir una cucharada 3 veces al día, mezclar en un vaso de agua, jugos, yogurt, refrescos, etc. Suplemento alimenticio. No reemplaza una dieta equilibrada. No exceder la porción diaria recomendada. Mantener en un lugar fresco y seco. Mantener fuera del alcance de los niños. Presentación Registro Sanitario Modo de uso Precauciones y Contraindicaciones No Producto a Pedido 0 Presentación Registro Sanitario Modo de uso Precauciones y Contraindicaciones Producto a Pedido Stock Security Campos Auxiliares Highlight Stock Security La Naturaleza y tu Salud Maca Roja + Aguaje Instantáneo es un suplemento alimenticio en polvo elaborado a base de maca roja y aguaje, ingredientes de origen natural tradicionalmente utilizados en la alimentación. Está diseñado para integrarse a la dieta diaria como complemento nutricional, preparado de forma práctica y rápida.",,false_no_registro_sanitario,,
Farmacia Universal,Pack BIRM Inmunomodulador 40 mg 2 und Frasco 90 und c/u + 1 und Frasco 30 und,Pack BIRM Inmunomodulador 40 mg 2 und Frasco 90 und c/u + 1 und Frasco 30 und Precio + Delivery Gratis,,344.04,PEN,available,https://www.farmaciauniversal.com/pack-birm-inmunomodulador-40-mg-2-und-frasco-90-und-c-u-1-und-frasco-30-und/p,99267,BIRM,vtex_catalog_search,2026-06-08T01:12:09.107085+00:00,10,"/Vitaminas y Suplementos/Multivitamínicos/Adultos/ /Vitaminas y Suplementos/Multivitamínicos/ /Vitaminas y Suplementos/ /1/344/350/ /1/344/ /1/ Pack Promocional PNE1754 BIRM Inmunomodulador 40 mg Cápsulas: Adultos: Tomar 1 cápsula cada 24 horas, con comida. Se recomienda consultar con su médico para obtener una dosis adecuada. BIRM Inmunomodulador 40 mg Cápsulas: BIRM Inmunomodulador 40 mg Cápsulas: Conversar a temperatura no mayor a 30 °C. Algunos pacientes pueden presentar reacciones adversas como pupilas dilatadas y efectos gastrointestinales (diarrea, náuseas y vómitos) BIRM Inmunomodulador 40 mg Cápsulas: Presentación Registro Sanitario Modo de uso Precauciones y Contraindicaciones No Producto a Pedido Presentación Registro Sanitario Modo de uso Precauciones y Contraindicaciones Producto a Pedido Campos Auxiliares Highlight BIRM Inmunomodulador 40 mg Cápsulas: Complemento alimenticio que ayuda a mantener un sistema inmunológico equilibrado, permitiéndonos contar con las defensas necesarias para prevenir enfermedades. Composición: Extracto de Solanum dulcamara L. 40 mg.",,false_no_registro_sanitario,,
Farmacia Universal,Eye 3 Cápsulas Blandas - Frasco 60 und,Eye 3 Cápsulas Blandas 60 und Precio + Delivery Gratis,,103.04,PEN,available,https://www.farmaciauniversal.com/eye-3-capsulas-blandas-frasco-60-und/p,2773,Roster,vtex_catalog_search,2026-06-08T01:12:09.570590+00:00,10,"/Vitaminas y Suplementos/Multivitamínicos/Oftálmicos/ /Vitaminas y Suplementos/Multivitamínicos/ /Vitaminas y Suplementos/ /1/344/356/ /1/344/ /1/ Frasco 60 und PNE1255 Consumir 1 cápsula blanda al día, preferentemente junto con alimentos o según indicación del médico. No superar la dosis recomendada. Mantener fuera del alcance de los niños. No recomendado para mujeres embarazadas o en periodo de lactancia sin supervisión médica. Presentación Registro Sanitario Modo de uso Precauciones y Contraindicaciones No Producto a Pedido 1 Presentación Registro Sanitario Modo de uso Precauciones y Contraindicaciones Producto a Pedido Stock Security Campos Auxiliares Highlight Stock Security Eye 3 es un suplemento formulado para el cuidado integral de la visión. Contiene antioxidantes, vitaminas y minerales que contribuyen a proteger los ojos del estrés oxidativo, apoyan la salud de la retina y favorecen una visión más nítida, especialmente en personas expuestas a pantallas o radiación solar.",,false_no_registro_sanitario,,
Farmacia Universal,La Naturaleza y tu Salud Harina de Huanarpo Macho - Frasco 150 g,La Naturaleza y tu Salud Harina de Huanarpo Macho 150 g Precio + Delivery Gratis,,33.00,PEN,available,https://www.farmaciauniversal.com/la-naturaleza-y-tu-salud-harina-de-huanarpo-macho-frasco-150-g/p,31462,La Naturaleza y tu Salud,vtex_catalog_search,2026-06-08T01:12:09.574034+00:00,10,"/Vitaminas y Suplementos/Suplementos Nutricionales/Fórmulas para Adultos/ /Vitaminas y Suplementos/Suplementos Nutricionales/ /Vitaminas y Suplementos/ /1/12/28/ /1/12/ /1/ Frasco 150 g E4655620NNAPOOG Consumir una cucharada 3 veces al día, mezclada con jugos, leche, yogurt u otras bebidas. No consumir durante el embarazo ni en niños. En caso de lactancia, consultar con su médico antes de consumir. Mantener fuera del alcance de los niños. Presentación Registro Sanitario Modo de uso Precauciones y Contraindicaciones No Producto a Pedido 0 Presentación Registro Sanitario Modo de uso Precauciones y Contraindicaciones Producto a Pedido Stock Security Campos Auxiliares Highlight Stock Security La Naturaleza y tu Salud Harina de Huanarpo Macho es un producto de origen vegetal utilizado tradicionalmente como complemento alimenticio. Su composición aporta nutrientes que ayudan a complementar la dieta diaria y pueden contribuir al bienestar general, incluyendo el apoyo al equilibrio nutricional.",,false_no_registro_sanitario,,
Farmacia Universal,Nat 100 DB Plus en Polvo Sabor Vainilla - Lata 900 g,Nat 100 DB Plus en Polvo Sabor Vainilla 900 g Precio + Delivery Gratis,,125.00,PEN,available,https://www.farmaciauniversal.com/nat-100-db-plus-en-polvo-sabor-vainilla-lata-900-g/p,4612,Diphasac AJR,vtex_catalog_search,2026-06-08T01:12:09.579517+00:00,100,"/Vitaminas y Suplementos/Suplementos Nutricionales/Fórmulas Especializadas/ /Vitaminas y Suplementos/Suplementos Nutricionales/ /Vitaminas y Suplementos/ /1/12/29/ /1/12/ /1/ Lata 900 g I4100724E NALBBS Para preparar una porción de 250 mL de Nat 100 DB Plus al 20%, agregar 50 g de polvo (equivalente a 2.5 medidas rasas) en 210 mL de agua fría previamente hervida. Agitar hasta lograr una mezcla completamente homogénea. Consumir de inmediato o refrigerar y consumir dentro de las 24 horas siguientes. Esta preparación aporta aproximadamente 0.97 kcal por mililitro. Si se encuentra bajo prescripción médica y/o supervisión de un nutricionista, siga cuidadosamente las indicaciones brindadas. No utilizar por vía intravenosa. Nat 100 DB Plus está formulado para adultos y niños mayores de 4 años, bajo control médico y con monitoreo mediante exámenes de laboratorio clínico según necesidad. Mantener en un lugar limpio, fresco y seco. Presentación Registro Sanitario Modo de uso Precauciones y Contraindicaciones No Producto a Pedido Presentación Registro Sanitario Modo de uso Precauciones y Contraindicaciones Producto a Pedido Campos Auxiliares Highlight Nat 100 DB Plus es un alimento en polvo de textura homogénea, sin grumos, con consistencia cremosa y color blanco a blanco crema. Posee aroma y sabor característico a vainilla, facilitando su incorporación en planes de alimentación controlados. Su formulación es apta para personas con diabetes.",,false_no_registro_sanitario,,
Farmacia Universal,Pack x 20 Glucerna Bebible Sabor Vainilla 220 ml c/u,Pack x 20 Glucerna Bebible Sabor Vainilla 220 ml c/u Precio + Delivery Gratis,,258.00,PEN,available,https://www.farmaciauniversal.com/pack-x-20-glucerna-bebible-sabor-vainilla-220-ml-c-u/p,99302,Glucerna,vtex_catalog_search,2026-06-08T01:12:09.581110+00:00,10,"/Vitaminas y Suplementos/Suplementos Nutricionales/Fórmulas para Diabéticos/ /Vitaminas y Suplementos/Suplementos Nutricionales/ /Vitaminas y Suplementos/ /1/12/30/ /1/12/ /1/ Pack Promocional P2738825ENAABLB Consumir por vía oral según recomendación médica o nutricional. Puede utilizarse como complemento alimenticio dentro de una dieta balanceada. No sustituye una alimentación equilibrada. Usar bajo recomendación de un profesional de la salud, especialmente en personas con condiciones médicas específicas. Mantener fuera del alcance de los niños. Presentación Registro Sanitario Modo de uso Precauciones y Contraindicaciones No Producto a Pedido Presentación Registro Sanitario Modo de uso Precauciones y Contraindicaciones Producto a Pedido Campos Auxiliares Highlight Glucerna Bebible sabor vainilla es una fórmula nutricional líquida diseñada para complementar la alimentación de personas que requieren un control específico de su ingesta nutricional, especialmente de carbohidratos, como parte de un plan alimentario supervisado. Su presentación lista para beber facilita su consumo en diferentes momentos del día.",,false_no_registro_sanitario,,
Farmacia Universal,Pack x 30 Glucerna Bebible Sabor Vainilla 220 ml c/u,Pack x 30 Glucerna Bebible Sabor Vainilla 220 ml c/u Precio + Delivery Gratis,,348.30,PEN,available,https://www.farmaciauniversal.com/pack-x-30-glucerna-bebible-sabor-vainilla-220-ml-c-u/p,99308,Glucerna,vtex_catalog_search,2026-06-08T01:12:09.581665+00:00,1,"/Vitaminas y Suplementos/Suplementos Nutricionales/Fórmulas para Diabéticos/ /Vitaminas y Suplementos/Suplementos Nutricionales/ /Vitaminas y Suplementos/ /1/12/30/ /1/12/ /1/ Pack Promocional P2738825ENAABLB Consumir por vía oral según recomendación médica o nutricional. Puede utilizarse como complemento alimenticio dentro de una dieta balanceada. No sustituye una alimentación equilibrada. Usar bajo recomendación de un profesional de la salud, especialmente en personas con condiciones médicas específicas. Mantener fuera del alcance de los niños. Presentación Registro Sanitario Modo de uso Precauciones y Contraindicaciones No Producto a Pedido Presentación Registro Sanitario Modo de uso Precauciones y Contraindicaciones Producto a Pedido Campos Auxiliares Highlight Glucerna Bebible sabor vainilla es una fórmula nutricional líquida diseñada para complementar la alimentación de personas que requieren un control específico de su ingesta nutricional, especialmente de carbohidratos, como parte de un plan alimentario supervisado. Su presentación lista para beber facilita su consumo en diferentes momentos del día.",,false_no_registro_sanitario,,
Farmacia Universal,Glucerna Bebible Sabor Vainilla - Frasco 220 ml,Glucerna Bebible Sabor Vainilla 220 ml Precio + Delivery Gratis,,12.90,PEN,available,https://www.farmaciauniversal.com/glucerna-bebible-sabor-vainilla-frasco-220-ml/p,32035,Glucerna,vtex_catalog_search,2026-06-08T01:12:09.582566+00:00,100,"/Vitaminas y Suplementos/Suplementos Nutricionales/Fórmulas para Diabéticos/ /Vitaminas y Suplementos/Suplementos Nutricionales/ /Vitaminas y Suplementos/ /1/12/30/ /1/12/ /1/ Frasco 220 ml P2738825ENAABLB Consumir por vía oral según recomendación médica o nutricional. Puede utilizarse como complemento alimenticio dentro de una dieta balanceada. No sustituye una alimentación equilibrada. Usar bajo recomendación de un profesional de la salud, especialmente en personas con condiciones médicas específicas. Mantener fuera del alcance de los niños. Presentación Registro Sanitario Modo de uso Precauciones y Contraindicaciones No Producto a Pedido 1 Presentación Registro Sanitario Modo de uso Precauciones y Contraindicaciones Producto a Pedido Stock Security Campos Auxiliares Highlight Stock Security Glucerna Bebible sabor vainilla es una fórmula nutricional líquida diseñada para complementar la alimentación de personas que requieren un control específico de su ingesta nutricional, especialmente de carbohidratos, como parte de un plan alimentario supervisado. Su presentación lista para beber facilita su consumo en diferentes momentos del día.",,false_no_registro_sanitario,,
Farmacia Universal,Cefasabal Polvo Sabor Vainilla - Lata 400 g,Cefasabal Polvo Sabor Vainilla 400 g Precio + Delivery Gratis,,94.10,PEN,available,https://www.farmaciauniversal.com/cefasabal-polvo-sabor-vainilla-lata-400-g/p,7321,Hersil,vtex_catalog_search,2026-06-08T01:12:10.560591+00:00,1,"/Vitaminas y Suplementos/Multivitamínicos/Urológicos/ /Vitaminas y Suplementos/Multivitamínicos/ /Vitaminas y Suplementos/ /1/344/353/ /1/344/ /1/ Lata 400 g P2968515NNAHRSA Mezclar 2 cucharadas dosificadoras (20 gr.), repartidas en una o dos tomas diarias disueltas en un vaso de agua, leche o jugo. No se han identificado contraindicaciones específicas para Cefasabal Polvo. Sin embargo, se recomienda precaución y consulta con un profesional de la salud antes de su uso en situaciones como embarazo, lactancia o en presencia de condiciones médicas particulares. Se aconseja tener precaución al administrar Cefasabal Polvo a personas con alergias conocidas a alguno de sus componentes. Es fundamental seguir las indicaciones de dosificación proporcionadas y consultar a un médico si se experimentan efectos adversos. La duración del uso continuo debe ser evaluada por un profesional de la salud para garantizar su seguridad y eficacia. Presentación Registro Sanitario Modo de uso Precauciones y Contraindicaciones No Producto a Pedido 0 Presentación Registro Sanitario Modo de uso Precauciones y Contraindicaciones Producto a Pedido Stock Security Campos Auxiliares Highlight Stock Security Cefasabal Polvo se presenta como un suplemento destinado a fortalecer la salud de las vías urinarias. Formulado para proporcionar nutrientes esenciales que contribuyen al bienestar y equilibrio del sistema urinario Promueve la salud general del tracto urinario.",,false_no_registro_sanitario,,
Farmacia Universal,VidaMax HMB en Polvo Sabor Vainilla - Lata 900 g,VidaMax HMB en Polvo Vainilla 900 g Precio + Delivery Gratis,,97.70,PEN,available,https://www.farmaciauniversal.com/vidamax-hmb-en-polvo-sabor-vainilla-lata-900-g/p,19126,Vidamax,vtex_catalog_search,2026-06-08T01:12:10.565435+00:00,10,"/Vitaminas y Suplementos/Suplementos Nutricionales/Fórmulas para Adultos/ /Vitaminas y Suplementos/Suplementos Nutricionales/ /Vitaminas y Suplementos/ /1/12/28/ /1/12/ /1/ Lata 900 g E8200916NNAHRSA Disolver en agua fría en un vaso, agregar gradualmente las medidas necesaria del polvo, agitar bien y tomar inmediatamente. No exceder la dosis diaria recomendada. Este producto no debe utilizarse como sustituto de una dieta equilibrada. Presentación Registro Sanitario Modo de uso Precauciones y Contraindicaciones No Producto a Pedido Vainilla Lata 900 g Sabor Presentaciones 1 Presentación Registro Sanitario Modo de uso Precauciones y Contraindicaciones Producto a Pedido Sabor Presentaciones Stock Security Campos Auxiliares Highlight Filtros Stock Security Suplemento alimenticio completo y equilibrado, diseñado para complementar la alimentación de adultos mayores con malnutrición, pérdida de masa y fuerza muscular.",,false_no_registro_sanitario,,
Farmacia Universal,Smart Blends Spirulina Oro Verde Mezcla Instantánea - Bolsa 100 mg,Smart Blends Spirulina Oro Verde Mezcla Instantánea 100 mg Precio + Delivery Gratis,,53.24,PEN,available,https://www.farmaciauniversal.com/smart-blends-spirulina-oro-verde-mezcla-instantanea-bolsa-100-mg/p,27942,Smart Blends,vtex_catalog_search,2026-06-08T01:12:10.566417+00:00,10,"/Vitaminas y Suplementos/Suplementos Nutricionales/Fórmulas para Adultos/ /Vitaminas y Suplementos/Suplementos Nutricionales/ /Vitaminas y Suplementos/ /1/12/28/ /1/12/ /1/ Bolsa 100 mg E4614522NNKLDOG Agregar una dosis (según indicación) a líquidos fríos o templados. Tomar una vez al día, ideal en desayuno o merienda. Revolver hasta disolver. No consumir en exceso. Suspender ante síntomas gastrointestinales o reacciones alérgicas. Personas con condiciones autoinmunes, fenilcetonuria, o tratamientos inmunosupresores deben consultar a médico. No calentar los líquidos para mantener propiedades. Este producto no es medicina y no pretende tratar o curar enfermedad alguna. Es un suplemento natural y lo recomendable es consultar con un medico antes de incorporar un suplemento a su diaria. Presentación Registro Sanitario Modo de uso Precauciones y Contraindicaciones No Producto a Pedido 1 Presentación Registro Sanitario Modo de uso Precauciones y Contraindicaciones Producto a Pedido Stock Security Campos Auxiliares Highlight Stock Security Polvo instantáneo a base de spirulina (100 mg por porción), alga rica en proteínas vegetales, pigmentos y micronutrientes. Diseñado para incorporarse fácilmente a batidos, jugos o agua para complementar la alimentación.",,false_no_registro_sanitario,,
Farmacia Universal,Schuler Maca Fresca 500 mg Cápsulas - Caja 130 und,Schuler Maca Fresca 500 mg Cápsulas 130 und Precio + Delivery Gratis,,44.20,PEN,available,https://www.farmaciauniversal.com/schuler-maca-fresca-500-mg-capsulas-caja-130-und/p,5023,Schuler,vtex_catalog_search,2026-06-08T01:12:10.567183+00:00,10,"/Vitaminas y Suplementos/Multivitamínicos/Adultos/ /Vitaminas y Suplementos/Multivitamínicos/ /Vitaminas y Suplementos/ /1/344/350/ /1/344/ /1/ Caja 130 und PNN0441 3 a 6 cápsulas diarias. Usar en forma continua por un periodo mínimo de 3 meses. No se recomienda en periodos de gestación y postoperatorio. Ver Contraindicaciones. Almacénese a temperatura no mayor de 30°C. Presentación Registro Sanitario Modo de uso Precauciones y Contraindicaciones No Producto a Pedido 1 Presentación Registro Sanitario Modo de uso Precauciones y Contraindicaciones Producto a Pedido Stock Security Campos Auxiliares Highlight Stock Security Excelente nutriente y reconstituyente físico e intelectual. Se recomienda en casos de desnutrición, estrés y anemia.",,false_no_registro_sanitario,,
Farmacia Universal,Núcleo CMP Forte Cápsulas - Caja 20 und,Núcleo CMP Forte Cápsulas 20 und Precio + Delivery Gratis,,75.00,PEN,available,https://www.farmaciauniversal.com/nucleo-cmp-forte-capsulas-caja-20-und-nuevo/p,30326,Grupo Ferrer,vtex_catalog_search,2026-06-08T01:12:10.567453+00:00,100,"/Vitaminas y Suplementos/Multivitamínicos/Osteoarticulares/ /Vitaminas y Suplementos/Multivitamínicos/ /Vitaminas y Suplementos/ /1/344/354/ /1/344/ /1/ Caja 20 und DN0674 La administración recomendada para adultos es de 1 a 2 cápsulas, dos veces al día, por vía oral. Es fundamental seguir las instrucciones proporcionadas por un profesional de la salud y no exceder la dosis prescrita. No debe utilizarse en personas con hipersensibilidad a alguno de los componentes de la fórmula. En mujeres embarazadas o en periodo de lactancia, su uso debe ser evaluado y supervisado por un profesional de la salud. Aunque es generalmente bien tolerado, en personas sensibles podrían presentarse reacciones adversas leves como náuseas, malestar digestivo o urticaria. Ante cualquier síntoma inesperado, se debe suspender su uso y buscar orientación médica. Presentación Registro Sanitario Modo de uso Precauciones y Contraindicaciones No Producto a Pedido 1 Presentación Registro Sanitario Modo de uso Precauciones y Contraindicaciones Producto a Pedido Stock Security Campos Auxiliares Highlight Stock Security Núcleo CMP Forte es un suplemento pensado para ayudar al sistema nervioso, especialmente cuando hay molestias como hormigueo, debilidad o dolor en brazos y piernas. Su fórmula contiene nucleótidos, componentes que apoyan la reparación de los nervios y pueden ser útiles en casos de compresión, inflamación, lesiones o problemas metabólicos.",,false_no_registro_sanitario,,
Farmacia Universal,Mujer Aguaje Natural Cápsulas - Frasco 100 und,Mujer Aguaje Natural Cápsulas 100 und Precio + Delivery Gratis,,39.00,PEN,available,https://www.farmaciauniversal.com/mujer-aguaje-natural-capsulas-frasco-100-und/p,26406,Olemart,vtex_catalog_search,2026-06-08T01:12:10.568476+00:00,10,"/Vitaminas y Suplementos/Multivitamínicos/Menopausia/ /Vitaminas y Suplementos/Multivitamínicos/ /Vitaminas y Suplementos/ /1/344/358/ /1/344/ /1/ Frasco 100 und N7403519NNABOPR Tomar 2 a 3 capsulas al día No exceder el uso recomendado. En caso de algún inconveniente en su uso, consultar al médico. Presentación Registro Sanitario Modo de uso Precauciones y Contraindicaciones No Producto a Pedido 1 Presentación Registro Sanitario Modo de uso Precauciones y Contraindicaciones Producto a Pedido Stock Security Campos Auxiliares Highlight Stock Security Fruto exótico de la selva peruana rica en vitaminas y minerales que se utiliza para mejorar el sistema femenino.",,false_no_registro_sanitario,,
Farmacia Universal,La Naturaleza y tu Salud 12 Semillas Instantáneo - Frasco 560 g,La Naturaleza y tu Salud 12 Semillas Instantáneo 560 g Precio + Delivery Gratis,,21.01,PEN,available,https://www.farmaciauniversal.com/la-naturaleza-y-tu-salud-12-semillas-instantaneo-frasco-560-g/p,31466,La Naturaleza y tu Salud,vtex_catalog_search,2026-06-08T01:12:11.087859+00:00,10,"/Vitaminas y Suplementos/Suplementos Nutricionales/Fórmulas para Adultos/ /Vitaminas y Suplementos/Suplementos Nutricionales/ /Vitaminas y Suplementos/ /1/12/28/ /1/12/ /1/ Frasco 560 g N8317420NNAPOOG Consumir una cucharada 3 veces al día, mezclada con jugos, leche, yogurt u otras bebidas. No consumir durante el embarazo. En caso de lactancia, consultar con su médico antes de consumir. Mantener en un lugar fresco y seco. Mantener fuera del alcance de los niños. Presentación Registro Sanitario Modo de uso Precauciones y Contraindicaciones No Producto a Pedido 0 Presentación Registro Sanitario Modo de uso Precauciones y Contraindicaciones Producto a Pedido Stock Security Campos Auxiliares Highlight Stock Security La Naturaleza y tu Salud 12 Semillas Instantáneo es una mezcla de quinua, kiwicha, cañihua, algarrobo, habas, soya, plátano, ajonjolí, linaza, chía, maca y cebada. Esta combinación aporta nutrientes que ayudan a complementar la alimentación diaria, favoreciendo el equilibrio nutricional como parte de un estilo de vida saludable.",,false_no_registro_sanitario,,
Farmacia Universal,Tinku Melena de León Cápsulas - Frasco 60 und,Tinku Melena de León Cápsulas 60 und Precio + Delivery Gratis,,78.00,PEN,available,https://www.farmaciauniversal.com/tinku-melena-de-leon-capsulas-frasco-60-und/p,31325,Tinku,vtex_catalog_search,2026-06-08T01:12:11.090671+00:00,10,"/Vitaminas y Suplementos/Multivitamínicos/Adultos/ /Vitaminas y Suplementos/Multivitamínicos/ /Vitaminas y Suplementos/ /1/344/350/ /1/344/ /1/ Frasco 60 und P2880324NNANVSC Consumir de 2 a 3 cápsulas diarias. De preferencia antes de los alimentos. Consumir con un vaso lleno de agua. No exceder la dosis diaria recomendada. No recomendado para mujeres embarazadas o en lactancia. Consultar al médico antes de su uso si se están tomando medicamentos o suplementos adicionales. Presentación Registro Sanitario Modo de uso Precauciones y Contraindicaciones No Producto a Pedido 1 Presentación Registro Sanitario Modo de uso Precauciones y Contraindicaciones Producto a Pedido Stock Security Campos Auxiliares Highlight Stock Security Cápsulas de extracto de Melena de León (Hericium erinaceus), un hongo funcional reconocido por su capacidad para estimular la memoria, la concentración y la salud cerebral. Apoya el sistema nervioso, promueve la claridad mental y refuerza la función cognitiva, siendo ideal para personas con alta exigencia intelectual o emocional.",,false_no_registro_sanitario,,
Farmacia Universal,La Naturaleza y tu Salud 7 Semillas Instantáneo - Frasco 560 g,La Naturaleza y tu Salud 7 Semillas Instantáneo 560 g Precio + Delivery Gratis,,15.99,PEN,available,https://www.farmaciauniversal.com/la-naturaleza-y-tu-salud-7-semillas-instantaneo-frasco-560-g/p,31465,La Naturaleza y tu Salud,vtex_catalog_search,2026-06-08T01:12:11.091183+00:00,10,"/Vitaminas y Suplementos/Suplementos Nutricionales/Fórmulas para Adultos/ /Vitaminas y Suplementos/Suplementos Nutricionales/ /Vitaminas y Suplementos/ /1/12/28/ /1/12/ /1/ Frasco 560 g N8317520NNAPOOG Consumir una cucharada 3 veces al día, mezclada con jugos, leche, yogurt u otras bebidas de preferencia. No consumir durante el embarazo. En caso de lactancia, consultar con su médico antes de consumir. Mantener en un lugar fresco y seco. Mantener fuera del alcance de los niños. Presentación Registro Sanitario Modo de uso Precauciones y Contraindicaciones No Producto a Pedido 0 Presentación Registro Sanitario Modo de uso Precauciones y Contraindicaciones Producto a Pedido Stock Security Campos Auxiliares Highlight Stock Security La Naturaleza y tu Salud 7 Semillas Instantáneo es una mezcla en polvo que combina quinua, kiwicha, cañihua, algarrobo, maca, plátano y cacao tostado. Este tipo de combinación aporta nutrientes que ayudan a complementar la alimentación diaria, contribuyendo al bienestar general y al aporte energético dentro de una dieta equilibrada.",,false_no_registro_sanitario,,
Farmacia Universal,La Naturaleza y tu Salud Triple Lax Instantáneo - Frasco 560 g,La Naturaleza y tu Salud Triple Lax Instantáneo 560 g Precio + Delivery Gratis,,21.01,PEN,available,https://www.farmaciauniversal.com/la-naturaleza-y-tu-salud-triple-lax-instantaneo-frasco-560-g/p,31467,La Naturaleza y tu Salud,vtex_catalog_search,2026-06-08T01:12:11.092234+00:00,10,"/Vitaminas y Suplementos/Multivitamínicos/Digestivos/ /Vitaminas y Suplementos/Multivitamínicos/ /Vitaminas y Suplementos/ /1/344/352/ /1/344/ /1/ Frasco 560 g N8311122NNAPOOG Consumir una cucharada una vez al día por la noche, mezclada con jugos, leche, yogurt u otras bebidas. No consumir durante el embarazo. En caso de lactancia, consultar con su médico antes de consumir. No exceder la cantidad recomendada. Mantener fuera del alcance de los niños. Presentación Registro Sanitario Modo de uso Precauciones y Contraindicaciones No Producto a Pedido 0 Presentación Registro Sanitario Modo de uso Precauciones y Contraindicaciones Producto a Pedido Stock Security Campos Auxiliares Highlight Stock Security La Naturaleza y tu Salud Triple Lax Instantáneo es una mezcla a base de tamarindo, noni, pitahaya, nopal, ciruela, higo y salvado de trigo. Esta combinación se utiliza tradicionalmente para apoyar el tránsito intestinal, ayudando a mantener una digestión regular dentro de una dieta equilibrada.",,false_no_registro_sanitario,,
Farmacia Universal,Renalof 12 mg Cápsulas - Frasco 90 und,Renalof 12 mg Cápsulas 90 und Precio + Delivery Gratis,,200.00,PEN,available,https://www.farmaciauniversal.com/renalof-12-mg-capsulas-frasco-90-und/p,25670,Pharma Solutions,vtex_catalog_search,2026-06-08T01:12:11.094249+00:00,10,"/Vitaminas y Suplementos/Multivitamínicos/Urológicos/ /Vitaminas y Suplementos/Multivitamínicos/ /Vitaminas y Suplementos/ /1/344/353/ /1/344/ /1/ Frasco 90 und Extracto Agropyron Repens 12 mg PNE1227 Se recomienda ingeriri una cápsula media hora antes de las tres principales comidas del día. No se debe superar la dosis recomendada. Este producto no es un medicamento que sustituya diagnóstico o tratamiento médico. Si presenta síntomas graves o persistentes, consulte a un profesional de salud. Mantener fuera del alcance de los niños. Presentación Principio Activo Registro Sanitario Modo de uso Precauciones y Contraindicaciones No Producto a Pedido 0 Presentación Principio Activo Registro Sanitario Modo de uso Precauciones y Contraindicaciones Producto a Pedido Stock Security Campos Auxiliares Highlight Stock Security Renalof es un complemento alimenticio a base de extracto de grama (Agropyron repens) diseñado para apoyar el bienestar de las vías urinarias. Su formato en cápsulas permite tomarlo de forma cómoda.",,false_no_registro_sanitario,,
Farmacia Universal,Nua Inmune Aceite de Orégano - Frasco 30 ml,Nua Inmune Aceite de Orégano 30 ml Precio + Delivery Gratis,,40.00,PEN,available,https://www.farmaciauniversal.com/nua-inmune-aceite-de-oregano-frasco-30-ml/p,31387,Nua,vtex_catalog_search,2026-06-08T01:12:11.098168+00:00,100,"/Productos Saludables/Medicina Herbal/Aromaterapia/ /Productos Saludables/Medicina Herbal/ /Productos Saludables/ /9/275/290/ /9/275/ /9/ Frasco 30 ml C6000523NUINAPO Consumir de 3 a 5 gotas bajo la lengua, hasta tres veces al día. Para rutinas de descanso, se recomienda tomarlo aproximadamente 30 minutos antes de dormir. Producto de uso oral exclusivo, no utilizar en difusores. No superar las 15 gotas diarias. El consumo excesivo puede generar sensibilidad, por lo que debe suspenderse ante cualquier reacción. No usar durante el embarazo o lactancia. No administrar a menores. Evitar su uso si existe alergia a la lavanda o a otras plantas de la familia Lamiaceae. Consultar a un profesional de la salud antes de consumirlo, especialmente en caso de tratamientos médicos vigentes. Este producto no sustituye una alimentación equilibrada ni cuidados clínicos. Mantener el frasco bien cerrado, en lugar fresco, seco y fuera del alcance de los niños. Presentación Registro Sanitario Modo de uso Precauciones y Contraindicaciones No Producto a Pedido 1 Presentación Registro Sanitario Modo de uso Precauciones y Contraindicaciones Producto a Pedido Stock Security Campos Auxiliares Highlight Stock Security El Aceite de Lavanda Sueño es un nutracéutico natural de uso oral, formulado con aceite esencial de lavanda y aceite de oliva extra virgen orgánico, creado para un consumo seguro y para acompañar hábitos de relajación. Sus componentes naturales pueden contribuir a una sensación de calma, ayudando a quienes buscan complementar sus rutinas de descanso o reducir tensiones del día a día. Es un aliado para momentos previos al sueño.",,false_no_registro_sanitario,,
Farmacia Universal,Blemil AE ProTech - Lata 800 g,Blemil AE ProTech 800 g Precio + Delivery Gratis,,190.89,PEN,available,https://www.farmaciauniversal.com/blemil-ae-protech-lata-800-g/p,30426,Blemil,vtex_catalog_search,2026-06-08T01:12:11.630178+00:00,1,"/Cuidado Infantil/Nutrición Infantil/Fórmulas Infantiles/ /Cuidado Infantil/Nutrición Infantil/ /Cuidado Infantil/ /5/151/167/ /5/151/ /5/ Lata 800 g A3450423ENADSCN Lávese las manos antes de preparar el biberón. Una vez limpios el biberón, la tetina y la rosca déjelos hervir con agua en un recipiente cerrado durante 10 minutos. En otro recipiente hierva agua potable y déjela enfriar hasta una temperatura de 40 a 45°C. Vierta la cantidad adecuada de agua en el biberón esterilizado. Añada al biberón las medidas rasas de leche en polvo indicadas por prescripción facultativa. Utilice el cacito dosificador que encontrará en el interior del envase. Cierre el biberón y agítelo hasta la total disolución de su contenido. Compruebe la temperatura del biberón antes de dárselo a su bebé. La leche materna es el mejor alimento para el lactante. Utilizar este producto solo bajo recomendación médica. Preparar con higiene adecuada. No usar si el envase está dañado. Mantener en lugar fresco y seco. Consumir dentro del tiempo indicado una vez abierto. Presentación Registro Sanitario Modo de uso Precauciones y Contraindicaciones No Producto a Pedido Presentación Registro Sanitario Modo de uso Precauciones y Contraindicaciones Producto a Pedido Campos Auxiliares Highlight Blemil AE ProTech es una fórmula infantil especialmente desarrollada para bebés, diseñada para complementar su alimentación cuando es necesario. Su composición está adaptada para brindar un adecuado aporte nutricional en etapas tempranas, siendo una opción que puede formar parte de la alimentación del lactante bajo recomendación del profesional de salud.",,false_no_registro_sanitario,,
Farmacia Universal,Pack Alula Gold Etapa 3 Premium 900 g + 400 g - Pack 2 und,Pack Alula Gold Etapa 3 Premium 900 g + 400 g 2 und Precio + Delivery Gratis,,110.00,PEN,available,https://www.farmaciauniversal.com/pack-alula-gold-etapa-3-premium-900-g-400-g-pack-2-und/p,32181,Alula Gold,vtex_catalog_search,2026-06-08T01:12:11.630800+00:00,10,"/Cuidado Infantil/Nutrición Infantil/Fórmulas Infantiles/ /Cuidado Infantil/Nutrición Infantil/ /Cuidado Infantil/ /5/151/167/ /5/151/ /5/ Pack 2 und I3000625ENASNNT Lave bien sus manos y todos los utensilios. Hierva agua potable y déjela enfriar hasta aproximadamente 40 °C. Vierta la cantidad de agua en el biberón, añada la medida exacta de polvo según la tabla de alimentación del envase, cierre y agite bien hasta disolver. Consumir inmediatamente. La leche materna es el mejor alimento para los bebés. Este producto debe usarse bajo recomendación y supervisión médica. No reutilice restos de fórmula preparada. Almacenar en un lugar fresco y seco, bien cerrado y consumir dentro de 4 semanas después de abierto. Presentación Registro Sanitario Modo de uso Precauciones y Contraindicaciones No Producto a Pedido Presentación Registro Sanitario Modo de uso Precauciones y Contraindicaciones Producto a Pedido Campos Auxiliares Highlight Alula Gold Etapa 3 Premium es una fórmula infantil en polvo, como complemento de una alimentación variada y equilibrada. Su formulación está orientada a acompañar las necesidades nutricionales propias de esta etapa de crecimiento, cuando la lactancia materna no es posible o resulta insuficiente, bajo recomendación de un profesional de la salud.",,false_no_registro_sanitario,,
Farmacia Universal,Frutti Ped Bebida Rehidratante Sabor Fresa - Frasco 500 ml,Frutti Ped Bebida Rehidratante Sabor Fresa 500 ml Precio + Delivery Gratis,,5.90,PEN,available,https://www.farmaciauniversal.com/frutti-ped-bebida-rehidratante-sabor-fresa-frasco-500-ml/p,20392,B. Braun,vtex_catalog_search,2026-06-08T01:12:11.631379+00:00,10,"/Medicinas/Hidratación Oral/Sueros con Electrolitos/ /Medicinas/Hidratación Oral/ /Medicinas/ /2/40/56/ /2/40/ /2/ Frasco 500 ml P1501512NNABBMD La administración debe ser según las indicaciones de un pediatra, considerando la edad y peso del niño. Una vez abierto, consumir dentro de las 24 horas y conservar en un lugar fresco y seco. Manténgase a temperatura ambiente. Conservar en un lugar limpio, fresco y seco. No consumir luego de 24 horas de abrir el frasco. Contiene tartrazina. Presentación Registro Sanitario Modo de uso Precauciones y Contraindicaciones No No No Producto a Pedido Requiere receta médica Requiere refrigeración Fresa Sabor 1 Presentación Registro Sanitario Modo de uso Precauciones y Contraindicaciones Producto a Pedido Requiere receta médica Requiere refrigeración Sabor Stock Security Campos Auxiliares Highlight Filtros Stock Security Frutti Ped sabor fresa es una solución oral de rehidratación especialmente formulada para niños, destinada a reponer líquidos y electrolitos perdidos por diarreas o vómitos. Contribuye a reducir la duración y severidad de las diarreas. Su agradable sabor a fresa facilita la aceptación en los niños.",,false_no_registro_sanitario,,
Farmacia Universal,Higaril 500 mg Cápsulas Blandas - Blíster 10 und,Higaril 500 mg Cápsulas Blandas 10 und Precio + Delivery Gratis,,31.00,PEN,available,https://www.farmaciauniversal.com/higaril-500-mg-capsulas-blandas-blister-10-und/p,29967,Intipharma,vtex_catalog_search,2026-06-08T01:12:11.635172+00:00,100,"/Medicinas/Malestar Gastrointestinal/Hepatoprotectores/ /Medicinas/Malestar Gastrointestinal/ /Medicinas/ /2/39/305/ /2/39/ /2/ Blíster 10 und Silimarina 500 mg PNE1854 Se recomienda que adultos tomen 1 cápsula blanda de una vez al día, preferentemente antes de los alimentos, y continúen hasta que desaparezcan los síntomas. Venta sin receta médica. Vía de administración: oral. Mantener fuera del alcance de los niños. Presentación Principio Activo Registro Sanitario Modo de uso Precauciones y Contraindicaciones No No No Producto a Pedido Requiere receta médica Requiere refrigeración 1 Presentación Principio Activo Registro Sanitario Modo de uso Precauciones y Contraindicaciones Producto a Pedido Requiere receta médica Requiere refrigeración Stock Security Campos Auxiliares Highlight Stock Security Complemento diseñado para apoyar la función hepática en situaciones de estrés, como el consumo de alcohol o dietas altas en grasas. Con fosfatidilcolina, contribuye al bienestar hepático y puede ayudar a reducir la acumulación de grasa en el hígado. Úselo como parte del cuidado hepático bajo supervisión médica.",,false_no_registro_sanitario,,
Farmacia Universal,American Natural Vista Max 500 mg Cápsulas - Frasco 50 und,American Natural Vista Max 500 mg Cápsulas 50 und Precio + Delivery Gratis,,90.00,PEN,unavailable,https://www.farmaciauniversal.com/american-natural-vista-max-500-mg-capsulas-frasco-50-und/p,30396,American Natural,vtex_catalog_search,2026-06-08T01:12:11.640969+00:00,,"/Vitaminas y Suplementos/Multivitamínicos/Oftálmicos/ /Vitaminas y Suplementos/Multivitamínicos/ /Vitaminas y Suplementos/ /1/344/356/ /1/344/ /1/ Frasco 50 und N8319116NNADELA Se recomienda ingerir 2 cápsulas al día, una en la mañana y otra en la noche, preferiblemente después de las comidas, con un vaso de agua. No exceder la dosis diaria indicada. Este producto no debe utilizarse como sustituto de una alimentación equilibrada. Mantener fuera del alcance de los niños. No consumir en caso de hipersensibilidad a alguno de sus componentes. Si está embarazada, lactando o bajo tratamiento médico, consulte a su especialista antes de usarlo. Presentación Registro Sanitario Modo de uso Precauciones y Contraindicaciones No Producto a Pedido Presentación Registro Sanitario Modo de uso Precauciones y Contraindicaciones Producto a Pedido Campos Auxiliares Highlight American Natural Vista Max 500 mg Cápsulas es un suplemento alimenticio formulado con nutrientes que contribuyen al cuidado de la salud ocular. Está diseñado para ayudar a fortalecer la mácula, proteger la visión frente al estrés oxidativo y apoyar el bienestar visual general.",,false_no_registro_sanitario,,
Farmacia Universal,Nat 100 Balance Plus en Polvo Sabor Vainilla - Lata 900 g,Nat 100 Balance Plus en Polvo Sabor Vainilla 900 g Precio + Delivery Gratis,,100.00,PEN,unavailable,https://www.farmaciauniversal.com/nat-100-balance-plus-en-polvo-sabor-vainilla-lata-900-g/p,4610,Diphasac AJR,vtex_catalog_search,2026-06-08T01:12:12.063455+00:00,,"/Vitaminas y Suplementos/Suplementos Nutricionales/Fórmulas Especializadas/ /Vitaminas y Suplementos/Suplementos Nutricionales/ /Vitaminas y Suplementos/ /1/12/29/ /1/12/ /1/ Lata 900 g P2970213E NAKYSA Para preparar una porción de Nat 100 Balance Plus+ al 22%, agregar 55 g de polvo (equivalente a 3 medidas rasas) en 210 mL de agua fría previamente hervida. Agitar bien hasta lograr una disolución completa y obtener una mezcla homogénea. Consumir inmediatamente o refrigerar y consumir dentro de las siguientes 24 horas. Esta preparación aporta aproximadamente 1 kcal por mililitro. Para mayor variedad de sabores y texturas, puede prepararse añadiendo azúcar, frutas, chocolate o nueces. También puede utilizarse licuadora para su preparación. Si el producto es consumido bajo prescripción médica y/o supervisión de un nutricionista, se deben seguir cuidadosamente sus indicaciones. No utilizar por vía intravenosa. Nat 100 Balance Plus+ está formulado para adultos y niños mayores de 4 años, siempre con control médico y monitoreo mediante exámenes de laboratorio clínico según requerimiento. Conservar en un lugar limpio, fresco y seco. Presentación Registro Sanitario Modo de uso Precauciones y Contraindicaciones No Producto a Pedido 1 Presentación Registro Sanitario Modo de uso Precauciones y Contraindicaciones Producto a Pedido Stock Security Campos Auxiliares Highlight Stock Security Nat 100 Balance Plus es un alimento en polvo de textura homogénea, libre de grumos, con consistencia cremosa y color que va del blanco al blanco crema. Presenta un agradable aroma y sabor característico a vainilla, lo que facilita su consumo diario como parte de un plan de alimentación supervisado.",,false_no_registro_sanitario,,
Farmacia Universal,Similac Total Comfort 1 - Lata 800 g,Similac Total Comfort 1 800 g Precio + Delivery Gratis,,168.00,PEN,unavailable,https://www.farmaciauniversal.com/similac-total-comfort-1-lata-800-g/p,32037,Similac,vtex_catalog_search,2026-06-08T01:12:12.067138+00:00,,/Cuidado Infantil/Nutrición Infantil/Fórmulas Infantiles/ /Cuidado Infantil/Nutrición Infantil/ /Cuidado Infantil/ /5/151/167/ /5/151/ /5/ Lata 800 g I1001025ENAABLB Lavar con jabón todos los utensilios que se utilizarán para la preparación y hervirlos durante 5 minutos. Hervir agua potable durante 5 minutos y dejar enfriar hasta que esté tibia. Verter la cantidad necesaria de agua previamente hervida en el recipiente. Agregar una medida al ras del producto por cada 60 ml de agua. Mezclar hasta que el polvo se disuelva completamente y verificar la temperatura antes de alimentar al bebé. Desechar cualquier preparación no utilizada después de una hora. Utilizar bajo recomendación de un profesional de la salud. No usar en casos de galactosemia. Preparar la fórmula siguiendo estrictamente las instrucciones para evitar riesgos para la salud del lactante. Mantener la lata bien cerrada y almacenar en un lugar fresco y seco. Presentación Registro Sanitario Modo de uso Precauciones y Contraindicaciones No Producto a Pedido 1 Presentación Registro Sanitario Modo de uso Precauciones y Contraindicaciones Producto a Pedido Stock Security Campos Auxiliares Highlight Stock Security Similac Total Comfort 1 es una fórmula infantil nutricionalmente completa diseñada para lactantes durante su primer año de vida. Puede ser recomendada por el médico o profesional de la salud cuando se requiere complementar o sustituir la lactancia materna. Su formulación busca facilitar la digestión y contribuir al aporte de nutrientes necesarios para el crecimiento y desarrollo del bebé dentro de una alimentación adecuada.,,false_no_registro_sanitario,,
Farmacia Universal,Infanzia Coligas Solución Oral en Gotas - Frasco 20 ml,Infanzia Coligas Solución Oral en Gotas 20 ml Precio + Delivery Gratis,,32.00,PEN,available,https://www.farmaciauniversal.com/infanzia-coligas-solucion-oral-en-gotas-frasco-20-ml/p,31364,Infanzia,vtex_catalog_search,2026-06-08T01:12:13.085735+00:00,10,"/Cuidado Infantil/Nutrición Infantil/Suplementos Infantiles/ /Cuidado Infantil/Nutrición Infantil/ /Cuidado Infantil/ /5/151/340/ /5/151/ /5/ Frasco 20 ml PNE1631 Administrar 1 gota por cada kilo de peso, según sea necesario. Agitar bien antes de usar. Mantener fuera del alcance de los niños. No exceder la dosis diaria recomendada. En caso de dudas o uso prolongado, consultar con un profesional de la salud. Presentación Registro Sanitario Modo de uso Precauciones y Contraindicaciones No Producto a Pedido 1 Presentación Registro Sanitario Modo de uso Precauciones y Contraindicaciones Producto a Pedido Stock Security Campos Auxiliares Highlight Stock Security Infanzia Coligas Gotas es una fórmula natural a base de extractos de manzanilla, hinojo, melisa y tilo, plantas tradicionalmente utilizadas para favorecer el alivio de cólicos y gases. Su acción ayuda a relajar los músculos gastrointestinales, contribuyendo a reducir espasmos, mejorar la digestión y promover una sensación de bienestar en bebés y niños.",,false_no_registro_sanitario,,
Farmacia Universal,Schuler Uña de Gato 150 mg Cápsulas - Caja 100 und,Schuler Uña de Gato 150 mg Cápsulas 100 und Precio + Delivery Gratis,,52.00,PEN,available,https://www.farmaciauniversal.com/schuler-unia-de-gato-150-mg-capsulas-caja-100-und/p,1039,Schuler,vtex_catalog_search,2026-06-08T01:12:13.096175+00:00,10,"/Vitaminas y Suplementos/Multivitamínicos/Adultos/ /Vitaminas y Suplementos/Multivitamínicos/ /Vitaminas y Suplementos/ /1/344/350/ /1/344/ /1/ Caja 100 und PNN0014 Como preventivo 1 cápsula por día, pudiendo consumir hasta 3 cápsulas diarias en tratamientos específicos. Se recomienda consumir durante periodos prolongados (3 meses). Descontinuar por 1 a 3 semanas y luego reiniciar. Consumir media hora antes de las comidas con agua. Individuos con alergia conocida a la planta Uncaria tomentosa deben evitar su uso. También se desaconseja su consumo durante el embarazo y la lactancia, así como en personas con trastornos autoinmunes o que estén tomando medicamentos inmunosupresores. Se recomienda consultar con un profesional de la salud antes de iniciar el uso de este suplemento, especialmente si se tienen condiciones médicas preexistentes o se está bajo tratamiento médico. Se aconseja evitar su consumo en caso de alergia a la planta Uncaria tomentosa. Las personas embarazadas o en período de lactancia deben consultar a un profesional de la salud antes de utilizar este suplemento. Además, aquellos con trastornos autoinmunes o que estén tomando medicamentos inmunosupresores deben buscar orientación médica previa. Se recomienda seguir las indicaciones de dosificación y, en caso de experimentar efectos secundarios inesperados, interrumpir su uso y consultar a un profesional de la salud. Como medida general, se sugiere la consulta médica antes de comenzar cualquier suplemento, especialmente en presencia de condiciones de salud preexistentes. Presentación Registro Sanitario Modo de uso Precauciones y Contraindicaciones No Producto a Pedido 1 Presentación Registro Sanitario Modo de uso Precauciones y Contraindicaciones Producto a Pedido Stock Security Campos Auxiliares Highlight Stock Security Uña de Gato Schuler es un suplemento que aprovecha los beneficios de la planta Uncaria tomentosa. Con propiedades antioxidantes y antiinflamatorias, respalda el sistema inmunológico y la salud articular. Las cápsulas facilitan su incorporación diaria, ofreciendo un apoyo natural para una mejor salud general.",,false_no_registro_sanitario,,
Farmacia Universal,Multicare Junior Complemento Nutricional Sabor Vainilla - Frasco 1 kg,Multicare Junior Complemento Nutricional Sabor Vainilla 1 kg Precio + Delivery Gratis,,149.99,PEN,available,https://www.farmaciauniversal.com/multicare-junior-complemento-nutricional-sabor-vainilla-frasco-1-kg/p,29337,Medihealth,vtex_catalog_search,2026-06-08T01:12:14.492143+00:00,1,"/Cuidado Infantil/Nutrición Infantil/Fórmulas Infantiles/ /Cuidado Infantil/Nutrición Infantil/ /Cuidado Infantil/ /5/151/167/ /5/151/ /5/ Frasco 1 kg P2970620NNAGUZD Multicare en polvo se diluye en 200 ml de agua u otras bebidas como jugos o yogurt. De preferencia en líquidos con temperatura tibia para una mejor disolución. Evitar su consumo en caso de hipersensibilidad a alguno de sus ingredientes. Almacenar a temperatura ambiente. Mantener fuera del alcance de los niños. Presentación Registro Sanitario Modo de uso Precauciones y Contraindicaciones No Producto a Pedido 1 Presentación Registro Sanitario Modo de uso Precauciones y Contraindicaciones Producto a Pedido Stock Security Campos Auxiliares Highlight Stock Security Multicare Junior es una fórmula nutricional dirigida a niños y jóvenes de 8 a 18 años. Desarrollada para satisfacer las necesidades básicas de crecimiento y regeneracion celular que los jóvenes necesitan. Contiene una gran cantidad de proteínas, aminoácidos escenciales, DHA y ARA.",,false_no_registro_sanitario,,
Farmacia Universal,BIRM Inmunomodulador 40 mg Cápsulas - Frasco 90 und,BIRM Inmunomodulador 40 mg Cápsulas 90 und Precio + Delivery Gratis,,172.01,PEN,available,https://www.farmaciauniversal.com/birm-inmunomodulador-40-mg-capsulas-frasco-90-und/p,27685,BIRM,vtex_catalog_search,2026-06-08T01:12:14.495925+00:00,10,"/Vitaminas y Suplementos/Multivitamínicos/Adultos/ /Vitaminas y Suplementos/Multivitamínicos/ /Vitaminas y Suplementos/ /1/344/350/ /1/344/ /1/ Frasco 90 und PNE1754 Adultos: Tomar 1 cápsula cada 24 horas, con comida. Se recomienda consultar con su médico para obtener una dosis adecuada. Conversar a temperatura no mayor a 30 °C. Algunos pacientes pueden presentar reacciones adversas como pupilas dilatadas y efectos gastrointestinales (diarrea, náuseas y vómitos) Presentación Registro Sanitario Modo de uso Precauciones y Contraindicaciones No Producto a Pedido 1 Presentación Registro Sanitario Modo de uso Precauciones y Contraindicaciones Producto a Pedido Stock Security Campos Auxiliares Highlight Stock Security Complemento alimenticio que ayuda a mantener un sistema inmunológico equilibrado, permitiéndonos contar con las defensas necesarias para prevenir enfermedades. Composición: Extracto de Solanum dulcamara L. 40 mg.",,false_no_registro_sanitario,,
Farmacia Universal,BIRM Inmunomodulador 160 mg Cápsulas - Frasco 90 und,BIRM Inmunomodulador 160 mg Cápsulas 90 und Precio + Delivery Gratis,,599.02,PEN,available,https://www.farmaciauniversal.com/birm-inmunomodulador-160-mg-capsulas-frasco-90-und/p,27684,BIRM,vtex_catalog_search,2026-06-08T01:12:14.496140+00:00,10,"/Vitaminas y Suplementos/Multivitamínicos/Adultos/ /Vitaminas y Suplementos/Multivitamínicos/ /Vitaminas y Suplementos/ /1/344/350/ /1/344/ /1/ Frasco 90 und PNE1726 Adultos: Tomar 1 cápsula cada 24 horas, con comida. Se recomienda consultar con su médico para obtener una dosis adecuada. Conversar a temperatura no mayor a 30 °C. Algunos pacientes pueden presentar reacciones adversas como pupilas dilatadas y efectos gastrointestinales (diarrea, náuseas y vómitos) Presentación Registro Sanitario Modo de uso Precauciones y Contraindicaciones No Producto a Pedido 1 Presentación Registro Sanitario Modo de uso Precauciones y Contraindicaciones Producto a Pedido Stock Security Campos Auxiliares Highlight Stock Security Complemento alimenticio con fórmula concentrada, recomendado para sistemas inmunológicos comprometidos. Actúa como coadyuvante en el tratamiento de enfermedades crónicas. Composición: Extracto de Solanum dulcamara L. 160 mg.",,false_no_registro_sanitario,,
Farmacia Universal,Pedialact Premium Sabor Vainilla - Lata 400 g,Pedialact Premium Sabor Vainilla 400 g Precio + Delivery Gratis,,56.00,PEN,available,https://www.farmaciauniversal.com/pedialact-premium-sabor-vainilla-lata-400-g/p,29202,Pedialact,vtex_catalog_search,2026-06-08T01:12:14.496334+00:00,10,"/Cuidado Infantil/Nutrición Infantil/Fórmulas Infantiles/ /Cuidado Infantil/Nutrición Infantil/ /Cuidado Infantil/ /5/151/167/ /5/151/ /5/ Lata 400 g I3000725ENASNNT Seguir cuidadosamente las instrucciones del envase, con una apropiada higiene, preparación, dilución, uso y almacenamiento. Conservar la lata bien tapada, en un lugar fresco y seco a temperatura ambiente. Presentación Registro Sanitario Modo de uso Precauciones y Contraindicaciones No Producto a Pedido Vainilla Lata 400 g Sabor Presentaciones Presentación Registro Sanitario Modo de uso Precauciones y Contraindicaciones Producto a Pedido Sabor Presentaciones Campos Auxiliares Highlight Filtros Complemento nutricional para niños de 2 a 10 años.",,false_no_registro_sanitario,,
Farmacia Universal,Pedialact Premium Sabor Vainilla - Lata 900 g,Pedialact Premium Vainilla 900 g Precio + Delivery Gratis,,110.00,PEN,available,https://www.farmaciauniversal.com/pedialact-premium-sabor-vainilla-lata-900-g/p,28524,Pedialact,vtex_catalog_search,2026-06-08T01:12:14.496551+00:00,10,"/Cuidado Infantil/Nutrición Infantil/Fórmulas Infantiles/ /Cuidado Infantil/Nutrición Infantil/ /Cuidado Infantil/ /5/151/167/ /5/151/ /5/ Lata 900 g I3000725ENASNNT Seguir cuidadosamente las instrucciones del envase, con una apropiada higiene, preparación, dilución, uso y almacenamiento Conservar la lata bien tapada, en un lugar fresco y seco a temperatura ambiente. Presentación Registro Sanitario Modo de uso Precauciones y Contraindicaciones No Producto a Pedido Vainilla Lata 900 g Sabor Presentaciones 1 Presentación Registro Sanitario Modo de uso Precauciones y Contraindicaciones Producto a Pedido Sabor Presentaciones Stock Security Campos Auxiliares Highlight Filtros Stock Security Complemento nutricional para niños de 2 a 10 años.",,false_no_registro_sanitario,,
Farmacia Universal,Suerox Bebida Hidratante Sabor Mora Azul Hierbabuena - Frasco 630 ml,Suerox Bebida Hidratante Sabor Mora Azul Hierbabuena 630 ml Precio + Delivery Gratis,,6.50,PEN,available,https://www.farmaciauniversal.com/suerox-bebida-hidratante-sabor-mora-azul-hierbabuena-frasco-630-ml/p,27822,Suerox,vtex_catalog_search,2026-06-08T01:12:14.496797+00:00,10,"/Medicinas/Hidratación Oral/Bebidas Rehidratantes/ /Medicinas/Hidratación Oral/ /Medicinas/ /2/40/57/ /2/40/ /2/ Frasco 630 ml P2602822ENAGNLB Se consume directamente del frasco o en vaso, sin necesidad de dilución. Refrigérese después de abierto y consuma lo antes posible. No sustituye el consumo de agua ni tratamientos médicos en casos de deshidratación severa. Conservar en un lugar fresco y evitar exposición directa al sol. Presentación Registro Sanitario Modo de uso Precauciones y Contraindicaciones No No No Producto a Pedido Requiere receta médica Requiere refrigeración Mora Sabor 1 Presentación Registro Sanitario Modo de uso Precauciones y Contraindicaciones Producto a Pedido Requiere receta médica Requiere refrigeración Sabor Stock Security Campos Auxiliares Highlight Filtros Stock Security Suerox Bebida Hidratante sabor Mora Azul Hierbabuena es una bebida con electrolitos pensada para ayudar a reponer líquidos y minerales en el día a día. Está formulada sin azúcar añadida y combina el sabor dulce de la mora azul con el toque refrescante de la hierbabuena..",,false_no_registro_sanitario,,
Farmacia Universal,Colgate Hilo Dental Encerado Menta - Rollo 50 m,Colgate Hilo Dental Encerado Menta 50 m Precio + Delivery Gratis,,14.31,PEN,available,https://www.farmaciauniversal.com/colgate-hilo-dental-encerado-menta-rollo-50-m/p,7824,Colgate,vtex_catalog_search,2026-06-08T01:12:14.503394+00:00,10,"/Cuidado Personal/Cuidado Bucal/Hilos Dentales/ /Cuidado Personal/Cuidado Bucal/ /Cuidado Personal/ /7/208/234/ /7/208/ /7/ Rollo 50 m DM254E Cortar aproximadamente 40 cm de hilo, enrollar en los dedos y deslizar suavemente entre cada diente y la línea de las encías. Usar una vez al día, preferiblemente antes del cepillado nocturno. Uso exclusivo en higiene bucal. Evitar aplicar demasiada presión para no dañar las encías. Mantener fuera del alcance de los niños pequeños. Presentación Registro Sanitario Modo de uso Precauciones y Contraindicaciones No Producto a Pedido 1 Presentación Registro Sanitario Modo de uso Precauciones y Contraindicaciones Producto a Pedido Stock Security Campos Auxiliares Highlight Stock Security Colgate Hilo Dental Encerado Menta sabor menta es un complemento esencial de la higiene bucal diaria. Su recubrimiento encerado facilita el deslizamiento entre los dientes y ayuda a remover placa y restos de alimentos en áreas donde el cepillo no alcanza, dejando una sensación fresca de limpieza.",,false_no_registro_sanitario,,
Farmacia Universal,Listerine Cool Mint Zero Enjuague Bucal - Frasco 500 ml,Listerine Cool Mint Zero Enjuague Bucal 500 ml Precio + Delivery Gratis,,22.71,PEN,available,https://www.farmaciauniversal.com/listerine-cool-mint-zero-enjuague-bucal-frasco-500-ml/p,22555,Listerine,vtex_catalog_search,2026-06-08T01:12:15.103817+00:00,10,"/Cuidado Personal/Cuidado Bucal/Enjuagues Bucales/ /Cuidado Personal/Cuidado Bucal/ /Cuidado Personal/ /7/208/233/ /7/208/ /7/ Frasco 500 ml NSOC4317111CO Enjuagar la boca con 20 ml (aprox. 4 cucharaditas) sin diluir, durante 30 segundos, dos veces al día después del cepillado. No tragar. Uso externo. No indicado en niños menores de 10 años. Mantener fuera del alcance de los niños. En caso de irritación o sensibilidad, suspender su uso y consultar al odontólogo. Presentación Registro Sanitario Modo de uso Precauciones y Contraindicaciones No Producto a Pedido 1 Presentación Registro Sanitario Modo de uso Precauciones y Contraindicaciones Producto a Pedido Stock Security Campos Auxiliares Highlight Stock Security Listerine Cool Mint Zero es un enjuague bucal sin alcohol con sabor a menta fresca. Está formulado para complementar el cepillado diario, ayudando a reducir gérmenes que causan mal aliento y a mantener una sensación prolongada de frescura en la boca, ideal para quienes buscan una opción menos intensa al no contener alcohol.",,false_no_registro_sanitario,,
Farmacia Universal,Similac Total Comfort 1 - Lata 350 g,Similac Total Comfort 1 350 g Precio + Delivery Gratis,,78.00,PEN,available,https://www.farmaciauniversal.com/similac-total-comfort-1-lata-350-g/p,32036,Similac,vtex_catalog_search,2026-06-08T01:12:15.114189+00:00,100,"/Cuidado Infantil/Nutrición Infantil/Fórmulas Infantiles/ /Cuidado Infantil/Nutrición Infantil/ /Cuidado Infantil/ /5/151/167/ /5/151/ /5/ Lata 350 g I1001025ENAABLB Añada el contenido de una cuchara medidora al ras de Similac por cada 60mL (2 oz fl) de agua previamente hervida. Mezcle bien y alimente al lactante inmediatamente o mantenga la preparación refrigerada entre 2°C – 4°C por no más de 24 horas. Una vez iniciada la alimentación, úsela dentro de la hora o deséchela. Al preparar la fórmula es importante seguir las instrucciones de higiene, manejo y almacenamiento. No seguir estrictamente las indicaciones podrían ser perjudicial para la salud del lactante La lactancia materna es el mejor alimento para el lactante. Utilizar este producto solo bajo recomendación médica o nutricional. No preparar con agua no hervida ni almacenar restos del producto preparado. Mantener fuera del alcance de los niños. Presentación Registro Sanitario Modo de uso Precauciones y Contraindicaciones No Producto a Pedido Presentación Registro Sanitario Modo de uso Precauciones y Contraindicaciones Producto a Pedido Campos Auxiliares Highlight Similac Total Comfort 1 es una fórmula infantil diseñada para lactantes desde el nacimiento hasta los 12 meses, utilizada como alternativa o complemento a la lactancia materna cuando así lo indica un profesional de la salud. Su formulación está orientada a una fácil digestión y puede formar parte de la alimentación diaria del bebé dentro de un plan nutricional supervisado, adaptándose a las necesidades de esta etapa de crecimiento.",,false_no_registro_sanitario,,
Farmacia Universal,Alula Gold Etapa 3 Premium - Lata 900 g,Alula Gold Etapa 3 Premium 900 g Precio + Delivery Gratis,,97.96,PEN,available,https://www.farmaciauniversal.com/alula-gold-etapa-3-premium-lata-900-g/p,31793,Alula Gold,vtex_catalog_search,2026-06-08T01:12:15.534017+00:00,10,"/Cuidado Infantil/Nutrición Infantil/Fórmulas Infantiles/ /Cuidado Infantil/Nutrición Infantil/ /Cuidado Infantil/ /5/151/167/ /5/151/ /5/ Lata 900 g I3000625ENASNNT Lave bien sus manos y todos los utensilios. Hierva agua potable y déjela enfriar hasta aproximadamente 40 °C. Vierta la cantidad de agua en el biberón, añada la medida exacta de polvo según la tabla de alimentación del envase, cierre y agite bien hasta disolver. Consumir inmediatamente. La leche materna es el mejor alimento para los bebés. Este producto debe usarse bajo recomendación y supervisión médica. No reutilice restos de fórmula preparada. Almacenar en un lugar fresco y seco, bien cerrado y consumir dentro de 4 semanas después de abierto. Presentación Registro Sanitario Modo de uso Precauciones y Contraindicaciones No Producto a Pedido Presentación Registro Sanitario Modo de uso Precauciones y Contraindicaciones Producto a Pedido Campos Auxiliares Highlight Alula Gold Etapa 3 Premium es una fórmula infantil en polvo, como complemento de una alimentación variada y equilibrada. Su formulación está orientada a acompañar las necesidades nutricionales propias de esta etapa de crecimiento, cuando la lactancia materna no es posible o resulta insuficiente, bajo recomendación de un profesional de la salud.",,false_no_registro_sanitario,,
Farmacia Universal,Dinoa Pitahaya Plus en Polvo - Frasco 80 g,Dinoa Pitahaya Plus en Polvo 80 g Precio + Delivery Gratis,,42.00,PEN,unavailable,https://www.farmaciauniversal.com/dinoa-pitahaya-plus-en-polvo-frasco-80-g/p,30340,Dinoa,vtex_catalog_search,2026-06-08T01:12:15.541052+00:00,,"/Vitaminas y Suplementos/Multivitamínicos/Digestivos/ /Vitaminas y Suplementos/Multivitamínicos/ /Vitaminas y Suplementos/ /1/344/352/ /1/344/ /1/ Frasco 80 g N8327724N/NANVSC Una cucharadita equivale a 2 g y puede mezclarse con jugo u otra bebida de su preferencia. Se recomienda consumirlo una vez al día, 10 minutos antes o después de los alimentos. No se recomienda su consumo durante el embarazo, la lactancia ni en niños menores de 12 años. Conservar en un lugar fresco y seco. Presentación Registro Sanitario Modo de uso Precauciones y Contraindicaciones No Producto a Pedido Presentación Registro Sanitario Modo de uso Precauciones y Contraindicaciones Producto a Pedido Campos Auxiliares Highlight Dinoa Pitahaya Plus en Polvo es un complemento natural que favorece el bienestar digestivo. Su fórmula ayuda a combatir el estreñimiento severo, mejorar la digestión y promover la salud intestinal. Además, contribuye a la reducción de los niveles de azúcar en la sangre, apoyando el equilibrio metabólico.",,false_no_registro_sanitario,,
Farmacia Universal,Pedialyte Max 60 mEq Sabor Manzana - Frasco 500 ml,Pedialyte Max 60 mEq Manzana 500 ml Precio + Delivery Gratis,,9.99,PEN,available,https://www.farmaciauniversal.com/pedialyte-max-60-meq-sabor-manzana-frasco-500-ml/p,21760,Pedialyte,vtex_catalog_search,2026-06-08T01:12:16.798410+00:00,10,"/Medicinas/Hidratación Oral/Sueros con Electrolitos/ /Medicinas/Hidratación Oral/ /Medicinas/ /2/40/56/ /2/40/ /2/ Frasco 500 ml P2802418ENAABLB 1. Quite la tapa. 2. Quite el sello protector de aluminio y consuma. 3. Para cerrar, dé vuelta a la tapa fi rmemente. No consuma si el sello protector está roto. Una vez abierto el envase, consúmase el contenido dentro de las 24 horas siguientes y deséchese el sobrante. Mantenga fuera del alcance de los niños. Almacene a una temperatura menor a 30°. Durante el embarazo o período de lactancia consulte a su médico. Presentación Registro Sanitario Modo de uso Precauciones y Contraindicaciones No No No Producto a Pedido Requiere receta médica Requiere refrigeración Manzana Sabor 1 Presentación Registro Sanitario Modo de uso Precauciones y Contraindicaciones Producto a Pedido Requiere receta médica Requiere refrigeración Sabor Stock Security Campos Auxiliares Highlight Filtros Stock Security Pedialyte® Max 60 es una bebida hidratante recomendado para reponer el agua y electrolitos perdidos de manera excesiva.",,false_no_registro_sanitario,,
Farmacia Universal,Pedialyte Max 60 mEq Sabor Uva - Frasco 500 ml,Pedialyte Max 60 mEq Uva 500 ml Precio + Delivery Gratis,,9.99,PEN,available,https://www.farmaciauniversal.com/pedialyte-max-60-meq-sabor-uva-frasco-500-ml/p,21543,Pedialyte,vtex_catalog_search,2026-06-08T01:12:16.798738+00:00,10,"/Medicinas/Hidratación Oral/Sueros con Electrolitos/ /Medicinas/Hidratación Oral/ /Medicinas/ /2/40/56/ /2/40/ /2/ Frasco 500 ml P2801718ENAABLB 1. Quite la tapa. 2. Quite el sello protector de aluminio y consuma. 3. Para cerrar, dé vuelta a la tapa fi rmemente. No consuma si el sello protector está roto. Una vez abierto el envase, consúmase el contenido dentro de las 24 horas siguientes y deséchese el sobrante. Mantenga fuera del alcance de los niños. Almacene a una temperatura menor a 30°. Durante el embarazo o período de lactancia consulte a su médico. Presentación Registro Sanitario Modo de uso Precauciones y Contraindicaciones No No No Producto a Pedido Requiere receta médica Requiere refrigeración Uva Sabor 1 Presentación Registro Sanitario Modo de uso Precauciones y Contraindicaciones Producto a Pedido Requiere receta médica Requiere refrigeración Sabor Stock Security Campos Auxiliares Highlight Filtros Stock Security Pedialyte® Max 60 es una bebida hidratante recomendado para reponer el agua y electrolitos perdidos de manera excesiva.",,false_no_registro_sanitario,,
Farmacia Universal,Pedialyte 30 mEq Sabor Cereza - Frasco 500 ml,Pedialyte 30 mEq Cereza 500 ml Precio + Delivery Gratis,,8.30,PEN,available,https://www.farmaciauniversal.com/pedialyte-30-meq-sabor-cereza-frasco-500-ml/p,10118,Pedialyte,vtex_catalog_search,2026-06-08T01:12:16.799050+00:00,100,"/Medicinas/Hidratación Oral/Sueros con Electrolitos/ /Medicinas/Hidratación Oral/ /Medicinas/ /2/40/56/ /2/40/ /2/ Frasco 500 ml P2800312ENAABLB 1. Quite la tapa. 2. Quite el sello protector de aluminio y consuma. 3. Para cerrar, dé vuelta a la tapa firmemente. No consuma si el sello protector está roto. Una vez abierto el envase, consúmase el contenido dentro de las 24 horas siguientes y deséchese el sobrante. Mantenga fuera del alcance de los niños. Almacene a una temperatura menor a 30°. No usar en niños con condiciones de diarrea o deshidratación severa. Presentación Registro Sanitario Modo de uso Precauciones y Contraindicaciones No No No Producto a Pedido Requiere receta médica Requiere refrigeración Cereza Sabor 1 Presentación Registro Sanitario Modo de uso Precauciones y Contraindicaciones Producto a Pedido Requiere receta médica Requiere refrigeración Sabor Stock Security Campos Auxiliares Highlight Filtros Stock Security Pedialyte 30 es recomendado para reponer el agua y electrolitos perdidos por climas cálidos, actividad física intensa e insolación.",,false_no_registro_sanitario,,
Farmacia Universal,Pedialyte Max 60 mEq Sabor Fresa - Frasco 500 ml,Pedialyte Max 60 mEq Fresa 500 ml Precio + Delivery Gratis,,9.99,PEN,available,https://www.farmaciauniversal.com/pedialyte-max-60-meq-sabor-fresa-frasco-500-ml/p,26004,Pedialyte,vtex_catalog_search,2026-06-08T01:12:16.800454+00:00,10,"/Medicinas/Hidratación Oral/Sueros con Electrolitos/ /Medicinas/Hidratación Oral/ /Medicinas/ /2/40/56/ /2/40/ /2/ Frasco 500 ml P2801718ENAABLB 1. Quite la tapa. 2. Quite el sello protector de aluminio y consuma. 3. Para cerrar, dé vuelta a la tapa fi rmemente. No consuma si el sello protector está roto. Una vez abierto el envase, consúmase el contenido dentro de las 24 horas siguientes y deséchese el sobrante. Mantenga fuera del alcance de los niños. Almacene a una temperatura menor a 30°. Durante el embarazo o período de lactancia consulte a su médico. Presentación Registro Sanitario Modo de uso Precauciones y Contraindicaciones No No No Producto a Pedido Requiere receta médica Requiere refrigeración Fresa Sabor 1 Presentación Registro Sanitario Modo de uso Precauciones y Contraindicaciones Producto a Pedido Requiere receta médica Requiere refrigeración Sabor Stock Security Campos Auxiliares Highlight Filtros Stock Security Pedialyte® Max 60 es una bebida hidratante recomendado para reponer el agua y electrolitos perdidos de manera excesiva.",,false_no_registro_sanitario,,
Farmacia Universal,Pedialyte 30 mEq Sabor Manzana - Frasco 500 ml,Pedialyte 30 mEq Manzana 500 ml Precio + Delivery Gratis,,8.30,PEN,available,https://www.farmaciauniversal.com/pedialyte-30-meq-sabor-manzana-frasco-500-ml/p,21761,Pedialyte,vtex_catalog_search,2026-06-08T01:12:16.800780+00:00,100,"/Medicinas/Hidratación Oral/Sueros con Electrolitos/ /Medicinas/Hidratación Oral/ /Medicinas/ /2/40/56/ /2/40/ /2/ Frasco 500 ml P2802518ENAABLB 1. Quite la tapa. 2. Quite el sello protector de aluminio y consuma. 3. Para cerrar, dé vuelta a la tapa firmemente. No consuma si el sello protector está roto. Una vez abierto el envase, consúmase el contenido dentro de las 24 horas siguientes y deséchese el sobrante. Mantenga fuera del alcance de los niños. Almacene a una temperatura menor a 30°. No usar en niños con condiciones de diarrea o deshidratación severa. Presentación Registro Sanitario Modo de uso Precauciones y Contraindicaciones No No No Producto a Pedido Requiere receta médica Requiere refrigeración Manzana Sabor 1 Presentación Registro Sanitario Modo de uso Precauciones y Contraindicaciones Producto a Pedido Requiere receta médica Requiere refrigeración Sabor Stock Security Campos Auxiliares Highlight Filtros Stock Security Pedialyte 30 es recomendado para reponer el agua y electrolitos perdidos por climas cálidos, actividad física intensa e insolación.",,false_no_registro_sanitario,,
Farmacia Universal,Silmag Sonda Transpilórica 100% Silicona con Lastre y Mandril N°14 - Sobre 1 und,Silmag Sonda Transpilórica 100% Silicona con Lastre y Mandril N°14 1 und Precio + Delivery Gratis,,370.00,PEN,available,https://www.farmaciauniversal.com/silmag-sonda-transpilorica-100-silicona-con-lastre-y-mandril-n14-sobre-1-und/p,4141,Silmag,vtex_catalog_search,2026-06-08T01:12:17.942010+00:00,10,"/Dispositivos Médicos/Dispositivos Gastrointestinales/Sondas Gastrointestinales/ /Dispositivos Médicos/Dispositivos Gastrointestinales/ /Dispositivos Médicos/ /3/78/119/ /3/78/ /3/ Sobre 1 und DM22543E Producto hospitalario. Usar bajo supervisión médica. Producto estéril de un solo uso. No reutilizar. Mantener en envase cerrado hasta el momento de uso. Evitar en pacientes con contraindicaciones para nutrición enteral. Presentación Registro Sanitario Modo de uso Precauciones y Contraindicaciones No Si Producto a Pedido Requiere receta médica 1 Presentación Registro Sanitario Modo de uso Precauciones y Contraindicaciones Producto a Pedido Requiere receta médica Stock Security Campos Auxiliares Highlight Stock Security Silmag Sonda Transpilórica es un dispositivo médico estéril diseñado para pacientes imposibilitados de ingerir alimentos y medicamentos por vía oral. Pacientes con reflujo gastroesofágico y malformaciones del tracto digestivo alto. Pacientes sometidos a cirugías gastroesofágicas y pacientes con pancreatitis. Fabricado en 100% silicona, lo que garantiza biocompatibilidad, flexibilidad y resistencia. Incluye lastre para facilitar la colocación y un mandril que ayuda a su inserción segura y precisa.",,false_no_registro_sanitario,,
Farmacia Universal,Enterasil Sonda Nasogástrica 100% Silicona N° 16 - Sobre 1 und,Enterasil Sonda Nasogástrica 100% Silicona N° 16 1 und Precio + Delivery Gratis,,200.39,PEN,available,https://www.farmaciauniversal.com/enterasil-sonda-nasogastrica-100-silicona-n-16-sobre-1-und/p,29368,Enterasil,vtex_catalog_search,2026-06-08T01:12:17.944348+00:00,10,"/Dispositivos Médicos/Dispositivos Gastrointestinales/Sondas Gastrointestinales/ /Dispositivos Médicos/Dispositivos Gastrointestinales/ /Dispositivos Médicos/ /3/78/119/ /3/78/ /3/ Sobre 1 und DM27538E Usar bajo indicaciones médicas. Uso hospitalario y bajo supervisión profesional. Producto estéril de un solo uso. No reutilizar ni usar si el envase está dañado. Desechar adecuadamente tras su uso. Presentación Registro Sanitario Modo de uso Precauciones y Contraindicaciones No Si Producto a Pedido Requiere receta médica 0 Presentación Registro Sanitario Modo de uso Precauciones y Contraindicaciones Producto a Pedido Requiere receta médica Stock Security Campos Auxiliares Highlight Stock Security Sonda nasogástrica fabricada en 100% silicona de grado médico, tamaño N°16, diseñada para nutrición enteral y drenaje gástrico en pacientes que requieren apoyo clínico. Su material suave y flexible reduce el riesgo de irritación, permitiendo una colocación segura y mayor confort en terapias prolongadas.",,false_no_registro_sanitario,,
Farmacia Universal,Set Varoline para Aplicación de Nutrición Enteral - Bolsa 1 und,Set Varoline para Aplicación de Nutrición Enteral Precio + Delivery Gratis,,29.90,PEN,available,https://www.farmaciauniversal.com/set-varoline-para-aplicacion-de-nutricion-enteral-bolsa-1-und/p,25100,Fresenius Kabi,vtex_catalog_search,2026-06-08T01:12:17.945107+00:00,10,"/Dispositivos Médicos/Dispositivos Gastrointestinales/Bolsas de Alimentación Enteral/ /Dispositivos Médicos/Dispositivos Gastrointestinales/ /Dispositivos Médicos/ /3/78/120/ /3/78/ /3/ Bolsa 1 und M16262E Utilizar bajo la indicación y supervisión de un profesional de salud. Producto de un solo uso, no reutilizar. Asegurarse de que todas las conexiones estén bien fijadas antes de iniciar la infusión. Mantener en lugar limpio y seco hasta el momento de uso. Presentación Registro Sanitario Modo de uso Precauciones y Contraindicaciones No No Producto a Pedido Requiere receta médica 1 Presentación Registro Sanitario Modo de uso Precauciones y Contraindicaciones Producto a Pedido Requiere receta médica Stock Security Campos Auxiliares Highlight Stock Security Set Varoline está diseñado para la administración de nutrición enteral de manera segura y eficiente. Fabricado con materiales resistentes, garantiza un flujo controlado de los nutrientes, contribuyendo a una alimentación adecuada en pacientes que requieren soporte nutricional por vía enteral. Incluye conexiones estandarizadas que facilitan el uso con bolsas y equipos de nutrición, reduciendo el riesgo de fugas o contaminación.",,false_no_registro_sanitario,,
Farmacia Universal,Orasi Bebida de Avena + Proteína - Caja 1 litro,Orasi Bebida de Avena + Proteína 1 litro Precio + Delivery Gratis,,15.00,PEN,available,https://www.farmaciauniversal.com/orasi-bebida-de-avena-proteina-caja-1-litro/p,29827,Orasí,vtex_catalog_search,2026-06-08T01:12:19.460155+00:00,10,"/Productos Saludables/Bebidas/Bebidas Vegetales/ /Productos Saludables/Bebidas/ /Productos Saludables/ /9/429/430/ /9/429/ /9/ Caja 1 litro P2756124ENAMSMR Se puede añadir al café, proporcionando una alternativa vegetal con notas de manzana y avellana. Además, es adecuada para beber sola, ya sea fría o caliente, según las preferencias del consumidor. No es adecuada para personas con intolerancia al gluten o enfermedad celíaca. Si toma medicamentos para la diabetes, consulte a su médico antes de consumirla. Puede causar gases o hinchazón en algunas personas, por lo que es recomendable empezar con poca cantidad. Conserve el producto en un lugar fresco y seco. Después de abrirlo, refrigérelo y consúmalo en 4 a 5 días. Presentación Registro Sanitario Modo de uso Precauciones y Contraindicaciones No Producto a Pedido 0 Presentación Registro Sanitario Modo de uso Precauciones y Contraindicaciones Producto a Pedido Stock Security Campos Auxiliares Highlight Stock Security Orasi Bebida de Avena + Proteína es una bebida vegetal que combina avena y proteínas de guisante, ofreciendo una fuente de proteína vegetal respetuosa con el medio ambiente. Apto para dietas veganas y vegetarianas.",,false_no_registro_sanitario,,
Farmacia Universal,Drasanvi Colágeno Marino Hidrolizado Cremigel - Tubo 75 ml,Drasanvi Colágeno Marino Hidrolizado Cremigel 75 ml Precio + Delivery Gratis,,35.20,PEN,available,https://www.farmaciauniversal.com/drasanvi-colageno-marino-hidrolizado-cremigel-tubo-75-ml/p,27951,Drasanvi,vtex_catalog_search,2026-06-08T01:12:21.668672+00:00,1,"/Medicinas/Fiebre y Dolor General/Antiinflamatorios Tópicos/ /Medicinas/Fiebre y Dolor General/ /Medicinas/ /2/37/47/ /2/37/ /2/ Tubo 75 ml NSOC5379622PE Aplicar en cualquier momento del día y masajear hasta su completa absorción. A continuación, lavar las manos con abundante agua. Evite el contacto con ojos y mucosas. No aplicar sobre llagas o heridas abiertas. Mantener fuera del alcance de los niños. Suspenda su uso si observa alguna reacción desfavorable, y si esta persiste consulte a su médico. Mantener fuera del alcance de los niños. Conservar en un lugar fresco y seco Presentación Registro Sanitario Modo de uso Precauciones y Contraindicaciones No No No Producto a Pedido Requiere receta médica Requiere refrigeración 0 Presentación Registro Sanitario Modo de uso Precauciones y Contraindicaciones Producto a Pedido Requiere receta médica Requiere refrigeración Stock Security Campos Auxiliares Highlight Stock Security Collmar cremi-gel efecto frío alivia y reduce las molestias cotidianas. Los ingredientes que contiene su formulación activan y mejoran la circulación. Ideal para aliviar y calmar piernas cansadas o cualquier otra parte del cuerpo que sienta pesadez muscular o sensación de fatiga. Se puede utilizar tanto para la práctica deportiva (de preferencia, después del ejercicio), asi como para el día a día de cualquier persona que sufra de dolor muscular leve. Su fórmula está enriquecida con Colágeno Marino y aceites esenciales quimiotipados de Gaulteria y Cúrcuma.",,false_no_registro_sanitario,,
Farmacia Universal,Vid Natur Colágeno Hidrolizado y Camu Camu en Polvo - Frasco 500 g,Vid Natur Colágeno Hidrolizado y Camu Camu en Polvo 500 g Precio + Delivery Gratis,,99.00,PEN,available,https://www.farmaciauniversal.com/vid-natur-colageno-hidrolizado-y-camu-camu-en-polvo-lata-500-g/p,20823,Vid Natur,vtex_catalog_search,2026-06-08T01:12:21.673945+00:00,10,"/Vitaminas y Suplementos/Minerales y Otros/Colágenos/ /Vitaminas y Suplementos/Minerales y Otros/ /Vitaminas y Suplementos/ /1/10/323/ /1/10/ /1/ Frasco 500 g I8904522NNEGONT Tomar de 1 a 2 cucharadas disueltas en una bebida, una vez al día. Estos productos no pretenden sustituir medicamentos recomendados por su médico. Presentación Registro Sanitario Modo de uso Precauciones y Contraindicaciones No Producto a Pedido 1 Presentación Registro Sanitario Modo de uso Precauciones y Contraindicaciones Producto a Pedido Stock Security Campos Auxiliares Highlight Stock Security El colágeno es una proteína que está presente en todos los órganos y tejidos del cuerpo. Desempeña un papel importante al brindar elasticidad y flexibilidad a la piel, huesos y, especialmente, a los cartílagos. Por su parte, el camu camu es un fruto de la Amazonía peruana que posee una gran concentración de vitamina C, nutriente fundamental para la absorción del colágeno.",,false_no_registro_sanitario,,
Farmacia Universal,Isdin Acniben Mascarilla Facial Purificante - Frasco 75 ml,Isdin Acniben Mascarilla Facial Purificante 75 ml Precio + Delivery Gratis,,104.90,PEN,unavailable,https://www.farmaciauniversal.com/isdin-acniben-mascarilla-facial-purificante-frasco-75-ml/p,29016,Isdin,vtex_catalog_search,2026-06-08T01:12:24.685675+00:00,,"/Dermocosmética/Limpieza Facial/Exfoliantes Faciales/ /Dermocosmética/Limpieza Facial/ /Dermocosmética/ /6/169/178/ /6/169/ /6/ Frasco 75 ml NSOC6058123PE Aplica una capa 1 o 2 veces por semana, deja que seque durante 10-15 minutos y retírala. Evitar el contacto con ojos y mucosas. En caso de contacto con los ojos, lavar con abundante agua. Mantener el producto fuera del alcance de los nin~os. Presentación Registro Sanitario Modo de uso Precauciones y Contraindicaciones No Producto a Pedido 0 Presentación Registro Sanitario Modo de uso Precauciones y Contraindicaciones Producto a Pedido Stock Security Campos Auxiliares Highlight Stock Security Limpia en profundidad y ayuda a disminuir el exceso de sebo de forma inmediata. Proporciona un extra de higiene a la piel grasa o con tendencia acneica gracias a Acniben® Mascarilla Facial Purificante. Limpia en profundidad y disminuye el exceso de sebo de forma inmediata, ayudando a reducir brillos e imperfecciones como granitos o puntos negros. No comedogénico, mineral oil free.",,false_no_registro_sanitario,,
Farmacia Universal,Enterogermina 2000 millones/5 ml Frascos Bebibles - Caja 10 und,Enterogermina 2000 millones/5 ml Frascos Bebibles 10 und Precio + Delivery Gratis,,41.10,PEN,unavailable,https://www.farmaciauniversal.com/enterogermina-2-billion5-ml-frascos-bebibles-caja-10-und/p,12659,Enterogermina,vtex_catalog_search,2026-06-08T01:12:28.283968+00:00,,"/Vitaminas y Suplementos/Multivitamínicos/Digestivos/ /Vitaminas y Suplementos/Multivitamínicos/ /Vitaminas y Suplementos/ /1/344/352/ /1/344/ /1/ Caja 10 und BE00409 Adultos: 2-3- frascos diarios. Niños: 1-2 frascos diarios. Lactantes: 1-2 frascos diarios. Advertencias y precauciones: No tome Enterogermina si es alérgico a las esporas de Bacillus clausii o a cualquiera de los componentes del producto. Medicamento solo para uso oral. No inyectar o administrar por otra vía. Un uso incorrecto del medicamento ha provocado reacciones anafilácticas graves. Si recibe antibióticos, tome Enterogermina en el intervalo entre una y otra dosis del antibiótico. La presencia de partículas visibles en los frascos de Enterogermina se debe a agregados de esporas de Bacillus clausii, y no indica que el producto haya sufrido cambios. Presentación Registro Sanitario Modo de uso Precauciones y Contraindicaciones No Producto a Pedido 1 Presentación Registro Sanitario Modo de uso Precauciones y Contraindicaciones Producto a Pedido Stock Security Campos Auxiliares Highlight Stock Security Enterogermina es el probiótico que cuida la salud digestiva de tu familia mediante sus 4 acciones: fortalece, protege, restaura y alivia. Su composición de 4 cepas de Bacillus clausii le permiten resistir a los antibióticos más comunes y asi ayudar a prevenir un desbalance intestinal. Su forma en esporas le permite llegar al intestino y comenzar a actuar ahí donde se necesita. Enterogermina se compone de 2 mil millones de esporas de Bacillus clausii y agua. Cada frasco contiene 5mL de la suspensión, siendo la dosis recomendada de 2 a 3 frascos para adultos y 1 a 2 frascos para niños y lactantes⁵. Sus beneficios pueden ser aprovechados por toda la familia (adultos y niños*).",,false_no_registro_sanitario,,
Farmacia Universal,Pack x 30 Pediasure Bebible Sabor Chocolate 220 ml c/u,Precio + Delivery Gratis,,302.40,PEN,unavailable,https://www.farmaciauniversal.com/pack-x-30-pediasure-bebible-sabor-chocolate-220-ml-c-u/p,99244,Pediasure,vtex_catalog_search,2026-06-08T01:12:30.762291+00:00,,"/Cuidado Infantil/Nutrición Infantil/Fórmulas Infantiles/ /Cuidado Infantil/Nutrición Infantil/ /Cuidado Infantil/ /5/151/167/ /5/151/ /5/ Pack Promocional I4101221ENAABLB Agitar bien antes de usar. Se puede consumir frío o a temperatura ambiente. Si el envase ya ha sido abierto, se debe tapar, refrigerar y usar dentro de las siguientes 24 horas. No debe administrarse por vía parenteral. Este producto está pensado como complemento de una dieta completa y variada, y no debe sustituir alimentos principales. Se recomienda consultar al pediatra o nutricionista antes de incluirlo en la alimentación del niño. En caso de presentar alergias o intolerancias, verificar los ingredientes e informar al profesional de salud. Presentación Registro Sanitario Modo de uso Precauciones y Contraindicaciones No Producto a Pedido Presentación Registro Sanitario Modo de uso Precauciones y Contraindicaciones Producto a Pedido Campos Auxiliares Highlight PediaSure está recomendado para niños: Con patrones de crecimiento por debajo de los de su misma edad. Con requisitos nutricionales y calóricos incrementados. Con desnutrición o ingesta reducida de alimentos por disminución del apetito. Consulte a su médico acerca de las necesidades de alimentación específificas de su. hijo. Con 5 grupos de nutrientes que apoyan el crecimiento y desarrollo.",,false_no_registro_sanitario,,
Farmacia Universal,Neurodioxaflex Comprimidos - Blíster 4 und,Neurodioxaflex Comprimidos 4 und,,10.80,PEN,available,https://www.farmaciauniversal.com/neurodioxaflex-comprimidos-blister-4-und/p,28773,Bagó,vtex_catalog_search,2026-06-08T01:12:38.721081+00:00,100,/Medicinas/Sistema Nervioso/Vitaminas Neuroprotectoras/ /Medicinas/Sistema Nervioso/ /Medicinas/ /2/416/432/ /2/416/ /2/ Blíster 4 und EN09358 Presentación Registro Sanitario No Si No Producto a Pedido Requiere receta médica Requiere refrigeración 1 Presentación Registro Sanitario Producto a Pedido Requiere receta médica Requiere refrigeración Stock Security Campos Auxiliares Highlight Stock Security De venta con receta médica. Evite automedicarse. Usar según indicaciones de su médico tratante.,,false_no_registro_sanitario,,
Farmacia Universal,Aurocoat Plus 3% + 4% Jeringa Precargada - Jeringa 1 ml,Aurocoat Plus 3% + 4% Jeringa Precargada 1 ml Precio + Delivery Gratis,,270.00,PEN,available,https://www.farmaciauniversal.com/aurocoat-plus-3-4-jeringa-precargada-jeringa-1-ml/p,28161,Aurolab,vtex_catalog_search,2026-06-08T01:12:41.275759+00:00,10,"/Dispositivos Médicos/Dispositivos Oftálmicos/Cirugía Ocular/ /Dispositivos Médicos/Dispositivos Oftálmicos/ /Dispositivos Médicos/ /3/80/126/ /3/80/ /3/ Jeringa 1 ml Hialuronato 3%, Condroitín 4% DM22664E Debe ser colocada por personal médico. Uso profesional exclusivo. Verifique que el envase esté intacto y en condiciones estériles. Evite la contaminación del contenido. No reutilizar. No indicado para pacientes con hipersensibilidad a alguno de los componentes. Seguir estrictamente las instrucciones del cirujano y del fabricante. Presentación Principio Activo Registro Sanitario Modo de uso Precauciones y Contraindicaciones No Si Producto a Pedido Requiere receta médica 1 Presentación Principio Activo Registro Sanitario Modo de uso Precauciones y Contraindicaciones Producto a Pedido Requiere receta médica Stock Security Campos Auxiliares Highlight Stock Security El viscoquirúrgico Aurocoat Plus de la marca Aurolab es una jeringa precargada de 1 ml que combina ácido hialurónico al 3 % y condroitina al 4%. Está diseñado para proteger los tejidos intraoculares y facilitar la cirugía en el segmento anterior del ojo, como en la operación de catarata.",,false_no_registro_sanitario,,
Farmacia Universal,Cosheal EGF Boost Ampoule Serum Revitalizante - Frasco 45 ml,Cosheal EGF Boost Ampoule Serum Revitalizante 45 ml Precio + Delivery Gratis,,151.90,PEN,available,https://www.farmaciauniversal.com/cosheal-egf-boost-ampoule-serum-revitalizante-frasco-45-ml/p,32761,Cosheal,vtex_catalog_search,2026-06-08T01:12:43.375381+00:00,10,"/Dermocosmética/Serums y Ampollas/Antiedad/ /Dermocosmética/Serums y Ampollas/ /Dermocosmética/ /6/174/197/ /6/174/ /6/ Frasco 45 ml NSOC0036225EC Aplicar unas gotas sobre la piel limpia y distribuir uniformemente mediante suaves movimientos hasta su absorción. Suspender el uso del producto si presenta irritación o cualquier reacción desfavorable. No aplicar sobre heridas abiertas o cicatrices recientes. Uso externo. Mantener alejado de los niños. Presentación Registro Sanitario Modo de uso Precauciones y Contraindicaciones No Producto a Pedido 0 Presentación Registro Sanitario Modo de uso Precauciones y Contraindicaciones Producto a Pedido Stock Security Campos Auxiliares Highlight Stock Security Cosheal EGF Boost Ampoule Serum Revitalizante es un sérum facial formulado con factores de crecimiento epidérmico (EGF), péptidos y aminoácidos, ingredientes utilizados en el cuidado de la piel para contribuir al mantenimiento de su elasticidad y firmeza. Los péptidos participan en el acondicionamiento cutáneo y ayudan a mejorar la apariencia de la piel, mientras que los aminoácidos forman parte de los componentes naturales que contribuyen a mantener la hidratación y función barrera. Su fórmula está orientada a complementar rutinas de cuidado facial enfocadas en la revitalización de la piel y el cuidado de los signos visibles asociados al envejecimiento cutáneo.",,false_no_registro_sanitario,,
Farmacia Universal,Nivea Sun Q10 Protector Solar Antimanchas FPS50 - Tubo 50 ml,Nivea Sun Q10 Protector Solar Antimanchas FPS50 50 ml Precio + Delivery Gratis,,58.41,PEN,available,https://www.farmaciauniversal.com/nivea-sun-q10-protector-solar-antimanchas-fps50-tubo-50-ml/p,27325,Nivea,vtex_catalog_search,2026-06-08T01:12:44.463892+00:00,10,"/Cuidado Personal/Cuidado Facial/Bloqueadores Faciales/ /Cuidado Personal/Cuidado Facial/ /Cuidado Personal/ /7/206/223/ /7/206/ /7/ Tubo 50 ml NSOC9886320CO Aplica una cantidad generosa antes de la exposición solar. Permite que se absorba completamente y evita el contacto directo con tejidos y superficies duras para prevenir manchas. Evita el intenso sol de mediodía. Reaplica la crema facial con frecuencia, especialmente después de bañarte, de secarte con la toalla o de transpirar, con el fin de mantener la protección inicial. El uso de una menor cantidad reducirá el nivel de protección significativamente. Evítese el contacto directo con los ojos, manténgase fuera del alcance de los niños. Presentación Registro Sanitario Modo de uso Precauciones y Contraindicaciones No Producto a Pedido 0 Presentación Registro Sanitario Modo de uso Precauciones y Contraindicaciones Producto a Pedido Stock Security Campos Auxiliares Highlight Stock Security Protección Ultra Espectro: Protege la piel de los daños inducidos por los rayos UVA / UVB y de los efectos de la Luz Visible de Alta Energía (también conocida como Luz Azul), tales como el envejecimiento prematuro Para la Delicada Piel del Rostro: La fórmula con Q10 previene y combate la aparición de líneas, arrugas y manchas de pigmentación inducidas por el sol. Desarrollada para Piel Normal/Seca: Sensación ligera y sedosa en la piel. Sostenibilidad - Respetuoso con los Océanos: sin los filtros UV Octinoxato, Oxibenzona ni Octocrileno.",,false_no_registro_sanitario,,
Farmacia Universal,Digermin 2000 millones UFC/5 ml Suspensión Oral Ampollas - Caja 10 und,Digermin 2000 millones UFC/5 ml Suspensión Oral Ampollas 10 und Precio + Delivery Gratis,DE2705,35.40,PEN,available,https://www.farmaciauniversal.com/digermin-2000-millones-ufc-5-ml-suspension-oral-ampollas-caja-10-und/p,28370,Bonapharm,vtex_catalog_search,2026-06-08T01:12:44.995240+00:00,10,"/Vitaminas y Suplementos/Multivitamínicos/Digestivos/ /Vitaminas y Suplementos/Multivitamínicos/ /Vitaminas y Suplementos/ /1/344/352/ /1/344/ /1/ Caja 10 und DE2705 Este producto es exclusivamente para uso oral. No inyectar. Dosis para adultos: 2-3 ampollas por día. Dosis para niños: 1-2 ampollas por día. Dosis para lactantes: 1-2 ampollas por día. Administrar a intervalos regulares (cada 3-4 horas), tomando el contenido de la ampolla como tal o diluyendo en agua u otra bebida (por ejemplo, leche, té o jugo de naranja). Una vez abierto, debe ser consumido en un breve plazo de tiempo para evitar la contaminación de la suspensión. Contraindicaciones: Hipersensibilidad a cualquiera de los componentes del producto. La presencia posible de partículas visibles en las ampollas de Bonagermin, se debe a agregados de esporas de Bacillus clausii y, por lo tanto, no indica que el producto haya sufrido algún cambio. Presentación Registro Sanitario Modo de uso Precauciones y Contraindicaciones No Producto a Pedido 1 Presentación Registro Sanitario Modo de uso Precauciones y Contraindicaciones Producto a Pedido Stock Security Campos Auxiliares Highlight Stock Security Probiótico listo para tomar. Ayuda al restablecimiento de la flora intestinal normal. Con esporas de Bacillus Clausi (2000 millones UFC/5 ml)",vtex_spec_or_regex,false_no_component_match,,
Farmacia Universal,Mixsoon Bifida Ferment Essence - Frasco 100 ml,Mixsoon Bifida Ferment Essence 100 ml Precio + Delivery Gratis,,115.00,PEN,available,https://www.farmaciauniversal.com/mixsoon-bifida-ferment-essence-frasco-100-ml/p,32774,Mixsoon,vtex_catalog_search,2026-06-08T01:12:45.241414+00:00,10,"/Dermocosmética/Serums y Ampollas/Antirojeces/ /Dermocosmética/Serums y Ampollas/ /Dermocosmética/ /6/174/200/ /6/174/ /6/ Frasco 100 ml NSOC7125125PE Aplicar una cantidad adecuada sobre el rostro limpio después de la limpieza facial. Distribuir uniformemente y dar suaves toques con las yemas de los dedos hasta favorecer su absorción. Puede utilizarse por la mañana y por la noche. Solo para uso externo. Evitar el contacto directo con los ojos. No aplicar sobre heridas abiertas o piel lesionada. Suspender su uso en caso de irritación o sensibilidad. Mantener fuera del alcance de los niños. Presentación Registro Sanitario Modo de uso Precauciones y Contraindicaciones No Producto a Pedido 0 Presentación Registro Sanitario Modo de uso Precauciones y Contraindicaciones Producto a Pedido Stock Security Campos Auxiliares Highlight Stock Security VMixsoon Bifida Ferment Essence es una esencia formulada con 100% de extracto fermentado de bífida (probiótico). Ayuda a nutrir la piel y a fortalecer la barrera cutánea, contribuyendo a una apariencia más suave y uniforme. Su fórmula favorece el proceso natural de renovación de la piel y ayuda a aliviar las molestias asociadas a la piel sensibilizada o irritada. Además, contribuye a mejorar la textura de la piel y a mantener su elasticidad. Gracias a su textura ligera y acuosa, se absorbe fácilmente y proporciona hidratación sin dejar sensación pesada o pegajosa. Es una opción adecuada para quienes buscan un cuidado hidratante y calmante.",,false_no_registro_sanitario,,
Farmacia Universal,Drasanvi Fibramax en Polvo - Lata 400 g,Drasanvi Fibramax en Polvo 400 g Precio + Delivery Gratis,,73.90,PEN,available,https://www.farmaciauniversal.com/drasanvi-fibramax-en-polvo-lata-400-g/p,29694,Drasanvi,vtex_catalog_search,2026-06-08T01:12:47.635642+00:00,1,"/Vitaminas y Suplementos/Multivitamínicos/Digestivos/ /Vitaminas y Suplementos/Multivitamínicos/ /Vitaminas y Suplementos/ /1/344/352/ /1/344/ /1/ Lata 400 g E2400421ELADAPR Añadir una cucharada sopera colmada a 250 ml de agua o zumo y remover enérgicamente para conseguir la disolución completa del producto. Para mejorar la disolución, añadir primero el producto y, posteriormente, el agua. Puede consumirse tanto en ayunas como con comida. Complemento alimenticio a base de plantas con edulcorante. Los complementos alimenticios no deben utilizarse como sustitutivos de una dieta equilibrada. No superar la dosis diaria expresamente recomendada. Mantener fuera del alcance de los niños más pequeños. Conservar en un lugar fresco y seco.Remover enérgicamente para obtener la disolución completa Presentación Registro Sanitario Modo de uso Precauciones y Contraindicaciones No Producto a Pedido 0 Presentación Registro Sanitario Modo de uso Precauciones y Contraindicaciones Producto a Pedido Stock Security Campos Auxiliares Highlight Stock Security Rico en fibras procedentes de frutas y cereales, fundamentales en el tránsito intestinal.",,false_no_registro_sanitario,,
Farmacia Universal,Ciprofibrato 100 mg AC Cápsulas - Blíster 10 und,Ciprofibrato 100 mg AC Cápsulas 10 und,,27.20,PEN,available,https://www.farmaciauniversal.com/ciprofibrato-100-mg-ac-capsulas-blister-10-und/p,29661,AC Farma,vtex_catalog_search,2026-06-08T01:12:47.637569+00:00,100,/Medicinas/Cuidado Cardiovascular/Control de Colesterol/ /Medicinas/Cuidado Cardiovascular/ /Medicinas/ /2/373/376/ /2/373/ /2/ Blíster 10 und Ciprofibrato 100 mg EN04005 Presentación Principio Activo Registro Sanitario No Si No Producto a Pedido Requiere receta médica Requiere refrigeración 1 Presentación Principio Activo Registro Sanitario Producto a Pedido Requiere receta médica Requiere refrigeración Stock Security Campos Auxiliares Highlight Stock Security De venta con receta médica. Evite automedicarse. Usar según indicaciones de su médico tratante.,,false_no_registro_sanitario,,
Farmacia Universal,FL Medias de Microfibra hasta la Rodilla 10 20 mmhg Talla L - Caja 1 par,FL Medias de Microfibra hasta la Rodilla 10 20 mmhg Talla L 1 par Precio + Delivery Gratis,,87.41,PEN,available,https://www.farmaciauniversal.com/fl-medias-de-microfibra-hasta-la-rodilla-10-20-mmhg-talla-l-caja-1-par/p,14404,Futura Light,vtex_catalog_search,2026-06-08T01:12:47.637912+00:00,10,"/Ortopedia/Pies/Medias para Varices/ /Ortopedia/Pies/ /Ortopedia/ /8/254/268/ /8/254/ /8/ Caja 1 par N/A Siga las instrucciones brindadas por su médico. Posiblemente necesite usarlas todo el día. Las medias deben sentirse apretadas alrededor de las piernas. Se debe sentir la mayor presión alrededor de los tobillos y menos presión en la parte de arriba de las piernas. No deben utilizarse sobre heridas abiertas, infecciones cutáneas o zonas con irritación activa. Las personas con trastornos circulatorios, diabetes avanzada o enfermedad vascular deben consultar a un médico antes de usar medias de compresión. Revisar periódicamente la piel para asegurarse de que no existan molestias o áreas de presión excesiva. Presentación Registro Sanitario Modo de uso Precauciones y Contraindicaciones No Producto a Pedido 1 Presentación Registro Sanitario Modo de uso Precauciones y Contraindicaciones Producto a Pedido Stock Security Campos Auxiliares Highlight Stock Security Las medias de microfibra FL con compresión 10–20 mmHg están diseñadas para brindar un soporte suave y graduado a las piernas a lo largo del día. Están elaboradas con una mezcla de fibras elásticas que busca proporcionar comodidad, ajuste uniforme y sensación ligera al uso prolongado.",,false_no_registro_sanitario,,
Farmacia Universal,FL Medias de Microfibra para Caballero 10 20 mmhg Talla L - Caja 1 par,FL Medias de Microfibra para Caballero 10 20 mmhg L 1 par Precio + Delivery Gratis,,73.90,PEN,available,https://www.farmaciauniversal.com/fl-medias-de-microfibra-para-caballero-10-20-mmhg-talla-l-caja-2-und/p,14400,Futura Light,vtex_catalog_search,2026-06-08T01:12:47.638291+00:00,10,"/Ortopedia/Pies/Medias para Varices/ /Ortopedia/Pies/ /Ortopedia/ /8/254/268/ /8/254/ /8/ Caja 1 par N/A Siga las instrucciones brindadas por su médico. Posiblemente necesite usarlas todo el día. Las medias deben sentirse apretadas alrededor de las piernas. Usted debería sentir la mayor presión alrededor de los tobillos y menos presión en la parte de arriba de las piernas. Cuando existan problemas inflamatorios de la piel, úlceras que no sean de origen varicoso o alergia a los tejidos que componen las medidas. No usar las medias para dormir. Presentación Registro Sanitario Modo de uso Precauciones y Contraindicaciones No Producto a Pedido L Talla 1 Presentación Registro Sanitario Modo de uso Precauciones y Contraindicaciones Producto a Pedido Talla Stock Security Campos Auxiliares Highlight Filtros Stock Security Mejoran la circulación de la sangre, ayudando a disminuir el dolor e inflamación de las piernas por problemas relacionados a ello. El material de microfibra es ideal para el verano por su textura y calidad en comparación a otros modelos.",,false_no_registro_sanitario,,
Farmacia Universal,FL Medias de Microfibra hasta la Rodilla 10 20 mmhg Talla M - Caja 1 par,FL Medias de Microfibra hasta la Rodilla 10 20 mmhg M 1 par Precio + Delivery Gratis,,87.41,PEN,available,https://www.farmaciauniversal.com/fl-medias-de-microfibra-hasta-la-rodilla-10-20-mmhg-talla-m-caja-2-und/p,14403,Futura Light,vtex_catalog_search,2026-06-08T01:12:47.638673+00:00,100,"/Ortopedia/Pies/Medias para Varices/ /Ortopedia/Pies/ /Ortopedia/ /8/254/268/ /8/254/ /8/ Caja 1 par N/A Siga las instrucciones brindadas por su médico. Posiblemente necesite usarlas todo el día. Las medias deben sentirse apretadas alrededor de las piernas. Usted debería sentir la mayor presión alrededor de los tobillos y menos presión en la parte de arriba de las piernas. Cuando existan problemas inflamatorios de la piel, úlceras que no sean de origen varicoso o alergia a los tejidos que componen las medidas. No usar las medias para dormir. Presentación Registro Sanitario Modo de uso Precauciones y Contraindicaciones No Producto a Pedido M Talla 1 Presentación Registro Sanitario Modo de uso Precauciones y Contraindicaciones Producto a Pedido Talla Stock Security Campos Auxiliares Highlight Filtros Stock Security Mejoran la circulación de la sangre, ayudando a disminuir el dolor e inflamación de las piernas por problemas relacionados a ello. El material de microfibra es ideal para el verano por su textura y calidad en comparación a otros modelos.",,false_no_registro_sanitario,,
Farmacia Universal,FL Medias de Microfibra hasta el Muslo 10 20 mmhg Talla L Beige - Caja 1 par,FL Medias de Microfibra hasta el Muslo 10 20 mmhg Talla L Beige 1 par Precio + Delivery Gratis,,113.81,PEN,available,https://www.farmaciauniversal.com/fl-medias-de-microfibra-hasta-el-muslo-10-20-mmhg-talla-l-beige-caja-1-par/p,14407,Futura Light,vtex_catalog_search,2026-06-08T01:12:47.639013+00:00,10,"/Ortopedia/Pies/Medias para Varices/ /Ortopedia/Pies/ /Ortopedia/ /8/254/268/ /8/254/ /8/ Caja 1 par N/A Siga las instrucciones brindadas por su médico. Posiblemente necesite usarlas todo el día. Las medias deben sentirse apretadas alrededor de las piernas. Usted debería sentir la mayor presión alrededor de los tobillos y menos presión en la parte de arriba de las piernas. Cuando existan problemas inflamatorios de la piel, úlceras que no sean de origen varicoso o alergia a los tejidos que componen las medidas. No usar las medias para dormir. Presentación Registro Sanitario Modo de uso Precauciones y Contraindicaciones No Producto a Pedido 1 Presentación Registro Sanitario Modo de uso Precauciones y Contraindicaciones Producto a Pedido Stock Security Campos Auxiliares Highlight Stock Security Mejoran la circulación de la sangre, ayudando a disminuir el dolor e inflamación de las piernas por problemas relacionados a ello. El material de microfibra es ideal para el verano por su textura y calidad en comparación a otros modelos.",,false_no_registro_sanitario,,
Farmacia Universal,FL Medias de Microfibra hasta el Muslo 10 20 mmhg Talla M - Caja 1 par,FL Medias de Microfibra hasta el Muslo 10 20 mmhg M 1 par Precio + Delivery Gratis,,113.81,PEN,available,https://www.farmaciauniversal.com/fl-medias-de-microfibra-hasta-el-muslo-10-20-mmhg-talla-m-caja-x-1-par/p,14406,Futura Light,vtex_catalog_search,2026-06-08T01:12:47.639351+00:00,10,"/Ortopedia/Pies/Medias para Varices/ /Ortopedia/Pies/ /Ortopedia/ /8/254/268/ /8/254/ /8/ Caja 1 par N/A Siga las instrucciones brindadas por su médico. Posiblemente necesite usarlas todo el día. Las medias deben sentirse apretadas alrededor de las piernas. Usted debería sentir la mayor presión alrededor de los tobillos y menos presión en la parte de arriba de las piernas. Cuando existan problemas inflamatorios de la piel, úlceras que no sean de origen varicoso o alergia a los tejidos que componen las medidas. No usar las medias para dormir. Presentación Registro Sanitario Modo de uso Precauciones y Contraindicaciones No Producto a Pedido M Talla 1 Presentación Registro Sanitario Modo de uso Precauciones y Contraindicaciones Producto a Pedido Talla Stock Security Campos Auxiliares Highlight Filtros Stock Security Mejoran la circulación de la sangre, ayudando a disminuir el dolor e inflamación de las piernas por problemas relacionados a ello. El material de microfibra es ideal para el verano por su textura y calidad en comparación a otros modelos.",,false_no_registro_sanitario,,
Farmacia Universal,FL Medias de Microfibra para Caballero 10 20 mmhg Talla M Negro - Caja 1 par,FL Medias de Microfibra para Caballero 10 20 mmhg Talla M Negro 1 par Precio + Delivery Gratis,,73.90,PEN,available,https://www.farmaciauniversal.com/fl-medias-de-microfibra-para-caballero-10-20-mmhg-talla-m-negro-caja-1-par/p,14399,Futura Light,vtex_catalog_search,2026-06-08T01:12:47.640560+00:00,10,"/Ortopedia/Pies/Medias para Varices/ /Ortopedia/Pies/ /Ortopedia/ /8/254/268/ /8/254/ /8/ Caja 1 par N/A Siga las instrucciones brindadas por su médico. Posiblemente necesite usarlas todo el día. Las medias deben sentirse apretadas alrededor de las piernas. Usted debería sentir la mayor presión alrededor de los tobillos y menos presión en la parte de arriba de las piernas. Cuando existan problemas inflamatorios de la piel, úlceras que no sean de origen varicoso o alergia a los tejidos que componen las medidas. No usar las medias para dormir. Presentación Registro Sanitario Modo de uso Precauciones y Contraindicaciones No Producto a Pedido 1 Presentación Registro Sanitario Modo de uso Precauciones y Contraindicaciones Producto a Pedido Stock Security Campos Auxiliares Highlight Stock Security Mejoran la circulación de la sangre, ayudando a disminuir el dolor e inflamación de las piernas por problemas relacionados a ello. El material de microfibra es ideal para el verano por su textura y calidad en comparación a otros modelos.",,false_no_registro_sanitario,,
Farmacia Universal,Sales para Rehidratación Polvo Oral - Sobre 20.5 g,Sales para Rehidratación Polvo Oral 20.5 g Precio + Delivery Gratis,,1.43,PEN,available,https://www.farmaciauniversal.com/sales-para-rehidratacion-polvo-oral-sobre-205-g/p,29788,Medifarma,vtex_catalog_search,2026-06-08T01:12:48.362013+00:00,100,"/Medicinas/Hidratación Oral/Sueros con Electrolitos/ /Medicinas/Hidratación Oral/ /Medicinas/ /2/40/56/ /2/40/ /2/ Sobre 20.5 g EN03952 Disolver un sobre en 250 ml (o el volumen indicado en la etiqueta del producto) de agua hervida y fría. Agita suavemente hasta que el contenido se disuelva por completo, asegurándose de que la solución quede transparente. Mantener fuera del alcance de los niños. No usar agua mineral ni gasificada. No exceder la dosis recomendada. Presentación Registro Sanitario Modo de uso Precauciones y Contraindicaciones No No No Producto a Pedido Requiere receta médica Requiere refrigeración 2 Presentación Registro Sanitario Modo de uso Precauciones y Contraindicaciones Producto a Pedido Requiere receta médica Requiere refrigeración Stock Security Campos Auxiliares Highlight Stock Security Las sales de rehidratación oral son una fórmula balanceada de electrolitos y glucosa que ayudan a restituir líquidos y minerales perdidos por diarrea, vómitos o sudoración excesiva, previniendo la deshidratación en niños y adultos.",,false_no_registro_sanitario,,
Farmacia Universal,Electroral Advance Suero Sabor Frutal - Frasco 1000 ml,Electroral Advance Suero Sabor Frutal 1000 ml Precio + Delivery Gratis,,15.48,PEN,available,https://www.farmaciauniversal.com/electroral-advance-suero-sabor-frutal-frasco-1000-ml/p,20481,Medifarma,vtex_catalog_search,2026-06-08T01:12:48.364265+00:00,100,"/Medicinas/Hidratación Oral/Sueros con Electrolitos/ /Medicinas/Hidratación Oral/ /Medicinas/ /2/40/56/ /2/40/ /2/ Frasco 1000 ml P2801817NNAMDSA Vía oral. En casos de gran debilidad o problemas de deglución puede administrarse la solución por sonda nasogástrica. Electroral Advance está contraindicado en pacientes con hipersensibilidad conocida a alguno de sus componentes. Además, no se recomienda su uso en casos de obstrucción intestinal, perforación gastrointestinal, íleo paralítico, y en pacientes con trastornos graves del equilibrio ácido-base. Se debe administrar Electroral Advance bajo supervisión médica en pacientes con insuficiencia renal, enfermedades cardiovasculares o hipertensión. Es esencial seguir las indicaciones de dosificación recomendadas por el profesional de la salud, y en casos de persistencia de los síntomas o empeoramiento de la condición, se debe buscar atención médica. Este producto no sustituye la alimentación normal y no debe ser utilizado como única fuente de nutrición. Presentación Registro Sanitario Modo de uso Precauciones y Contraindicaciones No No No Producto a Pedido Requiere receta médica Requiere refrigeración 0 Presentación Registro Sanitario Modo de uso Precauciones y Contraindicaciones Producto a Pedido Requiere receta médica Requiere refrigeración Stock Security Campos Auxiliares Highlight Stock Security Electroral Advance en presentación frutal es una solución oral diseñada para la rehidratación y reposición de electrolitos en casos de deshidratación leve a moderada. Su fórmula equilibrada, que incluye sales y minerales esenciales, ayuda a restaurar el balance hídrico y electrolítico del organismo, siendo especialmente útil en situaciones como diarreas, vómitos, o pérdida de líquidos debido a condiciones climáticas adversas.",,false_no_registro_sanitario,,
Farmacia Universal,Electrolight Bebida Rehidratante Sabor Granadilla - Frasco 475 ml,Electrolight Bebida Rehidratante Granadilla 475 ml Precio + Delivery Gratis,,2.90,PEN,available,https://www.farmaciauniversal.com/electrolight-bebida-rehidratante-sabor-granadilla-frasco-475-ml/p,7602,Electrolight,vtex_catalog_search,2026-06-08T01:12:48.364566+00:00,100,"/Medicinas/Hidratación Oral/Bebidas Rehidratantes/ /Medicinas/Hidratación Oral/ /Medicinas/ /2/40/57/ /2/40/ /2/ Frasco 475 ml P2801521NNAMDSA Vía oral. No usar en pacientes con hipersensibilidad conocida al producto. Agitar antes de abrir. Bajo en Sodio, sin gas. Sin cafeína. Tomarla bien helada. Refrigerar después de abierto. Consérvese en lugar limpio, fresco y seco. Presentación Registro Sanitario Modo de uso Precauciones y Contraindicaciones No No No Producto a Pedido Requiere receta médica Requiere refrigeración Granadilla Frasco 475 ml Sabor Presentaciones 1 Presentación Registro Sanitario Modo de uso Precauciones y Contraindicaciones Producto a Pedido Requiere receta médica Requiere refrigeración Sabor Presentaciones Stock Security Campos Auxiliares Highlight Filtros Stock Security Electrolight® repone la energía y los electrolitos perdidos en la actividad diaria. Indicada antes, durante y después de la actividad física. Tome Electrolight® en todo momento, refresca y quita la sed.",,false_no_registro_sanitario,,
Farmacia Universal,Electrolight Bebida Rehidratante Sabor Piña - Frasco 800 ml,Electrolight Bebida Rehidratante Piña 800 ml Precio + Delivery Gratis,,4.30,PEN,available,https://www.farmaciauniversal.com/electrolight-bebida-rehidratante-sabor-pina-frasco-800-ml/p,13935,Electrolight,vtex_catalog_search,2026-06-08T01:12:48.365142+00:00,100,"/Medicinas/Hidratación Oral/Bebidas Rehidratantes/ /Medicinas/Hidratación Oral/ /Medicinas/ /2/40/57/ /2/40/ /2/ Frasco 800 ml P2801321NNAMDSA Vía oral. No usar en pacientes con hipersensibilidad conocida al producto. Agitar antes de abrir. Bajo en Sodio, sin gas. Sin cafeína. Tomarla bien helada. Refrigerar después de abierto. Consérvese en lugar limpio, fresco y seco. Presentación Registro Sanitario Modo de uso Precauciones y Contraindicaciones No No No Producto a Pedido Requiere receta médica Requiere refrigeración Piña Frasco 800 ml Sabor Presentaciones 1 Presentación Registro Sanitario Modo de uso Precauciones y Contraindicaciones Producto a Pedido Requiere receta médica Requiere refrigeración Sabor Presentaciones Stock Security Campos Auxiliares Highlight Filtros Stock Security Electrolight® repone la energía y los electrolitos perdidos en la actividad diaria. Indicada antes, durante y después de la actividad física. Tome Electrolight® en todo momento, refresca y quita la sed.",,false_no_registro_sanitario,,
Farmacia Universal,Frutti Flex 50 Bebida Rehidratante Sabor Fresa - Frasco 1000 ml,Frutti Flex 50 Bebida Rehidratante Sabor Fresa 1000 ml Precio + Delivery Gratis,,7.99,PEN,available,https://www.farmaciauniversal.com/frutti-flex-50-bebida-rehidratante-sabor-fresa-frasco-1000-ml/p,3691,B. Braun,vtex_catalog_search,2026-06-08T01:12:48.365489+00:00,100,"/Medicinas/Hidratación Oral/Sueros con Electrolitos/ /Medicinas/Hidratación Oral/ /Medicinas/ /2/40/56/ /2/40/ /2/ Frasco 1000 ml P2802412NNABBMD La administración debe ser según el grado de deshidratación, edad y peso del paciente, siguiendo las indicaciones de un profesional de la salud. Una vez abierto, consumir dentro de las 24 horas y conservar en un lugar fresco y seco. Manténgase a temperatura ambiente. Conservar en un lugar limpio, fresco y seco. No consumir luego de 24 horas de abrir el frasco. Contiene tartrazina. Presentación Registro Sanitario Modo de uso Precauciones y Contraindicaciones No No No Producto a Pedido Requiere receta médica Requiere refrigeración Fresa Sabor 3 Presentación Registro Sanitario Modo de uso Precauciones y Contraindicaciones Producto a Pedido Requiere receta médica Requiere refrigeración Sabor Stock Security Campos Auxiliares Highlight Filtros Stock Security Frutti Flex 50 sabor fresa en presentación de 1000 ml es una solución oral de rehidratación destinada a adultos y niños, formulada para reponer líquidos y electrolitos perdidos por diarreas, vómitos o sudoración excesiva. Su sabor a fresa mejora la aceptación, especialmente en niños.",,false_no_registro_sanitario,,
Farmacia Universal,Frutti Flex 50 Bebida Rehidratante Sabor Anis - Frasco 1000 ml,Frutti Flex 50 Bebida Rehidratante Sabor Anis 1000 ml Precio + Delivery Gratis,,7.99,PEN,available,https://www.farmaciauniversal.com/frutti-flex-50-bebida-rehidratante-sabor-anis-frasco-1000-ml/p,3680,B. Braun,vtex_catalog_search,2026-06-08T01:12:48.366041+00:00,10,"/Medicinas/Hidratación Oral/Sueros con Electrolitos/ /Medicinas/Hidratación Oral/ /Medicinas/ /2/40/56/ /2/40/ /2/ Frasco 1000 ml P1501812NNABBMD La administración debe ser según el grado de deshidratación, edad y peso del paciente, siguiendo las indicaciones de un profesional de la salud. Una vez abierto, consumir dentro de las 24 horas y conservar en un lugar fresco y seco. Manténgase a temperatura ambiente. Conservar en un lugar limpio, fresco y seco. No consumir luego de 24 horas de abrir el frasco. Contiene tartrazina. Presentación Registro Sanitario Modo de uso Precauciones y Contraindicaciones No No No Producto a Pedido Requiere receta médica Requiere refrigeración Anís Sabor 2 Presentación Registro Sanitario Modo de uso Precauciones y Contraindicaciones Producto a Pedido Requiere receta médica Requiere refrigeración Sabor Stock Security Campos Auxiliares Highlight Filtros Stock Security Frutti Flex 50 sabor anís es una solución oral de rehidratación indicada para adultos y niños, formulada para reponer líquidos y electrolitos perdidos por diarreas, vómitos o sudoración excesiva. El sabor a anís proporciona una alternativa agradable para quienes prefieren sabores menos dulces.",,false_no_registro_sanitario,,
Farmacia Universal,Frutti Flex 50 Bebida Rehidratante Sabor Fresa - Frasco 500 ml,Frutti Flex 50 Bebida Rehidratante Sabor Fresa 500 ml Precio + Delivery Gratis,,6.20,PEN,available,https://www.farmaciauniversal.com/frutti-flex-50-bebida-rehidratante-sabor-fresa-frasco-500-ml/p,30904,B. Braun,vtex_catalog_search,2026-06-08T01:12:48.366368+00:00,10,"/Medicinas/Hidratación Oral/Sueros con Electrolitos/ /Medicinas/Hidratación Oral/ /Medicinas/ /2/40/56/ /2/40/ /2/ Frasco 500 ml P2802412NNABBMD La dosis debe ajustarse según la edad, peso y grado de deshidratación del paciente, bajo supervisión médica. Una vez abierto, consumir en un plazo de 24 horas y mantener en un lugar fresco y seco. Manténgase a temperatura ambiente. Conservar en un lugar limpio, fresco y seco. No consumir luego de 24 horas de abrir el frasco. Contiene tartrazina. Presentación Registro Sanitario Modo de uso Precauciones y Contraindicaciones No No No Producto a Pedido Requiere receta médica Requiere refrigeración Fresa Sabor 1 Presentación Registro Sanitario Modo de uso Precauciones y Contraindicaciones Producto a Pedido Requiere receta médica Requiere refrigeración Sabor Stock Security Campos Auxiliares Highlight Filtros Stock Security Frutti Flex 50 sabor fresa es una solución oral de rehidratación diseñada para adultos y niños, formulada para reponer líquidos y electrolitos perdidos debido a diarreas, vómitos o sudoración excesiva. Su agradable sabor a fresa mejora la aceptación, especialmente en niños.",,false_no_registro_sanitario,,
Farmacia Universal,Frutti Flex 50 Bebida Rehidratante Sabor Tutti Frutti - Frasco 1000 ml,Frutti Flex 50 Bebida Rehidratante Sabor Tutti Frutti 1000 ml Precio + Delivery Gratis,,7.99,PEN,available,https://www.farmaciauniversal.com/frutti-flex-50-bebida-rehidratante-sabor-tutti-frutti-frasco-1000-ml/p,30314,B. Braun,vtex_catalog_search,2026-06-08T01:12:48.366711+00:00,10,"/Medicinas/Hidratación Oral/Sueros con Electrolitos/ /Medicinas/Hidratación Oral/ /Medicinas/ /2/40/56/ /2/40/ /2/ Frasco 1000 ml P2802312NNABBMD La dosis debe ajustarse según la edad, peso y grado de deshidratación del paciente, bajo supervisión médica. Una vez abierto, consumir en un plazo de 24 horas y mantener en un lugar fresco y seco. Manténgase a temperatura ambiente. Conservar en un lugar limpio, fresco y seco. No consumir luego de 24 horas de abrir el frasco. Contiene tartrazina. Presentación Registro Sanitario Modo de uso Precauciones y Contraindicaciones No No No Producto a Pedido Requiere receta médica Requiere refrigeración Tutti Frutti Sabor 1 Presentación Registro Sanitario Modo de uso Precauciones y Contraindicaciones Producto a Pedido Requiere receta médica Requiere refrigeración Sabor Stock Security Campos Auxiliares Highlight Filtros Stock Security Frutti Flex 50 sabor tutti frutti es una solución oral de rehidratación indicada para prevenir y tratar la deshidratación leve a moderada en adultos y niños. El sabor tutti frutti mejora la palatabilidad, favoreciendo su consumo.",,false_no_registro_sanitario,,
Farmacia Universal,Laxofast Polvo para Solución Oral Sabor Cereza - Sobre 110.1 g,Laxofast Polvo para Solución Oral Sabor Cereza 110.1 g,,21.12,PEN,available,https://www.farmaciauniversal.com/laxofast-polvo-para-solucion-oral-sabor-cereza-sobre-1101-g/p,6061,IQ Farma,vtex_catalog_search,2026-06-08T01:12:48.367291+00:00,100,"/Medicinas/Malestar Gastrointestinal/Laxantes/ /Medicinas/Malestar Gastrointestinal/ /Medicinas/ /2/39/55/ /2/39/ /2/ Sobre 110.1 g Polietilenglicol 3350, Electrolitos EN01246 Presentación Principio Activo Registro Sanitario No Si No Producto a Pedido Requiere receta médica Requiere refrigeración 1 Presentación Principio Activo Registro Sanitario Producto a Pedido Requiere receta médica Requiere refrigeración Stock Security Campos Auxiliares Highlight Stock Security",,false_no_registro_sanitario,,
Farmacia Universal,Electroral Pediátrico NF Suero Sabor Fresa - Frasco 1000 ml,Electroral Pediátrico NF Suero Sabor Fresa 1000 ml Precio + Delivery Gratis,,12.90,PEN,available,https://www.farmaciauniversal.com/electroral-pediatrico-nf-suero-sabor-fresa-frasco-1000-ml/p,30658,Medifarma,vtex_catalog_search,2026-06-08T01:12:48.367831+00:00,10,"/Medicinas/Hidratación Oral/Sueros con Electrolitos/ /Medicinas/Hidratación Oral/ /Medicinas/ /2/40/56/ /2/40/ /2/ Frasco 1000 ml EN08365 Indicado para niños mayores de 2 años. Los niños deben recibir dosis en cantidades pqueñas, frecuentes y administradas lentamente. La dosis depende del peso corporal. Niños menores de 2 años: úselo solo con el consejo de un médico. Niños de 2 a 11 años: al primer signo de diarrea, vómitos y/o sudoración abundante, administre 50 a 100 ml por Kg (2.2 libras) de peso corporal durante las primeras 3 a 4 hotas. Mientras continúa la diarrea, los vómitos y/o la sudoración abundante, administre 120 ml por cada episodio adicional de diarrea o vómitos. Máximo 1 litro por hora. No sustituye la atención médica en casos graves de deshidratación. Utilizar bajo supervisión de un adulto. Una vez abierto, conservar refrigerado y consumir dentro del tiempo indicado en el envase. Presentación Registro Sanitario Modo de uso Precauciones y Contraindicaciones No No No Producto a Pedido Requiere receta médica Requiere refrigeración 1 Presentación Registro Sanitario Modo de uso Precauciones y Contraindicaciones Producto a Pedido Requiere receta médica Requiere refrigeración Stock Security Campos Auxiliares Highlight Stock Security Electroral Pediátrico NF es un suero oral con electrolitos, formulado para apoyar la hidratación en niños en situaciones de pérdida de líquidos, como diarrea o vómitos leves, según recomendación médica. Su presentación lista para usar y su sabor fresa facilitan la administración en población pediátrica.",,false_no_registro_sanitario,,
Farmacia Universal,Electroral NF Suero Sabor Anís - Frasco 1000 ml,Electroral NF Suero Sabor Anís 1000 ml,,13.31,PEN,available,https://www.farmaciauniversal.com/electroral-nf-suero-sabor-anis-frasco-1000-ml/p,13892,Medifarma,vtex_catalog_search,2026-06-08T01:12:48.368112+00:00,10,/Medicinas/Hidratación Oral/Sueros con Electrolitos/ /Medicinas/Hidratación Oral/ /Medicinas/ /2/40/56/ /2/40/ /2/ Frasco 1000 ml EN07772 Presentación Registro Sanitario No Si No Producto a Pedido Requiere receta médica Requiere refrigeración 1 Presentación Registro Sanitario Producto a Pedido Requiere receta médica Requiere refrigeración Stock Security Campos Auxiliares Highlight Stock Security De venta con receta médica. Evite automedicarse. Usar según indicaciones de su médico tratante.,,false_no_registro_sanitario,,
Farmacia Universal,Suerox Bebida Hidratante Sabor Mora Naranja Mandarina - Frasco 630 ml,Suerox Bebida Hidratante Sabor Mora Naranja Mandarina 630 ml Precio + Delivery Gratis,,6.73,PEN,available,https://www.farmaciauniversal.com/suerox-bebida-hidratante-sabor-mora-naranja-mandarina-frasco-630-ml/p,28807,Suerox,vtex_catalog_search,2026-06-08T01:12:48.369798+00:00,10,"/Medicinas/Hidratación Oral/Bebidas Rehidratantes/ /Medicinas/Hidratación Oral/ /Medicinas/ /2/40/57/ /2/40/ /2/ Frasco 630 ml P2602922ENAGNLB Consumir directamente del envase según necesidad. Puede ingerirse fría o a temperatura ambiente. No requiere dilución. No utilizar si el envase se encuentra dañado. Una vez abierto, conservar refrigerado y consumir dentro del tiempo indicado en el envase. No sustituye una alimentación equilibrada. Mantener fuera del alcance de los niños. Presentación Registro Sanitario Modo de uso Precauciones y Contraindicaciones No No No Producto a Pedido Requiere receta médica Requiere refrigeración Naranja Mandarina Sabor 1 Presentación Registro Sanitario Modo de uso Precauciones y Contraindicaciones Producto a Pedido Requiere receta médica Requiere refrigeración Sabor Stock Security Campos Auxiliares Highlight Filtros Stock Security Suerox es una bebida hidratante lista para consumir, formulada para ayudar a reponer líquidos y electrolitos perdidos en situaciones de deshidratación leve. Su presentación sabor mora, naranja y mandarina ofrece una alternativa práctica para apoyar la hidratación diaria en casos de actividad física, calor o pérdida de líquidos.",,false_no_registro_sanitario,,
Farmacia Universal,Suerox Bebida Hidratante Sabor Manzana - Frasco 630 ml,Suerox Bebida Hidratante Sabor Manzana 630 ml Precio + Delivery Gratis,,6.50,PEN,unavailable,https://www.farmaciauniversal.com/suerox-bebida-hidratante-sabor-manzana-frasco-630-ml/p,28166,Suerox,vtex_catalog_search,2026-06-08T01:12:48.370761+00:00,,"/Medicinas/Hidratación Oral/Bebidas Rehidratantes/ /Medicinas/Hidratación Oral/ /Medicinas/ /2/40/57/ /2/40/ /2/ Frasco 630 ml P2602722ENAGNLB Consumir directamente según necesidad de hidratación. Puede tomarse fría o a temperatura ambiente. Conservar en un lugar fresco y seco. Una vez abierto, mantener refrigerado y consumir en el menor tiempo posible. Mantener fuera del alcance de los niños. Presentación Registro Sanitario Modo de uso Precauciones y Contraindicaciones No No No Producto a Pedido Requiere receta médica Requiere refrigeración 1 Presentación Registro Sanitario Modo de uso Precauciones y Contraindicaciones Producto a Pedido Requiere receta médica Requiere refrigeración Stock Security Campos Auxiliares Highlight Stock Security Suerox bebida hidratante sabor manzana es una bebida formulada para contribuir a la reposición de líquidos y electrolitos. Su consumo puede ayudar a mantener la hidratación en situaciones de actividad física, calor o pérdida de líquidos.",,false_no_registro_sanitario,,
Farmacia Universal,Frutti Flex 50 Bebida Rehidratante Sabor Manzanilla - Frasco 1000 ml,Frutti Flex 50 Bebida Rehidratante Sabor Manzanilla 1000 ml Precio + Delivery Gratis,,7.99,PEN,unavailable,https://www.farmaciauniversal.com/frutti-flex-50-bebida-rehidratante-sabor-manzanilla-frasco-1000-ml/p,3692,B. Braun,vtex_catalog_search,2026-06-08T01:12:48.371078+00:00,,"/Medicinas/Hidratación Oral/Sueros con Electrolitos/ /Medicinas/Hidratación Oral/ /Medicinas/ /2/40/56/ /2/40/ /2/ Frasco 1000 ml P2802112NNABBMD La dosis debe ajustarse según la edad, peso y grado de deshidratación del paciente, bajo supervisión médica. Una vez abierto, consumir en un plazo de 24 horas y mantener en un lugar fresco y seco. Manténgase a temperatura ambiente. Conservar en un lugar limpio, fresco y seco. No consumir luego de 24 horas de abrir el frasco. Contiene tartrazina. Presentación Registro Sanitario Modo de uso Precauciones y Contraindicaciones No No No Producto a Pedido Requiere receta médica Requiere refrigeración Manzanilla Sabor 1 Presentación Registro Sanitario Modo de uso Precauciones y Contraindicaciones Producto a Pedido Requiere receta médica Requiere refrigeración Sabor Stock Security Campos Auxiliares Highlight Filtros Stock Security Frutti Flex 50 sabor manzanilla es una solución oral de rehidratación indicada para adultos y niños, formulada para reponer líquidos y electrolitos perdidos por diversas causas como diarreas o vómitos. El extracto de manzanilla proporciona un sabor suave y agradable.",,false_no_registro_sanitario,,
Farmacia Universal,Suerox Bebida Hidratante Sabor Frutos Rojos Tropicales - Frasco 630 ml,Suerox Bebida Hidratante Sabor Frutos Rojos Tropicales 630 ml Precio + Delivery Gratis,,7.04,PEN,unavailable,https://www.farmaciauniversal.com/suerox-bebida-hidratante-sabor-frutos-rojos-tropicales-frasco-630-ml/p,30166,Suerox,vtex_catalog_search,2026-06-08T01:12:48.371396+00:00,,"/Medicinas/Hidratación Oral/Bebidas Rehidratantes/ /Medicinas/Hidratación Oral/ /Medicinas/ /2/40/57/ /2/40/ /2/ Frasco 630 ml P2804723ENAGNLB Beber fría o a temperatura ambiente, antes, durante o después de la actividad física. No sustituye el consumo de agua ni tratamientos médicos en casos de deshidratación severa. Conservar en un lugar fresco y evitar exposición directa al sol. Presentación Registro Sanitario Modo de uso Precauciones y Contraindicaciones No No No Producto a Pedido Requiere receta médica Requiere refrigeración Frutos Rojos Sabor 1 Presentación Registro Sanitario Modo de uso Precauciones y Contraindicaciones Producto a Pedido Requiere receta médica Requiere refrigeración Sabor Stock Security Campos Auxiliares Highlight Filtros Stock Security Suerox es una bebida sin azúcar añadida, formulada con una combinación de 8 iones esenciales que ayudan a recuperar los electrolitos perdidos durante la actividad física, la exposición al calor o estados de deshidratación leve. Su sabor a frutos rojos tropicales brinda una experiencia refrescante,",,false_no_registro_sanitario,,
Farmacia Universal,Alula Gold Premium Comfort - Lata 400 g,Alula Gold Premium Comfort 400 g Precio + Delivery Gratis,,89.38,PEN,available,https://www.farmaciauniversal.com/alula-gold-premium-comfort-lata-400-g/p,30812,Alula Gold,vtex_catalog_search,2026-06-08T01:12:50.469175+00:00,10,"/Cuidado Infantil/Nutrición Infantil/Fórmulas Infantiles/ /Cuidado Infantil/Nutrición Infantil/ /Cuidado Infantil/ /5/151/167/ /5/151/ /5/ Lata 400 g I1014524ENASNNT Laverse bien las manos y todos los utensilios utilizados para la alimientación. Hierva todos los utensilios por 5 minutos. Mantenga tapados los recipientes limpios hasta el momento de su uso. Hierva agua potable por 5 minutos. Luego de hervida, cuando el agua esté tibia (40°C), vierta la cantidad correcta en el recipiente. Usando el medidor que se incluye dentro de la lata, mide la cantidad correcta de polvo, siguiendo las indicaciones de la tabla indicada en el producto. Tape el recipiente, agútelo bien y verifique la temperatura dejando caer algunas gotas sobre la parte inferior de la muñeca. La preparación dene estar tibia. Siempre que sea posible la lactancia materna debe ser la primera opción. Utilizar solo bajo consejo pediátrico. Conservar la lata cerrada en lugar fresco y seco. Mantener fuera del alcance de los niños. No modificar la dilución sugerida sin consultar a un profesional. Presentación Registro Sanitario Modo de uso Precauciones y Contraindicaciones No Producto a Pedido 1 Presentación Registro Sanitario Modo de uso Precauciones y Contraindicaciones Producto a Pedido Stock Security Campos Auxiliares Highlight Stock Security Alula Gold Premium Comfort es una fórmula infantil especialmente diseñada para lactantes, elaborada con una combinación de nutrientes esenciales como vitaminas, minerales, nucleótidos y prebióticos. Su composición busca contribuir con una digestión suave y apoyar el desarrollo integral del bebé. Presentación en lata con dosificador para un uso más práctico y seguro.",,false_no_registro_sanitario,,
Farmacia Universal,Osmolite 1.06 kcal/ml Solución Oral - Frasco 1000 ml,Osmolite 1.06 kcal/ml Solución Oral 1000 ml Precio + Delivery Gratis,DE4178,94.40,PEN,available,https://www.farmaciauniversal.com/osmolite-106-kcal-ml-solucion-oral-frasco-1000-ml/p,27815,Abbott Nutrition,vtex_catalog_search,2026-06-08T01:12:50.473271+00:00,100,"/Vitaminas y Suplementos/Suplementos Nutricionales/Fórmulas Especializadas/ /Vitaminas y Suplementos/Suplementos Nutricionales/ /Vitaminas y Suplementos/ /1/12/29/ /1/12/ /1/ Frasco 1000 ml DE4178 Para administración enteral o enteral, según indicaciones médicas. No usar en niños a menos sea recomendado por un médico o profesional de la salud. No usar en galactosemia. Mantener fuera del alcance de los niños. Debe solicitarse supervisión médica. No es para uso parenteral. Verificar los residuos gástricos antes de cada alimentación intermitente o cada 2–4 horas durante alimentación continua. Enjuagar la sonda con agua (25–100 mL) después de cada alimentación intermitente o cada 3–6 horas durante la alimentación continua ayudará a evitar obstrucciones y proporcionará agua adicional. Presentación Registro Sanitario Modo de uso Precauciones y Contraindicaciones No Producto a Pedido 2 Presentación Registro Sanitario Modo de uso Precauciones y Contraindicaciones Producto a Pedido Stock Security Campos Auxiliares Highlight Stock Security OSMOLITE® es un suplemento nutricional isotónico, listo para usar, moderadamente alto en nitrógeno que proporciona una alimentación completa y balanceada. Está indicado para personas que muestran sensibilidad a los alimentos hipertónicos, también para personas con absorción defectuosa de grasas.",vtex_spec_or_regex,false_no_component_match,,
Farmacia Universal,Veganis Crema Facial Nocturna Nutritiva - Frasco 30 ml,Veganis Crema Facial Nocturna Nutritiva 30 ml Precio + Delivery Gratis,,59.00,PEN,unavailable,https://www.farmaciauniversal.com/veganis-crema-facial-nocturna-nutritiva-frasco-30-ml/p,27178,Veganis,vtex_catalog_search,2026-06-08T01:12:52.669352+00:00,,"/Cuidado Personal/Cuidado Facial/Cremas Faciales/ /Cuidado Personal/Cuidado Facial/ /Cuidado Personal/ /7/206/221/ /7/206/ /7/ Frasco 30 ml NSOC5367722PE Aplicar 2 pumps y con las yemas de los dedos dar ligeros toques en rostro y cuello, sin frotar. Uso por las noches. En caso de presentar algún inconveniente en su uso consultar a su médico Presentación Registro Sanitario Modo de uso Precauciones y Contraindicaciones No Producto a Pedido Frasco 30 ml Presentaciones 1 Presentación Registro Sanitario Modo de uso Precauciones y Contraindicaciones Producto a Pedido Presentaciones Stock Security Campos Auxiliares Highlight Filtros Stock Security Los ingredientes concentrados aportan el balance ideal de nutrición e hidratación, ayudando a mejorar la textura y luminosidad de la piel. Ideal para todo tipo de piel, incluso sensibles.",,false_no_registro_sanitario,,
Farmacia Universal,Silmag Sonda para Gastrostomía Adulto 100% Silicona N° 22 - Sobre 1 und,Silmag Sonda para Gastrostomía Adulto 100% Silicona N° 22 1 und Precio + Delivery Gratis,,630.00,PEN,unavailable,https://www.farmaciauniversal.com/silmag-sonda-para-gastrostomia-adulto-100-silicona-n-22-sobre-1-und/p,4104,Silmag,vtex_catalog_search,2026-06-08T01:12:52.673293+00:00,,"/Dispositivos Médicos/Dispositivos Gastrointestinales/Sondas Gastrointestinales/ /Dispositivos Médicos/Dispositivos Gastrointestinales/ /Dispositivos Médicos/ /3/78/119/ /3/78/ /3/ Sobre 1 und DM21892E Debe ser colocada por un profesional de salud . Una vez instalada, permite la administración de líquidos nutritivos, medicamentos o suplementos directamente al estómago. Uso exclusivo hospitalario. Verificar la integridad del envase antes de usar. No reutilizar. Mantener condiciones de higiene adecuadas durante la manipulación para evitar infecciones. No utilizar si presenta daños, deformaciones o pérdida de transparencia. Mantener fuera del alcance de los niños. Presentación Registro Sanitario Modo de uso Precauciones y Contraindicaciones No Si Producto a Pedido Requiere receta médica 1 Presentación Registro Sanitario Modo de uso Precauciones y Contraindicaciones Producto a Pedido Requiere receta médica Stock Security Campos Auxiliares Highlight Stock Security La sonda de gastrostomía Silmag está fabricada en 100 % silicona médica, material biocompatible que minimiza la irritación y prolonga su durabilidad. Se utiliza para la alimentación enteral directa en pacientes con imposibilidad de ingerir alimentos por vía oral. El calibre N° 22 Fr está indicado para adultos y cuenta con conectores seguros y extremos suaves para mayor comodidad.",,false_no_registro_sanitario,,
