pharmacy,commercial_name,formal_name,registro_sanitario,price,currency,availability,url,sku,brand,source_strategy,scraped_at,stock,component_text,registro_sanitario_source,component_traceable,component_ids_detected,component_names_detected
Inkafarma,Enat 400UI Vitamina E Cápsula Blanda,Enat 400UI Vitamina E Cápsula Blanda,,53.01,PEN,available,https://inkafarma.pe/producto/enat-400ui-vitamina-e/429711,429711,ENAT,algolia_public_search,2026-06-08T01:09:22.519490+00:00,,Vitamina E 400UI Este producto es distribuido por Inretail Pharma S.A. (Ley 32033) Vitaminas Vitamina E,,false_no_registro_sanitario,,
Inkafarma,E-port 400UI Vitamina E Cápsula blanda,E-port 400UI Vitamina E Cápsula blanda,,56.94,PEN,available,https://inkafarma.pe/producto/e-port-400ui-vitamina-e/008999,008999,E-PORT,algolia_public_search,2026-06-08T01:09:22.520076+00:00,,Vitamina E 400UI Este producto es distribuido por Inretail Pharma S.A. (Ley 32033) Vitaminas Vitamina E,,false_no_registro_sanitario,,
Inkafarma,Serum Antioxidante Vichy Liftactiv Vitamina C,Serum Antioxidante Vichy Liftactiv Vitamina C,,143.90,PEN,available,https://inkafarma.pe/producto/serum-vitamina-c-vichy-liftactiv-supreme/067305,067305,VICHY,algolia_public_search,2026-06-08T01:09:22.522950+00:00,,"Vitamina C pura Vitamina C pura, Vitamina E, Neohesperidina natural, Polifenoles de pino marítimo y Ácido hialurónico fragmentado Este producto es distribuido por Inretail Pharma S.A. (Ley 32033) El objetivo de Vichy es ayudar y fortalecer la piel, desarrollando productos para cada necesidad y afección. Además, el agua mineralizante de Vichy es el ingrediente principal y activo estrella en los productos de cuidado de la piel. Descubre el poder de Vichy en tu Piel ¿Ya lo probaste? Descubre el nuevo Sérum Antioxidante con Efecto iluminador Activos que combina un 15% Vitamina C Pura, Vitamina E, Polifenoles de Pino y Ácido Hialurónico Puro en un sérum de grado dermatológico para potenciar las defensas antioxidantes de la piel y conseguir una piel más luminosa y saludable.Sin perfumes y sin siliconas, es oil-free y se absorbe rápidamente en la superficie de la piel. Además, no deja sensación grasa ni pegajosa y sin brillos. Mayor concentración de Vitamina C pura para un intenso efecto iluminador Sin sensación grasa ni pegajosa y sin brillos Lo Mejor en Dermocosmética Cupón INKA20 Tratamiento Facial Todo en Serum Dermatológico Antiedad Vichy - Marca Exclusiva Regalo",,false_no_registro_sanitario,,
Inkafarma,Crema Depilatoria Facial Manzanilla y Vitamina E,Crema Depilatoria Facial Manzanilla y Vitamina E,,14.30,PEN,available,https://inkafarma.pe/producto/crema-depilatoria-facial-manzanilla-y-vitamina-e/016899,016899,DEPILÉ,algolia_public_search,2026-06-08T01:09:22.524531+00:00,,"Este producto es distribuido por Inretail Pharma S.A. (Ley 32033) Disfruta de belleza y cuidado especializado con Depile, li?nea experta en productos de Depilacio?n corporal y facial. Sus productos fueron desarrollados para ofrecerte máxima calidad y eficacia. Distintos productos para satisfacer cada necesidad y adaptarse a cada tipo de piel. Belleza y cuidado con Crema Depilatoria Facial Manzanilla y Vitamina E Depilación instantánea y duradera, deja la piel suave hasta por 4 semanas. Depilación Cremas Depilatorias",,false_no_registro_sanitario,,
Inkafarma,Sérum Facial Cluny Vitamina C y Ácido Hialurónico,Sérum Facial Cluny Vitamina C y Ácido Hialurónico,,21.90,PEN,available,https://inkafarma.pe/producto/serum-facial-cluny-vitamina-c-y-hialuronico/037883,037883,CLUNY,algolia_public_search,2026-06-08T01:09:22.525685+00:00,,"Vitamina C, Ácido hialurónico, Filtro UV Este producto es distribuido por Inretail Pharma S.A. (Ley 32033) Cluny brinda una línea de productos innovadores para cada una de sus necesidades y cuidado de tu piel. Productos especializados en limpiar, hidratar y proteger tu piel. ¡Reafirma tu belleza con Cluny! Sérum Facial Cluny Vitamina C y Ácido Hialurónico Atenúa las manchas de la piel y aporta un extra de hidratación y luminosidad. Cuenta con textura fresca, ligera y de fácil absorción. además, es antioxidante y fotoprotector. Con la nueva línea facial sérum de cluny experimenta una piel más luminosa, brillante y perfecta. Dale el cuidado que merece tu piel durante todo el día Productos especializados en limpiar hidratar y proteger tu piel Lo Más Pedido en Belleza Cuidado Facial Sérum Cuidado Facial en Todas las Marcas",,false_no_registro_sanitario,,
Inkafarma,Spray Para Peinar Johnson Fuerza y Vitamina,Spray Para Peinar Johnson Fuerza y Vitamina,,22.10,PEN,available,https://inkafarma.pe/producto/spray-para-peinar-johnson-fuerza-y-vitamina/023863,023863,JOHNSON'S BABY,algolia_public_search,2026-06-08T01:09:22.529705+00:00,,"Este producto es distribuido por Inretail Pharma S.A. (Ley 32033) Todos los productos Johnson's Baby especializados para el cuidado y protección delicada de tu bebé. Aventura más gratificante de la vida con los mejores productos de Johnson's en Inkafarma. Limpieza y cuidado de la piel con Johnson's Jabón Cremoso Humectante Fórmula Original Limpia y cuida tu piel diariamente con el Jabón Cremoso Humectante Jhonson's Fórmula Original que te protege gracias a su contenido de crema humectante. Elaborado con ingredientes y emolientes naturales para el mejor cuidado de tu piel. Descubre Toda la Línea Johnson's que Cuida la Piel de tu Bebé Productos delicados para el aseo y cuidado en Inkafarma Colonia Sonrisas Johnson's Baby Contiene miel y extracto de linaza que cuida la piel del bebé. Crema Corporal para Bebe Johnson's Baby Ideal para el cuerpo del bebé, posee suaves y efectivos emolientes que ayuda a humectar la piel, protegiéndola de la resequedad. Aceite Johnson's Baby Antes de Dormir Ayuda al bebé a conciliar el sueño, gracias a su fórmula preparada con esencia relajante. Cuidado de Bebés y Perfumería Loción para peinar",,false_no_registro_sanitario,,
Inkafarma,Sérum Medik8 C-Tetra Lux Vitamina C,Sérum Medik8 C-Tetra Lux Vitamina C,,344.90,PEN,available,https://inkafarma.pe/producto/serum-medik8-c-tetra-lux-vitamina-c/067636,067636,Medik8,algolia_public_search,2026-06-08T01:09:22.530381+00:00,,"Ascorbato de tetrahexildecilo, Vitamina E, Ácido hialurónico, Moisture Magnets Este producto es distribuido por Inretail Pharma S.A. (Ley 32033) Lo Mejor en Dermocosmética Tratamiento Facial Todo en Serum Dermatológico Antiedad",,false_no_registro_sanitario,,
Inkafarma,Pack 02 Vitamina C Sunvit 1000mg,Pack 02 Vitamina C Sunvit 1000mg,,156.90,PEN,available,https://inkafarma.pe/producto/pack-02-vitamina-c-sunvit-1000mg/PACKNT385,PACKNT385,SUNVIT,algolia_public_search,2026-06-08T01:09:22.533706+00:00,,Vitamina C (Acido ascórbico 1000mg Este producto es distribuido por Inretail Pharma S.A. (Ley 32033) Packs de Nutrición y Bienestar,,false_no_registro_sanitario,,
Inkafarma,Eau de Toilette Victorio & Lucchino Aguas Frutales Vitamina Apasionada Nº19,Eau de Toilette Victorio & Lucchino Aguas Frutales Vitamina Apasionada Nº19,,60.70,PEN,available,https://inkafarma.pe/producto/eau-de-toilette-victorio-lucchino-aguas-frutales-vitamina-apasionada/074625,074625,V&L,algolia_public_search,2026-06-08T01:09:22.538344+00:00,,Este producto es distribuido por Inretail Pharma S.A. (Ley 32033) Fragancias para Ella,,false_no_registro_sanitario,,
Inkafarma,Pack 02 Gomix Vitamina C Sabor Naranja,Pack 02 Gomix Vitamina C Sabor Naranja,,59.90,PEN,available,https://inkafarma.pe/producto/pack-02-gomix-vitamina-c-naranja/PACKNT78,PACKNT78,GCA TRADING,algolia_public_search,2026-06-08T01:09:22.538507+00:00,,"Gelatina de naranja, gelatina neutra, glucosa, azúcar, ácido cítrico, color naranja, ácido ascórbico, sabor naranja y agua tratada. Este producto es distribuido por Inretail Pharma S.A. (Ley 32033) Vitaminas Suplementos y Vitaminas Packs de Nutrición y Bienestar Gomitas Funcionales para Todo Vitamina C",,false_no_registro_sanitario,,
Inkafarma,Gomix Vitamina C Caramelo blando,Gomix Vitamina C Caramelo blando,,31.50,PEN,available,https://inkafarma.pe/producto/gomix-vitamina-c-caramelo-blando/033372,033372,GCA TRADING,algolia_public_search,2026-06-08T01:09:22.540809+00:00,,"Gelatina de naranja, gelatina neutra, glucosa, azúcar, ácido cítrico, color naranja, ácido ascórbico, sabor naranja y agua tratada. Este producto es distribuido por Inretail Pharma S.A. (Ley 32033) Vitaminas Suplementos y Vitaminas Gomitas Funcionales para Todo Vitamina C",,false_no_registro_sanitario,,
Inkafarma,Sérum Antiedad Endocare Radiance C Ferulic Vitamina C Antioxidante,Sérum Antiedad Endocare Radiance C Ferulic Vitamina C Antioxidante,,172.50,PEN,available,https://inkafarma.pe/producto/serum-antiedad-endocare-radiance-ferulic-vitamina/073897,073897,ENDOCARE,algolia_public_search,2026-06-08T01:09:22.549477+00:00,,"EDAFENCE® Powerful Anti-Pollution Defence, SCA® Growth Factor Technology, Vitamina C, Ácido Ferúlico, Vitamina E Este producto es distribuido por Inretail Pharma S.A. (Ley 32033) Cantabria Labs es una empresa farmacéutica de referencia en España en el ámbito de la prescripción dermatológica, destacándose tanto por el respaldo científico de sus productos como por la confianza que depositan los profesionales en su calidad. Con más de 25 años de experiencia en dermatología y un fuerte enfoque internacional, presente en más de 80 países, la compañía ofrece soluciones innovadoras para el cuidado de la piel, que responden a las necesidades de profesionales y pacientes a nivel global. Sérum Antiedad Endocare Cantabria Labs Radiance C Ferulic Vitamina C Antioxidante Ideal para Todo Tipo de Piel Sérum antipolución y antioxidante avanzado de rápida absorción, con excelente tolerancia, que protege la piel de los daños causados por la contaminación y los factores de estrés ambiental. Su fórmula ligera, sin residuo graso y con acabado aterciopelado, defiende la piel contra los efectos de los radicales libres y los contaminantes urbanos, siendo ideal para todo tipo de pieles. Además, es no comedogénico.Enriquecido con EDAfence®, una innovadora tecnología antipolución de eficacia comprobada contra metales pesados, humo de tabaco y contaminantes urbanos, y con Advanced Antiox Synergy, un sistema antioxidante de última generación. Su exclusiva combinación de SCA® Growth Factor Technology, vitamina C, ácido ferúlico y vitamina E proporciona una acción antioxidante y reparadora avanzada, ayudando a proteger y revitalizar la piel con alta tolerancia. Protección frente a la polución Textura ligera y rápida absorción Lo Mejor en Dermocosmética Tratamiento Facial Todo en Serum Dermatológico Hidratación Mejores Marcas de Cantabria Labs",,false_no_registro_sanitario,,
Inkafarma,Pack 02 Vitamina E 400 Mason Natural,Pack 02 Vitamina E 400 Mason Natural,,84.40,PEN,available,https://inkafarma.pe/producto/pack-02-vitamina-e-400-mason-natural/PACKNT135,PACKNT135,MASON,algolia_public_search,2026-06-08T01:09:22.549752+00:00,,Vitamina E 400UI Este producto es distribuido por Inretail Pharma S.A. (Ley 32033) Vitaminas para Adultos Vitaminas Packs de Nutrición y Bienestar Vitamina E,,false_no_registro_sanitario,,
Inkafarma,Pack 02 Vitamina E 1000 Mason Natural,Pack 02 Vitamina E 1000 Mason Natural,,202.00,PEN,available,https://inkafarma.pe/producto/pack-02-vitamina-e-1000-mason-natural/PACKNT122,PACKNT122,MASON,algolia_public_search,2026-06-08T01:09:22.549862+00:00,,Vitamina E 1000UI Este producto es distribuido por Inretail Pharma S.A. (Ley 32033) Vitaminas Packs de Nutrición y Bienestar Vitamina E,,false_no_registro_sanitario,,
Inkafarma,Pack Sérum Antimanchas + Protector Solar Vitamina C Garnier,Pack Sérum Antimanchas + Protector Solar Vitamina C Garnier,,153.00,PEN,available,https://inkafarma.pe/producto/pack-serum-antimanchas-protector-solar-vitamina-c-garnier/PACKDB731,PACKDB731,GARNIER,algolia_public_search,2026-06-08T01:09:22.550835+00:00,,Este producto es distribuido por Inretail Pharma S.A. (Ley 32033) Packs de Belleza,,false_no_registro_sanitario,,
Inkafarma,Loción Corporal Aquamarine con Vitamina E para Piel Normal a Seca,Loción Corporal Aquamarine con Vitamina E para Piel Normal a Seca,,17.90,PEN,available,https://inkafarma.pe/producto/locion-corporal-aquamarine-con-vitamina-e-para-pie/908159,908159,AQUAMARINE,algolia_public_search,2026-06-08T01:09:22.552290+00:00,,"Este producto es distribuido por Inretail Pharma S.A. (Ley 32033) Loción hidratante no grasosa de rápida absorción, elaborada con Vitaminas E, humectantes y emolientes que proporcionan frescura y suavidad a manos y cuerpo. Cremas Hidratantes Cremas Corporales",,false_no_registro_sanitario,,
Inkafarma,Loción Corporal Aquamarine con Vitamina A para Piel Extra Seca,Loción Corporal Aquamarine con Vitamina A para Piel Extra Seca,,17.90,PEN,available,https://inkafarma.pe/producto/locion-corporal-aquamarine-con-vitamina-a-para-pie/908158,908158,AQUAMARINE,algolia_public_search,2026-06-08T01:09:22.699355+00:00,,"Este producto es distribuido por Inretail Pharma S.A. (Ley 32033) Loción hidratante no grasosa de rápida absorción, elaborada con Vitaminas A, humectantes y emolientes que proporcionan frescura y suavidad a manos y cuerpo. Cremas Hidratantes Cremas Corporales",,false_no_registro_sanitario,,
Inkafarma,Crema Facial Enat con Vitamina E,Crema Facial Enat con Vitamina E,,51.50,PEN,available,https://inkafarma.pe/producto/crema-facial-enat-con-vitamina-e/430909,430909,MEGA,algolia_public_search,2026-06-08T01:09:22.699550+00:00,,"Este producto es distribuido por Inretail Pharma S.A. (Ley 32033) Indicado en el tratamiento de la piel, la crema hidrata y ayuda a reducir las arrugas, también ayuda a suavizar y disminuir las cicatrices. Cuidado Facial Crema facial",,false_no_registro_sanitario,,
Inkafarma,"Vitamina A-10,000UI Mason Cápsulas Blandas","Vitamina A-10,000UI Mason Cápsulas Blandas",,49.80,PEN,available,https://inkafarma.pe/producto/vitamina-a-10000iu-capsulas-blandas/403223,403223,MASON,algolia_public_search,2026-06-08T01:09:22.700245+00:00,,"Vitamina A 3,000 mcg RAE (10,000 UI) Este producto es distribuido por Inretail Pharma S.A. (Ley 32033) La Vitamina A contribuye a mantener una visión saludable. La Vitamina A ayuda en el mantenimiento de la visión nocturna. La Vitamina A contribuye al buen funcionamiento del sistema inmune. La Vitamina A contribuye a mantener una piel y mucosas en buenas condiciones. La Vitamina A ayuda a mantener la salud de la piel. Con vitamina A en Alta Potencia. Sin colorantes artificiales o sabores artificiales, Sin preservantes, azúcar, almidón, trigo, adulcorantes, lacteos, levadura, frutos secos, huevos. Libre de gluten. Vitaminas Vitamina A",,false_no_registro_sanitario,,
Inkafarma,Pack Shampoo + Acondicionado Dove Hidratación + Vitamina A&E,Pack Shampoo + Acondicionado Dove Hidratación + Vitamina A&E,,26.90,PEN,available,https://inkafarma.pe/producto/pack-shampoo-acondicionado-dove-hidratacion-vit-ae/084662,084662,DOVE,algolia_public_search,2026-06-08T01:09:22.702518+00:00,,Este producto es distribuido por Inretail Pharma S.A. (Ley 32033) Cuidado del Cabello Shampoo y Acondicionadores,,false_no_registro_sanitario,,
Inkafarma,Sérum Facial Babaria Vitamina D,Sérum Facial Babaria Vitamina D,,42.90,PEN,available,https://inkafarma.pe/producto/serum-facial-babaria-vitamina-d/084540,084540,BABARIA,algolia_public_search,2026-06-08T01:09:22.702625+00:00,,Este producto es distribuido por Inretail Pharma S.A. (Ley 32033) Cuidado Facial Sérum,,false_no_registro_sanitario,,
Inkafarma,DHA + Vitamina D Nancare Nestlé Suspensión Oral,DHA + Vitamina D Nancare Nestlé Suspensión Oral,,77.50,PEN,available,https://inkafarma.pe/producto/dha-vitamina-d-nancare-nestle-suspension-oral/084417,084417,NANCARE,algolia_public_search,2026-06-08T01:09:22.702890+00:00,,"Cada 0.31mL (8 gotas) contiene: 110mg DHA, 10ug Vitamina D. Este producto es distribuido por Inretail Pharma S.A. (Ley 32033) Multivitamínicos Para Niños",,false_no_registro_sanitario,,
Inkafarma,Sérum Vitamin C Catrice Fresh Glow,Sérum Vitamin C Catrice Fresh Glow,,31.90,PEN,available,https://inkafarma.pe/producto/serum-vitamin-c-catrice-fresh-glow/083262,083262,CATRICE,algolia_public_search,2026-06-08T01:09:22.702996+00:00,,Vitamina C Este producto es distribuido por Inretail Pharma S.A. (Ley 32033) Cuidado Facial Sérum,,false_no_registro_sanitario,,
Inkafarma,Autobronceador B.TAN Darkest Ácido Hialurónico y Vitamina C,Autobronceador B.TAN Darkest Ácido Hialurónico y Vitamina C,,74.90,PEN,available,https://inkafarma.pe/producto/autobronceador-b-tan-darkest-hialuronico-vitc/081314,081314,B.TAN,algolia_public_search,2026-06-08T01:09:22.704660+00:00,,Este producto es distribuido por Inretail Pharma S.A. (Ley 32033) Cuidado de la Piel Bloqueadores Solares Bronceador,,false_no_registro_sanitario,,
Inkafarma,Autobronceador B.TAN Insanely Dark Ácido Hialurónico y Vitamina C,Autobronceador B.TAN Insanely Dark Ácido Hialurónico y Vitamina C,,74.90,PEN,available,https://inkafarma.pe/producto/autobronceador-btan-insanely-dark-hialuronico-vitc/081313,081313,B.TAN,algolia_public_search,2026-06-08T01:09:22.704771+00:00,,Este producto es distribuido por Inretail Pharma S.A. (Ley 32033) Cuidado de la Piel Bloqueadores Solares Bronceador,,false_no_registro_sanitario,,
Inkafarma,Protector Labial Babaria 30 SPF Vitamina E,Protector Labial Babaria 30 SPF Vitamina E,,15.90,PEN,available,https://inkafarma.pe/producto/protector-labial-babaria-30-spf-vitamina-e/080100,080100,BABARIA,algolia_public_search,2026-06-08T01:09:22.704859+00:00,,VITAMINA E VITAMINA E VITAMINA E Bloqueadores Solares,,false_no_registro_sanitario,,
Inkafarma,Sérum Martiderm Shots Vitamina C Antiox,Sérum Martiderm Shots Vitamina C Antiox,,144.00,PEN,available,https://inkafarma.pe/producto/serum-martiderm-shots-vitamina-c-antiox/078667,078667,MARTIDERM,algolia_public_search,2026-06-08T01:09:22.705042+00:00,,"Vitamina C pura 15% Vitamina C pura (ácido ascórbico): Potente antioxidante que combate los radicales libres, potencia la producción de colágeno y tiene efecto iluminador. Extracto de jengibre: Contiene gingeroles con propiedades antioxidantes que combaten el daño de los radicales libres. Este producto es distribuido por Inretail Pharma S.A. (Ley 32033) Lo Mejor en Dermocosmética Tratamiento Facial Lo Mejor de Martiderm Todo en Serum Dermatológico Antiedad",,false_no_registro_sanitario,,
Inkafarma,Agua Micelar Garnier Skin Active Vitamina C,Agua Micelar Garnier Skin Active Vitamina C,,16.50,PEN,available,https://inkafarma.pe/producto/agua-micelar-garnier-skin-active-vitamina-c/074866,074866,GARNIER,algolia_public_search,2026-06-08T01:09:22.705755+00:00,,Este producto es distribuido por Inretail Pharma S.A. (Ley 32033) Lo Más Pedido en Belleza Cuidado Facial Agua Micelar L'Oreal y Garnier,,false_no_registro_sanitario,,
Inkafarma,Crema Corporal Portugal Acaricé con Vitamina E,Crema Corporal Portugal Acaricé con Vitamina E,,25.60,PEN,available,https://inkafarma.pe/producto/crema-corporal-portugal-acarice-con-vitamina-e/067724,067724,PORTUGAL,algolia_public_search,2026-06-08T01:09:22.707042+00:00,,"MantecA de Karite y Vitamina E Este producto es distribuido por Inretail Pharma S.A. (Ley 32033) Laboratorios Portugal, con más de 150 años de experiencia en el mercado con más de 2000 productos; Línea Cosmética (entre las más importantes la marca Bahía, Portugal Cosmetics y Floresta), Línea de Productos Naturales, Suplementos Nutricionales, Vitaminas, Línea Farmacéutica entre otros. Encuentra tus marcas de siempre en un solo lugar. Engrie a tu Piel con la Crema Corporal Portugal Acaricé con Vitamina E Ayuda a recuperar y mantener la hidratación de la piel, devolviéndole la humedad necesaria para mantenerla suave y protegida contra la sequedad del ambiente. Además, hidrata hasta el 100% ayudando a prevenir y aliviar la sequedad de la piel. Sigue cuidando y protegiendo tu piel ¡Portugal más cerca de ti! Cremas Hidratantes Cremas Corporales",,false_no_registro_sanitario,,
Inkafarma,Crema Corporal Portugal Acaricé con Vitamina E,Crema Corporal Portugal Acaricé con Vitamina E,,8.90,PEN,available,https://inkafarma.pe/producto/crema-corporal-portugal-acarice-con-vitamina-e/067718,067718,PORTUGAL,algolia_public_search,2026-06-08T01:09:22.707397+00:00,,"Vitamina E Este producto es distribuido por Inretail Pharma S.A. (Ley 32033) Laboratorios Portugal, con más de 150 años de experiencia en el mercado con más de 2000 productos; Línea Cosmética (entre las más importantes la marca Bahía, Portugal Cosmetics y Floresta), Línea de Productos Naturales, Suplementos Nutricionales, Vitaminas, Línea Farmacéutica entre otros. Encuentra tus marcas de siempre en un solo lugar. Engrie a tu Piel con la Crema Corporal Portugal Acaricé con Vitamina E Ayuda a recuperar y mantener la hidratación de la piel, devolviéndole la humedad necesaria para mantenerla suave y protegida contra la sequedad del ambiente. Además, hidrata hasta el 100% ayudando a prevenir y aliviar la sequedad de la piel. Sigue cuidando y protegiendo tu piel ¡Portugal más cerca de ti! Cremas Hidratantes Cremas Corporales",,false_no_registro_sanitario,,
Inkafarma,Crema Corporal Portugal Acaricé con Vitamina E,Crema Corporal Portugal Acaricé con Vitamina E,,19.40,PEN,available,https://inkafarma.pe/producto/crema-corporal-portugal-acarice-con-vitamina-e/067717,067717,PORTUGAL,algolia_public_search,2026-06-08T01:09:22.707763+00:00,,"Vitamina E Este producto es distribuido por Inretail Pharma S.A. (Ley 32033) Laboratorios Portugal, con más de 150 años de experiencia en el mercado con más de 2000 productos; Línea Cosmética (entre las más importantes la marca Bahía, Portugal Cosmetics y Floresta), Línea de Productos Naturales, Suplementos Nutricionales, Vitaminas, Línea Farmacéutica entre otros. Encuentra tus marcas de siempre en un solo lugar. Engrie a tu Piel con la Crema Corporal Portugal Acaricé con Vitamina E Ayuda a recuperar y mantener la hidratación de la piel, devolviéndole la humedad necesaria para mantenerla suave y protegida contra la sequedad del ambiente. Además, hidrata hasta el 100% ayudando a prevenir y aliviar la sequedad de la piel. Sigue cuidando y protegiendo tu piel ¡Portugal más cerca de ti! Cremas Hidratantes Cremas Corporales",,false_no_registro_sanitario,,
Inkafarma,Crema Facial Babaria Vitamina C,Crema Facial Babaria Vitamina C,,36.00,PEN,available,https://inkafarma.pe/producto/crema-facial-babaria-vitamina-c-50-ml/033442,033442,BABARIA,algolia_public_search,2026-06-08T01:09:22.712054+00:00,,Este producto es distribuido por Inretail Pharma S.A. (Ley 32033) La crema facial Babaria te brinda tratamiento y cuidado para tu piel. Brillo y luminosidad gracias a su fórmula que combina ativos de la Vitamina C y vitamina E por su poder antioxidante. Protección contra la luz azul. Lo Más Pedido en Belleza Cuidado Facial Cuidado Facial en Todas las Marcas Crema facial,,false_no_registro_sanitario,,
Inkafarma,Jabones Johnson's Cremoso con Aloe y Vitamina E,Jabones Johnson's Cremoso con Aloe y Vitamina E,,13.60,PEN,available,https://inkafarma.pe/producto/jabones-johnsons-cremoso-aloe-y-vitamina-e/029344,029344,JOHNSON'S BABY,algolia_public_search,2026-06-08T01:09:22.712198+00:00,,Este producto es distribuido por Inretail Pharma S.A. (Ley 32033) El Jabón JOHNSON'S contiene agentes hidratantes e ingredientes naturales que cuidan y protegen de tu piel. Dermatológicamente probado. Baño Jabones Jabón en Barra Jabones,,false_no_registro_sanitario,,
Inkafarma,Serum Facial Babaria Vitamina C,Serum Facial Babaria Vitamina C,,40.00,PEN,available,https://inkafarma.pe/producto/serum-facial-babaria-vitamina-c-30ml/025782,025782,BABARIA,algolia_public_search,2026-06-08T01:09:22.712559+00:00,,"Este producto es distribuido por Inretail Pharma S.A. (Ley 32033) Explora y disfruta de protección, belleza, cuidado, salud, bienestar, armonía y equilibrio con Babaria. Sus productos fueron diseñados especialmente para brindarte eficacia, calidad y cosmética facial, corporal y capilar. Desde 1981 brindándote cuidado para tu piel y cabello para todas y todos en la familia. Tratamiento y cuidado de la piel con Babaria Serum Facial Vitamina C El serum facial Babaria antioxidante te brinda cuidado para tu piel y luminosidad. Su fórmula con vitamina C protege frente a la Luz Azul proveniente de los dispositivos móviles, y frente a la polución, además estimula la síntesis de Ácido Hialurónico y del Colágeno natural de la piel, mejorando la flexibilidad. También inhibe la glicación, por lo que tiene un efecto antiedad. Aumenta el brillo de la piel y reduce las manchas por la edad. Y junto con la Vitamina E, hacen sinergia sus efectos antioxidantes y disminuyen los radicales libres. Lo Más Pedido en Belleza Cuidado Facial Cuidado Facial en Todas las Marcas Crema facial",,false_no_registro_sanitario,,
Inkafarma,Shampoo Johnson's NF Fuerza y Vitamina,Shampoo Johnson's NF Fuerza y Vitamina,,31.80,PEN,available,https://inkafarma.pe/producto/shampoo-johnsons-nf-fuerza-y-vitamina/024974,024974,JOHNSON'S BABY,algolia_public_search,2026-06-08T01:09:22.713028+00:00,,"Este producto es distribuido por Inretail Pharma S.A. (Ley 32033) Bienvenido a la aventura más gratificante de la vida, en la que cada momento con tu bebé se vuelve especial y se convierte en una experiencia maravillosa. Todos los productos Johnson's Baby están elaborados para cada etapa, edad y especializados para el mejor cuidado y protección de tu bebé. Descubre todo de Johnson's en Inkafarma, pureza que inspira. Higiene y Cuidado Capilar con Johnson's Shampoo NF Fuerza y Vitamina La línea johnson's Fuerza y Vitamina realza la fuerza natural del cabello en desarrollo, ayudando a prevenir los quiebres. Descubre Toda la Línea Johnson's que Cuida la Piel de tu Bebé Productos para el aseo y cuidado en Inkafarma Acondicionador Johnson's Gotas de Brillo Ayuda a realzar naturalmente el color del cabello claro de tu bebé. Exclusiva fórmula no más lágrimas y sin alcohol. Jabón Cremoso Johnson's Baby Original Ayuda con la higiene y cuidado de la piel, con fórmula ligera que limpia suavemente la piel de tu bebé. Aceite para Bebé Johnson's Baby Ayuda a remover costras, durezas de la cabecita y orejitas de tu bebé. Hidratación natural de la piel con Johnson's. Aseo Bebé / Niños Shampoo para Niños",,false_no_registro_sanitario,,
Inkafarma,Acondicionador Johnson's NF Fuerza y Vitamina,Acondicionador Johnson's NF Fuerza y Vitamina,,31.80,PEN,available,https://inkafarma.pe/producto/acondicionador-johnsons-nf-fuerza-y-vitamina/024950,024950,JOHNSON'S BABY,algolia_public_search,2026-06-08T01:09:22.713360+00:00,,"Este producto es distribuido por Inretail Pharma S.A. (Ley 32033) Bienvenido a la aventura más gratificante de la vida, en la que cada momento con tu bebé se torna especial y se convierte en una experiencia maravillosa. Los productos Johnsons te invitan a que cada momento compartido con tu bebé es una oportunidad para darle mucho más: más contacto, más estimulación y más estimulación, logrando en tu bebé un desarrollo más saludable. Hidratación y cuidado capilar con Johnson's Acondicionador NF Hidratación Intensa Especialmente formulado para lavar el pelo delicado de los niños de manera suave, eficaz y segura. Su exclusiva fórmula No Más Lágrimas, no irrita los ojos ni la piel de tu niño, es de uso diario y está enriquecido con Aloe y Vitamina E. El uso de toda la línea proporciona hidratación intensa al pelo. Baño Cuidado del Cabello Acondicionador Shampoo y Acondicionadores",,false_no_registro_sanitario,,
Inkafarma,Crema Tratamiento Antioxidante La Roche Posay Pure Vitamina C,Crema Tratamiento Antioxidante La Roche Posay Pure Vitamina C,,176.90,PEN,available,https://inkafarma.pe/producto/redermic-hyaluc-c-la-roche-posay-40ml/006482,006482,LA ROCHE-POSAY,algolia_public_search,2026-06-08T01:09:22.713940+00:00,,"Vitamina C pura Contiene Ácido Hialurónico: Proporciona un efecto de relleno. Vitamina C, estimula la producción de colágeno. Manosa: Redensifica la piel. Este producto es distribuido por Inretail Pharma S.A. (Ley 32033) La Roche-Posay cuenta con productos revolucionarios y soluciones personalizadas para las necesidades de cada tipo de piel. Además, ofrece completas líneas de productos para el cuidado de la piel y maquillajes para tu rostro. Productos probados 100 % contra alergias y en cada piel sensible. Tratamiento y Cuidado para tu piel con la Crema Tratamiento Antioxidante La Roche Posay Pure Vitamina Ccon Crema que ayuda a reafirmar, hidratar e iluminar el rostro y minimizar arrugas en el rostro. Ideal para todas las pieles, especialmente sensibles, que presenten arrugas profundas y falta de firmeza y elasticidad de la piel. Descubre todo los productos de La Roche Posay Productos efectivos con Vitamina C Sérum Antioxidante La Roche Posay Pure Vitamina C10 Formulado con un 10% de vitamina C pura para iluminar y reafirmar la piel. Contiene ácido salicílico que ayuda a incrementar la penetración de vitamina C para una mayor eficacia y neurosensina calmante. Todo ello formulado a un pH fisiológico, que lo hace apto incluso para una piel sensible. Crema Contorno de Ojos Antioxidante La Roche Posay Pure Vitamina C Crema para reafirmar e iluminar el contorno de los ojos y minimizar las arrugas. Contiene Vitamina C al 5% que estimula la producción de colágeno. Además, es ideal para todas las pieles, especialmente sensibles, que presenten arrugas profundas y falta de firmeza y elasticidad de la piel. Testeado oftalmológicamente. Lo Mejor en Dermocosmética Tratamiento Facial La Roche Posay + Regalo Antiedad",,false_no_registro_sanitario,,
Inkafarma,Eau de Toilette Victorio & Lucchino Aguas Frutales Vitamina Cítrica Nº18,Eau de Toilette Victorio & Lucchino Aguas Frutales Vitamina Cítrica Nº18,,60.70,PEN,available,https://inkafarma.pe/producto/eau-de-toilette-victorio-lucchino-aguas-frutales-vitamina-citrica/074607,074607,V&L,algolia_public_search,2026-06-08T01:09:22.715360+00:00,,Este producto es distribuido por Inretail Pharma S.A. (Ley 32033) Fragancias para Ella,,false_no_registro_sanitario,,
Inkafarma,Crema Gel Vitamina C Institut Esthederm Intensive,Crema Gel Vitamina C Institut Esthederm Intensive,,259.00,PEN,available,https://inkafarma.pe/producto/crema-gel-vitamina-c-esthederm-intensive/090497,090497,INSTITUT ESTHEDERM,algolia_public_search,2026-06-08T01:09:22.718266+00:00,,Este producto es distribuido por Inretail Pharma S.A. (Ley 32033) Tratamiento Facial Hidratación,,false_no_registro_sanitario,,
Inkafarma,Concentrado Vitamina C2 Institut Esthederm Intensive,Concentrado Vitamina C2 Institut Esthederm Intensive,,175.00,PEN,available,https://inkafarma.pe/producto/concentrado-c2-esthederm-intensive/090492,090492,INSTITUT ESTHEDERM,algolia_public_search,2026-06-08T01:09:22.718366+00:00,,Este producto es distribuido por Inretail Pharma S.A. (Ley 32033) Tratamiento Facial Hidratación,,false_no_registro_sanitario,,
Inkafarma,Mascarilla Facial Iroha Iluminadora Vitamina C,Mascarilla Facial Iroha Iluminadora Vitamina C,,24.90,PEN,available,https://inkafarma.pe/producto/mascarilla-facial-iroha-iluminadora-vitamina-c/086325,086325,IROHA NATURE,algolia_public_search,2026-06-08T01:09:22.719379+00:00,,Este producto es distribuido por Inretail Pharma S.A. (Ley 32033) Cuidado Facial Mascarillas,,false_no_registro_sanitario,,
Inkafarma,Vitamina C Solgar 1000mg Cápsula,Vitamina C Solgar 1000mg Cápsula,,115.00,PEN,available,https://inkafarma.pe/producto/vitamina-c-solgar-1000mg-capsula/085911,085911,SOLGAR,algolia_public_search,2026-06-08T01:09:22.719509+00:00,,Cada capsula contiene: Vitamina C 1000 mg (Como L-Ácido Ascórbico) Este producto es distribuido por Inretail Pharma S.A. (Ley 32033) Vitaminas y Complementos Vitamina C,,false_no_registro_sanitario,,
Inkafarma,Crema Facial Babaria Vitamina D,Crema Facial Babaria Vitamina D,,39.90,PEN,available,https://inkafarma.pe/producto/crema-facial-babaria-vitamina-d/084539,084539,BABARIA,algolia_public_search,2026-06-08T01:09:22.719978+00:00,,Este producto es distribuido por Inretail Pharma S.A. (Ley 32033) Lo Más Pedido en Belleza Cuidado Facial Crema facial Cuidado Corporal para toda la Familia,,false_no_registro_sanitario,,
Inkafarma,Aceite Sally Hansen para Uñas y Cutículas con Vitamina E,Aceite Sally Hansen para Uñas y Cutículas con Vitamina E,,54.00,PEN,available,https://inkafarma.pe/producto/aceite-sally-hansen-tratamiento-para-unas-13-3-ml/081514,081514,SALLY HANSEN,algolia_public_search,2026-06-08T01:09:22.720081+00:00,,Este producto es distribuido por Inretail Pharma S.A. (Ley 32033) Cosméticos Esmaltes,,false_no_registro_sanitario,,
Inkafarma,Sérum Facial Frezyderm Vitamina C 5C3,Sérum Facial Frezyderm Vitamina C 5C3,,159.00,PEN,available,https://inkafarma.pe/producto/serum-facial-frezyderm-vitamina-c-5c3/080505,080505,FREZYDERM,algolia_public_search,2026-06-08T01:09:22.720374+00:00,,"Ingredientes antiarrugas: Éster de ácido ascórbico estabilizado (Protección y conservación de la composición de vitamina C), Palmitoyl Pentapeptide -4 (Matrikinas), con acción 5X en comparación con la vitamina C natural,Extracto de ciruela de Kakadu, reducción de la rugosidad de la piel, mejora de la luminosidad (fuente rica en vit. C ), Dimeticona. Este producto es distribuido por Inretail Pharma S.A. (Ley 32033) Cuidado Facial Sérum",,false_no_registro_sanitario,,
Inkafarma,JABON FACIAL VITAMINA C BRIGHTENING & ANTI AGING 100GR - DR RASHEL,JABON FACIAL VITAMINA C BRIGHTENING & ANTI AGING 100GR - DR RASHEL,,26.50,PEN,available,https://inkafarma.pe/producto/jabon-facial-vitamina-c-brightening-anti-aging-100gr-dr-rashel/1757215227468,1757215227468,GENÉRICO,algolia_public_search,2026-06-08T01:09:22.721374+00:00,,"JABON FACIAL VITAMINA C BRIGHTENING & ANTI AGING 100GR - DR RASHEL Ideal para: Personas que buscan una limpieza facial profunda que ilumine, purifique y combata signos de envejecimiento. Beneficios: - Enriquecido con vitamina C que aclara manchas y aporta luminosidad. - Limpia eficazmente impurezas, grasa y restos de maquillaje. - Ayuda a reducir arrugas y líneas finas, mejorando la firmeza de la piel. - Deja la piel suave, fresca y revitalizada. - Fórmula adecuada para todo tipo de piel, incluso sensibles. Modo de uso: Humedece el rostro, frota el jabón hasta formar espuma y aplica sobre la piel con movimientos circulares. Enjuaga con agua tibia. Usar mañana y noche. Advertencia: Uso externo. Evitar contacto con ojos. Suspender si hay irritación. Mantener fuera del alcance de los niños. Cuidado Facial Limpieza Facial",,false_no_registro_sanitario,,
Inkafarma,JABON BLANQUEADOR CON VITAMINA C 100GR - DR RASHEL,JABON BLANQUEADOR CON VITAMINA C 100GR - DR RASHEL,,30.00,PEN,available,https://inkafarma.pe/producto/jabon-blanqueador-con-vitamina-c-100gr-dr-rashel/1757215626558,1757215626558,GENÉRICO,algolia_public_search,2026-06-08T01:09:22.721715+00:00,,"Jabón Blanqueador con Vitamina C 100g – Dr. Rashel Ideal para: Pieles opacas, con manchas o tono desigual que buscan aclarar, iluminar y limpiar profundamente. Beneficios: - Enriquecido con vitamina C que unifica e ilumina el tono. - Ayuda a reducir manchas oscuras y marcas de acné. - Limpia profundamente sin resecar la piel. - Aporta frescura, suavidad y aspecto radiante. - Ideal para rostro y cuerpo, apto para uso diario. Modo de uso: Aplicar sobre la piel húmeda, masajear suavemente hasta hacer espuma y enjuagar con abundante agua. Usar día y noche. Advertencia: Solo uso externo. Evitar contacto con los ojos. No aplicar sobre piel lesionada. Usar protector solar durante el día para mejores resultados. Mantener en lugar fresco y seco. Cremas Hidratantes Cremas Corporales",,false_no_registro_sanitario,,
Inkafarma,Vitamina C Reforce 7.5 Gr 50 ML Solución Inyectable,Vitamina C Reforce 7.5 Gr 50 ML Solución Inyectable,,78.00,PEN,available,https://inkafarma.pe/producto/vitamina-c-reforce-7-5-gr-50-ml-solucion-inyectable/1744224375929,1744224375929,ZR MEDIC,algolia_public_search,2026-06-08T01:09:22.725562+00:00,,"Vitamina C Reforce es una solución inyectable de ácido ascórbico altamente concentrado, utilizada como suplemento para reforzar el sistema inmunológico, combatir el estrés oxidativo y mejorar la síntesis de colágeno, y está indicada en casos de deficiencia de vitamina C, fatiga, procesos infecciosos y como antioxidante. Características: contiene 7.5 g de ácido ascórbico (Vitamina C) por 50 ml, presentación en solución inyectable estéril, uso intravenoso o intramuscular según indicación médica, refuerza el sistema inmune y combate radicales libres, puede contribuir a la síntesis de colágeno y regeneración celular. Beneficios: ayuda a fortalecer el sistema inmunológico, contribuye a la reducción del estrés oxidativo, apoya la producción de colágeno para piel, cartílagos y tejidos, favorece la recuperación en casos de fatiga y enfermedades infecciosas. Especificaciones Técnicas: principio activo: ácido ascórbico (Vitamina C), concentración: 7.5 g / 50 ml, vía de administración: intravenosa o intramuscular (según indicación médica), presentación: frasco ampolla de 50 ml, uso: bajo prescripción médica. Cómo Usar: administrar únicamente bajo supervisión de un profesional de la salud, aplicar por vía intravenosa o intramuscular según indicación, no mezclar con otros medicamentos sin consulta médica, conservar en un lugar fresco y seco, protegido de la luz. Incluye: 1 frasco ampolla de 50 ml de Vitamina C Reforce 7.5 g. Garantía: este producto cuenta con 1 mes de garantía contra defectos de fabricación, no aplica si el producto ha sido manipulado o reparado por personal no autorizado por ZR MEDIC, por uso inadecuado o desgaste natural. Para servicio al cliente o asistencia técnica, puedes contactarnos a través del número o correo electrónico proporcionado al momento de la compra, el equipo de atención al cliente de ZR MEDIC está disponible para ayudarte. Vitaminas y Complementos Vitamina C",,false_no_registro_sanitario,,
Inkafarma,Vitamina C Pascoe 7.5 Gr 50 ML Solución Inyectable,Vitamina C Pascoe 7.5 Gr 50 ML Solución Inyectable,,134.00,PEN,available,https://inkafarma.pe/producto/vitamina-c-pascoe-7-5-gr-50-ml-solucion-inyectable/1744224376444,1744224376444,ZR MEDIC,algolia_public_search,2026-06-08T01:09:22.726106+00:00,,"Solución inyectable de ácido ascórbico (Vitamina C) altamente concentrada, utilizada como complemento nutricional y terapéutico en tratamientos que requieren refuerzo del sistema inmunológico, estrés oxidativo o déficit de vitamina C. Características: Contiene 7.5 g de vitamina C por cada 50 ml de solución. Uso inyectable intravenoso o intramuscular (según indicación médica). Presentación en frasco de vidrio de 50 ml. Libre de conservantes y aditivos innecesarios. Producto con estándares farmacéuticos. Beneficios: Refuerza el sistema inmunológico. Contribuye a la síntesis de colágeno y reparación de tejidos. Potente antioxidante que combate el daño celular. Apoya en procesos de recuperación y cicatrización. Puede ser utilizado como terapia complementaria en enfermedades crónicas. Especificaciones Técnicas: Principio activo: Ácido ascórbico (Vitamina C). Concentración: 7.5 g / 50 ml. Vía de administración: Intravenosa o intramuscular (según indicación médica). Presentación: Frasco de 50 ml. Condiciones de almacenamiento: Conservar en un lugar fresco y seco, protegido de la luz. Cómo Usar: Consulta médica previa, su aplicación debe ser indicada por un profesional de salud. Preparación: Verificar la integridad del frasco antes de su uso. Administración: Aplicar por vía intravenosa o intramuscular bajo supervisión médica. Dosis: Según indicación médica, dependiendo de la condición del paciente. Incluye: 1 frasco de 50 ml de solución inyectable de Vitamina C Pascoe. Garantía: Este producto cuenta con 1 mes de garantía contra defectos de fabricación. No aplica si el producto ha sido manipulado o reparado por personal no autorizado por ZR MEDIC, por uso inadecuado o desgaste natural. Para servicio al cliente o asistencia técnica, puedes contactarnos a través del número o correo electrónico proporcionado al momento de la compra, el equipo de atención al cliente de ZR MEDIC está disponible para ayudarte. Vitaminas y Complementos Vitamina C",,false_no_registro_sanitario,,
Inkafarma,Vitamina C Pura 1000 Mg - (100 Tabletas) - Mason Natural,Vitamina C Pura 1000 Mg - (100 Tabletas) - Mason Natural,,96.20,PEN,available,https://inkafarma.pe/producto/vitamina-c-pura-1000-mg-100-tabletas-mason-natural/1740068775201,1740068775201,MASON NATURAL,algolia_public_search,2026-06-08T01:09:22.872225+00:00,,"DESCRIPCIÓN Vitamina C Pura 1000 mg (100 Tabletas) Fortalece tu sistema inmunológico y mejora tu bienestar con Pure C 1000 MG. Este suplemento ayuda a reducir el cansancio, favorece la cicatrización de heridas y apoya la formación de colágeno para mantener huesos, cartílagos, dientes, encías y piel saludables. Además, su acción antioxidante protege las células del daño causado por radicales libres, contribuyendo a una salud integral. Ideal para quienes buscan energía y cuidado diario. CONTIENE Vitamina C (Ácido ascórbico) BENEFICIOS Contribuye al funcionamiento normal del sistema inmunológico. Ayuda a disminuir el cansancio y la fatiga. Favorece la cicatrización de heridas. Mantiene la capacidad del cuerpo para metabolizar nutrientes. Contribuye a la formación de colágeno para la salud de huesos, cartílagos, dientes, encías y piel. Es un antioxidante que protege las células del daño causado por radicales libres. CONSUMO RECOMENDADO Se recomienda consumir como suplemento dietético 1 tableta al día, junto con los alimentos. Advertencias y precauciones: No exceder la dosis diaria recomendada. Este producto no debe utilizarse como sustituto de una dieta equilibrada. Contraindicaciones: Administrar con precaución en pacientes con oxaluria y con hipersensibilidad. Vitaminas Vitamina C",,false_no_registro_sanitario,,
Inkafarma,Vitamina C Suspesion 23 + HA Spheres 2 30ml The ordinary,Vitamina C Suspesion 23 + HA Spheres 2 30ml The ordinary,,99.00,PEN,available,https://inkafarma.pe/producto/vitamina-c-suspesion-23-ha-spheres-2-30ml-the-ordinary/1696086790608,1696086790608,THE ORDINARY,algolia_public_search,2026-06-08T01:09:22.874411+00:00,,"Vitamin C Suspension 23% HA Spheres 2% es una potente suspensión de Vitamina C con esferas de Ácido Hialurónico diseñada para eliminar los signos del envejecimiento, aumentar la luminosidad e hidratación a tu piel y suavizar su textura. No apto para pieles sensibles. Tratamiento Facial",,false_no_registro_sanitario,,
Inkafarma,Serum Facial Concentre Vitamina C + Serum ácido Hialurónico,Serum Facial Concentre Vitamina C + Serum ácido Hialurónico,,69.90,PEN,available,https://inkafarma.pe/producto/serum-facial-concentre-vitamina-c-serum-acido-hialuronico/1757214554709,1757214554709,GENÉRICO,algolia_public_search,2026-06-08T01:09:22.875204+00:00,,"Serum Facial Concentre Vitamina C 10% Rejuvenece plus La Cooper 30gr Atenúa manchas en la piel. Disminuye apariencia de ojeras y bolsas en el contorno de los ojos del rostro. Unifica en tono de la piel. Con extractos naturales de Centella Asiática, Realiz y Árnica. Modo de uso: Después de limpiar y humedecer su piel, aplicar de 2 a 3 gotas en el rostro o en las yemas de los dedos mediante un masaje suave y luego dar palmaditas y alisar. Dejar secar, puede usarse directamente solo o aplicarse antes de la crema de uso diario o protector solar. - Dr. Rashel ácido hialurónico serum primer de hidratación instantánea El suero de ácido hialurónico ayuda a mantener la piel hidratada todo el día y la noche con una capa invisible de humedad. Es un sérum híbrido que difumina suavemente la piel, reduce la apariencia de los poros y las imperfecciones, y deja un efecto iluminador de finos torneados. Logra la máxima hidratación y una apariencia juvenil. Modo de Uso: Aplicar unas gotas en las yemas de los dedos y masajear hacia afuera, como último paso del cuidado de la piel antes de aplicar el maquillaje/base. Se puede usar como una imprimación eficaz, también se puede aplicar en capas como un tratamiento localizado para áreas muy texturizadas de la piel. Esto dejará tu piel con un cutis iluminado, difuminado y suave. Cuidado Facial Sérum",,false_no_registro_sanitario,,
Inkafarma,Acondicionador Johnsons Fuerza y Vitamina E 400ml,Acondicionador Johnsons Fuerza y Vitamina E 400ml,,48.90,PEN,available,https://inkafarma.pe/producto/acondicionador-johnsons-fuerza-y-vitamina-e-400ml/1673624255715,1673624255715,JOHNSON'S,algolia_public_search,2026-06-08T01:09:22.876515+00:00,,"Producto:Acondicionador Johnson Baby Fuerza y Vitamina 400mlCaracterísticas:Acondicionador JOHNSON'S Fuerza Vitamina realza la fuerza natural propia del pelo en desarrollo, con triple protección contra el quiebre.Garantía por defecto de fábrica.Incluye:(1) Acondicionador Johnson Baby Fuerza y Vitamina 400mlFicha técnica:Marca: Johnson'sContenido: 400ml Herbolario Aceites Esenciales",,false_no_registro_sanitario,,
Inkafarma,Serum California Vitamina C 17ml - LAIKOU,Serum California Vitamina C 17ml - LAIKOU,,21.00,PEN,available,https://inkafarma.pe/producto/serum-california-vitamina-c-17ml-laikou/1766178448365,1766178448365,GENÉRICO,algolia_public_search,2026-06-08T01:09:22.877439+00:00,,"Serum California Vitamina C 17ml - LAIKOU Ideal para: Piel opaca, con manchas o tono desigual que busca iluminar, unificar y revitalizar el rostro. Beneficios: - Alto contenido de vitamina C para iluminar y aclarar la piel. - Reduce manchas oscuras y unifica el tono. - Aporta antioxidantes que protegen contra daños ambientales. - Mejora la textura y aporta frescura y luminosidad. - Fórmula ligera de rápida absorción, apta para todo tipo de piel. Modo de uso: Aplicar 2 a 3 gotas sobre rostro limpio y seco, mañana y noche. Masajear suavemente hasta completa absorción. Complementar con protector solar durante el día. Advertencia: Solo para uso externo. Evitar contacto con ojos. Suspender uso si causa irritación. Conservar en lugar fresco y alejado del sol. Cuidado Facial Sérum",,false_no_registro_sanitario,,
Inkafarma,Serum California Vitamina C 17ml - LAIKOU,Serum California Vitamina C 17ml - LAIKOU,,21.00,PEN,available,https://inkafarma.pe/producto/serum-california-vitamina-c-17ml-laikou/1756502392675,1756502392675,GENÉRICO,algolia_public_search,2026-06-08T01:09:22.877734+00:00,,"Serum California Vitamina C 17ml - LAIKOU Ideal para: Piel opaca, con manchas o tono desigual que busca iluminar, unificar y revitalizar el rostro. Beneficios: - Alto contenido de vitamina C para iluminar y aclarar la piel. - Reduce manchas oscuras y unifica el tono. - Aporta antioxidantes que protegen contra daños ambientales. - Mejora la textura y aporta frescura y luminosidad. - Fórmula ligera de rápida absorción, apta para todo tipo de piel. Modo de uso: Aplicar 2 a 3 gotas sobre rostro limpio y seco, mañana y noche. Masajear suavemente hasta completa absorción. Complementar con protector solar durante el día. Advertencia: Solo para uso externo. Evitar contacto con ojos. Suspender uso si causa irritación. Conservar en lugar fresco y alejado del sol. Cuidado Facial Sérum",,false_no_registro_sanitario,,
Inkafarma,Parches Para Ojos De Vitamina C X 2 Unidades,Parches Para Ojos De Vitamina C X 2 Unidades,,39.90,PEN,available,https://inkafarma.pe/producto/Parches-Para-Ojos-De-Vitamina-C-X-2-Unidades/1777909401673,1777909401673,WOKALI,algolia_public_search,2026-06-08T01:09:22.878004+00:00,,"Descripción: Hidrata suavemente la piel la piel de los ojos y al mismo tiempo disminuye la ojeras y bolsas que se forman debajo de los ojos dando un aspecto hidratante. Características: Hidratación Profundas Ojeras claras Reducir las líneas finas Beneficios: Mejora la bolsa de ojos con borde negro en los ojos. Reduce el edema ocular y ayuda a eliminar las ojeras. Ayuda a aliviar las líneas finas y las patas de gallo. Modo de uso: Después de limpiar y tonificar, aplique el parche en el área debajo de los ojos con la espátula proporcionada y retire después de 15-20 minutos. Cuidado Facial Mascarillas",,false_no_registro_sanitario,,
Inkafarma,Serum Vitamina C 50ml - ESTELIN,Serum Vitamina C 50ml - ESTELIN,,30.00,PEN,available,https://inkafarma.pe/producto/serum-vitamina-c-50ml-estelin/1766178448387,1766178448387,GENÉRICO,algolia_public_search,2026-06-08T01:09:22.878281+00:00,,"Serum Vitamina C 50ml - ESTELIN Ideal para: Piel opaca, con manchas o tono desigual que busca iluminar, unificar y revitalizar el rostro. Beneficios: - Alto contenido de vitamina C que aclara y unifica el tono. - Aporta antioxidantes que protegen la piel del daño ambiental. -- Mejora la textura y luminosidad del cutis. - Estimula la producción de colágeno para una piel más firme. - Fórmula ligera de rápida absorción, apta para todo tipo de piel. Modo de uso: Aplicar 2 a 3 gotas sobre rostro limpio y seco, mañana y noche. Masajear suavemente hasta completa absorción. Usar protector solar durante el día. Advertencia: Uso externo solamente. Evitar contacto con ojos. Suspender en caso de irritación. Conservar en lugar fresco y seco. Cuidado Facial Sérum",,false_no_registro_sanitario,,
Inkafarma,Serum California Vitamin C Essence 100ml - LAIKOU,Serum California Vitamin C Essence 100ml - LAIKOU,,30.00,PEN,available,https://inkafarma.pe/producto/serum-california-vitamin-c-essence-100ml-laikou/1766178448377,1766178448377,GENÉRICO,algolia_public_search,2026-06-08T01:09:22.878581+00:00,,"Serum California Vitamin C Essence 100ml - LAIKOU Ideal para: Piel opaca, con manchas o tono desigual que busca iluminar, unificar y revitalizar el rostro. Beneficios: - Alto contenido de vitamina C para iluminar y aclarar la piel. - Reduce manchas oscuras y unifica el tono. - Aporta antioxidantes que protegen contra daños ambientales. - Mejora la textura y aporta frescura y luminosidad. - Fórmula ligera de rápida absorción, apta para todo tipo de piel. Modo de uso: Aplicar 2 a 3 gotas sobre rostro limpio y seco, mañana y noche. Masajear suavemente hasta completa absorción. Complementar con protector solar durante el día. Advertencia: Solo para uso externo. Evitar contacto con ojos. Suspender uso si causa irritación. Conservar en lugar fresco y alejado del sol. Cuidado Facial Sérum",,false_no_registro_sanitario,,
Inkafarma,Serum Vitamina C 50ml - ESTELIN,Serum Vitamina C 50ml - ESTELIN,,30.00,PEN,available,https://inkafarma.pe/producto/serum-vitamina-c-50ml-estelin/1756502397514,1756502397514,GENÉRICO,algolia_public_search,2026-06-08T01:09:22.878860+00:00,,"Serum Vitamina C 50ml - ESTELIN Ideal para: Piel opaca, con manchas o tono desigual que busca iluminar, unificar y revitalizar el rostro. Beneficios: - Alto contenido de vitamina C que aclara y unifica el tono. - Aporta antioxidantes que protegen la piel del daño ambiental. -- Mejora la textura y luminosidad del cutis. - Estimula la producción de colágeno para una piel más firme. - Fórmula ligera de rápida absorción, apta para todo tipo de piel. Modo de uso: Aplicar 2 a 3 gotas sobre rostro limpio y seco, mañana y noche. Masajear suavemente hasta completa absorción. Usar protector solar durante el día. Advertencia: Uso externo solamente. Evitar contacto con ojos. Suspender en caso de irritación. Conservar en lugar fresco y seco. Cuidado Facial Sérum",,false_no_registro_sanitario,,
Inkafarma,Serum California Vitamin C Essence 100ml - LAIKOU,Serum California Vitamin C Essence 100ml - LAIKOU,,30.00,PEN,available,https://inkafarma.pe/producto/serum-california-vitamin-c-essence-100ml-laikou/1756502380472,1756502380472,GENÉRICO,algolia_public_search,2026-06-08T01:09:22.879134+00:00,,"Serum California Vitamin C Essence 100ml - LAIKOU Ideal para: Piel opaca, con manchas o tono desigual que busca iluminar, unificar y revitalizar el rostro. Beneficios: - Alto contenido de vitamina C para iluminar y aclarar la piel. - Reduce manchas oscuras y unifica el tono. - Aporta antioxidantes que protegen contra daños ambientales. - Mejora la textura y aporta frescura y luminosidad. - Fórmula ligera de rápida absorción, apta para todo tipo de piel. Modo de uso: Aplicar 2 a 3 gotas sobre rostro limpio y seco, mañana y noche. Masajear suavemente hasta completa absorción. Complementar con protector solar durante el día. Advertencia: Solo para uso externo. Evitar contacto con ojos. Suspender uso si causa irritación. Conservar en lugar fresco y alejado del sol. Cuidado Facial Sérum",,false_no_registro_sanitario,,
Inkafarma,Serum California Vitamina C 17ml - LAIKOU,Serum California Vitamina C 17ml - LAIKOU,,21.00,PEN,available,https://inkafarma.pe/producto/serum-california-vitamina-c-17ml-laikou/1752698729170,1752698729170,LAIKOU,algolia_public_search,2026-06-08T01:09:22.879395+00:00,,"Serum California Vitamina C 17ml - LAIKOUIdeal para:Piel opaca, con manchas o tono desigual que busca iluminar, unificar y revitalizar el rostro.Beneficios:- Alto contenido de vitamina C para iluminar y aclarar la piel.- Reduce manchas oscuras y unifica el tono.- Aporta antioxidantes que protegen contra daños ambientales.- Mejora la textura y aporta frescura y luminosidad.- Fórmula ligera de rápida absorción, apta para todo tipo de piel.Modo de uso:Aplicar 2 a 3 gotas sobre rostro limpio y seco, mañana y noche. Masajear suavemente hasta completa absorción. Complementar con protector solar durante el día.Advertencia:Solo para uso externo. Evitar contacto con ojos. Suspender uso si causa irritación. Conservar en lugar fresco y alejado del sol. Cuidado Facial Sérum",,false_no_registro_sanitario,,
Inkafarma,Pac 2 Gomitas Buenas Noches Niños + Vitaminas para Niños 260 Und,Pac 2 Gomitas Buenas Noches Niños + Vitaminas para Niños 260 Und,,65.90,PEN,available,https://inkafarma.pe/producto/pac-2-gomitas-buenas-noches-ninos-vitaminas-para-ninos-260-und/1768494121041,1768494121041,SOTTCOR LABS,algolia_public_search,2026-06-08T01:09:22.880265+00:00,,"Gomitas Buenas Noches Niños 130 UND Favorecen el descanso, reducen la ansiedad y ayudan a conciliar el sueño de forma natural. Sabor: Chicle Contenido: 70 UND Consumo: 2–6 años: 1 gomita diaria 7 años a más: 2 gomitas diarias Gomitas Vitaminas Niños 130 UND Aportan vitaminas A, C, D y E. Refuerzan huesos, dientes, vista, sistema inmunológico y más. Consumo: 2–3 años: 1 gomita diaria 4–8 años: 2 gomitas diarias 9–15 años: 4 gomitas diarias 16 años a más: 6 gomitas diarias Suplementos / Complementos Adulto",,false_no_registro_sanitario,,
Inkafarma,PACK 2 GOMITAS VITAMINAS PARA NIÑOS + GOMITAS VALERIANA ADULTOS 260UND,PACK 2 GOMITAS VITAMINAS PARA NIÑOS + GOMITAS VALERIANA ADULTOS 260UND,,65.90,PEN,available,https://inkafarma.pe/producto/pack-2-gomitas-vitaminas-para-ninos-gomitas-valeriana-adultos-260und/1768494117984,1768494117984,SOTTCOR LABS,algolia_public_search,2026-06-08T01:09:22.880494+00:00,,"GOMITAS VITAMINAS NIÑOS 130UND Contiene Vitamina A para el mantenimiento de dientes, Vitamina D para fortalecer huesos y controlar el azúcar, Vitamina C como antioxidante para cartílagos y Vitamina E para proteger la vista y fortalecer el sistema inmunológico. Modo de uso: De 2 a 3 años: 1 gomita diaria. De 4 a 8 años: 2 gomitas diarias. De 9 a 15 años: 4 gomitas al día. De 16 años a más: 6 gomitas al día. Contenido: 130 UND. Suplementos / Complementos Adulto",,false_no_registro_sanitario,,
Inkafarma,PACK 2 GOMITAS VITAMINAS PARA NIÑOS + MULTIVITAMINAS ADULTOS 260 UND,PACK 2 GOMITAS VITAMINAS PARA NIÑOS + MULTIVITAMINAS ADULTOS 260 UND,,65.90,PEN,available,https://inkafarma.pe/producto/pack-2-gomitas-vitaminas-para-ninos-multivitaminas-adultos-260-und/1768494109829,1768494109829,SOTTCOR LABS,algolia_public_search,2026-06-08T01:09:22.880705+00:00,,"GOMITAS VITAMINAS NIÑOS 130UND Contiene Vitamina A para el mantenimiento de dientes, Vitamina D para fortalecer huesos y controlar el azúcar, Vitamina C como antioxidante para cartílagos y Vitamina E para proteger la vista y fortalecer el sistema inmunológico. Modo de uso: De 2 a 3 años: 1 gomita diaria. De 4 a 8 años: 2 gomitas diarias. De 9 a 15 años: 4 gomitas al día. De 16 años a más: 6 gomitas al día. Contenido: 130 UND. Suplementos / Complementos Adulto",,false_no_registro_sanitario,,
Inkafarma,PACK 2 GOMITAS VITAMINAS PARA NIÑOS + GOMITAS MACA NEGRA 100 UND,PACK 2 GOMITAS VITAMINAS PARA NIÑOS + GOMITAS MACA NEGRA 100 UND,,65.90,PEN,available,https://inkafarma.pe/producto/pack-2-gomitas-vitaminas-para-ninos-gomitas-maca-negra-100-und/1768494096813,1768494096813,SOTTCOR LABS,algolia_public_search,2026-06-08T01:09:22.881630+00:00,,"Gomitas Vitaminas Niños 130UND Contiene Vitamina A para el mantenimiento de dientes, Vitamina D para fortalecer huesos y controlar el azúcar, Vitamina C como antioxidante para cartílagos, y Vitamina E para proteger la vista y fortalecer el sistema inmunológico. Modo de uso: De 2 a 3 años: 1 gomita diaria. De 4 a 8 años: 2 gomitas diarias. De 9 a 15 años: 4 gomitas diarias. De 16 años en adelante: 6 gomitas diarias. Contenido: 130UND. Suplementos / Complementos Adulto",,false_no_registro_sanitario,,
Inkafarma,PACK 2 GOMITAS VITAMINAS PARA NIÑOS + ESPIRULINA ADULTOS 260 UND,PACK 2 GOMITAS VITAMINAS PARA NIÑOS + ESPIRULINA ADULTOS 260 UND,,65.90,PEN,available,https://inkafarma.pe/producto/pack-2-gomitas-vitaminas-para-ninos-espirulina-adultos-260-und/1768494085137,1768494085137,SOTTCOR LABS,algolia_public_search,2026-06-08T01:09:22.881838+00:00,,"GOMITAS VITAMINAS NIÑOS 130UND Contiene Vitamina A para el mantenimiento de dientes, Vitamina D para fortalecer huesos y controlar el azúcar, Vitamina C como antioxidante para cartílagos y Vitamina E para proteger la vista y fortalecer el sistema inmunológico. Modo de uso: De 2 a 3 años: 1 gomita diaria. De 4 a 8 años: 2 gomitas diarias. De 9 a 15 años: 4 gomitas al día. De 16 años a más: 6 gomitas al día. Contenido: 130 UND. Suplementos / Complementos Adulto",,false_no_registro_sanitario,,
Inkafarma,PACK 2 GOMITAS VITAMINAS PARA NIÑOS + PITAHAYA ADULTOS 130 UND,PACK 2 GOMITAS VITAMINAS PARA NIÑOS + PITAHAYA ADULTOS 130 UND,,65.90,PEN,available,https://inkafarma.pe/producto/pack-2-gomitas-vitaminas-para-ninos-pitahaya-adultos-130-und/1768494030366,1768494030366,SOTTCOR LABS,algolia_public_search,2026-06-08T01:09:22.882673+00:00,,"GOMITAS VITAMINAS NIÑOS 130UND Contiene Vitamina A para el mantenimiento de dientes, Vitamina D para fortalecer huesos y controlar el azúcar, Vitamina C como antioxidante para cartílagos y Vitamina E para proteger la vista y fortalecer el sistema inmunológico. Modo de uso: De 2 a 3 años: 1 gomita diaria. De 4 a 8 años: 2 gomitas diarias. De 9 a 15 años: 4 gomitas al día. De 16 años a más: 6 gomitas al día. Contenido: 130 UND. Suplementos / Complementos Adulto",,false_no_registro_sanitario,,
Inkafarma,PACK 2 GOMITAS VITAMINAS PARA NIÑOS + GOMITAS AGUAJE BBL 260 UND,PACK 2 GOMITAS VITAMINAS PARA NIÑOS + GOMITAS AGUAJE BBL 260 UND,,65.90,PEN,available,https://inkafarma.pe/producto/pack-2-gomitas-vitaminas-para-ninos-gomitas-aguaje-bbl-260-und/1768494028971,1768494028971,SOTTCOR LABS,algolia_public_search,2026-06-08T01:09:22.882884+00:00,,"Gomitas Vitaminas Niños 130UND Contiene Vitamina A para el mantenimiento de dientes, Vitamina D para fortalecer huesos y regular el azúcar, Vitamina C como antioxidante para cartílagos, y Vitamina E para proteger la vista y fortalecer el sistema inmunológico. Modo de uso: De 2 a 3 años: 1 gomita diaria. De 4 a 8 años: 2 gomitas diarias. De 9 a 15 años: 4 gomitas diarias. De 16 años en adelante: 6 gomitas diarias. Contenido: 130UND. Suplementos / Complementos Adulto",,false_no_registro_sanitario,,
Inkafarma,PACK 2 GOMITAS PROPÓLEO NIÑOS 130UND + GOMITAS VITAMINAS NIÑOS 130UND,PACK 2 GOMITAS PROPÓLEO NIÑOS 130UND + GOMITAS VITAMINAS NIÑOS 130UND,,65.90,PEN,available,https://inkafarma.pe/producto/pack-2-gomitas-propoleo-ninos-130und-gomitas-vitaminas-ninos-130und/1768494011045,1768494011045,SOTTCOR LABS,algolia_public_search,2026-06-08T01:09:22.883307+00:00,,"GOMITAS PROPÓLEO NIÑOS 130UND Refuerzan las defensas naturales y ayudan a evitar resfriados gracias a sus propiedades antivirales y antiinflamatorias. Descongestionan las vías respiratorias, combaten la tos y aportan polifenoles antioxidantes que protegen el organismo frente a bacterias y radicales libres. Modo de uso: De 1 a 4 años: 1 gomita diaria. De 5 a 9 años: 2 gomitas. De 10 a 13 años: 3 gomitas. De 14 a 16 años: 4 gomitas diarias. Suplementos / Complementos Adulto",,false_no_registro_sanitario,,
Inkafarma,PACK 2 GOMITAS VITAMINAS PARA NIÑOS + GOFOS PARA ADULTOS 260 UND,PACK 2 GOMITAS VITAMINAS PARA NIÑOS + GOFOS PARA ADULTOS 260 UND,,65.90,PEN,available,https://inkafarma.pe/producto/pack-2-gomitas-vitaminas-para-ninos-gofos-para-adultos-260-und/1768494001823,1768494001823,SOTTCOR LABS,algolia_public_search,2026-06-08T01:09:22.883538+00:00,,"GOMITAS VITAMINAS NIÑOS 130UND Contiene Vitamina A para el mantenimiento de dientes, Vitamina D para fortalecer huesos y controlar el azúcar, Vitamina C como antioxidante para cartílagos y Vitamina E para proteger la vista y fortalecer el sistema inmunológico. Modo de uso: De 2 a 3 años: 1 gomita diaria. De 4 a 8 años: 2 gomitas diarias. De 9 a 15 años: 4 gomitas al día. De 16 años a más: 6 gomitas al día. Contenido: 130 UND. Suplementos / Complementos Adulto",,false_no_registro_sanitario,,
Inkafarma,PACK 2 GOMITAS VITAMINAS PARA NIÑOS + PROPOLEO ADULTO 260 UND,PACK 2 GOMITAS VITAMINAS PARA NIÑOS + PROPOLEO ADULTO 260 UND,,65.90,PEN,available,https://inkafarma.pe/producto/pack-2-gomitas-vitaminas-para-ninos-propoleo-adulto-260-und/1768493992011,1768493992011,SOTTCOR LABS,algolia_public_search,2026-06-08T01:09:22.883750+00:00,,"GOMITAS VITAMINAS NIÑOS 130UND Contiene Vitamina A para el mantenimiento de dientes, Vitamina D para fortalecer huesos y controlar el azúcar, Vitamina C como antioxidante para cartílagos y Vitamina E para proteger la vista y fortalecer el sistema inmunológico. Modo de uso: De 2 a 3 años: 1 gomita diaria. De 4 a 8 años: 2 gomitas diarias. De 9 a 15 años: 4 gomitas al día. De 16 años a más: 6 gomitas al día. Contenido: 130 UND. Suplementos / Complementos Adulto",,false_no_registro_sanitario,,
Inkafarma,PACK 2 GOMITAS VITAMINAS PARA NIÑOS + VINAGRE DE MANZANA 130 UND,PACK 2 GOMITAS VITAMINAS PARA NIÑOS + VINAGRE DE MANZANA 130 UND,,65.90,PEN,available,https://inkafarma.pe/producto/pack-2-gomitas-vitaminas-para-ninos-vinagre-de-manzana-130-und/1768493987703,1768493987703,SOTTCOR LABS,algolia_public_search,2026-06-08T01:09:22.884263+00:00,,"GOMITAS VITAMINAS NIÑOS 130UND Contiene Vitamina A para el mantenimiento de dientes, Vitamina D para fortalecer huesos y controlar el azúcar, Vitamina C como antioxidante para cartílagos y Vitamina E para proteger la vista y fortalecer el sistema inmunológico. Modo de uso: De 2 a 3 años: 1 gomita diaria. De 4 a 8 años: 2 gomitas diarias. De 9 a 15 años: 4 gomitas al día. De 16 años a más: 6 gomitas al día. Contenido: 130 UND. Suplementos / Complementos Adulto",,false_no_registro_sanitario,,
Inkafarma,PACK 2 GOMITAS VITAMINAS PARA NIÑOS + GOFOS PARA NIÑOS 260 UND,PACK 2 GOMITAS VITAMINAS PARA NIÑOS + GOFOS PARA NIÑOS 260 UND,,65.90,PEN,available,https://inkafarma.pe/producto/pack-2-gomitas-vitaminas-para-ninos-gofos-para-ninos-260-und/1768493980859,1768493980859,SOTTCOR LABS,algolia_public_search,2026-06-08T01:09:22.884708+00:00,,"GOMITAS VITAMINAS NIÑOS 130UND Contiene Vitamina A para el mantenimiento de dientes, Vitamina D para fortalecer huesos y controlar el azúcar, Vitamina C como antioxidante para cartílagos y Vitamina E para proteger la vista y fortalecer el sistema inmunológico. Modo de uso: De 2 a 3 años: 1 gomita diaria. De 4 a 8 años: 2 gomitas diarias. De 9 a 15 años: 4 gomitas al día. De 16 años a más: 6 gomitas al día. Contenido: 130 UND. Suplementos / Complementos Adulto",,false_no_registro_sanitario,,
Inkafarma,PACK 2 GOMITAS VITAMINAS PARA NIÑOS + GOMITAS CÚRCUMA 260 UND,PACK 2 GOMITAS VITAMINAS PARA NIÑOS + GOMITAS CÚRCUMA 260 UND,,65.90,PEN,available,https://inkafarma.pe/producto/pack-2-gomitas-vitaminas-para-ninos-gomitas-curcuma-260-und/1768493979413,1768493979413,SOTTCOR LABS,algolia_public_search,2026-06-08T01:09:22.884917+00:00,,"GOMITAS VITAMINAS NIÑOS 130UND Contiene Vitamina A para el mantenimiento de dientes, Vitamina D para fortalecer huesos y controlar el azúcar, Vitamina C como antioxidante para cartílagos y Vitamina E para proteger la vista y fortalecer el sistema inmunológico. Modo de uso: De 2 a 3 años: 1 gomita diaria. De 4 a 8 años: 2 gomitas diarias. De 9 a 15 años: 4 gomitas al día. De 16 años a más: 6 gomitas al día. Contenido: 130 UND. Suplementos / Complementos Adulto",,false_no_registro_sanitario,,
Inkafarma,PAC 2 GOMITAS BUENAS NOCHES NIÑOS + VITAMINAS PARA NIÑOS 260 UND,PAC 2 GOMITAS BUENAS NOCHES NIÑOS + VITAMINAS PARA NIÑOS 260 UND,,65.90,PEN,available,https://inkafarma.pe/producto/pac-2-gomitas-buenas-noches-ninos-vitaminas-para-ninos-260-und/1768493733107,1768493733107,SOTTCOR LABS,algolia_public_search,2026-06-08T01:09:22.885984+00:00,,"Gomitas Buenas Noches Niños 130 UND Favorecen el descanso, reducen la ansiedad y ayudan a conciliar el sueño de forma natural. Sabor: Chicle Contenido: 70 UND Consumo: 2–6 años: 1 gomita diaria 7 años a más: 2 gomitas diarias Gomitas Vitaminas Niños 130 UND Aportan vitaminas A, C, D y E. Refuerzan huesos, dientes, vista, sistema inmunológico y más. Consumo: 2–3 años: 1 gomita diaria 4–8 años: 2 gomitas diarias 9–15 años: 4 gomitas diarias 16 años a más: 6 gomitas diarias Suplementos / Complementos Adulto",,false_no_registro_sanitario,,
Inkafarma,PACK 2 GOMITAS VITAMINAS PARA NIÑOS + GOMITAS VALERIANA ADULTOS 260UND,PACK 2 GOMITAS VITAMINAS PARA NIÑOS + GOMITAS VALERIANA ADULTOS 260UND,,65.90,PEN,available,https://inkafarma.pe/producto/pack-2-gomitas-vitaminas-para-ninos-gomitas-valeriana-adultos-260und/1768493730035,1768493730035,SOTTCOR LABS,algolia_public_search,2026-06-08T01:09:22.886203+00:00,,"GOMITAS VITAMINAS NIÑOS 130UND Contiene Vitamina A para el mantenimiento de dientes, Vitamina D para fortalecer huesos y controlar el azúcar, Vitamina C como antioxidante para cartílagos y Vitamina E para proteger la vista y fortalecer el sistema inmunológico. Modo de uso: De 2 a 3 años: 1 gomita diaria. De 4 a 8 años: 2 gomitas diarias. De 9 a 15 años: 4 gomitas al día. De 16 años a más: 6 gomitas al día. Contenido: 130 UND. Suplementos / Complementos Adulto",,false_no_registro_sanitario,,
Inkafarma,PACK 2 GOMITAS VITAMINAS PARA NIÑOS + MULTIVITAMINAS ADULTOS 260 UND,PACK 2 GOMITAS VITAMINAS PARA NIÑOS + MULTIVITAMINAS ADULTOS 260 UND,,65.90,PEN,available,https://inkafarma.pe/producto/pack-2-gomitas-vitaminas-para-ninos-multivitaminas-adultos-260-und/1768493721940,1768493721940,SOTTCOR LABS,algolia_public_search,2026-06-08T01:09:22.886417+00:00,,"GOMITAS VITAMINAS NIÑOS 130UND Contiene Vitamina A para el mantenimiento de dientes, Vitamina D para fortalecer huesos y controlar el azúcar, Vitamina C como antioxidante para cartílagos y Vitamina E para proteger la vista y fortalecer el sistema inmunológico. Modo de uso: De 2 a 3 años: 1 gomita diaria. De 4 a 8 años: 2 gomitas diarias. De 9 a 15 años: 4 gomitas al día. De 16 años a más: 6 gomitas al día. Contenido: 130 UND. Suplementos / Complementos Adulto",,false_no_registro_sanitario,,
Inkafarma,PACK 2 GOMITAS VITAMINAS PARA NIÑOS + GOMITAS MACA NEGRA 100 UND,PACK 2 GOMITAS VITAMINAS PARA NIÑOS + GOMITAS MACA NEGRA 100 UND,,65.90,PEN,available,https://inkafarma.pe/producto/pack-2-gomitas-vitaminas-para-ninos-gomitas-maca-negra-100-und/1768493709377,1768493709377,SOTTCOR LABS,algolia_public_search,2026-06-08T01:09:22.887368+00:00,,"Gomitas Vitaminas Niños 130UND Contiene Vitamina A para el mantenimiento de dientes, Vitamina D para fortalecer huesos y controlar el azúcar, Vitamina C como antioxidante para cartílagos, y Vitamina E para proteger la vista y fortalecer el sistema inmunológico. Modo de uso: De 2 a 3 años: 1 gomita diaria. De 4 a 8 años: 2 gomitas diarias. De 9 a 15 años: 4 gomitas diarias. De 16 años en adelante: 6 gomitas diarias. Contenido: 130UND. Suplementos / Complementos Adulto",,false_no_registro_sanitario,,
Inkafarma,PACK 2 GOMITAS VITAMINAS PARA NIÑOS + ESPIRULINA ADULTOS 260 UND,PACK 2 GOMITAS VITAMINAS PARA NIÑOS + ESPIRULINA ADULTOS 260 UND,,65.90,PEN,available,https://inkafarma.pe/producto/pack-2-gomitas-vitaminas-para-ninos-espirulina-adultos-260-und/1768493697374,1768493697374,SOTTCOR LABS,algolia_public_search,2026-06-08T01:09:22.887590+00:00,,"GOMITAS VITAMINAS NIÑOS 130UND Contiene Vitamina A para el mantenimiento de dientes, Vitamina D para fortalecer huesos y controlar el azúcar, Vitamina C como antioxidante para cartílagos y Vitamina E para proteger la vista y fortalecer el sistema inmunológico. Modo de uso: De 2 a 3 años: 1 gomita diaria. De 4 a 8 años: 2 gomitas diarias. De 9 a 15 años: 4 gomitas al día. De 16 años a más: 6 gomitas al día. Contenido: 130 UND. Suplementos / Complementos Adulto",,false_no_registro_sanitario,,
Inkafarma,PACK 2 GOMITAS VITAMINAS PARA NIÑOS + PITAHAYA ADULTOS 130 UND,PACK 2 GOMITAS VITAMINAS PARA NIÑOS + PITAHAYA ADULTOS 130 UND,,65.90,PEN,available,https://inkafarma.pe/producto/pack-2-gomitas-vitaminas-para-ninos-pitahaya-adultos-130-und/1768493644264,1768493644264,SOTTCOR LABS,algolia_public_search,2026-06-08T01:09:22.888587+00:00,,"GOMITAS VITAMINAS NIÑOS 130UND Contiene Vitamina A para el mantenimiento de dientes, Vitamina D para fortalecer huesos y controlar el azúcar, Vitamina C como antioxidante para cartílagos y Vitamina E para proteger la vista y fortalecer el sistema inmunológico. Modo de uso: De 2 a 3 años: 1 gomita diaria. De 4 a 8 años: 2 gomitas diarias. De 9 a 15 años: 4 gomitas al día. De 16 años a más: 6 gomitas al día. Contenido: 130 UND. Suplementos / Complementos Adulto",,false_no_registro_sanitario,,
Inkafarma,PACK 2 GOMITAS VITAMINAS PARA NIÑOS + GOMITAS AGUAJE BBL 260 UND,PACK 2 GOMITAS VITAMINAS PARA NIÑOS + GOMITAS AGUAJE BBL 260 UND,,65.90,PEN,available,https://inkafarma.pe/producto/pack-2-gomitas-vitaminas-para-ninos-gomitas-aguaje-bbl-260-und/1768493642855,1768493642855,SOTTCOR LABS,algolia_public_search,2026-06-08T01:09:22.888801+00:00,,"Gomitas Vitaminas Niños 130UND Contiene Vitamina A para el mantenimiento de dientes, Vitamina D para fortalecer huesos y regular el azúcar, Vitamina C como antioxidante para cartílagos, y Vitamina E para proteger la vista y fortalecer el sistema inmunológico. Modo de uso: De 2 a 3 años: 1 gomita diaria. De 4 a 8 años: 2 gomitas diarias. De 9 a 15 años: 4 gomitas diarias. De 16 años en adelante: 6 gomitas diarias. Contenido: 130UND. Suplementos / Complementos Adulto",,false_no_registro_sanitario,,
Inkafarma,PACK 2 GOMITAS PROPÓLEO NIÑOS 130UND + GOMITAS VITAMINAS NIÑOS 130UND,PACK 2 GOMITAS PROPÓLEO NIÑOS 130UND + GOMITAS VITAMINAS NIÑOS 130UND,,65.90,PEN,available,https://inkafarma.pe/producto/pack-2-gomitas-propoleo-ninos-130und-gomitas-vitaminas-ninos-130und/1768493624346,1768493624346,SOTTCOR LABS,algolia_public_search,2026-06-08T01:09:22.889226+00:00,,"GOMITAS PROPÓLEO NIÑOS 130UND Refuerzan las defensas naturales y ayudan a evitar resfriados gracias a sus propiedades antivirales y antiinflamatorias. Descongestionan las vías respiratorias, combaten la tos y aportan polifenoles antioxidantes que protegen el organismo frente a bacterias y radicales libres. Modo de uso: De 1 a 4 años: 1 gomita diaria. De 5 a 9 años: 2 gomitas. De 10 a 13 años: 3 gomitas. De 14 a 16 años: 4 gomitas diarias. Suplementos / Complementos Adulto",,false_no_registro_sanitario,,
Inkafarma,PACK 2 GOMITAS VITAMINAS PARA NIÑOS + GOFOS PARA ADULTOS 260 UND,PACK 2 GOMITAS VITAMINAS PARA NIÑOS + GOFOS PARA ADULTOS 260 UND,,65.90,PEN,available,https://inkafarma.pe/producto/pack-2-gomitas-vitaminas-para-ninos-gofos-para-adultos-260-und/1768493615326,1768493615326,SOTTCOR LABS,algolia_public_search,2026-06-08T01:09:22.889440+00:00,,"GOMITAS VITAMINAS NIÑOS 130UND Contiene Vitamina A para el mantenimiento de dientes, Vitamina D para fortalecer huesos y controlar el azúcar, Vitamina C como antioxidante para cartílagos y Vitamina E para proteger la vista y fortalecer el sistema inmunológico. Modo de uso: De 2 a 3 años: 1 gomita diaria. De 4 a 8 años: 2 gomitas diarias. De 9 a 15 años: 4 gomitas al día. De 16 años a más: 6 gomitas al día. Contenido: 130 UND. Suplementos / Complementos Adulto",,false_no_registro_sanitario,,
Inkafarma,PACK 2 GOMITAS VITAMINAS PARA NIÑOS + PROPOLEO ADULTO 260 UND,PACK 2 GOMITAS VITAMINAS PARA NIÑOS + PROPOLEO ADULTO 260 UND,,65.90,PEN,available,https://inkafarma.pe/producto/pack-2-gomitas-vitaminas-para-ninos-propoleo-adulto-260-und/1768493605607,1768493605607,SOTTCOR LABS,algolia_public_search,2026-06-08T01:09:22.889664+00:00,,"GOMITAS VITAMINAS NIÑOS 130UND Contiene Vitamina A para el mantenimiento de dientes, Vitamina D para fortalecer huesos y controlar el azúcar, Vitamina C como antioxidante para cartílagos y Vitamina E para proteger la vista y fortalecer el sistema inmunológico. Modo de uso: De 2 a 3 años: 1 gomita diaria. De 4 a 8 años: 2 gomitas diarias. De 9 a 15 años: 4 gomitas al día. De 16 años a más: 6 gomitas al día. Contenido: 130 UND. Suplementos / Complementos Adulto",,false_no_registro_sanitario,,
Inkafarma,PACK 2 GOMITAS VITAMINAS PARA NIÑOS + VINAGRE DE MANZANA 130 UND,PACK 2 GOMITAS VITAMINAS PARA NIÑOS + VINAGRE DE MANZANA 130 UND,,65.90,PEN,available,https://inkafarma.pe/producto/pack-2-gomitas-vitaminas-para-ninos-vinagre-de-manzana-130-und/1768493601262,1768493601262,SOTTCOR LABS,algolia_public_search,2026-06-08T01:09:22.890172+00:00,,"GOMITAS VITAMINAS NIÑOS 130UND Contiene Vitamina A para el mantenimiento de dientes, Vitamina D para fortalecer huesos y controlar el azúcar, Vitamina C como antioxidante para cartílagos y Vitamina E para proteger la vista y fortalecer el sistema inmunológico. Modo de uso: De 2 a 3 años: 1 gomita diaria. De 4 a 8 años: 2 gomitas diarias. De 9 a 15 años: 4 gomitas al día. De 16 años a más: 6 gomitas al día. Contenido: 130 UND. Suplementos / Complementos Adulto",,false_no_registro_sanitario,,
Inkafarma,PACK 2 GOMITAS VITAMINAS PARA NIÑOS + GOFOS PARA NIÑOS 260 UND,PACK 2 GOMITAS VITAMINAS PARA NIÑOS + GOFOS PARA NIÑOS 260 UND,,65.90,PEN,available,https://inkafarma.pe/producto/pack-2-gomitas-vitaminas-para-ninos-gofos-para-ninos-260-und/1768493594947,1768493594947,SOTTCOR LABS,algolia_public_search,2026-06-08T01:09:22.890603+00:00,,"GOMITAS VITAMINAS NIÑOS 130UND Contiene Vitamina A para el mantenimiento de dientes, Vitamina D para fortalecer huesos y controlar el azúcar, Vitamina C como antioxidante para cartílagos y Vitamina E para proteger la vista y fortalecer el sistema inmunológico. Modo de uso: De 2 a 3 años: 1 gomita diaria. De 4 a 8 años: 2 gomitas diarias. De 9 a 15 años: 4 gomitas al día. De 16 años a más: 6 gomitas al día. Contenido: 130 UND. Suplementos / Complementos Adulto",,false_no_registro_sanitario,,
Inkafarma,PACK 2 GOMITAS VITAMINAS PARA NIÑOS + GOMITAS CÚRCUMA 260 UND,PACK 2 GOMITAS VITAMINAS PARA NIÑOS + GOMITAS CÚRCUMA 260 UND,,65.90,PEN,available,https://inkafarma.pe/producto/pack-2-gomitas-vitaminas-para-ninos-gomitas-curcuma-260-und/1768493593467,1768493593467,SOTTCOR LABS,algolia_public_search,2026-06-08T01:09:22.890817+00:00,,"GOMITAS VITAMINAS NIÑOS 130UND Contiene Vitamina A para el mantenimiento de dientes, Vitamina D para fortalecer huesos y controlar el azúcar, Vitamina C como antioxidante para cartílagos y Vitamina E para proteger la vista y fortalecer el sistema inmunológico. Modo de uso: De 2 a 3 años: 1 gomita diaria. De 4 a 8 años: 2 gomitas diarias. De 9 a 15 años: 4 gomitas al día. De 16 años a más: 6 gomitas al día. Contenido: 130 UND. Suplementos / Complementos Adulto",,false_no_registro_sanitario,,
Inkafarma,Serum Antienvejecimiento Vitamina C 50ml - DR RASHEL,Serum Antienvejecimiento Vitamina C 50ml - DR RASHEL,,35.00,PEN,available,https://inkafarma.pe/producto/serum-antienvejecimiento-vitamina-c-50ml-dr-rashel/1766178364532,1766178364532,GENÉRICO,algolia_public_search,2026-06-08T01:09:22.891315+00:00,,"Serum Antienvejecimiento Vitamina C 50ml - DR RASHEL Ideal para: Personas que buscan combatir los signos del envejecimiento, mejorar la luminosidad del rostro y reducir manchas y líneas finas. Beneficios: - Potente antioxidante que protege contra el daño ambiental. - Estimula la producción de colágeno para una piel más firme. - Reduce líneas de expresión y arrugas. - Aclara manchas oscuras y unifica el tono. - Mejora la textura, dejándola más suave y luminosa. Modo de uso: Aplicar 2 a 3 gotas sobre el rostro limpio y seco por la mañana y/o noche. Masajear hasta su completa absorción. Usar protector solar durante el día. Advertencia: Solo para uso externo. Evitar el contacto con los ojos. Si causa irritación, suspender su uso. Conservar en lugar fresco y alejado de la luz solar directa. Cuidado Facial Sérum",,false_no_registro_sanitario,,
Inkafarma,LIMPIADOR FACE WASH VITAMINA C 100GR - DR RASHEL,LIMPIADOR FACE WASH VITAMINA C 100GR - DR RASHEL,,27.00,PEN,available,https://inkafarma.pe/producto/limpiador-face-wash-vitamina-c-100gr-dr-rashel/1766176497889,1766176497889,GENÉRICO,algolia_public_search,2026-06-08T01:09:22.892429+00:00,,"LIMPIADOR FACE WASH VITAMINA C 100GR - DR RASHEL Ideal para: Personas que buscan iluminar y unificar el tono de piel, además de limpiar profundamente sin resecar. Beneficios: - Enriquecido con vitamina C, potente antioxidante que ilumina y revitaliza la piel. - Elimina impurezas y exceso de grasa dejando la piel fresca y radiante. - Ayuda a reducir manchas y mejorar la textura de la piel. - Fórmula suave apta para uso diario. - Ideal para piel opaca o con tono desigual. Modo de uso: Aplicar sobre la piel húmeda, masajear suavemente y enjuagar con agua tibia. Usar mañana y noche para mejores resultados. Advertencia: Uso externo. Evitar contacto con ojos. Suspender uso en caso de irritación. Mantener fuera del alcance de los niños. Cuidado Facial Limpieza Facial",,false_no_registro_sanitario,,
Inkafarma,P&W Mascarilla de Colágeno para Ojeras Vitamina C 60 Parches,P&W Mascarilla de Colágeno para Ojeras Vitamina C 60 Parches,,29.90,PEN,available,https://inkafarma.pe/producto/p-w-mascarilla-de-colageno-para-ojeras-vitamina-c-60-parches/1771945060164,1771945060164,GENÉRICO,algolia_public_search,2026-06-08T01:09:22.896246+00:00,,"P&W Mascarilla de Colágeno para Ojeras Vitamina C – 60 ParchesDescripción: Mascarilla en parches con colágeno, vitamina C y ácido hialurónico, diseñada para iluminar y revitalizar la piel del contorno de ojos.Características:Con vitamina CContiene ácido hialurónico60 piezas (30 pares)Peso por parche: 1.5 gBeneficios:Ilumina la piel y reduce signos de fatigaAyuda a disminuir ojerasHidrata y mejora la firmezaPromueve un aspecto más radianteModo de uso: Colocar los parches en la zona de las ojeras sobre la piel limpia, dejar actuar de 15 a 20 minutos y retirar.Medidas aproximadas: Alto: 7 cmLargo: 7 cmAncho: 4 cm Cuidado Facial Mascarillas",,false_no_registro_sanitario,,
Inkafarma,P&W Mascarilla de Colágeno para Ojeras Vitamina C 60 Parches,P&W Mascarilla de Colágeno para Ojeras Vitamina C 60 Parches,,29.90,PEN,available,https://inkafarma.pe/producto/p-w-mascarilla-de-colageno-para-ojeras-vitamina-c-60-parches/1771944952790,1771944952790,GENÉRICO,algolia_public_search,2026-06-08T01:09:22.896545+00:00,,"P&W Mascarilla de Colágeno para Ojeras Vitamina C – 60 ParchesDescripción: Mascarilla en parches con colágeno, vitamina C y ácido hialurónico, diseñada para iluminar y revitalizar la piel del contorno de ojos.Características:Con vitamina CContiene ácido hialurónico60 piezas (30 pares)Peso por parche: 1.5 gBeneficios:Ilumina la piel y reduce signos de fatigaAyuda a disminuir ojerasHidrata y mejora la firmezaPromueve un aspecto más radianteModo de uso: Colocar los parches en la zona de las ojeras sobre la piel limpia, dejar actuar de 15 a 20 minutos y retirar.Medidas aproximadas: Alto: 7 cmLargo: 7 cmAncho: 4 cm Cuidado Facial Mascarillas",,false_no_registro_sanitario,,
Inkafarma,P&W Mascarilla de Colágeno para Ojeras Vitamina C 60 Parches,P&W Mascarilla de Colágeno para Ojeras Vitamina C 60 Parches,,29.90,PEN,available,https://inkafarma.pe/producto/p-w-mascarilla-de-colageno-para-ojeras-vitamina-c-60-parches/1771944736434,1771944736434,GENÉRICO,algolia_public_search,2026-06-08T01:09:22.896829+00:00,,"P&W Mascarilla de Colágeno para Ojeras Vitamina C – 60 ParchesDescripción: Mascarilla en parches con colágeno, vitamina C y ácido hialurónico, diseñada para iluminar y revitalizar la piel del contorno de ojos.Características:Con vitamina CContiene ácido hialurónico60 piezas (30 pares)Peso por parche: 1.5 gBeneficios:Ilumina la piel y reduce signos de fatigaAyuda a disminuir ojerasHidrata y mejora la firmezaPromueve un aspecto más radianteModo de uso: Colocar los parches en la zona de las ojeras sobre la piel limpia, dejar actuar de 15 a 20 minutos y retirar.Medidas aproximadas: Alto: 7 cmLargo: 7 cmAncho: 4 cm Cuidado Facial Mascarillas",,false_no_registro_sanitario,,
Inkafarma,VITAMINAS NIÑOS 130 UND,VITAMINAS NIÑOS 130 UND,,44.90,PEN,available,https://inkafarma.pe/producto/vitaminas-ninos-130-und/1768494037976,1768494037976,SOTTCOR LABS,algolia_public_search,2026-06-08T01:09:22.897789+00:00,,Gomitas Multivitamínicas Niños Vitamina A: ayuda a la formación y mantenimiento de dientes. Vitamina D: fortalece los huesos y controla el azúcar en la sangre. Vitamina C: antioxidante que ayuda a reparar y mantener el cartílago. Vitamina E: protege la vista y contribuye al funcionamiento del sistema inmunológico. Modo de uso: 2-3 años: 1 gomita diaria. 4-8 años: 2 gomitas diarias. Suplementos / Complementos Adulto,,false_no_registro_sanitario,,
Inkafarma,JABON BLANQUEADOR CON VITAMINA C 100GR - DR RASHEL,JABON BLANQUEADOR CON VITAMINA C 100GR - DR RASHEL,,30.00,PEN,available,https://inkafarma.pe/producto/jabon-blanqueador-con-vitamina-c-100gr-dr-rashel/1766177589529,1766177589529,GENÉRICO,algolia_public_search,2026-06-08T01:09:22.898104+00:00,,"Jabón Blanqueador con Vitamina C 100g – Dr. Rashel Ideal para: Pieles opacas, con manchas o tono desigual que buscan aclarar, iluminar y limpiar profundamente. Beneficios: - Enriquecido con vitamina C que unifica e ilumina el tono. - Ayuda a reducir manchas oscuras y marcas de acné. - Limpia profundamente sin resecar la piel. - Aporta frescura, suavidad y aspecto radiante. - Ideal para rostro y cuerpo, apto para uso diario. Modo de uso: Aplicar sobre la piel húmeda, masajear suavemente hasta hacer espuma y enjuagar con abundante agua. Usar día y noche. Advertencia: Solo uso externo. Evitar contacto con los ojos. No aplicar sobre piel lesionada. Usar protector solar durante el día para mejores resultados. Mantener en lugar fresco y seco. Cremas Hidratantes Cremas Corporales",,false_no_registro_sanitario,,
Inkafarma,Serum California Vitamin C Essence 100ml - LAIKOU,Serum California Vitamin C Essence 100ml - LAIKOU,,30.00,PEN,available,https://inkafarma.pe/producto/serum-california-vitamin-c-essence-100ml-laikou/1752698737833,1752698737833,LAIKOU,algolia_public_search,2026-06-08T01:09:22.898380+00:00,,"Serum California Vitamin C Essence 100ml - LAIKOUIdeal para:Piel opaca, con manchas o tono desigual que busca iluminar, unificar y revitalizar el rostro.Beneficios:- Alto contenido de vitamina C para iluminar y aclarar la piel.- Reduce manchas oscuras y unifica el tono.- Aporta antioxidantes que protegen contra daños ambientales.- Mejora la textura y aporta frescura y luminosidad.- Fórmula ligera de rápida absorción, apta para todo tipo de piel.Modo de uso:Aplicar 2 a 3 gotas sobre rostro limpio y seco, mañana y noche. Masajear suavemente hasta completa absorción. Complementar con protector solar durante el día.Advertencia:Solo para uso externo. Evitar contacto con ojos. Suspender uso si causa irritación. Conservar en lugar fresco y alejado del sol. Cuidado Facial Sérum",,false_no_registro_sanitario,,
Inkafarma,Serum Vitamina C 50ml - ESTELIN,Serum Vitamina C 50ml - ESTELIN,,30.00,PEN,available,https://inkafarma.pe/producto/serum-vitamina-c-50ml-estelin/1752698732145,1752698732145,ESTELIN,algolia_public_search,2026-06-08T01:09:23.041809+00:00,,"Serum Vitamina C 50ml - ESTELINIdeal para:Piel opaca, con manchas o tono desigual que busca iluminar, unificar y revitalizar el rostro.Beneficios:- Alto contenido de vitamina C que aclara y unifica el tono.- Aporta antioxidantes que protegen la piel del daño ambiental.-- Mejora la textura y luminosidad del cutis.- Estimula la producción de colágeno para una piel más firme.- Fórmula ligera de rápida absorción, apta para todo tipo de piel.Modo de uso:Aplicar 2 a 3 gotas sobre rostro limpio y seco, mañana y noche. Masajear suavemente hasta completa absorción. Usar protector solar durante el día.Advertencia:Uso externo solamente. Evitar contacto con ojos. Suspender en caso de irritación. Conservar en lugar fresco y seco. Cuidado Facial Sérum",,false_no_registro_sanitario,,
Inkafarma,PEELING GEL CORPORAL VITAMINA C 99% CATHY DOLL 320ML,PEELING GEL CORPORAL VITAMINA C 99% CATHY DOLL 320ML,,45.00,PEN,available,https://inkafarma.pe/producto/peeling-gel-corporal-vitamina-c-99-cathy-doll-320ml/1775761038934,1775761038934,CATHY DOLL,algolia_public_search,2026-06-08T01:09:23.042200+00:00,,"PEELING GEL CORPORAL VITAMINA C 99% CATHY DOLL 320ML Cathy Doll Whitamin C Peeling Gel es un gel exfoliante de 320 gramos diseñado para revitalizar la piel, eliminando células muertas y promoviendo una apariencia más luminosa y juvenil. Su fórmula combina ingredientes naturales que aportan múltiples beneficios para el cuidado de la piel. INGREDIENTES: Vitamina C: Conocida por sus propiedades aclarantes y antioxidantes, ayuda a iluminar la piel, reducir las manchas oscuras y mejorar la uniformidad del tono de la piel. Ácidos de Frutas (AHAs): Ayudan a exfoliar la piel de manera suave, eliminando las células muertas y promoviendo la renovación celular. Extracto de Frutas: Con propiedades hidratantes y nutritivas, mejora la textura de la piel y aporta un brillo natural. Ácido Hialurónico: Hidrata la piel en profundidad, manteniéndola suave, flexible y con un aspecto saludable. Jabones Gel de Ducha",,false_no_registro_sanitario,,
Inkafarma,GEL LIMPIADORA VITAMINA C BRIGHTENING & ANTI AGING 80GR - DR RASHEL,GEL LIMPIADORA VITAMINA C BRIGHTENING & ANTI AGING 80GR - DR RASHEL,,31.00,PEN,available,https://inkafarma.pe/producto/gel-limpiadora-vitamina-c-brightening-anti-aging-80gr-dr-rashel/1766176573031,1766176573031,GENÉRICO,algolia_public_search,2026-06-08T01:09:23.042540+00:00,,"GEL LIMPIADORA VITAMINA C BRIGHTENING & ANTI AGING 80GR - DR RASHEL Ideal para: Personas que buscan una limpieza facial profunda que ilumine, purifique y combata signos de envejecimiento. Beneficios: - Enriquecido con vitamina C que aclara manchas y aporta luminosidad. - Limpia eficazmente impurezas, exceso de grasa y restos de maquillaje. - Ayuda a reducir líneas finas y mejora la firmeza de la piel. - Refresca y tonifica dejando una sensación suave y renovada. - Apto para todo tipo de piel, ideal para piel opaca y con signos de edad. Modo de uso: Aplicar una pequeña cantidad sobre la piel húmeda, masajear suavemente y enjuagar con agua tibia. Usar mañana y noche. Advertencia: Uso externo. Evitar contacto con ojos. Suspender si hay irritación. Mantener fuera del alcance de los niños. Cuidado Facial Limpieza Facial",,false_no_registro_sanitario,,
Inkafarma,GEL LIMPIADORA VITAMINA C BRIGHTENING & ANTI AGING 80GR - DR RASHEL,GEL LIMPIADORA VITAMINA C BRIGHTENING & ANTI AGING 80GR - DR RASHEL,,31.00,PEN,available,https://inkafarma.pe/producto/gel-limpiadora-vitamina-c-brightening-anti-aging-80gr-dr-rashel/1757215226604,1757215226604,GENÉRICO,algolia_public_search,2026-06-08T01:09:23.042856+00:00,,"GEL LIMPIADORA VITAMINA C BRIGHTENING & ANTI AGING 80GR - DR RASHEL Ideal para: Personas que buscan una limpieza facial profunda que ilumine, purifique y combata signos de envejecimiento. Beneficios: - Enriquecido con vitamina C que aclara manchas y aporta luminosidad. - Limpia eficazmente impurezas, exceso de grasa y restos de maquillaje. - Ayuda a reducir líneas finas y mejora la firmeza de la piel. - Refresca y tonifica dejando una sensación suave y renovada. - Apto para todo tipo de piel, ideal para piel opaca y con signos de edad. Modo de uso: Aplicar una pequeña cantidad sobre la piel húmeda, masajear suavemente y enjuagar con agua tibia. Usar mañana y noche. Advertencia: Uso externo. Evitar contacto con ojos. Suspender si hay irritación. Mantener fuera del alcance de los niños. Cuidado Facial Limpieza Facial",,false_no_registro_sanitario,,
Inkafarma,Suero Facial Dr Rashel Vitamina E Corrector De Manchas 30 Ml,Suero Facial Dr Rashel Vitamina E Corrector De Manchas 30 Ml,,56.50,PEN,available,https://inkafarma.pe/producto/suero-facial-dr-rashel-vitamina-e-corrector-de-manchas-30-ml/1705532898180,1705532898180,DR. RASHEL,algolia_public_search,2026-06-08T01:09:23.043183+00:00,,"SUERO FACIAL DR. RASHEL VITAMINA E CORRECTOR DE MANCHAS (30 ML.) El suero facial restaurador hidratante con vitamina E es un humectante eficaz que puede reducir los signos visibles del envejecimiento, incluidas las líneas finas, las arrugas y la pigmentación. CARACTERISTICAS El corrector de manchas oscuras de vitamina E está infundido con colágeno que reduce la apariencia de líneas finas y arrugas y agrega vitalidad a su piel. La vitamina E tiene propiedades antioxidantes que combaten los radicales libres, hidrata la piel y ayudan a reparar la sequedad y el daño. MODO DE USO Todas las mañanas y noches aplicar de dos a tres gotas en el rostro y el cuello, evitando el contorno de los ojos. Para obtener los mejores resultados, use el suero después de la limpieza, para ayudar a la piel a enfrentar cualquier agresión que esté por venir. Cuidado del Cabello Shampoo y Acondicionadores",,false_no_registro_sanitario,,
Inkafarma,AGUA MICELAR VITAMINA C 300ML - ESTELIN,AGUA MICELAR VITAMINA C 300ML - ESTELIN,,35.00,PEN,available,https://inkafarma.pe/producto/agua-micelar-vitamina-c-300ml-estelin/1766176573044,1766176573044,GENÉRICO,algolia_public_search,2026-06-08T01:09:23.043562+00:00,,"AGUA MICELAR VITAMINA C 300ML - ESTELIN Ideal para: Todo tipo de piel, incluyendo pieles sensibles. Beneficios: - Limpieza 3 en 1: Desmaquilla, limpia y refresca en un solo paso. - Elimina impurezas: Retira eficazmente maquillaje, grasa y suciedad sin resecar la piel. - Protección antioxidante: Enriquecida con vitamina C, ayuda a proteger la piel de los radicales libres y contaminantes, promoviendo un tono más uniforme y radiante. - Fórmula suave: No deja sensación pegajosa ni tirantez, proporcionando una piel fresca y confortable. Modo de uso: 1. Empapa un algodón con el agua micelar. 2. Para los ojos, presiona suavemente el algodón sobre los párpados cerrados durante unos segundos y luego desliza sin frotar. 3. Para el rostro, pasa el algodón suavemente hasta eliminar completamente las impurezas. 4. No necesita enjuague. Advertencia: Solo para uso externo. Evitar el contacto directo con los ojos. En caso de irritación, enjuagar con abundante agua. Mantener fuera del alcance de los niños. Almacenar en un lugar fresco y seco, alejado de la luz solar directa. Cuidado Facial Agua Micelar",,false_no_registro_sanitario,,
Inkafarma,AGUA MICELAR VITAMINA C 300ML - ESTELIN,AGUA MICELAR VITAMINA C 300ML - ESTELIN,,35.00,PEN,available,https://inkafarma.pe/producto/agua-micelar-vitamina-c-300ml-estelin/1756501293831,1756501293831,GENÉRICO,algolia_public_search,2026-06-08T01:09:23.043930+00:00,,"AGUA MICELAR VITAMINA C 300ML - ESTELIN Ideal para: Todo tipo de piel, incluyendo pieles sensibles. Beneficios: - Limpieza 3 en 1: Desmaquilla, limpia y refresca en un solo paso. - Elimina impurezas: Retira eficazmente maquillaje, grasa y suciedad sin resecar la piel. - Protección antioxidante: Enriquecida con vitamina C, ayuda a proteger la piel de los radicales libres y contaminantes, promoviendo un tono más uniforme y radiante. - Fórmula suave: No deja sensación pegajosa ni tirantez, proporcionando una piel fresca y confortable. Modo de uso: 1. Empapa un algodón con el agua micelar. 2. Para los ojos, presiona suavemente el algodón sobre los párpados cerrados durante unos segundos y luego desliza sin frotar. 3. Para el rostro, pasa el algodón suavemente hasta eliminar completamente las impurezas. 4. No necesita enjuague. Advertencia: Solo para uso externo. Evitar el contacto directo con los ojos. En caso de irritación, enjuagar con abundante agua. Mantener fuera del alcance de los niños. Almacenar en un lugar fresco y seco, alejado de la luz solar directa. Cuidado Facial Agua Micelar",,false_no_registro_sanitario,,
Inkafarma,Serum Antienvejecimiento Vitamina C 50ml - DR RASHEL,Serum Antienvejecimiento Vitamina C 50ml - DR RASHEL,,35.00,PEN,available,https://inkafarma.pe/producto/serum-antienvejecimiento-vitamina-c-50ml-dr-rashel/1752698723663,1752698723663,DR RASHEL,algolia_public_search,2026-06-08T01:09:23.044217+00:00,,"Serum Antienvejecimiento Vitamina C 50ml - DR RASHELIdeal para:Personas que buscan combatir los signos del envejecimiento, mejorar la luminosidad del rostro y reducir manchas y líneas finas.Beneficios:- Potente antioxidante que protege contra el daño ambiental.- Estimula la producción de colágeno para una piel más firme.- Reduce líneas de expresión y arrugas.- Aclara manchas oscuras y unifica el tono.- Mejora la textura, dejándola más suave y luminosa.Modo de uso:Aplicar 2 a 3 gotas sobre el rostro limpio y seco por la mañana y/o noche. Masajear hasta su completa absorción. Usar protector solar durante el día.Advertencia:Solo para uso externo. Evitar el contacto con los ojos. Si causa irritación, suspender su uso. Conservar en lugar fresco y alejado de la luz solar directa. Cuidado Facial Sérum",,false_no_registro_sanitario,,
Inkafarma,Desmaquillante Vitamin C 150 ml - Bioaqua,Desmaquillante Vitamin C 150 ml - Bioaqua,,24.00,PEN,available,https://inkafarma.pe/producto/desmaquillante-vitamin-c-150-ml-bioaqua/1766179821895,1766179821895,GENÉRICO,algolia_public_search,2026-06-08T01:09:23.044452+00:00,,"Desmaquillante Vitamin C 150 ml - Bioaqua Desmaquillante con vitamina C que combina limpieza y luminosidad para un rostro más fresco y radiante. Beneficios: Retira maquillaje e impurezas. Ayuda a unificar el tono de la piel. Aporta luminosidad natural. Refresca y revitaliza. Modo de uso: Usar sobre la piel seca o húmeda, aplicar con un algodón o con las manos y enjuagar con abundante agua. Advertencia: Uso externo. Evitar exposición directa al sol después de su aplicación sin enjuague. Cuidado Facial Crema facial",,false_no_registro_sanitario,,
Inkafarma,PACK 3 VITAMINAS NIÑOS 390 UND,PACK 3 VITAMINAS NIÑOS 390 UND,,109.90,PEN,available,https://inkafarma.pe/producto/pack-3-vitaminas-ninos-390-und/1768494014006,1768494014006,SOTTCOR LABS,algolia_public_search,2026-06-08T01:09:23.044956+00:00,,Gomitas Multivitamínicas Niños Vitamina A: ayuda a la formación y mantenimiento de dientes. Vitamina D: fortalece los huesos y controla el azúcar en la sangre. Vitamina C: antioxidante que ayuda a reparar y mantener el cartílago. Vitamina E: protege la vista y contribuye al funcionamiento del sistema inmunológico. Modo de uso: 2-3 años: 1 gomita diaria. 4-8 años: 2 gomitas diarias. Suplementos / Complementos Adulto,,false_no_registro_sanitario,,
Inkafarma,Facial Tonico Vitamina C Bioaqua 120ml,Facial Tonico Vitamina C Bioaqua 120ml,,25.00,PEN,available,https://inkafarma.pe/producto/facial-tonico-vitamina-c-bioaqua-120ml/1735407198233,1735407198233,BIOAQUA,algolia_public_search,2026-06-08T01:09:23.048522+00:00,,"Facial Tónico Vitamina C - Bioaqua 120ml Descripción: El Tónico Facial con Vitamina C de Bioaqua es para tonificar y refrescar la piel, ayudando a mejorar su luminosidad y textura. Este tónico con antioxidantes aporta una sensación de frescura y revitaliza la piel, dejándola suave y luminosa. Beneficios: Refresca y tonifica: Revitaliza la piel y mejora su apariencia. Antioxidante: La vitamina C ayuda a combatir los signos del envejecimiento. Hidrata y suaviza: Mantiene la piel equilibrada y fresca. Características: Presentación: Botella de 120ml. Fórmula ligera: para el uso diario. Modo de uso: Aplicar con un algodón sobre el rostro limpio, evitando el área de los ojos. Prevenciones: Evitar contacto con los ojos y mantener fuera del alcance de los niños. Tratamiento Facial Hidratación",,false_no_registro_sanitario,,
Inkafarma,Facial Tonico Vitamina C Bioaqua 120ml,Facial Tonico Vitamina C Bioaqua 120ml,,25.00,PEN,available,https://inkafarma.pe/producto/facial-tonico-vitamina-c-bioaqua-120ml/1735405989014,1735405989014,BIOAQUA,algolia_public_search,2026-06-08T01:09:23.048820+00:00,,"Facial Tónico Vitamina C - Bioaqua 120ml Descripción: El Tónico Facial con Vitamina C de Bioaqua es para tonificar y refrescar la piel, ayudando a mejorar su luminosidad y textura. Este tónico con antioxidantes aporta una sensación de frescura y revitaliza la piel, dejándola suave y luminosa. Beneficios: Refresca y tonifica: Revitaliza la piel y mejora su apariencia. Antioxidante: La vitamina C ayuda a combatir los signos del envejecimiento. Hidrata y suaviza: Mantiene la piel equilibrada y fresca. Características: Presentación: Botella de 120ml. Fórmula ligera: para el uso diario. Modo de uso: Aplicar con un algodón sobre el rostro limpio, evitando el área de los ojos. Prevenciones: Evitar contacto con los ojos y mantener fuera del alcance de los niños. Tratamiento Facial Hidratación",,false_no_registro_sanitario,,
Inkafarma,Facial Tonico Vitamina C Bioaqua 120ml,Facial Tonico Vitamina C Bioaqua 120ml,,25.00,PEN,available,https://inkafarma.pe/producto/facial-tonico-vitamina-c-bioaqua-120ml/1735404971335,1735404971335,BIOAQUA,algolia_public_search,2026-06-08T01:09:23.049110+00:00,,"Facial Tónico Vitamina C - Bioaqua 120ml Descripción: El Tónico Facial con Vitamina C de Bioaqua es para tonificar y refrescar la piel, ayudando a mejorar su luminosidad y textura. Este tónico con antioxidantes aporta una sensación de frescura y revitaliza la piel, dejándola suave y luminosa. Beneficios: Refresca y tonifica: Revitaliza la piel y mejora su apariencia. Antioxidante: La vitamina C ayuda a combatir los signos del envejecimiento. Hidrata y suaviza: Mantiene la piel equilibrada y fresca. Características: Presentación: Botella de 120ml. Fórmula ligera: para el uso diario. Modo de uso: Aplicar con un algodón sobre el rostro limpio, evitando el área de los ojos. Prevenciones: Evitar contacto con los ojos y mantener fuera del alcance de los niños. Tratamiento Facial Hidratación",,false_no_registro_sanitario,,
Inkafarma,Crema Facial Vitamin C Moisturizer Dr Rashel 160g,Crema Facial Vitamin C Moisturizer Dr Rashel 160g,,29.00,PEN,available,https://inkafarma.pe/producto/crema-facial-vitamin-c-moisturizer-dr-rashel-160g/1724162793974,1724162793974,DR RASHEL,algolia_public_search,2026-06-08T01:09:23.049508+00:00,,"Crema Facial Vitamin C Moisturizer - Dr. Rashel -160gEsta crema facial está enriquecida con vitamina C, conocida por sus propiedades antioxidantes que ayudan a combatir los radicales libres y a promover una piel más luminosa y juvenil. Formulada para hidratar profundamente la piel, esta crema también puede ayudar a mejorar la textura de la piel y reducir la apariencia de líneas finas y arrugas. Somos Importaciones Sumak.• Beneficios:o Hidratación intensiva y prolongada.o Ayuda a combatir los signos visibles del envejecimiento.o Mejora la luminosidad y uniformidad del tono de la piel.Modo de uso: Aplicar sobre la piel limpia y seca, preferiblemente por la mañana y/o noche. Masajear suavemente hasta su completa absorción. Somos Importaciones Sumak.Esta crema facial es ideal para quienes buscan un producto que no solo hidrate profundamente la piel, sino que también ayude a mejorar la apariencia general y la salud de la piel, gracias a los beneficios antioxidantes de la vitamina C. Somos Importaciones Sumak. Cuidado Facial Crema facial",,false_no_registro_sanitario,,
Inkafarma,Crema Facial Vitamin C Moisturizer Dr Rashel 160g,Crema Facial Vitamin C Moisturizer Dr Rashel 160g,,29.00,PEN,available,https://inkafarma.pe/producto/crema-facial-vitamin-c-moisturizer-dr-rashel-160g/1724109005909,1724109005909,DR RASHEL,algolia_public_search,2026-06-08T01:09:23.049898+00:00,,"Crema Facial Vitamin C Moisturizer - Dr. Rashel -160gEsta crema facial está enriquecida con vitamina C, conocida por sus propiedades antioxidantes que ayudan a combatir los radicales libres y a promover una piel más luminosa y juvenil. Formulada para hidratar profundamente la piel, esta crema también puede ayudar a mejorar la textura de la piel y reducir la apariencia de líneas finas y arrugas. Somos Importaciones Sumak.• Beneficios:o Hidratación intensiva y prolongada.o Ayuda a combatir los signos visibles del envejecimiento.o Mejora la luminosidad y uniformidad del tono de la piel.Modo de uso: Aplicar sobre la piel limpia y seca, preferiblemente por la mañana y/o noche. Masajear suavemente hasta su completa absorción. Somos Importaciones Sumak.Esta crema facial es ideal para quienes buscan un producto que no solo hidrate profundamente la piel, sino que también ayude a mejorar la apariencia general y la salud de la piel, gracias a los beneficios antioxidantes de la vitamina C. Somos Importaciones Sumak. Cuidado Facial Crema facial",,false_no_registro_sanitario,,
Inkafarma,Facial Tonico Vitamina C Bioaqua 120ml 2 Unidades,Facial Tonico Vitamina C Bioaqua 120ml 2 Unidades,,49.00,PEN,available,https://inkafarma.pe/producto/facial-tonico-vitamina-c-bioaqua-120ml-2-unidades/1735405986788,1735405986788,BIOAQUA,algolia_public_search,2026-06-08T01:09:23.050643+00:00,,"Facial Tónico Vitamina C - Bioaqua 120ml Descripción: El Tónico Facial con Vitamina C de Bioaqua es para tonificar y refrescar la piel, ayudando a mejorar su luminosidad y textura. Este tónico con antioxidantes aporta una sensación de frescura y revitaliza la piel, dejándola suave y luminosa. Beneficios: Refresca y tonifica: Revitaliza la piel y mejora su apariencia. Antioxidante: La vitamina C ayuda a combatir los signos del envejecimiento. Hidrata y suaviza: Mantiene la piel equilibrada y fresca. Características: Presentación: Botella de 120ml. Fórmula ligera: para el uso diario. Modo de uso: Aplicar con un algodón sobre el rostro limpio, evitando el área de los ojos. Prevenciones: Evitar contacto con los ojos y mantener fuera del alcance de los niños. Tratamiento Facial Hidratación",,false_no_registro_sanitario,,
Inkafarma,Facial Tonico Vitamina C Bioaqua 120ml 2 Unidades,Facial Tonico Vitamina C Bioaqua 120ml 2 Unidades,,49.00,PEN,available,https://inkafarma.pe/producto/facial-tonico-vitamina-c-bioaqua-120ml-2-unidades/1735404969153,1735404969153,BIOAQUA,algolia_public_search,2026-06-08T01:09:23.050937+00:00,,"Facial Tónico Vitamina C - Bioaqua 120ml Descripción: El Tónico Facial con Vitamina C de Bioaqua es para tonificar y refrescar la piel, ayudando a mejorar su luminosidad y textura. Este tónico con antioxidantes aporta una sensación de frescura y revitaliza la piel, dejándola suave y luminosa. Beneficios: Refresca y tonifica: Revitaliza la piel y mejora su apariencia. Antioxidante: La vitamina C ayuda a combatir los signos del envejecimiento. Hidrata y suaviza: Mantiene la piel equilibrada y fresca. Características: Presentación: Botella de 120ml. Fórmula ligera: para el uso diario. Modo de uso: Aplicar con un algodón sobre el rostro limpio, evitando el área de los ojos. Prevenciones: Evitar contacto con los ojos y mantener fuera del alcance de los niños. Tratamiento Facial Hidratación",,false_no_registro_sanitario,,
Inkafarma,Crema Facial Vitamin C Moisturizer Dr Rashel 160g 3 Unidades,Crema Facial Vitamin C Moisturizer Dr Rashel 160g 3 Unidades,,81.00,PEN,available,https://inkafarma.pe/producto/crema-facial-vitamin-c-moisturizer-dr-rashel-160g-3-unidades/1724162813911,1724162813911,DR RASHEL,algolia_public_search,2026-06-08T01:09:23.052858+00:00,,"3 Crema Facial Vitamin C Moisturizer - Dr. Rashel -160gEsta crema facial está enriquecida con vitamina C, conocida por sus propiedades antioxidantes que ayudan a combatir los radicales libres y a promover una piel más luminosa y juvenil. Formulada para hidratar profundamente la piel, esta crema también puede ayudar a mejorar la textura de la piel y reducir la apariencia de líneas finas y arrugas. Somos Importaciones Sumak.• Beneficios:o Hidratación intensiva y prolongada.o Ayuda a combatir los signos visibles del envejecimiento.o Mejora la luminosidad y uniformidad del tono de la piel.Modo de uso: Aplicar sobre la piel limpia y seca, preferiblemente por la mañana y/o noche. Masajear suavemente hasta su completa absorción. Somos Importaciones Sumak.Esta crema facial es ideal para quienes buscan un producto que no solo hidrate profundamente la piel, sino que también ayude a mejorar la apariencia general y la salud de la piel, gracias a los beneficios antioxidantes de la vitamina C. Somos Importaciones Sumak. Cuidado Facial Crema facial",,false_no_registro_sanitario,,
Inkafarma,Crema Facial Vitamin C Moisturizer Dr Rashel 160g 3 Unidades,Crema Facial Vitamin C Moisturizer Dr Rashel 160g 3 Unidades,,81.00,PEN,available,https://inkafarma.pe/producto/crema-facial-vitamin-c-moisturizer-dr-rashel-160g-3-unidades/1724109010473,1724109010473,DR RASHEL,algolia_public_search,2026-06-08T01:09:23.053245+00:00,,"3 Crema Facial Vitamin C Moisturizer - Dr. Rashel -160gEsta crema facial está enriquecida con vitamina C, conocida por sus propiedades antioxidantes que ayudan a combatir los radicales libres y a promover una piel más luminosa y juvenil. Formulada para hidratar profundamente la piel, esta crema también puede ayudar a mejorar la textura de la piel y reducir la apariencia de líneas finas y arrugas. Somos Importaciones Sumak.• Beneficios:o Hidratación intensiva y prolongada.o Ayuda a combatir los signos visibles del envejecimiento.o Mejora la luminosidad y uniformidad del tono de la piel.Modo de uso: Aplicar sobre la piel limpia y seca, preferiblemente por la mañana y/o noche. Masajear suavemente hasta su completa absorción. Somos Importaciones Sumak.Esta crema facial es ideal para quienes buscan un producto que no solo hidrate profundamente la piel, sino que también ayude a mejorar la apariencia general y la salud de la piel, gracias a los beneficios antioxidantes de la vitamina C. Somos Importaciones Sumak. Cuidado Facial Limpieza Facial",,false_no_registro_sanitario,,
Inkafarma,Serum De Vitamina C 17ml Laikou 2und,Serum De Vitamina C 17ml Laikou 2und,,105.00,PEN,available,https://inkafarma.pe/producto/serum-de-vitamina-c-17ml-laikou-2und/1747148141806,1747148141806,GENÉRICO,algolia_public_search,2026-06-08T01:09:23.055414+00:00,,"2 unidades Suero De Vitamina C 17ml - LAIKOU Este suero facial con vitamina C ayuda a proteger la piel de daños ambientales y mantiene la piel firme y saludable, Especialmente formulado para piel grasa, combate el exceso de brillo y las imperfecciones, Beneficios Control de grasa: Reduce la producción de sebo y mejora el aspecto de la piel grasa, Reducción de imperfecciones: Ayuda a tratar el acné, hiperpigmentación y eczema, Modo de uso Limpia y seca la piel, Aplique unas gotas sobre la palma y distribuyalas en rostro y cuello con un suave masaje hasta su absorción, Usar dos veces al día: mañana y noche, Advertencias Evite el contacto directo con los ojos, Si ocurre irritación, suspenda su uso, Mantenga fuera del alcance de los niños, Cuidado Facial Sérum",,false_no_registro_sanitario,,
Inkafarma,Pack Crema Aclaradora V7 50g + Exfoliante Vitamin C 100g - BIOAQUA,Pack Crema Aclaradora V7 50g + Exfoliante Vitamin C 100g - BIOAQUA,,39.90,PEN,available,https://inkafarma.pe/producto/pack-crema-aclaradora-v7-50g-exfoliante-vitamin-c-100g-bioaqua/1766180978746,1766180978746,GENÉRICO,algolia_public_search,2026-06-08T01:09:23.056262+00:00,,"Pack Crema Aclaradora V7 50g + Exfoliante Vitamin C 100g – BIOAQUA Ideal para: Personas que buscan un tratamiento facial que aclare el tono, reduzca manchas y renueve la piel eliminando células muertas, aportando luminosidad y suavidad al rostro. Beneficios: Crema V7 con vitaminas que ayudan a aclarar, hidratar y uniformar el tono de la piel. Exfoliante Vitamin C que elimina impurezas y células muertas, aportando brillo y efecto antioxidante. Mejora la textura, aporta suavidad y sensación de limpieza profunda. Combate el tono apagado, manchas leves y signos de fatiga. Ideal para pieles opacas o con tono desigual que buscan un efecto iluminador. Modo de uso: Usar el exfoliante sobre la piel húmeda 2–3 veces por semana, masajear suavemente y enjuagar. Luego aplicar la crema V7 sobre el rostro seco, masajeando hasta su completa absorción. La crema puede usarse diariamente. Advertencia: Uso externo. Evitar contacto con los ojos. Suspender su uso si observa irritación. Mantener fuera del alcance de los niños. Cuidado Facial Exfoliante",,false_no_registro_sanitario,,
Inkafarma,Pack Crema Aclaradora V7 50g + Crema Facial Vitamin C 30g - BIOAQUA,Pack Crema Aclaradora V7 50g + Crema Facial Vitamin C 30g - BIOAQUA,,39.90,PEN,available,https://inkafarma.pe/producto/pack-crema-aclaradora-v7-50g-crema-facial-vitamin-c-30g-bioaqua/1766180966978,1766180966978,GENÉRICO,algolia_public_search,2026-06-08T01:09:23.057041+00:00,,"Pack Crema Aclaradora V7 50g + Crema Facial Vitamin C 30g – BIOAQUA Ideal para: Personas que desean aclarar el rostro, reducir manchas y aportar luminosidad antioxidante con un cuidado facial hidratante y uniforme. Beneficios: Crema V7 con múltiples vitaminas que aclaran y unifican el tono de la piel. Crema Facial Vitamin C con efecto antioxidante que aporta luminosidad y ayuda a combatir manchas y signos de fatiga. Combate el aspecto opaco, hidrata y mejora la textura del rostro. Fórmulas ligeras y nutritivas que dejan la piel más uniforme y radiante. Ideal para uso diario en pieles que buscan aclarar e iluminar al mismo tiempo. Modo de uso: Aplicar la Crema V7 sobre la piel limpia por la mañana o noche. Alternar o complementar con la Crema Vitamin C aplicándola de preferencia en el día para potenciar brillo y protección antioxidante. Uso diario. Advertencia: Uso externo. Evitar contacto con los ojos. Suspender uso si observa irritación. Mantener fuera del alcance de los niños. Cuidado Facial Crema facial",,false_no_registro_sanitario,,
Inkafarma,PACK 2 VITAMINAS NIÑOS 260 UND,PACK 2 VITAMINAS NIÑOS 260 UND,,79.90,PEN,available,https://inkafarma.pe/producto/pack-2-vitaminas-ninos-260-und/1768493990588,1768493990588,SOTTCOR LABS,algolia_public_search,2026-06-08T01:09:23.058853+00:00,,Gomitas Multivitamínicas Niños Vitamina A: ayuda a la formación y mantenimiento de dientes. Vitamina D: fortalece los huesos y controla el azúcar en la sangre. Vitamina C: antioxidante que ayuda a reparar y mantener el cartílago. Vitamina E: protege la vista y contribuye al funcionamiento del sistema inmunológico. Modo de uso: 2-3 años: 1 gomita diaria. 4-8 años: 2 gomitas diarias. Suplementos / Complementos Adulto,,false_no_registro_sanitario,,
Inkafarma,PACK 2 VITAMINAS NIÑOS 260 UND,PACK 2 VITAMINAS NIÑOS 260 UND,,79.90,PEN,available,https://inkafarma.pe/producto/pack-2-vitaminas-ninos-260-und/1768493604163,1768493604163,SOTTCOR LABS,algolia_public_search,2026-06-08T01:09:23.059045+00:00,,Gomitas Multivitamínicas Niños Vitamina A: ayuda a la formación y mantenimiento de dientes. Vitamina D: fortalece los huesos y controla el azúcar en la sangre. Vitamina C: antioxidante que ayuda a reparar y mantener el cartílago. Vitamina E: protege la vista y contribuye al funcionamiento del sistema inmunológico. Modo de uso: 2-3 años: 1 gomita diaria. 4-8 años: 2 gomitas diarias. Suplementos / Complementos Adulto,,false_no_registro_sanitario,,
Inkafarma,Shampoo Bomba de Vitaminas 325ml Skala 2 und,Shampoo Bomba de Vitaminas 325ml Skala 2 und,,52.00,PEN,available,https://inkafarma.pe/producto/shampoo-bomba-de-vitaminas-325ml-skala-2-und/1753557141249,1753557141249,SKALA,algolia_public_search,2026-06-08T01:09:23.061624+00:00,,"Shampoo Bomba de Vitaminas 325ml Skala 2 und Un champú 100 % vegano, libre de parabenos y siliconas, formulado para todo tipo de cabellos, especialmente los secos, débiles, opacos o con tendencia a la caída. Su objetivo principal es fortalecer, nutrir y estimular el crecimiento saludable del cabello gracias a su fórmula rica en nutrientes incluyendo ácido hialurónico, vitaminas y proteínas vegetales Beneficios principales: Fortalece y previene quiebre. Estimula el crecimiento y reduce la caída por fragilidad. Hidrata, suaviza y repara puntas secas o dañadas. Aporta brillo intenso y revitaliza cabellos opacos Somosimportacionessumak Modo de uso Aplica sobre el cabello mojado. Masajea suavemente hasta obtener espuma cremosa. Baño Shampoo",,false_no_registro_sanitario,,
Inkafarma,Crema para Ojos Vitamina C 30gr - Estelin,Crema para Ojos Vitamina C 30gr - Estelin,,40.00,PEN,available,https://inkafarma.pe/producto/crema-para-ojos-vitamina-c-30gr-estelin/1751644515781,1751644515781,GENÉRICO,algolia_public_search,2026-06-08T01:09:23.064164+00:00,,"Crema para Ojos con Vitamina C 30gr Estelin La Crema para Ojos con Vitamina C de Estelin está formulada para tratar la delicada zona del contorno de ojos. Combina vitamina C, colágeno y ácido hialurónico para nutrir profundamente, reducir arrugas y líneas finas, y mejorar la luminosidad de la piel. Beneficios Hidratación intensa las 24 horas Reducción de arrugas y líneas finas Disminución de ojeras y bolsas Mejora de la firmeza y elasticidad Iluminación del contorno de ojos Apto para todo tipo de piel Modo de uso Aplica una pequeña cantidad sobre la piel limpia del contorno de ojos. Masajea suavemente con la yema de los dedos hasta su completa absorción. Utiliza por la mañana y por la noche. Importacionessumak Cuidado Facial Crema Contorno de Ojos",,false_no_registro_sanitario,,
Inkafarma,Crema Para Cuello Con Vitamina C 120ml Wokali,Crema Para Cuello Con Vitamina C 120ml Wokali,,40.00,PEN,available,https://inkafarma.pe/producto/crema-para-cuello-con-vitamina-c-120ml-wokali/1751644215586,1751644215586,FRUIT OF THE WOKALI,algolia_public_search,2026-06-08T01:09:23.064563+00:00,,"Crema Para Cuello con Vitamina C 120ml Wokali La Crema Corporal de Vitamina C y E de Wokali es un tratamiento diseñado para hidratar y revitalizar la piel del cuerpo, incluyendo áreas como el cuello y escote. Formulada con vitaminas C y E, esta crema ofrece múltiples beneficios para el cuidado diario de la piel. Beneficios destacados Hidratación profunda: La combinación de vitaminas C y E ayuda a mantener la piel suave y nutrida, proporcionando una hidratación duradera. Efecto antioxidante: La vitamina C combate los radicales libres y ayuda a unificar el tono de la piel, mientras que la vitamina E contribuye a la regeneración celular, mejorando la elasticidad de la piel. Diners Absorción rápida: Su fórmula ligera se absorbe rápidamente sin dejar residuos grasos, siendo ideal para uso diario. Modo de uso Aplica una cantidad adecuada sobre la piel limpia y seca. Masajea suavemente hasta su completa absorción. Usar diariamente, preferiblemente después del baño. Cuidado Facial Crema facial",,false_no_registro_sanitario,,
Inkafarma,Crema Corporal Vitamin E & Oatmeal 591ml Xtracare 2 Und,Crema Corporal Vitamin E & Oatmeal 591ml Xtracare 2 Und,,68.00,PEN,available,https://inkafarma.pe/producto/crema-corporal-vitamin-e-oatmeal-591ml-xtracare-2-und/1751644173918,1751644173918,GENÉRICO,algolia_public_search,2026-06-08T01:09:23.064909+00:00,,"Crema Corporal Vitamin E & Oatmeal 591ml XtraCare 2 und La Crema Corporal Vitamin E & Oatmeal de XtraCare (591 ml) es una loción hidratante diseñada para nutrir y suavizar la piel seca. Su fórmula combina vitamina E, conocida por sus propiedades antioxidantes, y extracto de avena, que ayuda a calmar y proteger la piel. Beneficios Hidratación profunda: Proporciona una hidratación duradera, ideal para pieles secas o sensibles. Suaviza y calma la piel: El extracto de avena ayuda a aliviar la irritación y el enrojecimiento. Fórmula ligera: Se absorbe rápidamente sin dejar residuos grasos. Uso diario: Adecuada para el uso diario en todo el cuerpo. Modo de uso Aplicación: Aplicar generosamente sobre la piel limpia y seca. Masaje: Masajear suavemente hasta su completa absorción. Frecuencia: Usar diariamente para mantener la piel hidratada y suave. Cremas Hidratantes Cremas Corporales",,false_no_registro_sanitario,,
Inkafarma,Crema para Ojos Vitamina C 30gr - Estelin,Crema para Ojos Vitamina C 30gr - Estelin,,40.00,PEN,available,https://inkafarma.pe/producto/crema-para-ojos-vitamina-c-30gr-estelin/1751640837160,1751640837160,GENÉRICO,algolia_public_search,2026-06-08T01:09:23.065240+00:00,,"Crema para Ojos con Vitamina C 30gr Estelin La Crema para Ojos con Vitamina C de Estelin está formulada para tratar la delicada zona del contorno de ojos. Combina vitamina C, colágeno y ácido hialurónico para nutrir profundamente, reducir arrugas y líneas finas, y mejorar la luminosidad de la piel. Beneficios Hidratación intensa las 24 horas Reducción de arrugas y líneas finas Disminución de ojeras y bolsas Mejora de la firmeza y elasticidad Iluminación del contorno de ojos Apto para todo tipo de piel Modo de uso Aplica una pequeña cantidad sobre la piel limpia del contorno de ojos. Masajea suavemente con la yema de los dedos hasta su completa absorción. Utiliza por la mañana y por la noche. Importacionessumak Cuidado Facial Crema Contorno de Ojos",,false_no_registro_sanitario,,
Inkafarma,Crema Para Cuello Con Vitamina C 120ml Wokali,Crema Para Cuello Con Vitamina C 120ml Wokali,,40.00,PEN,available,https://inkafarma.pe/producto/crema-para-cuello-con-vitamina-c-120ml-wokali/1751576002360,1751576002360,FRUIT OF THE WOKALI,algolia_public_search,2026-06-08T01:09:23.066109+00:00,,"Crema Para Cuello con Vitamina C 120ml Wokali La Crema Corporal de Vitamina C y E de Wokali es un tratamiento diseñado para hidratar y revitalizar la piel del cuerpo, incluyendo áreas como el cuello y escote. Formulada con vitaminas C y E, esta crema ofrece múltiples beneficios para el cuidado diario de la piel. Beneficios destacados Hidratación profunda: La combinación de vitaminas C y E ayuda a mantener la piel suave y nutrida, proporcionando una hidratación duradera. Efecto antioxidante: La vitamina C combate los radicales libres y ayuda a unificar el tono de la piel, mientras que la vitamina E contribuye a la regeneración celular, mejorando la elasticidad de la piel. Diners Absorción rápida: Su fórmula ligera se absorbe rápidamente sin dejar residuos grasos, siendo ideal para uso diario. Modo de uso Aplica una cantidad adecuada sobre la piel limpia y seca. Masajea suavemente hasta su completa absorción. Usar diariamente, preferiblemente después del baño. Cuidado Facial Crema facial",,false_no_registro_sanitario,,
Inkafarma,Crema Corporal Vitamin E & Oatmeal 591ml Xtracare 2 Und,Crema Corporal Vitamin E & Oatmeal 591ml Xtracare 2 Und,,68.00,PEN,available,https://inkafarma.pe/producto/crema-corporal-vitamin-e-oatmeal-591ml-xtracare-2-und/1751496193177,1751496193177,GENÉRICO,algolia_public_search,2026-06-08T01:09:23.066790+00:00,,"Crema Corporal Vitamin E & Oatmeal 591ml XtraCare 2 und La Crema Corporal Vitamin E & Oatmeal de XtraCare (591 ml) es una loción hidratante diseñada para nutrir y suavizar la piel seca. Su fórmula combina vitamina E, conocida por sus propiedades antioxidantes, y extracto de avena, que ayuda a calmar y proteger la piel. Beneficios Hidratación profunda: Proporciona una hidratación duradera, ideal para pieles secas o sensibles. Suaviza y calma la piel: El extracto de avena ayuda a aliviar la irritación y el enrojecimiento. Fórmula ligera: Se absorbe rápidamente sin dejar residuos grasos. Uso diario: Adecuada para el uso diario en todo el cuerpo. Modo de uso Aplicación: Aplicar generosamente sobre la piel limpia y seca. Masaje: Masajear suavemente hasta su completa absorción. Frecuencia: Usar diariamente para mantener la piel hidratada y suave. Cremas Hidratantes Cremas Corporales",,false_no_registro_sanitario,,
Inkafarma,Facial Scrub Vitamina C Dr Rashel,Facial Scrub Vitamina C Dr Rashel,,40.00,PEN,available,https://inkafarma.pe/producto/facial-scrub-vitamina-c-dr-rashel/1747148143641,1747148143641,GENÉRICO,algolia_public_search,2026-06-08T01:09:23.067114+00:00,,"Exfoliante facial con vitamina C - Dr, Rashel Descripción: El Facial Scrub de Vitamina C de Dr, Rashel es un exfoliante suave que limpia profundamente la piel, eliminando las células muertas y dejándola suave y radiante, Con vitamina C como ingrediente principal, ayuda a revitalizar la piel, dejándola luminosa y saludable, Beneficios: Exfolia suavemente, eliminando impurezas y células muertas, Revitaliza e ilumina la piel gracias a la vitamina C, Mejora la textura de la piel, dejándola suave y fresca, Modo de uso: Aplicar una cantidad adecuada sobre el rostro húmedo, masajear con movimientos circulares durante 1-2 minutos, luego enjuagar con agua tibia, Advertencias: Evite el contacto con los ojos, Si ocurre irritación, suspenda su uso, Conservar en un lugar fresco y seco, Cuidado Facial Sérum",,false_no_registro_sanitario,,
Inkafarma,Estelin Agua Micellar Vitamina C 300ml,Estelin Agua Micellar Vitamina C 300ml,,60.00,PEN,available,https://inkafarma.pe/producto/estelin-agua-micellar-vitamina-c-300ml/1746566130154,1746566130154,GENÉRICO,algolia_public_search,2026-06-08T01:09:23.067489+00:00,,"Estelin Agua Micelar Vitamina C 300 ml Agua micelar todo en 1 que limpia, desmaquilla y refresca la piel, eliminando impurezas y exceso de grasa sin necesidad de enjuague, Enriquecida con vitamina C , conocida por sus propiedades antioxidantes, ayuda a iluminar el rostro, mejorar el tono desigual y proteger la piel contra el daño ambiental, Su fórmula suave es apta para todo tipo de piel , Beneficios Limpia, desmaquilla y tonifica en un solo paso, Enriquecida con vitamina C , aporta luminosidad y unifica el tono de la piel, Elimina impurezas y residuos de maquillaje sin irritar, Proporciona antioxidantes que protegen la piel del daño ambiental, Modo de uso Humedezca un algodón con agua micelar, Para eliminar el maquillaje de ojos, presione suavemente sobre los párpados cerrados durante unos segundos y deslice, Pasar el algodón por todo el rostro hasta que la piel quede completamente limpia, No es necesario enjuagar, Precauciones Uso externo únicamente, Evitar el contacto con los ojos, Cuidado Facial Agua Micelar",,false_no_registro_sanitario,,
Inkafarma,Suero Facial En Barra Vitamina C 7Gr Dr Rashel,Suero Facial En Barra Vitamina C 7Gr Dr Rashel,,40.00,PEN,available,https://inkafarma.pe/producto/suero-facial-en-barra-vitamina-c-7gr-dr-rashel/1742336873369,1742336873369,DR RASHEL,algolia_public_search,2026-06-08T01:09:23.068630+00:00,,"SUERO FACIAL EN BARRA VITAMINA C 7GR - DR RASHEL El Suero Facial en Barra con Vitamina C de Dr. Rashel es un producto diseñado para revitalizar e iluminar la piel, proporcionando un aspecto fresco y radiante. Aunque no se encontró información específica sobre una presentación de 7 gramos, este suero en barra ofrece múltiples beneficios: Beneficios: Iluminación de la Piel: La vitamina C es un potente antioxidante que ayuda a atenuar las manchas oscuras y unificar el tono de la piel, brindando una apariencia más luminosa. Estimulación de Colágeno: Promueve la producción de colágeno, mejorando la firmeza y elasticidad de la piel. Reducción de Poros y Arrugas: Contribuye a refinar la textura de la piel, minimizando la apariencia de poros abiertos y reduciendo la formación de arrugas y líneas finas. Modo de Uso: Aplicación Directa: Desliza la barra sobre las áreas deseadas del rostro, como frente, mejillas y debajo de los ojos. Cuidado Facial Sérum",,false_no_registro_sanitario,,
Inkafarma,Facial Tonico Vitamina C Bioaqua 120ml 3 Unidades,Facial Tonico Vitamina C Bioaqua 120ml 3 Unidades,,72.00,PEN,available,https://inkafarma.pe/producto/facial-tonico-vitamina-c-bioaqua-120ml-3-unidades/1735405988601,1735405988601,BIOAQUA,algolia_public_search,2026-06-08T01:09:23.068927+00:00,,"Facial Tónico Vitamina C - Bioaqua 120ml Descripción: El Tónico Facial con Vitamina C de Bioaqua es para tonificar y refrescar la piel, ayudando a mejorar su luminosidad y textura. Este tónico con antioxidantes aporta una sensación de frescura y revitaliza la piel, dejándola suave y luminosa. Beneficios: Refresca y tonifica: Revitaliza la piel y mejora su apariencia. Antioxidante: La vitamina C ayuda a combatir los signos del envejecimiento. Hidrata y suaviza: Mantiene la piel equilibrada y fresca. Características: Presentación: Botella de 120ml. Fórmula ligera: para el uso diario. Modo de uso: Aplicar con un algodón sobre el rostro limpio, evitando el área de los ojos. Prevenciones: Evitar contacto con los ojos y mantener fuera del alcance de los niños. Tratamiento Facial Hidratación",,false_no_registro_sanitario,,
Inkafarma,Facial Tonico Vitamina C Bioaqua 120ml 3 Unidades,Facial Tonico Vitamina C Bioaqua 120ml 3 Unidades,,72.00,PEN,available,https://inkafarma.pe/producto/facial-tonico-vitamina-c-bioaqua-120ml-3-unidades/1735404970992,1735404970992,BIOAQUA,algolia_public_search,2026-06-08T01:09:23.069214+00:00,,"Facial Tónico Vitamina C - Bioaqua 120ml Descripción: El Tónico Facial con Vitamina C de Bioaqua es para tonificar y refrescar la piel, ayudando a mejorar su luminosidad y textura. Este tónico con antioxidantes aporta una sensación de frescura y revitaliza la piel, dejándola suave y luminosa. Beneficios: Refresca y tonifica: Revitaliza la piel y mejora su apariencia. Antioxidante: La vitamina C ayuda a combatir los signos del envejecimiento. Hidrata y suaviza: Mantiene la piel equilibrada y fresca. Características: Presentación: Botella de 120ml. Fórmula ligera: para el uso diario. Modo de uso: Aplicar con un algodón sobre el rostro limpio, evitando el área de los ojos. Prevenciones: Evitar contacto con los ojos y mantener fuera del alcance de los niños. Tratamiento Facial Hidratación",,false_no_registro_sanitario,,
Inkafarma,Crema Facial Vitamin C Moisturizer Dr Rashel 160g 2 Unidades,Crema Facial Vitamin C Moisturizer Dr Rashel 160g 2 Unidades,,56.00,PEN,available,https://inkafarma.pe/producto/crema-facial-vitamin-c-moisturizer-dr-rashel-160g-2-unidades/1724162784868,1724162784868,DR RASHEL,algolia_public_search,2026-06-08T01:09:23.070032+00:00,,"2 Crema Facial Vitamin C Moisturizer - Dr. Rashel -160gEsta crema facial está enriquecida con vitamina C, conocida por sus propiedades antioxidantes que ayudan a combatir los radicales libres y a promover una piel más luminosa y juvenil. Formulada para hidratar profundamente la piel, esta crema también puede ayudar a mejorar la textura de la piel y reducir la apariencia de líneas finas y arrugas. Somos Importaciones Sumak.• Beneficios:o Hidratación intensiva y prolongada.o Ayuda a combatir los signos visibles del envejecimiento.o Mejora la luminosidad y uniformidad del tono de la piel.Modo de uso: Aplicar sobre la piel limpia y seca, preferiblemente por la mañana y/o noche. Masajear suavemente hasta su completa absorción. Somos Importaciones Sumak.Esta crema facial es ideal para quienes buscan un producto que no solo hidrate profundamente la piel, sino que también ayude a mejorar la apariencia general y la salud de la piel, gracias a los beneficios antioxidantes de la vitamina C. Somos Importaciones Sumak. Cuidado Facial Crema facial",,false_no_registro_sanitario,,
Inkafarma,Crema Facial Vitamin C Moisturizer Dr Rashel 160g 2 Unidades,Crema Facial Vitamin C Moisturizer Dr Rashel 160g 2 Unidades,,56.00,PEN,available,https://inkafarma.pe/producto/crema-facial-vitamin-c-moisturizer-dr-rashel-160g-2-unidades/1724108995213,1724108995213,DR RASHEL,algolia_public_search,2026-06-08T01:09:23.070419+00:00,,"2 Crema Facial Vitamin C Moisturizer - Dr. Rashel -160gEsta crema facial está enriquecida con vitamina C, conocida por sus propiedades antioxidantes que ayudan a combatir los radicales libres y a promover una piel más luminosa y juvenil. Formulada para hidratar profundamente la piel, esta crema también puede ayudar a mejorar la textura de la piel y reducir la apariencia de líneas finas y arrugas. Somos Importaciones Sumak.• Beneficios:o Hidratación intensiva y prolongada.o Ayuda a combatir los signos visibles del envejecimiento.o Mejora la luminosidad y uniformidad del tono de la piel.Modo de uso: Aplicar sobre la piel limpia y seca, preferiblemente por la mañana y/o noche. Masajear suavemente hasta su completa absorción. Somos Importaciones Sumak.Esta crema facial es ideal para quienes buscan un producto que no solo hidrate profundamente la piel, sino que también ayude a mejorar la apariencia general y la salud de la piel, gracias a los beneficios antioxidantes de la vitamina C. Somos Importaciones Sumak. Cuidado Facial Crema facial",,false_no_registro_sanitario,,
Inkafarma,Crema Corporal Vitamin E & Oatmeal 591ml Xtracare 3 Und,Crema Corporal Vitamin E & Oatmeal 591ml Xtracare 3 Und,,99.00,PEN,available,https://inkafarma.pe/producto/crema-corporal-vitamin-e-oatmeal-591ml-xtracare-3-und/1751644171445,1751644171445,GENÉRICO,algolia_public_search,2026-06-08T01:09:23.076647+00:00,,"Crema Corporal Vitamin E & Oatmeal 591ml XtraCare 3 und La Crema Corporal Vitamin E & Oatmeal de XtraCare (591 ml) es una loción hidratante diseñada para nutrir y suavizar la piel seca. Su fórmula combina vitamina E, conocida por sus propiedades antioxidantes, y extracto de avena, que ayuda a calmar y proteger la piel. Beneficios Hidratación profunda: Proporciona una hidratación duradera, ideal para pieles secas o sensibles. Suaviza y calma la piel: El extracto de avena ayuda a aliviar la irritación y el enrojecimiento. Fórmula ligera: Se absorbe rápidamente sin dejar residuos grasos. Uso diario: Adecuada para el uso diario en todo el cuerpo. Modo de uso Aplicación: Aplicar generosamente sobre la piel limpia y seca. Masaje: Masajear suavemente hasta su completa absorción. Frecuencia: Usar diariamente para mantener la piel hidratada y suave. Cremas Hidratantes Cremas Corporales",,false_no_registro_sanitario,,
Inkafarma,Crema Corporal Vitamin E & Oatmeal 591ml Xtracare 3 Und,Crema Corporal Vitamin E & Oatmeal 591ml Xtracare 3 Und,,99.00,PEN,available,https://inkafarma.pe/producto/crema-corporal-vitamin-e-oatmeal-591ml-xtracare-3-und/1751496190807,1751496190807,GENÉRICO,algolia_public_search,2026-06-08T01:09:23.077596+00:00,,"Crema Corporal Vitamin E & Oatmeal 591ml XtraCare 3 und La Crema Corporal Vitamin E & Oatmeal de XtraCare (591 ml) es una loción hidratante diseñada para nutrir y suavizar la piel seca. Su fórmula combina vitamina E, conocida por sus propiedades antioxidantes, y extracto de avena, que ayuda a calmar y proteger la piel. Beneficios Hidratación profunda: Proporciona una hidratación duradera, ideal para pieles secas o sensibles. Suaviza y calma la piel: El extracto de avena ayuda a aliviar la irritación y el enrojecimiento. Fórmula ligera: Se absorbe rápidamente sin dejar residuos grasos. Uso diario: Adecuada para el uso diario en todo el cuerpo. Modo de uso Aplicación: Aplicar generosamente sobre la piel limpia y seca. Masaje: Masajear suavemente hasta su completa absorción. Frecuencia: Usar diariamente para mantener la piel hidratada y suave. Cremas Hidratantes Cremas Corporales",,false_no_registro_sanitario,,
Inkafarma,Crema para Ojos Vitamina C 30gr - Estelin 3 und,Crema para Ojos Vitamina C 30gr - Estelin 3 und,,114.00,PEN,available,https://inkafarma.pe/producto/crema-para-ojos-vitamina-c-30gr-estelin-3-und/1751644514960,1751644514960,GENÉRICO,algolia_public_search,2026-06-08T01:09:23.081277+00:00,,"Crema para Ojos con Vitamina C 30gr Estelin 3 und La Crema para Ojos con Vitamina C de Estelin está formulada para tratar la delicada zona del contorno de ojos. Combina vitamina C, colágeno y ácido hialurónico para nutrir profundamente, reducir arrugas y líneas finas, y mejorar la luminosidad de la piel. Beneficios Hidratación intensa las 24 horas Reducción de arrugas y líneas finas Disminución de ojeras y bolsas Mejora de la firmeza y elasticidad Iluminación del contorno de ojos Apto para todo tipo de piel Modo de uso Aplica una pequeña cantidad sobre la piel limpia del contorno de ojos. Masajea suavemente con la yema de los dedos hasta su completa absorción. Utiliza por la mañana y por la noche. Importacionessumak Cuidado Facial Crema Contorno de Ojos",,false_no_registro_sanitario,,
Inkafarma,Crema Para Cuello Con Vitamina C 120ml Wokali 3 Und,Crema Para Cuello Con Vitamina C 120ml Wokali 3 Und,,114.00,PEN,available,https://inkafarma.pe/producto/crema-para-cuello-con-vitamina-c-120ml-wokali-3-und/1751644214370,1751644214370,FRUIT OF THE WOKALI,algolia_public_search,2026-06-08T01:09:23.081604+00:00,,"Crema Para Cuello con Vitamina C 120ml Wokali 3 und La Crema Corporal de Vitamina C y E de Wokali es un tratamiento diseñado para hidratar y revitalizar la piel del cuerpo, incluyendo áreas como el cuello y escote. Formulada con vitaminas C y E, esta crema ofrece múltiples beneficios para el cuidado diario de la piel. Beneficios destacados Hidratación profunda: La combinación de vitaminas C y E ayuda a mantener la piel suave y nutrida, proporcionando una hidratación duradera. Efecto antioxidante: La vitamina C combate los radicales libres y ayuda a unificar el tono de la piel, mientras que la vitamina E contribuye a la regeneración celular, mejorando la elasticidad de la piel. Diners Absorción rápida: Su fórmula ligera se absorbe rápidamente sin dejar residuos grasos, siendo ideal para uso diario. Modo de uso Aplica una cantidad adecuada sobre la piel limpia y seca. Masajea suavemente hasta su completa absorción. Usar diariamente, preferiblemente después del baño. Cuidado Facial Crema facial",,false_no_registro_sanitario,,
Inkafarma,Crema para Ojos Vitamina C 30gr - Estelin 3 und,Crema para Ojos Vitamina C 30gr - Estelin 3 und,,114.00,PEN,available,https://inkafarma.pe/producto/crema-para-ojos-vitamina-c-30gr-estelin-3-und/1751640836304,1751640836304,GENÉRICO,algolia_public_search,2026-06-08T01:09:23.081878+00:00,,"Crema para Ojos con Vitamina C 30gr Estelin 3 und La Crema para Ojos con Vitamina C de Estelin está formulada para tratar la delicada zona del contorno de ojos. Combina vitamina C, colágeno y ácido hialurónico para nutrir profundamente, reducir arrugas y líneas finas, y mejorar la luminosidad de la piel. Beneficios Hidratación intensa las 24 horas Reducción de arrugas y líneas finas Disminución de ojeras y bolsas Mejora de la firmeza y elasticidad Iluminación del contorno de ojos Apto para todo tipo de piel Modo de uso Aplica una pequeña cantidad sobre la piel limpia del contorno de ojos. Masajea suavemente con la yema de los dedos hasta su completa absorción. Utiliza por la mañana y por la noche. Importacionessumak Cuidado Facial Crema Contorno de Ojos",,false_no_registro_sanitario,,
Inkafarma,Crema Para Cuello Con Vitamina C 120ml Wokali 3 Und,Crema Para Cuello Con Vitamina C 120ml Wokali 3 Und,,114.00,PEN,available,https://inkafarma.pe/producto/crema-para-cuello-con-vitamina-c-120ml-wokali-3-und/1751576000897,1751576000897,FRUIT OF THE WOKALI,algolia_public_search,2026-06-08T01:09:23.082602+00:00,,"Crema Para Cuello con Vitamina C 120ml Wokali 3 und La Crema Corporal de Vitamina C y E de Wokali es un tratamiento diseñado para hidratar y revitalizar la piel del cuerpo, incluyendo áreas como el cuello y escote. Formulada con vitaminas C y E, esta crema ofrece múltiples beneficios para el cuidado diario de la piel. Beneficios destacados Hidratación profunda: La combinación de vitaminas C y E ayuda a mantener la piel suave y nutrida, proporcionando una hidratación duradera. Efecto antioxidante: La vitamina C combate los radicales libres y ayuda a unificar el tono de la piel, mientras que la vitamina E contribuye a la regeneración celular, mejorando la elasticidad de la piel. Diners Absorción rápida: Su fórmula ligera se absorbe rápidamente sin dejar residuos grasos, siendo ideal para uso diario. Modo de uso Aplica una cantidad adecuada sobre la piel limpia y seca. Masajea suavemente hasta su completa absorción. Usar diariamente, preferiblemente después del baño. Cuidado Facial Crema facial",,false_no_registro_sanitario,,
Inkafarma,Facial Scrub Vitamina C Dr Rashel 3und,Facial Scrub Vitamina C Dr Rashel 3und,,114.00,PEN,available,https://inkafarma.pe/producto/facial-scrub-vitamina-c-dr-rashel-3und/1747148140154,1747148140154,GENÉRICO,algolia_public_search,2026-06-08T01:09:23.227992+00:00,,"3 unidades Exfoliante facial con vitamina C - Dr, Rashel Descripción: El Facial Scrub de Vitamina C de Dr, Rashel es un exfoliante suave que limpia profundamente la piel, eliminando las células muertas y dejándola suave y radiante, Con vitamina C como ingrediente principal, ayuda a revitalizar la piel, dejándola luminosa y saludable, Beneficios: Exfolia suavemente, eliminando impurezas y células muertas, Revitaliza e ilumina la piel gracias a la vitamina C, Mejora la textura de la piel, dejándola suave y fresca, Modo de uso: Aplicar una cantidad adecuada sobre el rostro húmedo, masajear con movimientos circulares durante 1-2 minutos, luego enjuagar con agua tibia, Advertencias: Evite el contacto con los ojos, Si ocurre irritación, suspenda su uso, Conservar en un lugar fresco y seco, Cuidado Facial Crema facial",,false_no_registro_sanitario,,
Inkafarma,Suero Facial En Barra Vitamina C 7Gr Dr Rashel 3 Unidades,Suero Facial En Barra Vitamina C 7Gr Dr Rashel 3 Unidades,,114.00,PEN,available,https://inkafarma.pe/producto/suero-facial-en-barra-vitamina-c-7gr-dr-rashel-3-unidades/1742336872603,1742336872603,DR RASHEL,algolia_public_search,2026-06-08T01:09:23.228403+00:00,,"3 UND SUERO FACIAL EN BARRA VITAMINA C 7GR - DR RASHEL El Suero Facial en Barra con Vitamina C de Dr. Rashel es un producto diseñado para revitalizar e iluminar la piel, proporcionando un aspecto fresco y radiante. Aunque no se encontró información específica sobre una presentación de 7 gramos, este suero en barra ofrece múltiples beneficios: Beneficios: Iluminación de la Piel: La vitamina C es un potente antioxidante que ayuda a atenuar las manchas oscuras y unificar el tono de la piel, brindando una apariencia más luminosa. Estimulación de Colágeno: Promueve la producción de colágeno, mejorando la firmeza y elasticidad de la piel. Reducción de Poros y Arrugas: Contribuye a refinar la textura de la piel, minimizando la apariencia de poros abiertos y reduciendo la formación de arrugas y líneas finas. Modo de Uso: Aplicación Directa: Desliza la barra sobre las áreas deseadas del rostro, como frente, mejillas y debajo de los ojos. Cuidado Facial Sérum",,false_no_registro_sanitario,,
Inkafarma,Crema para Ojos Vitamina C 30gr - Estelin 2 und,Crema para Ojos Vitamina C 30gr - Estelin 2 und,,78.00,PEN,available,https://inkafarma.pe/producto/crema-para-ojos-vitamina-c-30gr-estelin-2-und/1751644515369,1751644515369,GENÉRICO,algolia_public_search,2026-06-08T01:09:23.230098+00:00,,"Crema para Ojos con Vitamina C 30gr Estelin 2 und La Crema para Ojos con Vitamina C de Estelin está formulada para tratar la delicada zona del contorno de ojos. Combina vitamina C, colágeno y ácido hialurónico para nutrir profundamente, reducir arrugas y líneas finas, y mejorar la luminosidad de la piel. Beneficios Hidratación intensa las 24 horas Reducción de arrugas y líneas finas Disminución de ojeras y bolsas Mejora de la firmeza y elasticidad Iluminación del contorno de ojos Apto para todo tipo de piel Modo de uso Aplica una pequeña cantidad sobre la piel limpia del contorno de ojos. Masajea suavemente con la yema de los dedos hasta su completa absorción. Utiliza por la mañana y por la noche. Importacionessumak Cuidado Facial Crema Contorno de Ojos",,false_no_registro_sanitario,,
Inkafarma,Crema Para Cuello Con Vitamina C 120ml Wokali 2 Und,Crema Para Cuello Con Vitamina C 120ml Wokali 2 Und,,78.00,PEN,available,https://inkafarma.pe/producto/crema-para-cuello-con-vitamina-c-120ml-wokali-2-und/1751644215164,1751644215164,FRUIT OF THE WOKALI,algolia_public_search,2026-06-08T01:09:23.230494+00:00,,"Crema Para Cuello con Vitamina C 120ml Wokali 2 und La Crema Corporal de Vitamina C y E de Wokali es un tratamiento diseñado para hidratar y revitalizar la piel del cuerpo, incluyendo áreas como el cuello y escote. Formulada con vitaminas C y E, esta crema ofrece múltiples beneficios para el cuidado diario de la piel. Beneficios destacados Hidratación profunda: La combinación de vitaminas C y E ayuda a mantener la piel suave y nutrida, proporcionando una hidratación duradera. Efecto antioxidante: La vitamina C combate los radicales libres y ayuda a unificar el tono de la piel, mientras que la vitamina E contribuye a la regeneración celular, mejorando la elasticidad de la piel. Diners Absorción rápida: Su fórmula ligera se absorbe rápidamente sin dejar residuos grasos, siendo ideal para uso diario. Modo de uso Aplica una cantidad adecuada sobre la piel limpia y seca. Masajea suavemente hasta su completa absorción. Usar diariamente, preferiblemente después del baño. Cuidado Facial Crema facial",,false_no_registro_sanitario,,
Inkafarma,Crema para Ojos Vitamina C 30gr - Estelin 2 und,Crema para Ojos Vitamina C 30gr - Estelin 2 und,,78.00,PEN,available,https://inkafarma.pe/producto/crema-para-ojos-vitamina-c-30gr-estelin-2-und/1751640836708,1751640836708,GENÉRICO,algolia_public_search,2026-06-08T01:09:23.230823+00:00,,"Crema para Ojos con Vitamina C 30gr Estelin 2 und La Crema para Ojos con Vitamina C de Estelin está formulada para tratar la delicada zona del contorno de ojos. Combina vitamina C, colágeno y ácido hialurónico para nutrir profundamente, reducir arrugas y líneas finas, y mejorar la luminosidad de la piel. Beneficios Hidratación intensa las 24 horas Reducción de arrugas y líneas finas Disminución de ojeras y bolsas Mejora de la firmeza y elasticidad Iluminación del contorno de ojos Apto para todo tipo de piel Modo de uso Aplica una pequeña cantidad sobre la piel limpia del contorno de ojos. Masajea suavemente con la yema de los dedos hasta su completa absorción. Utiliza por la mañana y por la noche. Importacionessumak Cuidado Facial Crema Contorno de Ojos",,false_no_registro_sanitario,,
Inkafarma,Crema Para Cuello Con Vitamina C 120ml Wokali 2 Und,Crema Para Cuello Con Vitamina C 120ml Wokali 2 Und,,78.00,PEN,available,https://inkafarma.pe/producto/crema-para-cuello-con-vitamina-c-120ml-wokali-2-und/1751576001920,1751576001920,FRUIT OF THE WOKALI,algolia_public_search,2026-06-08T01:09:23.231698+00:00,,"Crema Para Cuello con Vitamina C 120ml Wokali 2 und La Crema Corporal de Vitamina C y E de Wokali es un tratamiento diseñado para hidratar y revitalizar la piel del cuerpo, incluyendo áreas como el cuello y escote. Formulada con vitaminas C y E, esta crema ofrece múltiples beneficios para el cuidado diario de la piel. Beneficios destacados Hidratación profunda: La combinación de vitaminas C y E ayuda a mantener la piel suave y nutrida, proporcionando una hidratación duradera. Efecto antioxidante: La vitamina C combate los radicales libres y ayuda a unificar el tono de la piel, mientras que la vitamina E contribuye a la regeneración celular, mejorando la elasticidad de la piel. Diners Absorción rápida: Su fórmula ligera se absorbe rápidamente sin dejar residuos grasos, siendo ideal para uso diario. Modo de uso Aplica una cantidad adecuada sobre la piel limpia y seca. Masajea suavemente hasta su completa absorción. Usar diariamente, preferiblemente después del baño. Cuidado Facial Crema facial",,false_no_registro_sanitario,,
Inkafarma,Facial Scrub Vitamina C Dr Rashel 2und,Facial Scrub Vitamina C Dr Rashel 2und,,78.00,PEN,available,https://inkafarma.pe/producto/facial-scrub-vitamina-c-dr-rashel-2und/1747148148277,1747148148277,GENÉRICO,algolia_public_search,2026-06-08T01:09:23.232026+00:00,,"2 unidades Exfoliante facial con vitamina C - Dr, Rashel Descripción: El Facial Scrub de Vitamina C de Dr, Rashel es un exfoliante suave que limpia profundamente la piel, eliminando las células muertas y dejándola suave y radiante, Con vitamina C como ingrediente principal, ayuda a revitalizar la piel, dejándola luminosa y saludable, Beneficios: Exfolia suavemente, eliminando impurezas y células muertas, Revitaliza e ilumina la piel gracias a la vitamina C, Mejora la textura de la piel, dejándola suave y fresca, Modo de uso: Aplicar una cantidad adecuada sobre el rostro húmedo, masajear con movimientos circulares durante 1-2 minutos, luego enjuagar con agua tibia, Advertencias: Evite el contacto con los ojos, Si ocurre irritación, suspenda su uso, Conservar en un lugar fresco y seco, Cuidado Facial Sérum",,false_no_registro_sanitario,,
Inkafarma,Suero Facial En Barra Vitamina C 7Gr Dr Rashel 2 Unidades,Suero Facial En Barra Vitamina C 7Gr Dr Rashel 2 Unidades,,78.00,PEN,available,https://inkafarma.pe/producto/suero-facial-en-barra-vitamina-c-7gr-dr-rashel-2-unidades/1742336874470,1742336874470,DR RASHEL,algolia_public_search,2026-06-08T01:09:23.232369+00:00,,"2 UND SUERO FACIAL EN BARRA VITAMINA C 7GR - DR RASHEL El Suero Facial en Barra con Vitamina C de Dr. Rashel es un producto diseñado para revitalizar e iluminar la piel, proporcionando un aspecto fresco y radiante. Aunque no se encontró información específica sobre una presentación de 7 gramos, este suero en barra ofrece múltiples beneficios: Beneficios: Iluminación de la Piel: La vitamina C es un potente antioxidante que ayuda a atenuar las manchas oscuras y unificar el tono de la piel, brindando una apariencia más luminosa. Estimulación de Colágeno: Promueve la producción de colágeno, mejorando la firmeza y elasticidad de la piel. Reducción de Poros y Arrugas: Contribuye a refinar la textura de la piel, minimizando la apariencia de poros abiertos y reduciendo la formación de arrugas y líneas finas. Modo de Uso: Aplicación Directa: Desliza la barra sobre las áreas deseadas del rostro, como frente, mejillas y debajo de los ojos. Cuidado Facial Sérum",,false_no_registro_sanitario,,
Inkafarma,Crema Corporal Vitamin E & Oatmeal 591ml Xtracare,Crema Corporal Vitamin E & Oatmeal 591ml Xtracare,,35.00,PEN,available,https://inkafarma.pe/producto/crema-corporal-vitamin-e-oatmeal-591ml-xtracare/1751644157387,1751644157387,GENÉRICO,algolia_public_search,2026-06-08T01:09:23.233376+00:00,,"Crema Corporal Vitamin E & Oatmeal 591ml XtraCare La Crema Corporal Vitamin E & Oatmeal de XtraCare (591 ml) es una loción hidratante diseñada para nutrir y suavizar la piel seca. Su fórmula combina vitamina E, conocida por sus propiedades antioxidantes, y extracto de avena, que ayuda a calmar y proteger la piel. Beneficios Hidratación profunda: Proporciona una hidratación duradera, ideal para pieles secas o sensibles. Suaviza y calma la piel: El extracto de avena ayuda a aliviar la irritación y el enrojecimiento. Fórmula ligera: Se absorbe rápidamente sin dejar residuos grasos. Uso diario: Adecuada para el uso diario en todo el cuerpo. Modo de uso Aplicación: Aplicar generosamente sobre la piel limpia y seca. Masaje: Masajear suavemente hasta su completa absorción. Frecuencia: Usar diariamente para mantener la piel hidratada y suave. Cremas Hidratantes Cremas Corporales",,false_no_registro_sanitario,,
Inkafarma,Crema Corporal Vitamin E & Oatmeal 591ml Xtracare,Crema Corporal Vitamin E & Oatmeal 591ml Xtracare,,35.00,PEN,available,https://inkafarma.pe/producto/crema-corporal-vitamin-e-oatmeal-591ml-xtracare/1751496174648,1751496174648,GENÉRICO,algolia_public_search,2026-06-08T01:09:23.234378+00:00,,"Crema Corporal Vitamin E & Oatmeal 591ml XtraCare La Crema Corporal Vitamin E & Oatmeal de XtraCare (591 ml) es una loción hidratante diseñada para nutrir y suavizar la piel seca. Su fórmula combina vitamina E, conocida por sus propiedades antioxidantes, y extracto de avena, que ayuda a calmar y proteger la piel. Beneficios Hidratación profunda: Proporciona una hidratación duradera, ideal para pieles secas o sensibles. Suaviza y calma la piel: El extracto de avena ayuda a aliviar la irritación y el enrojecimiento. Fórmula ligera: Se absorbe rápidamente sin dejar residuos grasos. Uso diario: Adecuada para el uso diario en todo el cuerpo. Modo de uso Aplicación: Aplicar generosamente sobre la piel limpia y seca. Masaje: Masajear suavemente hasta su completa absorción. Frecuencia: Usar diariamente para mantener la piel hidratada y suave. Cremas Hidratantes Cremas Corporales",,false_no_registro_sanitario,,
Inkafarma,Shampoo Bomba de Vitaminas 325ml Skala 3 und,Shampoo Bomba de Vitaminas 325ml Skala 3 und,,77.00,PEN,available,https://inkafarma.pe/producto/shampoo-bomba-de-vitaminas-325ml-skala-3-und/1753557144244,1753557144244,SKALA,algolia_public_search,2026-06-08T01:09:23.235375+00:00,,"Shampoo Bomba de Vitaminas 325ml Skala 3 und Un champú 100 % vegano, libre de parabenos y siliconas, formulado para todo tipo de cabellos, especialmente los secos, débiles, opacos o con tendencia a la caída. Su objetivo principal es fortalecer, nutrir y estimular el crecimiento saludable del cabello gracias a su fórmula rica en nutrientes incluyendo ácido hialurónico, vitaminas y proteínas vegetales Beneficios principales: Fortalece y previene quiebre. Estimula el crecimiento y reduce la caída por fragilidad. Hidrata, suaviza y repara puntas secas o dañadas. Aporta brillo intenso y revitaliza cabellos opacos Somosimportacionessumak Modo de uso Aplica sobre el cabello mojado. Masajea suavemente hasta obtener espuma cremosa. Baño Shampoo",,false_no_registro_sanitario,,
Inkafarma,Crema Facial Dr Rashel Vitamina E Corrector De Manchas 50 Ml,Crema Facial Dr Rashel Vitamina E Corrector De Manchas 50 Ml,,57.50,PEN,available,https://inkafarma.pe/producto/crema-facial-dr-rashel-vitamina-e-corrector-de-manchas-50-ml/1705532840164,1705532840164,DR. RASHEL,algolia_public_search,2026-06-08T01:09:23.236690+00:00,,"CREMA FACIAL DR. RASHEL VITAMINA E CORRECTOR DE MANCHAS (50 ML.) Dr. Rashel Vitamin E Dark Spots es una crema que ayuda a hidratar y proteger la piel mientras combate el daño de los radicales libres. CARACTERISTICAS La crema contiene vitamina E, un antioxidante natural y vitamina curativa que protege los ácidos grasos de la piel y combate los radicales libres. Además, la crema ayuda a reducir la apariencia de manchas oscuras en la piel. Esta fórmula se absorbe rápidamente para proteger la piel, reponer la humedad perdida, suavizar y calmar. Cuidado Facial Crema facial",,false_no_registro_sanitario,,
Inkafarma,Vitamina C 23% + Esferas HA 2% 30 ml - THE ORDINARY,Vitamina C 23% + Esferas HA 2% 30 ml - THE ORDINARY,,109.00,PEN,available,https://inkafarma.pe/producto/vitamina-c-23-esferas-ha-2-30-ml-the-ordinary/1764777276605,1764777276605,THE ORDINARY,algolia_public_search,2026-06-08T01:09:23.237524+00:00,,"¿Para qué tipo de piel es bueno?✔ Normal✔ Graso✔ Combinado✔ SecoQué es:una suspensión estable sin agua ni silicona de 23 por ciento de ácido l-ascórbico puro.Soluciones para:- Tono de piel desigual- Líneas finas y arrugasSi desea saber más...La vitamina C es un antioxidante eficaz y se ha demostrado que su forma pura de ácido l-ascórbico mejora múltiples signos de envejecimiento de la piel mientras la ilumina.Qué está formulado SIN:- Parabenos- Sulfatos- FtalatosQué más necesitas saber:Este producto contiene una concentración del 23 por ciento de vitamina C pura, que se mantiene completamente estable debido a la ausencia de agua. Es vegano, libre de crueldad animal y está formulado sin aceite, alcohol, silicona, nueces, gluten ni fragancias Cuidado Facial Sérum",,false_no_registro_sanitario,,
Inkafarma,Shampoo Bomba de Vitaminas 325ml Skala,Shampoo Bomba de Vitaminas 325ml Skala,,27.00,PEN,available,https://inkafarma.pe/producto/shampoo-bomba-de-vitaminas-325ml-skala/1753557151086,1753557151086,SKALA,algolia_public_search,2026-06-08T01:09:23.237810+00:00,,"Shampoo Bomba de Vitaminas 325ml Skala Un champú 100 % vegano, libre de parabenos y siliconas, formulado para todo tipo de cabellos, especialmente los secos, débiles, opacos o con tendencia a la caída. Su objetivo principal es fortalecer, nutrir y estimular el crecimiento saludable del cabello gracias a su fórmula rica en nutrientes incluyendo ácido hialurónico, vitaminas y proteínas vegetales Beneficios principales: Fortalece y previene quiebre. Estimula el crecimiento y reduce la caída por fragilidad. Hidrata, suaviza y repara puntas secas o dañadas. Aporta brillo intenso y revitaliza cabellos opacos Somosimportacionessumak Modo de uso Aplica sobre el cabello mojado. Masajea suavemente hasta obtener espuma cremosa. Baño Shampoo",,false_no_registro_sanitario,,
Inkafarma,PACK VITAMINA C SHAMPO + ACONDICIONADOR 300ML - KANECHOM,PACK VITAMINA C SHAMPO + ACONDICIONADOR 300ML - KANECHOM,,45.00,PEN,available,https://inkafarma.pe/producto/pack-vitamina-c-shampo-acondicionador-300ml-kanechom/1766177116469,1766177116469,GENÉRICO,algolia_public_search,2026-06-08T01:09:23.242587+00:00,,"PACK VITAMINA C SHAMPO + ACONDICIONADOR 300ML - KANECHOM IDEAL PARA: Cabellos apagados, sin vida o expuestos a agresiones externas que necesitan vitalidad, brillo y protección antioxidante. BENEFICIOS: - Limpieza suave que no reseca el cuero cabelludo - Enriquecido con vitamina C, poderosa antioxidante que revitaliza el cabello - Aporta brillo intenso y aspecto saludable - Ayuda a proteger contra daños del sol y contaminación - Cabello más suave, luminoso y con energía renovada MODO DE USO: Aplica el shampoo sobre el cabello mojado, masajea suavemente hasta formar espuma y enjuaga. Repite si es necesario. Luego, aplica el acondicionador de medios a puntas, deja actuar de 1 a 3 minutos y enjuaga completamente. ADVERTENCIA: Uso externo. Evitar el contacto con los ojos. En caso de irritación, suspender el uso y consultar al médico. Mantener fuera del alcance de los niños. Cuidado del Cabello Shampoo y Acondicionadores",,false_no_registro_sanitario,,
Inkafarma,PACK DE 2 JABON BLANQUEADOR CON VITAMINA C 100GR - DR RASHEL,PACK DE 2 JABON BLANQUEADOR CON VITAMINA C 100GR - DR RASHEL,,45.00,PEN,available,https://inkafarma.pe/producto/pack-de-2-jabon-blanqueador-con-vitamina-c-100gr-dr-rashel/1757215605011,1757215605011,GENÉRICO,algolia_public_search,2026-06-08T01:09:23.242922+00:00,,"Jabón Blanqueador con Vitamina C 100g – Dr. Rashel Ideal para: Pieles opacas, con manchas o tono desigual que buscan aclarar, iluminar y limpiar profundamente. Beneficios: - Enriquecido con vitamina C que unifica e ilumina el tono. - Ayuda a reducir manchas oscuras y marcas de acné. - Limpia profundamente sin resecar la piel. - Aporta frescura, suavidad y aspecto radiante. - Ideal para rostro y cuerpo, apto para uso diario. Modo de uso: Aplicar sobre la piel húmeda, masajear suavemente hasta hacer espuma y enjuagar con abundante agua. Usar día y noche. Advertencia: Solo uso externo. Evitar contacto con los ojos. No aplicar sobre piel lesionada. Usar protector solar durante el día para mejores resultados. Mantener en lugar fresco y seco. Jabones Jabón en Barra",,false_no_registro_sanitario,,
Inkafarma,PACK VITAMINA C SHAMPO + ACONDICIONADOR 300ML - KANECHOM,PACK VITAMINA C SHAMPO + ACONDICIONADOR 300ML - KANECHOM,,45.00,PEN,available,https://inkafarma.pe/producto/pack-vitamina-c-shampo-acondicionador-300ml-kanechom/1757215583994,1757215583994,GENÉRICO,algolia_public_search,2026-06-08T01:09:23.243243+00:00,,"PACK VITAMINA C SHAMPO + ACONDICIONADOR 300ML - KANECHOM IDEAL PARA: Cabellos apagados, sin vida o expuestos a agresiones externas que necesitan vitalidad, brillo y protección antioxidante. BENEFICIOS: - Limpieza suave que no reseca el cuero cabelludo - Enriquecido con vitamina C, poderosa antioxidante que revitaliza el cabello - Aporta brillo intenso y aspecto saludable - Ayuda a proteger contra daños del sol y contaminación - Cabello más suave, luminoso y con energía renovada MODO DE USO: Aplica el shampoo sobre el cabello mojado, masajea suavemente hasta formar espuma y enjuaga. Repite si es necesario. Luego, aplica el acondicionador de medios a puntas, deja actuar de 1 a 3 minutos y enjuaga completamente. ADVERTENCIA: Uso externo. Evitar el contacto con los ojos. En caso de irritación, suspender el uso y consultar al médico. Mantener fuera del alcance de los niños. Cuidado del Cabello Shampoo y Acondicionadores",,false_no_registro_sanitario,,
Inkafarma,PACK DE 2 JABON BLANQUEADOR CON VITAMINA C 100GR - DR RASHEL,PACK DE 2 JABON BLANQUEADOR CON VITAMINA C 100GR - DR RASHEL,,45.00,PEN,available,https://inkafarma.pe/producto/pack-de-2-jabon-blanqueador-con-vitamina-c-100gr-dr-rashel/1756501821788,1756501821788,GENÉRICO,algolia_public_search,2026-06-08T01:09:23.243582+00:00,,"Jabón Blanqueador con Vitamina C 100g – Dr. Rashel Ideal para: Pieles opacas, con manchas o tono desigual que buscan aclarar, iluminar y limpiar profundamente. Beneficios: - Enriquecido con vitamina C que unifica e ilumina el tono. - Ayuda a reducir manchas oscuras y marcas de acné. - Limpia profundamente sin resecar la piel. - Aporta frescura, suavidad y aspecto radiante. - Ideal para rostro y cuerpo, apto para uso diario. Modo de uso: Aplicar sobre la piel húmeda, masajear suavemente hasta hacer espuma y enjuagar con abundante agua. Usar día y noche. Advertencia: Solo uso externo. Evitar contacto con los ojos. No aplicar sobre piel lesionada. Usar protector solar durante el día para mejores resultados. Mantener en lugar fresco y seco. Cremas Hidratantes Cremas Corporales",,false_no_registro_sanitario,,
Inkafarma,PACK VITAMINA C SHAMPO + ACONDICIONADOR 300ML - KANECHOM,PACK VITAMINA C SHAMPO + ACONDICIONADOR 300ML - KANECHOM,,45.00,PEN,available,https://inkafarma.pe/producto/pack-vitamina-c-shampo-acondicionador-300ml-kanechom/1756501786949,1756501786949,GENÉRICO,algolia_public_search,2026-06-08T01:09:23.243905+00:00,,"PACK VITAMINA C SHAMPO + ACONDICIONADOR 300ML - KANECHOM IDEAL PARA: Cabellos apagados, sin vida o expuestos a agresiones externas que necesitan vitalidad, brillo y protección antioxidante. BENEFICIOS: - Limpieza suave que no reseca el cuero cabelludo - Enriquecido con vitamina C, poderosa antioxidante que revitaliza el cabello - Aporta brillo intenso y aspecto saludable - Ayuda a proteger contra daños del sol y contaminación - Cabello más suave, luminoso y con energía renovada MODO DE USO: Aplica el shampoo sobre el cabello mojado, masajea suavemente hasta formar espuma y enjuaga. Repite si es necesario. Luego, aplica el acondicionador de medios a puntas, deja actuar de 1 a 3 minutos y enjuaga completamente. ADVERTENCIA: Uso externo. Evitar el contacto con los ojos. En caso de irritación, suspender el uso y consultar al médico. Mantener fuera del alcance de los niños. Cuidado del Cabello Shampoo y Acondicionadores",,false_no_registro_sanitario,,
Inkafarma,JABON CORPORAL VITAMINA C 99% CATHY DOLL 520ML,JABON CORPORAL VITAMINA C 99% CATHY DOLL 520ML,,55.00,PEN,available,https://inkafarma.pe/producto/jabon-corporal-vitamina-c-99-cathy-doll-520ml/1775761035599,1775761035599,CATHY DOLL,algolia_public_search,2026-06-08T01:09:23.244551+00:00,,"JABON CORPORAL VITAMINA C 99% CATHY DOLL 520ML Cathy Doll Whitamin C Brightening Body Cleanser es un gel de ducha diseñado para limpiar profundamente la piel mientras la ilumina y protege. Su fórmula combina ingredientes naturales que ofrecen múltiples beneficios para el cuidado diario del cuerpo. INGREDIENTES PRINCIPALES: Extracto de vitamina C: Ilumina la piel y ayuda a reducir la apariencia de manchas oscuras, promoviendo un tono más uniforme. - Extracto de panal: Protege la piel de bacterias y agentes externos, manteniéndola saludable y limpia. - Vitamina E: Proporciona hidratación adicional, dejando la piel suave y nutrida después de la ducha. - Extracto de coco: Conocido por sus propiedades hidratantes, ayuda a mantener la piel flexible y suave. Jabones Jabón en Barra",,false_no_registro_sanitario,,
Inkafarma,Dr Rashel Mascarilla Vitamina C,Dr Rashel Mascarilla Vitamina C,,32.90,PEN,available,https://inkafarma.pe/producto/dr-rashel-mascarilla-vitamina-c/1756500897814,1756500897814,GENÉRICO,algolia_public_search,2026-06-08T01:09:23.244817+00:00,,"Dr. Rashel Mascarilla Vitamina C Mascarilla facial de arcilla de cúrcuma con vitamina C natural con propiedades antioxidantes para ayudar a prevenir y rehidratar la piel seca/apagada. Puede mejorar las líneas finas y las arrugas, la apariencia de enrojecimiento, opacidad y textura irregular. Antioxidante tiene una fuerte capacidad antioxidante que restaura el aspecto de luminosidad de la piel opaca y funciona bien para tratar el tono desigual de la piel. Dejando la piel con una sensación suave, flexible y brillante. Esta mascarilla facial de arcilla desintoxicante tiene la ventaja de exfoliar, elimina la opacidad, la sequedad, exfolia las células muertas de la piel, extrae toxinas y aceites e ilumina la piel. Cuidado Facial Mascarillas",,false_no_registro_sanitario,,
Inkafarma,Dr Rashel Vitamina C Limpiador Facial Iluminador 100g,Dr Rashel Vitamina C Limpiador Facial Iluminador 100g,,33.00,PEN,available,https://inkafarma.pe/producto/dr-rashel-vitamina-c-limpiador-facial-iluminador-100g/1756500900926,1756500900926,GENÉRICO,algolia_public_search,2026-06-08T01:09:23.245041+00:00,,"Dr. Rashel Vitamina C Limpiador Facial Iluminador 100g El lavado facial iluminador con vitamina C es un limpiador avanzado para aclarar la piel y antienvejecimiento. La formulación con bloqueadores de melanina ayuda a aclarar la pigmentación, la rica espuma en crema puede eliminar la suciedad, el aceite y los residuos de maquillaje, destapar las presiones de la piel y dejar la piel completamente limpia. Y la vitamina C, un poderoso antioxidante, ayuda a prevenir el daño de la piel al bloquear los radicales libres. Cuidado Facial Limpieza Facial",,false_no_registro_sanitario,,
Inkafarma,Aceite Corporal Vitamina C + Crema Hidratante Vitamina C,Aceite Corporal Vitamina C + Crema Hidratante Vitamina C,,49.90,PEN,available,https://inkafarma.pe/producto/aceite-corporal-vitamina-c-crema-hidratante-vitamina-c/1756498698117,1756498698117,BIOAQUA,algolia_public_search,2026-06-08T01:09:23.246271+00:00,,"Aceite Corporal Vitamina C Dr Rashel 100ml Aceites naturales ricos en antioxidantes, piel hidratada, suave, iluminada. Beneficios: Ayuda a reparar la piel dañada: repleto de ácidos grasos esenciales, vitaminas y antioxidantes, el aceite corporal ayuda a restaurar la piel seca y dañada a su estado saludable. La barrera protectora de humedad de la piel se fortalece para proteger la piel de la contaminación de la ciudad. Ayuda a reducir los signos del envejecimiento prematuro de la piel. Piel suave e hidratada: Se mezclan múltiples aceites naturales de primera calidad en el aceite corporal para hidratar profundamente la piel, eliminar la sequedad y mantener la piel suave e hidratada durante todo el día. Ayuda a iluminar el cutis: Enriquecido con vitamina C, ayuda a minimizar las imperfecciones y proporciona un tono de piel uniforme y radiante. Modo de Uso: Después del baño, seca tu cuerpo, toma una cantidad adecuada en la palma de tu mano y aplícala en tu cuerpo, masajea suavemente hasta su absorción. - Crema Hidratante con Vitamina C Bioaqua Desacelera la oxidación de las células de la piel, evitando así el envejecimiento prematuro de las mismas. Reduce las líneas de expresión. Activa la síntesis de colágeno. Ayuda a reparar los daños en la piel. Minimiza la irritación y hace más efectiva la absorción de las cremas. Deja la piel lisa, limpia y reluciente. Mejora la textura y la calidad de tu piel. Modo de uso: Aplicar una cantidad adecuada sobre el rostro y el cuello y luego masajear suavemente para una mejor absorción. Cremas Hidratantes Cremas Corporales",,false_no_registro_sanitario,,
Inkafarma,Aceite Corporal Vitamina C Dr Rashel 100ml 2 Unidades,Aceite Corporal Vitamina C Dr Rashel 100ml 2 Unidades,,88.00,PEN,available,https://inkafarma.pe/producto/aceite-corporal-vitamina-c-dr-rashel-100ml-2-unidades/1695941780931,1695941780931,DR RASHEL,algolia_public_search,2026-06-08T01:09:23.247909+00:00,,"Aceites naturales ricos en antioxidantes, piel hidratada, suave, iluminada.Beneficios: Ayuda a reparar la piel dañada: repleto de ácidos grasos esenciales, vitaminas y antioxidantes, el aceite corporal ayuda a restaurar la piel seca y dañada a su estado saludable. La barrera protectora de humedad de la piel se fortalece para proteger la piel de la contaminación de la ciudad. Ayuda a reducir los signos del envejecimiento prematuro de la piel: la piel intensamente hidratada y nutrida es capaz de conservar su elasticidad natural durante más tiempo y estar libre de líneas finas y arrugas. Piel suave e hidratada: se mezclan múltiples aceites naturales de primera calidad en el aceite corporal para hidratar profundamente la piel, eliminar la sequedad y mantener la piel suave e hidratada durante todo el día. Ayuda a iluminar el cutis: enriquecido con vitamina C, ayuda a minimizar las imperfecciones y proporciona un tono de piel uniforme y radiante. Cremas Hidratantes Cremas Corporales",,false_no_registro_sanitario,,
Inkafarma,Parches De Ojos Con Vitamina C - Wokali,Parches De Ojos Con Vitamina C - Wokali,,38.90,PEN,available,https://inkafarma.pe/producto/Parches-De-Ojos-Con-Vitamina-C---Wokali/1777909407847,1777909407847,WOKALI,algolia_public_search,2026-06-08T01:09:23.249902+00:00,,"Descripción: Hidrata suavemente la piel la piel de los ojos y al mismo tiempo disminuye la ojeras y bolsas que se forman debajo de los ojos dando un aspecto hidratante. Características: Hidratación Profundas Ojeras claras Reducir las líneas finas Beneficios: Mejora la bolsa de ojos con borde negro en los ojos. Reduce el edema ocular y ayuda a eliminar las ojeras. Ayuda a aliviar las líneas finas y las patas de gallo. Modo de uso: Después de limpiar y tonificar, aplique el parche en el área debajo de los ojos con la espátula proporcionada y retire después de 15-20 minutos. Cuidado Facial Mascarillas",,false_no_registro_sanitario,,
Inkafarma,Aceite Corporal Vitamina C Dr.Rashel 100 ml,Aceite Corporal Vitamina C Dr.Rashel 100 ml,,39.00,PEN,available,https://inkafarma.pe/producto/aceite-corporal-vitamina-c-dr-rashel-100-ml/1764685033255,1764685033255,GENÉRICO,algolia_public_search,2026-06-08T01:09:23.250342+00:00,,"Aceite Corporal Vitamina C - Dr. Rashel 100ml Aceites naturales ricos en antioxidantes, piel hidratada, suave, iluminada. Beneficios: - Ayuda a reparar la piel dañada - Ayuda a reducir los signos del envejecimiento prematuro de la piel - Ayuda a iluminar el cutis Usar para: aceite corporal Característica: - Rico en antioxidantes - Aceites naturales - Piel hidratada suave y luminosa - Ayuda a reducir los signos de envejecimiento - Ayuda a reparar la piel dañada. - Ayuda a reparar la piel dañada: repleto de ácidos grasos esenciales, vitaminas y antioxidantes, el aceite corporal ayuda a restaurar la piel seca y dañada a su estado saludable. La barrera protectora de humedad de la piel se fortalece para proteger la piel de la contaminación de la ciudad. - Ayuda a reducir los signos del envejecimiento prematuro de la piel: la piel intensamente hidratada y nutrida es capaz de conservar su elasticidad natural durante más tiempo y estar libre de líneas finas y arrugas. Piel suave e hidratada: se mezclan múltiples aceites naturales de primera calidad en el aceite corporal para hidratar profundamente la piel, eliminar la sequedad y mantener la piel suave e hidratada durante todo el día. - Ayuda a iluminar el cutis: enriquecido con vitamina C, ayuda a minimizar las imperfecciones y proporciona un tono de piel uniforme y radiante. Cremas Hidratantes",,false_no_registro_sanitario,,
Inkafarma,Serum Corrector de Manchas Oscuras Vitamina E 30ml - DR RASHEL,Serum Corrector de Manchas Oscuras Vitamina E 30ml - DR RASHEL,,56.00,PEN,available,https://inkafarma.pe/producto/serum-corrector-de-manchas-oscuras-vitamina-e-30ml-dr-rashel/1752698730026,1752698730026,DR RASHEL,algolia_public_search,2026-06-08T01:09:23.250667+00:00,,"Serum Corrector de Manchas Oscuras Vitamina E 30ml - DR RASHELIdeal para:Personas con manchas oscuras, marcas de acné o hiperpigmentación que desean unificar el tono y aclarar la piel.Beneficios:- Vitamina E antioxidante que protege y repara la piel.- Reduce manchas oscuras y previene la aparición de nuevas.- Unifica el tono y mejora la luminosidad del rostro.- Hidrata y suaviza la piel para una textura más uniforme.- Fórmula ligera de rápida absorción, ideal para uso diario.Modo de uso:Aplicar 2 a 3 gotas sobre el rostro limpio y seco, enfocando en las áreas con manchas. Masajear suavemente hasta su completa absorción. Usar mañana y noche. Usar protector solar durante el día.Advertencia:Solo uso externo. Evitar contacto con los ojos. Suspender si causa irritación. Mantener en lugar fresco y alejado de la luz solar. Cuidado Facial Sérum",,false_no_registro_sanitario,,
Inkafarma,Pack x2 Desmaquillante Vitamin C 150 ml - Bioaqua,Pack x2 Desmaquillante Vitamin C 150 ml - Bioaqua,,38.00,PEN,available,https://inkafarma.pe/producto/pack-x2-desmaquillante-vitamin-c-150-ml-bioaqua/1766179833479,1766179833479,GENÉRICO,algolia_public_search,2026-06-08T01:09:23.250902+00:00,,"Pack x2 Desmaquillante Vitamin C 150 ml - Bioaqua Desmaquillante con vitamina C que combina limpieza y luminosidad para un rostro más fresco y radiante. Beneficios: Retira maquillaje e impurezas. Ayuda a unificar el tono de la piel. Aporta luminosidad natural. Refresca y revitaliza. Modo de uso: Usar sobre la piel seca o húmeda, aplicar con un algodón o con las manos y enjuagar con abundante agua. Advertencia: Uso externo. Evitar exposición directa al sol después de su aplicación sin enjuague. Cuidado Facial Crema facial",,false_no_registro_sanitario,,
Inkafarma,Suero Facial Antiarruga 24k Oro + Serum Vitamina C California,Suero Facial Antiarruga 24k Oro + Serum Vitamina C California,,45.90,PEN,available,https://inkafarma.pe/producto/suero-facial-antiarruga-24k-oro-serum-vitamina-c-california/1757213654772,1757213654772,GENÉRICO,algolia_public_search,2026-06-08T01:09:23.251438+00:00,,"Serum Antiarrugas y Aclarante 24k Oro DR RASHEL Beneficios el suero para ojos de oro de 24 quilates ayuda a reducir la apariencia de líneas finas, arrugas, patas de gallo e hinchazón, mientras deja la piel debajo y alrededor de los ojos con un aspecto más firme para un brillo suave y juvenil. Contiene colágeno para combatir la aparición de signos de envejecimiento prematuro, aceites naturales y ácido hialurónico. Modo de uso: Aplicar de 1 a 2 gotas sobre un disco de algodón o gasa. Úselo debajo del ojo, en el párpado y alrededor de las patas de gallo hasta que se absorba por completo, use dos veces al día, mañana y noche. Funciona bien solo o debajo del maquillaje. - Serum California Vitamina C Laikou 100ml Serum facial que contiene vitamina C en dos formas, fosfato de ascorbilo de sodio y ácido ascórbico, que aportan beneficios antioxidantes, anti-acné y aclarantes a tu piel. La vitamina C es un nutriente esencial que tiene propiedades antioxidantes, que ayudan a proteger la piel de los daños causados por los radicales libres y a prevenir el envejecimiento prematuro. También tiene propiedades antiinflamatorias, que calman y suavizan la piel, reduciendo las irritaciones y las rojeces. Además, tiene propiedades aclarantes, que inhiben la producción de melanina, el pigmento que causa las manchas y el oscurecimiento de la piel. Modo de uso: Lava tu rostro con agua tibia y un limpiador adecuado para tu tipo de piel. Aplica unas gotas del serum sobre la yema de tus dedos y distribúyelas por todo el rostro, evitando el contorno de los ojos. Masajea suavemente con movimientos circulares ascendentes hasta que el serum se absorba por completo. Espera unos minutos antes de aplicar tu crema hidratante habitual. Repite este proceso por la mañana y por la noche, después de limpiar tu piel. Cuidado Facial Sérum",,false_no_registro_sanitario,,
Inkafarma,Crema Depilatoria Facial con Manzanilla y Vitamina E 50 ml Depilé,Crema Depilatoria Facial con Manzanilla y Vitamina E 50 ml Depilé,,28.90,PEN,available,https://inkafarma.pe/producto/crema-depilatoria-facial-con-manzanilla-y-vitamina-e-50-ml-depile/1766180441883,1766180441883,GENÉRICO,algolia_public_search,2026-06-08T01:09:23.252315+00:00,,"Crema Depilatoria Facial con Manzanilla y Vitamina E 50 ml – Depilé La Crema Depilatoria Facial Depilé con Manzanilla y Vitamina E está especialmente formulada para eliminar suavemente el vello del rostro sin irritar la piel. Su combinación de extracto de manzanilla y vitamina E ayuda a calmar, hidratar y proteger la piel, dejándola tersa, suave y con una sensación de frescura. Ideal para pieles sensibles y uso frecuente. Beneficios: - Elimina eficazmente el vello facial sin irritar. - Con manzanilla y vitamina E que calman y suavizan la piel. - Hidrata y protege, dejando el rostro terso y luminoso. - Fórmula delicada ideal para zonas sensibles. - Resultado rápido y sin dolor. Modo de uso: 1. Aplica una capa uniforme sobre la zona a depilar. 2. Deja actuar de 5 a 8 minutos (sin exceder el tiempo). 3. Retira con un algodón o esponja húmeda y enjuaga con agua. 4. Seca suavemente la piel. Advertencias: Uso externo. Evita ojos y mucosas. No aplicar sobre piel irritada. Marca: Depilé Línea: Facial Presentación: Tubo de 50 ml Principio activo: Manzanilla y Vitamina E Contenido neto: 50 ml Tipo de piel: Sensible Registro Sanitario: NSOC30312-17PE Depilación Cremas Depilatorias",,false_no_registro_sanitario,,
Inkafarma,Serum Corrector de Manchas Oscuras Vitamina E 30ml - DR RASHEL,Serum Corrector de Manchas Oscuras Vitamina E 30ml - DR RASHEL,,56.00,PEN,available,https://inkafarma.pe/producto/serum-corrector-de-manchas-oscuras-vitamina-e-30ml-dr-rashel/1766178447695,1766178447695,GENÉRICO,algolia_public_search,2026-06-08T01:09:23.252663+00:00,,"Serum Corrector de Manchas Oscuras Vitamina E 30ml - DR RASHEL Ideal para: Personas con manchas oscuras, marcas de acné o hiperpigmentación que desean unificar el tono y aclarar la piel. Beneficios: - Vitamina E antioxidante que protege y repara la piel. - Reduce manchas oscuras y previene la aparición de nuevas. - Unifica el tono y mejora la luminosidad del rostro. - Hidrata y suaviza la piel para una textura más uniforme. - Fórmula ligera de rápida absorción, ideal para uso diario. Modo de uso: Aplicar 2 a 3 gotas sobre el rostro limpio y seco, enfocando en las áreas con manchas. Masajear suavemente hasta su completa absorción. Usar mañana y noche. Usar protector solar durante el día. Advertencia: Solo uso externo. Evitar contacto con los ojos. Suspender si causa irritación. Mantener en lugar fresco y alejado de la luz solar. Cuidado Facial Sérum",,false_no_registro_sanitario,,
Inkafarma,Serum Corrector de Manchas Oscuras Vitamina E 30ml - DR RASHEL,Serum Corrector de Manchas Oscuras Vitamina E 30ml - DR RASHEL,,56.00,PEN,available,https://inkafarma.pe/producto/serum-corrector-de-manchas-oscuras-vitamina-e-30ml-dr-rashel/1756502366745,1756502366745,GENÉRICO,algolia_public_search,2026-06-08T01:09:23.252983+00:00,,"Serum Corrector de Manchas Oscuras Vitamina E 30ml - DR RASHEL Ideal para: Personas con manchas oscuras, marcas de acné o hiperpigmentación que desean unificar el tono y aclarar la piel. Beneficios: - Vitamina E antioxidante que protege y repara la piel. - Reduce manchas oscuras y previene la aparición de nuevas. - Unifica el tono y mejora la luminosidad del rostro. - Hidrata y suaviza la piel para una textura más uniforme. - Fórmula ligera de rápida absorción, ideal para uso diario. Modo de uso: Aplicar 2 a 3 gotas sobre el rostro limpio y seco, enfocando en las áreas con manchas. Masajear suavemente hasta su completa absorción. Usar mañana y noche. Usar protector solar durante el día. Advertencia: Solo uso externo. Evitar contacto con los ojos. Suspender si causa irritación. Mantener en lugar fresco y alejado de la luz solar. Cuidado Facial Sérum",,false_no_registro_sanitario,,
Inkafarma,Parches de Ojos de Vitamina C - Fruit of The Wokali,Parches de Ojos de Vitamina C - Fruit of The Wokali,,39.50,PEN,available,https://inkafarma.pe/producto/Parches-de-Ojos-de-Vitamina-C---Fruit-of-The-Wokali/1777909401788,1777909401788,WOKALI,algolia_public_search,2026-06-08T01:09:23.253264+00:00,,"Descripción: Hidrata suavemente la piel la piel de los ojos y al mismo tiempo disminuye la ojeras y bolsas que se forman debajo de los ojos dando un aspecto hidratante. Características: Hidratación Profundas Ojeras claras Reducir las líneas finas Beneficios: Mejora la bolsa de ojos con borde negro en los ojos. Reduce el edema ocular y ayuda a eliminar las ojeras. Ayuda a aliviar las líneas finas y las patas de gallo. Modo de uso: Después de limpiar y tonificar, aplique el parche en el área debajo de los ojos con la espátula proporcionada y retire después de 15-20 minutos. Cuidado Facial Mascarillas",,false_no_registro_sanitario,,
Inkafarma,Parches Para Ojos Con Vitamina C - Wokali,Parches Para Ojos Con Vitamina C - Wokali,,39.50,PEN,available,https://inkafarma.pe/producto/Parches-Para-Ojos-Con-Vitamina-C---Wokali/1777909401264,1777909401264,WOKALI,algolia_public_search,2026-06-08T01:09:23.253541+00:00,,"Descripción: Hidrata suavemente la piel la piel de los ojos y al mismo tiempo disminuye la ojeras y bolsas que se forman debajo de los ojos dando un aspecto hidratante. Características: Hidratación Profundas Ojeras claras Reducir las líneas finas Beneficios: Mejora la bolsa de ojos con borde negro en los ojos. Reduce el edema ocular y ayuda a eliminar las ojeras. Ayuda a aliviar las líneas finas y las patas de gallo. Modo de uso: Después de limpiar y tonificar, aplique el parche en el área debajo de los ojos con la espátula proporcionada y retire después de 15-20 minutos. Cuidado Facial Mascarillas",,false_no_registro_sanitario,,
Inkafarma,Parches Para Ojos De Vitamina C,Parches Para Ojos De Vitamina C,,39.90,PEN,available,https://inkafarma.pe/producto/Parches-Para-Ojos-De-Vitamina-C/1777909442153,1777909442153,WOKALI,algolia_public_search,2026-06-08T01:09:23.253804+00:00,,"Descripción: Hidrata suavemente la piel la piel de los ojos y al mismo tiempo disminuye la ojeras y bolsas que se forman debajo de los ojos dando un aspecto hidratante. Características: Hidratación Profundas Ojeras claras Reducir las líneas finas Beneficios: Mejora la bolsa de ojos con borde negro en los ojos. Reduce el edema ocular y ayuda a eliminar las ojeras. Ayuda a aliviar las líneas finas y las patas de gallo. Modo de uso: Después de limpiar y tonificar, aplique el parche en el área debajo de los ojos con la espátula proporcionada y retire después de 15-20 minutos. Cuidado Facial Mascarillas",,false_no_registro_sanitario,,
Inkafarma,Aceite Corporal Vitamina C + Limpiador Facial Iluminador,Aceite Corporal Vitamina C + Limpiador Facial Iluminador,,59.90,PEN,available,https://inkafarma.pe/producto/aceite-corporal-vitamina-c-limpiador-facial-iluminador/1756498698516,1756498698516,GENÉRICO,algolia_public_search,2026-06-08T01:09:23.254313+00:00,,"Aceite Corporal Vitamina C Dr Rashel 100ml Aceites naturales ricos en antioxidantes, piel hidratada, suave, iluminada. Beneficios: Ayuda a reparar la piel dañada: repleto de ácidos grasos esenciales, vitaminas y antioxidantes, el aceite corporal ayuda a restaurar la piel seca y dañada a su estado saludable. La barrera protectora de humedad de la piel se fortalece para proteger la piel de la contaminación de la ciudad. Ayuda a reducir los signos del envejecimiento prematuro de la piel. Piel suave e hidratada: Se mezclan múltiples aceites naturales de primera calidad en el aceite corporal para hidratar profundamente la piel, eliminar la sequedad y mantener la piel suave e hidratada durante todo el día. Ayuda a iluminar el cutis: Enriquecido con vitamina C, ayuda a minimizar las imperfecciones y proporciona un tono de piel uniforme y radiante. Modo de Uso: Después del baño, seca tu cuerpo, toma una cantidad adecuada en la palma de tu mano y aplícala en tu cuerpo, masajea suavemente hasta su absorción. - Limpiador Facial Iluminador Vitamina C 100g DR RASHEL El lavado facial iluminador con vitamina C es un limpiador avanzado para aclarar la piel y antienvejecimiento. La formulación con bloqueadores de melanina ayuda a aclarar la pigmentación, la rica espuma en crema puede eliminar la suciedad, el aceite y los residuos de maquillaje, destapar las presiones de la piel y dejar la piel completamente limpia. Y la vitamina C, un poderoso antioxidante, ayuda a prevenir el daño de la piel al bloquear los radicales libres. Modo de uso: Úselo dos veces al día, exprima una pequeña cantidad en la mano y trabaje hasta obtener una abundante espuma. Masajear sobre el rostro húmedo, evitar el contacto con los ojos, enjuagar abundantemente con agua. Cremas Hidratantes Cremas Corporales",,false_no_registro_sanitario,,
Inkafarma,Aceite Corporal Vitamina C + Mascarilla Facial Vitamina C.,Aceite Corporal Vitamina C + Mascarilla Facial Vitamina C.,,59.90,PEN,available,https://inkafarma.pe/producto/aceite-corporal-vitamina-c-mascarilla-facial-vitamina-c/1756498681140,1756498681140,WOKALI,algolia_public_search,2026-06-08T01:09:23.254943+00:00,,"Aceite Corporal Vitamina C Dr Rashel 100ml Aceites naturales ricos en antioxidantes, piel hidratada, suave, iluminada. Beneficios: Ayuda a reparar la piel dañada: repleto de ácidos grasos esenciales, vitaminas y antioxidantes, el aceite corporal ayuda a restaurar la piel seca y dañada a su estado saludable. La barrera protectora de humedad de la piel se fortalece para proteger la piel de la contaminación de la ciudad. Ayuda a reducir los signos del envejecimiento prematuro de la piel. Piel suave e hidratada: Se mezclan múltiples aceites naturales de primera calidad en el aceite corporal para hidratar profundamente la piel, eliminar la sequedad y mantener la piel suave e hidratada durante todo el día. Ayuda a iluminar el cutis: Enriquecido con vitamina C, ayuda a minimizar las imperfecciones y proporciona un tono de piel uniforme y radiante. Modo de Uso: Después del baño, seca tu cuerpo, toma una cantidad adecuada en la palma de tu mano y aplícala en tu cuerpo, masajea suavemente hasta su absorción. - Mascara Facial Vitamina C 30ml x10 piezas - WOKALI Una serie de mascarillas de tela a base de super alimentos, diseñadas para mantener la belleza y salud de la piel del rostro. El extracto de Naranja, puede reponer eficazmente la humedad en un corto periodo de tiempo, también es rico en minerales y vitamina E, hidrata mientras reafirma y suaviza la piel. El extracto de quinoa regula el estado sensible y frágil de la piel, cuida y repara la piel sensible. Modo de uso: Después de lavarse la cara, aplique un tónico adecuado para su tipo de piel. Rasgue la bolsa y coloque la máscara suave en su cara. Deje la máscara durante 10 a 20 minutos para permitir suficiente tiempo para que los nutrientes se absorban completamente en la piel. Después de que los nutrientes se hayan absorbido por completo, retira la máscara y de y de palmaditas en la piel suavemente hasta que el exceso de esencia se absorba en la piel. Continúe con su régimen diario de cuidado de la piel usando crema. Cremas Hidratantes Cremas Corporales",,false_no_registro_sanitario,,
Inkafarma,PACK DE 3 JABON BLANQUEADOR CON VITAMINA C 100GR - DR RASHEL,PACK DE 3 JABON BLANQUEADOR CON VITAMINA C 100GR - DR RASHEL,,65.00,PEN,available,https://inkafarma.pe/producto/pack-de-3-jabon-blanqueador-con-vitamina-c-100gr-dr-rashel/1766177589532,1766177589532,GENÉRICO,algolia_public_search,2026-06-08T01:09:23.257449+00:00,,"Jabón Blanqueador con Vitamina C 100g – Dr. Rashel Ideal para: Pieles opacas, con manchas o tono desigual que buscan aclarar, iluminar y limpiar profundamente. Beneficios: - Enriquecido con vitamina C que unifica e ilumina el tono. - Ayuda a reducir manchas oscuras y marcas de acné. - Limpia profundamente sin resecar la piel. - Aporta frescura, suavidad y aspecto radiante. - Ideal para rostro y cuerpo, apto para uso diario. Modo de uso: Aplicar sobre la piel húmeda, masajear suavemente hasta hacer espuma y enjuagar con abundante agua. Usar día y noche. Advertencia: Solo uso externo. Evitar contacto con los ojos. No aplicar sobre piel lesionada. Usar protector solar durante el día para mejores resultados. Mantener en lugar fresco y seco. Jabones Jabón en Barra",,false_no_registro_sanitario,,
Inkafarma,PACK DE 3 JABON BLANQUEADOR CON VITAMINA C 100GR - DR RASHEL,PACK DE 3 JABON BLANQUEADOR CON VITAMINA C 100GR - DR RASHEL,,65.00,PEN,available,https://inkafarma.pe/producto/pack-de-3-jabon-blanqueador-con-vitamina-c-100gr-dr-rashel/1757215613248,1757215613248,GENÉRICO,algolia_public_search,2026-06-08T01:09:23.257785+00:00,,"Jabón Blanqueador con Vitamina C 100g – Dr. Rashel Ideal para: Pieles opacas, con manchas o tono desigual que buscan aclarar, iluminar y limpiar profundamente. Beneficios: - Enriquecido con vitamina C que unifica e ilumina el tono. - Ayuda a reducir manchas oscuras y marcas de acné. - Limpia profundamente sin resecar la piel. - Aporta frescura, suavidad y aspecto radiante. - Ideal para rostro y cuerpo, apto para uso diario. Modo de uso: Aplicar sobre la piel húmeda, masajear suavemente hasta hacer espuma y enjuagar con abundante agua. Usar día y noche. Advertencia: Solo uso externo. Evitar contacto con los ojos. No aplicar sobre piel lesionada. Usar protector solar durante el día para mejores resultados. Mantener en lugar fresco y seco. Jabones Jabón en Barra",,false_no_registro_sanitario,,
Inkafarma,Serúm Vitamina C12 - Anti Manchas 30ML,Serúm Vitamina C12 - Anti Manchas 30ML,,83.00,PEN,available,https://inkafarma.pe/producto/Serúm-Vitamina-C12---Anti-Manchas-30ML/1778016346974,1778016346974,DR DERMALFIX,algolia_public_search,2026-06-08T01:09:23.258633+00:00,,"El S&eacute;rum Vitamina C12 es un tratamiento facial dise&ntilde;ado para aportar luminosidad, mejorar el tono de la piel y ayudar a reducir la apariencia de manchas. Su f&oacute;rmula con vitamina C al 12% act&uacute;a como antioxidante, protegiendo la piel frente a los radicales libres y favoreciendo un rostro m&aacute;s uniforme y radiante. Su textura ligera de r&aacute;pida absorci&oacute;n permite que los activos penetren f&aacute;cilmente sin dejar sensaci&oacute;n grasosa. Con el uso continuo, ayuda a mejorar la apariencia de la piel opaca, suavizar irregularidades y promover un aspecto m&aacute;s fresco y revitalizado. Tipo de producto: S&eacute;rum facial iluminador Uso: T&oacute;pico facial Formato: S&eacute;rum l&iacute;quido Tipo de piel: Todo tipo de piel. Ingredientes principales: Vitamina C 12%, antioxidantes, agentes hidratantes y componentes iluminadores. BENEFICIOS: Aporta luminosidad al rostro Ayuda a unificar el tono de la piel Contribuye a reducir manchas Acci&oacute;n antioxidante Mejora la apariencia de piel opaca Textura ligera de r&aacute;pida absorci&oacute;n MODO DE USO:&nbsp; Aplicar de 2 a 3 gotas sobre el rostro limpio y seco, distribuyendo suavemente hasta su absorci&oacute;n. Usar preferiblemente en la ma&ntilde;ana y complementar con protector solar durante el d&iacute;a. RECOMENDACIONES: Uso externo &uacute;nicamente Evitar el contacto con los ojos Usar protector solar durante el d&iacute;a Conservar en lugar fresco y seco Suspender su uso en caso de irritaci&oacute;n Cuidado Facial Sérum",,false_no_registro_sanitario,,
Inkafarma,Serúm Iluminador Vitamina C12 30ML,Serúm Iluminador Vitamina C12 30ML,,83.00,PEN,available,https://inkafarma.pe/producto/Serúm-Iluminador-Vitamina-C12-30ML/1776715342286,1776715342286,DR DERMALFIX,algolia_public_search,2026-06-08T01:09:23.259410+00:00,,"El Sérum Iluminador Vitamina C12 es un tratamiento facial diseñado para aportar luminosidad, mejorar el tono de la piel y ayudar a reducir la apariencia de manchas. Su fórmula con vitamina C al 12% actúa como antioxidante, protegiendo la piel frente a los radicales libres y favoreciendo un rostro más uniforme y radiante. Su textura ligera de rápida absorción permite que los activos penetren fácilmente sin dejar sensación grasosa. Con el uso continuo, ayuda a mejorar la apariencia de la piel opaca, suavizar irregularidades y promover un aspecto más fresco y revitalizado. Tipo de producto: Sérum facial iluminador Uso: Tópico facial Formato: Sérum líquido Tipo de piel: Todo tipo de piel. Ingredientes principales: Vitamina C 12%, antioxidantes, agentes hidratantes y componentes iluminadores. BENEFICIOS: Aporta luminosidad al rostro Ayuda a unificar el tono de la piel Contribuye a reducir manchas Acción antioxidante Mejora la apariencia de piel opaca Textura ligera de rápida absorción MODO DE USO:&nbsp; Aplicar de 2 a 3 gotas sobre el rostro limpio y seco, distribuyendo suavemente hasta su absorción. Usar preferiblemente en la mañana y complementar con protector solar durante el día. RECOMENDACIONES: Uso externo únicamente Evitar el contacto con los ojos Usar protector solar durante el día Conservar en lugar fresco y seco Suspender su uso en caso de irritación Cuidado Facial Sérum",,false_no_registro_sanitario,,
Inkafarma,PACK LIMPIEZA CORPORAL VITAMINA C CATHY DOLL,PACK LIMPIEZA CORPORAL VITAMINA C CATHY DOLL,,89.90,PEN,available,https://inkafarma.pe/producto/pack-limpieza-corporal-vitamina-c-cathy-doll/1775761038312,1775761038312,CATHY DOLL,algolia_public_search,2026-06-08T01:09:23.259685+00:00,,"PACK LIMPIEZA CORPORAL VITAMINA C CATHY DOLL- JABON CORPORAL 520ML + PEELING CORPORAL 320ML El Cathy Doll Whitamin C Brightening Body Cleanser es un gel de ducha diseñado para limpiar profundamente la piel mientras la ilumina y protege. Su fórmula combina ingredientes naturales que ofrecen múltiples beneficios para el cuidado diario del cuerpo. El Cathy Doll Whitamin C Peeling Gel es un gel exfoliante de 320 gramos diseñado para revitalizar la piel, eliminando células muertas y promoviendo una apariencia más luminosa y juvenil. Su fórmula combina ingredientes naturales que aportan múltiples beneficios para el cuidado de la piel. Cremas Hidratantes Cremas Corporales",,false_no_registro_sanitario,,
Inkafarma,Suero Facial DR RASHEL Vitamina C 50 ML,Suero Facial DR RASHEL Vitamina C 50 ML,,54.00,PEN,available,https://inkafarma.pe/producto/suero-facial-dr-rashel-vitamina-c-50-ml/1744213374022,1744213374022,DR RASHEL,algolia_public_search,2026-06-08T01:09:23.260885+00:00,,"El Suero Facial DR Rashel Vitamina C es un potente antioxidante que contribuye a iluminar la piel, atenuar manchas y mejorar la producción de colágeno. Su fórmula con vitamina C ofrece hidratación profunda y combate los signos del envejecimiento, dejando la piel con un aspecto radiante y saludable. Se presenta en un frasco de 50 ml con dosificador tipo gotero, contiene antioxidantes, tiene una textura ligera y de rápida absorción, ayuda a unificar el tono de la piel y aporta firmeza y luminosidad. Aclara el tono, combate signos de envejecimiento prematuro, hidrata, revitaliza y estimula la producción de colágeno, protegiendo además contra daños ambientales y radicales libres. Su contenido es de 50 ml, es apto para todo tipo de piel, se recomienda su uso diario en la mañana y noche, y su textura es ligera y refrescante. Para aplicarlo, se debe lavar y secar el rostro, aplicar unas gotas sobre la piel limpia, masajear suavemente hasta su completa absorción, usarlo mañana y noche para mejores resultados, y aplicar protector solar durante el día. Incluye 1 frasco de suero facial DR Rashel Vitamina C de 50 ml. Este producto cuenta con 1 mes de garantía contra defectos de fabricación, no válida si ha sido manipulado o reparado por personal no autorizado por ZR MEDIC, por uso inadecuado o desgaste natural. Para servicio al cliente o asistencia técnica, puedes contactarnos a través del número o correo electrónico proporcionado al momento de la compra, el equipo de atención al cliente de ZR MEDIC está disponible para ayudarte. Cuidado Facial Sérum",,false_no_registro_sanitario,,
Inkafarma,Gomitas Masticables Sabor Naranja con Vitamina C 60 gomitas,Gomitas Masticables Sabor Naranja con Vitamina C 60 gomitas,,49.50,PEN,available,https://inkafarma.pe/producto/gomitas-masticables-sabor-naranja-con-vitamina-c-60-gomitas/1764685153582,1764685153582,GENÉRICO,algolia_public_search,2026-06-08T01:09:23.266478+00:00,,"Gomitas Masticables Sabor Naranja con Vitamina C 60 gomitas Este suplemento en forma de caramelo blando ofrece la dosis diaria de Vitamina C, esencial para reforzar el sistema inmunológico , proteger las células del estrés oxidativo y contribuir a la formación de colágeno. Con un delicioso sabor a naranja, son la manera perfecta y refrescante de apoyar la salud de toda la familia. Potencia tu Inmunidad: Fuente de Vitamina C (ácido ascórbico), que fortalece las defensas naturales del cuerpo. Sabor Cítrico: Caramelo blando con un refrescante y popular sabor a naranja. Para la Piel y Energía: Contribuye a la formación normal de colágeno y ayuda a reducir el cansancio. Suplementos Nutricionales Adultos",,false_no_registro_sanitario,,
Inkafarma,Jabón Iluminador y Aclarador Vitamina C + Crema Blanqueadora Corporal y Partes Privadas,Jabón Iluminador y Aclarador Vitamina C + Crema Blanqueadora Corporal y Partes Privadas,,49.90,PEN,available,https://inkafarma.pe/producto/jabon-iluminador-y-aclarador-vitamina-c-crema-blanqueadora-corporal-y-partes-privadas/1757213282885,1757213282885,GENÉRICO,algolia_public_search,2026-06-08T01:09:23.267431+00:00,,"Dr. Rashel - Jabón blanqueador iluminador y antienvejecimiento con vitamina C Jabón de vitamina C que contiene ingredientes nutritivos y vitamina C, para iluminar la piel y reducir las arrugas. Este jabón especialmente suave puede limpiar la piel profundamente hasta los poros, nutrir la piel para que esté radiante y suave, reducir los melasmas, las pecas y las manchas oscuras, reducir la grasa en la cara, mantener la humedad de la piel, eliminar las manchas que obstruyen la cara y reducir y prevenir formación de acné. Modo de uso:Humedezca la piel del rostro con agua tibia, use una red espumosa para batir el jabón en una espuma delicada y rica. Aplicar la espuma sobre el rostro, masajear suavemente la piel limpia con movimientos circulares. Enjuague con agua fría y seque. También se puede usar como limpiador de manos y jabón de baño para limpiar la piel. - Crema Blanqueadora Corporal y Partes Privadas Dr Rashel 100g Esta crema blanqueadora se puede aplicar en la axila, las áreas privadas, los codos, las rodillas, la parte interna del muslo o donde sienta que lo necesita. Contiene nianimicida y ácido hialurónico enriquecido, textura fina, se adaptan a la piel, frotando suavemente con un paño y se distribuyen uniformemente, cubren una variedad de imperfecciones de tamaño, ocultan los poros pequeños. Modo de uso: Aplicar correctamente en el cuerpo (donde deseas blanquear el área) permanecer de 10 a 15 minutos, después de la ducha masajear durante 30 segundos doble efecto, superficie de piel de tono de blanqueamiento instantáneo. La piel suave y blanqueadora se mantiene todo el día. Cuidado Facial Limpieza Facial",,false_no_registro_sanitario,,
Inkafarma,Crema Limpiadora Vitamina C + Jabon Iluminador Vitamina C,Crema Limpiadora Vitamina C + Jabon Iluminador Vitamina C,,49.90,PEN,available,https://inkafarma.pe/producto/crema-limpiadora-vitamina-c-jabon-iluminador-vitamina-c/1756498796298,1756498796298,GENÉRICO,algolia_public_search,2026-06-08T01:09:23.440217+00:00,,"Limpiador Facial Iluminador Vitamina C 100g DR RASHEL El lavado facial iluminador con vitamina C es un limpiador avanzado para aclarar la piel y antienvejecimiento. La formulación con bloqueadores de melanina ayuda a aclarar la pigmentación, la rica espuma en crema puede eliminar la suciedad, el aceite y los residuos de maquillaje, destapar las presiones de la piel y dejar la piel completamente limpia. Y la vitamina C, un poderoso antioxidante, ayuda a prevenir el daño de la piel al bloquear los radicales libres. Modo de uso: Úselo dos veces al día, exprima una pequeña cantidad en la mano y trabaje hasta obtener una abundante espuma. Masajear sobre el rostro húmedo, evitar el contacto con los ojos, enjuagar abundantemente con agua. - Dr. Rashel - Jabón blanqueador iluminador y antienvejecimiento con vitamina C Jabón de vitamina C que contiene ingredientes nutritivos y vitamina C, para iluminar la piel y reducir las arrugas. Este jabón especialmente suave puede limpiar la piel profundamente hasta los poros, nutrir la piel para que esté radiante y suave, reducir los melasmas, las pecas y las manchas oscuras, reducir la grasa en la cara, mantener la humedad de la piel, eliminar las manchas que obstruyen la cara y reducir y prevenir formación de acné. Modo de uso: Humedezca la piel del rostro con agua tibia, use una red espumosa para batir el jabón en una espuma delicada y rica. Aplicar la espuma sobre el rostro, masajear suavemente la piel limpia con movimientos circulares. Enjuague con agua fría y seque. También se puede usar como limpiador de manos y jabón de baño para limpiar la piel. Cuidado Facial Crema facial",,false_no_registro_sanitario,,
Inkafarma,Crema Corporal Colágeno + Parches de ojos Vitamina C.,Crema Corporal Colágeno + Parches de ojos Vitamina C.,,49.90,PEN,available,https://inkafarma.pe/producto/crema-corporal-colageno-parches-de-ojos-vitamina-c/1756498678869,1756498678869,WOKALI,algolia_public_search,2026-06-08T01:09:23.440575+00:00,,"Gel Exfoliante de Colágeno con Ácido Hialuronico JAMPAQ Diseñado para suavemente eliminar células muertas e impurezas, mientras estimula la circulación sanguínea. Enriquecido con Ácido Hialuronico, este producto ofrece un rejuvenecimiento cutáneo al mismo tiempo que protege la elastina y el colágeno esenciales para una piel saludable. Modo de uso: La crema debe aplicarse en forma abundante 1 ó 2 veces por día sobre la piel del cuerpo, realizando un suave masaje de movimientos circulares ascendentes para estimular el sistema circulatorio. - Parches de Ojos de Vitamina C Fruit of The Wokali Hidrata suavemente la piel la piel de los ojos y al mismo tiempo disminuye la ojera y bolsas que se forman debajo de los ojos dando un aspecto hidratante. Modo de uso: Después de limpiar y tonificar, aplique el parche en el área debajo de los ojos con la espátula proporcionada y retire después de 15-20 minutos. Cremas Hidratantes Cremas Corporales",,false_no_registro_sanitario,,
Inkafarma,Serum California + Mascarilla con Vitamina C,Serum California + Mascarilla con Vitamina C,,49.90,PEN,available,https://inkafarma.pe/producto/serum-california-mascarilla-con-vitamina-c/1756498433314,1756498433314,GENÉRICO,algolia_public_search,2026-06-08T01:09:23.441386+00:00,,"Serum California Vitamina C Laikou 100ml.: Serum facial que contiene vitamina C en dos formas, fosfato de ascórbico de sodio y ácido ascórbico, que aportan beneficios antioxidantes, antiacné y aclarante a tu piel. La vitamina C es un nutriente esencial que tiene propiedades antioxidantes, que ayudan a proteger la piel de los daños causados por los radicales libres y a prevenir el envejecimiento prematuro. También tiene propiedades antiinflamatorias, que calman y suavizan la piel, reduciendo las irritaciones y las rojeces. Además, tiene propiedades aclarantes, que inhiben la producción de melanina, el pigmento que causa las manchas y el oscurecimiento de la piel. Dr. Rashel Mascarilla Vitamina C Mascarilla facial de arcilla de cúrcuma con vitamina C natural con propiedades antioxidantes para ayudar a prevenir y rehidratar la piel seca/apagada. Puede mejorar las líneas finas y las arrugas, la apariencia de enrojecimiento, opacidad y textura irregular. Antioxidante tiene una fuerte capacidad antioxidante que restaura el aspecto de luminosidad de la piel opaca y funciona bien para tratar el tono desigual de la piel. Dejando la piel con una sensación suave, flexible y brillante. Esta mascarilla facial de arcilla desintoxicante tiene la ventaja de exfoliar, elimina la opacidad, la sequedad, exfolia las células muertas de la piel, extrae toxinas y aceites e ilumina la piel. Cuidado Facial Sérum",,false_no_registro_sanitario,,
Inkafarma,Serum California + Parches Para Contorno De Ojos De Vitamina C,Serum California + Parches Para Contorno De Ojos De Vitamina C,,49.90,PEN,available,https://inkafarma.pe/producto/serum-california-parches-para-contorno-de-ojos-de-vitamina-c/1756498431943,1756498431943,GENÉRICO,algolia_public_search,2026-06-08T01:09:23.442188+00:00,,"Serum California Vitamina CLaikou 100ml.: Serumfacial que contiene vitamina C en dos formas, fosfato de ascórbico de sodio yácido ascórbico, que aportan beneficios antioxidantes, antiacné y aclarante atu piel. La vitamina C es un nutriente esencial que tiene propiedadesantioxidantes, que ayudan a proteger la piel de los daños causados por losradicales libres y a prevenir el envejecimiento prematuro. También tienepropiedades antiinflamatorias, que calman y suavizan la piel, reduciendo lasirritaciones y las rojeces. Además, tiene propiedades aclarantes, que inhibenla producción de melanina, el pigmento que causa las manchas y eloscurecimiento de la piel. Parches de Ojos de VitaminaC Fruit of The Wokali : Hidrata suavemente la piel la piel de los ojos yal mismo tiempo disminuye la ojeras y bolsas que se forman debajo de los ojosdando un aspecto hidratante. Modo de uso: Después de limpiar y tonificar, aplique el parche enel área debajo de los ojos con la espátula proporcionada y retire después de15-20 minutos. Cuidado Facial Sérum",,false_no_registro_sanitario,,
Inkafarma,Serum California + Crema Facial Hidratante con Vitamina C,Serum California + Crema Facial Hidratante con Vitamina C,,49.90,PEN,available,https://inkafarma.pe/producto/serum-california-crema-facial-hidratante-con-vitamina-c/1756498430816,1756498430816,GENÉRICO,algolia_public_search,2026-06-08T01:09:23.442558+00:00,,"Serum California Vitamina CLaikou 100ml.: Serumfacial que contiene vitamina C en dos formas, fosfato de ascórbico de sodio yácido ascórbico, que aportan beneficios antioxidantes, antiacné y aclarante atu piel. La vitamina C es un nutriente esencial que tiene propiedadesantioxidantes, que ayudan a proteger la piel de los daños causados por losradicales libres y a prevenir el envejecimiento prematuro. También tienepropiedades antiinflamatorias, que calman y suavizan la piel, reduciendo lasirritaciones y las rojeces. Además, tiene propiedades aclarantes, que inhibenla producción de melanina, el pigmento que causa las manchas y eloscurecimiento de la piel. Crema Facial Hidratante -Cahnsai Vitamina C: Desacelerala oxidación de las células de la piel, evitando así el envejecimientoprematuro de las mismas. Reduce las líneas de expresión. Activa la síntesis decolágeno. Ayuda a reparar los daños en la piel. Minimiza la irritación y hacemás efectiva la absorción de las cremas. Deja la piel lisa, limpia yreluciente. Mejora la textura y la calidad de tu piel Reduce las manchas. Cuidado Facial Sérum",,false_no_registro_sanitario,,
Inkafarma,Serum California + Jabón Blanqueador e Iluminador con Vitamina C,Serum California + Jabón Blanqueador e Iluminador con Vitamina C,,49.90,PEN,available,https://inkafarma.pe/producto/serum-california-jabon-blanqueador-e-iluminador-con-vitamina-c/1756498428451,1756498428451,GENÉRICO,algolia_public_search,2026-06-08T01:09:23.443038+00:00,,"Serum California Vitamina CLaikou 100ml.: Serumfacial que contiene vitamina C en dos formas, fosfato de ascórbico de sodio yácido ascórbico, que aportan beneficios antioxidantes, antiacné y aclarante atu piel. La vitamina C es un nutriente esencial que tiene propiedadesantioxidantes, que ayudan a proteger la piel de los daños causados por losradicales libres y a prevenir el envejecimiento prematuro. También tienepropiedades antiinflamatorias, que calman y suavizan la piel, reduciendo lasirritaciones y las rojeces. Además, tiene propiedades aclarantes, que inhibenla producción de melanina, el pigmento que causa las manchas y eloscurecimiento de la piel. Jabón blanqueador iluminador yantienvejecimiento con vitamina C - Dr. Rashel Jabón de vitamina C quecontiene ingredientes nutritivos y vitamina C, para iluminar la piel y reducirlas arrugas. Este jabón especialmente suave puede limpiar la piel profundamentehasta los poros, nutrir la piel para que esté radiante y suave, reducir losmelasmas, las pecas y las manchas oscuras, reducir la grasa en la cara,mantener la humedad de la piel, eliminar las manchas que obstruyen la cara y reduciry prevenir formación de acné. Modo de uso: humedezca la piel del rostro con agua tibia, useuna red espumosa para batir el jabón en una espuma delicada yrica. Aplicar la espuma sobre el rostro, masajear suavemente la piellimpia con movimientos circulares. Enjuague con agua fría yseque. También se puede usar como limpiador de manos y jabón de baño paralimpiar la piel. Cuidado Facial Sérum",,false_no_registro_sanitario,,
Inkafarma,Pack x3 Desmaquillante Vitamin C 150 ml - Bioaqua,Pack x3 Desmaquillante Vitamin C 150 ml - Bioaqua,,52.00,PEN,available,https://inkafarma.pe/producto/pack-x3-desmaquillante-vitamin-c-150-ml-bioaqua/1766179830872,1766179830872,GENÉRICO,algolia_public_search,2026-06-08T01:09:23.444674+00:00,,"Pack x3 Desmaquillante Vitamin C 150 ml - Bioaqua Desmaquillante con vitamina C que combina limpieza y luminosidad para un rostro más fresco y radiante. Beneficios: Retira maquillaje e impurezas. Ayuda a unificar el tono de la piel. Aporta luminosidad natural. Refresca y revitaliza. Modo de uso: Usar sobre la piel seca o húmeda, aplicar con un algodón o con las manos y enjuagar con abundante agua. Advertencia: Uso externo. Evitar exposición directa al sol después de su aplicación sin enjuague. Cuidado Facial Crema facial",,false_no_registro_sanitario,,
Inkafarma,Jabón Iluminador y Aclarador Vitamina C + Exfoliante Facial de Bayas Silvestres,Jabón Iluminador y Aclarador Vitamina C + Exfoliante Facial de Bayas Silvestres,,59.90,PEN,available,https://inkafarma.pe/producto/jabon-iluminador-y-aclarador-vitamina-c-exfoliante-facial-de-bayas-silvestres/1757213282909,1757213282909,GENÉRICO,algolia_public_search,2026-06-08T01:09:23.451004+00:00,,"Dr. Rashel - Jabón blanqueador iluminador y antienvejecimiento con vitamina C Jabón de vitamina C que contiene ingredientes nutritivos y vitamina C, para iluminar la piel y reducir las arrugas. Este jabón especialmente suave puede limpiar la piel profundamente hasta los poros, nutrir la piel para que esté radiante y suave, reducir los melasmas, las pecas y las manchas oscuras, reducir la grasa en la cara, mantener la humedad de la piel, eliminar las manchas que obstruyen la cara y reducir y prevenir formación de acné. Modo de uso:Humedezca la piel del rostro con agua tibia, use una red espumosa para batir el jabón en una espuma delicada y rica. Aplicar la espuma sobre el rostro, masajear suavemente la piel limpia con movimientos circulares. Enjuague con agua fría y seque. También se puede usar como limpiador de manos y jabón de baño para limpiar la piel. - Exfoliante Facial de Bayas Silvestres 200ml Renueva los tejidos del rostro, contiene antioxidantes que protegen la piel. Retira las células muertas, impurezas y estimula la circulación sanguínea. El extracto de frutos del bosque ayuda a prevenir los signos del envejecimiento, como manchas, arrugas y flacidez, brindándole un efecto luminoso y renovado a la piel. Modo de uso: Humedezca el rostro con agua, Frote la frente, mejillas y cuello con el exfoliante de manera circular sin hacer presión, enjuague con agua al clima o fría. Aplíquense de 1 a 2 veces por semana para mejores resultados. Cuidado Facial Exfoliante",,false_no_registro_sanitario,,
Inkafarma,Jabón Aclarador con Vitamina C + Exfoliante corporal Coco con sal,Jabón Aclarador con Vitamina C + Exfoliante corporal Coco con sal,,59.90,PEN,available,https://inkafarma.pe/producto/jabon-aclarador-con-vitamina-c-exfoliante-corporal-coco-con-sal/1756498789550,1756498789550,GENÉRICO,algolia_public_search,2026-06-08T01:09:23.452501+00:00,,"Dr. Rashel - Jabón blanqueador iluminador y antienvejecimiento con vitamina C Jabón de vitamina C que contiene ingredientes nutritivos y vitamina C, para iluminar la piel y reducir las arrugas. Este jabón especialmente suave puede limpiar la piel profundamente hasta los poros, nutrir la piel para que esté radiante y suave, reducir los melasmas, las pecas y las manchas oscuras, reducir la grasa en la cara, mantener la humedad de la piel, eliminar las manchas que obstruyen la cara y reducir y prevenir formación de acné. Modo de uso:Humedezca la piel del rostro con agua tibia, use una red espumosa para batir el jabón en una espuma delicada y rica. Aplicar la espuma sobre el rostro, masajear suavemente la piel limpia con movimientos circulares. Enjuague con agua fría y seque. También se puede usar como limpiador de manos y jabón de baño para limpiar la piel. - Exfoliante corporal Coco con sal 500ml - Fruit of the Wokali Exfoliante corporal hecho con ingredientes naturales y orgánicos. Elimina las células muertas e impurezas dejando la piel limpia y suave. Con sal marina exfolia suavemente y promueve una apariencia más suave. Calma la piel y combate los signos del envejecimiento. Hidrata la piel seca. Mejora la oxigenación. Suaviza y reafirma la piel. Nutre intensamente. Hidrata e hidrata la piel. Hace suave y sedoso. Elimina células muertas de la piel. Limpia y ayuda a eliminar toxinas acumuladas. Modo de uso: Aplicar una cantidad generosa sobre la piel húmeda. Masajear suavemente con movimientos circulares. Relájate durante 5 minutos. Enjuague bien con agua tibia. Cuidado Facial Exfoliante",,false_no_registro_sanitario,,
Inkafarma,Aceite Corporal Vitamina C + Parches para ojos Vitamina C,Aceite Corporal Vitamina C + Parches para ojos Vitamina C,,59.90,PEN,available,https://inkafarma.pe/producto/aceite-corporal-vitamina-c-parches-para-ojos-vitamina-c/1756498691762,1756498691762,GENÉRICO,algolia_public_search,2026-06-08T01:09:23.452961+00:00,,"Aceite Corporal Vitamina C Dr Rashel 100ml Aceites naturales ricos en antioxidantes, piel hidratada, suave, iluminada. Beneficios: Ayuda a reparar la piel dañada: repleto de ácidos grasos esenciales, vitaminas y antioxidantes, el aceite corporal ayuda a restaurar la piel seca y dañada a su estado saludable. La barrera protectora de humedad de la piel se fortalece para proteger la piel de la contaminación de la ciudad. Ayuda a reducir los signos del envejecimiento prematuro de la piel. Piel suave e hidratada: Se mezclan múltiples aceites naturales de primera calidad en el aceite corporal para hidratar profundamente la piel, eliminar la sequedad y mantener la piel suave e hidratada durante todo el día. Ayuda a iluminar el cutis: Enriquecido con vitamina C, ayuda a minimizar las imperfecciones y proporciona un tono de piel uniforme y radiante. Modo de Uso: Después del baño, seca tu cuerpo, toma una cantidad adecuada en la palma de tu mano y aplícala en tu cuerpo, masajea suavemente hasta su absorción. - Parches de Ojos de Vitamina C Fruit of The Wokali Hidrata suavemente la piel la piel de los ojos y al mismo tiempo disminuye la ojeras y bolsas que se forman debajo de los ojos dando un aspecto hidratante. Modo de uso: Después de limpiar y tonificar, aplique el parche en el área debajo de los ojos con la espátula proporcionada y retire después de 15-20 minutos. Cremas Hidratantes Cremas Corporales",,false_no_registro_sanitario,,
Inkafarma,Simply Delicate Jabón Líquido Íntimo Fresh Con Vitamina E,Simply Delicate Jabón Líquido Íntimo Fresh Con Vitamina E,,22.90,PEN,available,https://inkafarma.pe/producto/simply-delicate-jabon-liquido-intimo-fresh-con-vitamina-e/1759418561343,1759418561343,AVON,algolia_public_search,2026-06-08T01:09:23.454845+00:00,,"Creada por mujeres, para mujeres, Avon reunió a un equipo de mujeres científicas para cuidar la piel del área íntima femenina. El gel de higiene íntima Simply Delicate está hecho especialmente para cuidar tu zona íntima y ayuda a evitar irritación, mal olor e incomodidad. Pruébalo y cuida tu intimidad. • Perfecto para actividades físicas • Con ácido láctico • Con pH balanceado • Ginecológicamente probado. Notificación Sanitaria Obligatoria: NSOC36970-10CO MODO DE USO: para lavar tu zona íntima debes aplicar una pequeña cantidad de Simply Delicate en la palma de tu mano y lavar delicadamente el área externa vaginal, enjuagar bien y secar como de costumbre. Lo puedes usar en tu baño diario Jabones",,false_no_registro_sanitario,,
Inkafarma,Serum Facial Concentre Vitamina C + Exfoliante Baya Silvestres,Serum Facial Concentre Vitamina C + Exfoliante Baya Silvestres,,69.90,PEN,available,https://inkafarma.pe/producto/serum-facial-concentre-vitamina-c-exfoliante-baya-silvestres/1757214519588,1757214519588,GENÉRICO,algolia_public_search,2026-06-08T01:09:23.462968+00:00,,"Serum Facial Concentre Vitamina C 10% Rejuvenece plus La Cooper 30gr Atenúa manchas en la piel. Disminuye apariencia de ojeras y bolsas en el contorno de los ojos del rostro. Unifica en tono de la piel. Con extractos naturales de Centella Asiática, Realiz y Árnica. Modo de uso: Después de limpiar y humedecer su piel, aplicar de 2 a 3 gotas en el rostro o en las yemas de los dedos mediante un masaje suave y luego dar palmaditas y alisar. Dejar secar, puede usarse directamente solo o aplicarse antes de la crema de uso diario o protector solar. - Exfoliante Facial de Bayas Silvestres 200ml Renueva los tejidos del rostro, contiene antioxidantes que protegen la piel. Retira las células muertas, impurezas y estimula la circulación sanguínea. El extracto de frutos del bosque ayuda a prevenir los signos del envejecimiento, como manchas, arrugas y flacidez, brindándole un efecto luminoso y renovado a la piel. Uso: Humedezca el rostro con agua, Frote la frente, mejillas y cuello con el exfoliante de manera circular sin hacer presión, enjuague con agua al clima o fría. Aplíquense de 1 a 2 veces por semana para mejores resultados. Cuidado Facial Exfoliante",,false_no_registro_sanitario,,
Inkafarma,Serum Facial Concentre Vitamina C + Exfoliante de Albaricoque,Serum Facial Concentre Vitamina C + Exfoliante de Albaricoque,,69.90,PEN,available,https://inkafarma.pe/producto/serum-facial-concentre-vitamina-c-exfoliante-de-albaricoque/1756500297919,1756500297919,GENÉRICO,algolia_public_search,2026-06-08T01:09:23.463343+00:00,,"Serum Facial Concentre Vitamina C 10% Rejuvenece plus La Cooper 30gr Atenúa manchas en la piel. Disminuye apariencia de ojeras y bolsas en el contorno de los ojos del rostro. Unifica en tono de la piel. Con extractos naturales de Centella Asiática, Realiz y Árnica. Modo de uso: Después de limpiar y humedecer su piel, aplicar de 2 a 3 gotas en el rostro o en las yemas de los dedos mediante un masaje suave y luego dar palmaditas y alisar. Dejar secar, puede usarse directamente solo o aplicarse antes de la crema de uso diario o protector solar. - Exfoliante Facial de Albaricoque 200ml Retira las células muertas, impurezas y estimula la circulación sanguínea. Incorpora el extracto de albaricoque que realiza un exfoliante químico, consiguiendo un rejuvenecimiento de la piel y una protección de la elastina y el colágeno. Uso: Humedezca el rostro con agua, Frote la frente, mejillas y cuello con el exfoliante de manera circular sin hacer presión, enjuague con agua al clima o fría. Aplíquense de 1 a 2 veces por semana para mejores resultados. Cuidado Facial Sérum",,false_no_registro_sanitario,,
Inkafarma,Aceite Corporal Vitamina C + Crema Correctora de Manchas Oscuras.,Aceite Corporal Vitamina C + Crema Correctora de Manchas Oscuras.,,69.90,PEN,available,https://inkafarma.pe/producto/aceite-corporal-vitamina-c-crema-correctora-de-manchas-oscuras/1756498643496,1756498643496,GENÉRICO,algolia_public_search,2026-06-08T01:09:23.465326+00:00,,"Aceite Corporal Vitamina C Dr Rashel 100ml Aceites naturales ricos en antioxidantes, piel hidratada, suave, iluminada. Beneficios: Ayuda a reparar la piel dañada: repleto de ácidos grasos esenciales, vitaminas y antioxidantes, el aceite corporal ayuda a restaurar la piel seca y dañada a su estado saludable. La barrera protectora de humedad de la piel se fortalece para proteger la piel de la contaminación de la ciudad. Ayuda a reducir los signos del envejecimiento prematuro de la piel. Piel suave e hidratada: Se mezclan múltiples aceites naturales de primera calidad en el aceite corporal para hidratar profundamente la piel, eliminar la sequedad y mantener la piel suave e hidratada durante todo el día. Ayuda a iluminar el cutis: Enriquecido con vitamina C, ayuda a minimizar las imperfecciones y proporciona un tono de piel uniforme y radiante. Modo de Uso: Después del baño, seca tu cuerpo, toma una cantidad adecuada en la palma de tu mano y aplícala en tu cuerpo, masajea suavemente hasta su absorción. - Crema Correctora De Manchas Oscuras de Vitamina E DR RASHEL Crema correctora de manchas oscuras con vitamina E que ayuda a hidratar y proteger la piel mientras combate el daño de los radicales libres. La vitamina E es una vitamina natural hidratante, antioxidante y curativa que protege los ácidos grasos de la piel y combate los radicales libres. Esta fórmula se absorbe rápidamente para proteger la piel, reponer la humedad perdida, suavizar y calmar. Modo de uso: Aplicar sobre el rostro y el cuello hasta que se absorba por completo. Aplicar después del suero facial y la crema para los ojos para obtener mejores resultados. Evitar contacto visual. Los resultados mejorarán con el uso diario. Adecuado para la zona del cuello. Cremas Hidratantes Cremas Corporales",,false_no_registro_sanitario,,
Inkafarma,Gomitas para Niños Vitaminas 150 Sottcor 2 Unidades,Gomitas para Niños Vitaminas 150 Sottcor 2 Unidades,,110.00,PEN,available,https://inkafarma.pe/producto/Gomitas-para-Niños-Vitaminas-150-Sottcor-2-Unidades/1778074651753,1778074651753,SOTTCOR,algolia_public_search,2026-06-08T01:09:23.465797+00:00,,"Suplemento en gomitas con un complejo de vitaminas esenciales para el crecimiento y desarrollo infantil. Su fórmula aporta vitaminas A, C, D, E y del grupo B, fortaleciendo el sistema inmunológico, manteniendo huesos y dientes saludables, mejorando la energía y previniendo la anemia. Vitaminas y Suplementos Multivitamínico para Bebés",,false_no_registro_sanitario,,
Inkafarma,Parches De Ojos Con Vitamina C - Fruit of The Wokali,Parches De Ojos Con Vitamina C - Fruit of The Wokali,,39.50,PEN,available,https://inkafarma.pe/producto/Parches-De-Ojos-Con-Vitamina-C----Fruit-of-The-Wokali/1777909442150,1777909442150,WOKALI,algolia_public_search,2026-06-08T01:09:23.466045+00:00,,"Descripción: Hidrata suavemente la piel la piel de los ojos y al mismo tiempo disminuye la ojeras y bolsas que se forman debajo de los ojos dando un aspecto hidratante. Características: Hidratación Profundas Ojeras claras Reducir las líneas finas Beneficios: Mejora la bolsa de ojos con borde negro en los ojos. Reduce el edema ocular y ayuda a eliminar las ojeras. Ayuda a aliviar las líneas finas y las patas de gallo. Modo de uso: Después de limpiar y tonificar, aplique el parche en el área debajo de los ojos con la espátula proporcionada y retire después de 15-20 minutos. Cuidado Facial Mascarillas",,false_no_registro_sanitario,,
Inkafarma,Prebase de Vitamina C Iluminador de 100ml DR-Rashel,Prebase de Vitamina C Iluminador de 100ml DR-Rashel,,47.90,PEN,available,https://inkafarma.pe/producto/prebase-de-vitamina-c-iluminador-de-100ml-dr-rashel/1764685044909,1764685044909,GENÉRICO,algolia_public_search,2026-06-08T01:09:23.466707+00:00,,"Prebase de Vitamina C Iluminador de 100ml DR-Rashel - El suero de imprimación VC está lleno de antioxidantes que mantienen la piel joven y suave para iluminar e incluso el tono de la piel, y reducir visiblemente la apariencia de manchas oscuras, mientras que el ácido hialurónico nutre la piel, abordando la deshidratación, las líneas y las arrugas. - Úselo como imprimación hidra-blurring antes del maquillaje. CARACTERISTICAS - Hidrata la piel - Alisa la piel - Activa las células epidérmicas - Restaura la piel joven - Blanqueador - Anti-Arrugas - Hidratante - Minimiza los poros - Al aplicar la vitamina C en tu rostro se logra tener una piel lisa,limpia y reluciente Mejora la calidad de tu piel MODO DE USO - Aplique unas gotas en el centro de su cara y masajee hacia afuera, como el último paso de su cuidado de la piel antes de aplicar su maquillaje/fundación. - Se puede usar como una imprimación efectiva, también se puede colocar en capas como un tratamiento de manchas para áreas muy texturizadas en la piel. Esto dejará su piel con un brillo, borroso y suave. Cuidado Facial Crema facial",,false_no_registro_sanitario,,
Inkafarma,The Ordinary - Vitamina C Suspensión 23 + HA Spheres 2,The Ordinary - Vitamina C Suspensión 23 + HA Spheres 2,,119.00,PEN,available,https://inkafarma.pe/producto/the-ordinary-vitamina-c-suspension-23-ha-spheres-2/1701581527953,1701581527953,THE ORDINARY,algolia_public_search,2026-06-08T01:09:23.467362+00:00,,"Vitamin C Suspension 23% HA Spheres 2% es una potente suspensión estable sin agua ysin silicona que ayuda a eliminar los signos del envejecimiento, a aumentar la luminosidad, hidratar a tu piel y suavizar su textura. En pieles sensibles puede causar irritación. Vitaminas y Complementos Vitamina C",,false_no_registro_sanitario,,
Inkafarma,Crema Facial Hidratante Vitamina C + Jabón Rosa Antiacné,Crema Facial Hidratante Vitamina C + Jabón Rosa Antiacné,,39.90,PEN,available,https://inkafarma.pe/producto/crema-facial-hidratante-vitamina-c-jabon-rosa-antiacne/1756499271161,1756499271161,BIOAQUA,algolia_public_search,2026-06-08T01:09:23.467752+00:00,,"Crema Hidratante con Vitamina C Bioaqua Desacelera la oxidación de las células de la piel, evitando así el envejecimiento prematuro de las mismas. Reduce las líneas de expresión. Activa la síntesis de colágeno. Ayuda a reparar los daños en la piel. Minimiza la irritación y hace más efectiva la absorción de las cremas. Deja la piel lisa, limpia y reluciente. Mejora la textura y la calidad de tu piel. Modo de uso: Aplicar una cantidad adecuada sobre el rostro y el cuello y luego masajear suavemente para una mejor absorción. - Jabón Natural Flores de Rosas Bioaqua 100g Antiacné Es un Jabón de Aceite Natural de Rosa, que limpia y suaviza la piel. Está hecho de aceites vegetales y extractos de plantas, que proporcionan nutrientes y humedad a la piel. Tiene un aroma delicado y relajante de rosas, que calma los sentidos. Modo de uso: Humedece tu piel con agua tibia y frota el jabón entre tus manos hasta formar una espuma. Aplica la espuma sobre tu piel y masajea suavemente con movimientos circulares, evitando el contacto con los ojos. Enjuaga tu piel con abundante agua fría y sécala con una toalla suave. Usa el jabón una o dos veces al día, según el estado de tu piel. Cuidado Facial Crema facial",,false_no_registro_sanitario,,
Inkafarma,Crema Facial Hidratante Vitamina C + Jabón Natural con Lavanda,Crema Facial Hidratante Vitamina C + Jabón Natural con Lavanda,,39.90,PEN,available,https://inkafarma.pe/producto/crema-facial-hidratante-vitamina-c-jabon-natural-con-lavanda/1756499267975,1756499267975,BIOAQUA,algolia_public_search,2026-06-08T01:09:23.468151+00:00,,"Crema Hidratante con Vitamina C Bioaqua Desacelera la oxidación de las células de la piel, evitando así el envejecimiento prematuro de las mismas. Reduce las líneas de expresión. Activa la síntesis de colágeno. Ayuda a reparar los daños en la piel. Minimiza la irritación y hace más efectiva la absorción de las cremas. Deja la piel lisa, limpia y reluciente. Mejora la textura y la calidad de tu piel. Modo de uso: Aplicar una cantidad adecuada sobre el rostro y el cuello y luego masajear suavemente para una mejor absorción. - Jabón Extracto de Lavanda Bioaqua 100g Su aceite esencial es muy valorado para el tratamiento y curación de quemaduras en la piel. Entre sus propiedades destaca su gran poder cicatrizante, antiinflamatorio y antibacteriano. Previene el acné. Especial para pieles secas. Rejuvenece y controla la producción de grasa. Gracias a las propiedades relajantes de la lavanda este jabón. Modo de uso: Humedece tu piel con agua tibia y frota el jabón entre tus manos hasta formar una espuma. Aplica la espuma sobre tu piel y masajea suavemente con movimientos circulares, evitando el contacto con los ojos. Enjuaga tu piel con abundante agua fría y sécala con una toalla suave. Usa el jabón una o dos veces al día, según el estado de tu piel. Cuidado Facial Crema facial",,false_no_registro_sanitario,,
Inkafarma,Crema Facial Hidratante Vitamina C + Jabón Natural de Jazmines,Crema Facial Hidratante Vitamina C + Jabón Natural de Jazmines,,39.90,PEN,available,https://inkafarma.pe/producto/crema-facial-hidratante-vitamina-c-jabon-natural-de-jazmines/1756499267473,1756499267473,BIOAQUA,algolia_public_search,2026-06-08T01:09:23.468565+00:00,,"Crema Hidratante con Vitamina C Bioaqua Desacelera la oxidación de las células de la piel, evitando así el envejecimiento prematuro de las mismas. Reduce las líneas de expresión. Activa la síntesis de colágeno. Ayuda a reparar los daños en la piel. Minimiza la irritación y hace más efectiva la absorción de las cremas. Deja la piel lisa, limpia y reluciente. Mejora la textura y la calidad de tu piel. Modo de uso: Aplicar una cantidad adecuada sobre el rostro y el cuello y luego masajear suavemente para una mejor absorción. - Jabón Extracto de Jazmín Bioaqua 100gr Este jabón es un producto natural hecho a base de extracto de jazmín, que tiene propiedades aromáticas y relajantes para la piel. El jazmín es una flor con un aroma delicado y seductor, que ayuda a armonizar la mente y el cuerpo. Este jabón limpia la piel de manera suave y delicada, dejándola perfumada y relajada. Modo de uso: Humedece tu piel con agua tibia y frota el jabón entre tus manos hasta formar una espuma. Aplica la espuma sobre tu piel y masajea suavemente con movimientos circulares, evitando el contacto con los ojos. Enjuaga tu piel con abundante agua fría y sécala con una toalla suave. Usa el jabón una o dos veces al día, según el estado de tu piel. Cuidado Facial Crema facial",,false_no_registro_sanitario,,
Inkafarma,Crema Facial Hidratante Vitamina C + Jabón Natural con Miel,Crema Facial Hidratante Vitamina C + Jabón Natural con Miel,,39.90,PEN,available,https://inkafarma.pe/producto/crema-facial-hidratante-vitamina-c-jabon-natural-con-miel/1756499255544,1756499255544,BIOAQUA,algolia_public_search,2026-06-08T01:09:23.468920+00:00,,"Crema Hidratante con Vitamina C Bioaqua Desacelera la oxidación de las células de la piel, evitando así el envejecimiento prematuro de las mismas. Reduce las líneas de expresión. Activa la síntesis de colágeno. Ayuda a reparar los daños en la piel. Minimiza la irritación y hace más efectiva la absorción de las cremas. Deja la piel lisa, limpia y reluciente. Mejora la textura y la calidad de tu piel. Modo de uso: Aplicar una cantidad adecuada sobre el rostro y el cuello y luego masajear suavemente para una mejor absorción. - Jabón aceite esencial natural Hidratante Miel Bioaqua 100g Contiene extracto de miel, que se prepara cuidadosamente sin aceite ni seca. La espuma es delicada. Cuida bien la piel, limpia fácilmente la suciedad, hidrata y humedece la piel lavada, dejando la piel húmeda y suave Modo de uso: Humedece tu piel con agua tibia y frota el jabón entre tus manos hasta formar una espuma. Aplica la espuma sobre tu piel y masajea suavemente con movimientos circulares, evitando el contacto con los ojos. Enjuaga tu piel con abundante agua fría y sécala con una toalla suave. Usa el jabón una o dos veces al día, según el estado de tu piel. Cuidado Facial Crema facial",,false_no_registro_sanitario,,
Inkafarma,Mascarilla Labial 3 en 1 Balsamo Vitamina C,Mascarilla Labial 3 en 1 Balsamo Vitamina C,,59.90,PEN,available,https://inkafarma.pe/producto/mascarilla-labial-3-en-1-balsamo-vitamina-c/1764685145697,1764685145697,GENÉRICO,algolia_public_search,2026-06-08T01:09:23.469190+00:00,,"Mascarilla Labial 3 en 1 Balsamo Vitamina C Este es una mascarilla labial todo-en-uno que proporciona un tratamiento intensivo para los labios secos o agrietados. El producto ofrece una acción 3 en 1 (generalmente exfoliante, mascarilla y bálsamo) para el cuidado labial completo. Incluye un pequeño pincel aplicador para una aplicación higiénica y está diseñado para dejar los labios más suaves, tersos y listos para el maquillaje. Cuidado Integral (3 en 1): Combina las funciones de exfoliación y suavizado para labios. Accesorios Incluidos: Viene con un pequeño pincel aplicador para un uso fácil e higiénico. Fácil de Transportar: El envase es compacto y fácil de llevar para un cuidado labial en cualquier momento . Cuidado de la Piel Protección solar",,false_no_registro_sanitario,,
Inkafarma,Serum Facial Concentre Vitamina C + Jabón Natural con Miel,Serum Facial Concentre Vitamina C + Jabón Natural con Miel,,55.90,PEN,available,https://inkafarma.pe/producto/serum-facial-concentre-vitamina-c-jabon-natural-con-miel/1757214537170,1757214537170,GENÉRICO,algolia_public_search,2026-06-08T01:09:23.469553+00:00,,"Serum Facial Concentre Vitamina C 10% Rejuvenece plus La Cooper 30gr Atenúa manchas en la piel. Disminuye apariencia de ojeras y bolsas en el contorno de los ojos del rostro. Unifica en tono de la piel. Con extractos naturales de Centella Asiática, Realiz y Árnica. Modo de uso: Después de limpiar y humedecer su piel, aplicar de 2 a 3 gotas en el rostro o en las yemas de los dedos mediante un masaje suave y luego dar palmaditas y alisar. Dejar secar, puede usarse directamente solo o aplicarse antes de la crema de uso diario o protector solar. - Jabón aceite esencial natural Hidratante Miel Bioaqua 100g Contiene extracto de miel, que se prepara cuidadosamente sin aceite ni seca. La espuma es delicada. Cuida bien la piel, limpia fácilmente la suciedad, hidrata y humedece la piel lavada, dejando la piel húmeda y suave Modo de uso: Humedece tu piel con agua tibia y frota el jabón entre tus manos hasta formar una espuma. Aplica la espuma sobre tu piel y masajea suavemente con movimientos circulares, evitando el contacto con los ojos. Enjuaga tu piel con abundante agua fría y sécala con una toalla suave. Usa el jabón una o dos veces al día, según el estado de tu piel. Cuidado Facial Sérum",,false_no_registro_sanitario,,
Inkafarma,Serum Facial Concentre Vitamina C + Jabón Natural con Lavanda,Serum Facial Concentre Vitamina C + Jabón Natural con Lavanda,,55.90,PEN,available,https://inkafarma.pe/producto/serum-facial-concentre-vitamina-c-jabon-natural-con-lavanda/1757214531563,1757214531563,GENÉRICO,algolia_public_search,2026-06-08T01:09:23.469932+00:00,,"Serum Facial Concentre Vitamina C 10% Rejuvenece plus La Cooper 30gr Atenúa manchas en la piel. Disminuye apariencia de ojeras y bolsas en el contorno de los ojos del rostro. Unifica en tono de la piel. Con extractos naturales de Centella Asiática, Realiz y Árnica. Modo de uso: Después de limpiar y humedecer su piel, aplicar de 2 a 3 gotas en el rostro o en las yemas de los dedos mediante un masaje suave y luego dar palmaditas y alisar. Dejar secar, puede usarse directamente solo o aplicarse antes de la crema de uso diario o protector solar. - Jabón Extracto de Lavanda Bioaqua 100g Su aceite esencial es muy valorado para el tratamiento y curación de quemaduras en la piel. Entre sus propiedades destaca su gran poder cicatrizante, antiinflamatorio y antibacteriano. Previene el acné. Especial para pieles secas. Rejuvenece y controla la producción de grasa. Gracias a las propiedades relajantes de la lavanda este jabón. Modo de uso: Humedece tu piel con agua tibia y frota el jabón entre tus manos hasta formar una espuma. Aplica la espuma sobre tu piel y masajea suavemente con movimientos circulares, evitando el contacto con los ojos. Enjuaga tu piel con abundante agua fría y sécala con una toalla suave. Usa el jabón una o dos veces al día, según el estado de tu piel. Cuidado Facial Sérum",,false_no_registro_sanitario,,
Inkafarma,Serum Facial Concentre Vitamina C + Jabón Natural de Jazmines,Serum Facial Concentre Vitamina C + Jabón Natural de Jazmines,,55.90,PEN,available,https://inkafarma.pe/producto/serum-facial-concentre-vitamina-c-jabon-natural-de-jazmines/1757214526897,1757214526897,GENÉRICO,algolia_public_search,2026-06-08T01:09:23.470318+00:00,,"Serum Facial Concentre Vitamina C 10% Rejuvenece plus La Cooper 30gr Atenúa manchas en la piel. Disminuye apariencia de ojeras y bolsas en el contorno de los ojos del rostro. Unifica en tono de la piel. Con extractos naturales de Centella Asiática, Realiz y Árnica. Modo de uso: Después de limpiar y humedecer su piel, aplicar de 2 a 3 gotas en el rostro o en las yemas de los dedos mediante un masaje suave y luego dar palmaditas y alisar. Dejar secar, puede usarse directamente solo o aplicarse antes de la crema de uso diario o protector solar. - Jabón Extracto de Jazmín Bioaqua 100gr Este jabón es un producto natural hecho a base de extracto de jazmín, que tiene propiedades aromáticas y relajantes para la piel. El jazmín es una flor con un aroma delicado y seductor, que ayuda a armonizar la mente y el cuerpo. Este jabón limpia la piel de manera suave y delicada, dejándola perfumada y relajada. Modo de uso: Humedece tu piel con agua tibia y frota el jabón entre tus manos hasta formar una espuma. Aplica la espuma sobre tu piel y masajea suavemente con movimientos circulares, evitando el contacto con los ojos. Enjuaga tu piel con abundante agua fría y sécala con una toalla suave. Usa el jabón una o dos veces al día, según el estado de tu piel. Cuidado Facial Sérum",,false_no_registro_sanitario,,
Inkafarma,Serum Facial Concentre Vitamina C + Jabón de Leche de Cabra,Serum Facial Concentre Vitamina C + Jabón de Leche de Cabra,,55.90,PEN,available,https://inkafarma.pe/producto/serum-facial-concentre-vitamina-c-jabon-de-leche-de-cabra/1756500258401,1756500258401,GENÉRICO,algolia_public_search,2026-06-08T01:09:23.470727+00:00,,"Serum Facial Concentre Vitamina C 10% Rejuvenece plus La Cooper 30gr Atenúa manchas en la piel. Disminuye apariencia de ojeras y bolsas en el contorno de los ojos del rostro. Unifica en tono de la piel. Con extractos naturales de Centella Asiática, Realiz y Árnica. Modo de uso: Después de limpiar y humedecer su piel, aplicar de 2 a 3 gotas en el rostro o en las yemas de los dedos mediante un masaje suave y luego dar palmaditas y alisar. Dejar secar, puede usarse directamente solo o aplicarse antes de la crema de uso diario o protector solar. - Jabón Extracto de Leche de Cabra Bioaqua 100gr Jabón de LECHE DE CABRA cremosa, no irrita la piel. Con el pH más cercano a nuestra piel y sin fragancias añadidas, es Ideal para todos los tipos de piel. Es rica en nutrientes, la leche de vaca y el PH que contiene esta leche son muy similares a nuestra epidermis, contribuyendo a restablecer el equilibrio natural de nuestra piel actúa. Modo de uso: Humedece tu piel con agua tibia y frota el jabón entre tus manos hasta formar una espuma. Aplica la espuma sobre tu piel y masajea suavemente con movimientos circulares, evitando el contacto con los ojos. Enjuaga tu piel con abundante agua fría y sécala con una toalla suave. Usa el jabón una o dos veces al día, según el estado de tu piel. Cuidado Facial Sérum",,false_no_registro_sanitario,,
Inkafarma,Serum Facial Concentre Vitamina C + Jabón Natural de Jazmines,Serum Facial Concentre Vitamina C + Jabón Natural de Jazmines,,55.90,PEN,available,https://inkafarma.pe/producto/serum-facial-concentre-vitamina-c-jabon-natural-de-jazmines/1756500255787,1756500255787,GENÉRICO,algolia_public_search,2026-06-08T01:09:23.471118+00:00,,"Serum Facial Concentre Vitamina C 10% Rejuvenece plus La Cooper 30gr Atenúa manchas en la piel. Disminuye apariencia de ojeras y bolsas en el contorno de los ojos del rostro. Unifica en tono de la piel. Con extractos naturales de Centella Asiática, Realiz y Árnica. Modo de uso: Después de limpiar y humedecer su piel, aplicar de 2 a 3 gotas en el rostro o en las yemas de los dedos mediante un masaje suave y luego dar palmaditas y alisar. Dejar secar, puede usarse directamente solo o aplicarse antes de la crema de uso diario o protector solar. - Jabón Extracto de Jazmín Bioaqua 100gr Este jabón es un producto natural hecho a base de extracto de jazmín, que tiene propiedades aromáticas y relajantes para la piel. El jazmín es una flor con un aroma delicado y seductor, que ayuda a armonizar la mente y el cuerpo. Este jabón limpia la piel de manera suave y delicada, dejándola perfumada y relajada. Modo de uso: Humedece tu piel con agua tibia y frota el jabón entre tus manos hasta formar una espuma. Aplica la espuma sobre tu piel y masajea suavemente con movimientos circulares, evitando el contacto con los ojos. Enjuaga tu piel con abundante agua fría y sécala con una toalla suave. Usa el jabón una o dos veces al día, según el estado de tu piel. Cuidado Facial Sérum",,false_no_registro_sanitario,,
Inkafarma,Serum Facial Concentre Vitamina C + Jabón Natural con Miel,Serum Facial Concentre Vitamina C + Jabón Natural con Miel,,55.90,PEN,available,https://inkafarma.pe/producto/serum-facial-concentre-vitamina-c-jabon-natural-con-miel/1756500248107,1756500248107,GENÉRICO,algolia_public_search,2026-06-08T01:09:23.471487+00:00,,"Serum Facial Concentre Vitamina C 10% Rejuvenece plus La Cooper 30gr Atenúa manchas en la piel. Disminuye apariencia de ojeras y bolsas en el contorno de los ojos del rostro. Unifica en tono de la piel. Con extractos naturales de Centella Asiática, Realiz y Árnica. Modo de uso: Después de limpiar y humedecer su piel, aplicar de 2 a 3 gotas en el rostro o en las yemas de los dedos mediante un masaje suave y luego dar palmaditas y alisar. Dejar secar, puede usarse directamente solo o aplicarse antes de la crema de uso diario o protector solar. - Jabón aceite esencial natural Hidratante Miel Bioaqua 100g Contiene extracto de miel, que se prepara cuidadosamente sin aceite ni seca. La espuma es delicada. Cuida bien la piel, limpia fácilmente la suciedad, hidrata y humedece la piel lavada, dejando la piel húmeda y suave Modo de uso: Humedece tu piel con agua tibia y frota el jabón entre tus manos hasta formar una espuma. Aplica la espuma sobre tu piel y masajea suavemente con movimientos circulares, evitando el contacto con los ojos. Enjuaga tu piel con abundante agua fría y sécala con una toalla suave. Usa el jabón una o dos veces al día, según el estado de tu piel. Cuidado Facial Sérum",,false_no_registro_sanitario,,
Inkafarma,Serum Facial Concentre Vitamina C + Jabón Natural con Lavanda,Serum Facial Concentre Vitamina C + Jabón Natural con Lavanda,,55.90,PEN,available,https://inkafarma.pe/producto/serum-facial-concentre-vitamina-c-jabon-natural-con-lavanda/1756500242678,1756500242678,GENÉRICO,algolia_public_search,2026-06-08T01:09:23.471869+00:00,,"Serum Facial Concentre Vitamina C 10% Rejuvenece plus La Cooper 30gr Atenúa manchas en la piel. Disminuye apariencia de ojeras y bolsas en el contorno de los ojos del rostro. Unifica en tono de la piel. Con extractos naturales de Centella Asiática, Realiz y Árnica. Modo de uso: Después de limpiar y humedecer su piel, aplicar de 2 a 3 gotas en el rostro o en las yemas de los dedos mediante un masaje suave y luego dar palmaditas y alisar. Dejar secar, puede usarse directamente solo o aplicarse antes de la crema de uso diario o protector solar. - Jabón Extracto de Lavanda Bioaqua 100g Su aceite esencial es muy valorado para el tratamiento y curación de quemaduras en la piel. Entre sus propiedades destaca su gran poder cicatrizante, antiinflamatorio y antibacteriano. Previene el acné. Especial para pieles secas. Rejuvenece y controla la producción de grasa. Gracias a las propiedades relajantes de la lavanda este jabón. Modo de uso: Humedece tu piel con agua tibia y frota el jabón entre tus manos hasta formar una espuma. Aplica la espuma sobre tu piel y masajea suavemente con movimientos circulares, evitando el contacto con los ojos. Enjuaga tu piel con abundante agua fría y sécala con una toalla suave. Usa el jabón una o dos veces al día, según el estado de tu piel. Cuidado Facial Sérum",,false_no_registro_sanitario,,
Inkafarma,Serum Facial Concentre Vitamina C + Jabón Natural Antiedad,Serum Facial Concentre Vitamina C + Jabón Natural Antiedad,,55.90,PEN,available,https://inkafarma.pe/producto/serum-facial-concentre-vitamina-c-jabon-natural-antiedad/1756500240803,1756500240803,GENÉRICO,algolia_public_search,2026-06-08T01:09:23.472235+00:00,,"Serum Facial Concentre Vitamina C 10% Rejuvenece plus La Cooper 30gr Atenúa manchas en la piel. Disminuye apariencia de ojeras y bolsas en el contorno de los ojos del rostro. Unifica en tono de la piel. Con extractos naturales de Centella Asiática, Realiz y Árnica. Modo de uso: Después de limpiar y humedecer su piel, aplicar de 2 a 3 gotas en el rostro o en las yemas de los dedos mediante un masaje suave y luego dar palmaditas y alisar. Dejar secar, puede usarse directamente solo o aplicarse antes de la crema de uso diario o protector solar. - Jabón Natural Blueberry Bioaqua 100g Antiedad Es un Jabón Artesanal de aceite con Aroma a Arándano, que limpia y refresca la piel. Está hecho de aceites vegetales y extractos de arándano, que proporcionan antioxidantes y vitaminas a la piel. Tiene un aroma dulce y frutal de arándano, que despierta los sentidos. Modo de uso: Humedece tu piel con agua tibia y frota el jabón entre tus manos hasta formar una espuma. Aplica la espuma sobre tu piel y masajea suavemente con movimientos circulares, evitando el contacto con los ojos. Enjuaga tu piel con abundante agua fría y sécala con una toalla suave. Usa el jabón una o dos veces al día, según el estado de tu piel. Cuidado Facial Sérum",,false_no_registro_sanitario,,
Inkafarma,Serum Facial Concentre Vitamina C + Jabón con Arroz & AH,Serum Facial Concentre Vitamina C + Jabón con Arroz & AH,,55.90,PEN,available,https://inkafarma.pe/producto/serum-facial-concentre-vitamina-c-jabon-con-arroz-ah/1756500215845,1756500215845,GENÉRICO,algolia_public_search,2026-06-08T01:09:23.472541+00:00,,"Serum Facial Concentre Vitamina C 10% Rejuvenece plus La Cooper 30gr Atenúa manchas en la piel. Disminuye apariencia de ojeras y bolsas en el contorno de los ojos del rostro. Unifica en tono de la piel. Con extractos naturales de Centella Asiática, Realiz y Árnica. Modo de uso: Después de limpiar y humedecer su piel, aplicar de 2 a 3 gotas en el rostro o en las yemas de los dedos mediante un masaje suave y luego dar palmaditas y alisar. Dejar secar, puede usarse directamente solo o aplicarse antes de la crema de uso diario o protector solar. - Jabón Rejuvenece Plus a base de Arroz & Ácido Hialurónico Hidrata y suaviza la piel. Contienen activos hidratantes, antioxidantes, emolientes, los cuales mejoran el tono y elasticidad de la piel. Modo de Uso: Usar en el baño aplicando suaves masajes en las zonas que lo requieren. Cuidado Facial Sérum",,false_no_registro_sanitario,,
Inkafarma,Serum Facial Concentre Vitamina C + Jabón de Rosas Antiacne,Serum Facial Concentre Vitamina C + Jabón de Rosas Antiacne,,55.90,PEN,available,https://inkafarma.pe/producto/serum-facial-concentre-vitamina-c-jabon-de-rosas-antiacne/1756500180315,1756500180315,GENÉRICO,algolia_public_search,2026-06-08T01:09:23.473160+00:00,,"Serum Facial Concentre Vitamina C 10% Rejuvenece plus La Cooper 30gr Atenúa manchas en la piel. Disminuye apariencia de ojeras y bolsas en el contorno de los ojos del rostro. Unifica en tono de la piel. Con extractos naturales de Centella Asiática, Realiz y Árnica. Modo de uso: Después de limpiar y humedecer su piel, aplicar de 2 a 3 gotas en el rostro o en las yemas de los dedos mediante un masaje suave y luego dar palmaditas y alisar. Dejar secar, puede usarse directamente solo o aplicarse antes de la crema de uso diario o protector solar. - Jabón Natural Flores de Rosas Bioaqua 100g Antiacné Es un Jabón de Aceite Natural de Rosa, que limpia y suaviza la piel. Está hecho de aceites vegetales y extractos de plantas, que proporcionan nutrientes y humedad a la piel. Tiene un aroma delicado y relajante de rosas, que calma los sentidos. Modo de uso: Humedece tu piel con agua tibia y frota el jabón entre tus manos hasta formar una espuma. Aplica la espuma sobre tu piel y masajea suavemente con movimientos circulares, evitando el contacto con los ojos. Enjuaga tu piel con abundante agua fría y sécala con una toalla suave. Usa el jabón una o dos veces al día, según el estado de tu piel. Cuidado Facial Sérum",,false_no_registro_sanitario,,
Inkafarma,Aceite Facial de Vitamina E + Jabón Facial Dermoacne,Aceite Facial de Vitamina E + Jabón Facial Dermoacne,,55.90,PEN,available,https://inkafarma.pe/producto/aceite-facial-de-vitamina-e-jabon-facial-dermoacne/1756500062964,1756500062964,GENÉRICO,algolia_public_search,2026-06-08T01:09:23.473467+00:00,,"Aceite de almendras Vitamina E 30ml - Rejuvenece El aceite de almendras es uno de los aceites esenciales más utilizados por sus múltiples propiedades naturales, que aportan hidratación y otros beneficios para la piel y el cabello, es un buen desmaquillante natural. Modo de uso: se recomienda usar después de la ducha o baño, después de la depilación y por la noche antes de acostarse, se recomienda también aplicarlo en el cabello con ligeros masajes. - Jabón Dermoacne Facial La Cooper 100gr Limpia profundamente sin resecar tu piel y combate imperfecciones, por su contenido de extractos naturales de calendula y humamelis, confiere a la piel una sensación de suavidad y frescura. Con extracto de malva y Vitamina E. No grasoso. Contiene extractos naturales de Calendula y humamelis Modo de uso: en la mañana y en la noche lavar tu cara y cuerpo con agua y jabón dando un ligero masaje especialmente en la zona con imperfecciones (zonas T de la cara, barbilla, pecho y espaldas). Enjuaga con abundante agua. Cuidado Facial Crema facial",,false_no_registro_sanitario,,
Inkafarma,Aceite Facial de Vitamina E + Serum Extracto de Arroz 30ml,Aceite Facial de Vitamina E + Serum Extracto de Arroz 30ml,,55.90,PEN,available,https://inkafarma.pe/producto/aceite-facial-de-vitamina-e-serum-extracto-de-arroz-30ml/1756499905756,1756499905756,GENÉRICO,algolia_public_search,2026-06-08T01:09:23.473857+00:00,,"Aceite de almendras Vitamina E 30ml - Rejuvenece El aceite de almendras es uno de los aceites esenciales más utilizados por sus múltiples propiedades naturales, que aportan hidratación y otros beneficios para la piel y el cabello, es un buen desmaquillante natural. Modo de uso: se recomienda usar después de la ducha o baño, después de la depilación y por la noche antes de acostarse, se recomienda también aplicarlo en el cabello con ligeros masajes. - Serum Extracto de Arroz con Ácido Hialurónico 30ml Blianlian Esencia facial de arroz blanco antiarrugas de colágeno puede complementar y restaurar la humedad perdida. Haz que tu piel sea suave y suave. Reducir inmediatamente la aparición de líneas finas y arrugas.Esencia de poros reducidos: reducir los poros. Apoyar la limpieza y purificación de los poros, minimizar la expansión o obstrucción de los poros y la piel aceitosa con exceso de sebo, reducir los poros y hacer que la piel sea más limpia y saludable. Modo de uso: Lava tu rostro con agua tibia y un limpiador adecuado para tu tipo de piel. Aplica unas gotas del serum sobre la yema de tus dedos y distribúyelas por todo el rostro, evitando el contorno de los ojos. Masajea suavemente con movimientos circulares ascendentes hasta que el serum se absorba por completo. Espera unos minutos antes de aplicar tu crema hidratante habitual. Repite este proceso por la mañana y por la noche, después de limpiar tu piel. Cuidado Facial Crema facial",,false_no_registro_sanitario,,
Inkafarma,Aceite Facial de Vitamina E + Serum Ácido Hialurónico,Aceite Facial de Vitamina E + Serum Ácido Hialurónico,,55.90,PEN,available,https://inkafarma.pe/producto/aceite-facial-de-vitamina-e-serum-acido-hialuronico/1756499895230,1756499895230,GENÉRICO,algolia_public_search,2026-06-08T01:09:23.474255+00:00,,"Aceite de almendras Vitamina E 30ml - Rejuvenece El aceite de almendras es uno de los aceites esenciales más utilizados por sus múltiples propiedades naturales, que aportan hidratación y otros beneficios para la piel y el cabello, es un buen desmaquillante natural. Modo de uso: se recomienda usar después de la ducha o baño, después de la depilación y por la noche antes de acostarse, se recomienda también aplicarlo en el cabello con ligeros masajes. - Serum Ácido Hialurónico Blianlian 30ml Suero para arrugas, reparación, desvanecimiento, arrugas finas, cuidado de la piel Facial, contiene una variedad de esencias vegetales para promover el metabolismo de las células de la piel y ayudar a que la piel recupere firmeza. Este suero para el cuidado de la piel no causa acné, tiene un pH natural y contiene súper nutrientes, lo que garantiza un cutis más brillante y de apariencia más joven. Puede reponer y perder agua. Tiene un efecto hidratante profundo y relajante sobre los síntomas. Modo de uso: Lava tu rostro con agua tibia y un limpiador adecuado para tu tipo de piel. Aplica unas gotas del serum sobre la yema de tus dedos y distribúyelas por todo el rostro, evitando el contorno de los ojos. Masajea suavemente con movimientos circulares ascendentes hasta que el serum se absorba por completo. Espera unos minutos antes de aplicar tu crema hidratante habitual. Repite este proceso por la mañana y por la noche, después de limpiar tu piel. Cuidado Facial Crema facial",,false_no_registro_sanitario,,
Inkafarma,Serum Facial Extracto de Arroz + Suero Facial ÁH Vitamina E,Serum Facial Extracto de Arroz + Suero Facial ÁH Vitamina E,,55.90,PEN,available,https://inkafarma.pe/producto/serum-facial-extracto-de-arroz-suero-facial-ah-vitamina-e/1756499808877,1756499808877,GENÉRICO,algolia_public_search,2026-06-08T01:09:23.474673+00:00,,"Serum Extracto de Arroz Samantha 100ml Esencia facial de arroz blanco antiarrugas de colágeno puede complementar y restaurar la humedad perdida. Haz que tu piel sea suave y suave. Reducir inmediatamente la aparición de líneas finas y arrugas.Esencia de poros reducidos: reducir los poros. Apoyar la limpieza y purificación de los poros, minimizar la expansión o obstrucción de los poros y la piel aceitosa con exceso de sebo, reducir los poros y hacer que la piel sea más limpia y saludable. Modo de uso: Lava tu rostro con agua tibia y un limpiador adecuado para tu tipo de piel. Aplica unas gotas del serum sobre la yema de tus dedos y distribúyelas por todo el rostro, evitando el contorno de los ojos. Masajea suavemente con movimientos circulares ascendentes hasta que el serum se absorba por completo. Espera unos minutos antes de aplicar tu crema hidratante habitual. Repite este proceso por la mañana y por la noche, después de limpiar tu piel. - Suero Facial de Ácido Hialurónico con Vitamina E 20gr. El suero facial de ácido hialurónico está diseñado con precisión para revitalizar la piel envejecida, proporcionando los nutrientes clave necesarios para restaurar la piel a su aspecto hermoso y juvenil. Modo de uso: Aplícalo sobre el rostro o cuello en el día o la noche después de la Limpieza. Aplica 3 o 4 gotas con el gotero de suero en la zona deseada y masajea suavemente hasta su absorción. Reduce Hinchazón. Calma y Nutre. Cuidado Facial Sérum",,false_no_registro_sanitario,,
Inkafarma,Serum Facial Extracto de Arroz + Serum Vitamina C California,Serum Facial Extracto de Arroz + Serum Vitamina C California,,55.90,PEN,available,https://inkafarma.pe/producto/serum-facial-extracto-de-arroz-serum-vitamina-c-california/1756499763479,1756499763479,GENÉRICO,algolia_public_search,2026-06-08T01:09:23.475161+00:00,,"Serum Extracto de Arroz Samantha 100ml Esencia facial de arroz blanco antiarrugas de colágeno puede complementar y restaurar la humedad perdida. Haz que tu piel sea suave y suave. Reducir inmediatamente la aparición de líneas finas y arrugas.Esencia de poros reducidos: reducir los poros. Apoyar la limpieza y purificación de los poros, minimizar la expansión o obstrucción de los poros y la piel aceitosa con exceso de sebo, reducir los poros y hacer que la piel sea más limpia y saludable. Modo de uso: Lava tu rostro con agua tibia y un limpiador adecuado para tu tipo de piel. Aplica unas gotas del serum sobre la yema de tus dedos y distribúyelas por todo el rostro, evitando el contorno de los ojos. Masajea suavemente con movimientos circulares ascendentes hasta que el serum se absorba por completo. Espera unos minutos antes de aplicar tu crema hidratante habitual. Repite este proceso por la mañana y por la noche, después de limpiar tu piel. - Serum California Vitamina C Laikou 100ml Serum facial que contiene vitamina C en dos formas, fosfato de ascorbilo de sodio y ácido ascórbico, que aportan beneficios antioxidantes, anti-acné y aclarantes a tu piel. La vitamina C es un nutriente esencial que tiene propiedades antioxidantes, que ayudan a proteger la piel de los daños causados por los radicales libres y a prevenir el envejecimiento prematuro. También tiene propiedades antiinflamatorias, que calman y suavizan la piel, reduciendo las irritaciones y las rojeces. Además, tiene propiedades aclarantes, que inhiben la producción de melanina, el pigmento que causa las manchas y el oscurecimiento de la piel. Modo de uso: Lava tu rostro con agua tibia y un limpiador adecuado para tu tipo de piel. Aplica unas gotas del serum sobre la yema de tus dedos y distribúyelas por todo el rostro, evitando el contorno de los ojos. Masajea suavemente con movimientos circulares ascendentes hasta que el serum se absorba por completo. Espera unos minutos antes de aplicar tu crema hidratante habitual. Repite este proceso por la mañana y por la noche, después de limpiar tu piel. Cuidado Facial Sérum",,false_no_registro_sanitario,,
Inkafarma,Serum Facial Extracto de Arroz + Parches de Ojos Vitamina C,Serum Facial Extracto de Arroz + Parches de Ojos Vitamina C,,55.90,PEN,available,https://inkafarma.pe/producto/serum-facial-extracto-de-arroz-parches-de-ojos-vitamina-c/1756499699992,1756499699992,GENÉRICO,algolia_public_search,2026-06-08T01:09:23.476361+00:00,,"Serum Extracto de Arroz Samantha 100ml Esencia facial de arroz blanco antiarrugas de colágeno puede complementar y restaurar la humedad perdida. Haz que tu piel sea suave y suave. Reducir inmediatamente la aparición de líneas finas y arrugas.Esencia de poros reducidos: reducir los poros. Apoyar la limpieza y purificación de los poros, minimizar la expansión o obstrucción de los poros y la piel aceitosa con exceso de sebo, reducir los poros y hacer que la piel sea más limpia y saludable. Modo de uso: Lava tu rostro con agua tibia y un limpiador adecuado para tu tipo de piel. Aplica unas gotas del serum sobre la yema de tus dedos y distribúyelas por todo el rostro, evitando el contorno de los ojos. Masajea suavemente con movimientos circulares ascendentes hasta que el serum se absorba por completo. Espera unos minutos antes de aplicar tu crema hidratante habitual. Repite este proceso por la mañana y por la noche, después de limpiar tu piel. - Parche de Ojos Vitamina C- Fruit of the wokali Hidrata suavemente la piel la piel de los ojos y al mismo tiempo disminuye la ojeras y bolsas que se forman debajo de los ojos dando un aspecto hidratante. Características: • Hidratación Profundas • Ojeras claras • Reducir las líneas finas Beneficio: • Mejora la bolsa de ojos con borde negro en los ojos. • Reúse el edema ocular y ayuda a eliminar las ojeras. • Ayuda a aliviar las líneas finas y las patas de gallo. Modo de uso: Después de limpiar y tonificar, aplique el parche en el área debajo de los ojos con la espátula proporcionada y retire después de 15-20 minutos. Cuidado Facial Sérum",,false_no_registro_sanitario,,
Inkafarma,JUMISO ALL DAY VITAMIN BRIGHTENING AND BALANCING FACIAL SERUM,JUMISO ALL DAY VITAMIN BRIGHTENING AND BALANCING FACIAL SERUM,,105.00,PEN,available,https://inkafarma.pe/producto/jumiso-all-day-vitamin-brightening-and-balancing-facial-serum/1758639073910,1758639073910,JUMISO,algolia_public_search,2026-06-08T01:09:23.624323+00:00,,"Jumiso All Day Vitamin Brightening & Balancing Facial Serum es un suero diario que ayuda a iluminar, equilibrar y revitalizar la piel opaca o fatigada. Está formulado para mejorar el tono desigual, reducir manchas y dejar el rostro visiblemente más fresco y saludable. Entre sus ingredientes clave se encuentra una mezcla de vitaminas (A, B, C, D, E y K) junto con ácido ascórbico (vitamina C), que actúan en sinergia para aportar luminosidad, estimular la regeneración celular y proteger la piel del daño ambiental. Además, contiene centella asiática y extractos botánicos que calman e hidratan, manteniendo la piel equilibrada y sin irritación. Cuidado Facial Sérum",,false_no_registro_sanitario,,
Inkafarma,Aceite Corporal Vitamina C Dr Rashel 100ml,Aceite Corporal Vitamina C Dr Rashel 100ml,,45.00,PEN,available,https://inkafarma.pe/producto/aceite-corporal-vitamina-c-dr-rashel-100ml/1695941779700,1695941779700,DR RASHEL,algolia_public_search,2026-06-08T01:09:23.625842+00:00,,"Aceites naturales ricos en antioxidantes, piel hidratada, suave, iluminada.Beneficios: Ayuda a reparar la piel dañada: repleto de ácidos grasos esenciales, vitaminas y antioxidantes, el aceite corporal ayuda a restaurar la piel seca y dañada a su estado saludable. La barrera protectora de humedad de la piel se fortalece para proteger la piel de la contaminación de la ciudad. Ayuda a reducir los signos del envejecimiento prematuro de la piel: la piel intensamente hidratada y nutrida es capaz de conservar su elasticidad natural durante más tiempo y estar libre de líneas finas y arrugas. Piel suave e hidratada: se mezclan múltiples aceites naturales de primera calidad en el aceite corporal para hidratar profundamente la piel, eliminar la sequedad y mantener la piel suave e hidratada durante todo el día. Ayuda a iluminar el cutis: enriquecido con vitamina C, ayuda a minimizar las imperfecciones y proporciona un tono de piel uniforme y radiante. Cremas Hidratantes Cremas Corporales",,false_no_registro_sanitario,,
Inkafarma,Serum Facial Concentre Vitamina C + Locion Corporal Vainilla,Serum Facial Concentre Vitamina C + Locion Corporal Vainilla,,65.90,PEN,available,https://inkafarma.pe/producto/serum-facial-concentre-vitamina-c-locion-corporal-vainilla/1757214534262,1757214534262,GENÉRICO,algolia_public_search,2026-06-08T01:09:23.627844+00:00,,"Serum Facial Concentre Vitamina C 10% Rejuvenece plus La Cooper 30gr Atenúa manchas en la piel. Disminuye apariencia de ojeras y bolsas en el contorno de los ojos del rostro. Unifica en tono de la piel. Con extractos naturales de Centella Asiática, Realiz y Árnica. Modo de uso: Después de limpiar y humedecer su piel, aplicar de 2 a 3 gotas en el rostro o en las yemas de los dedos mediante un masaje suave y luego dar palmaditas y alisar. Dejar secar, puede usarse directamente solo o aplicarse antes de la crema de uso diario o protector solar. - Locion Corporal Floral Body Lotion Vainilla 260Ml - Bioaqua La textura de la crema de condensación de agua hace que la piel se sienta y absorba, no sea grasosa, nutre y retiene el agua, mejora la piel seca y áspera y la deja tierna, sedosa y suave. Brindándote una maravillosa experiencia sensorial. Instrucciones de uso: Después de la limpieza, tomar una cantidad adecuada de este producto, distribuir uniformemente sobre el rostro y masajear suavemente hasta su absorción. Cuidado Facial Sérum",,false_no_registro_sanitario,,
Inkafarma,Serum Facial Concentre Vitamina C + Limpiador Facial Colágeno,Serum Facial Concentre Vitamina C + Limpiador Facial Colágeno,,65.90,PEN,available,https://inkafarma.pe/producto/serum-facial-concentre-vitamina-c-limpiador-facial-colageno/1757214531560,1757214531560,GENÉRICO,algolia_public_search,2026-06-08T01:09:23.628243+00:00,,"Serum Facial Concentre Vitamina C 10% Rejuvenece plus La Cooper 30gr Atenúa manchas en la piel. Disminuye apariencia de ojeras y bolsas en el contorno de los ojos del rostro. Unifica en tono de la piel. Con extractos naturales de Centella Asiática, Realiz y Árnica. Modo de uso: Después de limpiar y humedecer su piel, aplicar de 2 a 3 gotas en el rostro o en las yemas de los dedos mediante un masaje suave y luego dar palmaditas y alisar. Dejar secar, puede usarse directamente solo o aplicarse antes de la crema de uso diario o protector solar. - Colágeno Limpieza con Esencia Mousse - Dr. Rashel Desmaquillador Espuma limpiadora de colágeno que elimina todas las impurezas, elimina la acumulación de aceite, ayuda a disminuir las imperfecciones y deja la superficie de la piel suave y limpia. Ayuda a eliminar los restos de maquillaje y residuos, y también ayuda a reparar y calmar la piel. Extracto de colágeno hidrolizado incluido en la fórmula piel, luciendo. Modo de uso: Bombee una buena cantidad de mousse y use el cepillo para masajear suavemente con movimientos circulares sobre la piel húmeda. Enjuague con agua. Limpie el cabezal del cepillo regularmente. Cuidado Facial Sérum",,false_no_registro_sanitario,,
Inkafarma,Serum Facial Concentre VitaminaC + Serum Vitamina C California,Serum Facial Concentre VitaminaC + Serum Vitamina C California,,65.90,PEN,available,https://inkafarma.pe/producto/serum-facial-concentre-vitaminac-serum-vitamina-c-california/1757214519541,1757214519541,GENÉRICO,algolia_public_search,2026-06-08T01:09:23.629176+00:00,,"Serum Facial Concentre Vitamina C 10% Rejuvenece plus La Cooper 30gr Atenúa manchas en la piel. Disminuye apariencia de ojeras y bolsas en el contorno de los ojos del rostro. Unifica en tono de la piel. Con extractos naturales de Centella Asiática, Realiz y Árnica. Modo de uso: Después de limpiar y humedecer su piel, aplicar de 2 a 3 gotas en el rostro o en las yemas de los dedos mediante un masaje suave y luego dar palmaditas y alisar. Dejar secar, puede usarse directamente solo o aplicarse antes de la crema de uso diario o protector solar. - Serum California Vitamina C Laikou 100ml Serum facial que contiene vitamina C en dos formas, fosfato de ascorbilo de sodio y ácido ascórbico, que aportan beneficios antioxidantes, anti-acné y aclarantes a tu piel. La vitamina C es un nutriente esencial que tiene propiedades antioxidantes, que ayudan a proteger la piel de los daños causados por los radicales libres y a prevenir el envejecimiento prematuro. También tiene propiedades antiinflamatorias, que calman y suavizan la piel, reduciendo las irritaciones y las rojeces. Además, tiene propiedades aclarantes, que inhiben la producción de melanina, el pigmento que causa las manchas y el oscurecimiento de la piel. Modo de uso: Lava tu rostro con agua tibia y un limpiador adecuado para tu tipo de piel. Aplica unas gotas del serum sobre la yema de tus dedos y distribúyelas por todo el rostro, evitando el contorno de los ojos. Masajea suavemente con movimientos circulares ascendentes hasta que el serum se absorba por completo. Espera unos minutos antes de aplicar tu crema hidratante habitual. Repite este proceso por la mañana y por la noche, después de limpiar tu piel. Cuidado Facial Sérum",,false_no_registro_sanitario,,
Inkafarma,Serum Facial Concentre Vitamina C + Locion Corporal de Rosas,Serum Facial Concentre Vitamina C + Locion Corporal de Rosas,,65.90,PEN,available,https://inkafarma.pe/producto/serum-facial-concentre-vitamina-c-locion-corporal-de-rosas/1756500279965,1756500279965,GENÉRICO,algolia_public_search,2026-06-08T01:09:23.629563+00:00,,"Serum Facial Concentre Vitamina C 10% Rejuvenece plus La Cooper 30gr Atenúa manchas en la piel. Disminuye apariencia de ojeras y bolsas en el contorno de los ojos del rostro. Unifica en tono de la piel. Con extractos naturales de Centella Asiática, Realiz y Árnica. Modo de uso: Después de limpiar y humedecer su piel, aplicar de 2 a 3 gotas en el rostro o en las yemas de los dedos mediante un masaje suave y luego dar palmaditas y alisar. Dejar secar, puede usarse directamente solo o aplicarse antes de la crema de uso diario o protector solar. - Locion Corporal Floral Body Lotion 260Ml - Bioaqua La textura de la crema de condensación de agua hace que la piel se sienta y absorba, no sea grasosa, nutre y retiene el agua, mejora la piel seca y áspera y la deja tierna, sedosa y suave. Brindándote una maravillosa experiencia sensorial. Instrucciones de uso: Después de la limpieza, tomar una cantidad adecuada de este producto, distribuir uniformemente sobre el rostro y masajear suavemente hasta su absorción. Cuidado Facial Sérum",,false_no_registro_sanitario,,
Inkafarma,Serum Facial Concentre Vitamina C + Limpiador Facial AH,Serum Facial Concentre Vitamina C + Limpiador Facial AH,,65.90,PEN,available,https://inkafarma.pe/producto/serum-facial-concentre-vitamina-c-limpiador-facial-ah/1756500269849,1756500269849,GENÉRICO,algolia_public_search,2026-06-08T01:09:23.629958+00:00,,"Serum Facial Concentre Vitamina C 10% Rejuvenece plus La Cooper 30gr Atenúa manchas en la piel. Disminuye apariencia de ojeras y bolsas en el contorno de los ojos del rostro. Unifica en tono de la piel. Con extractos naturales de Centella Asiática, Realiz y Árnica. Modo de uso: Después de limpiar y humedecer su piel, aplicar de 2 a 3 gotas en el rostro o en las yemas de los dedos mediante un masaje suave y luego dar palmaditas y alisar. Dejar secar, puede usarse directamente solo o aplicarse antes de la crema de uso diario o protector solar. - Limpiador de Esencia Mousse Acido Hialurónico - Desmaquillador 125ml Dr Rashel La espuma limpiadora de ácido hialurónico limpia suavemente y desmaquilla el rostro y los ojos. Ayuda a reequilibrar la producción de sebo y deja la piel perfectamente mate. Es una base limpiadora sin jabón que elimina las impurezas y el exceso de sebo a la vez que cierra los poros y deja la piel tersa e hidratada, limpieza. Modo de uso: Bombee una buena cantidad de mousse y use el cepillo para masajear suavemente con movimientos circulares sobre la piel húmeda. Enjuague con agua. Limpie el cabezal del cepillo regularmente. Cuidado Facial Sérum",,false_no_registro_sanitario,,
Inkafarma,Serum Facial Concentre Vitamina C + Locion Corporal Vainilla,Serum Facial Concentre Vitamina C + Locion Corporal Vainilla,,65.90,PEN,available,https://inkafarma.pe/producto/serum-facial-concentre-vitamina-c-locion-corporal-vainilla/1756500268997,1756500268997,GENÉRICO,algolia_public_search,2026-06-08T01:09:23.630324+00:00,,"Serum Facial Concentre Vitamina C 10% Rejuvenece plus La Cooper 30gr Atenúa manchas en la piel. Disminuye apariencia de ojeras y bolsas en el contorno de los ojos del rostro. Unifica en tono de la piel. Con extractos naturales de Centella Asiática, Realiz y Árnica. Modo de uso: Después de limpiar y humedecer su piel, aplicar de 2 a 3 gotas en el rostro o en las yemas de los dedos mediante un masaje suave y luego dar palmaditas y alisar. Dejar secar, puede usarse directamente solo o aplicarse antes de la crema de uso diario o protector solar. - Locion Corporal Floral Body Lotion Vainilla 260Ml - Bioaqua La textura de la crema de condensación de agua hace que la piel se sienta y absorba, no sea grasosa, nutre y retiene el agua, mejora la piel seca y áspera y la deja tierna, sedosa y suave. Brindándote una maravillosa experiencia sensorial. Instrucciones de uso: Después de la limpieza, tomar una cantidad adecuada de este producto, distribuir uniformemente sobre el rostro y masajear suavemente hasta su absorción. Cuidado Facial Sérum",,false_no_registro_sanitario,,
Inkafarma,Serum Facial Concentre Vitamina C + Limpiador Facial Colágeno,Serum Facial Concentre Vitamina C + Limpiador Facial Colágeno,,65.90,PEN,available,https://inkafarma.pe/producto/serum-facial-concentre-vitamina-c-limpiador-facial-colageno/1756500267498,1756500267498,GENÉRICO,algolia_public_search,2026-06-08T01:09:23.630728+00:00,,"Serum Facial Concentre Vitamina C 10% Rejuvenece plus La Cooper 30gr Atenúa manchas en la piel. Disminuye apariencia de ojeras y bolsas en el contorno de los ojos del rostro. Unifica en tono de la piel. Con extractos naturales de Centella Asiática, Realiz y Árnica. Modo de uso: Después de limpiar y humedecer su piel, aplicar de 2 a 3 gotas en el rostro o en las yemas de los dedos mediante un masaje suave y luego dar palmaditas y alisar. Dejar secar, puede usarse directamente solo o aplicarse antes de la crema de uso diario o protector solar. - Colágeno Limpieza con Esencia Mousse - Dr. Rashel Desmaquillador Espuma limpiadora de colágeno que elimina todas las impurezas, elimina la acumulación de aceite, ayuda a disminuir las imperfecciones y deja la superficie de la piel suave y limpia. Ayuda a eliminar los restos de maquillaje y residuos, y también ayuda a reparar y calmar la piel. Extracto de colágeno hidrolizado incluido en la fórmula piel, luciendo. Modo de uso: Bombee una buena cantidad de mousse y use el cepillo para masajear suavemente con movimientos circulares sobre la piel húmeda. Enjuague con agua. Limpie el cabezal del cepillo regularmente. Cuidado Facial Sérum",,false_no_registro_sanitario,,
Inkafarma,Serum Facial Concentre Vitamina C + Serum Facial Arándanos,Serum Facial Concentre Vitamina C + Serum Facial Arándanos,,65.90,PEN,available,https://inkafarma.pe/producto/serum-facial-concentre-vitamina-c-serum-facial-arandanos/1756500248034,1756500248034,GENÉRICO,algolia_public_search,2026-06-08T01:09:23.631670+00:00,,"Serum Facial Concentre Vitamina C 10% Rejuvenece plus La Cooper 30gr Atenúa manchas en la piel. Disminuye apariencia de ojeras y bolsas en el contorno de los ojos del rostro. Unifica en tono de la piel. Con extractos naturales de Centella Asiática, Realiz y Árnica. Modo de uso: Después de limpiar y humedecer su piel, aplicar de 2 a 3 gotas en el rostro o en las yemas de los dedos mediante un masaje suave y luego dar palmaditas y alisar. Dejar secar, puede usarse directamente solo o aplicarse antes de la crema de uso diario o protector solar. - Serum de Arándanos - LAIKOU 100ml Es un suero facial con extracto de arándano, una fruta que ayuda a combatir el daño ambiental y a mantener la piel firme y saludable. Es un producto ideal para reducir el enrojecimiento, la apariencia de los poros y la producción de grasa de la piel. El arándano es una fruta rica en vitaminas, minerales y antioxidantes, que ayudan a proteger la piel de los daños causados por los radicales libres y a prevenir el envejecimiento prematuro. También tiene propiedades antiinflamatorias, que calman y suavizan la piel, reduciendo las irritaciones y las rojeces. Modo de uso: Solo tienes que aplicar unas gotas sobre la piel limpia y seca, y masajear suavemente hasta su completa absorción. Puedes usarlo por la mañana y por la noche, antes de tu crema hidratante habitual. Cuidado Facial Sérum",,false_no_registro_sanitario,,
Inkafarma,Serum Facial Concentre Vitamina C + Locion Corporal Passion,Serum Facial Concentre Vitamina C + Locion Corporal Passion,,65.90,PEN,available,https://inkafarma.pe/producto/serum-facial-concentre-vitamina-c-locion-corporal-passion/1756500247930,1756500247930,GENÉRICO,algolia_public_search,2026-06-08T01:09:23.632188+00:00,,"Serum Facial Concentre Vitamina C 10% Rejuvenece plus La Cooper 30gr Atenúa manchas en la piel. Disminuye apariencia de ojeras y bolsas en el contorno de los ojos del rostro. Unifica en tono de la piel. Con extractos naturales de Centella Asiática, Realiz y Árnica. Modo de uso: Después de limpiar y humedecer su piel, aplicar de 2 a 3 gotas en el rostro o en las yemas de los dedos mediante un masaje suave y luego dar palmaditas y alisar. Dejar secar, puede usarse directamente solo o aplicarse antes de la crema de uso diario o protector solar. - Loción Corporal Floral Pasion 260Ml - Bioaqua La crema corporal floral pasión es un producto cosmético diseñado específicamente para hidratar, suavizar y proteger la piel del cuerpo. Por lo general, está formulada con ingredientes que ayudan a restaurar la barrera natural de la piel, como humectantes, emolientes y vitaminas. Modo de uso: Antes de aplicar la crema corporal, es importante lavar y secar la piel para eliminar la suciedad, el sudor y otras impurezas. Después de secar la piel con una toalla suave, toma una cantidad suficiente de crema en tus manos. La cantidad variará según el tamaño y la necesidad de hidratación de tu piel. Esparce la crema en las palmas de tus manos y luego aplícala en la piel de todo el cuerpo, concentrándote en áreas secas o que necesiten más hidratación, como codos, rodillas y talones. Una vez que has aplicado la crema, realiza un suave masaje en la piel con movimientos circulares ascendentes. Este masaje no solo ayuda a que la crema se absorba mejor, sino que también estimula la circulación sanguínea y promueve una piel más suave y tonificada. Cuidado Facial Sérum",,false_no_registro_sanitario,,
Inkafarma,Serum Facial Concentre Vitamina C + Serum France 24k Gold,Serum Facial Concentre Vitamina C + Serum France 24k Gold,,65.90,PEN,available,https://inkafarma.pe/producto/serum-facial-concentre-vitamina-c-serum-france-24k-gold/1756500242778,1756500242778,GENÉRICO,algolia_public_search,2026-06-08T01:09:23.633022+00:00,,"Serum Facial Concentre Vitamina C 10% Rejuvenece plus La Cooper 30gr Atenúa manchas en la piel. Disminuye apariencia de ojeras y bolsas en el contorno de los ojos del rostro. Unifica en tono de la piel. Con extractos naturales de Centella Asiática, Realiz y Árnica. Modo de uso: Después de limpiar y humedecer su piel, aplicar de 2 a 3 gotas en el rostro o en las yemas de los dedos mediante un masaje suave y luego dar palmaditas y alisar. Dejar secar, puede usarse directamente solo o aplicarse antes de la crema de uso diario o protector solar. - Serum 24K Snoil France 100ml - Laikou Con el 24K Gold Snail Serum Laikou 100 ML, podrás disfrutar de sus increíbles beneficios y lucir un rostro más joven, luminoso y saludable. Este Serum es un poderoso antioxidante que estimula la producción de colágeno y elastina, las proteínas que mantienen la firmeza y la elasticidad de la piel. Además, le da un brillo que ilumina tu rostro y lo hace lucir más joven Modo de uso: Solo tienes que aplicar unas gotas sobre la piel limpia y seca, y masajear suavemente hasta su completa absorción. Puedes usarlo por la mañana y por la noche, antes de tu crema hidratante habitual. Cuidado Facial Sérum",,false_no_registro_sanitario,,
Inkafarma,Serum Facial Concentre Vitamina C + Serum Facial Bulgaria Rose,Serum Facial Concentre Vitamina C + Serum Facial Bulgaria Rose,,65.90,PEN,available,https://inkafarma.pe/producto/serum-facial-concentre-vitamina-c-serum-facial-bulgaria-rose/1756500242700,1756500242700,GENÉRICO,algolia_public_search,2026-06-08T01:09:23.633431+00:00,,"Serum Facial Concentre Vitamina C 10% Rejuvenece plus La Cooper 30gr Atenúa manchas en la piel. Disminuye apariencia de ojeras y bolsas en el contorno de los ojos del rostro. Unifica en tono de la piel. Con extractos naturales de Centella Asiática, Realiz y Árnica. Modo de uso: Después de limpiar y humedecer su piel, aplicar de 2 a 3 gotas en el rostro o en las yemas de los dedos mediante un masaje suave y luego dar palmaditas y alisar. Dejar secar, puede usarse directamente solo o aplicarse antes de la crema de uso diario o protector solar. - Serum Bulgaria Rosa - LAIKOU 100ml Es un suero facial con extracto de rosa de Bulgaria, una flor que ayuda a hidratar y suavizar la piel. Está diseñado especialmente para la piel seca, que es más propensa a sufrir de arrugas y flacidez. Es un producto ideal para restaurar la elasticidad, la firmeza y la luminosidad de la piel. También ayuda a prevenir y atenuar los signos del envejecimiento, como las líneas de expresión y las manchas. Modo de uso: Solo tienes que aplicar unas gotas sobre la piel limpia y seca, y masajear suavemente hasta su completa absorción. Puedes usarlo por la mañana y por la noche, antes de tu crema hidratante habitual. Cuidado Facial Sérum",,false_no_registro_sanitario,,
Inkafarma,Serum Facial Concentre VitaminaC + Serum Vitamina C California,Serum Facial Concentre VitaminaC + Serum Vitamina C California,,65.90,PEN,available,https://inkafarma.pe/producto/serum-facial-concentre-vitaminac-serum-vitamina-c-california/1756500242686,1756500242686,GENÉRICO,algolia_public_search,2026-06-08T01:09:23.633959+00:00,,"Serum Facial Concentre Vitamina C 10% Rejuvenece plus La Cooper 30gr Atenúa manchas en la piel. Disminuye apariencia de ojeras y bolsas en el contorno de los ojos del rostro. Unifica en tono de la piel. Con extractos naturales de Centella Asiática, Realiz y Árnica. Modo de uso: Después de limpiar y humedecer su piel, aplicar de 2 a 3 gotas en el rostro o en las yemas de los dedos mediante un masaje suave y luego dar palmaditas y alisar. Dejar secar, puede usarse directamente solo o aplicarse antes de la crema de uso diario o protector solar. - Serum California Vitamina C Laikou 100ml Serum facial que contiene vitamina C en dos formas, fosfato de ascorbilo de sodio y ácido ascórbico, que aportan beneficios antioxidantes, anti-acné y aclarantes a tu piel. La vitamina C es un nutriente esencial que tiene propiedades antioxidantes, que ayudan a proteger la piel de los daños causados por los radicales libres y a prevenir el envejecimiento prematuro. También tiene propiedades antiinflamatorias, que calman y suavizan la piel, reduciendo las irritaciones y las rojeces. Además, tiene propiedades aclarantes, que inhiben la producción de melanina, el pigmento que causa las manchas y el oscurecimiento de la piel. Modo de uso: Lava tu rostro con agua tibia y un limpiador adecuado para tu tipo de piel. Aplica unas gotas del serum sobre la yema de tus dedos y distribúyelas por todo el rostro, evitando el contorno de los ojos. Masajea suavemente con movimientos circulares ascendentes hasta que el serum se absorba por completo. Espera unos minutos antes de aplicar tu crema hidratante habitual. Repite este proceso por la mañana y por la noche, después de limpiar tu piel. Cuidado Facial Sérum",,false_no_registro_sanitario,,
Inkafarma,Serum Facial Concentre Vitamina C + Serum Facial Sakura Japan,Serum Facial Concentre Vitamina C + Serum Facial Sakura Japan,,65.90,PEN,available,https://inkafarma.pe/producto/serum-facial-concentre-vitamina-c-serum-facial-sakura-japan/1756500236136,1756500236136,GENÉRICO,algolia_public_search,2026-06-08T01:09:23.634393+00:00,,"Serum Facial Concentre Vitamina C 10% Rejuvenece plus La Cooper 30gr Atenúa manchas en la piel. Disminuye apariencia de ojeras y bolsas en el contorno de los ojos del rostro. Unifica en tono de la piel. Con extractos naturales de Centella Asiática, Realiz y Árnica. Modo de uso: Después de limpiar y humedecer su piel, aplicar de 2 a 3 gotas en el rostro o en las yemas de los dedos mediante un masaje suave y luego dar palmaditas y alisar. Dejar secar, puede usarse directamente solo o aplicarse antes de la crema de uso diario o protector solar. - Serum Facial LAIKOU Japan Sakura Rejuvenecedor 100 ml Sakura tiene los efectos de rejuvenecer e iluminar la piel. Tiene una fuerte función hidratante y puede inhibir eficazmente la pigmentación y reducir la opacidad de la piel, haciendo que su piel sea brillante y radiante. Modo de uso: Lava tu rostro con agua tibia y un limpiador adecuado para tu tipo de piel. Aplica unas gotas del serum sobre la yema de tus dedos y distribúyelas por todo el rostro, evitando el contorno de los ojos. Masajea suavemente con movimientos circulares ascendentes hasta que el serum se absorba por completo. Espera unos minutos antes de aplicar tu crema hidratante habitual. Repite este proceso por la mañana y por la noche, después de limpiar tu piel. Cuidado Facial Sérum",,false_no_registro_sanitario,,
Inkafarma,Serum Facial Concentre Vitamina C + Suero Antiarrugas 24k Oro,Serum Facial Concentre Vitamina C + Suero Antiarrugas 24k Oro,,65.90,PEN,available,https://inkafarma.pe/producto/serum-facial-concentre-vitamina-c-suero-antiarrugas-24k-oro/1756500229866,1756500229866,GENÉRICO,algolia_public_search,2026-06-08T01:09:23.635238+00:00,,"Serum Facial Concentre Vitamina C 10% Rejuvenece plus La Cooper 30gr Atenúa manchas en la piel. Disminuye apariencia de ojeras y bolsas en el contorno de los ojos del rostro. Unifica en tono de la piel. Con extractos naturales de Centella Asiática, Realiz y Árnica. Modo de uso: Después de limpiar y humedecer su piel, aplicar de 2 a 3 gotas en el rostro o en las yemas de los dedos mediante un masaje suave y luego dar palmaditas y alisar. Dejar secar, puede usarse directamente solo o aplicarse antes de la crema de uso diario o protector solar. - Dr Rashel - suero antiarrugas y aclarante 24k oro Beneficios el suero para ojos de oro de 24 quilates ayuda a reducir la apariencia de líneas finas, arrugas, patas de gallo e hinchazón, mientras deja la piel debajo y alrededor de los ojos con un aspecto más firme para un brillo suave y juvenil. Contiene colágeno para combatir la aparición de signos de envejecimiento prematuro, aceites naturales y ácido hialurónico. Modo de Empleo: Aplicar de 1 a 2 gotas sobre un disco de algodón o gasa. Úselo debajo del ojo, en el párpado y alrededor de las patas de gallo hasta que se absorba por completo, use dos veces al día, mañana y noche. Funciona bien solo o debajo del maquillaje. Cuidado Facial Sérum",,false_no_registro_sanitario,,
Inkafarma,Serum Facial Concentre Vitamina C + Locion Corporal Flower,Serum Facial Concentre Vitamina C + Locion Corporal Flower,,65.90,PEN,available,https://inkafarma.pe/producto/serum-facial-concentre-vitamina-c-locion-corporal-flower/1756500180217,1756500180217,GENÉRICO,algolia_public_search,2026-06-08T01:09:23.635771+00:00,,"Serum Facial Concentre Vitamina C 10% Rejuvenece plus La Cooper 30gr Atenúa manchas en la piel. Disminuye apariencia de ojeras y bolsas en el contorno de los ojos del rostro. Unifica en tono de la piel. Con extractos naturales de Centella Asiática, Realiz y Árnica. Modo de uso: Después de limpiar y humedecer su piel, aplicar de 2 a 3 gotas en el rostro o en las yemas de los dedos mediante un masaje suave y luego dar palmaditas y alisar. Dejar secar, puede usarse directamente solo o aplicarse antes de la crema de uso diario o protector solar. - Loción Corporal Floral Flores Prohibidas 260Ml - Bioaqua La crema corporal flores prohibidas es un producto cosmético diseñado específicamente para hidratar, suavizar y proteger la piel del cuerpo. Por lo general, está formulada con ingredientes que ayudan a restaurar la barrera natural de la piel, como humectantes, emolientes y vitaminas. Modo de uso: Antes de aplicar la crema corporal, es importante lavar y secar la piel para eliminar la suciedad, el sudor y otras impurezas. Después de secar la piel con una toalla suave, toma una cantidad suficiente de crema en tus manos. La cantidad variará según el tamaño y la necesidad de hidratación de tu piel. Esparce la crema en las palmas de tus manos y luego aplícala en la piel de todo el cuerpo, concentrándote en áreas secas o que necesiten más hidratación, como codos, rodillas y talones. Una vez que has aplicado la crema, realiza un suave masaje en la piel con movimientos circulares ascendentes. Este masaje no solo ayuda a que la crema se absorba mejor, sino que también estimula la circulación sanguínea y promueve una piel más suave y tonificada. Cuidado Facial Sérum",,false_no_registro_sanitario,,
Inkafarma,Aceite Facial de Vitamina E + Crema Corporal Aroma a Flores,Aceite Facial de Vitamina E + Crema Corporal Aroma a Flores,,65.90,PEN,available,https://inkafarma.pe/producto/aceite-facial-de-vitamina-e-crema-corporal-aroma-a-flores/1756500143232,1756500143232,GENÉRICO,algolia_public_search,2026-06-08T01:09:23.636432+00:00,,"Aceite de almendras Vitamina E 30ml - Rejuvenece El aceite de almendras es uno de los aceites esenciales más utilizados por sus múltiples propiedades naturales, que aportan hidratación y otros beneficios para la piel y el cabello, es un buen desmaquillante natural. Modo de uso: se recomienda usar después de la ducha o baño, después de la depilación y por la noche antes de acostarse, se recomienda también aplicarlo en el cabello con ligeros masajes. - Crema Corporal Cherimoya 286ml Proporciona hidratación de larga duración dejando la piel con una gran sensación de suavidad y además ayuda a evitar el envejecimiento prematuro de la piel. Modo de uso: Aplíquese uniformemente sobre la piel del cuerpo con ligeros masajes circulares. Una o más veces al día. Cuidado Facial Crema facial",,false_no_registro_sanitario,,
Inkafarma,Aceite Facial Vitamina E + Mascarilla de hidratación con AH,Aceite Facial Vitamina E + Mascarilla de hidratación con AH,,65.90,PEN,available,https://inkafarma.pe/producto/aceite-facial-vitamina-e-mascarilla-de-hidratacion-con-ah/1756500060776,1756500060776,GENÉRICO,algolia_public_search,2026-06-08T01:09:23.636901+00:00,,"Aceite de almendras Vitamina E 30ml - Rejuvenece El aceite de almendras es uno de los aceites esenciales más utilizados por sus múltiples propiedades naturales, que aportan hidratación y otros beneficios para la piel y el cabello, es un buen desmaquillante natural. Modo de uso: se recomienda usar después de la ducha o baño, después de la depilación y por la noche antes de acostarse, se recomienda también aplicarlo en el cabello con ligeros masajes. - Mascarilla de Hidratación con Ácido Hialurónico 5 piezas DR RASHEL Prepara la piel para una máxima hidratación, mientras restaura visiblemente su brillo y firmeza naturales y juveniles. Renueva y suaviza la piel con la mascarilla facial de ácido hialurónico, para dejar tu cutis visiblemente más joven. El ácido hialurónico ofrece una hidratación duradera y ayuda a estimular los niveles naturales de colágeno para una piel tersa y revitalizada. Modo de uso: Limpie la piel y retire la mascarilla del paquete. Hay un total de 2 capas de mascarilla facial, retire la película de perla blanca, extienda la mascarilla de seda y aplíquela con cuidado en la cara, descansando sobre la cara durante 15 a 20 minutos. Quítese la mascarilla y dé golpecitos suaves en la cara. El exceso de suero se puede aplicar en el cuello, los hombros y las manos. La cara frontal debe usarse una sola vez. El suero en gel Access en el paquete se puede usar como suero los días siguientes antes de la crema hidratante. Cuidado Facial Limpieza Facial",,false_no_registro_sanitario,,
Inkafarma,Aceite Corporal + Exfoliante e Iluminador + Jabón Vitamina C Dr Rashel,Aceite Corporal + Exfoliante e Iluminador + Jabón Vitamina C Dr Rashel,,99.90,PEN,available,https://inkafarma.pe/producto/aceite-corporal-exfoliante-e-iluminador-jabon-vitamina-c-dr-rashel/1696700376686,1696700376686,DR RASHEL,algolia_public_search,2026-06-08T01:09:23.640330+00:00,,"Producto: Jabón blanqueador ilumador y antienvejecimiento con vitamina C. Este jabón especialmente suave puede limpiar la piel profundamente hasta los poros, nutrir la piel para que esté radiante y suave. Contiene: 50 gr Producto: Aceite corporal Vitamina C Cantidad: 100ml/3.38 oz Beneficio: ayuda a reducir el envejecimiento & ayuda a reparar la piel dañada. Producto: Exfoliante Facial Y Corporal Con Vitamina C, Exfoliante E Iluminador. Origen: China Cantidad: 250gr/8.82oz Beneficio: ayuda a pulir la piel y eliminar las zonas muertas, opacas y escamosas. Tipos de piel: Apto para todas las edades y tipos de piel. Cuidado Facial Exfoliante",,false_no_registro_sanitario,,
Inkafarma,Crema Facial Hidratante Vitamina C + Locion Corporal Passion,Crema Facial Hidratante Vitamina C + Locion Corporal Passion,,49.90,PEN,available,https://inkafarma.pe/producto/crema-facial-hidratante-vitamina-c-locion-corporal-passion/1756499279559,1756499279559,BIOAQUA,algolia_public_search,2026-06-08T01:09:23.641261+00:00,,"Crema Hidratante con Vitamina C Bioaqua Desacelera la oxidación de las células de la piel, evitando así el envejecimiento prematuro de las mismas. Reduce las líneas de expresión. Activa la síntesis de colágeno. Ayuda a reparar los daños en la piel. Minimiza la irritación y hace más efectiva la absorción de las cremas. Deja la piel lisa, limpia y reluciente. Mejora la textura y la calidad de tu piel. Modo de uso: Aplicar una cantidad adecuada sobre el rostro y el cuello y luego masajear suavemente para una mejor absorción. - Loción Corporal Floral Pasion 260Ml - Bioaqua La crema corporal floral pasión es un producto cosmético diseñado específicamente para hidratar, suavizar y proteger la piel del cuerpo. Por lo general, está formulada con ingredientes que ayudan a restaurar la barrera natural de la piel, como humectantes, emolientes y vitaminas. Modo de uso: Antes de aplicar la crema corporal, es importante lavar y secar la piel para eliminar la suciedad, el sudor y otras impurezas. Después de secar la piel con una toalla suave, toma una cantidad suficiente de crema en tus manos. La cantidad variará según el tamaño y la necesidad de hidratación de tu piel. Esparce la crema en las palmas de tus manos y luego aplícala en la piel de todo el cuerpo, concentrándote en áreas secas o que necesiten más hidratación, como codos, rodillas y talones. Una vez que has aplicado la crema, realiza un suave masaje en la piel con movimientos circulares ascendentes. Este masaje no solo ayuda a que la crema se absorba mejor, sino que también estimula la circulación sanguínea y promueve una piel más suave y tonificada. Cuidado Facial Crema facial",,false_no_registro_sanitario,,
Inkafarma,Crema Facial Hidratante Vitamina C + Locion Corporal Vainilla,Crema Facial Hidratante Vitamina C + Locion Corporal Vainilla,,49.90,PEN,available,https://inkafarma.pe/producto/crema-facial-hidratante-vitamina-c-locion-corporal-vainilla/1756499274242,1756499274242,BIOAQUA,algolia_public_search,2026-06-08T01:09:23.641648+00:00,,"Crema Hidratante con Vitamina C Bioaqua Desacelera la oxidación de las células de la piel, evitando así el envejecimiento prematuro de las mismas. Reduce las líneas de expresión. Activa la síntesis de colágeno. Ayuda a reparar los daños en la piel. Minimiza la irritación y hace más efectiva la absorción de las cremas. Deja la piel lisa, limpia y reluciente. Mejora la textura y la calidad de tu piel. Modo de uso: Aplicar una cantidad adecuada sobre el rostro y el cuello y luego masajear suavemente para una mejor absorción. - Locion Corporal Floral Body Lotion Vainilla 260Ml - Bioaqua La textura de la crema de condensación de agua hace que la piel se sienta y absorba, no sea grasosa, nutre y retiene el agua, mejora la piel seca y áspera y la deja tierna, sedosa y suave. Brindándote una maravillosa experiencia sensorial. Instrucciones de uso: Después de la limpieza, tomar una cantidad adecuada de este producto, distribuir uniformemente sobre el rostro y masajear suavemente hasta su absorción. Cuidado Facial Crema facial",,false_no_registro_sanitario,,
Inkafarma,Crema Facial Hidratante Cahnsai Vitamina C 40G Bioaqua 2 Unidades,Crema Facial Hidratante Cahnsai Vitamina C 40G Bioaqua 2 Unidades,,52.00,PEN,available,https://inkafarma.pe/producto/crema-facial-hidratante-cahnsai-vitamina-c-40g-bioaqua-2-unidades/1711983354885,1711983354885,bioaqua,algolia_public_search,2026-06-08T01:09:23.642225+00:00,,"2 Crema Facial Hidratante - Cahnsai Vitamina CDesacelera la oxidación de las células de la piel, evitando así el envejecimiento prematuro de las mismas. Reduce las líneas de expresión. Activa la síntesis de colágeno. Ayuda a reparar los daños en la piel. Minimiza la irritación y hace más efectiva la absorción de las cremas. Deja la piel lisa, limpia y reluciente. Cuidado Facial Crema facial",,false_no_registro_sanitario,,
Inkafarma,Aceite Facial de Vitamina E + Mascarilla Natural De Miel,Aceite Facial de Vitamina E + Mascarilla Natural De Miel,,75.90,PEN,available,https://inkafarma.pe/producto/aceite-facial-de-vitamina-e-mascarilla-natural-de-miel/1756500146947,1756500146947,GENÉRICO,algolia_public_search,2026-06-08T01:09:23.646271+00:00,,"Aceite de almendras Vitamina E 30ml - Rejuvenece El aceite de almendras es uno de los aceites esenciales más utilizados por sus múltiples propiedades naturales, que aportan hidratación y otros beneficios para la piel y el cabello, es un buen desmaquillante natural. Modo de uso: se recomienda usar después de la ducha o baño, después de la depilación y por la noche antes de acostarse, se recomienda también aplicarlo en el cabello con ligeros masajes. - Mascarilla Natural De Miel 30G X 10Pcs BIOAQUA Esta mascarilla a base de extracto de miel nutre tu rostro aportándole belleza y dejándolo más delicado. Gracias a su tacto sedoso, terso y suave, cuida la piel, hidratándola y mejorando la piel seca, pero sobre todo dejándola tersa, suave y llena de vitalidad. Modo de uso: Abre y coloca suavemente la mascarilla sobre el rostro, empezando por la frente, los ojos, la nariz y luego bajando hasta el mentón, adaptándola a la forma de tu rostro. Cuidado Facial Limpieza Facial",,false_no_registro_sanitario,,
Inkafarma,Aceite Facial de Vitamina E + Mascarilla Negra Hyaluronan,Aceite Facial de Vitamina E + Mascarilla Negra Hyaluronan,,75.90,PEN,available,https://inkafarma.pe/producto/aceite-facial-de-vitamina-e-mascarilla-negra-hyaluronan/1756500063023,1756500063023,GENÉRICO,algolia_public_search,2026-06-08T01:09:23.646715+00:00,,"Aceite de almendras Vitamina E 30ml - Rejuvenece El aceite de almendras es uno de los aceites esenciales más utilizados por sus múltiples propiedades naturales, que aportan hidratación y otros beneficios para la piel y el cabello, es un buen desmaquillante natural. Modo de uso: se recomienda usar después de la ducha o baño, después de la depilación y por la noche antes de acostarse, se recomienda también aplicarlo en el cabello con ligeros masajes. - Mascarilla Negra Hidratante Hyaluronan 30G X 10 Uds - Bioaqua Contiene ingredientes humectantes, complementa la piel con la humedad y los nutrientes necesarios. Contiene humedad nutritiva para darle ternura a la piel. La mascarilla nutre e hidrata durante mucho tiempo. Ideal para usar por la mañana para darle a la piel un aspecto fresco durante todo el día. Mientras aplicas la mascarilla, el ácido hialurónico hidrata tu piel, ¡permitiendo que la mascarilla sea más efectiva! Hidratación y ternura para la belleza con la black mask. Material de algodón agradable para la piel para un cuidado delicado y nutritivo. Instrucciones de uso: Después de la limpieza facial, aplique la mascarilla en el rostro y cerca de la piel. Remover después de 15 a 20 minutos, luego masajee suavemente la piel del rostro con la palma. Masajear la esencia hasta su total absorción y lavar con agua limpia Cuidado Facial Limpieza Facial",,false_no_registro_sanitario,,
Inkafarma,Aceite Facial de Vitamina E + Crema Hidratante con Pepino,Aceite Facial de Vitamina E + Crema Hidratante con Pepino,,75.90,PEN,available,https://inkafarma.pe/producto/aceite-facial-de-vitamina-e-crema-hidratante-con-pepino/1756499916426,1756499916426,GENÉRICO,algolia_public_search,2026-06-08T01:09:23.647080+00:00,,"Aceite de almendras Vitamina E 30ml - Rejuvenece El aceite de almendras es uno de los aceites esenciales más utilizados por sus múltiples propiedades naturales, que aportan hidratación y otros beneficios para la piel y el cabello, es un buen desmaquillante natural. Modo de uso: se recomienda usar después de la ducha o baño, después de la depilación y por la noche antes de acostarse, se recomienda también aplicarlo en el cabello con ligeros masajes. - Crema Exfoliante Corporal Hidratante de Pepino Bioaqua Crema Corporal de agua contiene extracto de pepino con un gran efecto hidratante, repone la humedad y mejora la piel seca. Sus poderosas moléculas hidratantes hacen que la piel se vuelva tersa, firme y elástica. Modo de uso: Enjuagar el cuerpo con agua, después aplicar la cantidad deseada del exfoliante y masajear durante un minuto. Retirar los residuos de piel muerta, la suciedad y el producto sobrante con abundante agua. Inmediatamente notará un cambio en el aspecto de la piel, acompañado de una suavidad y sedosidad. Cuidado Facial Crema facial",,false_no_registro_sanitario,,
Inkafarma,Pack Crema Aclaradora V7 50g + Crema Facial Vitamin C 30g - BIOAQUA,Pack Crema Aclaradora V7 50g + Crema Facial Vitamin C 30g - BIOAQUA,,56.00,PEN,available,https://inkafarma.pe/producto/pack-crema-aclaradora-v7-50g-crema-facial-vitamin-c-30g-bioaqua/1755552135241,1755552135241,BIOAQUA,algolia_public_search,2026-06-08T01:09:23.648227+00:00,,"Pack Crema Aclaradora V7 50g + Crema Facial Vitamin C 30g – BIOAQUAIdeal para:Personas que desean aclarar el rostro, reducir manchas y aportar luminosidad antioxidante con un cuidado facial hidratante y uniforme.Beneficios:Crema V7 con múltiples vitaminas que aclaran y unifican el tono de la piel.Crema Facial Vitamin C con efecto antioxidante que aporta luminosidad y ayuda a combatir manchas y signos de fatiga.Combate el aspecto opaco, hidrata y mejora la textura del rostro.Fórmulas ligeras y nutritivas que dejan la piel más uniforme y radiante.Ideal para uso diario en pieles que buscan aclarar e iluminar al mismo tiempo.Modo de uso:Aplicar la Crema V7 sobre la piel limpia por la mañana o noche. Alternar o complementar con la Crema Vitamin C aplicándola de preferencia en el día para potenciar brillo y protección antioxidante. Uso diario.Advertencia:Uso externo. Evitar contacto con los ojos. Suspender uso si observa irritación. Mantener fuera del alcance de los niños. Cuidado Facial Crema facial",,false_no_registro_sanitario,,
Inkafarma,Pack Crema Aclaradora V7 50g + Exfoliante Vitamin C 100g - BIOAQUA,Pack Crema Aclaradora V7 50g + Exfoliante Vitamin C 100g - BIOAQUA,,56.00,PEN,available,https://inkafarma.pe/producto/pack-crema-aclaradora-v7-50g-exfoliante-vitamin-c-100g-bioaqua/1755552130753,1755552130753,BIOAQUA,algolia_public_search,2026-06-08T01:09:23.648622+00:00,,"Pack Crema Aclaradora V7 50g + Exfoliante Vitamin C 100g – BIOAQUAIdeal para:Personas que buscan un tratamiento facial que aclare el tono, reduzca manchas y renueve la piel eliminando células muertas, aportando luminosidad y suavidad al rostro.Beneficios:Crema V7 con vitaminas que ayudan a aclarar, hidratar y uniformar el tono de la piel.Exfoliante Vitamin C que elimina impurezas y células muertas, aportando brillo y efecto antioxidante.Mejora la textura, aporta suavidad y sensación de limpieza profunda.Combate el tono apagado, manchas leves y signos de fatiga.Ideal para pieles opacas o con tono desigual que buscan un efecto iluminador.Modo de uso:Usar el exfoliante sobre la piel húmeda 2–3 veces por semana, masajear suavemente y enjuagar. Luego aplicar la crema V7 sobre el rostro seco, masajeando hasta su completa absorción. La crema puede usarse diariamente.Advertencia:Uso externo. Evitar contacto con los ojos. Suspender su uso si observa irritación. Mantener fuera del alcance de los niños. Cuidado Facial Crema facial",,false_no_registro_sanitario,,
Inkafarma,Parches de Ojos de Vitamina C Fruit of The Wokali 3 Unidades,Parches de Ojos de Vitamina C Fruit of The Wokali 3 Unidades,,101.90,PEN,available,https://inkafarma.pe/producto/parches-de-ojos-de-vitamina-c-fruit-of-the-wokali-3-unidades/1682440241520,1682440241520,Fruit of the Wokali,algolia_public_search,2026-06-08T01:09:23.649940+00:00,,"Hidrata suavemente la piel la piel de los ojos y al mismo tiempo disminuye la ojeras y bolsas que se forman debajo de los ojos dando un aspecto hidratante. Caracteristicas: · Hidratación Profundas · Ojeras claras · Reducir las líneas finas Beneficio: · Mejora la bolsa de ojos con borde negro en los ojos. · Reuce el edema ocular y ayuda a eliminar las ojeras · Ayuda a aliviar las lineas finas y las patas de gallo Modo de uso: Después de limpiar y tonificar, aplique el parche en el área debajo de los ojos con la espátula proporcionada y retire después de 15-20 minutos. Precaución: Evite el contacto con los ojos, mantener fuera del alcance de los niños, mantener en un lugar fresco. Belleza y Accesorios Belleza Facial",,false_no_registro_sanitario,,
Inkafarma,Serum Facial Concentre Vitamina C + Parches de Ojos Vitamina C,Serum Facial Concentre Vitamina C + Parches de Ojos Vitamina C,,59.90,PEN,available,https://inkafarma.pe/producto/serum-facial-concentre-vitamina-c-parches-de-ojos-vitamina-c/1757214553047,1757214553047,GENÉRICO,algolia_public_search,2026-06-08T01:09:23.652952+00:00,,"Serum Facial Concentre Vitamina C 10% Rejuvenece plus La Cooper 30gr Atenúa manchas en la piel. Disminuye apariencia de ojeras y bolsas en el contorno de los ojos del rostro. Unifica en tono de la piel. Con extractos naturales de Centella Asiática, Realiz y Árnica. Modo de uso: Después de limpiar y humedecer su piel, aplicar de 2 a 3 gotas en el rostro o en las yemas de los dedos mediante un masaje suave y luego dar palmaditas y alisar. Dejar secar, puede usarse directamente solo o aplicarse antes de la crema de uso diario o protector solar. - Parche de Ojos Vitamina C- Fruit of the wokali Hidrata suavemente la piel la piel de los ojos y al mismo tiempo disminuye la ojeras y bolsas que se forman debajo de los ojos dando un aspecto hidratante. Características: • Hidratación Profundas • Ojeras claras • Reducir las líneas finas Beneficio: • Mejora la bolsa de ojos con borde negro en los ojos. • Reúse el edema ocular y ayuda a eliminar las ojeras. • Ayuda a aliviar las líneas finas y las patas de gallo. Modo de uso: Después de limpiar y tonificar, aplique el parche en el área debajo de los ojos con la espátula proporcionada y retire después de 15-20 minutos. Cuidado Facial Sérum",,false_no_registro_sanitario,,
Inkafarma,Serum Facial Concentre Vitamina C + Serum Extracto de Arroz 15,Serum Facial Concentre Vitamina C + Serum Extracto de Arroz 15,,59.90,PEN,available,https://inkafarma.pe/producto/serum-facial-concentre-vitamina-c-serum-extracto-de-arroz-15/1757214533336,1757214533336,GENÉRICO,algolia_public_search,2026-06-08T01:09:23.653416+00:00,,"Serum Facial Concentre Vitamina C 10% Rejuvenece plus La Cooper 30gr Atenúa manchas en la piel. Disminuye apariencia de ojeras y bolsas en el contorno de los ojos del rostro. Unifica en tono de la piel. Con extractos naturales de Centella Asiática, Realiz y Árnica. Modo de uso: Después de limpiar y humedecer su piel, aplicar de 2 a 3 gotas en el rostro o en las yemas de los dedos mediante un masaje suave y luego dar palmaditas y alisar. Dejar secar, puede usarse directamente solo o aplicarse antes de la crema de uso diario o protector solar. - Serum Extracto de Arroz con Ácido Hialurónico Bioaqua 15ml Es un sérum facial con extracto de arroz, que ayuda a hidratar y suavizar la piel. Está formulado con una textura ligera y refrescante que se absorbe rápidamente y deja la piel radiante. Es ideal para mejorar el tono y la textura de la piel, ya que el arroz es rico en vitaminas, minerales y antioxidantes que pueden ser beneficiosos para la piel. Con el Serum Rice Raw Pulp ESSENCE Bioaqua, tu piel recibe los beneficios del arroz, que le aportan hidratación, luminosidad y protección. Modo de uso: Limpia y seca la piel con agua tibia. Aplica una cantidad suficiente de serum sobre las manos. Masajea sobre el rostro con movimientos circulares, evitando el contorno de los ojos y la boca. Usa el producto dos veces al día, por la mañana y por la noche. Cuidado Facial Sérum",,false_no_registro_sanitario,,
Inkafarma,Serum Facial Concentre Vitamina C + Parches de Ojos Vitamina C,Serum Facial Concentre Vitamina C + Parches de Ojos Vitamina C,,59.90,PEN,available,https://inkafarma.pe/producto/serum-facial-concentre-vitamina-c-parches-de-ojos-vitamina-c/1756500322846,1756500322846,GENÉRICO,algolia_public_search,2026-06-08T01:09:23.653911+00:00,,"Serum Facial Concentre Vitamina C 10% Rejuvenece plus La Cooper 30gr Atenúa manchas en la piel. Disminuye apariencia de ojeras y bolsas en el contorno de los ojos del rostro. Unifica en tono de la piel. Con extractos naturales de Centella Asiática, Realiz y Árnica. Modo de uso: Después de limpiar y humedecer su piel, aplicar de 2 a 3 gotas en el rostro o en las yemas de los dedos mediante un masaje suave y luego dar palmaditas y alisar. Dejar secar, puede usarse directamente solo o aplicarse antes de la crema de uso diario o protector solar. - Parche de Ojos Vitamina C- Fruit of the wokali Hidrata suavemente la piel la piel de los ojos y al mismo tiempo disminuye la ojeras y bolsas que se forman debajo de los ojos dando un aspecto hidratante. Características: • Hidratación Profundas • Ojeras claras • Reducir las líneas finas Beneficio: • Mejora la bolsa de ojos con borde negro en los ojos. • Reúse el edema ocular y ayuda a eliminar las ojeras. • Ayuda a aliviar las líneas finas y las patas de gallo. Modo de uso: Después de limpiar y tonificar, aplique el parche en el área debajo de los ojos con la espátula proporcionada y retire después de 15-20 minutos. Cuidado Facial Sérum",,false_no_registro_sanitario,,
Inkafarma,Serum Facial Concentre Vitamina C + Crema Blanqueadora Íntima,Serum Facial Concentre Vitamina C + Crema Blanqueadora Íntima,,59.90,PEN,available,https://inkafarma.pe/producto/serum-facial-concentre-vitamina-c-crema-blanqueadora-intima/1756500283653,1756500283653,GENÉRICO,algolia_public_search,2026-06-08T01:09:23.654405+00:00,,"Serum Facial Concentre Vitamina C 10% Rejuvenece plus La Cooper 30gr Atenúa manchas en la piel. Disminuye apariencia de ojeras y bolsas en el contorno de los ojos del rostro. Unifica en tono de la piel. Con extractos naturales de Centella Asiática, Realiz y Árnica. Modo de uso: Después de limpiar y humedecer su piel, aplicar de 2 a 3 gotas en el rostro o en las yemas de los dedos mediante un masaje suave y luego dar palmaditas y alisar. Dejar secar, puede usarse directamente solo o aplicarse antes de la crema de uso diario o protector solar. - Bioaqua Pink rosa, despigmentante Íntimo Natural Crema hidratante: Bioaqua rosa multifuncional contiene ingredientes naturales y ha sido especialmente formulada para ayudar a darle un tono rosa en zonas intimidas, sensibles, y en las áreas más privadas, los labios, el ano y los pezones, etc. Con el uso llegará a devolver el tono natural de su piel. La crema hidrata y suaviza la piel, y con el uso disminuye la melanina para que la piel se vuelva a su color natural. Puede ser una crema para los labios para cuidar tus labios en cualquier lugar y en cualquier momento. Adecuado para la mayoría de los tipos de piel. MODO DE USO: Después de limpiar el cuerpo, aplique sobre la zona (rostro, labios, axilas, pezones, genitales, ano), masaje hasta que se absorba, use 1 - 2 veces al día. Nota: El producto al aplicarse puede dar una sensación de calor en la zona, es normal, solo es el efecto de los ingredientes que contiene. Cuidado Facial Sérum",,false_no_registro_sanitario,,
Inkafarma,Serum Facial Concentre Vitamina C + Crema Extracto de Arroz,Serum Facial Concentre Vitamina C + Crema Extracto de Arroz,,59.90,PEN,available,https://inkafarma.pe/producto/serum-facial-concentre-vitamina-c-crema-extracto-de-arroz/1756500275208,1756500275208,GENÉRICO,algolia_public_search,2026-06-08T01:09:23.654800+00:00,,"Serum Facial Concentre Vitamina C 10% Rejuvenece plus La Cooper 30gr Atenúa manchas en la piel. Disminuye apariencia de ojeras y bolsas en el contorno de los ojos del rostro. Unifica en tono de la piel. Con extractos naturales de Centella Asiática, Realiz y Árnica. Modo de uso: Después de limpiar y humedecer su piel, aplicar de 2 a 3 gotas en el rostro o en las yemas de los dedos mediante un masaje suave y luego dar palmaditas y alisar. Dejar secar, puede usarse directamente solo o aplicarse antes de la crema de uso diario o protector solar. - Crema Facial Aclaradora con Extracto de Arroz Samantha 50gr.: Es un humectante orgánico que nutre la piel con ingredientes naturales. Contiene ricos ingredientes de arroz, cuida suavemente la piel, la hidrata y ayuda a mejorar la sequedad y la deshidratación de la piel, haciendo que la piel esté hidratada, tersa y elástica, y presenta una acabado delicado y suave. Modo de uso: Aplica una cantidad adecuada de la crema en tu rostro o cuello y da un masaje para distribuirla, déjala absorber. Uso día y noche. Cuidado Facial Sérum",,false_no_registro_sanitario,,
Inkafarma,Serum Facial Concentre Vitamina C + Parches de Ojos AH,Serum Facial Concentre Vitamina C + Parches de Ojos AH,,59.90,PEN,available,https://inkafarma.pe/producto/serum-facial-concentre-vitamina-c-parches-de-ojos-ah/1756500272747,1756500272747,GENÉRICO,algolia_public_search,2026-06-08T01:09:23.655116+00:00,,"Serum Facial Concentre Vitamina C 10% Rejuvenece plus La Cooper 30gr Atenúa manchas en la piel. Disminuye apariencia de ojeras y bolsas en el contorno de los ojos del rostro. Unifica en tono de la piel. Con extractos naturales de Centella Asiática, Realiz y Árnica. Modo de uso: Después de limpiar y humedecer su piel, aplicar de 2 a 3 gotas en el rostro o en las yemas de los dedos mediante un masaje suave y luego dar palmaditas y alisar. Dejar secar, puede usarse directamente solo o aplicarse antes de la crema de uso diario o protector solar. - Mascarillas para Ojeras Acido Hyaluronico- Fruit of the Wokali Hidrata suavemente la piel, los ojos y al mismo tiempo disminuye las ojeras y bolsas que se forman debajo de los ojos. Uso: Después de limpiar y tonificar, aplique el parche en el área debajo de los ojos con la espátula proporcionada y retire después de 18-20 minutos. Cuidado Facial Sérum",,false_no_registro_sanitario,,
Inkafarma,Serum Facial Concentre Vitamina C + Suero Facial ÁH Vitamina E,Serum Facial Concentre Vitamina C + Suero Facial ÁH Vitamina E,,59.90,PEN,available,https://inkafarma.pe/producto/serum-facial-concentre-vitamina-c-suero-facial-ah-vitamina-e/1756500263417,1756500263417,GENÉRICO,algolia_public_search,2026-06-08T01:09:23.655475+00:00,,"Serum Facial Concentre Vitamina C 10% Rejuvenece plus La Cooper 30gr Atenúa manchas en la piel. Disminuye apariencia de ojeras y bolsas en el contorno de los ojos del rostro. Unifica en tono de la piel. Con extractos naturales de Centella Asiática, Realiz y Árnica. Modo de uso: Después de limpiar y humedecer su piel, aplicar de 2 a 3 gotas en el rostro o en las yemas de los dedos mediante un masaje suave y luego dar palmaditas y alisar. Dejar secar, puede usarse directamente solo o aplicarse antes de la crema de uso diario o protector solar. - Suero Facial de Ácido Hialurónico con Vitamina E 20gr. El suero facial de ácido hialurónico está diseñado con precisión para revitalizar la piel envejecida, proporcionando los nutrientes clave necesarios para restaurar la piel a su aspecto hermoso y juvenil. Modo de uso: Aplícalo sobre el rostro o cuello en el día o la noche después de la Limpieza. Aplica 3 o 4 gotas con el gotero de suero en la zona deseada y masajea suavemente hasta su absorción. Reduce Hinchazón. Calma y Nutre. Cuidado Facial Sérum",,false_no_registro_sanitario,,
Inkafarma,Serum Facial Concentre Vitamina C + Crema Eliminadora de Acné,Serum Facial Concentre Vitamina C + Crema Eliminadora de Acné,,59.90,PEN,available,https://inkafarma.pe/producto/serum-facial-concentre-vitamina-c-crema-eliminadora-de-acne/1756500258462,1756500258462,GENÉRICO,algolia_public_search,2026-06-08T01:09:23.655909+00:00,,"Serum Facial Concentre Vitamina C 10% Rejuvenece plus La Cooper 30gr Atenúa manchas en la piel. Disminuye apariencia de ojeras y bolsas en el contorno de los ojos del rostro. Unifica en tono de la piel. Con extractos naturales de Centella Asiática, Realiz y Árnica. Modo de uso: Después de limpiar y humedecer su piel, aplicar de 2 a 3 gotas en el rostro o en las yemas de los dedos mediante un masaje suave y luego dar palmaditas y alisar. Dejar secar, puede usarse directamente solo o aplicarse antes de la crema de uso diario o protector solar. - Crema Anti acné Pure Skin Bioaqua: Es una crema que elimina delicadamente el acné y las manchas o cicatrices de la piel, formulada con extractos naturales que tienen propiedades antibacterianas, antiinflamatorias y cicatrizantes. Está diseñada especialmente para la piel grasa, que es más propensa a sufrir de imperfecciones y brillo excesivo. Modo de uso: Limpia y seca la piel con agua tibia. Aplica una cantidad suficiente de la crema sobre las manos húmedas y frótalas hasta hacer espuma. Masajea la espuma sobre el rostro con movimientos circulares, evitando el contorno de los ojos y la boca. Deja actuar la crema durante unos minutos y enjuaga con abundante agua hasta retirarla completamente. Seca la piel con una toalla suave y aplica el suero Pure Skin para completar el tratamiento. Usa el producto dos veces al día, por la mañana y por la noche. Cuidado Facial Sérum",,false_no_registro_sanitario,,
Inkafarma,Serum Facial Concentre Vitamina C + Serum Extracto de Arroz 15,Serum Facial Concentre Vitamina C + Serum Extracto de Arroz 15,,59.90,PEN,available,https://inkafarma.pe/producto/serum-facial-concentre-vitamina-c-serum-extracto-de-arroz-15/1756500245686,1756500245686,GENÉRICO,algolia_public_search,2026-06-08T01:09:23.656332+00:00,,"Serum Facial Concentre Vitamina C 10% Rejuvenece plus La Cooper 30gr Atenúa manchas en la piel. Disminuye apariencia de ojeras y bolsas en el contorno de los ojos del rostro. Unifica en tono de la piel. Con extractos naturales de Centella Asiática, Realiz y Árnica. Modo de uso: Después de limpiar y humedecer su piel, aplicar de 2 a 3 gotas en el rostro o en las yemas de los dedos mediante un masaje suave y luego dar palmaditas y alisar. Dejar secar, puede usarse directamente solo o aplicarse antes de la crema de uso diario o protector solar. - Serum Extracto de Arroz con Ácido Hialurónico Bioaqua 15ml Es un sérum facial con extracto de arroz, que ayuda a hidratar y suavizar la piel. Está formulado con una textura ligera y refrescante que se absorbe rápidamente y deja la piel radiante. Es ideal para mejorar el tono y la textura de la piel, ya que el arroz es rico en vitaminas, minerales y antioxidantes que pueden ser beneficiosos para la piel. Con el Serum Rice Raw Pulp ESSENCE Bioaqua, tu piel recibe los beneficios del arroz, que le aportan hidratación, luminosidad y protección. Modo de uso: Limpia y seca la piel con agua tibia. Aplica una cantidad suficiente de serum sobre las manos. Masajea sobre el rostro con movimientos circulares, evitando el contorno de los ojos y la boca. Usa el producto dos veces al día, por la mañana y por la noche. Cuidado Facial Sérum",,false_no_registro_sanitario,,
Inkafarma,Serum Facial Concentre Vitamina C + Crema Aclaradora con AH,Serum Facial Concentre Vitamina C + Crema Aclaradora con AH,,59.90,PEN,available,https://inkafarma.pe/producto/serum-facial-concentre-vitamina-c-crema-aclaradora-con-ah/1756500197407,1756500197407,GENÉRICO,algolia_public_search,2026-06-08T01:09:23.657044+00:00,,"Serum Facial Concentre Vitamina C 10% Rejuvenece plus La Cooper 30gr Atenúa manchas en la piel. Disminuye apariencia de ojeras y bolsas en el contorno de los ojos del rostro. Unifica en tono de la piel. Con extractos naturales de Centella Asiática, Realiz y Árnica. Modo de uso: Después de limpiar y humedecer su piel, aplicar de 2 a 3 gotas en el rostro o en las yemas de los dedos mediante un masaje suave y luego dar palmaditas y alisar. Dejar secar, puede usarse directamente solo o aplicarse antes de la crema de uso diario o protector solar. - Crema Aclaradora con Ácido Hialuronico Bioaqua 50gr.: Ayuda a rellenar las líneas de expresión, dejando la piel suave e hidratada. Crema Blanqueadora instantánea, con el uso constante la piel va tomando un tono uniforme y mucho más claro. Contiene ácido hialurónico para combatir arrugas y flacidez, con efecto lifting. Apto para todo tipo de piel. Corrige imperfecciones de la piel. Blanquea inmediatamente, mejora el color de tu piel con su uso constante. Modo de uso: Debes aplicarla manteniendo los dedos planos y presionando suavemente con movimientos ondulares, desde dentro hacia fuera para mejorar la circulación sanguínea. Puede usarse en el día y por la noche. Cuidado Facial Sérum",,false_no_registro_sanitario,,
Inkafarma,Serum Facial Concentre Vitamina C + Mascarilla de ojos Sakura,Serum Facial Concentre Vitamina C + Mascarilla de ojos Sakura,,59.90,PEN,available,https://inkafarma.pe/producto/serum-facial-concentre-vitamina-c-mascarilla-de-ojos-sakura/1756500180286,1756500180286,GENÉRICO,algolia_public_search,2026-06-08T01:09:23.657368+00:00,,"Serum Facial Concentre Vitamina C 10% Rejuvenece plus La Cooper 30gr Atenúa manchas en la piel. Disminuye apariencia de ojeras y bolsas en el contorno de los ojos del rostro. Unifica en tono de la piel. Con extractos naturales de Centella Asiática, Realiz y Árnica. Modo de uso: Después de limpiar y humedecer su piel, aplicar de 2 a 3 gotas en el rostro o en las yemas de los dedos mediante un masaje suave y luego dar palmaditas y alisar. Dejar secar, puede usarse directamente solo o aplicarse antes de la crema de uso diario o protector solar. - Mascarilla para Ojos 2 und Bioaqua: Mascarilla para ojos de efecto tonificante, restaurador, hidratante, de ojeras, de edema, aumento de elasticidad. Ingredientes activos: ácido hialurónico, colágeno, algas. Modo de uso: Retire los parches del paquete y aplicarlos sobre la piel limpia debajo de los ojos. Déjelo actuar durante 20-30 minutos, luego retíralo y deje que el gel activo restante penetre en la piel. Los parches son adecuados para el uso diario. Cuidado Facial Sérum",,false_no_registro_sanitario,,
Inkafarma,Aceite Facial Vitamina E + Mascarilla labial de Colágeno Rosa,Aceite Facial Vitamina E + Mascarilla labial de Colágeno Rosa,,59.90,PEN,available,https://inkafarma.pe/producto/aceite-facial-vitamina-e-mascarilla-labial-de-colageno-rosa/1756500170119,1756500170119,GENÉRICO,algolia_public_search,2026-06-08T01:09:23.657698+00:00,,"Aceite de almendras Vitamina E 30ml - Rejuvenece El aceite de almendras es uno de los aceites esenciales más utilizados por sus múltiples propiedades naturales, que aportan hidratación y otros beneficios para la piel y el cabello, es un buen desmaquillante natural. Modo de uso: se recomienda usar después de la ducha o baño, después de la depilación y por la noche antes de acostarse, se recomienda también aplicarlo en el cabello con ligeros masajes. - Mascarilla Labial De Colágeno Cristalina Rosa Niña 8gr x 10Pcs - BIOAQUA Una mascarilla labial que soluciona el problema de la sequedad. Reduce la sequedad de los labios, mitificando los labios y los hidrata. Modo de uso: Saca la mascarilla para labios con colágeno del envase. Aplique una mascarilla nutritiva en los labios y alísela suavemente para que quede bien ajustada. Espere de 10 a 15 minutos hasta que se absorban el colágeno y los nutrientes. Retire la máscara. Utilice 2-3 veces por semana. El uso frecuente restaurará el aspecto saludable de los labios. Cuidado Facial Limpieza Facial",,false_no_registro_sanitario,,
Inkafarma,Aceite Facial de Vitamina E + Spray Corporal Aclarador V7,Aceite Facial de Vitamina E + Spray Corporal Aclarador V7,,59.90,PEN,available,https://inkafarma.pe/producto/aceite-facial-de-vitamina-e-spray-corporal-aclarador-v7/1756500170087,1756500170087,GENÉRICO,algolia_public_search,2026-06-08T01:09:23.658013+00:00,,"Aceite de almendras Vitamina E 30ml - Rejuvenece El aceite de almendras es uno de los aceites esenciales más utilizados por sus múltiples propiedades naturales, que aportan hidratación y otros beneficios para la piel y el cabello, es un buen desmaquillante natural. Modo de uso: se recomienda usar después de la ducha o baño, después de la depilación y por la noche antes de acostarse, se recomienda también aplicarlo en el cabello con ligeros masajes. - SPRAY ACLARANTE DE CUERPO V7 - BIOAQUA Es una crema hidratante facial que contiene un complejo de siete vitaminas que ayudan a nutrir y revitalizar la piel. Está formulada con una textura ligera y refrescante que se absorbe rápidamente y deja la piel suave y radiante. Modo de uso: Limpia y seca la piel con agua tibia. Aplica una cantidad suficiente de la crema sobre las manos. Masajea sobre el rostro con movimientos circulares, evitando el contorno de los ojos y la boca. Usa el producto dos veces al día, por la mañana y por la noche. Cuidado Facial Crema facial",,false_no_registro_sanitario,,
Inkafarma,Aceite Facial Vitamina E + Mascarilla labial Colágeno Dorada,Aceite Facial Vitamina E + Mascarilla labial Colágeno Dorada,,59.90,PEN,available,https://inkafarma.pe/producto/aceite-facial-vitamina-e-mascarilla-labial-colageno-dorada/1756500168164,1756500168164,GENÉRICO,algolia_public_search,2026-06-08T01:09:23.658320+00:00,,"Aceite de almendras Vitamina E 30ml - Rejuvenece El aceite de almendras es uno de los aceites esenciales más utilizados por sus múltiples propiedades naturales, que aportan hidratación y otros beneficios para la piel y el cabello, es un buen desmaquillante natural. Modo de uso: se recomienda usar después de la ducha o baño, después de la depilación y por la noche antes de acostarse, se recomienda también aplicarlo en el cabello con ligeros masajes. - Mascarilla Labial de Colágeno Cristalina Dorada BIOAQUA Una mascarilla labial que soluciona el problema de la sequedad. Reduce la sequedad de los labios, mitificando los labios y los hidrata. Modo de uso: Saca la mascarilla para labios con colágeno del envase. Aplique una mascarilla nutritiva en los labios y alísela suavemente para que quede bien ajustada. Espere de 10 a 15 minutos hasta que se absorban el colágeno y los nutrientes. Retire la máscara. Utilice 2-3 veces por semana. El uso frecuente restaurará el aspecto saludable de los labios. Cuidado Facial Limpieza Facial",,false_no_registro_sanitario,,
Inkafarma,Aceite Facial de Vitamina E + Gel Corporal Manteca de Karite,Aceite Facial de Vitamina E + Gel Corporal Manteca de Karite,,59.90,PEN,available,https://inkafarma.pe/producto/aceite-facial-de-vitamina-e-gel-corporal-manteca-de-karite/1756500163121,1756500163121,GENÉRICO,algolia_public_search,2026-06-08T01:09:23.658676+00:00,,"Aceite de almendras Vitamina E 30ml - Rejuvenece El aceite de almendras es uno de los aceites esenciales más utilizados por sus múltiples propiedades naturales, que aportan hidratación y otros beneficios para la piel y el cabello, es un buen desmaquillante natural. Modo de uso: se recomienda usar después de la ducha o baño, después de la depilación y por la noche antes de acostarse, se recomienda también aplicarlo en el cabello con ligeros masajes. - Gel Exfoliante Corporal Manteca de Karite Bioaqua Está formulada para brindarle una piel suave y sin imperfecciones. El exfoliante corporal Bioaqua no solo ayudará a eliminar las células muertas de la piel y destapará los poros, sino que también ayudará a prevenir la aparición de acné y aclarará las imperfecciones. Modo de uso: Enjuagar el cuerpo con agua, después aplicar la cantidad deseada del exfoliante y masajear durante un minuto. Retirar los residuos de piel muerta, la suciedad y el producto sobrante con abundante agua. Inmediatamente notará un cambio en el aspecto de la piel, acompañado de una suavidad y sedosidad intensa, en la superficie de la zona donde se aplicó. Usar semanalmente. Cuidado Facial Crema facial",,false_no_registro_sanitario,,
Inkafarma,Aceite Facial de Vitamina E + Serum Facial de arándanos,Aceite Facial de Vitamina E + Serum Facial de arándanos,,59.90,PEN,available,https://inkafarma.pe/producto/aceite-facial-de-vitamina-e-serum-facial-de-arandanos/1756500139968,1756500139968,GENÉRICO,algolia_public_search,2026-06-08T01:09:23.659042+00:00,,"Aceite de almendras Vitamina E 30ml - Rejuvenece El aceite de almendras es uno de los aceites esenciales más utilizados por sus múltiples propiedades naturales, que aportan hidratación y otros beneficios para la piel y el cabello, es un buen desmaquillante natural. Modo de uso: se recomienda usar después de la ducha o baño, después de la depilación y por la noche antes de acostarse, se recomienda también aplicarlo en el cabello con ligeros masajes. - Serum Facial de Arándanos BIOAQUA El Serum Blueberry Essence de BIOAQUA es un producto de cuidado de la piel que contiene extracto de arándano azul, conocido por sus propiedades antioxidantes y antiinflamatorias. Contiene extracto de arándano, que ayuda a la piel a absorber la humedad y la nutrición. Acondiciona la piel, reafirma la piel delicada, mantiene el equilibrio de humedad de la piel. Mejora la aspereza de la piel causada por la falta de humedad y la sequedad, mejora la hidratación de la piel. Modo de uso: El Serum Blueberry Essence tiene una textura ligera y es fácilmente absorbido por la piel. Se recomienda aplicar una pequeña cantidad en la piel limpia y humeda, masajeando suavemente hasta que se absorba completamente. Es mejor aplicarlo en la noche, antes de dormir. Cuidado Facial Crema facial",,false_no_registro_sanitario,,
Inkafarma,Aceite Facial Vitamina E + Mascarilla de Barro Japan Sakura,Aceite Facial Vitamina E + Mascarilla de Barro Japan Sakura,,59.90,PEN,available,https://inkafarma.pe/producto/aceite-facial-vitamina-e-mascarilla-de-barro-japan-sakura/1756500136624,1756500136624,GENÉRICO,algolia_public_search,2026-06-08T01:09:23.659359+00:00,,"Aceite de almendras Vitamina E 30ml - Rejuvenece El aceite de almendras es uno de los aceites esenciales más utilizados por sus múltiples propiedades naturales, que aportan hidratación y otros beneficios para la piel y el cabello, es un buen desmaquillante natural. Modo de uso: se recomienda usar después de la ducha o baño, después de la depilación y por la noche antes de acostarse, se recomienda también aplicarlo en el cabello con ligeros masajes. - Mascarilla De Barro Facial Matcha 85 G - Laikou Esta mascarilla está cargada de ingredientes profundamente nutritivos, hidratantes y curativos. Esta mascarilla de barro con té verde no solo reduce las imperfecciones de la piel, el enrojecimiento, el acné y los puntos negros, sino que también tiene fuertes propiedades antienvejecimiento y antiarrugas, que combaten eficazmente los efectos de envejecimiento. Instrucciones de uso: Después de limpiar su rostro, aplique una cantidad adecuada y masajee uniformemente hasta que la piel del rostro se absorba por completo. Cuidado Facial Limpieza Facial",,false_no_registro_sanitario,,
Inkafarma,Serum Concentre hialurónico + Parches de Ojos Vitamina C,Serum Concentre hialurónico + Parches de Ojos Vitamina C,,59.90,PEN,available,https://inkafarma.pe/producto/serum-concentre-hialuronico-parches-de-ojos-vitamina-c/1756500134029,1756500134029,GENÉRICO,algolia_public_search,2026-06-08T01:09:23.660332+00:00,,"Rejuvenece Plus serum concentre hialurónico - La Cooper 30g Los signos de envejecimiento cutáneo y fotoenvejecimiento se caracteriza por la presencia de arruga finas y profundas, sequedad, flacidez y aspereza de la piel. Así como cambios pigmentarios como manchas y cambios en la totalidad de la piel. El ácido hialurónico actúa como una esponja, capaz de retener grandes cantidades de agua, hidrata la piel de manera profunda además rellena las arrugas y ayuda a recuperar tanto la densidad como el volumen de nuestro rostro. Serum Concentre hialurónico por su composición de ácido hialurónico y vitamina E, antioxidantes nos ayuda a recuperar los niveles de hidratación que habíamos perdido, dándonos como resultado una piel hidratada, firme y elástica. Ayudando a prevenir, reducir y disimular las líneas de expresión y arrugas. Modo de uso: Después de limpiar y humedecer su piel, aplicar de 2 a 3 gotas en el rostro o en las yemas de los dedos mediante un masaje suave y luego dar palmaditas y alisar. Dejar secar, puede usarse directamente solo o aplicarse antes de la crema de uso diario o protector solar. - Parche de Ojos Vitamina C- Fruit of the wokali Hidrata suavemente la piel la piel de los ojos y al mismo tiempo disminuye la ojeras y bolsas que se forman debajo de los ojos dando un aspecto hidratante. Características: • Hidratación Profundas • Ojeras claras • Reducir las líneas finas Beneficio: • Mejora la bolsa de ojos con borde negro en los ojos. • Reúse el edema ocular y ayuda a eliminar las ojeras. • Ayuda a aliviar las líneas finas y las patas de gallo. Modo de uso: Después de limpiar y tonificar, aplique el parche en el área debajo de los ojos con la espátula proporcionada y retire después de 15-20 minutos. Cuidado Facial Sérum",,false_no_registro_sanitario,,
Inkafarma,Aceite Facial Vitamina E + Mascarilla De Barro Facial Matcha,Aceite Facial Vitamina E + Mascarilla De Barro Facial Matcha,,59.90,PEN,available,https://inkafarma.pe/producto/aceite-facial-vitamina-e-mascarilla-de-barro-facial-matcha/1756500083183,1756500083183,GENÉRICO,algolia_public_search,2026-06-08T01:09:23.660996+00:00,,"Aceite de almendras Vitamina E 30ml - Rejuvenece El aceite de almendras es uno de los aceites esenciales más utilizados por sus múltiples propiedades naturales, que aportan hidratación y otros beneficios para la piel y el cabello, es un buen desmaquillante natural. Modo de uso: se recomienda usar después de la ducha o baño, después de la depilación y por la noche antes de acostarse, se recomienda también aplicarlo en el cabello con ligeros masajes. - Mascarilla De Barro Facial Matcha 85 G - Laikou Esta mascarilla está cargada de ingredientes profundamente nutritivos, hidratantes y curativos. Esta mascarilla de barro con té verde no solo reduce las imperfecciones de la piel, el enrojecimiento, el acné y los puntos negros, sino que también tiene fuertes propiedades antienvejecimiento y antiarrugas, que combaten eficazmente los efectos de envejecimiento. Instrucciones de uso: Después de limpiar su rostro, aplique una cantidad adecuada y masajee uniformemente hasta que la piel del rostro se absorba por completo. Cuidado Facial Limpieza Facial",,false_no_registro_sanitario,,
Inkafarma,Aceite Facial Vitamina E + Mascarilla De Barro Perlas Negras,Aceite Facial Vitamina E + Mascarilla De Barro Perlas Negras,,59.90,PEN,available,https://inkafarma.pe/producto/aceite-facial-vitamina-e-mascarilla-de-barro-perlas-negras/1756500077725,1756500077725,GENÉRICO,algolia_public_search,2026-06-08T01:09:23.661296+00:00,,"Aceite de almendras Vitamina E 30ml - Rejuvenece El aceite de almendras es uno de los aceites esenciales más utilizados por sus múltiples propiedades naturales, que aportan hidratación y otros beneficios para la piel y el cabello, es un buen desmaquillante natural. Modo de uso: se recomienda usar después de la ducha o baño, después de la depilación y por la noche antes de acostarse, se recomienda también aplicarlo en el cabello con ligeros masajes. - Crema Facial De Perlas Negras Mascarilla De Barro LAIKOU Los ingredientes activos de la perla negra entran directamente en la piel, aceleran la regeneración celular, exfolian eficazmente y refinan los poros. No solo puede controlar la grasa y nutrir la piel, sino también reponer eficazmente la humedad y la nutrición. Es hipoalergénica no contiene fragancias ni colorantes Modo de uso: Aplicar una capa de mascarilla de barro sobre la piel limpia (evite tocar las áreas de los ojos y los labios. Dejar actuar durante 10-15 minutos. Lavar con agua y limpiar, luego seguir con crema hidratante. Cuidado Facial Limpieza Facial",,false_no_registro_sanitario,,
Inkafarma,Serum Concentre hialurónico + Suero Facial ÁH con Vitamina E,Serum Concentre hialurónico + Suero Facial ÁH con Vitamina E,,59.90,PEN,available,https://inkafarma.pe/producto/serum-concentre-hialuronico-suero-facial-ah-con-vitamina-e/1756500039396,1756500039396,GENÉRICO,algolia_public_search,2026-06-08T01:09:23.662312+00:00,,"Rejuvenece Plus serum concentre hialurónico - La Cooper 30g Los signos de envejecimiento cutáneo y fotoenvejecimiento se caracteriza por la presencia de arruga finas y profundas, sequedad, flacidez y aspereza de la piel. Así como cambios pigmentarios como manchas y cambios en la totalidad de la piel. El ácido hialurónico actúa como una esponja, capaz de retener grandes cantidades de agua, hidrata la piel de manera profunda además rellena las arrugas y ayuda a recuperar tanto la densidad como el volumen de nuestro rostro. Serum Concentre hialurónico por su composición de ácido hialurónico y vitamina E, antioxidantes nos ayuda a recuperar los niveles de hidratación que habíamos perdido, dándonos como resultado una piel hidratada, firme y elástica. Ayudando a prevenir, reducir y disimular las líneas de expresión y arrugas. Modo de uso: Después de limpiar y humedecer su piel, aplicar de 2 a 3 gotas en el rostro o en las yemas de los dedos mediante un masaje suave y luego dar palmaditas y alisar. Dejar secar, puede usarse directamente solo o aplicarse antes de la crema de uso diario o protector solar. - Suero Facial de Ácido Hialurónico con Vitamina E 20gr. El suero facial de ácido hialurónico está diseñado con precisión para revitalizar la piel envejecida, proporcionando los nutrientes clave necesarios para restaurar la piel a su aspecto hermoso y juvenil. Modo de uso: Aplícalo sobre el rostro o cuello en el día o la noche después de la Limpieza. Aplica 3 o 4 gotas con el gotero de suero en la zona deseada y masajea suavemente hasta su absorción. Reduce Hinchazón. Calma y Nutre. Cuidado Facial Sérum",,false_no_registro_sanitario,,
Inkafarma,Aceite Facial Vitamina E + Gel Blanqueador Extracto de Arroz,Aceite Facial Vitamina E + Gel Blanqueador Extracto de Arroz,,59.90,PEN,available,https://inkafarma.pe/producto/aceite-facial-vitamina-e-gel-blanqueador-extracto-de-arroz/1756499899488,1756499899488,GENÉRICO,algolia_public_search,2026-06-08T01:09:23.662619+00:00,,"Aceite de almendras Vitamina E 30ml - Rejuvenece El aceite de almendras es uno de los aceites esenciales más utilizados por sus múltiples propiedades naturales, que aportan hidratación y otros beneficios para la piel y el cabello, es un buen desmaquillante natural. Modo de uso: se recomienda usar después de la ducha o baño, después de la depilación y por la noche antes de acostarse, se recomienda también aplicarlo en el cabello con ligeros masajes. - Gel Exfoliante Blanqueador de Extracto de Arroz 140gr - BIOAQUA El Exfoliante de Arroz Blanqueador de Bioaqua es un producto para el cuidado de la piel que está diseñado para exfoliar suavemente la piel y promover un tono de piel más uniforme y brillante. Modo de uso: Aplica una capa moderada de gel sobre la zona deseada (rostro o cuerpo) de forma uniforme. Masajee la piel por 1-2 minutos hasta que la piel muerta y la suciedad se halla caído. Enjuague bien su rostro con agua tibia. Cuidado Facial Crema facial",,false_no_registro_sanitario,,
Inkafarma,Aceite Facial de Vitamina E + Serum Extracto de Arroz 100ml,Aceite Facial de Vitamina E + Serum Extracto de Arroz 100ml,,59.90,PEN,available,https://inkafarma.pe/producto/aceite-facial-de-vitamina-e-serum-extracto-de-arroz-100ml/1756499881148,1756499881148,GENÉRICO,algolia_public_search,2026-06-08T01:09:23.662988+00:00,,"Aceite de almendras Vitamina E 30ml - Rejuvenece El aceite de almendras es uno de los aceites esenciales más utilizados por sus múltiples propiedades naturales, que aportan hidratación y otros beneficios para la piel y el cabello, es un buen desmaquillante natural. Modo de uso: se recomienda usar después de la ducha o baño, después de la depilación y por la noche antes de acostarse, se recomienda también aplicarlo en el cabello con ligeros masajes. - Serum Extracto de Arroz Samantha 100ml Esencia facial de arroz blanco antiarrugas de colágeno puede complementar y restaurar la humedad perdida. Haz que tu piel sea suave y suave. Reducir inmediatamente la aparición de líneas finas y arrugas.Esencia de poros reducidos: reducir los poros. Apoyar la limpieza y purificación de los poros, minimizar la expansión o obstrucción de los poros y la piel aceitosa con exceso de sebo, reducir los poros y hacer que la piel sea más limpia y saludable. Modo de uso: Lava tu rostro con agua tibia y un limpiador adecuado para tu tipo de piel. Aplica unas gotas del serum sobre la yema de tus dedos y distribúyelas por todo el rostro, evitando el contorno de los ojos. Masajea suavemente con movimientos circulares ascendentes hasta que el serum se absorba por completo. Espera unos minutos antes de aplicar tu crema hidratante habitual. Repite este proceso por la mañana y por la noche, después de limpiar tu piel. Cuidado Facial Crema facial",,false_no_registro_sanitario,,
Inkafarma,Aceite Facial de Vitamina E + Crema Blanqueadora Corporal,Aceite Facial de Vitamina E + Crema Blanqueadora Corporal,,59.90,PEN,available,https://inkafarma.pe/producto/aceite-facial-de-vitamina-e-crema-blanqueadora-corporal/1756499871460,1756499871460,GENÉRICO,algolia_public_search,2026-06-08T01:09:23.663312+00:00,,"Aceite de almendras Vitamina E 30ml - Rejuvenece El aceite de almendras es uno de los aceites esenciales más utilizados por sus múltiples propiedades naturales, que aportan hidratación y otros beneficios para la piel y el cabello, es un buen desmaquillante natural. Modo de uso: se recomienda usar después de la ducha o baño, después de la depilación y por la noche antes de acostarse, se recomienda también aplicarlo en el cabello con ligeros masajes. - Crema Blanqueadora Corporal y Partes Privadas Dr Rashel 100g Esta crema blanqueadora se puede aplicar en la axila, las áreas privadas, los codos, las rodillas, la parte interna del muslo o donde sienta que lo necesita. Contiene nianimicida y ácido hialurónico enriquecido, textura fina, se adaptan a la piel, frotando suavemente con un paño y se distribuyen uniformemente, cubren una variedad de imperfecciones de tamaño, ocultan los poros pequeños. Modo de uso: Aplicar correctamente en el cuerpo (donde deseas blanquear el área) permanecer de 10 a 15 minutos, después de la ducha masajear durante 30 segundos doble efecto, superficie de piel de tono de blanqueamiento instantáneo. La piel suave y blanqueadora se mantiene todo el día. Cuidado Facial Crema facial",,false_no_registro_sanitario,,
Inkafarma,Aceite Facial de Vitamina E + Exfoliante Corporal de Arroz,Aceite Facial de Vitamina E + Exfoliante Corporal de Arroz,,59.90,PEN,available,https://inkafarma.pe/producto/aceite-facial-de-vitamina-e-exfoliante-corporal-de-arroz/1756499868459,1756499868459,GENÉRICO,algolia_public_search,2026-06-08T01:09:23.663599+00:00,,"Aceite de almendras Vitamina E 30ml - Rejuvenece El aceite de almendras es uno de los aceites esenciales más utilizados por sus múltiples propiedades naturales, que aportan hidratación y otros beneficios para la piel y el cabello, es un buen desmaquillante natural. Modo de uso: se recomienda usar después de la ducha o baño, después de la depilación y por la noche antes de acostarse, se recomienda también aplicarlo en el cabello con ligeros masajes. - Exfoliante Corporal de Arroz - Fruit of the Wokali500ml Este exfoliante contiene ingredientes que ayudará a exfoliar suavemente las manchas oscuras y las células muertas para una piel mucho más clara, luminosa y brillante. Blanqueamiento efectivo de la piel, mejora de manera efectiva la piel opaca. Modo de uso: Aplicar una cantidad generosa sobre la piel húmeda masajear suavemente con movimientos circulares y enjuague con abundante agua. Utilice solo dos veces a la semana. Cuidado Facial Exfoliante",,false_no_registro_sanitario,,
Inkafarma,Crema Aclarante Facial + Parches de Ojos de Vitamina C,Crema Aclarante Facial + Parches de Ojos de Vitamina C,,59.90,PEN,available,https://inkafarma.pe/producto/crema-aclarante-facial-parches-de-ojos-de-vitamina-c/1756499322775,1756499322775,GENÉRICO,algolia_public_search,2026-06-08T01:09:23.812267+00:00,,"Crema aclarante facial Samantha Crema efecto cover up, con textura ligera, no grasa. Blanqueadora instantánea, con uso constante la piel va tomando un tono uniforme y mucho más claro. Corrige pequeñas imperfecciones en la piel como tono desigual, manchas oscuras y rojizas, cicatrices. Contiene ácido hialurónico. Modo de uso: Debes aplicarla manteniendo los dedos planos y presionando suavemente con movimientos ondulares, desde dentro hacia fuera para mejorar la circulación sanguínea. Puede usarse en el día y por la noche. - Parches de Ojos de Vitamina C Fruit of The Wokali Hidrata suavemente la piel la piel de los ojos y al mismo tiempo disminuye la ojeras y bolsas que se forman debajo de los ojos dando un aspecto hidratante. Modo de uso: Después de limpiar y tonificar, aplique el parche en el área debajo de los ojos con la espátula proporcionada y retire después de 15-20 minutos. Cuidado Facial Crema facial",,false_no_registro_sanitario,,
Inkafarma,Crema Aclarante Facial + Serum Facial Vitamina C California,Crema Aclarante Facial + Serum Facial Vitamina C California,,59.90,PEN,available,https://inkafarma.pe/producto/crema-aclarante-facial-serum-facial-vitamina-c-california/1756499316903,1756499316903,GENÉRICO,algolia_public_search,2026-06-08T01:09:23.812779+00:00,,"Crema aclarante facial Samantha Crema efecto cover up, con textura ligera, no grasa. Blanqueadora instantánea, con uso constante la piel va tomando un tono uniforme y mucho más claro. Corrige pequeñas imperfecciones en la piel como tono desigual, manchas oscuras y rojizas, cicatrices. Contiene ácido hialurónico. Modo de uso: Debes aplicarla manteniendo los dedos planos y presionando suavemente con movimientos ondulares, desde dentro hacia fuera para mejorar la circulación sanguínea. Puede usarse en el día y por la noche. - Serum California Vitamina C Laikou 100ml Serum facial que contiene vitamina C en dos formas, fosfato de ascorbilo de sodio y ácido ascórbico, que aportan beneficios antioxidantes, anti-acné y aclarantes a tu piel. La vitamina C es un nutriente esencial que tiene propiedades antioxidantes, que ayudan a proteger la piel de los daños causados por los radicales libres y a prevenir el envejecimiento prematuro. También tiene propiedades antiinflamatorias, que calman y suavizan la piel, reduciendo las irritaciones y las rojeces. Además, tiene propiedades aclarantes, que inhiben la producción de melanina, el pigmento que causa las manchas y el oscurecimiento de la piel. Modo de uso: Lava tu rostro con agua tibia y un limpiador adecuado para tu tipo de piel. Aplica unas gotas del serum sobre la yema de tus dedos y distribúyelas por todo el rostro, evitando el contorno de los ojos. Masajea suavemente con movimientos circulares ascendentes hasta que el serum se absorba por completo. Espera unos minutos antes de aplicar tu crema hidratante habitual. Repite este proceso por la mañana y por la noche, después de limpiar tu piel. Cuidado Facial Crema facial",,false_no_registro_sanitario,,
Inkafarma,Crema Facial Hidratante Vitamina C + Crema Gel Antiedad 24k,Crema Facial Hidratante Vitamina C + Crema Gel Antiedad 24k,,59.90,PEN,available,https://inkafarma.pe/producto/crema-facial-hidratante-vitamina-c-crema-gel-antiedad-24k/1756499299303,1756499299303,BIOAQUA,algolia_public_search,2026-06-08T01:09:23.813650+00:00,,"Crema Hidratante con Vitamina C Bioaqua Desacelera la oxidación de las células de la piel, evitando así el envejecimiento prematuro de las mismas. Reduce las líneas de expresión. Activa la síntesis de colágeno. Ayuda a reparar los daños en la piel. Minimiza la irritación y hace más efectiva la absorción de las cremas. Deja la piel lisa, limpia y reluciente. Mejora la textura y la calidad de tu piel. Modo de uso: Aplicar una cantidad adecuada sobre el rostro y el cuello y luego masajear suavemente para una mejor absorción. - Crema Gel Anti edad 24k Gold DR RASHEL La crema en gel de esencia de oro de 24 quilates ilumina y aclara la piel de inmediato mientras reduce las manchas de la edad. Nutre el área de la cara que muestra signos de envejecimiento mientras reduce las líneas y arrugas visibles. El oro puro rellena rápidamente las líneas y arrugas para darle a tu piel una suavidad satinada, realza la textura y rejuvenece la apariencia de la piel. Verdaderamente, el estándar de oro del envejecimiento, este super suero que enriquece la piel recientemente mejorada, con un aroma nuevo y fresco, le da a su rostro un brillo de 24 quilates. Modo de uso: Aplicar una pequeña cantidad sobre el rostro y el cuello perfectamente limpios. Masajea la piel con las yemas de los dedos. Utilizar por la mañana como base de maquillaje hidratante y por la noche como crema de noche nutritiva. Cuidado Facial Crema facial",,false_no_registro_sanitario,,
Inkafarma,Crema Facial Hidratante Vitamina C + Serum Facial Arándanos,Crema Facial Hidratante Vitamina C + Serum Facial Arándanos,,59.90,PEN,available,https://inkafarma.pe/producto/crema-facial-hidratante-vitamina-c-serum-facial-arandanos/1756499299269,1756499299269,BIOAQUA,algolia_public_search,2026-06-08T01:09:23.814096+00:00,,"Crema Hidratante con Vitamina C Bioaqua Desacelera la oxidación de las células de la piel, evitando así el envejecimiento prematuro de las mismas. Reduce las líneas de expresión. Activa la síntesis de colágeno. Ayuda a reparar los daños en la piel. Minimiza la irritación y hace más efectiva la absorción de las cremas. Deja la piel lisa, limpia y reluciente. Mejora la textura y la calidad de tu piel. Modo de uso: Aplicar una cantidad adecuada sobre el rostro y el cuello y luego masajear suavemente para una mejor absorción. - Serum de Arándanos - LAIKOU Es un suero facial con extracto de arándano, una fruta que ayuda a combatir el daño ambiental y a mantener la piel firme y saludable. Es un producto ideal para reducir el enrojecimiento, la apariencia de los poros y la producción de grasa de la piel. El arándano es una fruta rica en vitaminas, minerales y antioxidantes, que ayudan a proteger la piel de los daños causados por los radicales libres y a prevenir el envejecimiento prematuro. También tiene propiedades antiinflamatorias, que calman y suavizan la piel, reduciendo las irritaciones y las rojeces. Modo de uso: Solo tienes que aplicar unas gotas sobre la piel limpia y seca, y masajear suavemente hasta su completa absorción. Puedes usarlo por la mañana y por la noche, antes de tu crema hidratante habitual. Cuidado Facial Crema facial",,false_no_registro_sanitario,,
Inkafarma,Crema Facial Hidratante Vitamina C + Suero AH y Vitamina E,Crema Facial Hidratante Vitamina C + Suero AH y Vitamina E,,59.90,PEN,available,https://inkafarma.pe/producto/crema-facial-hidratante-vitamina-c-suero-ah-y-vitamina-e/1756499297171,1756499297171,BIOAQUA,algolia_public_search,2026-06-08T01:09:23.814473+00:00,,"Crema Hidratante con Vitamina C Bioaqua Desacelera la oxidación de las células de la piel, evitando así el envejecimiento prematuro de las mismas. Reduce las líneas de expresión. Activa la síntesis de colágeno. Ayuda a reparar los daños en la piel. Minimiza la irritación y hace más efectiva la absorción de las cremas. Deja la piel lisa, limpia y reluciente. Mejora la textura y la calidad de tu piel. Modo de uso: Aplicar una cantidad adecuada sobre el rostro y el cuello y luego masajear suavemente para una mejor absorción. - Suero Facial de Ácido Hialurónico con Vitamina E El suero facial de ácido hialurónico esta diseñado con precisión para revitalizar la piel envejecida, proporcionando los nutrientes clave necesarios para restaurar la piel a su aspecto hermoso y juvenil. Modo de uso: Aplícalo sobre el rostro o cuello en el día o la noche después de la limpieza. Aplica 3 o 4 gotas con el gotero de suero en la zona deseada y masajea suavemente hasta su absorción. Cuidado Facial Crema facial",,false_no_registro_sanitario,,
Inkafarma,Crema Facial Hidratante Vitamina C + Mascarilla de ojos Sakura,Crema Facial Hidratante Vitamina C + Mascarilla de ojos Sakura,,59.90,PEN,available,https://inkafarma.pe/producto/crema-facial-hidratante-vitamina-c-mascarilla-de-ojos-sakura/1756499291015,1756499291015,BIOAQUA,algolia_public_search,2026-06-08T01:09:23.814824+00:00,,"Crema Hidratante con Vitamina C Bioaqua Desacelera la oxidación de las células de la piel, evitando así el envejecimiento prematuro de las mismas. Reduce las líneas de expresión. Activa la síntesis de colágeno. Ayuda a reparar los daños en la piel. Minimiza la irritación y hace más efectiva la absorción de las cremas. Deja la piel lisa, limpia y reluciente. Mejora la textura y la calidad de tu piel. Modo de uso: Aplicar una cantidad adecuada sobre el rostro y el cuello y luego masajear suavemente para una mejor absorción. - Mascarilla para Ojos Bioaqua 2und Mascarilla para ojos de efecto tonificante, restaurador, hidratante, de ojeras, de edema, aumento de elasticidad. Ingrediente activo: ácido hialurónico, colágeno, algas. Modo de uso: Retire los parches del paquete y apliquelos sobre la piel limpia debajo de los ojos. Déjelo actuar durante 20-30 minutos, luego retírelo y deje que el gel activo restante penetre en la piel. Los parches son adecuados para el uso diario. Cuidado Facial Limpieza Facial",,false_no_registro_sanitario,,
Inkafarma,Crema Facial Hidratante Vitamina C + Mascarilla labial Rosa,Crema Facial Hidratante Vitamina C + Mascarilla labial Rosa,,59.90,PEN,available,https://inkafarma.pe/producto/crema-facial-hidratante-vitamina-c-mascarilla-labial-rosa/1756499282731,1756499282731,BIOAQUA,algolia_public_search,2026-06-08T01:09:23.815199+00:00,,"Crema Hidratante con Vitamina C Bioaqua Desacelera la oxidación de las células de la piel, evitando así el envejecimiento prematuro de las mismas. Reduce las líneas de expresión. Activa la síntesis de colágeno. Ayuda a reparar los daños en la piel. Minimiza la irritación y hace más efectiva la absorción de las cremas. Deja la piel lisa, limpia y reluciente. Mejora la textura y la calidad de tu piel. Modo de uso: Aplicar una cantidad adecuada sobre el rostro y el cuello y luego masajear suavemente para una mejor absorción. - Mascarilla Labial De Colágeno Cristalina Rosa Niña 8gr x 10Pcs - BIOAQUA Una mascarilla labial que soluciona el problema de la sequedad. Reduce la sequedad de los labios, mitificando los labios y los hidrata. Modo de uso: Saca la mascarilla para labios con colágeno del envase. Aplique una mascarilla nutritiva en los labios y alísela suavemente para que quede bien ajustada. Espere de 10 a 15 minutos hasta que se absorban el colágeno y los nutrientes. Retire la máscara. Utilice 2-3 veces por semana. El uso frecuente restaurará el aspecto saludable de los labios. Cuidado Facial Limpieza Facial",,false_no_registro_sanitario,,
Inkafarma,Crema Facial Hidratante Vitamina C + Serum Bulgaria Rose,Crema Facial Hidratante Vitamina C + Serum Bulgaria Rose,,59.90,PEN,available,https://inkafarma.pe/producto/crema-facial-hidratante-vitamina-c-serum-bulgaria-rose/1756499281713,1756499281713,BIOAQUA,algolia_public_search,2026-06-08T01:09:23.815990+00:00,,"Crema Hidratante con Vitamina C Bioaqua Desacelera la oxidación de las células de la piel, evitando así el envejecimiento prematuro de las mismas. Reduce las líneas de expresión. Activa la síntesis de colágeno. Ayuda a reparar los daños en la piel. Minimiza la irritación y hace más efectiva la absorción de las cremas. Deja la piel lisa, limpia y reluciente. Mejora la textura y la calidad de tu piel. Modo de uso: Aplicar una cantidad adecuada sobre el rostro y el cuello y luego masajear suavemente para una mejor absorción. - Serum Bulgaria Rosa - LAIKOU Es un suero facial con extracto de rosa de Bulgaria, una flor que ayuda a hidratar y suavizar la piel. Está diseñado especialmente para la piel seca, que es más propensa a sufrir de arrugas y flacidez. Es un producto ideal para restaurar la elasticidad, la firmeza y la luminosidad de la piel. También ayuda a prevenir y atenuar los signos del envejecimiento, como las líneas de expresión y las manchas. Modo de uso: Solo tienes que aplicar unas gotas sobre la piel limpia y seca, y masajear suavemente hasta su completa absorción. Puedes usarlo por la mañana y por la noche, antes de tu crema hidratante habitual. Cuidado Facial Crema facial",,false_no_registro_sanitario,,
Inkafarma,Crema Facial Hidratante Vitamina C + Serum France 24k Gold,Crema Facial Hidratante Vitamina C + Serum France 24k Gold,,59.90,PEN,available,https://inkafarma.pe/producto/crema-facial-hidratante-vitamina-c-serum-france-24k-gold/1756499279545,1756499279545,BIOAQUA,algolia_public_search,2026-06-08T01:09:23.817254+00:00,,"Crema Hidratante con Vitamina C Bioaqua Desacelera la oxidación de las células de la piel, evitando así el envejecimiento prematuro de las mismas. Reduce las líneas de expresión. Activa la síntesis de colágeno. Ayuda a reparar los daños en la piel. Minimiza la irritación y hace más efectiva la absorción de las cremas. Deja la piel lisa, limpia y reluciente. Mejora la textura y la calidad de tu piel. Modo de uso: Aplicar una cantidad adecuada sobre el rostro y el cuello y luego masajear suavemente para una mejor absorción. - Serum 24K Snoil France 100ml - Laikou Con el 24K Gold Snail Serum Laikou 100 ML, podrás disfrutar de sus increíbles beneficios y lucir un rostro más joven, luminoso y saludable. Este Serum es un poderoso antioxidante que estimula la producción de colágeno y elastina, las proteínas que mantienen la firmeza y la elasticidad de la piel. Además, le da un brillo que ilumina tu rostro y lo hace lucir más joven Modo de uso: Solo tienes que aplicar unas gotas sobre la piel limpia y seca, y masajear suavemente hasta su completa absorción. Puedes usarlo por la mañana y por la noche, antes de tu crema hidratante habitual. Cuidado Facial Crema facial",,false_no_registro_sanitario,,
Inkafarma,Crema Facial Hidratante Vitamina C + Serum Sakura Japan,Crema Facial Hidratante Vitamina C + Serum Sakura Japan,,59.90,PEN,available,https://inkafarma.pe/producto/crema-facial-hidratante-vitamina-c-serum-sakura-japan/1756499274289,1756499274289,BIOAQUA,algolia_public_search,2026-06-08T01:09:23.817688+00:00,,"Crema Hidratante con Vitamina C Bioaqua Desacelera la oxidación de las células de la piel, evitando así el envejecimiento prematuro de las mismas. Reduce las líneas de expresión. Activa la síntesis de colágeno. Ayuda a reparar los daños en la piel. Minimiza la irritación y hace más efectiva la absorción de las cremas. Deja la piel lisa, limpia y reluciente. Mejora la textura y la calidad de tu piel. Modo de uso: Aplicar una cantidad adecuada sobre el rostro y el cuello y luego masajear suavemente para una mejor absorción. - Serum Facial LAIKOU Japan Sakura Rejuvenecedor 100 ml Sakura tiene los efectos de rejuvenecer e iluminar la piel. Tiene una fuerte función hidratante y puede inhibir eficazmente la pigmentación y reducir la opacidad de la piel, haciendo que su piel sea brillante y radiante. Modo de uso: Lava tu rostro con agua tibia y un limpiador adecuado para tu tipo de piel. Aplica unas gotas del serum sobre la yema de tus dedos y distribúyelas por todo el rostro, evitando el contorno de los ojos. Masajea suavemente con movimientos circulares ascendentes hasta que el serum se absorba por completo. Espera unos minutos antes de aplicar tu crema hidratante habitual. Repite este proceso por la mañana y por la noche, después de limpiar tu piel. Cuidado Facial Crema facial",,false_no_registro_sanitario,,
Inkafarma,Crema Facial Hidratante Vitamina C + Mascarilla labial Dorada,Crema Facial Hidratante Vitamina C + Mascarilla labial Dorada,,59.90,PEN,available,https://inkafarma.pe/producto/crema-facial-hidratante-vitamina-c-mascarilla-labial-dorada/1756499267986,1756499267986,BIOAQUA,algolia_public_search,2026-06-08T01:09:23.818062+00:00,,"Crema Hidratante con Vitamina C Bioaqua Desacelera la oxidación de las células de la piel, evitando así el envejecimiento prematuro de las mismas. Reduce las líneas de expresión. Activa la síntesis de colágeno. Ayuda a reparar los daños en la piel. Minimiza la irritación y hace más efectiva la absorción de las cremas. Deja la piel lisa, limpia y reluciente. Mejora la textura y la calidad de tu piel. Modo de uso: Aplicar una cantidad adecuada sobre el rostro y el cuello y luego masajear suavemente para una mejor absorción. - Mascarilla Labial de Colágeno Cristalina Dorada BIOAQUA Una mascarilla labial que soluciona el problema de la sequedad. Reduce la sequedad de los labios, mitificando los labios y los hidrata. Modo de uso: Saca la mascarilla para labios con colágeno del envase. Aplique una mascarilla nutritiva en los labios y alísela suavemente para que quede bien ajustada. Espere de 10 a 15 minutos hasta que se absorban el colágeno y los nutrientes. Retire la máscara. Utilice 2-3 veces por semana. El uso frecuente restaurará el aspecto saludable de los labios. Cuidado Facial Limpieza Facial",,false_no_registro_sanitario,,
Inkafarma,Crema Facial Hidratante Vitamina C + Parche de Ojos Vitamina C,Crema Facial Hidratante Vitamina C + Parche de Ojos Vitamina C,,59.90,PEN,available,https://inkafarma.pe/producto/crema-facial-hidratante-vitamina-c-parche-de-ojos-vitamina-c/1756499267982,1756499267982,BIOAQUA,algolia_public_search,2026-06-08T01:09:23.818395+00:00,,"Crema Hidratante con Vitamina C Bioaqua Desacelera la oxidación de las células de la piel, evitando así el envejecimiento prematuro de las mismas. Reduce las líneas de expresión. Activa la síntesis de colágeno. Ayuda a reparar los daños en la piel. Minimiza la irritación y hace más efectiva la absorción de las cremas. Deja la piel lisa, limpia y reluciente. Mejora la textura y la calidad de tu piel. Modo de uso: Aplicar una cantidad adecuada sobre el rostro y el cuello y luego masajear suavemente para una mejor absorción. - Parches de Ojos de Vitamina C Fruit of The Wokali Hidrata suavemente la piel la piel de los ojos y al mismo tiempo disminuye la ojeras y bolsas que se forman debajo de los ojos dando un aspecto hidratante. Modo de uso: Después de limpiar y tonificar, aplique el parche en el área debajo de los ojos con la espátula proporcionada y retire después de 15-20 minutos. Cuidado Facial Crema facial",,false_no_registro_sanitario,,
Inkafarma,Crema Facial Hidratante Vitamina C + Serum Acido Hialurónico,Crema Facial Hidratante Vitamina C + Serum Acido Hialurónico,,59.90,PEN,available,https://inkafarma.pe/producto/crema-facial-hidratante-vitamina-c-serum-acido-hialuronico/1756499267979,1756499267979,BIOAQUA,algolia_public_search,2026-06-08T01:09:23.818845+00:00,,"Crema Hidratante con Vitamina C Bioaqua Desacelera la oxidación de las células de la piel, evitando así el envejecimiento prematuro de las mismas. Reduce las líneas de expresión. Activa la síntesis de colágeno. Ayuda a reparar los daños en la piel. Minimiza la irritación y hace más efectiva la absorción de las cremas. Deja la piel lisa, limpia y reluciente. Mejora la textura y la calidad de tu piel. Modo de uso: Aplicar una cantidad adecuada sobre el rostro y el cuello y luego masajear suavemente para una mejor absorción. - Primer Serum Ácido Hialurónico Hidratación 100ml Dr Rashel El suero de ácido hialurónico ayuda a mantener la piel hidratada todo el día y la noche con una capa invisible de humedad. Es un sérum híbrido que difumina suavemente la piel, reduce la apariencia de los poros y las imperfecciones, y deja un efecto iluminador de finos torneados. Logra la máxima hidratación y una apariencia juvenil. Modo de Uso: Aplicar unas gotas en el centro de la cara y masajear hacia el exterior, como último paso del cuidado de la piel antes de aplicar el maquillaje o la base. Se puede utilizar como una imprimación eficaz. También se puede aplicar en capas como un tratamiento localizado para áreas muy texturizadas de la piel. Esto dejará tu piel iluminada, borrosa y suave. Cuidado Facial Crema facial",,false_no_registro_sanitario,,
Inkafarma,Crema Facial Hidratante Vitamina C + Parches de Ojos AH,Crema Facial Hidratante Vitamina C + Parches de Ojos AH,,59.90,PEN,available,https://inkafarma.pe/producto/crema-facial-hidratante-vitamina-c-parches-de-ojos-ah/1756499257321,1756499257321,BIOAQUA,algolia_public_search,2026-06-08T01:09:23.819176+00:00,,"Crema Hidratante con Vitamina C Bioaqua Desacelera la oxidación de las células de la piel, evitando así el envejecimiento prematuro de las mismas. Reduce las líneas de expresión. Activa la síntesis de colágeno. Ayuda a reparar los daños en la piel. Minimiza la irritación y hace más efectiva la absorción de las cremas. Deja la piel lisa, limpia y reluciente. Mejora la textura y la calidad de tu piel. Modo de uso: Aplicar una cantidad adecuada sobre el rostro y el cuello y luego masajear suavemente para una mejor absorción. - Mascarillas para Ojeras Acido Hyaluronico - Wokali Hidrata suavemente la piel, la piel de los ojos y al mismo tiempo disminuye la ojoera y bolsas que se forman debajo de los ojos. Modo de uso: Después de limpiar y tonificar, aplique el parche en el área debajo de los ojos con la espátula proporcionada y retire después de 18-20 minutos. Cuidado Facial Crema facial",,false_no_registro_sanitario,,
Inkafarma,Crema Facial Hidratante Vitamina C + Limpiador Facial AH,Crema Facial Hidratante Vitamina C + Limpiador Facial AH,,59.90,PEN,available,https://inkafarma.pe/producto/crema-facial-hidratante-vitamina-c-limpiador-facial-ah/1756499255296,1756499255296,BIOAQUA,algolia_public_search,2026-06-08T01:09:23.819596+00:00,,"Crema Hidratante con Vitamina C Bioaqua Desacelera la oxidación de las células de la piel, evitando así el envejecimiento prematuro de las mismas. Reduce las líneas de expresión. Activa la síntesis de colágeno. Ayuda a reparar los daños en la piel. Minimiza la irritación y hace más efectiva la absorción de las cremas. Deja la piel lisa, limpia y reluciente. Mejora la textura y la calidad de tu piel. Modo de uso: Aplicar una cantidad adecuada sobre el rostro y el cuello y luego masajear suavemente para una mejor absorción. - Limpiador de Esencia Mousse Acido Hialurónico - Desmaquillador 125ml Dr Rashel La espuma limpiadora de ácido hialurónico limpia suavemente y desmaquilla el rostro y los ojos. Ayuda a reequilibrar la producción de sebo y deja la piel perfectamente mate. Es una base limpiadora sin jabón que elimina las impurezas y el exceso de sebo a la vez que cierra los poros y deja la piel tersa e hidratada, limpieza. Modo de uso: Bombee una buena cantidad de mousse y use el cepillo para masajear suavemente con movimientos circulares sobre la piel húmeda. Enjuague con agua. Limpie el cabezal del cepillo regularmente. Cuidado Facial Crema facial",,false_no_registro_sanitario,,
Inkafarma,Crema Facial Hidratante Vitamina C + Limpiador Facial Colágeno,Crema Facial Hidratante Vitamina C + Limpiador Facial Colágeno,,59.90,PEN,available,https://inkafarma.pe/producto/crema-facial-hidratante-vitamina-c-limpiador-facial-colageno/1756499255185,1756499255185,BIOAQUA,algolia_public_search,2026-06-08T01:09:23.819985+00:00,,"Crema Hidratante con Vitamina C Bioaqua Desacelera la oxidación de las células de la piel, evitando así el envejecimiento prematuro de las mismas. Reduce las líneas de expresión. Activa la síntesis de colágeno. Ayuda a reparar los daños en la piel. Minimiza la irritación y hace más efectiva la absorción de las cremas. Deja la piel lisa, limpia y reluciente. Mejora la textura y la calidad de tu piel. Modo de uso: Aplicar una cantidad adecuada sobre el rostro y el cuello y luego masajear suavemente para una mejor absorción. - Colágeno Limpieza con Esencia Mousse - Dr. Rashel Desmaquillador Espuma limpiadora de colágeno que elimina todas las impurezas, elimina la acumulación de aceite, ayuda a disminuir las imperfecciones y deja la superficie de la piel suave y limpia. Ayuda a eliminar los restos de maquillaje y residuos, y también ayuda a reparar y calmar la piel. Extracto de colágeno hidrolizado incluido en la fórmula piel, luciendo. Modo de uso: Bombee una buena cantidad de mousse y use el cepillo para masajear suavemente con movimientos circulares sobre la piel húmeda. Enjuague con agua. Limpie el cabezal del cepillo regularmente. Cuidado Facial Crema facial",,false_no_registro_sanitario,,
Inkafarma,Crema Facial Extracto de Arroz + Parches de Ojos Vitamina C,Crema Facial Extracto de Arroz + Parches de Ojos Vitamina C,,59.90,PEN,available,https://inkafarma.pe/producto/crema-facial-extracto-de-arroz-parches-de-ojos-vitamina-c/1756499102143,1756499102143,GENÉRICO,algolia_public_search,2026-06-08T01:09:23.820718+00:00,,"Crema Facial Aclaradora con Extracto de Arroz 50 Gr - Samantha Es un humectante orgánico que nutre la piel con ingredientes naturales. Contiene ricos ingredientes de arroz, cuida suavemente la piel, la hidrata y ayuda a mejorar la sequedad y la deshidratación de la piel, haciendo que la piel esté hidratada, tersa y elástica, y presenta una acabado delicado y suave. Modo de uso: Aplica una cantidad adecuada de la crema en tu rostro o cuello y da un masaje para distribuirla, déjala absorber. Uso día y noche. - Parches de Ojos de Vitamina C Fruit of The Wokali Hidrata suavemente la piel la piel de los ojos y al mismo tiempo disminuye la ojeras y bolsas que se forman debajo de los ojos dando un aspecto hidratante. Modo de uso: Después de limpiar y tonificar, aplique el parche en el área debajo de los ojos con la espátula proporcionada y retire después de 15-20 minutos. Cuidado Facial Crema facial",,false_no_registro_sanitario,,
Inkafarma,Crema Facial Extracto de Arroz + Serum Vitamina C California,Crema Facial Extracto de Arroz + Serum Vitamina C California,,59.90,PEN,available,https://inkafarma.pe/producto/crema-facial-extracto-de-arroz-serum-vitamina-c-california/1756499080525,1756499080525,GENÉRICO,algolia_public_search,2026-06-08T01:09:23.821223+00:00,,"Crema Facial Aclaradora con Extracto de Arroz 50 Gr - Samantha Es un humectante orgánico que nutre la piel con ingredientes naturales. Contiene ricos ingredientes de arroz, cuida suavemente la piel, la hidrata y ayuda a mejorar la sequedad y la deshidratación de la piel, haciendo que la piel esté hidratada, tersa y elástica, y presenta una acabado delicado y suave. Modo de uso: Aplica una cantidad adecuada de la crema en tu rostro o cuello y da un masaje para distribuirla, déjala absorber. Uso día y noche. - Serum California Vitamina C Laikou 100ml Serum facial que contiene vitamina C en dos formas, fosfato de ascorbilo de sodio y ácido ascórbico, que aportan beneficios antioxidantes, anti-acné y aclarantes a tu piel. La vitamina C es un nutriente esencial que tiene propiedades antioxidantes, que ayudan a proteger la piel de los daños causados por los radicales libres y a prevenir el envejecimiento prematuro. También tiene propiedades antiinflamatorias, que calman y suavizan la piel, reduciendo las irritaciones y las rojeces. Además, tiene propiedades aclarantes, que inhiben la producción de melanina, el pigmento que causa las manchas y el oscurecimiento de la piel. Modo de uso: Lava tu rostro con agua tibia y un limpiador adecuado para tu tipo de piel. Aplica unas gotas del serum sobre la yema de tus dedos y distribúyelas por todo el rostro, evitando el contorno de los ojos. Masajea suavemente con movimientos circulares ascendentes hasta que el serum se absorba por completo. Espera unos minutos antes de aplicar tu crema hidratante habitual. Repite este proceso por la mañana y por la noche, después de limpiar tu piel. Cuidado Facial Crema facial",,false_no_registro_sanitario,,
Inkafarma,Crema Facial Antiacné Pure Skin + Crema Hidratante Vitamina C,Crema Facial Antiacné Pure Skin + Crema Hidratante Vitamina C,,59.90,PEN,available,https://inkafarma.pe/producto/crema-facial-antiacne-pure-skin-crema-hidratante-vitamina-c/1756498803921,1756498803921,BIOAQUA,algolia_public_search,2026-06-08T01:09:23.822044+00:00,,"Crema Limpiadora Facial Bioaqua Pure Skin 100g Antiacné Es una crema limpiadora facial con extractos naturales, formulada para remover delicadamente el acné y las manchas o cicatrices de la piel. Está diseñada especialmente para la piel grasa, que es más propensa a sufrir de imperfecciones y brillo excesivo. Modo de uso: Limpia y seca la piel con agua tibia. Aplica una cantidad suficiente de la crema sobre las manos húmedas y frótalas hasta hacer espuma. Masajea la espuma sobre el rostro con movimientos circulares, evitando el contorno de los ojos y la boca. Deja actuar la crema durante unos minutos y enjuaga con abundante agua hasta retirarla completamente. Seca la piel con una toalla suave y aplica el suero Pure Skin para completar el tratamiento. Usa el producto dos veces al día, por la mañana y por la noche. - Crema Hidratante con Vitamina C Bioaqua Desacelera la oxidación de las células de la piel, evitando así el envejecimiento prematuro de las mismas. Reduce las líneas de expresión. Activa la síntesis de colágeno. Ayuda a reparar los daños en la piel. Minimiza la irritación y hace más efectiva la absorción de las cremas. Deja la piel lisa, limpia y reluciente. Mejora la textura y la calidad de tu piel. Modo de uso: Aplicar una cantidad adecuada sobre el rostro y el cuello y luego masajear suavemente para una mejor absorción. Cuidado Facial Crema facial",,false_no_registro_sanitario,,
Inkafarma,Kirkman Mycelized Vitamin A Drops Vitamina A Líquida,Kirkman Mycelized Vitamin A Drops Vitamina A Líquida,,300.00,PEN,available,https://inkafarma.pe/producto/kirkman-mycelized-vitamin-a-drops-vitamina-a-liquida/1772037371691,1772037371691,GENÉRICO,algolia_public_search,2026-06-08T01:09:23.822836+00:00,,"Mycelized Vitamin A Drops de Kirkman es una vitamina A en presentación líquida, formulada con tecnología micelizada para favorecer una mejor absorción. para quienes necesitan apoyo en el sistema inmunológico, salud visual y bienestar general. Kirkman es una marca reconocida por sus estándares de pureza, siendo hipoalergénica y libre de gluten. ✅ Beneficios principales: Apoya la salud visual Contribuye al fortalecimiento del sistema inmunológico Apoya la salud de la piel y mucosas Contribuye al crecimiento y desarrollo saludable Fórmula líquida de fácil administración 🌿 Características: Vitamina A líquida Tecnología micelizada para mejor absorción Suplementos Nutricionales Adultos",,false_no_registro_sanitario,,
Inkafarma,Jabón Blanqueador Iluminador con Vitamina C Dr Rshel 3 Unidades,Jabón Blanqueador Iluminador con Vitamina C Dr Rshel 3 Unidades,,69.00,PEN,available,https://inkafarma.pe/producto/jabon-blanqueador-iluminador-con-vitamina-c-dr-rshel-3-unidades/1666992011574,1666992011574,DR RASHEL,algolia_public_search,2026-06-08T01:09:23.828353+00:00,,"Este jabón especialmente suave puede limpiar la piel profundamente hasta los poros, nutrir la piel para que esté radiante y suave, reducir los melasmas, las pecas y las manchas oscuras, reducir la grasa en la cara, mantener la humedad de la piel, eliminar las manchas que obstruyen la cara y reducir y prevenir formación de acné. Electrobelleza Limpiador Facial",,false_no_registro_sanitario,,
Inkafarma,Aceite Facial de Vitamina E + Crema Correctora De Manchas,Aceite Facial de Vitamina E + Crema Correctora De Manchas,,65.90,PEN,available,https://inkafarma.pe/producto/aceite-facial-de-vitamina-e-crema-correctora-de-manchas/1756500157492,1756500157492,GENÉRICO,algolia_public_search,2026-06-08T01:09:23.829167+00:00,,"Aceite de almendras Vitamina E 30ml - Rejuvenece El aceite de almendras es uno de los aceites esenciales más utilizados por sus múltiples propiedades naturales, que aportan hidratación y otros beneficios para la piel y el cabello, es un buen desmaquillante natural. Modo de uso: se recomienda usar después de la ducha o baño, después de la depilación y por la noche antes de acostarse, se recomienda también aplicarlo en el cabello con ligeros masajes. - Crema Correctora De Manchas Oscuras de Vitamina E DR RASHEL Crema correctora de manchas oscuras con vitamina E que ayuda a hidratar y proteger la piel mientras combate el daño de los radicales libres. La vitamina E es una vitamina natural hidratante, antioxidante y curativa que protege los ácidos grasos de la piel y combate los radicales libres. Esta fórmula se absorbe rápidamente para proteger la piel, reponer la humedad perdida, suavizar y calmar. Modo de uso: Aplicar sobre el rostro y el cuello hasta que se absorba por completo. Aplicar después del suero facial y la crema para los ojos para obtener mejores resultados. Evitar contacto visual. Los resultados mejorarán con el uso diario. Adecuado para la zona del cuello. Cuidado Facial Crema facial",,false_no_registro_sanitario,,
Inkafarma,Aceite Facial de Vitamina E + Crema Elastina y colágeno,Aceite Facial de Vitamina E + Crema Elastina y colágeno,,65.90,PEN,available,https://inkafarma.pe/producto/aceite-facial-de-vitamina-e-crema-elastina-y-colageno/1756500139988,1756500139988,GENÉRICO,algolia_public_search,2026-06-08T01:09:23.829528+00:00,,"Aceite de almendras Vitamina E 30ml - Rejuvenece El aceite de almendras es uno de los aceites esenciales más utilizados por sus múltiples propiedades naturales, que aportan hidratación y otros beneficios para la piel y el cabello, es un buen desmaquillante natural. Modo de uso: se recomienda usar después de la ducha o baño, después de la depilación y por la noche antes de acostarse, se recomienda también aplicarlo en el cabello con ligeros masajes. - Crema Hidratante facial con elastina y colágeno 283g Este hidratante, con colágeno y proteínas de elastina, nutre para suavizar y refrescar la piel. Es fundamental mantener un nivel eficaz de colágeno, ya que interviene en mantener la juventud de la piel. La proteína de elastina proporciona resistencia y confiere elasticidad a los tejidos de la piel. Modo de uso: antes de aplicar limpie el rostro y cuello, aplique una fina capa de forma uniforme hasta que la crema sea absorbida por la piel. Cuidado Facial Crema facial",,false_no_registro_sanitario,,
Inkafarma,Aceite Facial de Vitamina E + Crema Blanqueador de Día,Aceite Facial de Vitamina E + Crema Blanqueador de Día,,65.90,PEN,available,https://inkafarma.pe/producto/aceite-facial-de-vitamina-e-crema-blanqueador-de-dia/1756500139978,1756500139978,GENÉRICO,algolia_public_search,2026-06-08T01:09:23.830274+00:00,,"Aceite de almendras Vitamina E 30ml - Rejuvenece El aceite de almendras es uno de los aceites esenciales más utilizados por sus múltiples propiedades naturales, que aportan hidratación y otros beneficios para la piel y el cabello, es un buen desmaquillante natural. Modo de uso: se recomienda usar después de la ducha o baño, después de la depilación y por la noche antes de acostarse, se recomienda también aplicarlo en el cabello con ligeros masajes. - Crema Blanqueadora de Dia 50gr Dr. Rashel Disminuye las pecas, Reduce la pigmentación, Desvanece las manchas oscuras, Piel más suave y más blanca, Eliminar células muertas y repara, Reduce las ojeras, Brinda rejuvenecimiento.Da a la epidermis una textura sedosa, estimula las reacciones regenerativas, mejora la producción de colágeno y aumenta la elasticidad. Elimina todos los aspectos del marchitamiento, los neutraliza y protege, porque la crema: Limpia. Aumenta el tono de la piel. Nutre e hidrata. Eliminar defectos. Modo de Uso: Aplicar en poca cantidad uniformemente sobre la cara cada mañana después de la limpieza, masajee hasta que esté completamente absorbido. Uso diario. Cuidado Facial Crema facial",,false_no_registro_sanitario,,
Inkafarma,Aceite Facial de Vitamina E + Crema Blanqueador de Noche,Aceite Facial de Vitamina E + Crema Blanqueador de Noche,,65.90,PEN,available,https://inkafarma.pe/producto/aceite-facial-de-vitamina-e-crema-blanqueador-de-noche/1756500136633,1756500136633,GENÉRICO,algolia_public_search,2026-06-08T01:09:23.830689+00:00,,"Aceite de almendras Vitamina E 30ml - Rejuvenece El aceite de almendras es uno de los aceites esenciales más utilizados por sus múltiples propiedades naturales, que aportan hidratación y otros beneficios para la piel y el cabello, es un buen desmaquillante natural. Modo de uso: se recomienda usar después de la ducha o baño, después de la depilación y por la noche antes de acostarse, se recomienda también aplicarlo en el cabello con ligeros masajes. - Crema Blanqueador de Noche Dr. Rashel x 50gr Revitaliza la claridad de la piel y nutre las nuevas células de la piel. Hidrata la piel y proporciona una hidratación intensa para calmar, reparar e hidratar la piel durante la noche. Clínicamente probados para igualar el tono de la piel, reducir las manchas oscuras y la decoloración para una tez más brillante y radiante. Reaviva la claridad de la piel y nutre las nuevas células de la piel, hidrata la piel y brinda una hidratación intensa para calmar, reparar e hidratar la piel durante la noche, mientras los ingredientes activos naturales trabajan para reducir las áreas de hiperpigmentación y decoloración. Modo de uso: Cada noche, después de la limpieza, aplique uniformemente sobre su cara y el cuello. Cuidado Facial Crema facial",,false_no_registro_sanitario,,
Inkafarma,Aceite Facial de Vitamina E + Exfoliante frutos del bosque,Aceite Facial de Vitamina E + Exfoliante frutos del bosque,,65.90,PEN,available,https://inkafarma.pe/producto/aceite-facial-de-vitamina-e-exfoliante-frutos-del-bosque/1756500134025,1756500134025,GENÉRICO,algolia_public_search,2026-06-08T01:09:23.831075+00:00,,"Aceite de almendras Vitamina E 30ml - Rejuvenece El aceite de almendras es uno de los aceites esenciales más utilizados por sus múltiples propiedades naturales, que aportan hidratación y otros beneficios para la piel y el cabello, es un buen desmaquillante natural. Modo de uso: se recomienda usar después de la ducha o baño, después de la depilación y por la noche antes de acostarse, se recomienda también aplicarlo en el cabello con ligeros masajes. - Exfoliante facial frutos del bosque 283g - Nevada. Exfoliante facial ideado para renovar los tejidos del cutis, su novedosa formula actúa como antioxidante protegiendo así el cutis de los radicales libres, retira las células muertas, impurezas y estimula la circulación sanguínea, incorpora el extracto de frutos del bosque que ayuda a prevenir los signos de envejecimiento, manchas, arrugas o flacidez, brindándole un efecto iluminador y un cutis renovado. Modo de uso: Humedezca el rostro con agua. Frote la frente, mejillas y cuello con el exfoliante de frutos del bosque de manera circular sin hacer presión enjuague con agua al clima o fría, aplíquelo 3 a 4 veces por semana para mejores resultados. Cuidado Facial Exfoliante",,false_no_registro_sanitario,,
Inkafarma,Aceite Facial de Vitamina E + Crema Limpiadora Pure Skin,Aceite Facial de Vitamina E + Crema Limpiadora Pure Skin,,65.90,PEN,available,https://inkafarma.pe/producto/aceite-facial-de-vitamina-e-crema-limpiadora-pure-skin/1756500133933,1756500133933,GENÉRICO,algolia_public_search,2026-06-08T01:09:23.831511+00:00,,"Aceite de almendras Vitamina E 30ml - Rejuvenece El aceite de almendras es uno de los aceites esenciales más utilizados por sus múltiples propiedades naturales, que aportan hidratación y otros beneficios para la piel y el cabello, es un buen desmaquillante natural. Modo de uso: se recomienda usar después de la ducha o baño, después de la depilación y por la noche antes de acostarse, se recomienda también aplicarlo en el cabello con ligeros masajes. - Crema Limpiadora Facial Bioaqua Pure Skin 100g Antiacné Es una crema limpiadora facial con extractos naturales, formulada para remover delicadamente el acné y las manchas o cicatrices de la piel. Está diseñada especialmente para la piel grasa, que es más propensa a sufrir de imperfecciones y brillo excesivo. Modo de uso: Limpia y seca la piel con agua tibia. Aplica una cantidad suficiente de la crema sobre las manos húmedas y frótalas hasta hacer espuma. Masajea la espuma sobre el rostro con movimientos circulares, evitando el contorno de los ojos y la boca. Deja actuar la crema durante unos minutos y enjuaga con abundante agua hasta retirarla completamente. Seca la piel con una toalla suave y aplica el suero Pure Skin para completar el tratamiento. Usa el producto dos veces al día, por la mañana y por la noche. Cuidado Facial Crema facial",,false_no_registro_sanitario,,
Inkafarma,Serum Concentre hialurónico + Serum Vitamina C California,Serum Concentre hialurónico + Serum Vitamina C California,,65.90,PEN,available,https://inkafarma.pe/producto/serum-concentre-hialuronico-serum-vitamina-c-california/1756500011139,1756500011139,GENÉRICO,algolia_public_search,2026-06-08T01:09:23.832160+00:00,,"Rejuvenece Plus serum concentre hialurónico - La Cooper 30g Los signos de envejecimiento cutáneo y fotoenvejecimiento se caracteriza por la presencia de arruga finas y profundas, sequedad, flacidez y aspereza de la piel. Así como cambios pigmentarios como manchas y cambios en la totalidad de la piel. El ácido hialurónico actúa como una esponja, capaz de retener grandes cantidades de agua, hidrata la piel de manera profunda además rellena las arrugas y ayuda a recuperar tanto la densidad como el volumen de nuestro rostro. Serum Concentre hialurónico por su composición de ácido hialurónico y vitamina E, antioxidantes nos ayuda a recuperar los niveles de hidratación que habíamos perdido, dándonos como resultado una piel hidratada, firme y elástica. Ayudando a prevenir, reducir y disimular las líneas de expresión y arrugas. Modo de uso: Después de limpiar y humedecer su piel, aplicar de 2 a 3 gotas en el rostro o en las yemas de los dedos mediante un masaje suave y luego dar palmaditas y alisar. Dejar secar, puede usarse directamente solo o aplicarse antes de la crema de uso diario o protector solar. - Serum California Vitamina C Laikou 100ml Serum facial que contiene vitamina C en dos formas, fosfato de ascorbilo de sodio y ácido ascórbico, que aportan beneficios antioxidantes, anti-acné y aclarantes a tu piel. La vitamina C es un nutriente esencial que tiene propiedades antioxidantes, que ayudan a proteger la piel de los daños causados por los radicales libres y a prevenir el envejecimiento prematuro. También tiene propiedades antiinflamatorias, que calman y suavizan la piel, reduciendo las irritaciones y las rojeces. Además, tiene propiedades aclarantes, que inhiben la producción de melanina, el pigmento que causa las manchas y el oscurecimiento de la piel. Modo de uso: Lava tu rostro con agua tibia y un limpiador adecuado para tu tipo de piel. Aplica unas gotas del serum sobre la yema de tus dedos y distribúyelas por todo el rostro, evitando el contorno de los ojos. Masajea suavemente con movimientos circulares ascendentes hasta que el serum se absorba por completo. Espera unos minutos antes de aplicar tu crema hidratante habitual. Repite este proceso por la mañana y por la noche, después de limpiar tu piel. Cuidado Facial Sérum",,false_no_registro_sanitario,,
Inkafarma,Aceite Facial de Vitamina E + Suero Blanqueadora de Manchas,Aceite Facial de Vitamina E + Suero Blanqueadora de Manchas,,65.90,PEN,available,https://inkafarma.pe/producto/aceite-facial-de-vitamina-e-suero-blanqueadora-de-manchas/1756499876476,1756499876476,GENÉRICO,algolia_public_search,2026-06-08T01:09:23.832615+00:00,,"Aceite de almendras Vitamina E 30ml - Rejuvenece El aceite de almendras es uno de los aceites esenciales más utilizados por sus múltiples propiedades naturales, que aportan hidratación y otros beneficios para la piel y el cabello, es un buen desmaquillante natural. Modo de uso: se recomienda usar después de la ducha o baño, después de la depilación y por la noche antes de acostarse, se recomienda también aplicarlo en el cabello con ligeros masajes. - Suero Blanqueadora de Manchas Desvanecidas DR RASHEL Este Suero blanqueador manchas de desvanecimiento hace que tu piel sea más suave y más blanca y reduce o desvanece las manchas oscuras.Este suero facial altamente eficaz ilumina y aclara la piel para una mayor luminosidad. Con el tiempo, disminuye la cantidad y la intensidad de las manchas oscuras y las decoloraciones de la piel, incluso profundas. Minimiza la apariencia de un amplio espectro de manchas oscuras. El uso diario y continuo da como resultado una piel visiblemente más brillante y radiante. Modo de uso: Tratar la piel por la mañana y noche, dispensando de 2 a 4 gotas del producto del tamaño de una perla en la palma de su mano y aplicar uniformemente en el área de decoloración como manchas solares y manchas oscuras. Cuidado Facial Crema facial",,false_no_registro_sanitario,,
Inkafarma,Clorella y Espirulina Pura 3000 mg Superalimento Verde y Detox Natural,Clorella y Espirulina Pura 3000 mg Superalimento Verde y Detox Natural,,199.00,PEN,available,https://inkafarma.pe/producto/Clorella-y-Espirulina-Pura-3000-mg-Superalimento-Verde-y-Detox-Natural/1778988366986,1778988366986,VITAMINA,algolia_public_search,2026-06-08T01:09:23.832973+00:00,,"Descripción Potencia tu nutrición diaria con el complejo premium de Clorella y Espirulina en Cápsulas. Esta fórmula de alta potencia aporta 3000 mg de algas azul-verdes puras, reconocidas mundialmente por ser un superalimento crudo, vegano y rico en proteínas vegetales. Diseñado bajo los más estrictos estándares de pureza, es el aliado perfecto para la desintoxicación del organismo ( detox ), el aumento de la energía y el fortalecimiento celular. Beneficios Principales Poderoso Efecto Detox Natural: La clorofila pura presente en la Clorella ayuda a limpiar el organismo, promoviendo la eliminación de toxinas y metales pesados. Superalimento Altamente Nutritivo: Fuente natural concentrada de proteínas vegetales, vitaminas del complejo B, minerales esenciales y antioxidantes de fácil asimilación. Energía y Vitalidad Sostenida: La combinación sinérgica de estas dos macroalgas combate la fatiga y optimiza la resistencia física e intelectual de forma natural. Pureza Certificada (Libre de BMAA): Cultivado y procesado. Suplementos Nutricionales Adultos",,false_no_registro_sanitario,,
Inkafarma,Parches de Ojos de Vitamina C Fruit of The Wokali 2 Unidades,Parches de Ojos de Vitamina C Fruit of The Wokali 2 Unidades,,69.90,PEN,available,https://inkafarma.pe/producto/parches-de-ojos-de-vitamina-c-fruit-of-the-wokali-2-unidades/1682439568585,1682439568585,Fruit of the Wokali,algolia_public_search,2026-06-08T01:09:23.837388+00:00,,"Hidrata suavemente la piel la piel de los ojos y al mismo tiempo disminuye la ojeras y bolsas que se forman debajo de los ojos dando un aspecto hidratante. Caracteristicas: · Hidratación Profundas · Ojeras claras · Reducir las líneas finas Beneficio: · Mejora la bolsa de ojos con borde negro en los ojos. · Reuce el edema ocular y ayuda a eliminar las ojeras · Ayuda a aliviar las lineas finas y las patas de gallo Modo de uso: Después de limpiar y tonificar, aplique el parche en el área debajo de los ojos con la espátula proporcionada y retire después de 15-20 minutos. Precaución: Evite el contacto con los ojos, mantener fuera del alcance de los niños, mantener en un lugar fresco. Belleza y Accesorios Belleza Facial",,false_no_registro_sanitario,,
Inkafarma,Serum California + Mascarilla con Vitamina C,Serum California + Mascarilla con Vitamina C,,69.90,PEN,available,https://inkafarma.pe/producto/serum-california-mascarilla-con-vitamina-c/1757213054589,1757213054589,GENÉRICO,algolia_public_search,2026-06-08T01:09:23.838243+00:00,,"Serum California Vitamina CLaikou 100ml.: Serum facial que contiene vitamina C en dos formas, fosfatode ascórbico de sodio y ácido ascórbico, que aportan beneficios antioxidantes,antiacné y aclarante a tu piel. La vitamina C es un nutriente esencial quetiene propiedades antioxidantes, que ayudan a proteger la piel de los dañoscausados por los radicales libres y a prevenir el envejecimiento prematuro.También tiene propiedades antiinflamatorias, que calman y suavizan la piel,reduciendo las irritaciones y las rojeces. Además, tiene propiedades aclarantes,que inhiben la producción de melanina, el pigmento que causa las manchas y eloscurecimiento de la piel. Dr. Rashel Mascarilla Vitamina C Mascarilla facial de arcilla de cúrcuma convitamina C natural con propiedades antioxidantes para ayudar a prevenir yrehidratar la piel seca/apagada. Puede mejorar las líneas finas y lasarrugas, la apariencia de enrojecimiento, opacidad y texturairregular. Antioxidante tiene una fuerte capacidad antioxidante querestaura el aspecto de luminosidad de la piel opaca y funciona bien para tratarel tono desigual de la piel. Dejando la piel con una sensación suave,flexible y brillante. Esta mascarilla facial de arcilla desintoxicantetiene la ventaja de exfoliar, elimina la opacidad, la sequedad, exfolia lascélulas muertas de la piel, extrae toxinas y aceites e ilumina la piel. Cuidado Facial Sérum",,false_no_registro_sanitario,,
Inkafarma,Serum California + Gel calmante iluminador con Vitamina C,Serum California + Gel calmante iluminador con Vitamina C,,69.90,PEN,available,https://inkafarma.pe/producto/serum-california-gel-calmante-iluminador-con-vitamina-c/1757213054573,1757213054573,GENÉRICO,algolia_public_search,2026-06-08T01:09:23.838678+00:00,,"Serum California Vitamina CLaikou 100ml.: Serumfacial que contiene vitamina C en dos formas, fosfato de ascórbico de sodio yácido ascórbico, que aportan beneficios antioxidantes, antiacné y aclarante atu piel. La vitamina C es un nutriente esencial que tiene propiedadesantioxidantes, que ayudan a proteger la piel de los daños causados por losradicales libres y a prevenir el envejecimiento prematuro. También tienepropiedades antiinflamatorias, que calman y suavizan la piel, reduciendo lasirritaciones y las rojeces. Además, tiene propiedades aclarantes, que inhibenla producción de melanina, el pigmento que causa las manchas y eloscurecimiento de la piel. Vitamina C Gel calmante iluminador yantienvejecimiento 99% 300gr Dr.RashelVitamin C Brightening & Anti-Aging Soothing Gel 99% Esencia de uñas hidratante para uñas sanas. Crea una apariencia brillante con la prebase de maquillaje. Efecto calmante para pieles simuladas. Suave como la seda para el tratamiento del cabello. Ojos refrescantes y labios hidratantes. Gel calmante para después del afeitado para Hombre. Reponer la humedad del cuerpo. Como mascarilla hidratante Gel calmante multiusos Beneficio :Blanqueamiento, brillo, antienvejecimiento Cuidado Facial Sérum",,false_no_registro_sanitario,,
Inkafarma,Serum California + Crema Facial Hidratante con Vitamina C,Serum California + Crema Facial Hidratante con Vitamina C,,69.90,PEN,available,https://inkafarma.pe/producto/serum-california-crema-facial-hidratante-con-vitamina-c/1757213054531,1757213054531,GENÉRICO,algolia_public_search,2026-06-08T01:09:23.839062+00:00,,"Serum California Vitamina C Laikou 100ml.: Serum facial que contiene vitamina C en dos formas, fosfato de ascórbico de sodio y ácido ascórbico, que aportan beneficios antioxidantes, antiacné y aclarante a tu piel. La vitamina C es un nutriente esencial que tiene propiedades antioxidantes, que ayudan a proteger la piel de los daños causados por los radicales libres y a prevenir el envejecimiento prematuro. También tiene propiedades antiinflamatorias, que calman y suavizan la piel, reduciendo las irritaciones y las rojeces. Además, tiene propiedades aclarantes, que inhiben la producción de melanina, el pigmento que causa las manchas y el oscurecimiento de la piel. Crema Facial Hidratante - Cahnsai Vitamina C: Desacelera la oxidación de las células de la piel, evitando así el envejecimiento prematuro de las mismas. Reduce las líneas de expresión. Activa la síntesis de colágeno. Ayuda a reparar los daños en la piel. Minimiza la irritación y hace más efectiva la absorción de las cremas. Deja la piel lisa, limpia y reluciente. Mejora la textura y la calidad de tu piel Reduce las manchas. Cuidado Facial Crema facial",,false_no_registro_sanitario,,
Inkafarma,Serum Facial Concentre Vitamina C + Suero Blanqueador Oro 24K,Serum Facial Concentre Vitamina C + Suero Blanqueador Oro 24K,,69.90,PEN,available,https://inkafarma.pe/producto/serum-facial-concentre-vitamina-c-suero-blanqueador-oro-24k/1756500318305,1756500318305,GENÉRICO,algolia_public_search,2026-06-08T01:09:23.839476+00:00,,"Serum Facial Concentre Vitamina C 10% Rejuvenece plus La Cooper 30gr Atenúa manchas en la piel. Disminuye apariencia de ojeras y bolsas en el contorno de los ojos del rostro. Unifica en tono de la piel. Con extractos naturales de Centella Asiática, Realiz y Árnica. Modo de uso: Después de limpiar y humedecer su piel, aplicar de 2 a 3 gotas en el rostro o en las yemas de los dedos mediante un masaje suave y luego dar palmaditas y alisar. Dejar secar, puede usarse directamente solo o aplicarse antes de la crema de uso diario o protector solar. - Dr. Rashel 24k - serum de oro 99% Blanqueador Contiene oro puro de 24 quilates, que purifica profundamente la piel, blanquea y reafirma el efecto antiarrugas en uno, ilumina el tono de la piel y mejora la elasticidad de la piel. Puede reparar bien las manchas oscuras de la piel, la cicatriz del acné, puede fortalecer la luminosidad y elasticidad de la piel, humectar y aclarar la piel. Modo de Uso: Aplique unas gotas en la palma de las manos y presione suavemente sobre la cara y el cuello, para obtener los mejores resultados, úselo por la mañana y por la noche. Cuidado Facial Sérum",,false_no_registro_sanitario,,
Inkafarma,Serum Facial Concentre Vitamina C + Serum Suavizante Té Verde,Serum Facial Concentre Vitamina C + Serum Suavizante Té Verde,,69.90,PEN,available,https://inkafarma.pe/producto/serum-facial-concentre-vitamina-c-serum-suavizante-te-verde/1756500297906,1756500297906,GENÉRICO,algolia_public_search,2026-06-08T01:09:23.839921+00:00,,"Serum Facial Concentre Vitamina C 10% Rejuvenece plus La Cooper 30gr Atenúa manchas en la piel. Disminuye apariencia de ojeras y bolsas en el contorno de los ojos del rostro. Unifica en tono de la piel. Con extractos naturales de Centella Asiática, Realiz y Árnica. Modo de uso: Después de limpiar y humedecer su piel, aplicar de 2 a 3 gotas en el rostro o en las yemas de los dedos mediante un masaje suave y luego dar palmaditas y alisar. Dejar secar, puede usarse directamente solo o aplicarse antes de la crema de uso diario o protector solar. - Serum Calmante Suavizante De Té Verde Dr. Rashel La loción de té verde es un humectante enriquecido con extracto de té verde. Esta loción restaura el equilibrio de agua y aceite de la piel, le da a la piel humedad durante todo el día, Alivia y refresca la piel sin acné, dándole una apariencia limpia y saludable. Característica: tonifica y calma la piel, nutre y humecta, para una tez suave y brillante. Modo de empleo: Después de preparar la piel con un tónico, aplique una cantidad adecuada en el rostro y extienda uniformemente, dando palmaditas suaves hasta que se absorba. Si no usa una crema, puede usar la loción para aplicar una capa una o dos veces para mantener la piel húmeda. Siga con una crema hidratante si tiene la piel muy seca. Para un efecto máximo, se recomienda usar la loción en combinación con el tónico. Cuidado Facial Sérum",,false_no_registro_sanitario,,
Inkafarma,Serum Facial Concentre Vitamina C + Serum ácido Hialurónico,Serum Facial Concentre Vitamina C + Serum ácido Hialurónico,,69.90,PEN,available,https://inkafarma.pe/producto/serum-facial-concentre-vitamina-c-serum-acido-hialuronico/1756500297885,1756500297885,GENÉRICO,algolia_public_search,2026-06-08T01:09:23.840338+00:00,,"Serum Facial Concentre Vitamina C 10% Rejuvenece plus La Cooper 30gr Atenúa manchas en la piel. Disminuye apariencia de ojeras y bolsas en el contorno de los ojos del rostro. Unifica en tono de la piel. Con extractos naturales de Centella Asiática, Realiz y Árnica. Modo de uso: Después de limpiar y humedecer su piel, aplicar de 2 a 3 gotas en el rostro o en las yemas de los dedos mediante un masaje suave y luego dar palmaditas y alisar. Dejar secar, puede usarse directamente solo o aplicarse antes de la crema de uso diario o protector solar. - Dr. Rashel ácido hialurónico serum primer de hidratación instantánea El suero de ácido hialurónico ayuda a mantener la piel hidratada todo el día y la noche con una capa invisible de humedad. Es un sérum híbrido que difumina suavemente la piel, reduce la apariencia de los poros y las imperfecciones, y deja un efecto iluminador de finos torneados. Logra la máxima hidratación y una apariencia juvenil. Modo de Uso: Aplicar unas gotas en las yemas de los dedos y masajear hacia afuera, como último paso del cuidado de la piel antes de aplicar el maquillaje/base. Se puede usar como una imprimación eficaz, también se puede aplicar en capas como un tratamiento localizado para áreas muy texturizadas de la piel. Esto dejará tu piel con un cutis iluminado, difuminado y suave. Cuidado Facial Sérum",,false_no_registro_sanitario,,
Inkafarma,Serum Facial Concentre Vitamina C + Suero Corrector de Manchas,Serum Facial Concentre Vitamina C + Suero Corrector de Manchas,,69.90,PEN,available,https://inkafarma.pe/producto/serum-facial-concentre-vitamina-c-suero-corrector-de-manchas/1756500297878,1756500297878,GENÉRICO,algolia_public_search,2026-06-08T01:09:23.840738+00:00,,"Serum Facial Concentre Vitamina C 10% Rejuvenece plus La Cooper 30gr Atenúa manchas en la piel. Disminuye apariencia de ojeras y bolsas en el contorno de los ojos del rostro. Unifica en tono de la piel. Con extractos naturales de Centella Asiática, Realiz y Árnica. Modo de uso: Después de limpiar y humedecer su piel, aplicar de 2 a 3 gotas en el rostro o en las yemas de los dedos mediante un masaje suave y luego dar palmaditas y alisar. Dejar secar, puede usarse directamente solo o aplicarse antes de la crema de uso diario o protector solar. - Dr Rashel- Suero de Vitamina E Corrector de Manchas Oscuras El corrector de manchas oscuras de vitamina E está infundido con colágeno que reduce la apariencia de líneas finas y arrugas y agrega vitalidad a su piel. La vitamina E tiene propiedades antioxidantes que combaten los radicales libres, hidrata la piel y ayudan a reparar la sequedad y el daño. Modo de empleo: Todas las mañanas y noches aplicar de dos a tres gotas en el rostro y el cuello, evitando el contorno de los ojos. Para obtener los mejores resultados, use el suero después de la limpieza, para ayudar a la piel a enfrentar cualquier agresor que esté por venir. Cuidado Facial Sérum",,false_no_registro_sanitario,,
Inkafarma,Serum Facial Concentre Vitamina C + Máscara Kumquat y Chia,Serum Facial Concentre Vitamina C + Máscara Kumquat y Chia,,69.90,PEN,available,https://inkafarma.pe/producto/serum-facial-concentre-vitamina-c-mascara-kumquat-y-chia/1756500283608,1756500283608,GENÉRICO,algolia_public_search,2026-06-08T01:09:23.842122+00:00,,"Serum Facial Concentre Vitamina C 10% Rejuvenece plus La Cooper 30gr Atenúa manchas en la piel. Disminuye apariencia de ojeras y bolsas en el contorno de los ojos del rostro. Unifica en tono de la piel. Con extractos naturales de Centella Asiática, Realiz y Árnica. Modo de uso: Después de limpiar y humedecer su piel, aplicar de 2 a 3 gotas en el rostro o en las yemas de los dedos mediante un masaje suave y luego dar palmaditas y alisar. Dejar secar, puede usarse directamente solo o aplicarse antes de la crema de uso diario o protector solar. - Mascarilla Facial Kumquat Y Chía - Fruit of the Wokaly. La mascarilla en láminas Fruit of The Wokali Kumquat & Chía está enriquecida con el poder revitalizante del extracto de Orange Kumquat, repleta de vitamina C y otros nutrientes esenciales. Esta mascarilla blanquea eficazmente la piel proporcionando hidratación instantánea y bloqueando la pérdida de agua, lo que da como resultado una piel más clara y elástica. Además, el Extracto de Chía presente en la fórmula ofrece una hidratación intensa, dejando la piel suave y flexible, contribuyendo a un aspecto joven y radiante. Modo de uso: Después de lavarse la cara, aplique un tónico adecuado para su tipo de piel. Rasgue la bolsa y coloque la máscara suave en su cara. Dejé la máscara durante 10 a 20 minutos para permitir suficiente tiempo para que los nutrientes se absorban completamente en la piel. Cuidado Facial Sérum",,false_no_registro_sanitario,,
Inkafarma,Serum Facial Concentre Vitamina C + Máscara Arándano y Quinoa,Serum Facial Concentre Vitamina C + Máscara Arándano y Quinoa,,69.90,PEN,available,https://inkafarma.pe/producto/serum-facial-concentre-vitamina-c-mascara-arandano-y-quinoa/1756500263413,1756500263413,GENÉRICO,algolia_public_search,2026-06-08T01:09:23.842727+00:00,,"Serum Facial Concentre Vitamina C 10% Rejuvenece plus La Cooper 30gr Atenúa manchas en la piel. Disminuye apariencia de ojeras y bolsas en el contorno de los ojos del rostro. Unifica en tono de la piel. Con extractos naturales de Centella Asiática, Realiz y Árnica. Modo de uso: Después de limpiar y humedecer su piel, aplicar de 2 a 3 gotas en el rostro o en las yemas de los dedos mediante un masaje suave y luego dar palmaditas y alisar. Dejar secar, puede usarse directamente solo o aplicarse antes de la crema de uso diario o protector solar. - Mascara Facial de Arándano y Quinoa 30mlx10 piezas. Una serie de mascarillas de tela a base de super alimentos, diseñadas para mantener la belleza y salud de la piel del rostro. El extracto de arándano puede reponer eficazmente la humedad en un corto periodo de tiempo, también es rico en minerales y vitamina E, hidrata mientras reafirma y suaviza la piel. El extracto de quinoa regula el estado sensible y frágil de la piel, cuida y repara la piel sensible. Características: • Mejora la inmunidad de la piel. • Estimula la renovación celular. • Fortalecer los vasos sanguíneos. Uso: 1)Después de lavarse la cara, aplique un tónico adecuado para su tipo de piel. 2)Rasgue la bolsa y coloque la máscara suave en su cara. 3)Deje la máscara durante 10 a 20 minutos para permitir suficiente tiempo para que los nutrientes se absorban completamente en la piel. 4) Después de que los nutrientes se hayan absorbido por completo, retira la máscara y de y de palmaditas en la piel suavemente hasta que el exceso de esencia se absorba en la piel. 5)Continúe con su régimen diario de cuidado de la piel usando crema. Cuidado Facial Sérum",,false_no_registro_sanitario,,
Inkafarma,Serum Facial Concentre Vitamina C + Suero Aceite de Rosa,Serum Facial Concentre Vitamina C + Suero Aceite de Rosa,,69.90,PEN,available,https://inkafarma.pe/producto/serum-facial-concentre-vitamina-c-suero-aceite-de-rosa/1756500185366,1756500185366,GENÉRICO,algolia_public_search,2026-06-08T01:09:23.843231+00:00,,"Serum Facial Concentre Vitamina C 10% Rejuvenece plus La Cooper 30gr Atenúa manchas en la piel. Disminuye apariencia de ojeras y bolsas en el contorno de los ojos del rostro. Unifica en tono de la piel. Con extractos naturales de Centella Asiática, Realiz y Árnica. Modo de uso: Después de limpiar y humedecer su piel, aplicar de 2 a 3 gotas en el rostro o en las yemas de los dedos mediante un masaje suave y luego dar palmaditas y alisar. Dejar secar, puede usarse directamente solo o aplicarse antes de la crema de uso diario o protector solar. - Dr. Rashel Suero Hidratante de Utilidad de Aceite de Rosa: El Suero natural de esencia de rosa mosqueta y vitamina e, humecta y repara la piel para lograr un aspecto más joven y vibrante. El aceite de rosa mosqueta brinda efectos de antienvejecimiento al promover la renovación de las células de la piel y aclarar las manchas solares y el acné, reduciendo la apariencia de las arrugas. Como un humectante natural rico en antioxidantes, la vitamina e hidrata la piel a la vez que proporciona beneficios de antienvejecimiento, tales como mejora de la resistencia y elasticidad celular. Beneficios: Este poderoso suero facial, una mezcla natural de aceites de rosa mosqueta y vitamina E, Hidrata y repara la piel para una apariencia más joven y vibrante. de arrugas Como humectante natural rico en antioxidantes, la vitamina E hidrata la piel al mismo tiempo que proporciona beneficios antienvejecimiento, como una mayor resistencia y elasticidad celular. Úselo a diario para lograr una tez más luminosa y radiante. Modo de Uso: Limpie el rostro y cuello. Use las yemas de los dedos para aplicar en el rostro y cuello. Permita que el producto se absorba completamente en la piel antes de aplicar el maquillaje. Se puede usar día y noche. Cuidado Facial Sérum",,false_no_registro_sanitario,,
Inkafarma,Aceite Facial de Vitamina E + Mascarilla Facial de Pitahaya V7,Aceite Facial de Vitamina E + Mascarilla Facial de Pitahaya V7,,69.90,PEN,available,https://inkafarma.pe/producto/aceite-facial-de-vitamina-e-mascarilla-facial-de-pitahaya-v7/1756499912496,1756499912496,GENÉRICO,algolia_public_search,2026-06-08T01:09:23.844534+00:00,,"Aceite de almendras Vitamina E 30ml - Rejuvenece El aceite de almendras es uno de los aceites esenciales más utilizados por sus múltiples propiedades naturales, que aportan hidratación y otros beneficios para la piel y el cabello, es un buen desmaquillante natural. Modo de uso: se recomienda usar después de la ducha o baño, después de la depilación y por la noche antes de acostarse, se recomienda también aplicarlo en el cabello con ligeros masajes. - Mascarilla Facial De Esencia De Pitahaya De Hidratación Profunda V7 30G X 10Pcs - Bioaqua Hidratante suave y refrescante.Contiene varias vitaminas para mejorar la condición de tu piel.Contiene multivitaminas, las ayudan a hidratar la piel, hacen que la piel sea suave y fresca y saludable. Su textura es suave y refrescante.Nutre suavemente la piel, hace que la piel sea suave y sedosa.Contiene ácido hialurónico y otros ingredientes hidratantes que reponen la humedad en la piel y hacen que la piel esté suave.Piel suave hidratada y hermosa. Modo de uso: Después de la limpieza facial, colóquese esta mascarilla en la cara y ajuste el borde de la mascarilla para que se ajuste a su cara. Disfrute de un tiempo de 15 a 20 minutos de mascarilla facial, mientras tanto puede leer libros, mirar televisión o hacer ejercicios. Retire suavemente la mascarilla de abajo hacia arriba, no es necesario que la limpie pronto. Masajee suavemente hasta que la esencia líquida del rostro se absorba por completo. Cuidado Facial Limpieza Facial",,false_no_registro_sanitario,,
Inkafarma,Crema Aclarante Facial + Suero Vitamina E Corrector de Manchas,Crema Aclarante Facial + Suero Vitamina E Corrector de Manchas,,69.90,PEN,available,https://inkafarma.pe/producto/crema-aclarante-facial-suero-vitamina-e-corrector-de-manchas/1756499361581,1756499361581,GENÉRICO,algolia_public_search,2026-06-08T01:09:23.845717+00:00,,"Crema aclarante facial Samantha Crema efecto cover up, con textura ligera, no grasa. Blanqueadora instantánea, con uso constante la piel va tomando un tono uniforme y mucho más claro. Corrige pequeñas imperfecciones en la piel como tono desigual, manchas oscuras y rojizas, cicatrices. Contiene ácido hialurónico. Modo de uso: Debes aplicarla manteniendo los dedos planos y presionando suavemente con movimientos ondulares, desde dentro hacia fuera para mejorar la circulación sanguínea. Puede usarse en el día y por la noche. - Suero de Vitamina E Corrector de Manchas Oscuras DR RASHEL El corrector de manchas oscuras de vitamina E está infundido con colágeno que reduce la apariencia de líneas finas y arrugas y agrega vitalidad a su piel. La vitamina E tiene propiedades antioxidantes que combaten los radicales libres, hidrata la piel y ayudan a reparar la sequedad y el daño. Modo de uso: Todas las mañanas y noches aplicar de dos a tres gotas en el rostro y el cuello, evitando el contorno de los ojos. Para obtener los mejores resultados, use el suero después de la limpieza, para ayudar a la piel a enfrentar cualquier agresor que esté por venir. Cuidado Facial Crema facial",,false_no_registro_sanitario,,
Inkafarma,Crema Facial Hidratante Vitamina C + Máscarilla Kumquat y Chia,Crema Facial Hidratante Vitamina C + Máscarilla Kumquat y Chia,,69.90,PEN,available,https://inkafarma.pe/producto/crema-facial-hidratante-vitamina-c-mascarilla-kumquat-y-chia/1756499299318,1756499299318,BIOAQUA,algolia_public_search,2026-06-08T01:09:23.846117+00:00,,"Crema Hidratante con Vitamina C Bioaqua Desacelera la oxidación de las células de la piel, evitando así el envejecimiento prematuro de las mismas. Reduce las líneas de expresión. Activa la síntesis de colágeno. Ayuda a reparar los daños en la piel. Minimiza la irritación y hace más efectiva la absorción de las cremas. Deja la piel lisa, limpia y reluciente. Mejora la textura y la calidad de tu piel. Modo de uso: Aplicar una cantidad adecuada sobre el rostro y el cuello y luego masajear suavemente para una mejor absorción. - Mascarilla Facial Kumquat Y Chía - Fruit of the Wokaly La mascarilla en láminas Fruit of The Wokali Kumquat & Chia está enriquecida con el poder revitalizante del extracto de Orange Kumquat, repleta de vitamina C y otros nutrientes esenciales. Esta mascarilla blanquea eficazmente la piel, proporcionando hidratación instantánea y bloqueando la pérdida de agua, lo que da como resultado una piel más clara y elástica. Además, el Extracto de Chía presente en la fórmula ofrece una hidratación intensa, dejando la piel suave y flexible, contribuyendo a un aspecto joven y radiante. Modo de uso: Después de lavarse la cara, aplique un tónico adecuado para su tipo de piel.Rasgue la bolsa y coloque la máscara suave en su cara.Deje la máscara durante 10 a 20 minutos para permitir suficiente tiempo para que los nutrientes se absorban completamente en la piel. Cuidado Facial Crema facial",,false_no_registro_sanitario,,
Inkafarma,Aceite Corporal Vitamina C + Crema Facial Concha de Nacar.,Aceite Corporal Vitamina C + Crema Facial Concha de Nacar.,,69.90,PEN,available,https://inkafarma.pe/producto/aceite-corporal-vitamina-c-crema-facial-concha-de-nacar/1756498698284,1756498698284,GENÉRICO,algolia_public_search,2026-06-08T01:09:23.847340+00:00,,"Aceite Corporal Vitamina C Dr Rashel 100ml Aceites naturales ricos en antioxidantes, piel hidratada, suave, iluminada. Beneficios: Ayuda a reparar la piel dañada: repleto de ácidos grasos esenciales, vitaminas y antioxidantes, el aceite corporal ayuda a restaurar la piel seca y dañada a su estado saludable. La barrera protectora de humedad de la piel se fortalece para proteger la piel de la contaminación de la ciudad. Ayuda a reducir los signos del envejecimiento prematuro de la piel. Piel suave e hidratada: Se mezclan múltiples aceites naturales de primera calidad en el aceite corporal para hidratar profundamente la piel, eliminar la sequedad y mantener la piel suave e hidratada durante todo el día. Ayuda a iluminar el cutis: Enriquecido con vitamina C, ayuda a minimizar las imperfecciones y proporciona un tono de piel uniforme y radiante. Modo de Uso: Después del baño, seca tu cuerpo, toma una cantidad adecuada en la palma de tu mano y aplícala en tu cuerpo, masajea suavemente hasta su absorción. - Crema de Concha de Nácar 100gr - LA COOPER La crema concha de nácar por su filtro solar, te ayuda a proteger la piel de las radiaciones UVB y UVA. En su fórmula contiene manteca de karité, es hidratante, nutritiva y suavizante, ayuda a la regeneración y estimulación celular de la piel, retrasa el envejecimiento, atenúa las manchas y espinillas. Contiene antioxidante (vitamina E) que te protegen de los radicales libres, es exfoliante. Modo de uso: Aplícate la crema sobre el rostro de manera uniforme a cualquier hora del día, según necesidad, e incluso de 3 a 4 veces. Cremas Hidratantes Cremas Corporales",,false_no_registro_sanitario,,
Inkafarma,Aceite Corporal Vitamina C + Jabón Iluminador Vitamina C,Aceite Corporal Vitamina C + Jabón Iluminador Vitamina C,,69.90,PEN,available,https://inkafarma.pe/producto/aceite-corporal-vitamina-c-jabon-iluminador-vitamina-c/1756498693387,1756498693387,GENÉRICO,algolia_public_search,2026-06-08T01:09:23.847830+00:00,,"Aceite Corporal Vitamina C Dr Rashel 100ml Aceites naturales ricos en antioxidantes, piel hidratada, suave, iluminada. Beneficios: Ayuda a reparar la piel dañada: repleto de ácidos grasos esenciales, vitaminas y antioxidantes, el aceite corporal ayuda a restaurar la piel seca y dañada a su estado saludable. La barrera protectora de humedad de la piel se fortalece para proteger la piel de la contaminación de la ciudad. Ayuda a reducir los signos del envejecimiento prematuro de la piel. Piel suave e hidratada: Se mezclan múltiples aceites naturales de primera calidad en el aceite corporal para hidratar profundamente la piel, eliminar la sequedad y mantener la piel suave e hidratada durante todo el día. Ayuda a iluminar el cutis: Enriquecido con vitamina C, ayuda a minimizar las imperfecciones y proporciona un tono de piel uniforme y radiante. Modo de Uso: Después del baño, seca tu cuerpo, toma una cantidad adecuada en la palma de tu mano y aplícala en tu cuerpo, masajea suavemente hasta su absorción. - Dr. Rashel - Jabón blanqueador iluminador y antienvejecimiento con vitamina C Jabón de vitamina C que contiene ingredientes nutritivos y vitamina C, para iluminar la piel y reducir las arrugas. Este jabón especialmente suave puede limpiar la piel profundamente hasta los poros, nutrir la piel para que esté radiante y suave, reducir los melasmas, las pecas y las manchas oscuras, reducir la grasa en la cara, mantener la humedad de la piel, eliminar las manchas que obstruyen la cara y reducir y prevenir formación de acné. Modo de uso: Humedezca la piel del rostro con agua tibia, use una red espumosa para batir el jabón en una espuma delicada y rica. Aplicar la espuma sobre el rostro, masajear suavemente la piel limpia con movimientos circulares. Enjuague con agua fría y seque. También se puede usar como limpiador de manos y jabón de baño para limpiar la piel. Cremas Hidratantes Cremas Corporales",,false_no_registro_sanitario,,
Inkafarma,Crema Corporal Colágeno + Aceite Corporal vitamina C.,Crema Corporal Colágeno + Aceite Corporal vitamina C.,,69.90,PEN,available,https://inkafarma.pe/producto/crema-corporal-colageno-aceite-corporal-vitamina-c/1756498659803,1756498659803,GENÉRICO,algolia_public_search,2026-06-08T01:09:23.848242+00:00,,"Gel Exfoliante de Colágeno con Ácido Hialuronico JAMPAQ Diseñado para suavemente eliminar células muertas e impurezas, mientras estimula la circulación sanguínea. Enriquecido con Ácido Hialuronico, este producto ofrece un rejuvenecimiento cutáneo al mismo tiempo que protege la elastina y el colágeno esenciales para una piel saludable. Modo de uso: La crema debe aplicarse en forma abundante 1 ó 2 veces por día sobre la piel del cuerpo, realizando un suave masaje de movimientos circulares ascendentes para estimular el sistema circulatorio. - Aceite Corporal Vitamina C Dr Rashel 100ml Aceites naturales ricos en antioxidantes, piel hidratada, suave, iluminada. Beneficios: Ayuda a reparar la piel dañada: repleto de ácidos grasos esenciales, vitaminas y antioxidantes, el aceite corporal ayuda a restaurar la piel seca y dañada a su estado saludable. La barrera protectora de humedad de la piel se fortalece para proteger la piel de la contaminación de la ciudad. Ayuda a reducir los signos del envejecimiento prematuro de la piel. Piel suave e hidratada: Se mezclan múltiples aceites naturales de primera calidad en el aceite corporal para hidratar profundamente la piel, eliminar la sequedad y mantener la piel suave e hidratada durante todo el día. Ayuda a iluminar el cutis: Enriquecido con vitamina C, ayuda a minimizar las imperfecciones y proporciona un tono de piel uniforme y radiante. Modo de Uso: Después del baño, seca tu cuerpo, toma una cantidad adecuada en la palma de tu mano y aplícala en tu cuerpo, masajea suavemente hasta su absorción. Cremas Hidratantes Cremas Corporales",,false_no_registro_sanitario,,
Inkafarma,Serum California Vitamina C + Crema Facial con Vitamina C,Serum California Vitamina C + Crema Facial con Vitamina C,,69.90,PEN,available,https://inkafarma.pe/producto/serum-california-vitamina-c-crema-facial-con-vitamina-c/1756498538398,1756498538398,BIOAQUA,algolia_public_search,2026-06-08T01:09:23.849010+00:00,,"Serum California Vitamina C Laikou 100ml.: Serum facial que contiene vitamina C en dos formas, fosfato de ascorbilo de sodio y ácido ascórbico, que aportan beneficios antioxidantes, anti-acné y aclarantes a tu piel. La vitamina C es un nutriente esencial que tiene propiedades antioxidantes, que ayudan a proteger la piel de los daños causados por los radicales libres y a prevenir el envejecimiento prematuro. También tiene propiedades antiinflamatorias, que calman y suavizan la piel, reduciendo las irritaciones y las rojeces. Además, tiene propiedades aclarantes, que inhiben la producción de melanina, el pigmento que causa las manchas y el oscurecimiento de la piel. Modo de uso: Lava tu rostro con agua tibia y un limpiador adecuado para tu tipo de piel. Aplica unas gotas del serum sobre la yema de tus dedos y distribuirlas por todo el rostro, evitando el contorno de los ojos. Masajea suavemente con movimientos circulares ascendentes hasta que el serum se absorba por completo. Espera unos minutos antes de aplicar tu crema hidratante habitual. Repite este proceso por la mañana y por la noche, después de limpiar tu piel. Crema Hidratante con Vitamina C Bioaqua: Desacelera la oxidación de las células de la piel, evitando así el envejecimiento prematuro de las mismas. Reduce las líneas de expresión. Activa la síntesis de colágeno. Ayuda a reparar los daños en la piel. Minimiza la irritación y hace más efectiva la absorción de las cremas. Deja la piel lisa, limpia y reluciente. Mejora la textura y la calidad de tu piel. Cuidado Facial Sérum",,false_no_registro_sanitario,,
Inkafarma,Limpiador Facial + Gel Antienvejecimiento con Vitamina C,Limpiador Facial + Gel Antienvejecimiento con Vitamina C,,69.90,PEN,available,https://inkafarma.pe/producto/limpiador-facial-gel-antienvejecimiento-con-vitamina-c/1756498482689,1756498482689,GENÉRICO,algolia_public_search,2026-06-08T01:09:23.849319+00:00,,"Dr. Rashel Vitamina C CON Niacinamide Essence Mousse Limpiador: Beneficios: VC espuma limpiadora aclarante y clarificadora de poros espuma limpiadora. Elimina suavemente el maquillaje, la grasa y las impurezas dejando la tez purificada, calmada y reconfortada. Rico en extracto de VC, promueve la regeneración celular de la piel, preserva el equilibrio de humedad de la piel y ralentiza el envejecimiento de la piel. Es muy adecuado para el día a día. Gel calmante iluminador y antienvejecimiento 99% con Vitamina C 300gr DR RASHEL: Un gel calmante multiusos con una fórmula ligera, libre de aceite y no grasa, enriquece el extracto de Vitamina C, deja la piel brillante, reduce las manchas oscuras, está bien nutrida y juvenil. Es un tipo de gel humectante que administra humedad y una sensación refrescante en la piel. Los extractos de vitamina C iluminan la piel, la revitalizan para igualar. Modo de uso: Aplica una cantidad en el rostro o zona del cuerpo a hidratar, funciona como humectante corporal. Cuidado Facial Limpieza Facial",,false_no_registro_sanitario,,
Inkafarma,Serum California con Vitamina C + Exfoliante de Albaricoque,Serum California con Vitamina C + Exfoliante de Albaricoque,,69.90,PEN,available,https://inkafarma.pe/producto/serum-california-con-vitamina-c-exfoliante-de-albaricoque/1756498429768,1756498429768,GENÉRICO,algolia_public_search,2026-06-08T01:09:23.849662+00:00,,"Serum California Vitamina CLaikou 100ml.: Serumfacial que contiene vitamina C en dos formas, fosfato de ascórbico de sodio yácido ascórbico, que aportan beneficios antioxidantes, antiacné y aclarante atu piel. La vitamina C es un nutriente esencial que tiene propiedadesantioxidantes, que ayudan a proteger la piel de los daños causados por losradicales libres y a prevenir el envejecimiento prematuro. También tienepropiedades antiinflamatorias, que calman y suavizan la piel, reduciendo lasirritaciones y las rojeces. Además, tiene propiedades aclarantes, que inhibenla producción de melanina, el pigmento que causa las manchas y eloscurecimiento de la piel. Exfoliante deAlbaricoque 200ml: Retira las célulasmuertas, impurezas y estimula la circulación sanguínea. Incorpora el extractode albaricoque que realiza un exfoliante químico, consiguiendo unrejuvenecimiento de la piel y una protección de la elastina y el colágeno. Uso: Humedezcael rostro con agua, Frote la frente, mejillas y cuello con el exfoliante demanera circular sin hacer presión, enjuague con agua al clima o fría.Aplíquense de 1 a 2 veces por semana para mejores resultados . Cuidado Facial Sérum",,false_no_registro_sanitario,,
Inkafarma,Parches de Ojos de Vitamina C Fruit of The Wokali,Parches de Ojos de Vitamina C Fruit of The Wokali,,39.50,PEN,available,https://inkafarma.pe/producto/parches-de-ojos-de-vitamina-c-fruit-of-the-wokali/1682439318246,1682439318246,Fruit of the Wokali,algolia_public_search,2026-06-08T01:09:23.849910+00:00,,"Hidrata suavemente la piel la piel de los ojos y al mismo tiempo disminuye la ojeras y bolsas que se forman debajo de los ojos dando un aspecto hidratante. Caracteristicas: · Hidratación Profundas · Ojeras claras · Reducir las líneas finas Beneficio: · Mejora la bolsa de ojos con borde negro en los ojos. · Reuce el edema ocular y ayuda a eliminar las ojeras · Ayuda a aliviar las lineas finas y las patas de gallo Modo de uso: Después de limpiar y tonificar, aplique el parche en el área debajo de los ojos con la espátula proporcionada y retire después de 15-20 minutos. Precaución: Evite el contacto con los ojos, mantener fuera del alcance de los niños, mantener en un lugar fresco. Belleza y Accesorios Belleza Facial",,false_no_registro_sanitario,,
Inkafarma,Vitamina C liposomal Forma liposomal altamente biodisponible y soluble en grasa,Vitamina C liposomal Forma liposomal altamente biodisponible y soluble en grasa,,220.00,PEN,available,https://inkafarma.pe/producto/vitamina-c-liposomal-forma-liposomal-altamente-biodisponible-y-soluble-en-grasa/1771015840303,1771015840303,GENÉRICO,algolia_public_search,2026-06-08T01:09:23.851179+00:00,,"Micro Ingredients ofrece una fórmula de vitamina C liposomal de máxima potencia, que proporciona 2,500 mg por porción en una forma liposoluble altamente biodisponible para una absorción superior. Cada botella contiene 240 cápsulas vegetales naturales. Una porción completa de 4 cápsulas proporciona 2,500 mg de vitamina C para mejorar los beneficios generales. El avanzado método de entrega liposomal encapsula la vitamina C en pequeñas burbujas liposómicas, mejorando la absorción de nutrientes al ayudarla a pasar a través del tracto digestivo con un mínimo desperdicio. La vitamina C apoya la salud inmune diaria y una poderosa protección antioxidante, al tiempo que promueve la producción natural de colágeno para una piel, uñas y cabello saludables. Suplementos premium no transgénicos. Fabricado sin soja, lácteos, gluten, trigo, cacahuetes y nueces de árbol. Los ingredientes deben pasar nuestras pruebas de laboratorio de terceros para garantizar que sean seguros, puros y potentes. Suplementos Nutricionales Adultos",,false_no_registro_sanitario,,
Inkafarma,Gomitas para Niños Vitaminas 150 Sottcor 3 Unidades,Gomitas para Niños Vitaminas 150 Sottcor 3 Unidades,,149.70,PEN,available,https://inkafarma.pe/producto/Gomitas-para-Niños-Vitaminas-150-Sottcor-3-Unidades/1778074646718,1778074646718,SOTTCOR,algolia_public_search,2026-06-08T01:09:23.851953+00:00,,"Suplemento en gomitas con un complejo de vitaminas esenciales para el crecimiento y desarrollo infantil. Su fórmula aporta vitaminas A, C, D, E y del grupo B, fortaleciendo el sistema inmunológico, manteniendo huesos y dientes saludables, mejorando la energía y previniendo la anemia. Vitaminas y Suplementos Multivitamínico para Bebés",,false_no_registro_sanitario,,
Inkafarma,Horbaach Graviola Guanábana 2000mg 120 Cápsulas,Horbaach Graviola Guanábana 2000mg 120 Cápsulas,,149.00,PEN,available,https://inkafarma.pe/producto/horbaach-graviola-guanabana-2000mg-120-capsulas/1776357477528,1776357477528,VITAMINA,algolia_public_search,2026-06-08T01:09:23.852686+00:00,,"Descripción General: La Graviola, también conocida como Guanábana o Annona muricata, es un árbol frutal originario de las regiones tropicales de América y el Caribe. Sus hojas han sido utilizadas tradicionalmente durante siglos debido a su riqueza en compuestos bioactivos y sus propiedades naturales para el bienestar. ¿Por qué elegir Horbäach Graviola? Nuestras cápsulas están diseñadas para quienes buscan un soporte herbal de alta concentración. El extracto de hoja de Graviola de Horbäach ofrece una manera conveniente de obtener los beneficios de este superalimento sin necesidad de preparar infusiones, garantizando una dosis precisa en cada toma. Es un potente antioxidante . Tradición: Se ha usado históricamente por sus propiedades antiinflamatorias y para fortalecer el sistema inmunológico. Suplementos Nutricionales Adultos",,false_no_registro_sanitario,,
Inkafarma,Aceite Corporal Vitamina C + Crema Facial Vitamina C.,Aceite Corporal Vitamina C + Crema Facial Vitamina C.,,79.90,PEN,available,https://inkafarma.pe/producto/aceite-corporal-vitamina-c-crema-facial-vitamina-c/1756498701615,1756498701615,GENÉRICO,algolia_public_search,2026-06-08T01:09:24.006831+00:00,,"Aceite Corporal Vitamina C Dr Rashel 100ml Aceites naturales ricos en antioxidantes, piel hidratada, suave, iluminada. Beneficios: Ayuda a reparar la piel dañada: repleto de ácidos grasos esenciales, vitaminas y antioxidantes, el aceite corporal ayuda a restaurar la piel seca y dañada a su estado saludable. La barrera protectora de humedad de la piel se fortalece para proteger la piel de la contaminación de la ciudad. Ayuda a reducir los signos del envejecimiento prematuro de la piel. Piel suave e hidratada: Se mezclan múltiples aceites naturales de primera calidad en el aceite corporal para hidratar profundamente la piel, eliminar la sequedad y mantener la piel suave e hidratada durante todo el día. Ayuda a iluminar el cutis: Enriquecido con vitamina C, ayuda a minimizar las imperfecciones y proporciona un tono de piel uniforme y radiante. Modo de Uso: Después del baño, seca tu cuerpo, toma una cantidad adecuada en la palma de tu mano y aplícala en tu cuerpo, masajea suavemente hasta su absorción. - Crema facial con vitamina C 50gr - DR RASHEL La crema facial con vitamina C de Dr Rashel contiene vitaminas C y E, conocidas por ser antioxidantes muy eficaces y que ayudan a proteger la piel contra los efectos del envejecimiento. Es una fórmula en gel fresca y liviana, la vitamina C estimula la producción de colágeno para reducir la apariencia. de arrugas, líneas finas y patas de gallo e ilumina el cutis. mientras que el ácido hialurónico proporciona una hidratación profunda y natural, despierta y aclara el cutis, revelando un brillo natural de aspecto saludable. Modo de uso: Aplicate la crema sobre el rostro de manera uniforme a cualquier hora del día, según necesidad. Cremas Hidratantes Cremas Corporales",,false_no_registro_sanitario,,
Inkafarma,Serum Facial Concentre Vitamina C + Serum AHA 30%+BHA 2%,Serum Facial Concentre Vitamina C + Serum AHA 30%+BHA 2%,,115.90,PEN,available,https://inkafarma.pe/producto/serum-facial-concentre-vitamina-c-serum-aha-30-bha-2/1756500202074,1756500202074,GENÉRICO,algolia_public_search,2026-06-08T01:09:24.008781+00:00,,"Serum Facial Concentre Vitamina C 10% Rejuvenece plus La Cooper 30gr Atenúa manchas en la piel. Disminuye apariencia de ojeras y bolsas en el contorno de los ojos del rostro. Unifica en tono de la piel. Con extractos naturales de Centella Asiática, Realiz y Árnica. Modo de uso: Después de limpiar y humedecer su piel, aplicar de 2 a 3 gotas en el rostro o en las yemas de los dedos mediante un masaje suave y luego dar palmaditas y alisar. Dejar secar, puede usarse directamente solo o aplicarse antes de la crema de uso diario o protector solar. - Sérum AHA 30% + BHA 2% Solución Peeling - The Ordinary 30ml AHA 30% BHA 2% Peeling Solution es un potente sérum exfoliante que mejora la apariencia de la piel minimizando y descongestionando la apariencia de los poros. Elimina las marcas y cicatrices del acné y reduce las líneas de expresión y arrugas. Modo de uso: Limpiar el rostro y esperar a que la piel se seque. No lo use sobre la piel mojada. Aplicar uniformemente con las yemas de los dedos sobre el rostro y el cuello, evitando el área de los ojos. Dejar actuar hasta 10 minutos. Enjuague bien con agua tibia. Esta fórmula no debe usarse en pieles sensibles, dañadas o descamadas. Evitar el contacto con los ojos y el contorno de ojos durante la aplicación y durante el aclarado. Esta solución de baja viscosidad está pensada para ser utilizada como mascarilla, no dejar actuar más de 10 minutos. No se recomienda usar este producto más de dos veces por semana. Limite la frecuencia y la duración del contacto del producto con la piel. Cuidado Facial Sérum",,false_no_registro_sanitario,,
Inkafarma,Pack 3 Serum de California con Vitamina C - Laikou,Pack 3 Serum de California con Vitamina C - Laikou,,89.90,PEN,available,https://inkafarma.pe/producto/pack-3-serum-de-california-con-vitamina-c-laikou/1756498523581,1756498523581,GENÉRICO,algolia_public_search,2026-06-08T01:09:24.013558+00:00,,"Serum California Vitamina C Laikou 100ml Serum facial que contiene vitamina C en dos formas, fosfato de ascorbilo de sodio y ácido ascórbico, que aportan beneficios antioxidantes, anti-acné y aclarantes a tu piel. La vitamina C es un nutriente esencial que tiene propiedades antioxidantes, que ayudan a proteger la piel de los daños causados por los radicales libres y a prevenir el envejecimiento prematuro. También tiene propiedades antiinflamatorias, que calman y suavizan la piel, reduciendo las irritaciones y las rojeces. Además, tiene propiedades aclarantes, que inhiben la producción de melanina, el pigmento que causa las manchas y el oscurecimiento de la piel. Modo de uso: Lava tu rostro con agua tibia y un limpiador adecuado para tu tipo de piel. Aplica unas gotas del serum sobre la yema de tus dedos y distribuirlas por todo el rostro, evitando el contorno de los ojos. Masajea suavemente con movimientos circulares ascendentes hasta que el serum se absorba por completo. Espera unos minutos antes de aplicar tu crema hidratante habitual. Repite este proceso por la mañana y por la noche, después de limpiar tu piel. Cuidado Facial Sérum",,false_no_registro_sanitario,,
Inkafarma,Aceite Corporal + Exfoliante e Iluminador Vitamina C Dr Rashel,Aceite Corporal + Exfoliante e Iluminador Vitamina C Dr Rashel,,88.50,PEN,available,https://inkafarma.pe/producto/aceite-corporal-exfoliante-e-iluminador-vitamina-c-dr-rashel/1696701401892,1696701401892,DR RASHEL,algolia_public_search,2026-06-08T01:09:24.014283+00:00,,"Producto: Aceite corporal Vitamina C Cantidad: 100ml/3.38 oz Beneficio: ayuda a reducir el envejecimiento & ayuda a reparar la piel dañada. Producto: Exfoliante Facial Y Corporal Con Vitamina C, Exfoliante E Iluminador. Origen: China Cantidad: 250gr/8.82oz Beneficio: ayuda a pulir la piel y eliminar las zonas muertas, opacas y escamosas. Tipos de piel: Apto para todas las edades y tipos de piel. Cuidado Facial Exfoliante",,false_no_registro_sanitario,,
Inkafarma,Vitamina C Suspesion 23 + HA Spheres 2 30ml The ordinary 2 Unidades,Vitamina C Suspesion 23 + HA Spheres 2 30ml The ordinary 2 Unidades,,190.00,PEN,available,https://inkafarma.pe/producto/vitamina-c-suspesion-23-ha-spheres-2-30ml-the-ordinary-2-unidades/1696086783055,1696086783055,THE ORDINARY,algolia_public_search,2026-06-08T01:09:24.015011+00:00,,"Vitamin C Suspension 23% HA Spheres 2% es una potente suspensión de Vitamina C con esferas de Ácido Hialurónico diseñada para eliminar los signos del envejecimiento, aumentar la luminosidad e hidratación a tu piel y suavizar su textura. No apto para pieles sensibles. Tratamiento Facial",,false_no_registro_sanitario,,
Inkafarma,Bom Dia Bright™ Body Cream with Vitamin C de 75ML de Sol de Janeiro,Bom Dia Bright™ Body Cream with Vitamin C de 75ML de Sol de Janeiro,,159.00,PEN,available,https://inkafarma.pe/producto/bom-dia-bright-body-cream-with-vitamin-c-de-75ml-de-sol-de-janeiro/1744854516818,1744854516818,SOL DE JANEIRO,algolia_public_search,2026-06-08T01:09:24.015195+00:00,,"Infundida con vitamina C y AHA/BHA, esta crema corporal iluminadora ayuda a mejorar la textura y el tono de la piel, dejándola visiblemente más suave y uniforme. Su fragancia floral y afrutada, con notas de ciruela de ámbar negro y maderas de vainilla, ofrece una experiencia sensorial única. Perfecta para quienes desean una piel radiante y revitalizada. Cremas Hidratantes Cremas Corporales",,false_no_registro_sanitario,,
Inkafarma,Pack 3 Serum de California con Vitamina C - Laikou,Pack 3 Serum de California con Vitamina C - Laikou,,99.90,PEN,available,https://inkafarma.pe/producto/pack-3-serum-de-california-con-vitamina-c-laikou/1757213126320,1757213126320,GENÉRICO,algolia_public_search,2026-06-08T01:09:24.018074+00:00,,"Serum California Vitamina C Laikou 100ml Serum facial que contiene vitamina C en dos formas, fosfato de ascorbilo de sodio y ácido ascórbico, que aportan beneficios antioxidantes, anti-acné y aclarantes a tu piel. La vitamina C es un nutriente esencial que tiene propiedades antioxidantes, que ayudan a proteger la piel de los daños causados por los radicales libres y a prevenir el envejecimiento prematuro. También tiene propiedades antiinflamatorias, que calman y suavizan la piel, reduciendo las irritaciones y las rojeces. Además, tiene propiedades aclarantes, que inhiben la producción de melanina, el pigmento que causa las manchas y el oscurecimiento de la piel. Modo de uso: Lava tu rostro con agua tibia y un limpiador adecuado para tu tipo de piel. Aplica unas gotas del serum sobre la yema de tus dedos y distribuirlas por todo el rostro, evitando el contorno de los ojos. Masajea suavemente con movimientos circulares ascendentes hasta que el serum se absorba por completo. Espera unos minutos antes de aplicar tu crema hidratante habitual. Repite este proceso por la mañana y por la noche, después de limpiar tu piel. Cuidado Facial Sérum",,false_no_registro_sanitario,,
Inkafarma,Aceite Corporal Vitamina C + Crema Depilatoria Vitamina C,Aceite Corporal Vitamina C + Crema Depilatoria Vitamina C,,59.90,PEN,available,https://inkafarma.pe/producto/aceite-corporal-vitamina-c-crema-depilatoria-vitamina-c/1756498695183,1756498695183,GENÉRICO,algolia_public_search,2026-06-08T01:09:24.019173+00:00,,"Aceite Corporal Vitamina C Dr Rashel 100ml Aceites naturales ricos en antioxidantes, piel hidratada, suave, iluminada. Beneficios: Ayuda a reparar la piel dañada: repleto de ácidos grasos esenciales, vitaminas y antioxidantes, el aceite corporal ayuda a restaurar la piel seca y dañada a su estado saludable. La barrera protectora de humedad de la piel se fortalece para proteger la piel de la contaminación de la ciudad. Ayuda a reducir los signos del envejecimiento prematuro de la piel. Piel suave e hidratada: Se mezclan múltiples aceites naturales de primera calidad en el aceite corporal para hidratar profundamente la piel, eliminar la sequedad y mantener la piel suave e hidratada durante todo el día. Ayuda a iluminar el cutis: Enriquecido con vitamina C, ayuda a minimizar las imperfecciones y proporciona un tono de piel uniforme y radiante. Modo de Uso: Después del baño, seca tu cuerpo, toma una cantidad adecuada en la palma de tu mano y aplícala en tu cuerpo, masajea suavemente hasta su absorción. - Crema Depiladora Vitamina C 100ml - NIÑA BONITA La crema depiladora instantánea funciona disolviendo suavemente en el vello no deseado. Con ingredientes naturales que promueven la regeneración del vello más delgado y suave con el tiempo. Deja su piel suave y clara en 7 minutos Modo de uso: Limpie y seque el área que desea tratar. Aplique suficiente cantidad de crema para cubrir el vello. Tiempo recomendado para cada parte del cuerpo: Axilas: 5-7 minutos Brazos: 5 ~ 7 minutos Piernas: 5~10 minutos Bikini: 5~10 minutos Precauciones al usar: Antes de usar, realice una prueba en un área pequeña de su piel. Nunca deje la crema en su piel por más de 10 minutos. En caso de una sensación punzante, incomodidad o irritación durante el uso, límpielo inmediatamente y lávelo con agua fría. Cremas Hidratantes Cremas Corporales",,false_no_registro_sanitario,,
Inkafarma,Crema Facial Hidratante Vitamina C + Serum AHA 30%+BHA 2%,Crema Facial Hidratante Vitamina C + Serum AHA 30%+BHA 2%,,109.90,PEN,available,https://inkafarma.pe/producto/crema-facial-hidratante-vitamina-c-serum-aha-30-bha-2/1756499286130,1756499286130,BIOAQUA,algolia_public_search,2026-06-08T01:09:24.021411+00:00,,"Crema Hidratante con Vitamina C Bioaqua Desacelera la oxidación de las células de la piel, evitando así el envejecimiento prematuro de las mismas. Reduce las líneas de expresión. Activa la síntesis de colágeno. Ayuda a reparar los daños en la piel. Minimiza la irritación y hace más efectiva la absorción de las cremas. Deja la piel lisa, limpia y reluciente. Mejora la textura y la calidad de tu piel. Modo de uso: Aplicar una cantidad adecuada sobre el rostro y el cuello y luego masajear suavemente para una mejor absorción. - Sérum AHA 30% + BHA 2% Solución Peeling - The Ordinary 30ml es un potente sérum exfoliante que mejora la apariencia de la piel minimizando y descongestionando la apariencia de los poros. Elimina las marcas y cicatrices del acné y reduce las líneas de expresión y arrugas. Modo de uso: Limpiar el rostro y esperar a que la piel se seque. No lo use sobre la piel mojada. Aplicar uniformemente con las yemas de los dedos sobre el rostro y el cuello, evitando el área de los ojos. Dejar actuar hasta 10 minutos. Enjuague bien con agua tibia. Esta fórmula no debe usarse en pieles sensibles, dañadas o descamadas. Cuidado Facial Crema facial",,false_no_registro_sanitario,,
Inkafarma,Vitamina C Liposomal 2000mg NatureBell Alta Absorción,Vitamina C Liposomal 2000mg NatureBell Alta Absorción,,229.00,PEN,available,https://inkafarma.pe/producto/Vitamina-C-Liposomal-2000mg-NatureBell---Alta-Absorción/1774641138909,1774641138909,VITAMINA,algolia_public_search,2026-06-08T01:09:24.022896+00:00,,"Descripción del Producto: Lleva tu protección antioxidante al máximo nivel con la Vitamina C Liposomal de NatureBell . A diferencia de los suplementos de vitamina C tradicionales, nuestra fórmula utiliza tecnología de encapsulación liposomal, que protege el nutriente a través del sistema digestivo para una biodisponibilidad superior y una entrega directa a las células. ¿Por qué elegir la Vitamina C Liposomal de NatureBell? Tecnología de Alta Absorción: Los liposomas permiten que esta vitamina soluble en agua se comporte como una soluble en grasa, facilitando su paso por las membranas celulares. Máxima Potencia: Proporciona 2,000 mg por porción, brindando una defensa antioxidante de fuerza máxima para tu organismo. Fórmula Amigable con el Estómago: Al estar encapsulada en lípidos, es mucho más suave para el sistema digestivo, evitando la irritación y la acidez común en dosis altas. Suministro Extendido: El frasco de 240 cápsulas ofrece un soporte constante para tu salud durante varios meses. Beneficios Destacados: Refuerzo Inmunológico: Contribuye a fortalecer las defensas naturales del cuerpo durante todo el año. Potente Antioxidante: Ayuda a neutralizar los radicales libres y protege las células contra el daño oxidativo. Apoyo a la Producción de Colágeno: La vitamina C es esencial para la síntesis de colágeno, promoviendo la salud de la piel, articulaciones y encías. Energía y Vitalidad: Favorece el metabolismo energético y ayuda a reducir la sensación de fatiga y cansancio diario. Suplementos Nutricionales Adultos",,false_no_registro_sanitario,,
Inkafarma,All Day Vitamin Brightening and Balancing 30ml Jumiso,All Day Vitamin Brightening and Balancing 30ml Jumiso,,115.00,PEN,available,https://inkafarma.pe/producto/all-day-vitamin-brightening-and-balancing-30ml-jumiso/1707429259361,1707429259361,JUMISO,algolia_public_search,2026-06-08T01:09:24.023260+00:00,,"ALL DAY VITAMIN BRIGHTENING AND BALANCING 30 ML - JUMISO VITAMINA BRILLANTE Y EQUILIBRADOR TODO EL DÍA 30 ML – JUMISO Serum altamente concentrado para hacer brillar tu piel. Empareja el tono de la piel y aumenta el volumen de tu piel además de su elasticidad dándole a la piel una luminosidad juvenil. Este serum mejora la piel con hiperpigmentación respetando el delicado balance de su complexión dejándola sedosa, limpia y cómoda. Además de ser ligero y de no dejar residuos aceitosos, esta repleto de los nutrientes esenciales dándole la potencia para tener a la mano una apariencia radiante durante el dia. Ingredientes Principales: • Vitamina A : Ayuda a reducir lineas de expresión y arrugas en tu piel. • Vitamina B : Hidrata, reduce manchas y zonas enrojecidas, renueva las células y reduce visibilidad de poros. Cuidado Facial Sérum",,false_no_registro_sanitario,,
Inkafarma,Aceite Corporal Vitamina C Dr Rashel 100ml 3 Unidades,Aceite Corporal Vitamina C Dr Rashel 100ml 3 Unidades,,129.00,PEN,available,https://inkafarma.pe/producto/aceite-corporal-vitamina-c-dr-rashel-100ml-3-unidades/1695990212106,1695990212106,DR RASHEL,algolia_public_search,2026-06-08T01:09:24.024127+00:00,,"Aceites naturales ricos en antioxidantes, piel hidratada, suave, iluminada.Beneficios: Ayuda a reparar la piel dañada: repleto de ácidos grasos esenciales, vitaminas y antioxidantes, el aceite corporal ayuda a restaurar la piel seca y dañada a su estado saludable. La barrera protectora de humedad de la piel se fortalece para proteger la piel de la contaminación de la ciudad. Ayuda a reducir los signos del envejecimiento prematuro de la piel: la piel intensamente hidratada y nutrida es capaz de conservar su elasticidad natural durante más tiempo y estar libre de líneas finas y arrugas. Piel suave e hidratada: se mezclan múltiples aceites naturales de primera calidad en el aceite corporal para hidratar profundamente la piel, eliminar la sequedad y mantener la piel suave e hidratada durante todo el día. Ayuda a iluminar el cutis: enriquecido con vitamina C, ayuda a minimizar las imperfecciones y proporciona un tono de piel uniforme y radiante. Cremas Hidratantes Cremas Corporales",,false_no_registro_sanitario,,
Inkafarma,Vitamina C Suspesion 23 + HA Spheres 2 30ml The ordinary 3 Unidades,Vitamina C Suspesion 23 + HA Spheres 2 30ml The ordinary 3 Unidades,,270.00,PEN,available,https://inkafarma.pe/producto/vitamina-c-suspesion-23-ha-spheres-2-30ml-the-ordinary-3-unidades/1696086787206,1696086787206,THE ORDINARY,algolia_public_search,2026-06-08T01:09:24.024300+00:00,,"Vitamin C Suspension 23% HA Spheres 2% es una potente suspensión de Vitamina C con esferas de Ácido Hialurónico diseñada para eliminar los signos del envejecimiento, aumentar la luminosidad e hidratación a tu piel y suavizar su textura. No apto para pieles sensibles. Tratamiento Facial",,false_no_registro_sanitario,,
Inkafarma,Milk Thistle Cardo Marino Puritans Pride,Milk Thistle Cardo Marino Puritans Pride,,139.00,PEN,available,https://inkafarma.pe/producto/milk-thistle-cardo-marino-puritans-pride/1774016093340,1774016093340,VITAMINA,algolia_public_search,2026-06-08T01:09:24.024529+00:00,,"Beneficios Principales Salud Hepática : Ayuda a regenerar las células del hígado y lo protege de toxinas como el alcohol, medicamentos o contaminantes ambientales. [3, 4] Propiedades Antioxidantes : Combate los radicales libres, ayudando a prevenir el daño oxidativo en el cuerpo. [2, 4] Apoyo Digestivo : Favorece la producción de bilis, lo que mejora la digestión de las grasas. [2] Función Metabólica : Algunos estudios sugieren que ayuda a mantener niveles saludables de azúcar y colesterol en la sangre. Suplementos Nutricionales Adultos",,false_no_registro_sanitario,,
Inkafarma,Weider Prime Salud de la Próstata 60 Cápsulas Veganas con Saw Palmetto,Weider Prime Salud de la Próstata 60 Cápsulas Veganas con Saw Palmetto,,215.00,PEN,available,https://inkafarma.pe/producto/Weider-Prime-Salud-de-la-Próstata--60-Cápsulas-Veganas-con-Saw-Palmetto/1777040234791,1777040234791,VITAMINA,algolia_public_search,2026-06-08T01:09:24.027192+00:00,,"Beneficios y Acción Dual Este producto se destaca por combinar ingredientes tradicionales con tecnología avanzada: Saw Palmetto (Palma Enana Americana): Reconocido por ayudar a reducir la micción frecuente y mejorar el flujo urinario. N.O. Boost (Mezcla S7™): Contiene una mezcla de 7 ingredientes vegetales que aumentan los niveles de óxido nítrico en la sangre, lo que favorece el vaciado completo de la vejiga al mejorar la circulación sanguínea en la zona. Flowens®: Un extracto de arándano rojo patentado que promueve la comodidad y un flujo normal del tracto urinario. Apoyo Nocturno: Al mejorar el flujo y reducir la frecuencia de las visitas al baño, ayuda a lograr un sueño más reparador Suplementos Nutricionales Adultos",,false_no_registro_sanitario,,
Inkafarma,Crema Antiacne Pure Skin + Serum Facial Vitamina C12,Crema Antiacne Pure Skin + Serum Facial Vitamina C12,,159.90,PEN,available,https://inkafarma.pe/producto/crema-antiacne-pure-skin-serum-facial-vitamina-c12/1756498940161,1756498940161,BIOAQUA,algolia_public_search,2026-06-08T01:09:24.027648+00:00,,"Crema Anti acné Pure Skin Bioaqua Es una crema que elimina delicadamente el acné y las manchas o cicatrices de la piel, formulada con extractos naturales que tienen propiedades antibacterianas, antiinflamatorias y cicatrizantes. Está diseñada especialmente para la piel grasa, que es más propensa a sufrir de imperfecciones y brillo excesivo. Modo de uso: Limpia y seca la piel con agua tibia. Aplica una cantidad suficiente de la crema sobre las manos húmedas y frótalas hasta hacer espuma. Masajea la espuma sobre el rostro con movimientos circulares, evitando el contorno de los ojos y la boca. Deja actuar la crema durante unos minutos y enjuaga con abundante agua hasta retirarla completamente. Seca la piel con una toalla suave y aplica el suero Pure Skin para completar el tratamiento. Usa el producto dos veces al día, por la mañana y por la noche. - Serum Facial Vitamina C12 30ml - Drema Prex Tratamiento para pieles apagadas y con tonalidad oscura. Ideal para todo tipo de piel. Formula a pH 4.5 En caso de pieles sensibles iniciar usando 3 veces por semana. Resultados desde la cuarta semana de uso y con el uso continuo. Modo de uso: Aplicar el sérum con la punta de los dedos, suavemente, y luego golpea ligeramente la piel, da palmaditas y alísalo. Evita tirar de la piel y frotar demasiado fuerte, deja que el producto se absorba por sí solo una vez lo hayas alisado. Cuidado Dermatológico Tratamiento de Acné",,false_no_registro_sanitario,,
Inkafarma,Exfoliante Facial Frutos Bosque + Serum Facial Vitamina C12,Exfoliante Facial Frutos Bosque + Serum Facial Vitamina C12,,159.90,PEN,available,https://inkafarma.pe/producto/exfoliante-facial-frutos-bosque-serum-facial-vitamina-c12/1756498899044,1756498899044,NEVADA NATURAL PRODUCTS,algolia_public_search,2026-06-08T01:09:24.028065+00:00,,"Exfoliante facial frutos del bosque 283g - Nevada. Exfoliante facial ideado para renovar los tejidos del cutis, su novedosa formula actúa como antioxidante protegiendo así el cutis de los radicales libres, retira las células muertas, impurezas y estimula la circulación sanguínea, incorpora el extracto de frutos del bosque que ayuda a prevenir los signos de envejecimiento, manchas, arrugas o flacidez, brindándole un efecto iluminador y un cutis renovado. Modo de uso: Humedezca el rostro con agua. Frote la frente, mejillas y cuello con el exfoliante de frutos del bosque de manera circular sin hacer presión enjuague con agua al clima o fría, aplíquelo 3 a 4 veces por semana para mejores resultados. - Serum Facial Vitamina C12 30ml - Drema Prex Tratamiento para pieles apagadas y con tonalidad oscura. Ideal para todo tipo de piel. Formula a pH 4.5 En caso de pieles sensibles iniciar usando 3 veces por semana. Resultados desde la cuarta semana de uso y con el uso continuo. Modo de uso: Aplicar el sérum con la punta de los dedos, suavemente, y luego golpea ligeramente la piel, da palmaditas y alísalo. Evita tirar de la piel y frotar demasiado fuerte, deja que el producto se absorba por sí solo una vez lo hayas alisado.- Cuidado Facial Exfoliante",,false_no_registro_sanitario,,
Inkafarma,Exfoliante Facial Albaricoque + Serum Facial Vitamina C12,Exfoliante Facial Albaricoque + Serum Facial Vitamina C12,,159.90,PEN,available,https://inkafarma.pe/producto/exfoliante-facial-albaricoque-serum-facial-vitamina-c12/1756498869141,1756498869141,NEVADA NATURAL PRODUCTS,algolia_public_search,2026-06-08T01:09:24.028434+00:00,,"Exfoliante facial de albaricoque 283g - Nevada Retira las células, impurezas y estimula la circulación sanguínea, incorpora el extracto de albaricoque que realiza un exfoliante químico, consiguiendo un rejuvenecimiento de la piel y una protección de la elastina y el colágeno Modo de uso: Humedezca el rostro con agua. Frote la frente, mejillas y cuello con el exfoliante de frutos del bosque de manera circular sin hacer presión enjuague con agua al clima o fría, aplíquelo 3 a 4 veces por semana para mejores resultados. - Serum Facial Vitamina C12 30ml - Drema Prex Tratamiento para pieles apagadas y con tonalidad oscura. Ideal para todo tipo de piel. Formula a pH 4.5 En caso de pieles sensibles iniciar usando 3 veces por semana. Resultados desde la cuarta semana de uso y con el uso continuo. Modo de uso: Aplicar el sérum con la punta de los dedos, suavemente, y luego golpea ligeramente la piel, da palmaditas y alísalo. Evita tirar de la piel y frotar demasiado fuerte, deja que el producto se absorba por sí solo una vez lo hayas alisado. Cuidado Facial Exfoliante",,false_no_registro_sanitario,,
Inkafarma,Exfoliante Facial Albaricoque + Serum Vitamina C12 + Rodillo,Exfoliante Facial Albaricoque + Serum Vitamina C12 + Rodillo,,179.90,PEN,available,https://inkafarma.pe/producto/exfoliante-facial-albaricoque-serum-vitamina-c12-rodillo/1756498856669,1756498856669,NEVADA NATURAL PRODUCTS,algolia_public_search,2026-06-08T01:09:24.029125+00:00,,"Exfoliante facial de albaricoque 283g - Nevada Retira las células, impurezas y estimula la circulación sanguínea, incorpora el extracto de albaricoque que realiza un exfoliante químico, consiguiendo un rejuvenecimiento de la piel y una protección de la elastina y el colágeno Modo de uso: Humedezca el rostro con agua. Frote la frente, mejillas y cuello con el exfoliante de frutos del bosque de manera circular sin hacer presión enjuague con agua al clima o fría, aplíquelo 3 a 4 veces por semana para mejores resultados. - Rodillo Facial de Cuarzo Rosa y Gua-sha – Z’oreya Nuestro rodillo de cuarzo rosa hereda la energía positiva de las piedras preciosas de cuarzo. Nuestro rodillo facial de cuarzo embellecerá tu piel y mejorará tu apariencia. El uso a largo plazo del rodillo facial de cuarzo rosa ayudará a purificar tu cuerpo de las emociones negativas como la ira, los celos y el resentimiento de los demás. Modo de uso: limpia tu cara primero. Comienza con la frente y raspa con un movimiento hacia arriba desde las cejas hasta la línea capilar. Muévete a las mejillas y raspa en un movimiento hacia afuera comenzando desde el pliegue de la nariz hasta la oreja. Muévete a la mandíbula mientras usas el extremo de la herramienta Gua Sha con las dos curvas. Comienza desde la barbilla y raspa hacia la oreja. Masajea suavemente la herramienta Gua Sha en la oreja para liberar la tensión. - Serum Facial Vitamina C12 30ml - Drema Prex Tratamiento para pieles apagadas y con tonalidad oscura. Ideal para todo tipo de piel. Formula a pH 4.5 En caso de pieles sensibles iniciar usando 3 veces por semana. Resultados desde la cuarta semana de uso y con el uso continuo. Modo de uso: Aplicar el sérum con la punta de los dedos, suavemente, y luego golpea ligeramente la piel, da palmaditas y alísalo. Evita tirar de la piel y frotar demasiado fuerte, deja que el producto se absorba por sí solo una vez lo hayas alisado. Cuidado Facial Exfoliante",,false_no_registro_sanitario,,
Inkafarma,Exfoliante Facial Frutos Bosque + Serum Vitamina C12 + Rodillo,Exfoliante Facial Frutos Bosque + Serum Vitamina C12 + Rodillo,,179.90,PEN,available,https://inkafarma.pe/producto/exfoliante-facial-frutos-bosque-serum-vitamina-c12-rodillo/1756498853256,1756498853256,NEVADA NATURAL PRODUCTS,algolia_public_search,2026-06-08T01:09:24.029878+00:00,,"Exfoliante facial frutos del bosque 283g - Nevada. Exfoliante facial ideado para renovar los tejidos del cutis, su novedosa formula actúa como antioxidante protegiendo así el cutis de los radicales libres, retira las células muertas, impurezas y estimula la circulación sanguínea, incorpora el extracto de frutos del bosque que ayuda a prevenir los signos de envejecimiento, manchas, arrugas o flacidez, brindándole un efecto iluminador y un cutis renovado. Modo de uso: Humedezca el rostro con agua. Frote la frente, mejillas y cuello con el exfoliante de frutos del bosque de manera circular sin hacer presión enjuague con agua al clima o fría, aplíquelo 3 a 4 veces por semana para mejores resultados. - Rodillo Facial de Cuarzo Rosa y Gua-sha – Z’oreya Nuestro rodillo de cuarzo rosa hereda la energía positiva de las piedras preciosas de cuarzo. Nuestro rodillo facial de cuarzo embellecerá tu piel y mejorará tu apariencia. El uso a largo plazo del rodillo facial de cuarzo rosa ayudará a purificar tu cuerpo de las emociones negativas como la ira, los celos y el resentimiento de los demás. Modo de uso: limpia tu cara primero. Comienza con la frente y raspa con un movimiento hacia arriba desde las cejas hasta la línea capilar. Muévete a las mejillas y raspa en un movimiento hacia afuera comenzando desde el pliegue de la nariz hasta la oreja. Muévete a la mandíbula mientras usas el extremo de la herramienta Gua Sha con las dos curvas. Comienza desde la barbilla y raspa hacia la oreja. Masajea suavemente la herramienta Gua Sha en la oreja para liberar la tensión. - Serum Facial Vitamina C12 30ml - Drema Prex Tratamiento para pieles apagadas y con tonalidad oscura. Ideal para todo tipo de piel. Formula a pH 4.5 En caso de pieles sensibles iniciar usando 3 veces por semana. Resultados desde la cuarta semana de uso y con el uso continuo. Modo de uso: Aplicar el sérum con la punta de los dedos, suavemente, y luego golpea ligeramente la piel, da palmaditas y alísalo. Evita tirar de la piel y frotar demasiado fuerte, deja que el producto se absorba por sí solo una vez lo hayas alisado. Cuidado Facial Exfoliante",,false_no_registro_sanitario,,
Inkafarma,Colágeno Multi Protein Tipo II III V y X Horbaach 2000 mg,Colágeno Multi Protein Tipo II III V y X Horbaach 2000 mg,,189.00,PEN,available,https://inkafarma.pe/producto/colageno-multi-protein-tipo-ii-iii-v-y-x-horbaach-2000-mg/1775772340496,1775772340496,VITAMINA,algolia_public_search,2026-06-08T01:09:24.030246+00:00,,"Resumen del Producto: El complejo de Multi-Colágeno de Horbäach ofrece una fórmula avanzada y completa que combina cinco tipos diferentes de colágeno hidrolizado en una sola presentación. Con 2000 mg por porción, este suplemento proporciona los bloques estructurales necesarios para brindar un soporte integral a los diversos tejidos del cuerpo, adaptándose perfectamente a estilos de vida activos. Beneficios Destacados: Soporte Integral de 5 Tipos: Incluye colágeno tipo I, II, III, V y X, provenientes de fuentes de alta calidad para cubrir las necesidades de distintos tejidos conectivos. Mantenimiento de Estructuras: Contribuye al bienestar y mantenimiento normal de la piel, el cabello y las uñas, promoviendo una apariencia saludable. Cuidado Articular y Óseo: Proporciona nutrientes esenciales que apoyan la flexibilidad y la estructura de articulaciones, cartílagos y huesos. Alta Biodisponibilidad: Al ser colágeno hidrolizado, facilita una absorción más eficiente por parte del organismo. Suplementos Nutricionales Adultos",,false_no_registro_sanitario,,
Inkafarma,Berberina de 1500 mg con canela de Ceilán y raíz de cúrcuma,Berberina de 1500 mg con canela de Ceilán y raíz de cúrcuma,,209.00,PEN,available,https://inkafarma.pe/producto/Berberina-de-1500-mg-con-canela-de-Ceilán-y-raíz-de-cúrcuma/1774016096092,1774016096092,VITAMINA,algolia_public_search,2026-06-08T01:09:24.031093+00:00,,"La mezcla de Berberina (1,500 mg) con Canela de Ceilán y Cúrcuma crea un efecto sinérgico que potencia la sensibilidad a la insulina y reduce la inflamación. Componentes Clave Berberina (1,500 mg): Conocida como el ""activador metabólico"", ayuda a regular los niveles de azúcar en la sangre y mejora el metabolismo de los lípidos (colesterol y triglicéridos). Canela de Ceilán: A diferencia de la canela común (Cassia), la de Ceilán es más segura para el hígado y ayuda a que el cuerpo procese los carbohidratos de manera más eficiente. Raíz de Cúrcuma: Aporta curcumina, un potente antiinflamatorio natural que protege las células del daño oxidativo y apoya la salud de las articulaciones. Beneficios Principales Control del Azúcar: Ayuda a estabilizar los picos de glucosa después de las comidas. Gestión de Peso: Favorece la función de la enzima AMPK, que ayuda a quemar grasa y producir energía. Salud del Corazón: Contribuye a mantener niveles saludables de colesterol LDL (""malo""). Apoyo Digestivo e Inmune: La combinación tiene propiedades antibacterianas y antiinflamatorias que benefician la microbiota intestinal. Suplementos Nutricionales Adultos",,false_no_registro_sanitario,,
Inkafarma,GOMITA VITAMINAS NIÑOS SOTTCOR 130 UND,GOMITA VITAMINAS NIÑOS SOTTCOR 130 UND,,35.90,PEN,available,https://inkafarma.pe/producto/gomita-vitaminas-ninos-sottcor-130-und/1771626843094,1771626843094,SOTTCOR,algolia_public_search,2026-06-08T01:09:24.032852+00:00,,"Las gomitas de vitaminas para niños Sottcor (130 unidades) son un suplemento nutricional diseñado para fortalecer el sistema inmunológico y apoyar el crecimiento infantil, aportando vitaminas esenciales como A, C, D, E y complejo B. Su presentación en gomitas facilita la ingesta diaria, ayudando al desarrollo óseo y mental. R.S: G7704724N NASTLB Vitaminas Vitamina A",,false_no_registro_sanitario,,
Inkafarma,KIT VITAMINA C,KIT VITAMINA C,,199.00,PEN,available,https://inkafarma.pe/producto/kit-vitamina-c/1767320618669,1767320618669,GENÉRICO,algolia_public_search,2026-06-08T01:09:24.033565+00:00,,"1serun facial vitamina C 1 frasco de tonico facial con vitamina C 1 pote de crema hidratante de vitamina c 1 frasco de jabón facial con vitamina C 2 mascarillas vitaminas c 1 frasco de crema para ojeras 1 Bálsamo de labios vit- C Ayuda a regular la producción de sebo, reduce la inflamación y controla los brotes. También tiene propiedades antioxidantes que protegen contra los daños de los radicales libres. En concentraciones más altas, como en un sérum, puede ayudar a equilibrar la piel grasa. Vitaminas Vitamina D",,false_no_registro_sanitario,,
Inkafarma,Vitamina C Complex Biocenter Natural x 250 G,Vitamina C Complex Biocenter Natural x 250 G,,44.90,PEN,available,https://inkafarma.pe/producto/vitamina-c-complex-biocenter-natural-x-250-g/1756390802928,1756390802928,BIOCENTER NATURAL,algolia_public_search,2026-06-08T01:09:24.035747+00:00,,"Vitamina C Complex es un complemento para niños y adultos, siendo un antioxidante natural y refuerza el sistema inmunológico, pues su consumo de manera rutinaria ayuda frente a los síntomas leves de resfriados. Vitaminas Vitamina C",,false_no_registro_sanitario,,
Inkafarma,Serum Facial con 15% Vitamina C + PHA 15ML - NEOSTRATA,Serum Facial con 15% Vitamina C + PHA 15ML - NEOSTRATA,,189.00,PEN,available,https://inkafarma.pe/producto/serum-facial-con-15-vitamina-c-pha-15ml-neostrata/1754750577178,1754750577178,NEOSTRATA,algolia_public_search,2026-06-08T01:09:24.036202+00:00,,"Suero facial iluminador que contiene vitamina C. Combate el aspecto de las manchas oscuras, las líneas finas y las arrugas y otros signos de foto-envejecimiento para que la piel se vea dramáticamente más brillante, uniforme y juvenil. Cuidado Facial Sérum",,false_no_registro_sanitario,,
Inkafarma,Gomitas Multivitaminas Niños 70 Vitaminas Tmx Wellness,Gomitas Multivitaminas Niños 70 Vitaminas Tmx Wellness,,60.00,PEN,available,https://inkafarma.pe/producto/2223001870049/1750176033486,1750176033486,TMX,algolia_public_search,2026-06-08T01:09:24.037106+00:00,,"Las Gomitas Multivitamínicas para Niños (70 unidades) de TMX Wellness son un suplemento diseñado para apoyar el crecimiento y desarrollo de los más pequeños. Estas gomitas, con sabor a frutas, ofrecen una forma práctica y agradable de asegurar que los niños reciban las vitaminas necesarias para su bienestar. Contienen una combinación de vitaminas A, C, D, E, B1, B2, B6, B9 y B12, esenciales para la formación y mantenimiento de dientes, huesos, piel y sistema inmunológico. Además, ayudan a metabolizar azúcares, grasas y proteínas en la sangre, y a prevenir la anemia. Suplementos Nutricionales Pediátricos",,false_no_registro_sanitario,,
Inkafarma,Vitamina K Óxido Crema Skin10 30 ml,Vitamina K Óxido Crema Skin10 30 ml,,214.00,PEN,available,https://inkafarma.pe/producto/vitamina-k-oxido-crema-skin10-30-ml/1715348956197,1715348956197,SKIN 10,algolia_public_search,2026-06-08T01:09:24.043289+00:00,,"Crema fluida específica para manchas vasculares -mancha roja y mancha azul-. Fórmula cosmética que acelera la absorción natural de hematomas y edemas, especialmente indicada para piel con cuperosis, rojeces, fragilidad capilar y pre y post tratamientos quirúrgicos. Esta exclusiva crema de acción localizada se ha reforzado mediante la incorporación de dos procesos de biotecnología, que garantizan una óptima absorción percutánea, una estabilidad y un tiempo de permanencia del activo superiores en la zona a tratar. Alta Tecnología Aplicada a la cosmética HTAC, para crear la fórmula más eficaz mediante una metódica y estudiada selección de activos vectorizados High-Tech. BENEFICIOS • Acelera la reabsorción natural de hematoma y edemas • Mejora rápidamente el aspecto de la piel con sensibilidad, cuperosis, rojeces, fragilidad capilar, ojeras, arañas vasculares y zonas post-cicatriciales • Notable elasticidad y flexibilidad en la zona tratada • Óptima tolerancia Cuidado Facial Crema facial",,false_no_registro_sanitario,,
Inkafarma,Vitamina C Radiance Serum SKIN10 30 ml,Vitamina C Radiance Serum SKIN10 30 ml,,253.00,PEN,available,https://inkafarma.pe/producto/vitamina-c-radiance-serum-skin10-30-ml/1715280087213,1715280087213,SKIN 10,algolia_public_search,2026-06-08T01:09:24.192964+00:00,,"Tratamiento ideal como serum antioxidante al proteger la piel y exfoliar suavemente la superficie cutánea, aportando luminosidad y un tono uniforme. Cuidado Facial Sérum",,false_no_registro_sanitario,,
Inkafarma,Jabón Blanqueador e Iluminador + Crema Hidratante con Vitamina C,Jabón Blanqueador e Iluminador + Crema Hidratante con Vitamina C,,79.90,PEN,available,https://inkafarma.pe/producto/jabon-blanqueador-e-iluminador-crema-hidratante-con-vitamina-c/1711204635634,1711204635634,DR RASHEL,algolia_public_search,2026-06-08T01:09:24.194229+00:00,,"Dr. Rashel - Jabón blanqueador iluminador y antienvejecimiento con vitamina C - 100gr.: Jabón de vitamina C que contiene ingredientes nutritivos y vitamina C, para iluminar la piel y reducir las arrugas. Este jabón especialmente suave puede limpiar la piel profundamente hasta los poros, nutrir la piel para que esté radiante y suave, reducir los melasmas, las pecas y las manchas oscuras, reducir la grasa en la cara, mantener la humedad de la piel, eliminar las manchas que obstruyen la cara y reducir y prevenir formación de acné. Modo de uso: humedezca la piel del rostro con agua tibia, use una red espumosa para batir el jabón en una espuma delicada y rica. Aplicar la espuma sobre el rostro, masajear suavemente la piel limpia con movimientos circulares. Enjuague con agua fría y seque. También se puede usar como limpiador de manos y jabón de baño para limpiar la piel. Crema Hidratante con Vitamina C Bioaqua 50gr.: Desacelera la oxidación de las células de la piel, evitando así el envejecimiento prematuro de las mismas. reduce las líneas de expresión. Activa la síntesis de colágeno. Ayuda a reparar los daños en la piel. Minimiza la irritación y hace más efectiva la absorción de las cremas. Deja la piel lisa, limpia y reluciente. Mejora la textura y la calidad de tu piel Reduce las manchas. Tratamiento Facial Hidratación",,false_no_registro_sanitario,,
Inkafarma,Serum California Vitamin C Essence Laikou 100ml Blanqueador,Serum California Vitamin C Essence Laikou 100ml Blanqueador,,59.50,PEN,available,https://inkafarma.pe/producto/serum-california-vitamin-c-essence-laikou-100ml-blanqueador/1707761578518,1707761578518,GENÉRICO,algolia_public_search,2026-06-08T01:09:24.195399+00:00,,"¿Qué es? Es un suero facial con vitamina C, una vitamina que ayuda a combatir el daño ambiental y a mantener la piel firme y saludable. Está diseñado especialmente para la piel grasa, que es más propensa a sufrir de imperfecciones y brillo excesivo. ¿Por qué lo necesitas? Es un producto ideal para reducir el enrojecimiento, la apariencia de los poros y la producción de grasa de la piel. También ayuda a tratar ciertas condiciones de la piel como el acné, la hiperpigmentación y el eczema. ¿Cómo lo uso? Limpia y seca la piel con agua tibia. Aplica unas gotas del suero sobre la palma de la mano y extiéndelas sobre el rostro y el cuello con un suave masaje hasta su absorción. Usa el producto dos veces al día, por la mañana y por la noche. ¿Dónde comprarlo? Si quieres comprar el Laikou California Vitamin C Serum , puedes hacerlo en nuestra tienda online Importaciones RyA , donde encontrarás los mejores productos para el cuidado de la piel a los mejores precios. Cuidado Facial Sérum",,false_no_registro_sanitario,,
Inkafarma,Serum California Vitamin C Essence Laikou 17ml Blanqueador,Serum California Vitamin C Essence Laikou 17ml Blanqueador,,49.50,PEN,available,https://inkafarma.pe/producto/serum-california-vitamin-c-essence-laikou-17ml-blanqueador/1707754347459,1707754347459,GENÉRICO,algolia_public_search,2026-06-08T01:09:24.195782+00:00,,"¿Qué es? Es un suero facial con vitamina C, una vitamina que ayuda a combatir el daño ambiental y a mantener la piel firme y saludable. Está diseñado especialmente para la piel grasa, que es más propensa a sufrir de imperfecciones y brillo excesivo ¿Por qué lo necesitas? Es un producto ideal para reducir el enrojecimiento, la apariencia de los poros y la producción de grasa de la piel. También ayuda a tratar ciertas condiciones de la piel como el acné, la hiperpigmentación y el eczema. ¿Cómo lo uso? Limpia y seca la piel con agua tibia. Aplica unas gotas del suero sobre la palma de la mano y extiéndelas sobre el rostro y el cuello con un suave masaje hasta su absorción. Usa el producto dos veces al día, por la mañana y por la noche. ¿Dónde comprarlo? Si quieres comprar el Laikou California Vitamin C Serum , puedes hacerlo en nuestra tienda online Importaciones RyA , donde encontrarás los mejores productos para el cuidado de la piel a los mejores precios. Cosméticos Labial",,false_no_registro_sanitario,,
Inkafarma,Limpiador Facial Vitamina C Dr Rashel 80g Antiedad,Limpiador Facial Vitamina C Dr Rashel 80g Antiedad,,59.50,PEN,available,https://inkafarma.pe/producto/limpiador-facial-vitamina-c-dr-rashel-80g-antiedad/1706914136782,1706914136782,DR. RASHEL,algolia_public_search,2026-06-08T01:09:24.196108+00:00,,"¿Qué es? Es un Limpiador Facial de Vitamina C que aclara, hidrata y rejuvenece tu piel. Está hecho de ingredientes naturales y efectivos, como la vitamina C, el ácido hialurónico y el colágeno. ¿Por qué lo necesitas? Es ideal para limpiar tu piel y mejorar su aspecto. Con el Limpiador Facial, tu piel recibe los beneficios de la vitamina C, que le aporta claridad, nutrición, reparación y prevención, y le da un aspecto suave, uniforme y radiante. ¿Dónde comprarlo? Si quieres comprar el Limpiador Facial de Vitamina C , puedes hacerlo en nuestra tienda online Importaciones RyA , donde encontrarás los mejores productos para el cuidado de la piel a los mejores precios. Somos distribuidores oficiales de Dr.Rashel, una marca que se caracteriza por ofrecer productos de calidad, innovación y seguridad, que satisfacen las necesidades de nuestros clientes. Cuidado Facial Crema facial",,false_no_registro_sanitario,,
Inkafarma,Skin Care Series Vitamin C Dr Rashel 5 Pzas Antienvejecimiento,Skin Care Series Vitamin C Dr Rashel 5 Pzas Antienvejecimiento,,229.50,PEN,available,https://inkafarma.pe/producto/skin-care-series-vitamin-c-dr-rashel-5-pzas-antienvejecimiento/1706894497672,1706894497672,DR. RASHEL,algolia_public_search,2026-06-08T01:09:24.197158+00:00,,"¿Qué es? Es una Serie de Cuidado de la Piel de Vitamina C que ilumina, hidrata y rejuvenece tu piel. Está compuesta por cuatro productos naturales y efectivos, como el limpiador facial, el tónico, el serum y la crema, que contienen vitamina C, ácido hialurónico y colágeno. ¿Por qué lo necesitas? Es ideal para mejorar el aspecto, la textura y la vitalidad de tu piel. Con la Serie de Cuidado de la Piel de Vitamina C, tu piel recibe los beneficios de la vitamina C, que le aporta luminosidad, nutrición, reparación y prevención, y le da un aspecto suave, uniforme y radiante. ¿Dónde comprarlo? Si quieres comprar el Skin Care Series Vitamin C , puedes hacerlo en nuestra tienda online Importaciones RyA , donde encontrarás los mejores productos para el cuidado de la piel a los mejores precios. Somos distribuidores oficiales de Dr.Rashel , una marca que se caracteriza por ofrecer productos de calidad, innovación y seguridad, que satisfacen las necesidades de nuestros clientes. Cremas Hidratantes Cremas Regeneradoras",,false_no_registro_sanitario,,
Inkafarma,Mascarillas para ojos de Vitamina C x60 unid Wokali,Mascarillas para ojos de Vitamina C x60 unid Wokali,,45.55,PEN,available,https://inkafarma.pe/producto/mascarillas-para-ojos-de-vitamina-c-x60-unid-wokali/1697560167754,1697560167754,Fruit of the Wokali,algolia_public_search,2026-06-08T01:09:24.197427+00:00,,"MASCARILLAS PARA OJOS DE VITAMINA C X 60 UNID. WOKALI Proporciona una hidratación suave a la piel de los ojos mientras reduce visiblemente las ojeras y bolsas que se forman debajo de los ojos, dejando una apariencia rejuvenecida y hidratada. MODO DE USO: Después de realizar la limpieza y tonificación, aplique el parche suministrado con la espátula en el área inferior de los ojos. Retire el parche después de 18-20 minutos. PRECAUCIONES Evita el contacto con los ojos, mantén fuera del alcance de los niños y guárdalo en un lugar fresco. BENEFICIOS -Mejora la bolsa de ojos con borde negro en los ojos. Tratamiento Facial",,false_no_registro_sanitario,,
Inkafarma,Mascarilla facial de Vitamina C Wokali,Mascarilla facial de Vitamina C Wokali,,57.05,PEN,available,https://inkafarma.pe/producto/mascarilla-facial-de-vitamina-c-wokali/1697551219470,1697551219470,Fruit of the Wokali,algolia_public_search,2026-06-08T01:09:24.197710+00:00,,"MASCARILLA FACIAL DE VITAMINA C WOKALI Mascarillas de tela con superalimentos para mantener la salud facial. El extracto de arándano hidrata, reafirma y suaviza, mientras que el de quinoa cuida y repara la piel sensible. MODO DE USO 1) Después de limpiar tu rostro, aplica un tónico adecuado para tu tipo de piel. 2) Rompe la bolsa y coloca la mascarilla suavemente sobre tu cara. 3) Deja la mascarilla durante 10 a 20 minutos para que los nutrientes sean absorbidos completamente por la piel. 4) Una vez que los nutrientes se hayan absorbido por completo, retira la mascarilla y da pequeñas palmaditas en la piel hasta que la esencia restante se absorba. Cuidado Facial Crema facial",,false_no_registro_sanitario,,
Inkafarma,Vitamina E 180 mg Kirkland Signature 500 Softgel,Vitamina E 180 mg Kirkland Signature 500 Softgel,,215.00,PEN,available,https://inkafarma.pe/producto/vitamina-e-180-mg-kirkland-signature-500-softgel/1691105256372,1691105256372,KIRKLAND,algolia_public_search,2026-06-08T01:09:24.198446+00:00,,"Kirkland Signature TM Vitamina E 400 UI brinda apoyo antioxidante, pero eso no es todo. La suplementación con vitamina E diariamente puede ayudar a neutralizar los radicales libres en el cuerpo, así como ayudar a apoyar el sistema inmunológico y ayudar a mantener un corazón sano.• Ayuda a neutralizar los radicales libres en el cuerpo .• Ayuda a respaldar el sistema inmunológico.• Nutriente esencial para muchas células, incluidas las células del músculo cardíaco. Características:USP verificadoAyuda a apoyar el sistema inmunológicoApoyo antioxidante Vitaminas y Complementos",,false_no_registro_sanitario,,
Inkafarma,Suspension de Vitamina C al 23% The Ordinary con Esferas de HA al 2% - 30 ml,Suspension de Vitamina C al 23% The Ordinary con Esferas de HA al 2% - 30 ml,,129.00,PEN,available,https://inkafarma.pe/producto/suspension-de-vitamina-c-al-23-the-ordinary-con-esferas-de-ha-al-2-30-ml/1677858732883,1677858732883,THE ORDINARY,algolia_public_search,2026-06-08T01:09:24.199020+00:00,,"Esta fÉrmula contiene un 23 % de Écido L ascÉrbico puro de gran estabilidad, ya que no contiene agua. Al incluir esferas deshidratadas de Écido hialurÉnico en combinaciÉn con vitamina C, alisa visiblemente la superficie de la piel. ? Aplicar una pequeÉa cantidad de producto sobre la cara por la maÉana o por la noche (preferiblemente por la noche). Evitar el contacto con los ojos. Es normal sentir una sensaciÉn de picor tras la aplicaciÉn. Si la sensaciÉn se hace difÉcil de soportar, mezclar la fÉrmula con otras cremas o sÉrums de tu elecciÉn y usarlos conjuntamente. En caso de irritaciÉn, interrumpir su uso y consultar a un mÉdico. Utilizar Énicamente sobre la piel intacta y siguiendo siempre las instrucciones de uso. Se aconseja hacer una prueba sobre una pequeÉa superficie de piel antes de su uso. Para mÉs informaciÉn sobre cÉmo hacer la prueba cutÉnea, consultar el sitio web de DECIEM. Mantener fuera del alcance de los niÉos. Cuidado Facial Sérum",,false_no_registro_sanitario,,
Inkafarma,Sérum - Silveria Vitamina C 30ml,Sérum - Silveria Vitamina C 30ml,,99.00,PEN,available,https://inkafarma.pe/producto/Sérum---Silveria-Vitamina-C-30ml/1668637347658,1668637347658,SILVERIA Organic Skincare,algolia_public_search,2026-06-08T01:09:24.199211+00:00,,"Nuestro sérum de Vitamina C, es un tratamiento de rápida absorción, esta potente fórmula antioxidante te ayudará de manera efectiva a minimizar la decoloración e iluminar la piel al instante. Formulado con vitamina C altamente estabilizada, ácido hialurónico y vitamina E. Cuidado Facial Sérum",,false_no_registro_sanitario,,
Inkafarma,"Crema Día, Noche y Vitamina C Esencia tonificante Dr Rashel","Crema Día, Noche y Vitamina C Esencia tonificante Dr Rashel",,125.00,PEN,available,https://inkafarma.pe/producto/crema-dia-noche-y-vitamina-c-esencia-tonificante-dr-rashel/1667590846713,1667590846713,DR RASHEL,algolia_public_search,2026-06-08T01:09:24.199401+00:00,,"1 unidad de Dr. Rashel Vitamina C Esencia tonificante iluminadora y antienvejecimiento 1 unidad Crema Dr. Rashel Día 1 unidad Crema Dr. Rashel Noche Contiene: 50 ml C/U Ingrediente principal: Vitamina C Uso: En el Rostro y Cuello Tipo de artículo: Suero facial Beneficios: Hidrata, Reduce las arrugas, suaviza la piel Cuidado Facial Crema facial",,false_no_registro_sanitario,,
Inkafarma,Vitamina C Esencia Tonificante Iluminadora Dr Rashel 3 Unidades,Vitamina C Esencia Tonificante Iluminadora Dr Rashel 3 Unidades,,130.00,PEN,available,https://inkafarma.pe/producto/vitamina-c-esencia-tonificante-iluminadora-dr-rashel-3-unidades/1667587441867,1667587441867,DR RASHEL,algolia_public_search,2026-06-08T01:09:24.199565+00:00,,"Ligero y altamente eficaz, ayudará a desvanecer manchas solares y a la decoloración, Reduce las líneas de expresión y las arrugas. contiene ingrediente de colágeno lumina y suaviza la piel para una tez más radiante y juvenil. Tratamiento Facial",,false_no_registro_sanitario,,
Inkafarma,Vitamina C Esencia Tonificante Iluminadora Dr Rashel 2 Unidades,Vitamina C Esencia Tonificante Iluminadora Dr Rashel 2 Unidades,,90.00,PEN,available,https://inkafarma.pe/producto/vitamina-c-esencia-tonificante-iluminadora-dr-rashel-2-unidades/1667587084203,1667587084203,DR RASHEL,algolia_public_search,2026-06-08T01:09:24.199713+00:00,,"Ligero y altamente eficaz, ayudará a desvanecer manchas solares y a la decoloración, Reduce las líneas de expresión y las arrugas. contiene ingrediente de colágeno lumina y suaviza la piel para una tez más radiante y juvenil. Tratamiento Facial",,false_no_registro_sanitario,,
Inkafarma,Vitamina C Esencia Tonificante Iluminadora Dr Rashel,Vitamina C Esencia Tonificante Iluminadora Dr Rashel,,50.00,PEN,available,https://inkafarma.pe/producto/vitamina-c-esencia-tonificante-iluminadora-dr-rashel/1667586512252,1667586512252,DR RASHEL,algolia_public_search,2026-06-08T01:09:24.199854+00:00,,"Ligero y altamente eficaz, ayudará a desvanecer manchas solares y a la decoloración, Reduce las líneas de expresión y las arrugas. contiene ingrediente de colágeno lumina y suaviza la piel para una tez más radiante y juvenil. Tratamiento Facial",,false_no_registro_sanitario,,
Inkafarma,Jabón Blanqueador Iluminador con Vitamina C Dr Rshel 6 Unidades,Jabón Blanqueador Iluminador con Vitamina C Dr Rshel 6 Unidades,,160.00,PEN,available,https://inkafarma.pe/producto/jabon-blanqueador-iluminador-con-vitamina-c-dr-rshel-6-unidades/1666992930871,1666992930871,DR RASHEL,algolia_public_search,2026-06-08T01:09:24.200035+00:00,,"Este jabón especialmente suave puede limpiar la piel profundamente hasta los poros, nutrir la piel para que esté radiante y suave, reducir los melasmas, las pecas y las manchas oscuras, reducir la grasa en la cara, mantener la humedad de la piel, eliminar las manchas que obstruyen la cara y reducir y prevenir formación de acné. Jabones Jabón en Barra",,false_no_registro_sanitario,,
Inkafarma,Serum Facial Revitalizante de Colágeno Natural con Vitamina C Bionuna,Serum Facial Revitalizante de Colágeno Natural con Vitamina C Bionuna,,69.00,PEN,available,https://inkafarma.pe/producto/serum-facial-revitalizante-de-colageno-natural-con-vitamina-c-bionuna/1651725548037,1651725548037,BIONUNA,algolia_public_search,2026-06-08T01:09:24.200837+00:00,,"¡Poción Mágica para el cuidado de tu piel!Revitalizante con Colágeno Natural , Vitamina C y Vitamina E.INGREDIENTES: Aceite de Naranja, Vitamina E , Aceite de Jojoba, Aceite de Calendula, Aceite de Sacha Inchi, Vitamina C al 15%.BENEFICIOS: Reduce la apariencia de los poros abiertos ,mantiene las zonas secas y grasas hidratadas mas no brillosas. Desinflamante y Revitalizante. Observaciones: Foto Referencial Marca: Cuidado de la Piel BionunaPeru Recomendaciones de uso: Mañana: Sobre el rostro limpio, luego de aplicar el tónico facial de tu preferencia, aplica unas gotas delSerum Bionuna de manera uniforme con pequeños masajes (de preferencia usar la guasha y/o roller BionunaPeru y usar bloqueador).Noche:Sobre el rostro limpio, luego de aplicar el tónico facial de tu preferencia, aplica unas gotas del Serum Bionuna de manera uniforme con pequeños masajes (de preferencia usar la guasha y/o roller BionunaPeru Tipo de producto: Cuidado de la Piel BionunaPeru Nota: NO TESTEADO EN ANIMALES Ingredientes: Aceite de Naranja, Vitamina E , Aceite de Jojoba, Aceite de Calendula, Aceite de Sacha Inchi, Vitamina C al 15%. Beneficios: Reduce la apariencia de los poros abiertos gracias al colágeno natural ,mantiene las zonas secas y grasas hidratadas mas no brillosas. Desinflamante y Revitalizante. Tipo de piel: PIel Mixta Contraindicaciones: De observar alguna reacción desfavorable, tal como enrojecimiento, comezón o irritación ,lavar inmediatamente con agua y suspender su uso. Advertencias de uso: No dejar al alcance de los niños. Evitar el contacto con los ojos. Para uso externo exclusivo. Belleza y estética Cuidado Facial Sérum Rostro Saludable",,false_no_registro_sanitario,,
Inkafarma,Serum Facial Astringente y Revitalizante con Vitamina E Bionuna,Serum Facial Astringente y Revitalizante con Vitamina E Bionuna,,69.00,PEN,available,https://inkafarma.pe/producto/serum-facial-astringente-y-revitalizante-con-vitamina-e-bionuna/1651725547807,1651725547807,BIONUNA,algolia_public_search,2026-06-08T01:09:24.201324+00:00,,"¡Poción Mágica para el cuidado de tu piel!Astringente y Revitalizante ,con Vitamina E y activos nutritivos astringentes.INGREDIENTES: Aceite de Lavanda, Vitamina E , Aceite de Menta, Aceite de Jojoba, Aceite de Pepitas de Uva, Vitamina C al 5%.BENEFICIOS: Nivela el ph de la piel .Limpia, Hidrata. Regenera Intensamente la piel. Reduce la Aparición de Líneas de Expresión. Observaciones: Foto Referencial Marca: Cuidado de la Piel BionunaPeru Recomendaciones de uso: Mañana: Sobre el rostro limpio, luego de aplicar el tónico facial de tu preferencia, aplica unas gotas delSerum Bionuna de manera uniforme con pequeños masajes (de preferencia usar la guasha y/o roller BionunaPeru y usar bloqueador).Noche:Sobre el rostro limpio, luego de aplicar el tónico facial de tu preferencia, aplica unas gotas del Serum Bionuna de manera uniforme con pequeños masajes (de preferencia usar la guasha y/o roller BionunaPeru Tipo de producto: Cuidado de la Piel BionunaPeru Nota: NO TESTEADO EN ANIMALES Ingredientes: Aceite de Lavanda, Vitamina E , Aceite de Menta, Aceite de Jojoba, Aceite de Pepitas de Uva, Vitamina C al 5%. Beneficios: Nivela el ph de la piel .Limpia, Hidrata. Regenera Intensamente la piel. Reduce la Aparición de Líneas de Expresión. Tipo de piel: PIel Grasa Contraindicaciones: De observar alguna reacción desfavorable, tal como enrojecimiento, comezón o irritación ,lavar inmediatamente con agua y suspender su uso. Advertencias de uso: No dejar al alcance de los niños. Evitar el contacto con los ojos. Para uso externo exclusivo. Belleza y estética Cuidado Facial Sérum Rostro Saludable",,false_no_registro_sanitario,,
Inkafarma,Capriccio Vitamina A Mom Calme A Granel Pequeño,Capriccio Vitamina A Mom Calme A Granel Pequeño,,19.00,PEN,available,https://inkafarma.pe/producto/capriccio-vitamina-a-mom-calme-a-granel-pequeno/1594254864127,1594254864127,Mom Calme,algolia_public_search,2026-06-08T01:09:24.201845+00:00,,"Mezcla Deshidratada De Uvas, Mandarina Membrillo, Cocona Y Té Negro En Presentación Pequeña a Granel 100% Artesanales. Sin Azucares Añadidos Sin Preservantes. Este Tipo De Infusión Contiene Vitamina A Que Ayuda A Mantener La Piel Sana, Al Mantenimiento De Los Dientes, A La Visión Y Da Un Sabor Inigualable Sin Calorías Extras. Vitaminas y Complementos Vitamina A",,false_no_registro_sanitario,,
Inkafarma,Capriccio Vitamina A Mom Calme 30 Filtrantes,Capriccio Vitamina A Mom Calme 30 Filtrantes,,45.00,PEN,available,https://inkafarma.pe/producto/capriccio-vitamina-a-mom-calme-30-filtrantes/1594254862949,1594254862949,Mom Calme,algolia_public_search,2026-06-08T01:09:24.202024+00:00,,"Mezcla Deshidratada De Uvas, Mandarina Membrillo, Cocona Y Té Negro En Presentación De 30 Filtrantes Biodegradables 100% Artesanales. Sin Azucares Añadidos Sin Preservantes. Este Tipo De Infusión Contiene Vitamina A Que Ayuda A Mantener La Piel Sana, Al Mantenimiento De Los Dientes, A La Visión Y Da Un Sabor Inigualable Sin Calorías Extras. Vitaminas y Complementos Vitamina A",,false_no_registro_sanitario,,
Inkafarma,Capriccio Vitamina A Mom Calme 15 Filtrantes,Capriccio Vitamina A Mom Calme 15 Filtrantes,,25.00,PEN,available,https://inkafarma.pe/producto/capriccio-vitamina-a-mom-calme-15-filtrantes/1594254861992,1594254861992,Mom Calme,algolia_public_search,2026-06-08T01:09:24.202199+00:00,,"Mezcla Deshidratada De Uvas, Mandarina Membrillo, Cocona Y Té Negro En Presentación De 15 Filtrantes Biodegradables 100% Artesanales. Sin Azucares Añadidos Sin Preservantes. Este Tipo De Infusión Contiene Vitamina A Que Ayuda A Mantener La Piel Sana, Al Mantenimiento De Los Dientes, A La Visión Y Da Un Sabor Inigualable Sin Calorías Extras. Vitaminas y Complementos Vitamina A",,false_no_registro_sanitario,,
Inkafarma,Capriccio Vitamina A Mom Calme A Granel Grande,Capriccio Vitamina A Mom Calme A Granel Grande,,75.00,PEN,available,https://inkafarma.pe/producto/capriccio-vitamina-a-mom-calme-a-granel-grande/1594254861679,1594254861679,Mom Calme,algolia_public_search,2026-06-08T01:09:24.202371+00:00,,"Mezcla Deshidratada De Uvas, Mandarina Membrillo, Cocona Y Té Negro En Presentación Grande a Granel 100% Artesanales. Sin Azucares Añadidos Sin Preservantes. Este Tipo De Infusión Contiene Vitamina A Que Ayuda A Mantener La Piel Sana, Al Mantenimiento De Los Dientes, A La Visión Y Da Un Sabor Inigualable Sin Calorías Extras. Vitaminas y Complementos Vitamina A",,false_no_registro_sanitario,,
Inkafarma,Efer-C 1g/5g Polvo Efervescente,Efer-C 1g/5g Polvo Efervescente,,83.00,PEN,available,https://inkafarma.pe/producto/efer-c-1g-5g-polvo-efervescente/422897,422897,EFER-C,algolia_public_search,2026-06-08T01:09:25.994007+00:00,,"Cada sobre contiene: Vitamina C 1g (Acido ascórbico), Excipientes c.s. Este producto es distribuido por Inretail Pharma S.A. (Ley 32033) Vitaminas Vitamina C",,false_no_registro_sanitario,,
Inkafarma,Mucovit Jarabe,Mucovit Jarabe,,34.00,PEN,available,https://inkafarma.pe/producto/mucovit-jarabe/403099,403099,MUCOVIT,algolia_public_search,2026-06-08T01:09:25.994141+00:00,,Vitamina A | Vitamina E | Ácido ascórbico | Vitamina D 50000UI | 100mg | 1000mg | 8000UI Este producto es distribuido por Inretail Pharma S.A. (Ley 32033) Vitaminas y Complementos,,false_no_registro_sanitario,,
Inkafarma,Farma D Gotas 200UI Solución oral,Farma D Gotas 200UI Solución oral,DE3267,55.00,PEN,available,https://inkafarma.pe/producto/farma-d-gotas-200ui-solucion-oral/037178,037178,Quibi,algolia_public_search,2026-06-08T01:09:25.999812+00:00,,"Cada 5 gotas contiene Vitamina D 1000 UI, Cada gota contiene 200 UI. Este producto es distribuido por Inretail Pharma S.A. (Ley 32033) Multivitamínicos Vitaminas Para Niños Vitamina D",digemid_name_inference,false_no_component_match,,
Inkafarma,Pack 02 Sunvit Vit E 400UI,Pack 02 Sunvit Vit E 400UI,,96.90,PEN,available,https://inkafarma.pe/producto/pack-02-sunvit-vit-e-400ui/PACKNT202,PACKNT202,SUNVIT,algolia_public_search,2026-06-08T01:09:26.003738+00:00,,Vitamina E 400 UI 180mg Este producto es distribuido por Inretail Pharma S.A. (Ley 32033) Suplemento dietético Vitaminas Packs de Nutrición y Bienestar Vitamina E,,false_no_registro_sanitario,,
Inkafarma,Pack 02 Gomix Multivitaminico Sabor Fresa,Pack 02 Gomix Multivitaminico Sabor Fresa,,59.90,PEN,available,https://inkafarma.pe/producto/pack-2-gomix-multivitaminico-fresa/PACKNT481,PACKNT481,GOMIX,algolia_public_search,2026-06-08T01:09:26.005063+00:00,,"Glucosa, azúcar, gelatina, agua tratada, vitaminas (A, B (B2, B6, B12), C,D), sabor fresa, SIN (330, 202, 129). Este producto es distribuido por Inretail Pharma S.A. (Ley 32033) Multivitamínicos Suplementos y Vitaminas Packs de Nutrición y Bienestar Gomitas Funcionales para Todo Para Niños",,false_no_registro_sanitario,,
Inkafarma,Suplemento de Carbohidrato Enterex Karbs Polvo Solución Oral,Suplemento de Carbohidrato Enterex Karbs Polvo Solución Oral,,70.00,PEN,available,https://inkafarma.pe/producto/suplemento-de-carbohidrato-enterex-karbs-polvo-solucion-oral/025196,025196,ENTEREX,algolia_public_search,2026-06-08T01:09:26.140668+00:00,,Este producto es distribuido por Inretail Pharma S.A. (Ley 32033) Suplementos / Complementos Adulto,,false_no_registro_sanitario,,
Inkafarma,Liluama Pack 3x2 Suplemento Natural,Liluama Pack 3x2 Suplemento Natural,,297.00,PEN,available,https://inkafarma.pe/producto/liluama-pack-3x2-suplemento-natural/1722003725308,1722003725308,LILUAMA,algolia_public_search,2026-06-08T01:09:26.143287+00:00,,"Beneficios del Liluama Liluama es un suplemento natural especializado y diseñado para aliviar y mitigar los síntomas de las infecciones del tracto urinario. Destinadas a las personas que sufren infecciones urinarias recurrentes o síntomas agudos de cistitis. Destinadas principalmente a las mujeres, que son más propensas a las infecciones del tracto urinario debido a su estructura anatómica. También puede ser útil para los cálculos renales y la micosis íntima en las mujeres. Al atacar la causa principal de las infecciones urinarias y aliviar eficazmente las molestias, el suplemento le permite recuperar el control de su sistema urinario. Puede ayudar a eliminar Dolor y ardor. Puede ayudar a eliminar las ganas frecuentes de orinar Sensación de vaciado incompleto de la vejiga. Cambios en el color y el olor de la orina. Puede ayudar a eliminar Cistitis. Nutrición Suplementos naturales",,false_no_registro_sanitario,,
Inkafarma,Suplemento Aguaje Gomitas + Crema Quemador Tapa Amarilla Lipo Cream Ni,Suplemento Aguaje Gomitas + Crema Quemador Tapa Amarilla Lipo Cream Ni,,105.00,PEN,available,https://inkafarma.pe/producto/suplemento-aguaje-gomitas-crema-quemador-tapa-amarilla-lipo-cream-ni/1696444438804,1696444438804,GENERICO,algolia_public_search,2026-06-08T01:09:26.144651+00:00,,"Con CURVY AGUAJE verás un cambio de medidas al tercer mes, donde notarás un aumento de medidas, aumento de masa muscular, tomándolo de manera correcta junto a los ejercicios adecuados. El uso continuo y constante hará que notes mejores resultados.Crema reductora Lipo cream Ni Tapa amarilla 500gBurning body cream Humecta la piel previniendo los signos visibles de resequedad y envejecimiento.Modo de uso: Aplicar Lipo Cream ni burning body cream en todo el cuerpo, con movimientos circulares ascendentes y descendentes hasta presentar una agradable sensación de tibieza en la piel.Precauciones: En caso de presentar reacciones alérgicas o irritación, descontinuar su uso. No aplicar en la cara, pies o cabeza. Evitar el contacto con los ojos, no ingerir. Suplementos Nutricionales Colágenos",,false_no_registro_sanitario,,
Inkafarma,Suplemento Herbal Natural Chill & Relax Healing Lab Gotero 30 ML,Suplemento Herbal Natural Chill & Relax Healing Lab Gotero 30 ML,,85.00,PEN,available,https://inkafarma.pe/producto/suplemento-herbal-natural-chill-relax-healing-lab-gotero-30-ml/1694795864514,1694795864514,HEALING LAB,algolia_public_search,2026-06-08T01:09:26.144999+00:00,,"Descripción: nutracéutico, suplemento herbal naturalIngredientes: extracto concentrado de manzanilla y toronjil, solución que contiene un % mínimo de alcohol de caña.Nuestro proceso de extracción único y diferenciado: FitoTech Xtraconcentrate® nos permite obtener una mayor concentración de los componentes bioactivos de cada planta y por lo tanto un efecto multiplicador de los beneficios.Indicaciones: Tratar la ansiedad, el estrés y derivados que pueden surgir como resultado de la ansiedad y el estrés: tensión muscular, irritabilidad, inquietud, dificultad para conciliar el sueño, fatiga y agotamiento, palpitaciones o taquicardia, dificultades respiratorias, problemas gastrointestinales, problemas de concentración y memoria, y sudoración excesiva. Forma de administración: sublingual preferentemente (mayor biodisponibilidad: rápida absorción y acción) / diluido en 10 ml de agua Presentación: gotero 30 mlPrincipales mecanismos de acción: Propiedades ansiolíticas, relajantes, estimulantes y tonificantes, Propiedades antiespasmódicas, ayuda a aliviar problemas digestivos. Tiene propiedades antibacterianas, antiiflamatorias y antivirales.Registro Sanitario: P9077421N/NASRPO Avalado por doctores y especialistas Suplementos Nutricionales Naturales",,false_no_registro_sanitario,,
Inkafarma,Deos Suplemento Desodorante Interno Natural Control de Olores y Frescura Total 30 Cápsulas Veganas,Deos Suplemento Desodorante Interno Natural Control de Olores y Frescura Total 30 Cápsulas Veganas,,89.00,PEN,available,https://inkafarma.pe/producto/deos-digesana-suplemento-desodorante-interno-natural-control-de-olores-y-frescura-total-30-capsulas/1757013334617,1757013334617,GENÉRICO,algolia_public_search,2026-06-08T01:09:26.145709+00:00,,"DEOS Suplemento Desodorante Interno – Frescura natural desde adentro Mantente fresco de pies a cabeza con DEOS , el innovador suplemento a base de clorofila, perejil y menta . Su fórmula 100% natural ayuda a neutralizar olores corporales y apoya la digestión y la salud intestinal. ✨ Beneficios principales: Control de olores de cuerpo completo. Frescura durante todo el día sin necesidad de reaplicar. Cápsulas veganas , fáciles de tragar o mezclar con agua/jugo. Ingredientes simples y naturales: clorofilina, perejil y menta. Accesorios Más Accesorios",,false_no_registro_sanitario,,
Inkafarma,Suplemento Nutricional Bioprost 1 Frasco,Suplemento Nutricional Bioprost 1 Frasco,,125.00,PEN,available,https://inkafarma.pe/producto/suplemento-nutricional-bioprost-1-frasco/1770169625504,1770169625504,GENÉRICO,algolia_public_search,2026-06-08T01:09:26.145953+00:00,,"SUPLEMENTO NUTRICIONAL BIOPROST DESCRIPCIÓN : Bioprost es un suplemento diseñado para promover la salud prostática y urogenital. Con una fórmula natural, ayuda a limpiar la próstata de toxinas, alivia los síntomas de la hiperplasia benigna y mejora la función masculina. BENEFICIOS: Limpieza Prostática: Elimina toxinas acumuladas, favoreciendo la salud general. Desinflamación: Restaura funciones urogenitales y reduce la inflamación. Alivio del Dolor: Aumenta la micción y alivia molestias, garantizando la salud de los genitales, riñones y vías urinarias. Mejora el rendimiento: Aumenta la erección y la libido, un rendimiento. Suplementos Nutricionales Colágenos",,false_no_registro_sanitario,,
Inkafarma,Liluama Suplemento Natural,Liluama Suplemento Natural,,174.00,PEN,available,https://inkafarma.pe/producto/liluama-suplemento-natural/1722002364315,1722002364315,LILUAMA,algolia_public_search,2026-06-08T01:09:26.146699+00:00,,"Beneficios del Liluama Liluama es un suplemento natural especializado y diseñado para aliviar y mitigar los síntomas de las infecciones del tracto urinario. Destinadas a las personas que sufren infecciones urinarias recurrentes o síntomas agudos de cistitis. Destinadas principalmente a las mujeres, que son más propensas a las infecciones del tracto urinario debido a su estructura anatómica. También puede ser útil para los cálculos renales y la micosis íntima en las mujeres. Al atacar la causa principal de las infecciones urinarias y aliviar eficazmente las molestias, el suplemento le permite recuperar el control de su sistema urinario. Puede ayudar a eliminar Dolor y ardor. Puede ayudar a eliminar las ganas frecuentes de orinar Sensación de vaciado incompleto de la vejiga. Cambios en el color y el olor de la orina. Puede ayudar a eliminar Cistitis. Nutrición Suplementos naturales",,false_no_registro_sanitario,,
Inkafarma,Suplemento Aguaje 3 Unidades + Crema Quemador Amarilla Lipo Cream,Suplemento Aguaje 3 Unidades + Crema Quemador Amarilla Lipo Cream,,215.00,PEN,available,https://inkafarma.pe/producto/suplemento-aguaje-3-unidades-crema-quemador-amarilla-lipo-cream/1719345642980,1719345642980,CURVY GUMMIES,algolia_public_search,2026-06-08T01:09:26.151162+00:00,,"3 Suplemento Aguaje en Gomitas - Curvy GummiesCon CURVY AGUAJE verás un cambio de medidas al tercer mes, donde notarás un aumento de medidas, aumento de masa muscular, tomándolo de manera correcta junto a los ejercicios adecuados. El uso continuo y constante hará que notes mejores resultados.GOMITAS CON AGUAJE SABOR A FRUTOS ROJOSCaracterísticas:AUMENTA – MOLDEA – FITOESTROGENOS CADERAS Y SENOS- ALTO CONCENTRADO DE AGUAJE- FITOESTROGENOS- PROTEÍNA- VITAMINA B6Modo de uso: Se debe ingerir 1 gomita al levantarte y otro antes de dormir, cada gomita tiene la capacidad y porción necesaria de tus requerimientos diarios en propiedades. RECOMENDACIONES:Se recomienda consumir 2 gomitas al día. (Comer una gomita antes del desayuno, comer una gomita antes de la cena).Crema reductora Lipo cream Ni Tapa amarilla 500gBurning body cream Humecta la piel previniendo los signos visibles de resequedad y envejecimiento.Modo de uso: Aplicar Lipo Cream ni burning body cream en todo el cuerpo, con movimientos circulares ascendentes y descendentes hasta presentar una agradable sensación de tibieza en la piel.Precauciones: En caso de presentar reacciones alérgicas o irritación, descontinuar su uso. No aplicar en la cara, pies o cabeza. Evitar el contacto con los ojos, no ingerir.Mantener fuera del alcance de los niños.Uso: Externo Suplementos Nutricionales Naturales",,false_no_registro_sanitario,,
Inkafarma,Suplemento Aguaje 3 Uni + Crema Thermohidra Verde Lipo Cream Ni,Suplemento Aguaje 3 Uni + Crema Thermohidra Verde Lipo Cream Ni,,215.00,PEN,available,https://inkafarma.pe/producto/suplemento-aguaje-3-uni-crema-thermohidra-verde-lipo-cream-ni/1719345639941,1719345639941,CURVY GUMMIES,algolia_public_search,2026-06-08T01:09:26.152030+00:00,,"3 Suplemento Aguaje en Gomitas - Curvy GummiesCon CURVY AGUAJE verás un cambio de medidas al tercer mes, donde notarás un aumento de medidas, aumento de masa muscular, tomándolo de manera correcta junto a los ejercicios adecuados. El uso continuo y constante hará que notes mejores resultados.GOMITAS CON AGUAJE SABOR A FRUTOS ROJOSCaracterísticas:- ALTO CONCENTRADO DE AGUAJE- FITOESTROGENOS- PROTEÍNA- VITAMINA B6Modo de uso: Se debe ingerir 1 gomita al levantarte y otro antes de dormir, cada gomita tiene la capacidad y porción necesaria de tus requerimientos diarios en propiedades. RECOMENDACIONES:Se recomienda consumir 2 gomitas al día. (Comer una gomita antes del desayuno, comer una gomita antes de la cena).Características: contiene oligoelementos esenciales que son necesarios para la salud y el bienestar de la piel. También contiene ingredientes hidratantes y nutritivos que pueden corregir la apariencia de la piel.Beneficios: ayudar a corregir la apariencia general de la piel al proporcionar una hidratación profunda y nutrición esencial. También puede ayudar a contener la aparición de arrugas y líneas finas, dejando la piel con un aspecto más suave y radiante.Modo de uso: Aplique una pequeña cantidad de crema en la piel limpia y seca, masajeando suavemente hasta que se absorba por completo. Se recomienda usar la crema dos veces al día, por la mañana y por la noche.Advertencia: Evite el contacto con los ojos y no aplique la crema sobre la piel irritada o dañada. Si experimenta alguna reacción adversa, suspenda su uso y consulte a un médico. Mantenga fuera del alcance de los niños. Suplementos Nutricionales Naturales",,false_no_registro_sanitario,,
Inkafarma,Suplemento Aguaje 3 Unidades + Crema Quemador Azul Lipo Cream,Suplemento Aguaje 3 Unidades + Crema Quemador Azul Lipo Cream,,215.00,PEN,available,https://inkafarma.pe/producto/suplemento-aguaje-3-unidades-crema-quemador-azul-lipo-cream/1719345637305,1719345637305,CURVY GUMMIES,algolia_public_search,2026-06-08T01:09:26.152885+00:00,,"3 Suplemento Aguaje en Gomitas - Curvy GummiesCon CURVY AGUAJE verás un cambio de medidas al tercer mes, donde notarás un aumento de medidas, aumento de masa muscular, tomándolo de manera correcta junto a los ejercicios adecuados. El uso continuo y constante hará que notes mejores resultados.GOMITAS CON AGUAJE SABOR A FRUTOS ROJOSCaracterísticas:AUMENTA – MOLDEA – FITOESTROGENOS CADERAS Y SENOS- ALTO CONCENTRADO DE AGUAJE- FITOESTROGENOS- PROTEÍNA- VITAMINA B6Modo de uso: Se debe ingerir 1 gomita al levantarte y otro antes de dormir, cada gomita tiene la capacidad y porción necesaria de tus requerimientos diarios en propiedades.CREMA REDUCTORA PARA ABDOMEN LIPO CREAM AZULEsta crema Reductora y Reafirmante por la sinergia de los extractos naturales tiene acción reductora y además por su efecto sensitivo frío reafirma la piel.Modo de uso: Distribuir en la zona para reducir en la parte abdominal aplicar el producto levemente en movimientos circulares, en las piernas y en los brazos masajeando levemente de arriba para bajo y de abajo para arriba, deje actuar por más o menos unos 30 minutos. Suplementos Nutricionales Naturales",,false_no_registro_sanitario,,
Inkafarma,Suplemento Aguaje 3 Uni + Crema Thermogenesis Roja Lipo Cream,Suplemento Aguaje 3 Uni + Crema Thermogenesis Roja Lipo Cream,,215.00,PEN,available,https://inkafarma.pe/producto/suplemento-aguaje-3-uni-crema-thermogenesis-roja-lipo-cream/1719345634299,1719345634299,CURVY GUMMIES,algolia_public_search,2026-06-08T01:09:26.154161+00:00,,"3 Suplemento Aguaje en Gomitas - Curvy GummiesCon CURVY AGUAJE verás un cambio de medidas al tercer mes, donde notarás un aumento de medidas, aumento de masa muscular, tomándolo de manera correcta junto a los ejercicios adecuados. El uso continuo y constante hará que notes mejores resultados.GOMITAS CON AGUAJE SABOR A FRUTOS ROJOSCaracterísticas:AUMENTA – MOLDEA – FITOESTROGENOS CADERAS Y SENOS- ALTO CONCENTRADO DE AGUAJE- FITOESTROGENOS- PROTEÍNA- VITAMINA B6Modo de uso: Se debe ingerir 1 gomita al levantarte y otro antes de dormir, cada gomita tiene la capacidad y porción necesaria de tus requerimientos diarios en propiedades. RECOMENDACIONES:Se recomienda consumir 2 gomitas al día. (Comer una gomita antes del desayuno, comer una gomita antes de la cena).Crema Thermogenesis Tapa roja - Lipo Cream NILa Lipo Cream Ni, es una crema termogénica diseñada para ayudar a tonificar y reafirmar la piel. Su fórmula está hecha con ingredientes naturales y de alta calidad que tienen propiedades estimulantes y tonificantes.Características: Contiene ingredientes termogénicos que aumentan la circulación sanguínea en el área de aplicación, lo que puede ayudar a mejorar la apariencia de la piel. También contiene ingredientes hidratantes que ayudan a mantener la piel suave y flexible.Beneficios: La Lipo Cream puede ayudar a mejorar la apariencia general de la piel al reducir la apariencia de la celulitis y la piel flácida. Además, su fórmula hidratante puede ayudar a mantener la piel suave y flexible.Tipo de piel: para todo tipo de piel, incluyendo la piel sensible.Modo de uso: Aplique una pequeña cantidad de crema en el área deseada y masajee suavemente hasta que se absorba completamente. Se recomienda usar la crema dos veces al día, una vez en la mañana y otra vez antes de dormir. Suplementos Nutricionales Naturales",,false_no_registro_sanitario,,
Inkafarma,Suplemento Aguaje 2 Unidades + Crema Quemador Amarilla Lipo Cream,Suplemento Aguaje 2 Unidades + Crema Quemador Amarilla Lipo Cream,,159.00,PEN,available,https://inkafarma.pe/producto/suplemento-aguaje-2-unidades-crema-quemador-amarilla-lipo-cream/1719345641460,1719345641460,CURVY GUMMIES,algolia_public_search,2026-06-08T01:09:26.154642+00:00,,"2 Suplemento Aguaje en Gomitas - Curvy GummiesCon CURVY AGUAJE verás un cambio de medidas al tercer mes, donde notarás un aumento de medidas, aumento de masa muscular, tomándolo de manera correcta junto a los ejercicios adecuados. El uso continuo y constante hará que notes mejores resultados.GOMITAS CON AGUAJE SABOR A FRUTOS ROJOSCaracterísticas:AUMENTA – MOLDEA – FITOESTROGENOS CADERAS Y SENOS- ALTO CONCENTRADO DE AGUAJE- FITOESTROGENOS- PROTEÍNA- VITAMINA B6Modo de uso: Se debe ingerir 1 gomita al levantarte y otro antes de dormir, cada gomita tiene la capacidad y porción necesaria de tus requerimientos diarios en propiedades. RECOMENDACIONES:Se recomienda consumir 2 gomitas al día. (Comer una gomita antes del desayuno, comer una gomita antes de la cena).Crema reductora Lipo cream Ni Tapa amarilla 500gBurning body cream Humecta la piel previniendo los signos visibles de resequedad y envejecimiento.Modo de uso: Aplicar Lipo Cream ni burning body cream en todo el cuerpo, con movimientos circulares ascendentes y descendentes hasta presentar una agradable sensación de tibieza en la piel.Precauciones: En caso de presentar reacciones alérgicas o irritación, descontinuar su uso. No aplicar en la cara, pies o cabeza. Evitar el contacto con los ojos, no ingerir.Mantener fuera del alcance de los niños.Uso: Externo Suplementos Nutricionales Naturales",,false_no_registro_sanitario,,
Inkafarma,Suplemento Pitahaya 2 Uni + Crema Quemador Amarilla Lipo Cream,Suplemento Pitahaya 2 Uni + Crema Quemador Amarilla Lipo Cream,,159.00,PEN,available,https://inkafarma.pe/producto/suplemento-pitahaya-2-uni-crema-quemador-amarilla-lipo-cream/1719345630908,1719345630908,CURVY GUMMIES,algolia_public_search,2026-06-08T01:09:26.156498+00:00,,"2 Suplemento Pitahaya en Gomitas - Curvy GummiesPote de 60 gomitas en forma de corazón TERMOSELLADO + ETIQUETA METALIZADA + BOLSA ORIGINAL METALIZADA• RETENCIÓN DE LÍQUIDOS – MOLDEA – REDUCE-ALTO CONCENTRADO DE PITAHAYA• COLA DE CABALLOGOMITAS CON PITAHAYA SABOR A PIÑAModo de uso: HITAHAYA - 1 en ayunas junto a 3 vasos de agua - 1 antes de dormir junto a 3 vasos de agua.Crema reductora Lipo cream Ni Tapa amarilla 500gBurning body cream Humecta la piel previniendo los signos visibles de resequedad y envejecimiento.Modo de uso: Aplicar Lipo Cream ni burning body cream en todo el cuerpo, con movimientos circulares ascendentes y descendentes hasta presentar una agradable sensación de tibieza en la piel. Uso: Externo Suplementos Nutricionales Naturales",,false_no_registro_sanitario,,
Inkafarma,MILK THISTLE SUPLEMENTO CARDO MARIANO 1000MG PURITANS PRIDE 180 CÁPSULAS BLANDAS,MILK THISTLE SUPLEMENTO CARDO MARIANO 1000MG PURITANS PRIDE 180 CÁPSULAS BLANDAS,,149.00,PEN,available,https://inkafarma.pe/producto/milk-thistle-suplemento-cardo-mariano-1000mg-puritans-pride-180-capsulas-blandas/1746157759789,1746157759789,PURITANS PRIDE,algolia_public_search,2026-06-08T01:09:26.165106+00:00,,"Contiene propiedades antioxidantes*Tradicionalmente utilizado para el funcionamiento saludable del hígado*El cardo mariano es una flor puntiaguda y morada.Los beneficios excepcionales del Cardo Mariano se deben a sus propiedades antioxidantes, que ayudan a optimizar la salud y el bienestar.El cardo mariano ayuda a mantener una función hepática saludable al apoyar la estructura de la membrana celular externa de las células del hígado.Formulado científicamente. Preocupación por la salud: desintoxicación y apoyo al hígadoSin gluten Suplementos Nutricionales Naturales",,false_no_registro_sanitario,,
Inkafarma,Suplemento Aguaje Gomitas + Crema Thermogenesis Tapa Roja Lipo Cream Ni,Suplemento Aguaje Gomitas + Crema Thermogenesis Tapa Roja Lipo Cream Ni,,105.00,PEN,available,https://inkafarma.pe/producto/suplemento-aguaje-gomitas-crema-thermogenesis-tapa-roja-lipo-cream-ni/1696444447946,1696444447946,GENERICO,algolia_public_search,2026-06-08T01:09:26.174529+00:00,,"Con CURVY AGUAJE verás un cambio de medidas al tercer mes, donde notarás un aumento de medidas, aumento de masa muscular, tomándolo de manera correcta junto a los ejercicios adecuados. El uso continuo y constante hará que notes mejores resultados.Crema Thermogénesis Tapa roja - Lipo Cream NILa Lipo Cream Ni, es una crema termogénica diseñada para ayudar a tonificar y reafirmar la piel. Su fórmula está hecha con ingredientes naturales y de alta calidad que tienen propiedades estimulantes y tonificantes. Suplementos Nutricionales Colágenos",,false_no_registro_sanitario,,
Inkafarma,Suplemento Aguaje Gomitas + Crema Thermohidra Tapa Verde Lipo Cream Ni,Suplemento Aguaje Gomitas + Crema Thermohidra Tapa Verde Lipo Cream Ni,,105.00,PEN,available,https://inkafarma.pe/producto/suplemento-aguaje-gomitas-crema-thermohidra-tapa-verde-lipo-cream-ni/1696444440304,1696444440304,GENERICO,algolia_public_search,2026-06-08T01:09:26.175254+00:00,,"Con CURVY AGUAJE verás un cambio de medidas al tercer mes, donde notarás un aumento de medidas, aumento de masa muscular, tomándolo de manera correcta junto a los ejercicios adecuados. El uso continuo y constante hará que notes mejores resultados. GOMITAS CON AGUAJE SABOR A FRUTOS ROJOS.Crema Corporal Thermohidratante Tapa Verde- Lipo Cream Ni La Lipo Cream - Crema Oligoelementos es una crema hidratante y nutritiva diseñada para mejorar la salud y la apariencia de la piel. Su fórmula está enriquecida con oligoelementos que proporcionan una nutrición profunda y una hidratación duradera. Suplementos Nutricionales Colágenos",,false_no_registro_sanitario,,
Inkafarma,"SUPLEMENTO POWER FACTOR POWER MEN FRASCO 350 G HUANARPO MACHO, MACA NEGRA Y GRANADA","SUPLEMENTO POWER FACTOR POWER MEN FRASCO 350 G HUANARPO MACHO, MACA NEGRA Y GRANADA",,76.40,PEN,available,https://inkafarma.pe/producto/suplemento-power-factor-power-men-frasco-350-g-huanarpo-macho-maca-negra-y-granada/1739811614225,1739811614225,POWER FACTOR,algolia_public_search,2026-06-08T01:09:26.178254+00:00,,"El huanarpo macho, la maca negra y la granada son conocidos por sus propiedades beneficiosas para la libido y la salud sexual debido a varios mecanismos biológicos:Huanarpo Macho:1. Aumento del flujo sanguíneo: El huanarpo macho es una planta tradicionalmente utilizada en la medicina peruana. Se cree que mejora la circulación sanguínea, lo cual es crucial para una función eréctil saludable.2. Aumento de la testosterona: Estudios sugieren que puede aumentar los niveles de testosterona, la hormona sexual masculina, que juega un papel fundamental en la libido y la función sexual.3. Propiedades adaptogénicas: Estas ayudan a reducir el estrés y la ansiedad, que son factores comunes que afectan la libido y la función sexual.Maca Negra:1. Mejora de la energía y la resistencia: La maca negra es conocida por su capacidad para aumentar la energía, la resistencia y el rendimiento físico, lo que puede traducirse en una mejor función sexual.2. Aumento de la libido: Varios estudios han demostrado que la maca negra puede mejorar la libido tanto en hombres como en mujeres. Se cree que esto se debe a su efecto sobre el equilibrio hormonal y la mejora de la circulación sanguínea.3. Reducción del estrés: La maca negra también tiene propiedades adaptogénicas, que ayudan a combatir el estrés y la ansiedad, contribuyendo así a una mejor salud sexual.Granada:1. Rica en antioxidantes: La granada es rica en antioxidantes, que ayudan a mejorar la salud cardiovascular al reducir la inflamación y mejorar el flujo sanguíneo. Un buen flujo sanguíneo es esencial para una función eréctil saludable.2. Mejora del óxido nítrico: La granada puede aumentar la producción de óxido nítrico en el cuerpo, una molécula que ayuda a relajar y dilatar los vasos sanguíneos, mejorando así la circulación y la función eréctil.3. Reducción del estrés oxidativo: Al reducir el estrés oxidativo, la granada puede proteger las células y mejorar la función sexual general.Estos componentes trabajan juntos para mejorar la libido y combatir la impotencia sexual al abordar múltiples aspectos de la salud sexual, incluyendo el flujo sanguíneo, los niveles hormonales, la energía y la reducción del estrés.BENEFICIOS:• Previene y ayuda a aumentar la libido, gracias a sus componentes naturales.• Combate la impotencia sexual, falta de deseo, disfunción eréctil, eyaculación precoz.• Ayuda a aumentar los niveles de testosterona.PRESENTACIÓN:• Cantidad por envase: 350g• Duración: 35 díasMODO DE USO:• Se recomienda 10 gramos por toma (contiene cuchara medidora). Suplementos Nutricionales Alimentos Naturales Maca Naturales",,false_no_registro_sanitario,,
Inkafarma,Nature Made Paquete diario de salud para la diabetes suplemento dietético,Nature Made Paquete diario de salud para la diabetes suplemento dietético,,340.00,PEN,available,https://inkafarma.pe/producto/nature-made-paquete-diario-de-salud-para-la-diabetes-suplemento-dietetico/1771016733050,1771016733050,GENÉRICO,algolia_public_search,2026-06-08T01:09:26.178521+00:00,,"Este paquete incluye una caja de Nature Made Diabetes Health Pack, 60 paquetes y un oragnizer de píldoras Cada paquete de suplementos nutricionales contiene una combinación completa de vitaminas, minerales y otros suplementos claves Instrucciones: Para adultos, tomar el contenido de un paquete diariamente con agua y una comida Estas declaraciones no han sido evaluadas por la Administración de Alimentos y Medicamentos; este producto no está destinado a diagnosticar, tratar, curar o prevenir ninguna enfermedad Paquete con un exclusivo oragnizer de píldoras de Rock eDigital. Tiene una dimensión de 4.3 x 3.5 x 1.2 pulgadas. 8 espacios independientes con diseño de tripleEvita que las pastillas se caigan y evita que la humedad y el polvo. Suplementos Nutricionales Adultos",,false_no_registro_sanitario,,
Inkafarma,ONNIT - Suplemento para el cerebro en cápsulas Alpha Brain,ONNIT - Suplemento para el cerebro en cápsulas Alpha Brain,,300.00,PEN,available,https://inkafarma.pe/producto/onnit-suplemento-para-el-cerebro-en-capsulas-alpha-brain/1771027246887,1771027246887,GENÉRICO,algolia_public_search,2026-06-08T01:09:26.179312+00:00,,"Más de 1 millón de botellas vendidas: diseñado para ayudar a reducir la niebla cerebral y aumentar la concentración, Alpha Brain ha sido un líder del mercado en el espacio nootrópico desde 2011. Memoria, enfoque y concentración: sin el accidente: tanto si estás centrado en la carrera, académica, vida social o atletismo, tomar Alpha Brain es como otro equipo para tu cerebro. Y mientras que la mayoría de los suplementos de enfoque confían en la cafeína y otros estimulantes para que te ayude, Alpha Brain es un suplemento cerebral libre de estimulantes, lo que significa que no hay temida caída de la tarde. Ingredientes cultivados en la tierra: Alpha Brain está fabricado con nutrientes cultivados en la tierra como Bacopa, garra de gato, pajita de avena y Huperzia Serrata para ayudarte a realizar tu potencial ilimitado. Para una lista completa de ingredientes, véase más abajo. Suplementos Nutricionales Adultos",,false_no_registro_sanitario,,
Inkafarma,Suplemento Nutricional para Perros Artrosamine Advanced Mini & Small X 32 Tab,Suplemento Nutricional para Perros Artrosamine Advanced Mini & Small X 32 Tab,,128.20,PEN,available,https://inkafarma.pe/producto/suplemento-nutricional-para-perros-artrosamine-advanced-mini-small-x-32-tab/1723756254370,1723756254370,ARTROSAMINE,algolia_public_search,2026-06-08T01:09:26.180896+00:00,,"* Coadyuvante en el tratamiento de la osteoartritis, problemas lumbares y problemas de articulaciones. * Coadyuvante en la regeneración de tendones y protección de cartílagos articulares. * Lubricación y mantenimiento de la viscosidad del líquido sinovial de articulaciones dañadas por envejecimiento, traumas, infecciones o displasia de cadera. * Preventivo en la presentación de patologías articulares. * Mantenimiento de articulaciones y cartílagos sanos, inclusive durante el crecimiento. * Coadyuvante en procesos articulares que cursan con dolor y pérdidad de movilidad; incluyendo soporte de por vida cuando sea necesario. Mascotas Vitaminas y Suplementos para Mascotas",,false_no_registro_sanitario,,
Inkafarma,Suplemento para gatos Petonic Cats Recuperation,Suplemento para gatos Petonic Cats Recuperation,,50.40,PEN,available,https://inkafarma.pe/producto/suplemento-para-gatos-petonic-cats-recuperation/1761580073420,1761580073420,PETONIC,algolia_public_search,2026-06-08T01:09:26.181484+00:00,,"Petonic Cats Recuperation es una fórmula nutracéutica de recuperación para gatos debilitados. Indicado como soporte para la recuperación de animales pos-cirugía, de animales enfermos, débiles o de edad avanzada y como promotor de la salud para cachorros. También ayuda a las gatos con problemas para comer o beber. Indicaciones específicas: Situaciones de estrés catabólico, soporte a pacientes con IG, pancreatitis, insuficiencia renal crónica, problemas hepáticos, dificultad o problemas para comer o beber en períodos de recuperación, poscirugías o ante dietas terapeúticas. Antibioterapias prolongadas, deshidratación y coadyuvante en casos de infecciones e intoxicaciones, como suplemento en animales recién nacidos, mejora de la respuesta a la inmunización y refuerzo nutricional pos-vacunal en gatitos y para apoyar la recuperación de animales debilitados, enfermos o convalecientes.Facilita la administración de medicamentos y suplementos, sobre todo los de baja palatabilidad. Mascotas que no beben suficiente agua y en consecuencia pueden sufrir de cálculos urinarios. Mascotas Higiene para tu Mascota",,false_no_registro_sanitario,,
Inkafarma,Suplemento Nutricional para Perros Artrosamine Advanced Medium & Large X 32 Tab,Suplemento Nutricional para Perros Artrosamine Advanced Medium & Large X 32 Tab,,219.60,PEN,available,https://inkafarma.pe/producto/suplemento-nutricional-para-perros-artrosamine-advanced-medium-large-x-32-tab/1723756254118,1723756254118,ARTROSAMINE,algolia_public_search,2026-06-08T01:09:26.181678+00:00,,"* Coadyuvante en el tratamiento de la osteoartritis, problemas lumbares y problemas de articulaciones.* Coadyuvante en la regeneración de tendones y protección de cartílagos articulares.* Lubricación y mantenimiento de la viscosidad del líquido sinovial de articulaciones dañadas por envejecimiento, traumas, infecciones o displasia de cadera.* Preventivo en la presentación de patologías articulares.* Mantenimiento de articulaciones y cartílagos sanos, inclusive durante el crecimiento.* Coadyuvante en procesos articulares que cursan con dolor y pérdidad de movilidad; incluyendo soporte de por vida cuando sea necesario. Mascotas Vitaminas y Suplementos para Mascotas",,false_no_registro_sanitario,,
Inkafarma,ProstaGenix Suplemento multifásico para la próstata,ProstaGenix Suplemento multifásico para la próstata,,360.00,PEN,available,https://inkafarma.pe/producto/prostagenix-suplemento-multifasico-para-la-prostata/1768328986217,1768328986217,GENÉRICO,algolia_public_search,2026-06-08T01:09:26.327980+00:00,,"Calificado como el número uno en una famosa investigación realizada por Larry King. ¡Se probaron 157 productos de 16 países y ProstaGenix quedó primero! “El mejor producto para la próstata que he visto en 40 años"" - Dr. Dudley Danoff, el urólogo más importante de Estados Unidos, presidente de Tower Urology del hospital de renombre mundial Cedars-Sinai La clave del éxito Prostagenix es que tiene el derecho de uso exclusivo a nivel mundial de la fuente más potente de beta-sitosterol, ubicada en el bosque de las Landas, Francia Reduce drásticamente la urgencia urinaria y las visitas al baño tanto de día como de noche. Restaura un flujo fuerte para un vaciado completo Suplementos Nutricionales Adultos",,false_no_registro_sanitario,,
Inkafarma,2 Suplemento Aguaje Gomitas + Crema Thermohidra Tapa Verde Lipo Cream Ni,2 Suplemento Aguaje Gomitas + Crema Thermohidra Tapa Verde Lipo Cream Ni,,169.00,PEN,available,https://inkafarma.pe/producto/2-suplemento-aguaje-gomitas-crema-thermohidra-tapa-verde-lipo-cream-ni/1696444439935,1696444439935,GENERICO,algolia_public_search,2026-06-08T01:09:26.329677+00:00,,"Con CURVY AGUAJE verás un cambio de medidas al tercer mes, donde notarás un aumento de medidas, aumento de masa muscular, tomándolo de manera correcta junto a los ejercicios adecuados. El uso continuo y constante hará que notes mejores resultados. GOMITAS CON AGUAJE SABOR A FRUTOS ROJOS.Crema Corporal Thermohidratante Tapa Verde- Lipo Cream Ni La Lipo Cream - Crema Oligoelementos es una crema hidratante y nutritiva diseñada para mejorar la salud y la apariencia de la piel. Su fórmula está enriquecida con oligoelementos que proporcionan una nutrición profunda y una hidratación duradera. Suplementos Nutricionales Colágenos",,false_no_registro_sanitario,,
Inkafarma,2 Suplemento Aguaje Gomitas + Crema Thermogénesis Tapa Roja Lipo Cream Ni,2 Suplemento Aguaje Gomitas + Crema Thermogénesis Tapa Roja Lipo Cream Ni,,189.00,PEN,available,https://inkafarma.pe/producto/2-suplemento-aguaje-gomitas-crema-thermogenesis-tapa-roja-lipo-cream-ni/1696444447523,1696444447523,GENERICO,algolia_public_search,2026-06-08T01:09:26.330712+00:00,,"Con CURVY AGUAJE verás un cambio de medidas al tercer mes, donde notarás un aumento de medidas, aumento de masa muscular, tomándolo de manera correcta junto a los ejercicios adecuados. El uso continuo y constante hará que notes mejores resultados.Crema Thermogénesis Tapa roja - Lipo Cream NILa Lipo Cream Ni, es una crema termogénica diseñada para ayudar a tonificar y reafirmar la piel. Su fórmula está hecha con ingredientes naturales y de alta calidad que tienen propiedades estimulantes y tonificantes. Suplementos Nutricionales Colágenos",,false_no_registro_sanitario,,
Inkafarma,2 Suplemento Aguaje Gomitas + Crema Quemador Tapa Amarilla Lipo Cream Ni,2 Suplemento Aguaje Gomitas + Crema Quemador Tapa Amarilla Lipo Cream Ni,,189.00,PEN,available,https://inkafarma.pe/producto/2-suplemento-aguaje-gomitas-crema-quemador-tapa-amarilla-lipo-cream-ni/1696444444249,1696444444249,GENERICO,algolia_public_search,2026-06-08T01:09:26.330982+00:00,,"Con CURVY AGUAJE verás un cambio de medidas al tercer mes, donde notarás un aumento de medidas, aumento de masa muscular, tomándolo de manera correcta junto a los ejercicios adecuados. El uso continuo y constante hará que notes mejores resultados.Crema reductora Lipo cream Ni Tapa amarilla 500gBurning body cream Humecta la piel previniendo los signos visibles de resequedad y envejecimiento.Modo de uso: Aplicar Lipo Cream ni burning body cream en todo el cuerpo, con movimientos circulares ascendentes y descendentes hasta presentar una agradable sensación de tibieza en la piel.Precauciones: En caso de presentar reacciones alérgicas o irritación, descontinuar su uso. No aplicar en la cara, pies o cabeza. Evitar el contacto con los ojos, no ingerir. Suplementos Nutricionales Colágenos",,false_no_registro_sanitario,,
Inkafarma,3 Suplemento Aguaje Gomitas + Crema Thermohidra Tapa Verde Lipo Cream Ni,3 Suplemento Aguaje Gomitas + Crema Thermohidra Tapa Verde Lipo Cream Ni,,249.00,PEN,available,https://inkafarma.pe/producto/3-suplemento-aguaje-gomitas-crema-thermohidra-tapa-verde-lipo-cream-ni/1696444448795,1696444448795,GENERICO,algolia_public_search,2026-06-08T01:09:26.331547+00:00,,"Con CURVY AGUAJE verás un cambio de medidas al tercer mes, donde notarás un aumento de medidas, aumento de masa muscular, tomándolo de manera correcta junto a los ejercicios adecuados. El uso continuo y constante hará que notes mejores resultados. GOMITAS CON AGUAJE SABOR A FRUTOS ROJOS.Crema Corporal Thermohidratante Tapa Verde- Lipo Cream Ni La Lipo Cream - Crema Oligoelementos es una crema hidratante y nutritiva diseñada para mejorar la salud y la apariencia de la piel. Su fórmula está enriquecida con oligoelementos que proporcionan una nutrición profunda y una hidratación duradera. Suplementos Nutricionales Colágenos",,false_no_registro_sanitario,,
Inkafarma,3 Suplemento Aguaje Gomitas + Crema Quemador Tapa Amarilla Lipo Cream Ni,3 Suplemento Aguaje Gomitas + Crema Quemador Tapa Amarilla Lipo Cream Ni,,269.00,PEN,available,https://inkafarma.pe/producto/3-suplemento-aguaje-gomitas-crema-quemador-tapa-amarilla-lipo-cream-ni/1696444448350,1696444448350,GENERICO,algolia_public_search,2026-06-08T01:09:26.331818+00:00,,"Con CURVY AGUAJE verás un cambio de medidas al tercer mes, donde notarás un aumento de medidas, aumento de masa muscular, tomándolo de manera correcta junto a los ejercicios adecuados. El uso continuo y constante hará que notes mejores resultados.Crema reductora Lipo cream Ni Tapa amarilla 500gBurning body cream Humecta la piel previniendo los signos visibles de resequedad y envejecimiento.Modo de uso: Aplicar Lipo Cream ni burning body cream en todo el cuerpo, con movimientos circulares ascendentes y descendentes hasta presentar una agradable sensación de tibieza en la piel.Precauciones: En caso de presentar reacciones alérgicas o irritación, descontinuar su uso. No aplicar en la cara, pies o cabeza. Evitar el contacto con los ojos, no ingerir. Suplementos Nutricionales Colágenos",,false_no_registro_sanitario,,
Inkafarma,3 Suplemento Aguaje Gomitas + Crema Thermogénesis Tapa Roja Lipo Cream Ni,3 Suplemento Aguaje Gomitas + Crema Thermogénesis Tapa Roja Lipo Cream Ni,,269.00,PEN,available,https://inkafarma.pe/producto/3-suplemento-aguaje-gomitas-crema-thermogenesis-tapa-roja-lipo-cream-ni/1696444438394,1696444438394,GENERICO,algolia_public_search,2026-06-08T01:09:26.332345+00:00,,"Con CURVY AGUAJE verás un cambio de medidas al tercer mes, donde notarás un aumento de medidas, aumento de masa muscular, tomándolo de manera correcta junto a los ejercicios adecuados. El uso continuo y constante hará que notes mejores resultados.Crema Thermogénesis Tapa roja - Lipo Cream NILa Lipo Cream Ni, es una crema termogénica diseñada para ayudar a tonificar y reafirmar la piel. Su fórmula está hecha con ingredientes naturales y de alta calidad que tienen propiedades estimulantes y tonificantes. Suplementos Nutricionales Colágenos",,false_no_registro_sanitario,,
Inkafarma,Renova Colágeno Hidrolizado Con Biopéptido Activos Berries y Liv Suplemento De Manzana En Polvo,Renova Colágeno Hidrolizado Con Biopéptido Activos Berries y Liv Suplemento De Manzana En Polvo,,265.00,PEN,available,https://inkafarma.pe/producto/renova-colageno-hidrolizado-con-biopeptido-activos-berries-y-liv-suplemento-de-manzana-en-polvo/1771694598155,1771694598155,GENÉRICO,algolia_public_search,2026-06-08T01:09:26.332680+00:00,,Renöva+ Colágeno Hidrolizado Con Biopéptidos Activos Berries es el complemento para quienes buscan mejorar su salud y estética. LIV Suplemento Natural de Manzana en Polvo de FWP es una opción para quienes buscan mejorar su bienestar de manera natural. Suplementos / Complementos Colágenos,,false_no_registro_sanitario,,
Inkafarma,Renova Colágeno Hidrolizado Activos Berries BOTE y Liv Suplemento Natural De Manzana En Polvo,Renova Colágeno Hidrolizado Activos Berries BOTE y Liv Suplemento Natural De Manzana En Polvo,,265.00,PEN,available,https://inkafarma.pe/producto/renova-colageno-hidrolizado-activos-berries-bote-y-liv-suplemento-natural-de-manzana-en-polvo/1771692673437,1771692673437,GENÉRICO,algolia_public_search,2026-06-08T01:09:26.333168+00:00,,"Renöva+ Colágeno Hidrolizado Con Biopéptidos Activos Berries es el complemento para quienes buscan mejorar su salud y estética. Este polvo de colágeno hidrolizado, enriquecido con biopéptidos activos y sabor a berries, está diseñado para potenciar la belleza desde adentro, promoviendo la salud de la piel, cabello y uñas. LIV Suplemento Natural de Manzana en Polvo de FWP es una opción para quienes buscan mejorar su bienestar de manera natural. Este suplemento, elaborado con polvo de manzana natural, ofrece una forma práctica y versátil de incorporar los beneficios de esta fruta en tu dieta diaria. Suplementos / Complementos Colágenos",,false_no_registro_sanitario,,
Inkafarma,Liv Suplemento Natural De Manzana En Polvo,Liv Suplemento Natural De Manzana En Polvo,,135.00,PEN,available,https://inkafarma.pe/producto/liv-suplemento-natural-de-manzana-en-polvo/1770071553363,1770071553363,GENÉRICO,algolia_public_search,2026-06-08T01:09:26.333523+00:00,,"LIV Suplemento Natural de Manzana en Polvo de FWP es una opción para quienes buscan mejorar su bienestar de manera natural. Este suplemento, elaborado con polvo de manzana natural, ofrece una forma práctica y versátil de incorporar los beneficios de esta fruta en tu dieta diaria. Su formato en polvo permite añadirlo fácilmente a batidos, yogures o incluso agua, facilitando su consumo. Suplementos Nutricionales Deportivos",,false_no_registro_sanitario,,
Inkafarma,ENTEROFORT SUPLEMENTO pack 3,ENTEROFORT SUPLEMENTO pack 3,,250.00,PEN,available,https://inkafarma.pe/producto/enterofort-suplemento-pack-3/1761069120536,1761069120536,GENÉRICO,algolia_public_search,2026-06-08T01:09:26.334955+00:00,,"SUPLEMENTO NUTRICIONAL ENTEROFORT DESCRIPCIÓN: ENTEROFORT es un suplemento natural que ayuda a eliminar parásitos y promueve la salud digestiva. BENEFICIOS: Eliminación de Neoplasias: Previene el desarrollo de neoplasias. Desintoxicación: Elimina parásitos desde el incubamiento. Alivio de Síntomas: Suprime síntomas molestos de parasitosis. Aumento de Defensas: Mejora el sistema inmunológico. COMPOSICIÓN: Papaya, Zapallo, Menta, Canela, Paico. Suplementos / Complementos Adulto",,false_no_registro_sanitario,,
Inkafarma,ENTEROFORT SUPLEMENTO ALIMENTICIO PACK X6,ENTEROFORT SUPLEMENTO ALIMENTICIO PACK X6,,590.00,PEN,available,https://inkafarma.pe/producto/enterofort-suplemento-alimenticio-pack-x6/1761065983520,1761065983520,GENÉRICO,algolia_public_search,2026-06-08T01:09:26.335144+00:00,,"SUPLEMENTO NUTRICIONAL ENTEROFORT DESCRIPCIÓN: ENTEROFORT es un suplemento natural que ayuda a eliminar parásitos y promueve la salud digestiva. BENEFICIOS: Eliminación de Neoplasias: Previene el desarrollo de neoplasias. Desintoxicación: Elimina parásitos desde el incubamiento. Alivio de Síntomas: Suprime síntomas molestos de parasitosis. Aumento de Defensas: Mejora el sistema inmunológico. COMPOSICIÓN: Papaya, Zapallo, Menta, Canela, Paico. Suplementos / Complementos Adulto",,false_no_registro_sanitario,,
Inkafarma,INSULUX SUPLEMENTO ALIMENTICIO PARA PERSONAS CON PREDIABETES Y DIABETES,INSULUX SUPLEMENTO ALIMENTICIO PARA PERSONAS CON PREDIABETES Y DIABETES,,190.00,PEN,available,https://inkafarma.pe/producto/insulux-suplemento-alimenticio-para-personas-con-prediabetes-y-diabetes/1761065413848,1761065413848,GENÉRICO,algolia_public_search,2026-06-08T01:09:26.335343+00:00,,INSULUX Suplemento Natural para el Control de la Glucosa INSULUX es un suplemento 100% natural diseñado para ayudar a mantener niveles saludables de azúcar en la sangre. Sus ingredientes activos contribuyen a: Reducir la concentración de glucosa en sangre. Limpiar las paredes de los vasos sanguíneos. Estabilizar el equilibrio agua-sal y mejorar el metabolismo. Combatir la inflamación. Apoyar la producción natural de insulina. Suplementos / Complementos Adulto,,false_no_registro_sanitario,,
Inkafarma,INSULUX SUPLEMENTO ALIMENTICIO PARA PERSONAS CON PREDIABETES Y DIABETES Pack 3,INSULUX SUPLEMENTO ALIMENTICIO PARA PERSONAS CON PREDIABETES Y DIABETES Pack 3,,280.00,PEN,available,https://inkafarma.pe/producto/insulux-suplemento-alimenticio-para-personas-con-prediabetes-y-diabetes-pack-3/1761064207611,1761064207611,GENÉRICO,algolia_public_search,2026-06-08T01:09:26.335587+00:00,,Suplemento Natural para el Control de la Glucosa INSULUX es un suplemento 100% natural diseñado para ayudar a mantener niveles saludables de azúcar en la sangre. Sus ingredientes activos contribuyen a: Reducir la concentración de glucosa en sangre. Limpiar las paredes de los vasos sanguíneos. Estabilizar el equilibrio agua-sal y mejorar el metabolismo. Combatir la inflamación. Apoyar la producción natural de insulina. Suplementos / Complementos Adulto,,false_no_registro_sanitario,,
Inkafarma,INSULUX SUPLEMENTO ALIMENTICIO PARA PERSONAS CON PREDIABETES Y DIABETES Pack 6,INSULUX SUPLEMENTO ALIMENTICIO PARA PERSONAS CON PREDIABETES Y DIABETES Pack 6,,694.00,PEN,available,https://inkafarma.pe/producto/insulux-suplemento-alimenticio-para-personas-con-prediabetes-y-diabetes-pack-6/1761063792373,1761063792373,GENÉRICO,algolia_public_search,2026-06-08T01:09:26.335788+00:00,,Suplemento Natural para el Control de la Glucosa INSULUX es un suplemento 100% natural diseñado para ayudar a mantener niveles saludables de azúcar en la sangre. Sus ingredientes activos contribuyen a: Reducir la concentración de glucosa en sangre. Limpiar las paredes de los vasos sanguíneos. Estabilizar el equilibrio agua-sal y mejorar el metabolismo. Combatir la inflamación. Apoyar la producción natural de insulina. Suplementos / Complementos Adulto,,false_no_registro_sanitario,,
Inkafarma,INSULUX SUPLEMENTO ALIMENTICIO PARA PERSONAS CON PREDIABETES Y DIABETES pack 2,INSULUX SUPLEMENTO ALIMENTICIO PARA PERSONAS CON PREDIABETES Y DIABETES pack 2,,289.00,PEN,available,https://inkafarma.pe/producto/insulux-suplemento-alimenticio-para-personas-con-prediabetes-y-diabetes-pack-2/1760726165499,1760726165499,GENÉRICO,algolia_public_search,2026-06-08T01:09:26.335983+00:00,,INSULUX Suplemento Natural para el Control de la Glucosa INSULUX es un suplemento 100% natural diseñado para ayudar a mantener niveles saludables de azúcar en la sangre. Sus ingredientes activos contribuyen a: Reducir la concentración de glucosa en sangre. Limpiar las paredes de los vasos sanguíneos. Estabilizar el equilibrio agua-sal y mejorar el metabolismo. Combatir la inflamación. Apoyar la producción natural de insulina. Suplementos / Complementos Adulto,,false_no_registro_sanitario,,
Inkafarma,ENTEROFORT SUPLEMENTO ALIMENTICIO,ENTEROFORT SUPLEMENTO ALIMENTICIO,,160.00,PEN,available,https://inkafarma.pe/producto/enterofort-suplemento-alimenticio/1752688004546,1752688004546,GENÉRICO,algolia_public_search,2026-06-08T01:09:26.336238+00:00,,"El tratamiento Enterofort es original y está certificado. Enterofort es el último suplemento natural eficaz para eliminar HELMINTOS, destruye todos los tipos de parásitos limpiando la sangre de sus huevos. Los parásitos nos quitan toda la vitalidad y la salud, parasitan el interior del cuerpo, viven en los vasos sanguíneos y los pulmones. Enterofort: limpia suavemente el cuerpo y elimina todas las toxinas a su vez limpiando el hígado graso para tener una mayor limpieza intestinal. Se sentirá mejor inmediatamente después del primer uso, mejorando la digestión mejorará, y eo dolor de cabeza. Si tienes una mascota, es obligatorio limpiar tu organismo al menos cada 6 meses. Problemas Generales Suplemento Dietario",,false_no_registro_sanitario,,
Inkafarma,Suplemento Nutricional Planta de la vida Phorbol,Suplemento Nutricional Planta de la vida Phorbol,,150.00,PEN,available,https://inkafarma.pe/producto/suplemento-nutricional-planta-de-la-vida-phorbol/1724687520004,1724687520004,PLANTA DE LA VIDA,algolia_public_search,2026-06-08T01:09:26.336342+00:00,,Suplemento Nutricional Planta de la vida Phorbol Suplementos Nutricionales Naturales,,false_no_registro_sanitario,,
Inkafarma,Suplemento Herbal Natural Mental Focus Healing Lab Gotero 30 ML,Suplemento Herbal Natural Mental Focus Healing Lab Gotero 30 ML,,85.00,PEN,available,https://inkafarma.pe/producto/suplemento-herbal-natural-mental-focus-healing-lab-gotero-30-ml/1694795864818,1694795864818,HEALING LAB,algolia_public_search,2026-06-08T01:09:26.336703+00:00,,"Descripción: nutracéutico, suplemento herbal natural Ingredientes: extracto concentrado de romero y menta, solución que contiene un % mínimo de alcohol de caña.Nuestro proceso de extracción único y diferenciado: FitoTech Xtraconcentrate® nos permite obtener una mayor concentración de los componentes bioactivos de cada planta y por lo tanto un efecto multiplicador de los beneficios.Indicaciones: Mejorar la concentración y apoyar el rendimiento cognitivo. Aliviar los dolores de cabeza y migrañas.Forma de administración: sublingual preferentemente (mayor biodisponibilidad: rápida absorción y acción) / diluido en 10 ml de agua Presentación: gotero 30 mlPrincipales mecanismos de acción: propiedades antiiflamatorias y vasodilatadoras (ayuda con los dolores de cabeza y migrañas), mejora y promueve el redumiento cognitivo, la concentración y la memoria, efecto antimicrobiano, ayuda con problemas digestivos: tiene propiedades carminativas, efecto antioxidante y neuroprotectorRegistro Sanitario: P9303721N/NASRPOAvalados por doctores y especialistas Suplementos Nutricionales Naturales",,false_no_registro_sanitario,,
Inkafarma,Suplemento Herbal Natural Balance Healing Lab Gotero 30 ML,Suplemento Herbal Natural Balance Healing Lab Gotero 30 ML,,85.00,PEN,available,https://inkafarma.pe/producto/suplemento-herbal-natural-balance-healing-lab-gotero-30-ml/1694795864222,1694795864222,HEALING LAB,algolia_public_search,2026-06-08T01:09:26.337068+00:00,,"Descripción: nutracéutico, suplemento herbal naturalIngredientes: extracto concentrado decanela, solución que contiene un % mínimo de alcohol de caña.Nuestro proceso de extracción único y diferenciado: FitoTech Xtraconcentrate® nos permite obtener una mayor concentración de los componentes bioactivos de cada planta y por lo tanto un efecto multiplicador de los beneficios.Indicaciones: Regulador de glucosa, potente antioxidante, ayuda a perder peso, mejora la circulación y reduce los cólicos menstruales. Promueve la salud y bienestar óptimos.Forma de administración: sublingual preferentemente (mayor biodisponibilidad: rápida absorción y acción) / diluido en 10 ml de agua Presentación: gotero 30 mlPrincipales mecanismos de acción: Puede influenciar en los síndromes metabólicos, tiene propiedades antidiabéticas, mejora la circulación sanguinea, propiedades anticancerígenas y potentes propiedades antioxidantes, ayuda a tratar el síndrome del ovario poliquísticoRegistro Sanitario: P9303721N/NASRPOAvalados por doctores y especialistas Suplementos Nutricionales Naturales",,false_no_registro_sanitario,,
Inkafarma,Suplemento Herbal Natural Sleep Well Healing Lab Gotero 30 ML,Suplemento Herbal Natural Sleep Well Healing Lab Gotero 30 ML,,85.00,PEN,available,https://inkafarma.pe/producto/suplemento-herbal-natural-sleep-well-healing-lab-gotero-30-ml/1694795863752,1694795863752,HEALING LAB,algolia_public_search,2026-06-08T01:09:26.337370+00:00,,"Descripción: nutracéutico, suplemento herbal naturalIngredientes: extracto concentrado de valeriana y pasiflora, solución que contiene un % mínimo de alcohol de caña.Nuestro proceso de extracción único y diferenciado: FitoTech Xtraconcentrate® nos permite obtener una mayor concentración de los componentes bioactivos de cada planta y por lo tanto un efecto multiplicador de los beneficios.Indicaciones: Complementar el tratamiento de condiciones de alteraciones del sueño, como insomnio, apnea del sueño, despertar nocturno y sueño poco reparador.Forma de administración: sublingual preferentemente (mayor biodisponibilidad: rápida absorción y acción) / diluido en 10 ml de agua Presentación: gotero 30 mlPrincipales mecanismos de acción: propiedades sedantes, ansiolíticas, relajantes y tranquilizantes. Ayuda a tratar los síntomas de la menopausia y la depresión. Registro Sanitario: P9087621N/NASRPO Avalado por doctores y especialistas Suplementos Nutricionales Naturales",,false_no_registro_sanitario,,
Inkafarma,Suplemento Herbal Natural Pain Relief Healing Lab Gotero 30 ML,Suplemento Herbal Natural Pain Relief Healing Lab Gotero 30 ML,,85.00,PEN,available,https://inkafarma.pe/producto/suplemento-herbal-natural-pain-relief-healing-lab-gotero-30-ml/1694795863294,1694795863294,HEALING LAB,algolia_public_search,2026-06-08T01:09:26.337692+00:00,,"Descripción: nutracéutico, suplemento herbal natural Ingredientes: extracto concentrado de cúrcuma y pimienta negra, solución que contiene un % mínimo de alcohol de caña. Fórmula que incremente la biodisponibilidad de curcumina (componente activo de la cúrcuma) 20 veces más (2000% de absorción)Nuestro proceso de extracción único y diferenciado: FitoTech Xtraconcentrate® nos permite obtener una mayor concentración de los componentes bioactivos de cada planta y por lo tanto un efecto multiplicador de los beneficios.Indicaciones: tratamiento para condiciones de dolor tales como artritis mialgias (dolor muscular), dolores menstruales y tratamiento complementario para la endometriosisForma de administración: sublingual preferentemente (mayor biodisponibilidad: rápida absorción y acción) / diluido en 10 ml de agua Presentación: gotero 30 mlPrincipales mecanismos de acción: propiedades antiinflamatorias, antioxidantes, anticancerígeneas, hepatoprotectoras e inmunomoduladorasRegistro Sanitario: P9304121N/NASRPOAvalado por doctores y especialistas Suplementos Nutricionales Naturales",,false_no_registro_sanitario,,
Inkafarma,Shake Chocolate Suplemento Alimenticio,Shake Chocolate Suplemento Alimenticio,,250.00,PEN,available,https://inkafarma.pe/producto/shake-chocolate-suplemento-alimenticio/1681607331553,1681607331553,UP Global Company y Bioliffe,algolia_public_search,2026-06-08T01:09:26.338193+00:00,,"NUTRE Y ACTIVA FUNCIÓN BÁSICA: Suplementa tu alimentación. AYUDA A: Controlar la sensación de hambre, contribuyendo a la perdida de peso. Combatir la desnutrición. Reconstruir y recuperar el músculo luego del ejercicio. Disminuir la flacidez de la piel. Mantener saludable la flora intestinal. Acelerar el metabolismo. FORMA DE USO: Agregar 3 cucharadas colmadas en un vaso con 200ml de agua tibia o fría. Agitar hasta conseguir una textura homogénea. Consumir junto, antes o después de los alimentos. *No se emiten facturas, sólo boletas de venta. Nutrición Adultos Complementos / Suplementos Nutricionales",,false_no_registro_sanitario,,
Inkafarma,Suplemento Ecoland Senior Complex Vainilla 600g,Suplemento Ecoland Senior Complex Vainilla 600g,,119.00,PEN,available,https://inkafarma.pe/producto/suplemento-ecoland-senior-complex-vainilla-600g/1629319271038,1629319271038,ECOLAND,algolia_public_search,2026-06-08T01:09:26.338844+00:00,,"Nutrición completa para el adulto mayor. Características: Incrementa el desempeño físico y mental, mantiene la vitalidad, refuerza el sistema inmunológico Recomendaciones de uso: Mezclar 1 1/2 cucharadas con 250 - 300 mililitros de agua, leche o tu bebida favorita, agitar bien usando un shaker. Marca: ECOLAND Recomendaciones de uso: Mezclar 1 1/2 cucharadas con 250 - 300 mililitros de agua, leche o tu bebida favorita, agitar bien usando un shaker. Composición/análisis garantizado: Tarwi, cañihua, quinua, maca, kiwicha, proteína de soya, algarrobo, colágeno, vitaminas y minerales Marca: ECOLAND Edad recomendada: Personas a partir de los 30 años Advertencias de uso: Consulte a su médico antes de comenzar un régimen dietético. No consumir si presente alergia o sensibilidad a alguno de sus ingredientes. Composición nutricional: 102 kcal-0.63g de grasas-11g de carbohidratos-0.61g de azúcares- 12g de proteína-5g de colágeno Registro Sanitario: I8902819NNASAFO Vitaminas y Suplementos",,false_no_registro_sanitario,,
Inkafarma,Ciruelax Forte Comprimido Recubierto,Ciruelax Forte Comprimido Recubierto,,93.90,PEN,available,https://inkafarma.pe/producto/ciruelax-forte-125-mg-comprimido-recubierto/010723,010723,CIRUELAX,algolia_public_search,2026-06-08T01:09:26.339859+00:00,,Extracto seco de hojas de Cassia angustifolia Vahl 125mg Este producto es distribuido por Inretail Pharma S.A. (Ley 32033) Cupón INKA20 Suplementos Nutricionales Sistema digestivo Laxantes Naturales,,false_no_registro_sanitario,,
Inkafarma,Contravaris 100mg Cápsula - Caja 60 UN,Contravaris 100mg Cápsula - Caja 60 UN,,45.90,PEN,available,https://inkafarma.pe/producto/contravaris-100mg-capsula/934117,934117,GARDEN HOUSE,algolia_public_search,2026-06-08T01:09:26.345432+00:00,,"EXTRACTO DE RUSCUS ACULEATUS, L. 100,00 mg Este producto es distribuido por Inretail Pharma S.A. (Ley 32033) Sistema Digestivo Suplementos Nutricionales Antihemorroidales Naturales",,false_no_registro_sanitario,,
Inkafarma,Uña De Gato Schuler 150mg Cápsula,Uña De Gato Schuler 150mg Cápsula,,44.50,PEN,available,https://inkafarma.pe/producto/una-de-gato-schuler-150-mg/509003,509003,SCHULER,algolia_public_search,2026-06-08T01:09:26.350426+00:00,,Uncaria tomentosa 150mg Este producto es distribuido por Inretail Pharma S.A. (Ley 32033) Sistema Renal/ Reproductor Suplementos Nutricionales Problemas Urinarios Naturales,,false_no_registro_sanitario,,
Inkafarma,Warmi Capsula,Warmi Capsula,,126.00,PEN,available,https://inkafarma.pe/producto/warmi-capsulas/426950,426950,HERSIL,algolia_public_search,2026-06-08T01:09:26.350697+00:00,,Extracto de Citrus aurantium L. 10mg | Lepidium meyeni walp 500mg Este producto es distribuido por Inretail Pharma S.A. (Ley 32033) Suplementos Nutricionales Cuidado de la Mujer Antimenospausico Naturales,,false_no_registro_sanitario,,
Inkafarma,Ciruelax Infusión Filtrante Té - Caja 30 UN,Ciruelax Infusión Filtrante Té - Caja 30 UN,,45.00,PEN,available,https://inkafarma.pe/producto/ciruelax-infusion-filtrante-te/406775,406775,CIRUELAX,algolia_public_search,2026-06-08T01:09:26.350917+00:00,,Sen 85.470g|Menta 8.547|Extracto de ciruelas Este producto es distribuido por Inretail Pharma S.A. (Ley 32033) Suplementos Nutricionales Sistema digestivo Laxantes Naturales,,false_no_registro_sanitario,,
Inkafarma,Valupass Cápsula,Valupass Cápsula,,26.00,PEN,available,https://inkafarma.pe/producto/valupass-capsulas/116645,116645,VALUPASS,algolia_public_search,2026-06-08T01:09:26.351523+00:00,,Valeriana officinalis (polvo de raíz) 70 mg| Humulus lupulus (polvo de escamas) 70 mg| Passiflora coerulea (polvo planta total) 70 mg Este producto es distribuido por Inretail Pharma S.A. (Ley 32033) Sistema Locomotor Suplementos Nutricionales Sedantes Naturales,,false_no_registro_sanitario,,
Inkafarma,Sedistress 200 Mg Comprimido Recubierto,Sedistress 200 Mg Comprimido Recubierto,,90.30,PEN,available,https://inkafarma.pe/producto/sedistress-200-mg-comprimido-recubierto/072690,072690,GARDEN HOUSE,algolia_public_search,2026-06-08T01:09:26.512663+00:00,,"Cada comprimido recubierto contiene Extracto seco de Passiflora incarnata L., herba 200 mg (DER 3.5-5:1), equivalente a 700 mg - 1000 mg de partes aéreas de Pasiflora Este producto es distribuido por Inretail Pharma S.A. (Ley 32033) Sistema Locomotor Suplementos Nutricionales Sedantes Naturales",,false_no_registro_sanitario,,
Inkafarma,Uroberry Pacs Forte Tableta Recubierta de Liberación Retardada,Uroberry Pacs Forte Tableta Recubierta de Liberación Retardada,,154.02,PEN,available,https://inkafarma.pe/producto/uroberry-pacs-forte-tableta-recubierta/033352,033352,LAFAGE,algolia_public_search,2026-06-08T01:09:26.516138+00:00,,Extracto de Arándano 400mg (Equivalente a 144mg de Proantocianidinas Tipo A) Este producto es distribuido por Inretail Pharma S.A. (Ley 32033) Sistema Renal/ Reproductor Suplementos Nutricionales Problemas Urinarios Naturales,,false_no_registro_sanitario,,
Inkafarma,Ciruelax Minitabs Comprimido Recubierto - Caja 100 UN,Ciruelax Minitabs Comprimido Recubierto - Caja 100 UN,,76.00,PEN,available,https://inkafarma.pe/producto/ciruelax-minitabs-comprimido-recubierto/024378,024378,CIRUELAX,algolia_public_search,2026-06-08T01:09:26.516954+00:00,,Extracto seco de hojas de cassia angustifolia Vahl 75mg Este producto es distribuido por Inretail Pharma S.A. (Ley 32033) Suplementos Nutricionales Sistema digestivo Laxantes Naturales,,false_no_registro_sanitario,,
Inkafarma,Giloba Phytosome 40 Mg Cápsula Blanda - Caja 30 UN,Giloba Phytosome 40 Mg Cápsula Blanda - Caja 30 UN,,69.90,PEN,available,https://inkafarma.pe/producto/giloba-phytosome-40-mg-capsula-blanda/010006,010006,GILOBA,algolia_public_search,2026-06-08T01:09:26.518622+00:00,,Este producto es distribuido por Inretail Pharma S.A. (Ley 32033) Suplementos Nutricionales Naturales,,false_no_registro_sanitario,,
Inkafarma,Pack 02 Collaflex Colágeno 450GR,Pack 02 Collaflex Colágeno 450GR,DE3616,175.00,PEN,available,https://inkafarma.pe/producto/pack-02-collaflex-colageno-450gr/PACKNT292,PACKNT292,COLLAFLEX,algolia_public_search,2026-06-08T01:09:26.520812+00:00,,Este producto es distribuido por Inretail Pharma S.A. (Ley 32033) Suplementos Nutricionales Suplementos y Vitaminas Packs de Nutrición y Bienestar Busca tu Marca de Colágeno Ideal Colágenos,digemid_name_inference,false_no_component_match,,
Inkafarma,Pack x3 Colágeno Hidrolizado Collaflex,Pack x3 Colágeno Hidrolizado Collaflex,DE3616,159.90,PEN,available,https://inkafarma.pe/producto/pack-x3-colageno-hidrolizado-collaflex/PACKNT13,PACKNT13,COLLAFLEX,algolia_public_search,2026-06-08T01:09:26.521142+00:00,,Este producto es distribuido por Inretail Pharma S.A. (Ley 32033) ¿Qué es el colágeno? Es la proteína más abundante del cuerpo humano y es el componente esencial de la piel y las articulaciones. Peptan: los péptidos de colágeno Peptan proporcionan múltiples beneficios para la salud y demuestran propiedades bioactivas únicas en los tejidos corporales. Suplementos Nutricionales Suplementos y Vitaminas Packs de Nutrición y Bienestar Busca tu Marca de Colágeno Ideal Colágenos,digemid_name_inference,false_no_component_match,,
Inkafarma,Colágeno Hidrolizado en Polvo Vitagel,Colágeno Hidrolizado en Polvo Vitagel,,119.90,PEN,available,https://inkafarma.pe/producto/colageno-vitagel-polvo/011858,011858,VITAGEL,algolia_public_search,2026-06-08T01:09:26.522209+00:00,,"Este producto es distribuido por Inretail Pharma S.A. (Ley 32033) Indicado en el tratamiento de los dolores y el desgaste de las articulaciones y de los músculos, mejora la elasticidad de la piel, evita que aparezcan estrías, potencia el crecimiento de las uñas y del cabello. Cupón INKA20 Suplementos Nutricionales Suplementos y Vitaminas Busca tu Marca de Colágeno Ideal Colágenos",,false_no_registro_sanitario,,
Inkafarma,Collaflex Polvo para Solución Oral,Collaflex Polvo para Solución Oral,DE3616,94.90,PEN,available,https://inkafarma.pe/producto/collaflex-polvo-para-solucion-oral/030011,030011,Collaflex,algolia_public_search,2026-06-08T01:09:26.523598+00:00,,Este producto es distribuido por Inretail Pharma S.A. (Ley 32033) Cupón INKA20 Suplementos Nutricionales Suplementos y Vitaminas Busca tu Marca de Colágeno Ideal Colágenos,digemid_name_inference,false_no_component_match,,
Inkafarma,Tinku Melena de León Cápsula,Tinku Melena de León Cápsula,,69.90,PEN,available,https://inkafarma.pe/producto/tinku-melena-de-leon-capsula/078654,078654,TINKU,algolia_public_search,2026-06-08T01:09:26.525135+00:00,,"Extracto de melena de león, harina de camu camu y vitamina C. Este producto es distribuido por Inretail Pharma S.A. (Ley 32033) Suplementos Nutricionales Naturales",,false_no_registro_sanitario,,
Inkafarma,Collaflex Polvo para Solución Oral,Collaflex Polvo para Solución Oral,DE3616,59.90,PEN,available,https://inkafarma.pe/producto/collaflex-polvo-para-solucion-oral/030010,030010,COLLAFLEX,algolia_public_search,2026-06-08T01:09:26.526381+00:00,,Este producto es distribuido por Inretail Pharma S.A. (Ley 32033) Suplementos Nutricionales Suplementos y Vitaminas Busca tu Marca de Colágeno Ideal Colágenos,digemid_name_inference,false_no_component_match,,
Inkafarma,Colágeno Hidrolizado Mujer Aguaje,Colágeno Hidrolizado Mujer Aguaje,,47.50,PEN,available,https://inkafarma.pe/producto/colageno-hidrolizado-mujer-aguaje/071989,071989,OLEMART,algolia_public_search,2026-06-08T01:09:26.529763+00:00,,Colágeno hidrolizado 100% puro. Este producto es distribuido por Inretail Pharma S.A. (Ley 32033) Suplementos Nutricionales Suplementos y Vitaminas Busca tu Marca de Colágeno Ideal Colágenos,,false_no_registro_sanitario,,
Inkafarma,Mujer Aguaje Cúrcuma con Pimienta y Kion 500mg,Mujer Aguaje Cúrcuma con Pimienta y Kion 500mg,,37.90,PEN,available,https://inkafarma.pe/producto/mujer-aguaje-curcuma-500mg-frasco/037552,037552,MUJER AGUAJE,algolia_public_search,2026-06-08T01:09:26.532064+00:00,,Este producto es distribuido por Inretail Pharma S.A. (Ley 32033) Alimentos Naturales Suplementos y Vitaminas Aguaje Antiflamatorio y Antiartrósico,,false_no_registro_sanitario,,
Inkafarma,Sunvit Naturals Cúrcuma Cápsula,Sunvit Naturals Cúrcuma Cápsula,,31.60,PEN,available,https://inkafarma.pe/producto/sunvit-naturals-curcuma-capsula/068479,068479,SUNVIT,algolia_public_search,2026-06-08T01:09:26.532998+00:00,,Cúrcuma molida Este producto es distribuido por Inretail Pharma S.A. (Ley 32033) Suplementos Nutricionales Suplementos y Vitaminas Antiflamatorio y Antiartrósico Naturales,,false_no_registro_sanitario,,
Inkafarma,Lab Nutrition Proteína 100% Hidrolizada Milk Chocolate,Lab Nutrition Proteína 100% Hidrolizada Milk Chocolate,,359.00,PEN,available,https://inkafarma.pe/producto/lab-nutrition-proteina-100-hidrolizada-milk-chocolate/068582,068582,LAB NUTRITION,algolia_public_search,2026-06-08T01:09:26.696809+00:00,,Hidrolizado de Proteína de Suero Aislado* 29.185 g*( Aportan el valor de proteína 25g) Excipientes: c.s. Este producto es distribuido por Inretail Pharma S.A. (Ley 32033) Promociones en Suplementos y Vitaminas Nutrición Deportiva Suplementos Deportivos Más Proteinas con Mejores Resultados,,false_no_registro_sanitario,,
Inkafarma,Aceite de Oliva Extra Virgen OLI,Aceite de Oliva Extra Virgen OLI,,14.90,PEN,available,https://inkafarma.pe/producto/oli-aceite-de-oliva-extra-virgen/069781,069781,OLI21,algolia_public_search,2026-06-08T01:09:26.702763+00:00,,Aceite de oliva Este producto es distribuido por Inretail Pharma S.A. (Ley 32033) Suplementos Nutricionales Naturales,,false_no_registro_sanitario,,
Inkafarma,Fitness Té Green Seng Filtrante,Fitness Té Green Seng Filtrante,,22.90,PEN,available,https://inkafarma.pe/producto/fitness-te-green-filtrantes-te-verde/428499,428499,TE GREEN,algolia_public_search,2026-06-08T01:09:26.702978+00:00,,"Este producto es distribuido por Inretail Pharma S.A. (Ley 32033) Green Seng es una combinación de hierbas del mundo, agradable y que cumplirá su objetivo porque adelgaza y adelgaza bien. Botanicals: Es una marca internacional usada para identificar productos naturales de calidad, los mismos que cumpliendo con altos estándares de seguridad en los procesos de clasificación, selección y elaboración, invitan a compartir lo natural en forma dietética y efectiva. Suplementos Nutricionales Nutrición Deportiva Infusiones Naturales Fitness y Deportivos Suplementos Dietéticos Infusiones Reductores Dietéticos Adelgazantes Naturales",,false_no_registro_sanitario,,
Inkafarma,Botanical's Fitness Té Premium 90g,Botanical's Fitness Té Premium 90g,,22.90,PEN,available,https://inkafarma.pe/producto/botanicals-fitnes-te-premium-90g/011252,011252,BOTANICAL'S,algolia_public_search,2026-06-08T01:09:26.703112+00:00,,Este producto es distribuido por Inretail Pharma S.A. (Ley 32033) Suplementos Nutricionales Infusiones Naturales Nutrición Deportiva Fitness y Deportivos Suplementos Dietéticos Infusiones Reductores Dietéticos Adelgazantes Naturales,,false_no_registro_sanitario,,
Inkafarma,Prostabien Schuler Tabletas recubiertas,Prostabien Schuler Tabletas recubiertas,,99.90,PEN,available,https://inkafarma.pe/producto/prostabien-schuler-tableta/420143,420143,PROSTABIEN,algolia_public_search,2026-06-08T01:09:26.706204+00:00,,Extracto seco atomizado de Uña de gato 90mg | Achiote 100mg Este producto es distribuido por Inretail Pharma S.A. (Ley 32033) Sistema Renal/ Reproductor Suplementos Nutricionales Problemas Reproductor Masculino Naturales,,false_no_registro_sanitario,,
Inkafarma,Similac Rice HMO,Similac Rice HMO,,127.80,PEN,available,https://inkafarma.pe/producto/similac-rice-400g/066716,066716,SIMILAC,algolia_public_search,2026-06-08T01:09:26.716254+00:00,,Este producto es distribuido por Inretail Pharma S.A. (Ley 32033) Suplementos / Complementos Embarazo,,false_no_registro_sanitario,,
Inkafarma,Natalben Lactancia Cápsula,Natalben Lactancia Cápsula,,57.60,PEN,available,https://inkafarma.pe/producto/natalben-lactancia-capsula/026817,026817,Itf Farmaceutica PERÚ,algolia_public_search,2026-06-08T01:09:26.721026+00:00,,Este producto es distribuido por Inretail Pharma S.A. (Ley 32033) Natalben Lactancia es un suplemento nutricional formulado para cubrir los requerimientos nutricionales de la madre a lo largo del periodo de lactancia materna. Vitaminas y Suplementos Multivitamínico Prenatal,,false_no_registro_sanitario,,
Inkafarma,Gold Test diagnóstico embarazo Tira,Gold Test diagnóstico embarazo Tira,,5.50,PEN,available,https://inkafarma.pe/producto/gold-test-diagnostico-de-embarazo-tira/018606,018606,GOLD,algolia_public_search,2026-06-08T01:09:26.870587+00:00,,"Este producto es distribuido por Inretail Pharma S.A. (Ley 32033) Test altamente sensible, para diagnóstico precoz del embarazo, seguro y confiable. - Fácil realizar e interpretar. - Resultado en 5 minutos. Suplementos / Complementos Embarazo",,false_no_registro_sanitario,,
Inkafarma,Gold Test diagnostico embarazo Cassette,Gold Test diagnostico embarazo Cassette,,9.60,PEN,available,https://inkafarma.pe/producto/gold-test-diagnostico-de-embarazo-casset/015031,015031,GOLD,algolia_public_search,2026-06-08T01:09:26.871357+00:00,,"Este producto es distribuido por Inretail Pharma S.A. (Ley 32033) Test altamente sensible, para diagnóstico precoz del embarazo, seguro y confiable. - Fácil realizar e interpretar. - Resultado en 5 minutos. - Lea y siga cuidadosamente las instrucciones que están en el sobre interior Suplementos / Complementos Embarazo",,false_no_registro_sanitario,,
Inkafarma,Blemil Plus Confort Fórmula de Fácil Digestión,Blemil Plus Confort Fórmula de Fácil Digestión,,97.40,PEN,available,https://inkafarma.pe/producto/blemil-plus-confort-formula-de-facil-digestion/010724,010724,BLEMIL,algolia_public_search,2026-06-08T01:09:26.872856+00:00,,Este producto es distribuido por Inretail Pharma S.A. (Ley 32033) Fórmula de continuación para lactantes de 0 a 6 meses que satisface completamente las necesidades nutritivas del recién nacido sano. Suplementos / Complementos Suplementos Nutricionales Fórmula para Bebés Fórmula Infantil Especial Pediátricos Fórmula Láctea Confort,,false_no_registro_sanitario,,
Inkafarma,Similac Mamá Sabor Vainilla,Similac Mamá Sabor Vainilla,,51.50,PEN,available,https://inkafarma.pe/producto/similac-mama-sabor-vainilla/006207,006207,SIMILAC,algolia_public_search,2026-06-08T01:09:26.874682+00:00,,Este producto es distribuido por Inretail Pharma S.A. (Ley 32033) Similac Mamá es un complemento alimenticio diseñado para las mujeres durante el período de embarazo y lactancia. Esta formulado para complementar las necesidades nutricionales que aumentan durante estos periodos. Suplementos / Complementos Embarazo,,false_no_registro_sanitario,,
Inkafarma,Serecur 320mg Cápsula,Serecur 320mg Cápsula,,179.91,PEN,available,https://inkafarma.pe/producto/serecur-320mg-capsula/004156,004156,LAFAGE,algolia_public_search,2026-06-08T01:09:26.875134+00:00,,Extracto de Serenoa repens 320mg Este producto es distribuido por Inretail Pharma S.A. (Ley 32033) Sistema Renal/ Reproductor Suplementos Nutricionales Problemas Reproductor Masculino Naturales,,false_no_registro_sanitario,,
Inkafarma,Pack 02 Collaflex Colágeno 310GR,Pack 02 Collaflex Colágeno 310GR,DE3616,109.90,PEN,available,https://inkafarma.pe/producto/pack-02-collaflex-colageno-310gr/PACKNT293,PACKNT293,COLLAFLEX,algolia_public_search,2026-06-08T01:09:26.888624+00:00,,Este producto es distribuido por Inretail Pharma S.A. (Ley 32033) Suplementos Nutricionales Suplementos y Vitaminas Packs de Nutrición y Bienestar Busca tu Marca de Colágeno Ideal Colágenos,digemid_name_inference,false_no_component_match,,
Inkafarma,Vitagel Collashake Chocolate,Vitagel Collashake Chocolate,,99.90,PEN,available,https://inkafarma.pe/producto/vitagel-collashake-chocolate/072469,072469,VITAGEL,algolia_public_search,2026-06-08T01:09:26.890623+00:00,,"Colágeno hidrolizado, avena en polvo, aroma natural dechocolate, Edulcorante (Glucósidos de esteviol E-960a), AminoácidosEsenciales Origen vacuno. Este producto es distribuido por Inretail Pharma S.A. (Ley 32033) Suplementos Nutricionales Suplementos y Vitaminas Busca tu Marca de Colágeno Ideal Colágenos",,false_no_registro_sanitario,,
Inkafarma,Vitagel Collashake Vainilla,Vitagel Collashake Vainilla,,99.90,PEN,available,https://inkafarma.pe/producto/vitagel-collashake-vainila/072459,072459,VITAGEL,algolia_public_search,2026-06-08T01:09:26.890770+00:00,,"Colágeno hidrolizado, avena en polvo, aroma natural devainilla, Edulcorante (Glucósidos de esteviol E-960a), AminoácidosEsenciales Origen vacuno Este producto es distribuido por Inretail Pharma S.A. (Ley 32033) Suplementos Nutricionales Suplementos y Vitaminas Busca tu Marca de Colágeno Ideal Colágenos",,false_no_registro_sanitario,,
Inkafarma,Vitagel Colágeno Hidrolizado Tripeptide,Vitagel Colágeno Hidrolizado Tripeptide,,93.60,PEN,available,https://inkafarma.pe/producto/vitagel-colageno-hidrolizado-tripeptide/078806,078806,VITAGEL,algolia_public_search,2026-06-08T01:09:26.893052+00:00,,Colágeno Hidrolizado (Colágeno Hidrolizado Tripéptido 40%). Este producto es distribuido por Inretail Pharma S.A. (Ley 32033) Suplementos / Complementos Suplementos Nutricionales Suplementos y Vitaminas Busca tu Marca de Colágeno Ideal Adulto Colágenos,,false_no_registro_sanitario,,
Inkafarma,Pack 02 Mujer aguaje curcuma 500mg frasco,Pack 02 Mujer aguaje curcuma 500mg frasco,,74.90,PEN,available,https://inkafarma.pe/producto/pack-02-mujer-aguaje-curcuma-500mg/PACKNT297,PACKNT297,OLEMART,algolia_public_search,2026-06-08T01:09:27.042381+00:00,,Este producto es distribuido por Inretail Pharma S.A. (Ley 32033) Alimentos Naturales Suplementos y Vitaminas Packs de Nutrición y Bienestar Aguaje Antiflamatorio y Antiartrósico,,false_no_registro_sanitario,,
Inkafarma,Pack 02 Sunvit Naturals Uña de Gato 350mg,Pack 02 Sunvit Naturals Uña de Gato 350mg,,66.00,PEN,available,https://inkafarma.pe/producto/pack-02-sunvit-naturals-una-de-gato-350mg/PACKNT209,PACKNT209,SUNVIT,algolia_public_search,2026-06-08T01:09:27.043369+00:00,,Polvo deshidratado de corteza de uña de gato y hojas de achiote . No contiene preservantes ni aditivos. Este producto es distribuido por Inretail Pharma S.A. (Ley 32033) Multivitamínicos Suplementos y Vitaminas Packs de Nutrición y Bienestar Antiflamatorio y Antiartrósico Para Adultos,,false_no_registro_sanitario,,
Inkafarma,Pack 02 Sunvit Naturals Cúrcuma Cápsula,Pack 02 Sunvit Naturals Cúrcuma Cápsula,,60.80,PEN,available,https://inkafarma.pe/producto/pack-02-sunvit-naturals-curcuma-capsula/PACKNT394,PACKNT394,SUNVIT,algolia_public_search,2026-06-08T01:09:27.045399+00:00,,Cúrcuma molida Este producto es distribuido por Inretail Pharma S.A. (Ley 32033) Suplementos y Vitaminas Packs de Nutrición y Bienestar Antiflamatorio y Antiartrósico,,false_no_registro_sanitario,,
Inkafarma,Mujer aguaje Colágeno hidrolizado Premium,Mujer aguaje Colágeno hidrolizado Premium,,59.90,PEN,available,https://inkafarma.pe/producto/mujer-aguaje-colageno-hidrolizado-premium/069707,069707,MUJER AGUAJE,algolia_public_search,2026-06-08T01:09:27.045534+00:00,,Colágeno hidrolizado 100% Puro Este producto es distribuido por Inretail Pharma S.A. (Ley 32033) Suplementos Nutricionales Suplementos y Vitaminas Busca tu Marca de Colágeno Ideal,,false_no_registro_sanitario,,
Inkafarma,Mujer Aguaje Colágeno Mora 500 Gr,Mujer Aguaje Colágeno Mora 500 Gr,,59.90,PEN,available,https://inkafarma.pe/producto/mujer-aguaje-colageno-mora-500-gr/067215,067215,BIOLOGISTICA PERÚ,algolia_public_search,2026-06-08T01:09:27.045663+00:00,,Este producto es distribuido por Inretail Pharma S.A. (Ley 32033) Alimentos Naturales Nutrición Deportiva Suplementos y Vitaminas Energizantes Naturales Busca tu Marca de Colágeno Ideal Maca,,false_no_registro_sanitario,,
Inkafarma,Androflam 160 mg Cápsulas Blandas,Androflam 160 mg Cápsulas Blandas,,55.90,PEN,available,https://inkafarma.pe/producto/androflam-160-mg-capsulas-blandas/070333,070333,SANIMED,algolia_public_search,2026-06-08T01:09:27.047107+00:00,,Cada cápsula blanda contiene: Extracto del aceite de Saw Palmetto (Estandarizado al 85 - 95 % de ácidos grasos totales) 160 mg Este producto es distribuido por Inretail Pharma S.A. (Ley 32033) Sistema Renal/ Reproductor Suplementos Nutricionales Problemas Reproductor Masculino Naturales,,false_no_registro_sanitario,,
Inkafarma,Mujer aguaje Colágeno hidrolizado Premium,Mujer aguaje Colágeno hidrolizado Premium,,51.90,PEN,available,https://inkafarma.pe/producto/mujer-aguaje-colageno-hidrolizado-premium/069705,069705,MUJER AGUAJE,algolia_public_search,2026-06-08T01:09:27.047658+00:00,,Colágeno hidrolizado 100% Puro Este producto es distribuido por Inretail Pharma S.A. (Ley 32033) Suplementos Nutricionales Suplementos y Vitaminas Busca tu Marca de Colágeno Ideal,,false_no_registro_sanitario,,
Inkafarma,Pack 2 NutraStevia con Colágeno,Pack 2 NutraStevia con Colágeno,,47.90,PEN,available,https://inkafarma.pe/producto/pack-2-nutrastevia-con-colageno/PACKNT178,PACKNT178,NUTRASTEVIA,algolia_public_search,2026-06-08T01:09:27.048296+00:00,,"Hojas de stevia en polvo, colágeno hidrolizado en polvo de origen bovino y antiaglutinante (SIN 551). Este producto es distribuido por Inretail Pharma S.A. (Ley 32033) Dietas Suplementos Nutricionales Nutrición Deportiva Packs de Nutrición y Bienestar Fitness y Deportivos Suplementos Dietéticos Dietéticos Edulcorante",,false_no_registro_sanitario,,
Inkafarma,Gomitas Nutricionales para Adulto Natural Gummies Aguaje + Soya,Gomitas Nutricionales para Adulto Natural Gummies Aguaje + Soya,,47.90,PEN,available,https://inkafarma.pe/producto/gomitas-para-adulto-natural-gummies-aguaje-soya/072457,072457,NATURAL GUMMIES,algolia_public_search,2026-06-08T01:09:27.048468+00:00,,"Maltitol líquido, Sorbitol, Agua, Gelatina; Eritritol; Ácido Cítrico,Aguaje (Regulador de acidez); Soya en polvo (textura); ColoranteNatural: Rojo Proveniente del maíz Morado 100 mg/kg SaborizanteNatural. Cereza. Este producto es distribuido por Inretail Pharma S.A. (Ley 32033) Multivitamínicos Suplementos y Vitaminas Gomitas Funcionales para Todo Para Adultos",,false_no_registro_sanitario,,
Inkafarma,Cúrcuma + Pimienta Negra Natural Gummies Sabor Tutti Fruti,Cúrcuma + Pimienta Negra Natural Gummies Sabor Tutti Fruti,,47.90,PEN,available,https://inkafarma.pe/producto/curcuma-pimienta-negra-natural-gummies-tutti-fruti/072234,072234,NATURAL BUSINESS,algolia_public_search,2026-06-08T01:09:27.048922+00:00,,"Jarabe de Maltitol; Sorbitol; Agua; Eritritol; Ácido Cítrico, Cúrcuma; Pimienta Negra. Saborizante: Tutty Fruty Jarabe de Maltitol; Sorbitol; Agua; Eritritol; Ácido Cítrico, Cúrcuma; Pimienta Negra. Saborizante: Tutty Fruty Jarabe de Maltitol; Sorbitol; Agua; Eritritol; Ácido Cítrico, Cúrcuma; Pimienta Negra. Saborizante: Tutty Fruty Multivitamínicos Suplementos / Complementos Suplementos y Vitaminas Antiflamatorio y Antiartrósico Adulto Gomitas Funcionales para Todo Para Niños",,false_no_registro_sanitario,,
Inkafarma,Gomitas Nutricionales para Adulto Natural Gummies Arándanos,Gomitas Nutricionales para Adulto Natural Gummies Arándanos,,45.90,PEN,available,https://inkafarma.pe/producto/gomitas-para-adulto-natural-gummies-arandanos/071933,071933,NATURAL GUMMIES,algolia_public_search,2026-06-08T01:09:27.049604+00:00,,"Jarabe de Maltitol, Sorbitol, Agua; Gelatina; Eritritol; Extracto de Arándano;Extracto de Cranberry; Ácido Cítrico, SIN (E-330), (9 gr/kg). SaborizanteNatural Arándano. Este producto es distribuido por Inretail Pharma S.A. (Ley 32033) Multivitamínicos Suplementos y Vitaminas Gomitas Funcionales para Todo Para Adultos",,false_no_registro_sanitario,,
Inkafarma,Vitagel Colágeno Polvo - Caja 15 UN,Vitagel Colágeno Polvo - Caja 15 UN,,44.90,PEN,available,https://inkafarma.pe/producto/colageno-vitagel-polvo/023962,023962,VITAGEL,algolia_public_search,2026-06-08T01:09:27.050432+00:00,,Este producto es distribuido por Inretail Pharma S.A. (Ley 32033) Suplementos Nutricionales Suplementos y Vitaminas Busca tu Marca de Colágeno Ideal Colágenos,,false_no_registro_sanitario,,
Inkafarma,Ciruelax Jalea Laxante Natural - Pote 300 G,Ciruelax Jalea Laxante Natural - Pote 300 G,,42.50,PEN,available,https://inkafarma.pe/producto/ciruelax-jalea-laxante-natural/406195,406195,CIRUELAX,algolia_public_search,2026-06-08T01:09:27.051352+00:00,,"Polvo de hojas de Cassia angustifolia Vahl 4,4 g (Equivalente a no menos de 110 mg de Senósidos B)Polvo de frutos de Cassia acutifolia D 2,2 g (Equivalente a no menos de 74,8 mg de Senósidos B)Pulpa de ciruela 13,8 gPulpa de manzana 23,8 gSemilla de linaza 2,5 g Este producto es distribuido por Inretail Pharma S.A. (Ley 32033) Suplementos Nutricionales Sistema digestivo Laxantes Naturales",,false_no_registro_sanitario,,
Inkafarma,Pack 02 Fitness Te Premium Botanicals,Pack 02 Fitness Te Premium Botanicals,,41.90,PEN,available,https://inkafarma.pe/producto/pack-02-Fitness-te-premium-botanicals/PACKNT265,PACKNT265,BOTANICAL'S,algolia_public_search,2026-06-08T01:09:27.051789+00:00,,Este producto es distribuido por Inretail Pharma S.A. (Ley 32033) Suplementos Nutricionales Infusiones Naturales Nutrición Deportiva Packs de Nutrición y Bienestar Fitness y Deportivos Suplementos Dietéticos Infusiones Reductores Dietéticos Adelgazantes Naturales,,false_no_registro_sanitario,,
Inkafarma,Pack 02 Fitness Té Green Seng Filtrante,Pack 02 Fitness Té Green Seng Filtrante,,41.90,PEN,available,https://inkafarma.pe/producto/pack-2-te-fitness-premium-green-seng-filtrante/PACKNT264,PACKNT264,BOTANICALS,algolia_public_search,2026-06-08T01:09:27.052016+00:00,,"Este producto es distribuido por Inretail Pharma S.A. (Ley 32033) Green Seng es una combinación de hierbas del mundo, agradable y que cumplirá su objetivo porque adelgaza y adelgaza bien. Botanicals: Es una marca internacional usada para identificar productos naturales de calidad, los mismos que cumpliendo con altos estándares de seguridad en los procesos de clasificación, selección y elaboración, invitan a compartir lo natural en forma dietética y efectiva. Suplementos Nutricionales Infusiones Naturales Nutrición Deportiva Packs de Nutrición y Bienestar Fitness y Deportivos Suplementos Dietéticos Infusiones Reductores Dietéticos Adelgazantes Naturales",,false_no_registro_sanitario,,
Inkafarma,Sunvit Nat Uña de gato+Achiote 350mg cápsulas,Sunvit Nat Uña de gato+Achiote 350mg cápsulas,,34.30,PEN,available,https://inkafarma.pe/producto/sunvit-nat-una-de-gato-achiote-350mg-capsulas/037850,037850,SUNVIT,algolia_public_search,2026-06-08T01:09:27.055388+00:00,,Polvo deshidratado de corteza de uña de gato y hojas de achiote . No contiene preservantes ni aditivos. Este producto es distribuido por Inretail Pharma S.A. (Ley 32033) Multivitamínicos Suplementos y Vitaminas Antiflamatorio y Antiartrósico Para Adultos,,false_no_registro_sanitario,,
Inkafarma,Gomix Sleep Caramelos Blandos,Gomix Sleep Caramelos Blandos,,30.90,PEN,available,https://inkafarma.pe/producto/gomix-sleep-caramelos-blandos/071646,071646,GOMIX,algolia_public_search,2026-06-08T01:09:27.056760+00:00,,Consumir 1 o 2 caramelos blandos una hora antes de dormir. Este producto es distribuido por Inretail Pharma S.A. (Ley 32033) Suplementos Nutricionales Suplementos y Vitaminas Ayuda a Relajarte y Dormir Mejor,,false_no_registro_sanitario,,
Inkafarma,Mujer Aguaje Colágeno Hidrolizado Camu Camu,Mujer Aguaje Colágeno Hidrolizado Camu Camu,,29.90,PEN,available,https://inkafarma.pe/producto/mujer-aguaje-colageno-hidrolizado-camu-camu/071653,071653,OLEMART,algolia_public_search,2026-06-08T01:09:27.056873+00:00,,Este producto es distribuido por Inretail Pharma S.A. (Ley 32033) Suplementos Nutricionales Suplementos y Vitaminas Busca tu Marca de Colágeno Ideal Colágenos,,false_no_registro_sanitario,,
Inkafarma,Stevia Onza Endulzante Best Quality Polvo,Stevia Onza Endulzante Best Quality Polvo,,26.90,PEN,available,https://inkafarma.pe/producto/stevia-onza-endulzante-best-quality-polvo/033637,033637,ONZA,algolia_public_search,2026-06-08T01:09:27.057242+00:00,,Este producto es distribuido por Inretail Pharma S.A. (Ley 32033) Dietas Suplementos Nutricionales Nutrición Deportiva Fitness y Deportivos Suplementos Dietéticos Dietéticos Edulcorante,,false_no_registro_sanitario,,
Inkafarma,Stevia Onza Endulzante Best Quality Polvo,Stevia Onza Endulzante Best Quality Polvo,,24.90,PEN,available,https://inkafarma.pe/producto/stevia-onza-endulzante-best-quality-polvo/033638,033638,ONZA,algolia_public_search,2026-06-08T01:09:27.057355+00:00,,Este producto es distribuido por Inretail Pharma S.A. (Ley 32033) Dietas Suplementos Nutricionales Nutrición Deportiva Fitness y Deportivos Suplementos Dietéticos Dietéticos Edulcorante,,false_no_registro_sanitario,,
Inkafarma,Nutrastevia con colágeno,Nutrastevia con colágeno,,24.90,PEN,available,https://inkafarma.pe/producto/nutrastevia-con-colageno/067090,067090,NUTRASTEVIA,algolia_public_search,2026-06-08T01:09:27.057514+00:00,,"Hojas de stevia en polvo, colágeno hidrolizado en polvo de origen bovino y antiaglutinante (SIN 551). Este producto es distribuido por Inretail Pharma S.A. (Ley 32033) Dietas Suplementos Nutricionales Nutrición Deportiva Fitness y Deportivos Suplementos Dietéticos Dietéticos Edulcorante",,false_no_registro_sanitario,,
Inkafarma,Ciruelax Jalea - Pote 150 G,Ciruelax Jalea - Pote 150 G,,22.90,PEN,available,https://inkafarma.pe/producto/ciruelax-jalea/406774,406774,CIRUELAX,algolia_public_search,2026-06-08T01:09:27.057902+00:00,,"Polvo de hojas de Cassia angustifolia Vahl 4,4 g(Equivalente a no menos de 110 mg de Senósidos B) Polvo de frutos de Cassia acutifolia D 2,2 g(Equivalente a no menos de 74,8 mg de Senósidos B) Pulpa de ciruela 13,8 gPulpa de manzana 23,8 gSemilla de linaza 2,5 g Este producto es distribuido por Inretail Pharma S.A. (Ley 32033) Suplementos Nutricionales Sistema digestivo Laxantes Naturales",,false_no_registro_sanitario,,
Inkafarma,Stevia Onza Pura Endulzante Polvo,Stevia Onza Pura Endulzante Polvo,,21.90,PEN,available,https://inkafarma.pe/producto/stevia-onza-pura-endulzante-polvo/033656,033656,ONZA,algolia_public_search,2026-06-08T01:09:27.058023+00:00,,Este producto es distribuido por Inretail Pharma S.A. (Ley 32033) Dietas Suplementos Nutricionales Nutrición Deportiva Fitness y Deportivos Suplementos Dietéticos Dietéticos Edulcorante,,false_no_registro_sanitario,,
Inkafarma,Stevia Onza Pura Endulzante Polvo,Stevia Onza Pura Endulzante Polvo,,13.50,PEN,available,https://inkafarma.pe/producto/stevia-onza-pura-endulzante-polvo/033658,033658,ONZA,algolia_public_search,2026-06-08T01:09:27.058434+00:00,,Este producto es distribuido por Inretail Pharma S.A. (Ley 32033) Dietas Suplementos Nutricionales Nutrición Deportiva Fitness y Deportivos Suplementos Dietéticos Dietéticos Edulcorante,,false_no_registro_sanitario,,
Inkafarma,Miel de Abeja OLI21,Miel de Abeja OLI21,,11.90,PEN,available,https://inkafarma.pe/producto/miel-de-abeja-oli21-350g/073086,073086,OLI 2121,algolia_public_search,2026-06-08T01:09:27.212315+00:00,,Este producto es distribuido por Inretail Pharma S.A. (Ley 32033) Suplementos Nutricionales Naturales,,false_no_registro_sanitario,,
Inkafarma,Stevia con Yacón Onza caja x 50 sobres,Stevia con Yacón Onza caja x 50 sobres,,16.90,PEN,available,https://inkafarma.pe/producto/stevia-con-yacon-onza-caja-x-50-sobres/073214,073214,ONZA,algolia_public_search,2026-06-08T01:09:27.213424+00:00,,Stevia 100% pura Yacón en Polvo Este producto es distribuido por Inretail Pharma S.A. (Ley 32033) Dietas Suplementos Nutricionales Nutrición Deportiva Fitness y Deportivos Suplementos Dietéticos Dietéticos Edulcorante,,false_no_registro_sanitario,,
Inkafarma,Lab Nutrition Proteína 100% Hidrolizada Vainilla,Lab Nutrition Proteína 100% Hidrolizada Vainilla,,359.00,PEN,available,https://inkafarma.pe/producto/lab-nutrition-proteina-100-hidrolizada-vainilla/068559,068559,LAB NUTRITION,algolia_public_search,2026-06-08T01:09:27.218094+00:00,,Hidrolizado de Proteína de Suero Aislado 29.780 g (Aportan el valor de proteína 25g) Excipientes: c.s. Este producto es distribuido por Inretail Pharma S.A. (Ley 32033) Promociones en Suplementos y Vitaminas Nutrición Deportiva Suplementos Deportivos Más Proteinas con Mejores Resultados,,false_no_registro_sanitario,,
Inkafarma,LAB Nutrition Proteína 100% Hidrolizada Cookies & Cream,LAB Nutrition Proteína 100% Hidrolizada Cookies & Cream,,359.00,PEN,available,https://inkafarma.pe/producto/lab-nutrition-proteina-100-hidrolizada-cookies-cream/068547,068547,LAB NUTRITION,algolia_public_search,2026-06-08T01:09:27.218252+00:00,,Aislado De Proteína De Suero Hidrolizada 29.43 g* (Provee el valor nutricional Proteína 25 g) Excipientes: c.s. Este producto es distribuido por Inretail Pharma S.A. (Ley 32033) Promociones en Suplementos y Vitaminas Nutrición Deportiva Suplementos Deportivos Más Proteinas con Mejores Resultados,,false_no_registro_sanitario,,
Inkafarma,Miel de Abeja OLI21,Miel de Abeja OLI21,,23.90,PEN,available,https://inkafarma.pe/producto/oli-21-miel-de-abeja/069787,069787,OLI21,algolia_public_search,2026-06-08T01:09:27.224356+00:00,,Miel de abeja Este producto es distribuido por Inretail Pharma S.A. (Ley 32033) Suplementos Nutricionales Naturales,,false_no_registro_sanitario,,
Inkafarma,Sottilite Solución oral,Sottilite Solución oral,,89.90,PEN,available,https://inkafarma.pe/producto/sottilite-solucion-oral/038035,038035,FARMACIENCIA NATURAL,algolia_public_search,2026-06-08T01:09:27.225746+00:00,,Extracto de Cynara Scolymus (Alcachofa) 2mlExtracto de Mentha Piperita L. (Menta) 2mlExtracto de Aloysia Citriodora P.(Hierba Luisa) 2mlExtracto de Ocimum Basilicum L. (Albahaca) 2mlAgua purificada C.S.P 100ml Este producto es distribuido por Inretail Pharma S.A. (Ley 32033) Suplementos Nutricionales Suplementos / Complementos Adultos Adulto,,false_no_registro_sanitario,,
Inkafarma,Cetopic Serum 22%,Cetopic Serum 22%,,110.70,PEN,available,https://inkafarma.pe/producto/cetopic-serum-22/072653,072653,CETOPIC,algolia_public_search,2026-06-08T01:09:27.225864+00:00,,Contiene:22% de vitamina C Este producto es distribuido por Inretail Pharma S.A. (Ley 32033) Multivitamínicos Suplementos / Complementos Adulto Para Adultos,,false_no_registro_sanitario,,
Inkafarma,Pack 01 Fenogreco 500mg Lima Naturals + 01 Espirulina 500mg Lima Naturals,Pack 01 Fenogreco 500mg Lima Naturals + 01 Espirulina 500mg Lima Naturals,,81.00,PEN,available,https://inkafarma.pe/producto/pack-1-fenogreco-500mg-lima-naturals-1-espirulina/PACKNT93,PACKNT93,OLEMART,algolia_public_search,2026-06-08T01:09:27.226300+00:00,,"100% Fenogreco. Espirulina: Espirulina, berros y alcachofa. Este producto es distribuido por Inretail Pharma S.A. (Ley 32033) Alimentos Naturales Suplementos y Vitaminas Packs de Nutrición y Bienestar Antiflamatorio y Antiartrósico Otros Alimentos Naturales Espirulina",,false_no_registro_sanitario,,
Inkafarma,Lima naturals Cúrcuma Pimienta negra & Kion Polvo,Lima naturals Cúrcuma Pimienta negra & Kion Polvo,,48.50,PEN,available,https://inkafarma.pe/producto/lima-naturals-curcuma-pimienta-negra-kion-polvo/069067,069067,OLEMART,algolia_public_search,2026-06-08T01:09:27.226619+00:00,,"Cúrcuma, Pimienta negra y Kion en polvo Este producto es distribuido por Inretail Pharma S.A. (Ley 32033) Suplementos y Vitaminas Antiflamatorio y Antiartrósico",,false_no_registro_sanitario,,
Inkafarma,Fenogreco 500mg Lima Naturals Cápsulas,Fenogreco 500mg Lima Naturals Cápsulas,,42.90,PEN,available,https://inkafarma.pe/producto/fenogreco-500mg-lima-naturals-capsulas/034144,034144,OLEMART,algolia_public_search,2026-06-08T01:09:27.226997+00:00,,100% Fenogreco. Este producto es distribuido por Inretail Pharma S.A. (Ley 32033) Alimentos Naturales Suplementos y Vitaminas Antiflamatorio y Antiartrósico Otros Alimentos Naturales,,false_no_registro_sanitario,,
Inkafarma,Cúrcuma 500mg Lima Naturals Cápsulas,Cúrcuma 500mg Lima Naturals Cápsulas,,42.90,PEN,available,https://inkafarma.pe/producto/curcuma-500mg-lima-naturals-capsulas/034140,034140,OLEMART,algolia_public_search,2026-06-08T01:09:27.227124+00:00,,"Cúrcuma, Pimienta Negra, Kion en polvo. Este producto es distribuido por Inretail Pharma S.A. (Ley 32033) Alimentos Naturales Suplementos y Vitaminas Antiflamatorio y Antiartrósico Otros Alimentos Naturales",,false_no_registro_sanitario,,
Inkafarma,Pack 02 Endulzante Dul-Suc,Pack 02 Endulzante Dul-Suc,,51.80,PEN,available,https://inkafarma.pe/producto/pack-2-endulzante-dul-suc/PACKNT263,PACKNT263,DUL-SUC,algolia_public_search,2026-06-08T01:09:27.239117+00:00,,Este producto es distribuido por Inretail Pharma S.A. (Ley 32033) Dietas Suplementos Nutricionales Nutrición Deportiva Packs de Nutrición y Bienestar Fitness y Deportivos Suplementos Dietéticos Dietéticos Edulcorante,,false_no_registro_sanitario,,
Inkafarma,Warmi Polvo - Pote 330 G,Warmi Polvo - Pote 330 G,,77.00,PEN,available,https://inkafarma.pe/producto/warmi-polvo/431147,431147,HERSIL,algolia_public_search,2026-06-08T01:09:27.240070+00:00,,"Este producto es distribuido por Inretail Pharma S.A. (Ley 32033) Indicado en el alivio de los sofocos que aparecen durante la menopausia, y los cambios de humor. Suplementos Nutricionales Cuidado de la Mujer Adultos Geriátricos Antimenospausico",,false_no_registro_sanitario,,
Inkafarma,Tonatrim Plus Capsula blanda,Tonatrim Plus Capsula blanda,,99.90,PEN,available,https://inkafarma.pe/producto/tonatrim-plus-capsula-blanda/429390,429390,SWISSCAPS ROMANIA,algolia_public_search,2026-06-08T01:09:27.240293+00:00,,Aceite de Cártamo 515.000mgExtracto de Té verde 28.325mg Este producto es distribuido por Inretail Pharma S.A. (Ley 32033) Suplementos Nutricionales Nutrición Deportiva Fitness y Deportivos Suplementos Dietéticos Dietéticos Adelgazantes Naturales,,false_no_registro_sanitario,,
Inkafarma,Proteína Ovo Extreme Sabor Vainilla - Frasco 1000 G,Proteína Ovo Extreme Sabor Vainilla - Frasco 1000 G,,127.90,PEN,available,https://inkafarma.pe/producto/proteina-ovo-extreme-sabor-vainilla/427333,427333,OVO EXTREME,algolia_public_search,2026-06-08T01:09:27.388603+00:00,,Este producto es distribuido por Inretail Pharma S.A. (Ley 32033) Alimenticio elaborado a base de albúmina de huevo deshidratada. aportan fuerza y energía empleadas por los músculos. Promociones en Suplementos y Vitaminas Suplementos Nutricionales Nutrición Deportiva Fitness y Deportivos Deportivos Suplementos Deportivos Más Proteinas con Mejores Resultados,,false_no_registro_sanitario,,
Inkafarma,Extreme Ovo Protein Sabor Vainilla - Frasco 500 G,Extreme Ovo Protein Sabor Vainilla - Frasco 500 G,,77.90,PEN,available,https://inkafarma.pe/producto/extreme-ovo-protein-sabor-vainilla/427332,427332,OVO EXTREME,algolia_public_search,2026-06-08T01:09:27.388774+00:00,,Este producto es distribuido por Inretail Pharma S.A. (Ley 32033) Alimenticio elaborado a base de albúmina de huevo deshidratada. aportan fuerza y energía empleadas por los músculos. Promociones en Suplementos y Vitaminas Suplementos Nutricionales Nutrición Deportiva Fitness y Deportivos Deportivos Suplementos Deportivos Más Proteinas con Mejores Resultados,,false_no_registro_sanitario,,
Inkafarma,Extreme Ovo Protein Sabor Chocolate - Frasco 1000 G,Extreme Ovo Protein Sabor Chocolate - Frasco 1000 G,,127.90,PEN,available,https://inkafarma.pe/producto/extreme-ovo-protein-sabor-chocolate/427331,427331,OVO EXTREME,algolia_public_search,2026-06-08T01:09:27.388937+00:00,,Este producto es distribuido por Inretail Pharma S.A. (Ley 32033) Alimenticio elaborado a base de albúmina de huevo deshidratada. aportan fuerza y energía empleadas por los músculos. Promociones en Suplementos y Vitaminas Suplementos Nutricionales Nutrición Deportiva Fitness y Deportivos Deportivos Suplementos Deportivos Más Proteinas con Mejores Resultados,,false_no_registro_sanitario,,
Inkafarma,Ciruelax Líquido Jarabe,Ciruelax Líquido Jarabe,,20.60,PEN,available,https://inkafarma.pe/producto/ciruelax-jarabe/427103,427103,CIRUELAX,algolia_public_search,2026-06-08T01:09:27.389062+00:00,,Extracto de hojas y frutos de cassia angustifolia 0.25g Este producto es distribuido por Inretail Pharma S.A. (Ley 32033) Suplementos Nutricionales Sistema digestivo Laxantes Naturales,,false_no_registro_sanitario,,
Inkafarma,Ciruelax Jalea Laxante Natural - Pote 600 G,Ciruelax Jalea Laxante Natural - Pote 600 G,,69.80,PEN,available,https://inkafarma.pe/producto/ciruelax-jalea-laxante-natural/406713,406713,CIRUELAX,algolia_public_search,2026-06-08T01:09:27.390593+00:00,,"Polvo de hojas de Cassia angustifolia Vahl 4,4 g (Equivalente a no menos de 110 mg de Senósidos B)Polvo de frutos de Cassia acutifolia D 2,2 g (Equivalente a no menos de 74,8 mg de Senósidos B)Pulpa de ciruela 13,8 gPulpa de manzana 23,8 gSemilla de linaza 2,5 g Este producto es distribuido por Inretail Pharma S.A. (Ley 32033) Suplementos Nutricionales Sistema digestivo Laxantes Naturales",,false_no_registro_sanitario,,
Inkafarma,Maddre Polvo Sabor Vainilla,Maddre Polvo Sabor Vainilla,,59.40,PEN,available,https://inkafarma.pe/producto/maddre-polvo-sabor-vainilla/403140,403140,MADDRE,algolia_public_search,2026-06-08T01:09:27.391145+00:00,,"Este producto es distribuido por Inretail Pharma S.A. (Ley 32033) Indicado para pre gestantes, gestantes y en lactantes. Suplementos / Complementos Embarazo",,false_no_registro_sanitario,,
Inkafarma,Apoyo Nutricional Sustagen Vainilla,Apoyo Nutricional Sustagen Vainilla,,53.40,PEN,available,https://inkafarma.pe/producto/sustagen-polvo-sabor-vainilla/403080,403080,SUSTAGEN,algolia_public_search,2026-06-08T01:09:27.391279+00:00,,Este producto es distribuido por Inretail Pharma S.A. (Ley 32033) Indicado en el desarrollo mental o cognitivo y contribuye junto con una dieta balaceada al desarrollo fisico y mental. Vitaminas y Suplementos Suplementos Nutricionales Multivitamínico para Bebés Pediátricos,,false_no_registro_sanitario,,
Inkafarma,PVM Polvo Sabor Fresa,PVM Polvo Sabor Fresa,,54.00,PEN,available,https://inkafarma.pe/producto/pvm-polvo-sabor-fresa-frasco-460-g/403014,403014,HERSIL,algolia_public_search,2026-06-08T01:09:27.391697+00:00,,"Este producto es distribuido por Inretail Pharma S.A. (Ley 32033) PVM® es un alimento nutritivo que aporta proteínas, vitaminas, minerales y energía (carbohidratos). PVM® es ideal para ser consumido por adultos cuando se requiera de un mayor aporte de nutrientes o cuando la ingesta de alimentos este por debajo de los requerimientos diarios. Si está bajo tratamiento seguir las instrucciones de un profesional de la salud calificado. Suplementos Nutricionales Suplementos / Complementos Nutrición Adulto Adultos Adulto Geriátricos",,false_no_registro_sanitario,,
Inkafarma,Prostaflam 500 Mg. - Frasco 60 UN,Prostaflam 500 Mg. - Frasco 60 UN,,42.00,PEN,available,https://inkafarma.pe/producto/prostaflam-500-mg-/348039,348039,PROSTAFLAM,algolia_public_search,2026-06-08T01:09:27.391987+00:00,,Este producto es distribuido por Inretail Pharma S.A. (Ley 32033) Sistema Renal/ Reproductor Suplementos Nutricionales Problemas Reproductor Masculino Naturales,,false_no_registro_sanitario,,
Inkafarma,Endulzante Dul-Suc - Frasco 500 UN,Endulzante Dul-Suc - Frasco 500 UN,,25.90,PEN,available,https://inkafarma.pe/producto/endulzante-dul-suc/314086,314086,DUL-SUC,algolia_public_search,2026-06-08T01:09:27.392229+00:00,,Este producto es distribuido por Inretail Pharma S.A. (Ley 32033) Dietas Suplementos Nutricionales Nutrición Deportiva Fitness y Deportivos Suplementos Dietéticos Dietéticos Edulcorante,,false_no_registro_sanitario,,
Inkafarma,Hepalife Advance q10 Cápsula,Hepalife Advance q10 Cápsula,,99.90,PEN,available,https://inkafarma.pe/producto/hepalife-advance-q10-capsula/079984,079984,NUTRISA,algolia_public_search,2026-06-08T01:09:27.397916+00:00,,"Mezclas de harinas: Alcachofa, Boldo, Diente de León, Berros, No ni Este producto es distribuido por Inretail Pharma S.A. (Ley 32033) Suplementos / Complementos Suplementos Nutricionales Adulto Colágenos",,false_no_registro_sanitario,,
Inkafarma,Vitagel Colaghidrolizado Tripeptide,Vitagel Colaghidrolizado Tripeptide,,32.90,PEN,available,https://inkafarma.pe/producto/vitagel-colaghidrolizado-tripeptide-/079434,079434,VITAGEL TRIPEPTIDE,algolia_public_search,2026-06-08T01:09:27.398366+00:00,,Ingredientes: Colágeno Hidrolizado (bovino) 3 g. Colágeno Hidrolizado Tripéptido (bovino) 2 g. Este producto es distribuido por Inretail Pharma S.A. (Ley 32033) Suplementos Nutricionales Suplementos y Vitaminas Busca tu Marca de Colágeno Ideal Colágenos,,false_no_registro_sanitario,,
Inkafarma,Gerber Compota Manzana,Gerber Compota Manzana,,4.60,PEN,available,https://inkafarma.pe/producto/gerber-compota-manzana/077662,077662,COMPOTA MANZANA,algolia_public_search,2026-06-08T01:09:27.399895+00:00,,"Puré de manzana (99.7%) preparado de concentrado, Jugo de limón concentrado y Vitamina C. Este producto es distribuido por Inretail Pharma S.A. (Ley 32033) Suplementos / Complementos Cereales y Compotas",,false_no_registro_sanitario,,
Inkafarma,Gerber Compota Plátano,Gerber Compota Plátano,,4.60,PEN,available,https://inkafarma.pe/producto/gerber-compota-platano/077661,077661,COMPOTA PLATANO,algolia_public_search,2026-06-08T01:09:27.400025+00:00,,"Puré de plátano (91%) preparado de concentrado, Agua, Jugo de limón concentrado y Vitamina C. Este producto es distribuido por Inretail Pharma S.A. (Ley 32033) Suplementos / Complementos Cereales y Compotas",,false_no_registro_sanitario,,
Inkafarma,Smofkabiven Periférico Emulsión para Perfusión,Smofkabiven Periférico Emulsión para Perfusión,,370.00,PEN,available,https://inkafarma.pe/producto/smofkabiven-periferico-emulsion-para-perfusion/073935,073935,FRESENIUS KABI,algolia_public_search,2026-06-08T01:09:27.401725+00:00,,Este producto es distribuido por Inretail Pharma S.A. (Ley 32033) Dietas Suplementos Nutricionales Nutrición Deportiva Fitness y Deportivos Suplementos Dietéticos Dietéticos Otros Productos de Dieta Naturales,,false_no_registro_sanitario,,
Inkafarma,Vitafos Vainilla Polvo,Vitafos Vainilla Polvo,,116.90,PEN,available,https://inkafarma.pe/producto/vitafos-vainilla-polvo-/073806,073806,ORDESA,algolia_public_search,2026-06-08T01:09:27.402011+00:00,,"VITAFOS VAINILLA, Mezcla de hidratos de carbono, aceites vegetales enriquecidos con vitaminas y minerales Este producto es distribuido por Inretail Pharma S.A. (Ley 32033) Suplementos Nutricionales Suplementos / Complementos Nutrición Adulto Adultos Adulto Geriátricos",,false_no_registro_sanitario,,
Inkafarma,Miel de Abeja Chacra Santa,Miel de Abeja Chacra Santa,,29.00,PEN,available,https://inkafarma.pe/producto/miel-de-abeja-chacra-santa-370g/072362,072362,CHACRA SANTA,algolia_public_search,2026-06-08T01:09:27.406688+00:00,,100% Miel de Abeja Natural Este producto es distribuido por Inretail Pharma S.A. (Ley 32033) Suplementos Nutricionales Naturales,,false_no_registro_sanitario,,
Inkafarma,Vinagre de Sidra de Manzana Chacra Santa,Vinagre de Sidra de Manzana Chacra Santa,,19.00,PEN,available,https://inkafarma.pe/producto/vinagre-de-sidra-de-manzana-chacra-santa-500ml/072360,072360,CHACRA SANTA,algolia_public_search,2026-06-08T01:09:27.406895+00:00,,Manzanas seleccionadas Levadura Agua Este producto es distribuido por Inretail Pharma S.A. (Ley 32033) Suplementos Nutricionales Naturales,,false_no_registro_sanitario,,
Inkafarma,Fitosana Colágeno Puro Premium,Fitosana Colágeno Puro Premium,,99.90,PEN,available,https://inkafarma.pe/producto/fitosana-colageno-puro-premium/069723,069723,FITOSANA,algolia_public_search,2026-06-08T01:09:27.409031+00:00,,Colágeno hidrolizado. Este producto es distribuido por Inretail Pharma S.A. (Ley 32033) Suplementos Nutricionales,,false_no_registro_sanitario,,
Inkafarma,Lima naturals Sili Marina,Lima naturals Sili Marina,,51.00,PEN,available,https://inkafarma.pe/producto/lima-naturals-sili-marina/069064,069064,OLEMART,algolia_public_search,2026-06-08T01:09:27.410418+00:00,,Extracto de Cardo Mariano (Sili marina) yAlcachofa Este producto es distribuido por Inretail Pharma S.A. (Ley 32033) Suplementos Nutricionales Nutrición Deportiva Fitness y Deportivos Suplementos Dietéticos Dietéticos Adelgazantes Naturales,,false_no_registro_sanitario,,
Inkafarma,Lima Naturals Garcinia Cambogia,Lima Naturals Garcinia Cambogia,,43.90,PEN,available,https://inkafarma.pe/producto/lima-naturals-garcinia-cambogia/069063,069063,OLEMART,algolia_public_search,2026-06-08T01:09:27.410562+00:00,,"Garcinia Cambogia, Hoja de Stevia, Vitamina Cy excipientes Este producto es distribuido por Inretail Pharma S.A. (Ley 32033) Suplementos Nutricionales Nutrición Deportiva Fitness y Deportivos Suplementos Dietéticos Dietéticos Adelgazantes Naturales",,false_no_registro_sanitario,,
Inkafarma,PVM Sabor vainilla,PVM Sabor vainilla,,85.90,PEN,available,https://inkafarma.pe/producto/pvm-sabor-vainilla/068381,068381,HERSIL,algolia_public_search,2026-06-08T01:09:27.411472+00:00,,Este producto es distribuido por Inretail Pharma S.A. (Ley 32033) Suplementos Nutricionales Adultos,,false_no_registro_sanitario,,
Inkafarma,Geriaplus Inmunoact Polvo Sabor lúcuma,Geriaplus Inmunoact Polvo Sabor lúcuma,,51.90,PEN,available,https://inkafarma.pe/producto/geriaplus-inmunoact-polvo-sabor-lucuma/038165,038165,GERIAPLUS,algolia_public_search,2026-06-08T01:09:27.559619+00:00,,Este producto es distribuido por Inretail Pharma S.A. (Ley 32033) Suplementos Nutricionales Suplementos / Complementos Nutrición Adulto Adultos Adulto Geriátricos,,false_no_registro_sanitario,,
Inkafarma,Naltreva 8MG + 90MG Comprimido Recubierto De Liberación Prolongada,Naltreva 8MG + 90MG Comprimido Recubierto De Liberación Prolongada,,312.00,PEN,available,https://inkafarma.pe/producto/naltreva-8-90mg-comprimido-recubierto/034628,034628,TECNOFARMA,algolia_public_search,2026-06-08T01:09:27.561384+00:00,,"Cada comprimido recubierto de liberacion prolongada contiene: Bupropion clorhidrato 90,0000 Naltrexona clorhidrato 8,0000 mg Este producto es distribuido por Inretail Pharma S.A. (Ley 32033) Vitaminas para Adultos Suplementos Nutricionales Nutrición Deportiva Fitness y Deportivos Suplementos Dietéticos Dietéticos Adelgazantes Naturales",,false_no_registro_sanitario,,
Inkafarma,Lab Nut C4 Energy Strawb Wat Ice - Lata 473ml,Lab Nut C4 Energy Strawb Wat Ice - Lata 473ml,,15.00,PEN,available,https://inkafarma.pe/producto/lab-nut-c4-energy-strawb-wat-ice-lata-473ml/034204,034204,LAB NUTRITION,algolia_public_search,2026-06-08T01:09:27.561521+00:00,,Este producto es distribuido por Inretail Pharma S.A. (Ley 32033) Suplementos Nutricionales Nutrición Deportiva Fitness y Deportivos Deportivos Suplementos Deportivos,,false_no_registro_sanitario,,
Inkafarma,NAN® COMFORT®,NAN® COMFORT®,,219.90,PEN,available,https://inkafarma.pe/producto/nan-comfort-caja-1-4-kg-/033495,033495,NAN,algolia_public_search,2026-06-08T01:09:27.561984+00:00,,Este producto es distribuido por Inretail Pharma S.A. (Ley 32033) Suplementos Nutricionales Suplementos / Complementos Fórmula para Bebés Fórmula Infantil Especial Pediátricos Fórmula Láctea Confort,,false_no_registro_sanitario,,
Inkafarma,Feveny 0.625 MG Tabletas recubiertas,Feveny 0.625 MG Tabletas recubiertas,,160.20,PEN,available,https://inkafarma.pe/producto/feveny-0-625-mg-tabletas-recubiertas/030597,030597,XINJIANG NUZILINE BIO PHARMACEUTICAL,algolia_public_search,2026-06-08T01:09:27.562841+00:00,,Estrógenos conjugados 20.8344 mg (equivalente a 0.625 mg de estrona sulfato de sodio y equilin sulfato de sodio) Este producto es distribuido por Inretail Pharma S.A. (Ley 32033) Suplementos Nutricionales Cuidado de la Mujer Antimenospausico Naturales,,false_no_registro_sanitario,,
Inkafarma,Compota GERBER® Mango - Frasco 113 G,Compota GERBER® Mango - Frasco 113 G,,4.80,PEN,available,https://inkafarma.pe/producto/gerber-compota-de-mango-pote-113-g/029074,029074,NESTLÉ,algolia_public_search,2026-06-08T01:09:27.563193+00:00,,"Puré de mango (99,95%) preparado de concentrado y Vitamina C. Este producto es distribuido por Inretail Pharma S.A. (Ley 32033) Gerber Mango, hecho con 100% puré de Fruta , sin azucar añadida ni preservantes. Para bebés a partir de los 6 meses. Suplementos / Complementos Cereales y Compotas",,false_no_registro_sanitario,,
Inkafarma,Compota GERBER® Pera - Frasco 113 G,Compota GERBER® Pera - Frasco 113 G,,4.80,PEN,available,https://inkafarma.pe/producto/compota-gerber-de-pera/029072,029072,GERBER,algolia_public_search,2026-06-08T01:09:27.563326+00:00,,Puré de pera (99.95%) preparado de concentrado y vitamina C. Puré de pera (99.95%) preparado de concentrado y vitamina C. Puré de pera (99.95%) preparado de concentrado y vitamina C. Suplementos / Complementos Cereales y Compotas,,false_no_registro_sanitario,,
Inkafarma,Compota GERBER® Manzana - Frasco 113 G,Compota GERBER® Manzana - Frasco 113 G,,4.80,PEN,unavailable,https://inkafarma.pe/producto/compota-gerber-de-manzana/029071,029071,GERBER,algolia_public_search,2026-06-08T01:09:27.563490+00:00,,"Puré de manzana (99,95%) preparado de concentrado y vitamina C. Este producto es distribuido por Inretail Pharma S.A. (Ley 32033) Gerber Manzana, hecho con 100% puré de Fruta , sin azucar añadida ni preservantes. Para bebés a partir de los 6 meses. Suplementos / Complementos Cereales y Compotas",,false_no_registro_sanitario,,
Inkafarma,Glutapak-10 Polvo Oral,Glutapak-10 Polvo Oral,,48.90,PEN,available,https://inkafarma.pe/producto/glutapak-10-polvo-oral-15g/025234,025234,GLUTAPAK,algolia_public_search,2026-06-08T01:09:27.564040+00:00,,Este producto es distribuido por Inretail Pharma S.A. (Ley 32033) Suplementos Nutricionales Suplementos / Complementos Dietéticos Diabéticos,,false_no_registro_sanitario,,
Inkafarma,Almidón de Maíz Enterex Espesante Polvo,Almidón de Maíz Enterex Espesante Polvo,,64.50,PEN,available,https://inkafarma.pe/producto/almidon-de-maiz-enterex-espesante-polvo/025195,025195,ENTEREX,algolia_public_search,2026-06-08T01:09:27.564140+00:00,,Este producto es distribuido por Inretail Pharma S.A. (Ley 32033) Suplementos / Complementos Adulto,,false_no_registro_sanitario,,
Inkafarma,Gold Test diagnóstico de embarazo Lapicero,Gold Test diagnóstico de embarazo Lapicero,,16.90,PEN,available,https://inkafarma.pe/producto/gold-test-diagnostico-de-embarazo-lapicero/018607,018607,GOLD,algolia_public_search,2026-06-08T01:09:27.565136+00:00,,"Este producto es distribuido por Inretail Pharma S.A. (Ley 32033) Es una prueba rápida de embarazo en forma de lapicero que Ud. podrá usar en la intimidad de su hogar, para detectar tempranamente el embarazo, en sólo 5 minutos y con un resultado confiable. Puede usarlo con una muestra fresca de orina recogida a cualquier hora del día. Si es su primer día de atraso menstrual se recomienda usar la primera orina de la mañana, pues tiene mayor concentración de la hormona hCG (Gonadotropina Coriónica Humana). Suplementos / Complementos Embarazo",,false_no_registro_sanitario,,
Inkafarma,Endulzante Splenda Polvo Sobre - Caja 200 UN,Endulzante Splenda Polvo Sobre - Caja 200 UN,,63.30,PEN,available,https://inkafarma.pe/producto/endulzante-splenda-polvo-sobre/012342,012342,SPLENDA,algolia_public_search,2026-06-08T01:09:27.566697+00:00,,Este producto es distribuido por Inretail Pharma S.A. (Ley 32033) Dietas Suplementos Nutricionales Nutrición Deportiva Fitness y Deportivos Suplementos Dietéticos Dietéticos Edulcorante,,false_no_registro_sanitario,,
Inkafarma,Nutrigel 2.0® polvo para solución oral,Nutrigel 2.0® polvo para solución oral,,168.00,PEN,available,https://inkafarma.pe/producto/colageno-nutrigel-2-0-polvo-sobre/012251,012251,NUTRIGEL,algolia_public_search,2026-06-08T01:09:27.566820+00:00,,Colágeno Hidrolizado 10g Este producto es distribuido por Inretail Pharma S.A. (Ley 32033) Suplementos Nutricionales Suplementos y Vitaminas Busca tu Marca de Colágeno Ideal Colágenos,,false_no_registro_sanitario,,
Inkafarma,Ensure Polvo Sabor Vainilla,Ensure Polvo Sabor Vainilla,,83.00,PEN,available,https://inkafarma.pe/producto/ensure-polvo-sabor-vainilla/011672,011672,ENSURE,algolia_public_search,2026-06-08T01:09:27.567078+00:00,,"Este producto es distribuido por Inretail Pharma S.A. (Ley 32033) Bienvenidos a un mundo de seguridad, nutrición, suplementación y cuidado que cubre todas las necesidades alimenticias del adulto mayor. Los productos Ensure fueron diseñados especialmente para ayudarte a obtener todos los nutrientes necesarios que tanto necesitas, como las vitaminas, minerales, proteínas y grasas. Recupera tu fuerza, protégete y vive seguro con Ensure. Alimentación y nutrición para el adulto mayor con Ensure Indicado para sustituir temporalmente o suplementar la alimentación habitual, en el restablecimiento o el soporte de un estado nutricional normal. Nutrición Pensada en ti y tu Familia Suplementos / Complementos Suplementos Nutricionales Nutrición Adulto Adultos Adulto Geriátricos Ensure",,false_no_registro_sanitario,,
Inkafarma,Propoleo Solución Spray Helty - Frasco 120 ML,Propoleo Solución Spray Helty - Frasco 120 ML,,19.90,PEN,available,https://inkafarma.pe/producto/propoleo-solucion-spray-helty/011348,011348,HELTY,algolia_public_search,2026-06-08T01:09:27.567202+00:00,,Este producto es distribuido por Inretail Pharma S.A. (Ley 32033) Sistema Locomotor Suplementos Nutricionales Antiinflamatorios naturales Naturales,,false_no_registro_sanitario,,
Inkafarma,Propóleo Jarabe Vid Natur - Frasco 200 ML,Propóleo Jarabe Vid Natur - Frasco 200 ML,,26.90,PEN,available,https://inkafarma.pe/producto/propoleo-jarabe-vid-natur/010919,010919,VID NATUR,algolia_public_search,2026-06-08T01:09:27.567626+00:00,,Este producto es distribuido por Inretail Pharma S.A. (Ley 32033) Sistema Locomotor Suplementos Nutricionales Antiinflamatorios naturales Naturales,,false_no_registro_sanitario,,
Inkafarma,Cefasabal Polvo 400g - Lata 400 G,Cefasabal Polvo 400g - Lata 400 G,,85.00,PEN,available,https://inkafarma.pe/producto/cefasabal-polvo-400g/009959,009959,HERSIL,algolia_public_search,2026-06-08T01:09:27.568037+00:00,,Este producto es distribuido por Inretail Pharma S.A. (Ley 32033) Indicado para fortalece la salud de las vías urinarias. Sistema Urinario Suplementos Nutricionales Antiprostáticos Naturales,,false_no_registro_sanitario,,
Inkafarma,Té Verde Green Tea Seng Filtrante Sabor Limón,Té Verde Green Tea Seng Filtrante Sabor Limón,,19.90,PEN,available,https://inkafarma.pe/producto/te-verde-green-tea-sen-filtrante-sabor-limon/002872,002872,GREEN TEA,algolia_public_search,2026-06-08T01:09:27.568351+00:00,,"Cada filtrante contiene una mezcla única de plantas naturales: té verde, boldo, alcachofa, stevia, sen y limón. Este producto es distribuido por Inretail Pharma S.A. (Ley 32033) Suplementos Nutricionales Infusiones Naturales Nutrición Deportiva Fitness y Deportivos Suplementos Dietéticos Infusiones Reductores Dietéticos Adelgazantes Naturales",,false_no_registro_sanitario,,
Inkafarma,Pack 02 Gomitas Nutricionales para Adulto Natural Gummies Arándanos,Pack 02 Gomitas Nutricionales para Adulto Natural Gummies Arándanos,,85.00,PEN,available,https://inkafarma.pe/producto/pack-02-gomitas-para-adulto-natural-arandanos/PACKNT722,PACKNT722,NATURAL GUMMIES,algolia_public_search,2026-06-08T01:09:27.572177+00:00,,"Jarabe de Maltitol, Sorbitol, Agua; Gelatina; Eritritol; Extracto de Arándano;Extracto de Cranberry; Ácido Cítrico, SIN (E-330), (9 gr/kg). SaborizanteNatural Arándano. Este producto es distribuido por Inretail Pharma S.A. (Ley 32033) Suplementos y Vitaminas Packs de Nutrición y Bienestar Gomitas Funcionales para Todo",,false_no_registro_sanitario,,
Inkafarma,Pack 02 Gomitas Nutricionales para Adulto Natural Gummies Aguaje + Soya,Pack 02 Gomitas Nutricionales para Adulto Natural Gummies Aguaje + Soya,,84.90,PEN,available,https://inkafarma.pe/producto/pack-02-gomitas-nutricionales-adulto-natural-soya/PACKNT723,PACKNT723,NATURAL GUMMIES,algolia_public_search,2026-06-08T01:09:27.572527+00:00,,"Maltitol líquido, Sorbitol, Agua, Gelatina; Eritritol; Ácido Cítrico,Aguaje (Regulador de acidez); Soya en polvo (textura); ColoranteNatural: Rojo Proveniente del maíz Morado 100 mg/kg SaborizanteNatural. Cereza. Este producto es distribuido por Inretail Pharma S.A. (Ley 32033) Suplementos y Vitaminas Packs de Nutrición y Bienestar Gomitas Funcionales para Todo",,false_no_registro_sanitario,,
Inkafarma,Pack 02 Cúrcuma + Pimienta Negra Natural Gummies Sabor Tutti Fruti,Pack 02 Cúrcuma + Pimienta Negra Natural Gummies Sabor Tutti Fruti,,84.90,PEN,available,https://inkafarma.pe/producto/pack-02-curcuma-pimienta-natural-gummies-tutti/PACKNT720,PACKNT720,NATURAL BUSINESS,algolia_public_search,2026-06-08T01:09:27.572685+00:00,,"Jarabe de Maltitol; Sorbitol; Agua; Eritritol; Ácido Cítrico, Cúrcuma; Pimienta Negra. Saborizante: Tutty Fruty Este producto es distribuido por Inretail Pharma S.A. (Ley 32033) Suplementos y Vitaminas Packs de Nutrición y Bienestar Antiflamatorio y Antiartrósico Gomitas Funcionales para Todo",,false_no_registro_sanitario,,
Inkafarma,Pack 03 Androflam 160 mg Cápsulas Blandas,Pack 03 Androflam 160 mg Cápsulas Blandas,,155.00,PEN,available,https://inkafarma.pe/producto/pack-03-androflam-160-mg-capsulas-blandas/PACKNT321,PACKNT321,SANIMED,algolia_public_search,2026-06-08T01:09:27.574924+00:00,,Cada cápsula blanda contiene: Extracto del aceite de Saw Palmetto (Estandarizado al 85 - 95 % de ácidos grasos totales) 160 mg Este producto es distribuido por Inretail Pharma S.A. (Ley 32033) Sistema Renal/ Reproductor Suplementos Nutricionales Packs de Nutrición y Bienestar Problemas Reproductor Masculino Naturales,,false_no_registro_sanitario,,
Inkafarma,Stevia & Panela Onza Caja x 50 Sobres,Stevia & Panela Onza Caja x 50 Sobres,,16.90,PEN,available,https://inkafarma.pe/producto/stevia-panela-onza-caja-x-50-sobres/073218,073218,ONZA,algolia_public_search,2026-06-08T01:09:27.575427+00:00,,Stevia & Panela Este producto es distribuido por Inretail Pharma S.A. (Ley 32033) Dietas Suplementos Nutricionales Nutrición Deportiva Fitness y Deportivos Suplementos Dietéticos Dietéticos Edulcorante,,false_no_registro_sanitario,,
Inkafarma,Pack 01 Cúrcuma 500mg Lima Naturals + 01 Fenogreco 500mg Lima Naturals,Pack 01 Cúrcuma 500mg Lima Naturals + 01 Fenogreco 500mg Lima Naturals,,81.00,PEN,available,https://inkafarma.pe/producto/pack-1-curcuma-500mg-lima-naturals-1-fenogreco/PACKNT91,PACKNT91,OLEMART,algolia_public_search,2026-06-08T01:09:27.575704+00:00,,"Cúrcuma: Cúrcuma, Pimienta Negra, Kion en polvo. Fenogreco: 100% Fenogreco. Este producto es distribuido por Inretail Pharma S.A. (Ley 32033) Alimentos Naturales Suplementos y Vitaminas Packs de Nutrición y Bienestar Antiflamatorio y Antiartrósico Otros Alimentos Naturales",,false_no_registro_sanitario,,
Inkafarma,Pack 02 Mujer Aguaje Colágeno Hidrolizado Camu Camu,Pack 02 Mujer Aguaje Colágeno Hidrolizado Camu Camu,,99.80,PEN,available,https://inkafarma.pe/producto/pack-2-mujer-aguaje-colageno-hidrolizado-camu-camu/PACKNT498,PACKNT498,MUJER AGUAJE,algolia_public_search,2026-06-08T01:09:27.722285+00:00,,Este producto es distribuido por Inretail Pharma S.A. (Ley 32033) Suplementos Nutricionales Packs de Nutrición y Bienestar Colágenos,,false_no_registro_sanitario,,
Inkafarma,Pack Té Verde Green Tea Seng Filtrante Sabor Limón,Pack Té Verde Green Tea Seng Filtrante Sabor Limón,,59.70,PEN,available,https://inkafarma.pe/producto/pack-te-verde-green-tea-seng-filtrante-limon/PACKNT41,PACKNT41,GREEN TEA,algolia_public_search,2026-06-08T01:09:27.722826+00:00,,Té Verde |Boldo |Alcachofa |Stevia |Sen | Limón Este producto es distribuido por Inretail Pharma S.A. (Ley 32033) Suplementos Nutricionales Nutrición Deportiva Infusiones Naturales Packs de Nutrición y Bienestar Fitness y Deportivos Suplementos Dietéticos Infusiones Reductores Dietéticos Adelgazantes Naturales,,false_no_registro_sanitario,,
Inkafarma,Pack 02 Colagen Puro Premium,Pack 02 Colagen Puro Premium,,199.80,PEN,available,https://inkafarma.pe/producto/pack-02-colagen-puro-premium/PACKNT343,PACKNT343,FITOSANA,algolia_public_search,2026-06-08T01:09:27.722953+00:00,,Fitosana Colágeno Puro Premium: Colágeno hidrolizado. Este producto es distribuido por Inretail Pharma S.A. (Ley 32033) Suplementos Nutricionales Packs de Nutrición y Bienestar,,false_no_registro_sanitario,,
Inkafarma,Bipack Aceite de Oliva Extra Virgen OLI21,Bipack Aceite de Oliva Extra Virgen OLI21,,31.80,PEN,available,https://inkafarma.pe/producto/bipack-aceite-de-oliva-extra-virgen-oli21/PACKNT251,PACKNT251,OLI 2121,algolia_public_search,2026-06-08T01:09:27.723072+00:00,,Aceite de oliva Este producto es distribuido por Inretail Pharma S.A. (Ley 32033) Suplementos Nutricionales Packs de Nutrición y Bienestar Naturales,,false_no_registro_sanitario,,
Inkafarma,Pack 2 Green Tea Limón,Pack 2 Green Tea Limón,,39.80,PEN,available,https://inkafarma.pe/producto/pack-2-green-tea-limon-/PACKNT170,PACKNT170,GREEN TEA,algolia_public_search,2026-06-08T01:09:27.723217+00:00,,Té Verde |Boldo |Alcachofa |Stevia |Sen | Limón Este producto es distribuido por Inretail Pharma S.A. (Ley 32033) Suplementos Nutricionales Nutrición Deportiva Infusiones Naturales Packs de Nutrición y Bienestar Fitness y Deportivos Suplementos Dietéticos Infusiones Reductores Dietéticos Adelgazantes Naturales,,false_no_registro_sanitario,,
Inkafarma,Flexure MSM Polvo para Solución Oral Sabor Piña Naranja - Caja 30 UN,Flexure MSM Polvo para Solución Oral Sabor Piña Naranja - Caja 30 UN,,229.80,PEN,available,https://inkafarma.pe/producto/flexure-msm-polvo-para-solucion-oral-sabor-pina/425196,425196,FLEXURE,algolia_public_search,2026-06-08T01:09:27.723813+00:00,,Este producto es distribuido por Inretail Pharma S.A. (Ley 32033) Sistema Locomotor Suplementos Nutricionales Articulaciones y huesos Naturales,,false_no_registro_sanitario,,
Inkafarma,Spirulina Mason Natural 500mg Tableta,Spirulina Mason Natural 500mg Tableta,,62.90,PEN,available,https://inkafarma.pe/producto/spirulina-mason-natural-500mg-tableta/085909,085909,MASON NATURAL,algolia_public_search,2026-06-08T01:09:27.725864+00:00,,Cada tableta contiene: Spirulina (polvo) 500mg Este producto es distribuido por Inretail Pharma S.A. (Ley 32033) Vitaminas para Adultos Suplementos Nutricionales Naturales,,false_no_registro_sanitario,,
Inkafarma,Milk Thistle Silimarina Mason Natural 150mg Cápsula,Milk Thistle Silimarina Mason Natural 150mg Cápsula,,99.90,PEN,available,https://inkafarma.pe/producto/milk-thistle-silimarina-mason-natural-150mg-capsula/085908,085908,MASON NATURAL,algolia_public_search,2026-06-08T01:09:27.726001+00:00,,Cada Cápsula contiene: Cardo mariano (Silimarina) 150mg (Silybum marianum) (semillas) (Extracto estandarizado al 80% de Silimarina) Este producto es distribuido por Inretail Pharma S.A. (Ley 32033) Vitaminas para Adultos Suplementos Nutricionales Naturales,,false_no_registro_sanitario,,
Inkafarma,Brownie Proteico MyProtein Chocolate Chip,Brownie Proteico MyProtein Chocolate Chip,,12.00,PEN,available,https://inkafarma.pe/producto/brownie-proteico-myprotein-chocolate-chip/085295,085295,MYPROTEIN,algolia_public_search,2026-06-08T01:09:27.726338+00:00,,Proteína láctea (caseína / concentrado de proteína de leche) Este producto es distribuido por Inretail Pharma S.A. (Ley 32033) Snacks y Piqueos Suplementos / Complementos Piqueos Adulto Chocolates,,false_no_registro_sanitario,,
Inkafarma,Smofkabiven Central Emulsión Para Perfusión,Smofkabiven Central Emulsión Para Perfusión,,381.00,PEN,available,https://inkafarma.pe/producto/smofkabiven-central-emulsion-para-perfusion/073907,073907,FRESENIUS KABI,algolia_public_search,2026-06-08T01:09:27.727401+00:00,,Este producto es distribuido por Inretail Pharma S.A. (Ley 32033) Dietas Suplementos Nutricionales Nutrición Deportiva Fitness y Deportivos Suplementos Dietéticos Dietéticos Otros Productos de Dieta Naturales,,false_no_registro_sanitario,,
Inkafarma,Smofkabiven Periférico Emulsión para Perfusión,Smofkabiven Periférico Emulsión para Perfusión,,350.00,PEN,available,https://inkafarma.pe/producto/smofkabiven-periferico-emulsion-para-perfusion/073905,073905,FRESENIUS KABI,algolia_public_search,2026-06-08T01:09:27.727544+00:00,,Este producto es distribuido por Inretail Pharma S.A. (Ley 32033) Dietas Suplementos Nutricionales Nutrición Deportiva Fitness y Deportivos Suplementos Dietéticos Dietéticos Otros Productos de Dieta Naturales,,false_no_registro_sanitario,,
Inkafarma,Feveny 0.625 MG/G Crema Vaginal,Feveny 0.625 MG/G Crema Vaginal,,72.50,PEN,available,https://inkafarma.pe/producto/feveny-0-625-mg-g-crema-vaginal/030609,030609,XINJIANG NUZILINE BIO PHARMACEUTICAL,algolia_public_search,2026-06-08T01:09:27.728767+00:00,,Estrógenos conjugados 0.625 mg Este producto es distribuido por Inretail Pharma S.A. (Ley 32033) Suplementos Nutricionales Cuidado de la Mujer Antimenospausico Naturales,,false_no_registro_sanitario,,
Inkafarma,Chalina Polar Geriaplus Promoción,Chalina Polar Geriaplus Promoción,,19.90,PEN,available,https://inkafarma.pe/producto/chalina-polar-geriaplus-promocion/029958,029958,GERIAPLUS,algolia_public_search,2026-06-08T01:09:27.728972+00:00,,"Este producto es distribuido por Inretail Pharma S.A. (Ley 32033) Bienvenidos a un mundo de seguridad, suplementación y cuidado que cubre todas las necesidades alimenticias del adulto mayor. Los productos Geriaplus fueron diseñados especialmente para ayudarte a recuperar tu fuerza y vitalidad que necesitas. Mejoras tus defensas y siéntete bien en tu vida cotidiana con Geriaplus. Protección y cuidado con Geriaplus Chalina Polar Chalina en promoción con Geriaplus. Suplementos / Complementos Nutrición Adulto Adulto",,false_no_registro_sanitario,,
Inkafarma,Prost Lite Con Achiote & Graviola 100 unidades 500mg,Prost Lite Con Achiote & Graviola 100 unidades 500mg,,26.00,PEN,available,https://inkafarma.pe/producto/prost-lite-con-achiote-graviola-100-unidades-500mg/1766178881700,1766178881700,GENÉRICO,algolia_public_search,2026-06-08T01:09:27.729936+00:00,,"Prost Lite con Achiote & Graviola – 100 unidades – 500 mg Suplemento natural en cápsulas con achiote y graviola, formulado para apoyar la salud de la próstata y el sistema urinario masculino. Beneficios: - Ayuda a mantener el buen funcionamiento de la próstata. - Contribuye a reducir la inflamación prostática. - Favorece el flujo urinario y alivia molestias al orinar. - Contiene antioxidantes que protegen las células del daño oxidativo. Modo de consumo: Tomar 1 cápsula antes de cada comida, 3 veces al día. Almacenamiento: Conservar en lugar fresco, seco y protegido de la luz directa. Suplementos Nutricionales Adultos",,false_no_registro_sanitario,,
Inkafarma,Chanca Piedra Formula Avanzada 100 unidades 500mg,Chanca Piedra Formula Avanzada 100 unidades 500mg,,26.00,PEN,available,https://inkafarma.pe/producto/chanca-piedra-formula-avanzada-100-unidades-500mg/1766178875131,1766178875131,GENÉRICO,algolia_public_search,2026-06-08T01:09:27.730154+00:00,,"Chanca Piedra – 100 unidades - 500mg Mezcla en polvo a base de harina instantánea de alcachofa, chanca piedra y cola de caballo. BENEFICIOS: Interviene en la limpieza del hígado. Ayuda a regular los cálculos en el riñón. Cumple la función de diurético. MODO DE CONSUMO: Consumir 1 unidad antes de cada comida del día. ALMACENAMIENTO: Guardar en un lugar fresco y seco. Suplementos Nutricionales Adultos",,false_no_registro_sanitario,,
Inkafarma,Chanca Piedra Formula Avanzada 100 unidades 500mg,Chanca Piedra Formula Avanzada 100 unidades 500mg,,26.00,PEN,available,https://inkafarma.pe/producto/chanca-piedra-formula-avanzada-100-unidades-500mg/1757216258565,1757216258565,GENÉRICO,algolia_public_search,2026-06-08T01:09:27.730393+00:00,,"Chanca Piedra – 100 unidades - 500mg Mezcla en polvo a base de harina instantánea de alcachofa, chanca piedra y cola de caballo. BENEFICIOS: Interviene en la limpieza del hígado. Ayuda a regular los cálculos en el riñón. Cumple la función de diurético. MODO DE CONSUMO: Consumir 1 unidad antes de cada comida del día. ALMACENAMIENTO: Guardar en un lugar fresco y seco. Suplementos Nutricionales Naturales",,false_no_registro_sanitario,,
Inkafarma,Cardo Mariano Formula Avanzada 100 unidades 500mg,Cardo Mariano Formula Avanzada 100 unidades 500mg,,26.00,PEN,available,https://inkafarma.pe/producto/cardo-mariano-formula-avanzada-100-unidades-500mg/1756502629654,1756502629654,GENÉRICO,algolia_public_search,2026-06-08T01:09:27.730610+00:00,,"Cardo Mariano – 100 unidades – 500mg Suplemento nutricional para el cuidado del hígado. INGREDIENTES: Cardo mariano, moringa y alcachofa. BENEFICIOS: Reduce malestares digestivos. Refuerza el funcionamiento del hígado. Protege el sistema inmunológico. MODO DE CONSUMO: Consumir 1 unidad antes de cada comida del día. ALMACENAMIENTO: Guardar en un lugar fresco y seco. Suplementos Nutricionales Naturales",,false_no_registro_sanitario,,
Inkafarma,Tocosh Formula Avanzada 100 unidades 500mg,Tocosh Formula Avanzada 100 unidades 500mg,,26.00,PEN,available,https://inkafarma.pe/producto/tocosh-formula-avanzada-100-unidades-500mg/1756502627203,1756502627203,GENÉRICO,algolia_public_search,2026-06-08T01:09:27.730886+00:00,,"Tocosh Fórmula Avanzada – 100 unidades c/u – 500 mg FITOCENTER Descripción: Suplemento natural elaborado a base de tocosh en polvo, tradicionalmente usado en los Andes por sus beneficios digestivos, inmunológicos y energizantes. Beneficios: Mejora la salud digestiva y ayuda en casos de gastritis. Refuerza el sistema inmunológico naturalmente. Favorece la regeneración celular. Aporta energía y vitalidad de forma natural. Modo de consumo: Tomar 1 cápsula antes de cada comida, tres veces al día. Almacenamiento: Conservar en lugar fresco, seco y protegido de la luz directa. Suplementos Nutricionales Naturales",,false_no_registro_sanitario,,
Inkafarma,VINAGRE DE MANZANA y AGUALE BBL EN GOMITAS PARA ADULTOS,VINAGRE DE MANZANA y AGUALE BBL EN GOMITAS PARA ADULTOS,,65.90,PEN,available,https://inkafarma.pe/producto/vinagre-de-manzana-y-aguale-bbl-en-gomitas-para-adultos/1757214841284,1757214841284,GENÉRICO,algolia_public_search,2026-06-08T01:09:27.731597+00:00,,"VINAGRE DE MANZANA + AGUALE BBL EN GOMITAS PARA ADULTOS VINAGRE DE MANZANA: -Se usa para reducir la obesidad e incrementar el rendimiento deportivo. -Ingredientes: té verde, vinagre de manzana y garcinia cambogia. AGUAJE BBL: - El aguaje tiene tohormonas que estimulan la producción de estrógenos. - Fenogreco ayuda a aumentar la cantidad de estrógenos en el cuerpo y puede aumentar el volumen de tu Busto/ glúteos / caderas. Suplementos Nutricionales Adultos",,false_no_registro_sanitario,,
Inkafarma,Alphaman - pack x6 - aumenta tu potencia,Alphaman - pack x6 - aumenta tu potencia,,382.00,PEN,available,https://inkafarma.pe/producto/alphaman-pack-x6-aumenta-tu-potencia/1756761676349,1756761676349,GENÉRICO,algolia_public_search,2026-06-08T01:09:27.731866+00:00,,"Con Alphaman aumenta tu potencia. Los aminoácidos grasos contenidos en la maca son un estimulante de gran potencia. Los ingredientes activos contribuyen a un mejor flujo sanguíneo. Componentes : * Huanarpo Macho * Maca Negra * Algarrobo * Malta Modo de Uso : Se recomienda tomar dos cápsulas al día, la primera cápsula 30 minutos antes del desayuno, la segunda cápsula 30 minutos antes del almuerzo. Se recomienda evitar consumir alcohol, evitar fumar y beber al menos 2 litros de agua al día Envíos a todo el Perú Promociones Marketplace Suplementos Nutricionales Adultos Los Mejores Productos para tu Salud",,false_no_registro_sanitario,,
Inkafarma,Zeaxan 6 Pack Cuidado para Tu Salud Ocular,Zeaxan 6 Pack Cuidado para Tu Salud Ocular,,382.00,PEN,available,https://inkafarma.pe/producto/zeaxan-6-pack-cuidado-para-tu-salud-ocular/1699998593975,1699998593975,ZEAXAN,algolia_public_search,2026-06-08T01:09:27.733706+00:00,,"Zeaxan apoya la salud ocular, protege el cansancio ocular del medio ambiente agresivo. Actúa como un poderoso antioxidante al neutralizar los radicales libres inducidos por la luz que destruyen las células sensibles del ojo Composición : * Manzanilla * Zanahoria * Arándanos * Ginkgo Biloba * Espinaca * Hinojos Beneficios : * Mantiene los ojos debidamente lubricados aliviando el enrojecimiento o hinchazón, sequedad ocular, así como el escozor, la sensación de carga y pesadez incluso en los párpados * Anula la sensación de arenilla o cuerpo extraño, aliviando pinchazos en los ojos y/o dolor moderado * Por su acción lubricadora y antiinflamatoria evitan la sensibilidad a la luz, visión borrosa, doble o pérdida de nitidez y estabilidad de la misma, siempre de carácter temporal * Al tener una vista sana y debidamente cuidada aliviará los dolores de cabeza, cuello, hombros y espalda ocasionados por el esfuerzo visual, así como la reducción de ojeras y bolsas bajo el párpado Modo de Uso : Dos cápsulas al día, la primera 30 minutos antes del desayuno, la segunda 30 minutos antes del almuerzo. Se recomienda evitar consumir alcohol, evitar fumar y beber al menos 2 litros de agua al día Promociones Marketplace Suplementos Nutricionales Los Mejores Productos para tu Salud Naturales",,false_no_registro_sanitario,,
Inkafarma,PROTEÍNA SOJA COMPLEX 1.5 KG UNIVERSE COOKIES NUTRITION MÁS OBSEQUIO,PROTEÍNA SOJA COMPLEX 1.5 KG UNIVERSE COOKIES NUTRITION MÁS OBSEQUIO,,64.90,PEN,available,https://inkafarma.pe/producto/proteina-soja-complex-1-5-kg-universe-cookies-nutrition-mas-obsequio/1758220325571,1758220325571,UNIVERSE NUTRITION,algolia_public_search,2026-06-08T01:09:27.734656+00:00,,"SOJA COMPLEX SOJA COMPLEX es una buena fuente vegetal de proteínacompleta de alta calidad que tiene un excelente perfil de aminoácidos. Losproductos de soya, incluida la proteína de soya, contienen fitoestrógenosnaturales y proteínas beneficiosas como la genisteína y la daidzeína. Asegúresede obtener los componentes básicos para mantener una buena salud con SOJACOMPLEX. Instrucciones · Agregue un scoop deSOJA COMPLEX a un vaso o shaker lleno con 300 ml de agua fría, o su bebidafavorita. · A continuación,mezclar durante unos 30 segundos o hasta que se haya disuelto completamente. Advertencia · No administrar enmujeres embarazadas, mujeres en etapa de lactancia. · No utilizar enregímenes alimentarios estrictos sin supervisión profesional. · Proteger del calor,la luz y la humedad. · Almacenar de 15° –30° C. Presentaciones: 1.5 Kg. Sabores: Chocolate, Vainilla,Cookies & Cream. Suplementos Nutricionales Deportivos",,false_no_registro_sanitario,,
Inkafarma,Soja Complex 1.5 kg UN - Cookies Proteína de Soya,Soja Complex 1.5 kg UN - Cookies Proteína de Soya,,64.90,PEN,available,https://inkafarma.pe/producto/soja-complex-1-5-kg-un-cookies-proteina-de-soya/1758220323599,1758220323599,UNIVERSE NUTRITION,algolia_public_search,2026-06-08T01:09:27.735122+00:00,,"SOJA COMPLEX SOJA COMPLEX es una buena fuente vegetal de proteínacompleta de alta calidad que tiene un excelente perfil de aminoácidos. Losproductos de soya, incluida la proteína de soya, contienen fitoestrógenosnaturales y proteínas beneficiosas como la genisteína y la daidzeína. Asegúresede obtener los componentes básicos para mantener una buena salud con SOJACOMPLEX. Instrucciones · Agregue un scoop deSOJA COMPLEX a un vaso o shaker lleno con 300 ml de agua fría, o su bebidafavorita. · A continuación,mezclar durante unos 30 segundos o hasta que se haya disuelto completamente. Advertencia · No administrar enmujeres embarazadas, mujeres en etapa de lactancia. · No utilizar enregímenes alimentarios estrictos sin supervisión profesional. · Proteger del calor,la luz y la humedad. · Almacenar de 15° –30° C. Presentaciones: 1.5 Kg. Sabores: Chocolate, Vainilla,Cookies & Cream. Suplementos Nutricionales Deportivos",,false_no_registro_sanitario,,
Inkafarma,Soja Complex 1.5 kg UN Vainilla + Tomatodo,Soja Complex 1.5 kg UN Vainilla + Tomatodo,,64.90,PEN,available,https://inkafarma.pe/producto/soja-complex-1-5-kg-un-vainilla-tomatodo/1758212888407,1758212888407,UNIVERSE NUTRITION,algolia_public_search,2026-06-08T01:09:27.735925+00:00,,"SOJA COMPLEX SOJA COMPLEX es una buena fuente vegetal de proteínacompleta de alta calidad que tiene un excelente perfil de aminoácidos. Losproductos de soya, incluida la proteína de soya, contienen fitoestrógenosnaturales y proteínas beneficiosas como la genisteína y la daidzeína. Asegúresede obtener los componentes básicos para mantener una buena salud con SOJACOMPLEX. Instrucciones · Agregue un scoop deSOJA COMPLEX a un vaso o shaker lleno con 300 ml de agua fría, o su bebidafavorita. · A continuación,mezclar durante unos 30 segundos o hasta que se haya disuelto completamente. Advertencia · No administrar enmujeres embarazadas, mujeres en etapa de lactancia. · No utilizar enregímenes alimentarios estrictos sin supervisión profesional. · Proteger del calor,la luz y la humedad. · Almacenar de 15° –30° C. Presentaciones: 1.5 Kg. Sabores: Chocolate, Vainilla,Cookies & Cream. Suplementos Nutricionales Deportivos",,false_no_registro_sanitario,,
Inkafarma,Curcuma Jengibre y Pimienta Negra 100 capsulas - NATURAL MEDIX,Curcuma Jengibre y Pimienta Negra 100 capsulas - NATURAL MEDIX,,26.00,PEN,available,https://inkafarma.pe/producto/curcuma-jengibre-y-pimienta-negra-100-capsulas-natural-medix/1756502391007,1756502391007,GENÉRICO,algolia_public_search,2026-06-08T01:09:27.739099+00:00,,"Cúrcuma, Jengibre y Pimienta Negra 100 cápsulas – NATURAL MEDIX Ideal para: Personas que buscan fortalecer su sistema inmunológico, reducir la inflamación y mejorar la digestión de forma natural, especialmente aquellas con molestias articulares o digestivas. Beneficios: - Combina cúrcuma, jengibre y pimienta negra para potenciar la acción antiinflamatoria. - Ayuda a aliviar dolores articulares y musculares. - Favorece una mejor digestión y combate la acidez o hinchazón. - Refuerza el sistema inmunológico y protege contra enfermedades. - La pimienta negra mejora la absorción de la cúrcuma para mayor eficacia. Modo de uso: Tomar 2 cápsulas al día, preferiblemente con alimentos o según indicación de un profesional de la salud. Advertencia: No exceder la dosis recomendada. No se recomienda su uso en mujeres embarazadas o en periodo de lactancia sin supervisión médica. Mantener fuera del alcance de los niños. Conservar en lugar fresco y seco. Suplementos Nutricionales Naturales",,false_no_registro_sanitario,,
Inkafarma,Proteína Lab Nutrition Hidrolizada 2LB - Vainilla,Proteína Lab Nutrition Hidrolizada 2LB - Vainilla,,195.00,PEN,available,https://inkafarma.pe/producto/Proteína-Lab-Nutrition-Hidrolizada-2LB---Vainilla/1762898577445,1762898577445,LAB NUTRITION USA,algolia_public_search,2026-06-08T01:09:27.740711+00:00,,"La Proteína Hidrolizada de Lab Nutrition está formulada para ofrecer una digestión ultra rápida y una absorción eficiente, ideal para maximizar la recuperación muscular después del entrenamiento. Gracias a su proceso de hidrólisis, los péptidos se absorben rápidamente, lo que la hace perfecta para personas con digestión sensible o que buscan resultados inmediatos. Disponible en sabores vainilla y chocolate, y presentaciones de 2LB y 5LB, esta proteína premium es ideal para atletas exigentes que no comprometen calidad. Suplementos Nutricionales Deportivos",,false_no_registro_sanitario,,
Inkafarma,Mass Gainer Universe Nutrition Bigm 5kg Cookies Cream,Mass Gainer Universe Nutrition Bigm 5kg Cookies Cream,,149.90,PEN,available,https://inkafarma.pe/producto/mass-gainer-universe-nutrition-bigm-5kg-cookies-cream/1770123229457,1770123229457,UNIVERSE NUTRITION,algolia_public_search,2026-06-08T01:09:27.743725+00:00,,"BIGM BIGM ayuda en su objetivo para optimizar larecuperación y aumentar la masa muscular, con altas dosis de proteínas,carbohidratos y calorías para la construcción de masa, BIGM seguramente loayudará a comenzar a ver aumentos en su musculatura y consecuentemente. Cada servicio proporciona una gran cantidad deproteínas, carbohidratos, vitaminas y minerales para aumentar la cantidad queestá obteniendo a través de una dieta equilibrada de alimentos Usos Sugeridos Ideal para personas que deseen mantener o subir (periodode volumen), tanto para hombres, mujeres, atletas de alto rendimiento físico, entreotros. Instrucciones Consumir un servicio de BIGM a media mañana, a mediatarde o en cualquier momento del día donde su ingesta de proteína sea baja;consumir una segunda toma 30 o 40 minutos después del ejercicio. Para un delicioso batido de proteína, mezcle unservicio de BIGM, en 400ml de agua fría, en un shaker o coctelera. La proteínapuede generar espuma después de la mezcla. Presentaciones: Caja 10 Unid /2 Kg. Suplementos Nutricionales Deportivos",,false_no_registro_sanitario,,
Inkafarma,PROTEÍNA BIGM 5KG UNIVERSE NUTRITION CHOCOLATE MÁS SHAKER,PROTEÍNA BIGM 5KG UNIVERSE NUTRITION CHOCOLATE MÁS SHAKER,,149.90,PEN,available,https://inkafarma.pe/producto/proteina-bigm-5kg-universe-nutrition-chocolate-mas-shaker/1758220253201,1758220253201,UNIVERSE NUTRITION,algolia_public_search,2026-06-08T01:09:27.744296+00:00,,"BIGM BIGM ayuda en su objetivo para optimizar larecuperación y aumentar la masa muscular, con altas dosis de proteínas,carbohidratos y calorías para la construcción de masa, BIGM seguramente loayudará a comenzar a ver aumentos en su musculatura y consecuentemente en supeso. Cada servicio proporciona una gran cantidad deproteínas, carbohidratos, vitaminas y minerales para aumentar la cantidad queestá obteniendo a través de una dieta equilibrada de alimentos. Usos Sugeridos Ideal para personas que deseen mantener o subir supeso (periodo de volumen), tanto para hombres, mujeres, atletas de alto rendimientofísico, entre otros. Instrucciones Consumir un servicio de BIGM a media mañana, a mediatarde o en cualquier momento del día donde su ingesta de proteína sea baja;consumir una segunda toma 30 o 40 minutos después del ejercicio. Para un delicioso batido de proteína, mezcle unservicio de BIGM, en 400ml de agua fría, en un shaker o coctelera. La proteínapuede generar espuma después de la mezcla. Advertencia · No administrar enmujeres embarazadas, mujeres en etapa de lactancia. · No utilizar en regímenesalimentarios estrictos sin supervisión profesional. · Proteger del calor,la luz y la humedad. · Almacenar de 15° –30° C. Presentaciones: 2 Kg. / 3 Kg. / 5 Kg. Sabores: Chocolate, Vainilla,Cookies & Cream Suplementos Nutricionales Deportivos",,false_no_registro_sanitario,,
Inkafarma,Bioprost con Uña de Gato,Bioprost con Uña de Gato,,174.00,PEN,available,https://inkafarma.pe/producto/bioprost-con-una-de-gato/1689047687916,1689047687916,GENERICO,algolia_public_search,2026-06-08T01:09:27.745652+00:00,,"Bioprost Limpia el sistema urogenital Mejora el sistema urinario y ayuda a la desinflamación prostática Alivia el dolor o sensación de ardor al orinar Fortalece el sistema inmune Optimiza el rendimiento físico 1 frasco alcanza para 10 días. Modo de Uso: Se recomienda tomar 2 capsulas al día, la primera por la mañana antes del desayuno y la segunda cápsula por la tarde antes del almuerzo. Se recomienda evitar consumir de alcohol, evitar fumar y beber como al menos 2 litros de agua al día. Nutrición Vitaminas y Suplementos Otras vitaminas y suplementos",,false_no_registro_sanitario,,
Inkafarma,Alphaman Potencializador Nutraceútico,Alphaman Potencializador Nutraceútico,,174.00,PEN,available,https://inkafarma.pe/producto/alphaman-potencializador-nutraceutico/1689023326399,1689023326399,GENERICO,algolia_public_search,2026-06-08T01:09:27.745997+00:00,,"Alphaman Es un suplemento 100% natural, no contiene ningún componente químico. Por lo tanto no produce alergia, no tiene ninguna contraindicación y tampoco provoca efectos secundarios en el organismo. Composición: Huanarpo Macho Maca Negra Algarrobo Malta Beneficios: Aumenta la potencia, las ánimas de ácidos grasos contenidas en la maca son un estimulante de gran potencia. Los ingredientes activos contribuyen al flujo sanguíneo hacia el miembro; el coito se vuelve más duradero y el orgasmo increíble. Acelera el crecimiento de los tejidos. Normaliza y estimula la producción de testosterona. Mejora el suministro de oxígeno y la circulación sanguínea al miembro y otros órganos. Sugerencia de uso: Tomar 1 cápsula por la mañana en ayunas 30 minutos antes del desayuno y 1 cápsula por la tarde 30 minutos antes del almuerzo. Se recomienda evitar el consumo de alcohol, evitar fumar y beber como mínimo 2 litros de agua como mínimo al día. Nutrición Vitaminas y Suplementos Otras vitaminas y suplementos",,false_no_registro_sanitario,,
Inkafarma,Glyconorm 5 Pack Alivia y Controla Síntomas de Diabetes,Glyconorm 5 Pack Alivia y Controla Síntomas de Diabetes,,370.00,PEN,available,https://inkafarma.pe/producto/glyconorm-5-pack-alivia-y-controla-sintomas-de-diabetes/1699906345017,1699906345017,Glyconorm,algolia_public_search,2026-06-08T01:09:27.746415+00:00,,"Glyconorm está indicado para aliviar y controlar los síntomas de la diabetes para de esta manera mejorar su salud de manera natural. Los ingredientes activos de Glyconorm regulan los niveles de azúcar en la sangre en caso de trastornos del metabolismo de la glucosa. Composición : *Alcachofa *Yacón *Cúrcuma *Cuti Cuti *Pasuchaca Beneficios : * Reduce la concentración de glucosa en la sangre * Limpia las paredes de los vasos sanguíneos de los depósitos de colesterol * Reduce el apetito y los antojos de dulces al afectar las papilas gustativas, lo que facilita la dieta * Combaten eficazmente los síntomas molestos de la diabetes * Apoya en la formación de su propia insulina en el organismo, ayudando en el trabajo del páncreas * Acelera el metabolismo, elimina las causas del desequilibrio en el cuerpo, previene y trata la diabetes mellitus * Estabilizan el equilibrio agua-sal, mejoran el metabolismo de los carbohidratos y las grasas en los tejidos Modo de Uso : Dos cápsulas al día, la primera media hora antes del desayuno, la segunda media hora antes del almuerzo. Se recomienda evitar el consumo de alcohol, evitar fumar y beber al menos dos litros de agua al día. Promociones Marketplace Suplementos Nutricionales Los Mejores Productos para tu Salud Naturales",,false_no_registro_sanitario,,
Inkafarma,Gomitas BBL Aguaje con Fenogreco - 130 gomitas Sottcor Labs,Gomitas BBL Aguaje con Fenogreco - 130 gomitas Sottcor Labs,,45.00,PEN,available,https://inkafarma.pe/producto/gomitas-bbl-aguaje-con-fenogreco-130-gomitas-sottcor-labs/1757698179992,1757698179992,GENÉRICO,algolia_public_search,2026-06-08T01:09:27.746807+00:00,,"Gomitas de Aguaje BBL – Sottcor Labs - 130 gomitas Suplemento formulado a base de aguaje natural, fuente rica en fitoestrógenos vegetales. Estas gomitas están diseñadas para apoyar el equilibrio hormonal femenino, contribuir al bienestar general y potenciar rasgos físicos asociados con la feminidad. Características principales: 130 gomitas por envase Extracto de aguaje de alta calidad Aporte natural de fitoestrógenos Libre de gluten y colorantes artificiales Sabor agradable y fácil de consumir Beneficios: Favorece el equilibrio hormonal en mujeres Apoya la salud de piel, cabello y uñas Puede contribuir al desarrollo de curvas femeninas Mejora el bienestar durante el ciclo menstrual Ideal para consumir de forma práctica y diaria Modo de uso: Consumir 2 a 3 gomitas al día, preferiblemente junto a las comidas. No exceder la dosis recomendada. Suplementos Nutricionales Deportivos",,false_no_registro_sanitario,,
Inkafarma,Pack de 2 Chanca Piedra Formula Avanzada 100 unidades 500mg,Pack de 2 Chanca Piedra Formula Avanzada 100 unidades 500mg,,42.00,PEN,available,https://inkafarma.pe/producto/pack-de-2-chanca-piedra-formula-avanzada-100-unidades-500mg/1766178877446,1766178877446,GENÉRICO,algolia_public_search,2026-06-08T01:09:27.747030+00:00,,"Chanca Piedra – 100 unidades - 500mg Mezcla en polvo a base de harina instantánea de alcachofa, chanca piedra y cola de caballo. BENEFICIOS: Interviene en la limpieza del hígado. Ayuda a regular los cálculos en el riñón. Cumple la función de diurético. MODO DE CONSUMO: Consumir 1 unidad antes de cada comida del día. ALMACENAMIENTO: Guardar en un lugar fresco y seco. Suplementos Nutricionales Adultos",,false_no_registro_sanitario,,
Inkafarma,Pack de 2 Cardo Mariano Formula Avanzada 100 unidades 500mg,Pack de 2 Cardo Mariano Formula Avanzada 100 unidades 500mg,,42.00,PEN,available,https://inkafarma.pe/producto/pack-de-2-cardo-mariano-formula-avanzada-100-unidades-500mg/1766178875125,1766178875125,GENÉRICO,algolia_public_search,2026-06-08T01:09:27.747230+00:00,,"Cardo Mariano – 100 unidades – 500mg Suplemento nutricional para el cuidado del hígado. INGREDIENTES: Cardo mariano, moringa y alcachofa. BENEFICIOS: Reduce malestares digestivos. Refuerza el funcionamiento del hígado. Protege el sistema inmunológico. MODO DE CONSUMO: Consumir 1 unidad antes de cada comida del día. ALMACENAMIENTO: Guardar en un lugar fresco y seco. Suplementos Nutricionales Adultos",,false_no_registro_sanitario,,
Inkafarma,Pack de 2 Cardo Mariano Formula Avanzada 100 unidades 500mg,Pack de 2 Cardo Mariano Formula Avanzada 100 unidades 500mg,,42.00,PEN,available,https://inkafarma.pe/producto/pack-de-2-cardo-mariano-formula-avanzada-100-unidades-500mg/1757216252084,1757216252084,GENÉRICO,algolia_public_search,2026-06-08T01:09:27.747426+00:00,,"Cardo Mariano – 100 unidades – 500mg Suplemento nutricional para el cuidado del hígado. INGREDIENTES: Cardo mariano, moringa y alcachofa. BENEFICIOS: Reduce malestares digestivos. Refuerza el funcionamiento del hígado. Protege el sistema inmunológico. MODO DE CONSUMO: Consumir 1 unidad antes de cada comida del día. ALMACENAMIENTO: Guardar en un lugar fresco y seco. Suplementos Nutricionales Naturales",,false_no_registro_sanitario,,
Inkafarma,Pack de 2 Cúrcuma Formula Avanzada 100 unidades 500mg,Pack de 2 Cúrcuma Formula Avanzada 100 unidades 500mg,,42.00,PEN,available,https://inkafarma.pe/producto/pack-de-2-curcuma-formula-avanzada-100-unidades-500mg/1756502657198,1756502657198,GENÉRICO,algolia_public_search,2026-06-08T01:09:27.747640+00:00,,"Cúrcuma – 100 unidades – 500mg Suplemento nutricional a base de cúrcuma. BENEFICIOS: Actúa como antiinflamatorio natural. Reduce los malestares estomacales. MODO DE CONSUMO: Consumir 1 unidad antes de cada comida del día. ALMACENAMIENTO: Guardar en un lugar fresco y seco. Presentaciones: Pote de 300g, sobre de 200g y 30 sachets de 8g. Suplementos Nutricionales Naturales",,false_no_registro_sanitario,,
Inkafarma,Gomitas Adultos Vinagre de Manzana Sottcor 130 Gomitas,Gomitas Adultos Vinagre de Manzana Sottcor 130 Gomitas,,32.00,PEN,available,https://inkafarma.pe/producto/gomitas-adultos-vinagre-de-manzana-sottcor-130-gomitas/1766176619920,1766176619920,GENÉRICO,algolia_public_search,2026-06-08T01:09:27.748100+00:00,,"Se usa para reducir la obesidad. Los cálculos renales. El té verde ayuda a acelerar nuestro metabolismo y aumenta la quema de calorías y grasa necesaria para bajar de peso. A la garcinia cambogia se le atribuyen propiedades de aumentar la utilización de grasas como fuente energética. Ingredientes: Gelatina, glucosa, miel de abeja, azúcar, almidón, pectina, agua, panela, vinagre de manzana, garcinia cambogia, ácido cítrico, sabor manzana, sorbato de potasio, glucósido de esteviol, colorante: carmín (SIN 120). Suplementos Nutricionales Adultos",,false_no_registro_sanitario,,
Inkafarma,GOMITAS DE VALERIANA PARA ADULTOS 130 UNIDADES SOTTCOR 100GR,GOMITAS DE VALERIANA PARA ADULTOS 130 UNIDADES SOTTCOR 100GR,,32.00,PEN,available,https://inkafarma.pe/producto/gomitas-de-valeriana-para-adultos-130-unidades-sottcor-100gr/1756501429561,1756501429561,GENÉRICO,algolia_public_search,2026-06-08T01:09:27.748393+00:00,,GOMITAS DE VALERIANA PARA ADULTOS 130 UNIDADES – SOTTCOR 100GR Ideal para: Adultos que buscan mejorar la calidad del sueño y reducir el estrés de manera natural y agradable. Beneficios: - Favorecen un sueño reparador y natural - Ayudan a reducir la ansiedad y el estrés - Presentación en gomitas fáciles y agradables de consumir - Fórmula segura y adecuada para uso diario Modo de uso: Tomar 1 a 2 gomitas antes de dormir. No exceder la dosis recomendada. Advertencia: Uso exclusivo para adultos. No conducir ni manejar maquinaria pesada después de su consumo. Consultar al médico si está bajo tratamiento. Mantener fuera del alcance de los niños. Suplementos Nutricionales Naturales,,false_no_registro_sanitario,,
Inkafarma,GOMITAS DE VINAGRE DE MANZANA PARA ADULTOS GOMITAS SOTTCOR 100G,GOMITAS DE VINAGRE DE MANZANA PARA ADULTOS GOMITAS SOTTCOR 100G,,32.00,PEN,available,https://inkafarma.pe/producto/gomitas-de-vinagre-de-manzana-para-adultos-gomitas-sottcor-100g/1756501393659,1756501393659,GENÉRICO,algolia_public_search,2026-06-08T01:09:27.749358+00:00,,"VINAGRE DE MANZANA PARA ADULTOS – GOMITAS SOTTCOR 100G Ideal para: Adultos que desean apoyar la digestión, controlar el peso y mejorar su metabolismo de forma natural y práctica. Beneficios: - Facilitan la digestión y mejoran la salud intestinal - Ayudan a controlar el apetito y apoyar el metabolismo - Contribuyen a regular los niveles de glucosa en sangre - Aportan antioxidantes que ayudan a combatir el daño celular - Presentación en gomitas con sabor agradable y fácil consumo Modo de uso: Tomar 2 gomitas al día, preferiblemente antes de las comidas principales. No exceder la dosis recomendada. Advertencia: No recomendado para personas con problemas gástricos graves o alergias a los ingredientes. Consultar al médico en caso de embarazo, lactancia o tratamiento médico. Suplementos Nutricionales Naturales",,false_no_registro_sanitario,,
Inkafarma,Complemento Nutricional PVM Junior Sabor Fresa,Complemento Nutricional PVM Junior Sabor Fresa,,39.10,PEN,available,https://inkafarma.pe/producto/complemento-nutricional-pvm-junior-sabor-fresa/403016,403016,PVM,algolia_public_search,2026-06-08T01:09:29.647970+00:00,,"Este producto es distribuido por Inretail Pharma S.A. (Ley 32033) Fórmula que brinda a los niños mayor cantidad de proteínas, vitaminas y minerales, necesarios para complementar la nutrición, crecimiento y desarrollo de los niños. Fórmula para Bebés Otras Fórmulas y Suplementos",,false_no_registro_sanitario,,
Inkafarma,Complemento alimenticio Vitafos Junior Sabor Vainilla,Complemento alimenticio Vitafos Junior Sabor Vainilla,,115.50,PEN,unavailable,https://inkafarma.pe/producto/complemento-alimenticio-vitafos-junior-sabor-vaini/012219,012219,VITAFOS,algolia_public_search,2026-06-08T01:09:29.648152+00:00,,"Este producto es distribuido por Inretail Pharma S.A. (Ley 32033) Indicada como complemento alimentario de elevado valor nutricional, que ayuda a cubrir las necesidades de energía y nutrientes. Fórmula para Bebés Otras Fórmulas y Suplementos",,false_no_registro_sanitario,,
Inkafarma,Hidroxocobalamina Lusa 1mg/Ml Solución inyectable,Hidroxocobalamina Lusa 1mg/Ml Solución inyectable,,47.50,PEN,available,https://inkafarma.pe/producto/hidroxocobalamina-lusa-1mg-ml-solucion-inyectable/033471,033471,LUSA GENÉRICOS,algolia_public_search,2026-06-08T01:09:29.657495+00:00,,Hidroxocobalamina 1mg Este producto es distribuido por Inretail Pharma S.A. (Ley 32033) Vitaminas y Complementos Vitamina B,,false_no_registro_sanitario,,
Inkafarma,Calcitriol 0.25mcg Cápsula,Calcitriol 0.25mcg Cápsula,,215.00,PEN,available,https://inkafarma.pe/producto/calcitriol-0-25mcg-capsula/029867,029867,UNIMED,algolia_public_search,2026-06-08T01:09:29.657608+00:00,,Calcitriol 0.25mcg Este producto es distribuido por Inretail Pharma S.A. (Ley 32033) Vitaminas y Complementos Multivitamínicos,,false_no_registro_sanitario,,
Inkafarma,Adecerol NF Emulsión Oral,Adecerol NF Emulsión Oral,,27.90,PEN,available,https://inkafarma.pe/producto/adecerol-nf-emulsion-oral/070211,070211,MEDIFARMA,algolia_public_search,2026-06-08T01:09:29.671337+00:00,,Este producto es distribuido por Inretail Pharma S.A. (Ley 32033) Vitaminas y Complementos Vitamina A,,false_no_registro_sanitario,,
Inkafarma,Hidroxaneurin 10 000 10mg/2 mL Solución Inyectable,Hidroxaneurin 10 000 10mg/2 mL Solución Inyectable,,17.00,PEN,available,https://inkafarma.pe/producto/hidroxaneurin-10-000-10mg-2-ml-sol-iny/037472,037472,CIFARMA,algolia_public_search,2026-06-08T01:09:29.672958+00:00,,"Hidroxocobalamina 10mg/2mL Este producto es distribuido por Inretail Pharma S.A. (Ley 32033) Preguntas frecuentes .faq-grid { display: grid; grid-template-columns: repeat(2, 1fr); gap: 16px; margin: 24px 0; } .faq-card { background: #f8f9fa; border: 1px solid #e9ecef; border-radius: 10px; padding: 20px 24px; } .faq-card h3 { font-size: 16px; font-weight: 600; color: #1a1a1a; margin: 0 0 10px; line-height: 1.4; } .faq-card p { font-size: 14px; color: #555; margin: 0; line-height: 1.7; } @media (max-width: 600px) { .faq-grid { grid-template-columns: 1fr; } } ¿Qué contiene Hidroxaneurin solución inyectable? Hidroxaneurin se presenta como solución inyectable con vitaminas del complejo B. Este formato corresponde a productos de administración parenteral. ¿Cómo se presenta Hidroxaneurin 10 000? La presentación corresponde a solución inyectable en ampolla de 2 mL. Este tipo de formato es utilizado en productos vitamínicos inyectables. ¿Cómo se administra una solución inyectable de complejo B? La administración de soluciones inyectables debe realizarse siguiendo las indicaciones de un profesional de salud. La vía de aplicación puede variar según el producto. ¿Qué caracteriza a las vitaminas del complejo B inyectables? Las vitaminas del complejo B en formato inyectable forman parte de presentaciones farmacéuticas utilizadas para administración parenteral. Vitaminas y Complementos Vitamina B",,false_no_registro_sanitario,,
Inkafarma,Hidroferol 0.266mg Cápsula Blanda,Hidroferol 0.266mg Cápsula Blanda,,45.24,PEN,available,https://inkafarma.pe/producto/hidroferol-0-266mg-capsula-blanda/032919,032919,FAES GRUPO,algolia_public_search,2026-06-08T01:09:29.675280+00:00,,Calcifediol 0.266mg Este producto es distribuido por Inretail Pharma S.A. (Ley 32033) Vitaminas para Adultos Vitaminas y Complementos Vitamina D,,false_no_registro_sanitario,,
Inkafarma,"Axne 0,1% Gel","Axne 0,1% Gel",,69.60,PEN,available,https://inkafarma.pe/producto/axne-0-1-gel/084451,084451,AXNE,algolia_public_search,2026-06-08T01:09:29.847527+00:00,,"Cada 100 g contiene: Principio activo: Adapaleno (0,1 g) Este producto es distribuido por Inretail Pharma S.A. (Ley 32033) Vitaminas y Complementos Vitamina B",,false_no_registro_sanitario,,
Inkafarma,Vitadrin NF Suspensión Oral,Vitadrin NF Suspensión Oral,,30.60,PEN,available,https://inkafarma.pe/producto/vitadrin-nf-suspension-oral/070212,070212,MEDIFARMA,algolia_public_search,2026-06-08T01:09:29.854970+00:00,,Este producto es distribuido por Inretail Pharma S.A. (Ley 32033) Vitaminas y Complementos Vitamina A,,false_no_registro_sanitario,,
Inkafarma,Epiteliol NF 5000UI/10 mL Suspensión Oral,Epiteliol NF 5000UI/10 mL Suspensión Oral,,28.30,PEN,available,https://inkafarma.pe/producto/epiteliol-nf-5000ui-10-ml-suspension-oral/070210,070210,MEDIFARMA,algolia_public_search,2026-06-08T01:09:29.855073+00:00,,Este producto es distribuido por Inretail Pharma S.A. (Ley 32033) Vitaminas y Complementos Vitamina A,,false_no_registro_sanitario,,
Inkafarma,Provita C 10g/20mL Solución Inyectable,Provita C 10g/20mL Solución Inyectable,,82.00,PEN,available,https://inkafarma.pe/producto/provita-c-10g-20ml-solucion-inyectable/033467,033467,PROPIEL,algolia_public_search,2026-06-08T01:09:29.857732+00:00,,Ácido Ascórbico 10g/20mL Este producto es distribuido por Inretail Pharma S.A. (Ley 32033) Vitaminas y Complementos Vitamina C,,false_no_registro_sanitario,,
Inkafarma,Shampoo Anticaida Romero 90ml Vena,Shampoo Anticaida Romero 90ml Vena,,17.00,PEN,available,https://inkafarma.pe/producto/shampoo-anticaida-romero-90ml-vena/1743088985559,1743088985559,VENA,algolia_public_search,2026-06-08T01:09:30.005178+00:00,,"Shampoo Anticaida Romero 90ml - Vena El Shampoo Anticaída de Romero de Vena en presentación de 90 ml es un producto diseñado para fortalecer el cabello y prevenir su caída, aprovechando las propiedades naturales del romero. Beneficios: El romero es conocido por mejorar la circulación sanguínea en el cuero cabelludo, lo que puede fortalecer los folículos pilosos y promover un crecimiento más saludable. Al nutrir y fortalecer el cabello desde la raíz, este shampoo ayuda a reducir la caída del cabello. El romero tiene propiedades que ayudan a regular la producción de sebo, manteniendo el cuero cabelludo equilibrado y limpio. Modo de uso: Sobre el cabello húmedo, aplica una cantidad adecuada del shampoo en el cuero cabelludo. Masajea suavemente con las yemas de los dedos, realizando movimientos circulares para estimular la circulación y asegurar una limpieza profunda. Suplementos / Complementos Embarazo",,false_no_registro_sanitario,,
Inkafarma,Glyconorm 3 Pack Alivia y Controla Síntomas de Diabetes,Glyconorm 3 Pack Alivia y Controla Síntomas de Diabetes,,267.00,PEN,available,https://inkafarma.pe/producto/glyconorm-3-pack-alivia-y-controla-sintomas-de-diabetes/1698083311081,1698083311081,Glyconorm,algolia_public_search,2026-06-08T01:09:30.006535+00:00,,"Glyconorm está indicado para aliviar y controlar los síntomas de la diabetes para de esta manera mejorar su salud de manera natural. Los ingredientes activos de Glyconorm regulan los niveles de azúcar en la sangre en caso de trastornos del metabolismo de la glucosa. Composición : *Alcachofa *Yacón *Cúrcuma *Cuti Cuti *Pasuchaca Beneficios : * Reduce la concentración de glucosa en la sangre * Limpia las paredes de los vasos sanguíneos de los depósitos de colesterol * Reduce el apetito y los antojos de dulces al afectar las papilas gustativas, lo que facilita la dieta * Combaten eficazmente los síntomas molestos de la diabetes * Apoya en la formación de su propia insulina en el organismo, ayudando en el trabajo del páncreas * Acelera el metabolismo, elimina las causas del desequilibrio en el cuerpo, previene y trata la diabetes mellitus * Estabilizan el equilibrio agua-sal, mejoran el metabolismo de los carbohidratos y las grasas en los tejidos Modo de Uso : Dos cápsulas al día, la primera media hora antes del desayuno, la segunda media hora antes del almuerzo. Se recomienda evitar el consumo de alcohol, evitar fumar y beber al menos dos litros de agua al día Envíos a todo el Perú Promociones Marketplace Suplementos / Complementos Los Mejores Productos para tu Salud Diabéticos",,false_no_registro_sanitario,,
Inkafarma,Glyconorm Alivia y Controla Síntomas de Diabetes,Glyconorm Alivia y Controla Síntomas de Diabetes,,174.00,PEN,available,https://inkafarma.pe/producto/glyconorm-alivia-y-controla-sintomas-de-diabetes/1698082744009,1698082744009,Glyconorm,algolia_public_search,2026-06-08T01:09:30.006960+00:00,,"Glyconorm está indicado para aliviar y controlar los síntomas de la diabetes para de esta manera mejorar su salud de manera natural. Los ingredientes activos de Glyconorm regulan los niveles de azúcar en la sangre en caso de trastornos del metabolismo de la glucosa. Composición : *Alcachofa *Yacón *Cúrcuma *Cuti Cuti *Pasuchaca Beneficios : * Reduce la concentración de glucosa en la sangre * Limpia las paredes de los vasos sanguíneos de los depósitos de colesterol * Reduce el apetito y los antojos de dulces al afectar las papilas gustativas, lo que facilita la dieta * Combaten eficazmente los síntomas molestos de la diabetes * Apoya en la formación de su propia insulina en el organismo, ayudando en el trabajo del páncreas * Acelera el metabolismo, elimina las causas del desequilibrio en el cuerpo, previene y trata la diabetes mellitus * Estabilizan el equilibrio agua-sal, mejoran el metabolismo de los carbohidratos y las grasas en los tejidos Modo de Uso : Dos cápsulas al día, la primera media hora antes del desayuno, la segunda media hora antes del almuerzo. Se recomienda evitar el consumo de alcohol, evitar fumar y beber al menos dos litros de agua al día Envíos a todo el Perú Promociones Marketplace Suplementos / Complementos Los Mejores Productos para tu Salud Diabéticos",,false_no_registro_sanitario,,
Inkafarma,Intimate Rose Acido Bórico Supositorios X 30 Cápsulas Vaginales 600mg,Intimate Rose Acido Bórico Supositorios X 30 Cápsulas Vaginales 600mg,,99.00,PEN,available,https://inkafarma.pe/producto/intimate-rose-acido-borico-supositorios-x-30-capsulas-vaginales-600mg/1750190629289,1750190629289,IMPORTADO,algolia_public_search,2026-06-08T01:09:30.007874+00:00,,"Acción rápida: las cápsulas de supositorio de ácido bórico puro evitan eficazmente los olores y la descarga de cambios en su pH; reducen la picazón en tan solo 24 horas; se sienten frescas, limpias y confiadas.|Respaldado por la ciencia: muchos productos alternativos de higiene femenina son ineficaces, pero el ácido bórico Intimate Rose está probado para restaurar rápidamente esa sensación fresca.|100% pureza garantizada: Nuestro ácido bórico es una solución natural para problemas femeninos, fabricado en una instalación aquí en los Estados Unidos para garantizar una fórmula segura y eficaz. Vitaminas y Complementos Multivitamínicos",,false_no_registro_sanitario,,
Inkafarma,Tocosh Dinoa Cápsulas 100,Tocosh Dinoa Cápsulas 100,,32.00,PEN,available,https://inkafarma.pe/producto/tocosh-dinoa-capsulas-100/1693947631253,1693947631253,DINOA S.A.C.,algolia_public_search,2026-06-08T01:09:30.010051+00:00,,"Tocosh actúa como una penicilina natural, gracias al proceso que pasa la papa, activando su componente antibiótico y de bactericida. Actúa como probiótico, ya que contiene alcaloides, aminoácidos y antimicrobiano. Ayuda a crecer el sistema inmunológico, mostrando una mejoría en la salud. Elimina las úlceras estomacales y la gastritis crónica. También alivia eliminando las afecciones renales y hemorroides. Mejora el proceso digestivo, la flora intestinal y evita la osteoporosis. Nutrición Vitaminas y Complementos Suplementos naturales",,false_no_registro_sanitario,,
Inkafarma,Curcuma con Pimienta Negra y Kion Nibray Vital Pack 2 Frascos,Curcuma con Pimienta Negra y Kion Nibray Vital Pack 2 Frascos,,99.00,PEN,available,https://inkafarma.pe/producto/curcuma-con-pimienta-negra-y-kion-nibray-vital-pack-2-frascos/1670987215626,1670987215626,NIBRAY,algolia_public_search,2026-06-08T01:09:30.010443+00:00,,"La cúrcuma es un producto natural muy efectivo para el malestar estomacal, dolor de huesos, ya que contiene propiedades antinflamatorias. ¿Qué características tienen las cápsulas de Nibray Cúrcuma con Pimienta Negra y Kion? Kion o jengibre es un remedio natural que tonifica el aparato digestivo y la circulación. Gran antioxidante, muy importante para el metabolismo y aumentar las defensas naturales del organismo. El cúrcuma protege el corazón, reduce el colesterol y previene enfermedades cardiacas. Ayuda contra la diabetes. Principales Beneficios: Potente antiinflamatorio, previene y combate la artritis. Efecto antioxidante, potencial para aumentar la longevidad. Favorece la circulación, previene enfermedades como la arterosclerosis. Efecto hipolipemiante, disminuye los niveles de lípidos en la sangre. Fortalece sistema inmunológico. Beneficios de las cápsulas de cúrcuma con pimienta negra y kión La cúrcuma es un remedio natural muy efectivo para el malestar estomacal. Al tener propiedades antinflamatorias, previene la acidez y calma del ardor de estomago, así como los trastornos digestivos en general. Presentación: 90 cápsulas Sugerencias de uso Tomar una (1) cápsula antes de cada comida (3 cápsulas al día). Nutrición Vitaminas y Complementos Multivitamínicos Suplementos naturales",,false_no_registro_sanitario,,
