pharmacy,commercial_name,formal_name,registro_sanitario,price,currency,availability,url,sku,brand,source_strategy,scraped_at,stock,component_text,registro_sanitario_source,component_traceable,component_ids_detected,component_names_detected
Mifarma,Enat 400UI Vitamina E Cápsula Blanda,Enat 400UI Vitamina E Cápsula Blanda,,53.01,PEN,available,https://www.mifarma.com.pe/producto/enat-400ui-vitamina-e/553828,553828,ENAT,algolia_public_search,2026-06-08T01:10:27.283525+00:00,,Vitamina E 400UI Este producto es distribuido por Inretail Pharma S.A. (Ley 32033) Vitaminas Vitamina E,,false_no_registro_sanitario,,
Mifarma,E-port 400UI Vitamina E Cápsula blanda,E-port 400UI Vitamina E Cápsula blanda,,56.94,PEN,available,https://www.mifarma.com.pe/producto/e-port-400ui-vitamina-e/525924,525924,E-PORT,algolia_public_search,2026-06-08T01:10:27.284174+00:00,,Vitamina E 400UI Este producto es distribuido por Inretail Pharma S.A. (Ley 32033) Vitaminas Vitamina E,,false_no_registro_sanitario,,
Mifarma,Serum Antioxidante Vichy Liftactiv Vitamina C,Serum Antioxidante Vichy Liftactiv Vitamina C,,143.90,PEN,available,https://www.mifarma.com.pe/producto/serum-vitamina-c-vichy-liftactiv-supreme/302236,302236,VICHY,algolia_public_search,2026-06-08T01:10:27.287209+00:00,,"Vitamina C pura Vitamina C pura, Vitamina E, Neohesperidina natural, Polifenoles de pino marítimo y Ácido hialurónico fragmentado Este producto es distribuido por Inretail Pharma S.A. (Ley 32033) El objetivo de Vichy es ayudar y fortalecer la piel, desarrollando productos para cada necesidad y afección. Además, el agua mineralizante de Vichy es el ingrediente principal y activo estrella en los productos de cuidado de la piel. Descubre el poder de Vichy en tu Piel ¿Ya lo probaste? Descubre el nuevo Sérum Antioxidante con Efecto iluminador Activos que combina un 15% Vitamina C Pura, Vitamina E, Polifenoles de Pino y Ácido Hialurónico Puro en un sérum de grado dermatológico para potenciar las defensas antioxidantes de la piel y conseguir una piel más luminosa y saludable.Sin perfumes y sin siliconas, es oil-free y se absorbe rápidamente en la superficie de la piel. Además, no deja sensación grasa ni pegajosa y sin brillos. Mayor concentración de Vitamina C pura para un intenso efecto iluminador Sin sensación grasa ni pegajosa y sin brillos Lo Mejor en Dermocosmética Cupón INKA20 Tratamiento Facial Todo en Serum Dermatológico Antiedad Vichy - Marca Exclusiva Regalo",,false_no_registro_sanitario,,
Mifarma,Crema Depilatoria Facial Manzanilla y Vitamina E,Crema Depilatoria Facial Manzanilla y Vitamina E,,14.30,PEN,available,https://www.mifarma.com.pe/producto/crema-depilatoria-facial-manzanilla-y-vitamina-e/559551,559551,DEPILÉ,algolia_public_search,2026-06-08T01:10:27.288925+00:00,,"Este producto es distribuido por Inretail Pharma S.A. (Ley 32033) Disfruta de belleza y cuidado especializado con Depile, li?nea experta en productos de Depilacio?n corporal y facial. Sus productos fueron desarrollados para ofrecerte máxima calidad y eficacia. Distintos productos para satisfacer cada necesidad y adaptarse a cada tipo de piel. Belleza y cuidado con Crema Depilatoria Facial Manzanilla y Vitamina E Depilación instantánea y duradera, deja la piel suave hasta por 4 semanas. Depilación Cremas Depilatorias",,false_no_registro_sanitario,,
Mifarma,Sérum Facial Cluny Vitamina C y Ácido Hialurónico,Sérum Facial Cluny Vitamina C y Ácido Hialurónico,,21.90,PEN,available,https://www.mifarma.com.pe/producto/serum-facial-cluny-vitamina-c-y-hialuronico/816597,816597,CLUNY,algolia_public_search,2026-06-08T01:10:27.290168+00:00,,"Vitamina C, Ácido hialurónico, Filtro UV Este producto es distribuido por Inretail Pharma S.A. (Ley 32033) Cluny brinda una línea de productos innovadores para cada una de sus necesidades y cuidado de tu piel. Productos especializados en limpiar, hidratar y proteger tu piel. ¡Reafirma tu belleza con Cluny! Sérum Facial Cluny Vitamina C y Ácido Hialurónico Atenúa las manchas de la piel y aporta un extra de hidratación y luminosidad. Cuenta con textura fresca, ligera y de fácil absorción. además, es antioxidante y fotoprotector. Con la nueva línea facial sérum de cluny experimenta una piel más luminosa, brillante y perfecta. Dale el cuidado que merece tu piel durante todo el día Productos especializados en limpiar hidratar y proteger tu piel Lo Más Pedido en Belleza Cuidado Facial Sérum Cuidado Facial en Todas las Marcas",,false_no_registro_sanitario,,
Mifarma,Spray Para Peinar Johnson Fuerza y Vitamina,Spray Para Peinar Johnson Fuerza y Vitamina,,22.10,PEN,available,https://www.mifarma.com.pe/producto/spray-para-peinar-johnson-fuerza-y-vitamina/528927,528927,JOHNSON'S BABY,algolia_public_search,2026-06-08T01:10:27.294357+00:00,,"Este producto es distribuido por Inretail Pharma S.A. (Ley 32033) Todos los productos Johnson's Baby especializados para el cuidado y protección delicada de tu bebé. Aventura más gratificante de la vida con los mejores productos de Johnson's en Inkafarma. Limpieza y cuidado de la piel con Johnson's Jabón Cremoso Humectante Fórmula Original Limpia y cuida tu piel diariamente con el Jabón Cremoso Humectante Jhonson's Fórmula Original que te protege gracias a su contenido de crema humectante. Elaborado con ingredientes y emolientes naturales para el mejor cuidado de tu piel. Descubre Toda la Línea Johnson's que Cuida la Piel de tu Bebé Productos delicados para el aseo y cuidado en Inkafarma Colonia Sonrisas Johnson's Baby Contiene miel y extracto de linaza que cuida la piel del bebé. Crema Corporal para Bebe Johnson's Baby Ideal para el cuerpo del bebé, posee suaves y efectivos emolientes que ayuda a humectar la piel, protegiéndola de la resequedad. Aceite Johnson's Baby Antes de Dormir Ayuda al bebé a conciliar el sueño, gracias a su fórmula preparada con esencia relajante. Cuidado de Bebés y Perfumería Loción para peinar",,false_no_registro_sanitario,,
Mifarma,Sérum Medik8 C-Tetra Lux Vitamina C,Sérum Medik8 C-Tetra Lux Vitamina C,,344.90,PEN,available,https://www.mifarma.com.pe/producto/serum-medik8-c-tetra-lux-vitamina-c/302567,302567,Medik8,algolia_public_search,2026-06-08T01:10:27.295128+00:00,,"Ascorbato de tetrahexildecilo, Vitamina E, Ácido hialurónico, Moisture Magnets Este producto es distribuido por Inretail Pharma S.A. (Ley 32033) Lo Mejor en Dermocosmética Tratamiento Facial Todo en Serum Dermatológico Antiedad",,false_no_registro_sanitario,,
Mifarma,Pack 02 Vitamina C Sunvit 1000mg,Pack 02 Vitamina C Sunvit 1000mg,,156.90,PEN,available,https://www.mifarma.com.pe/producto/pack-02-vitamina-c-sunvit-1000mg/PACKNT385,PACKNT385,SUNVIT,algolia_public_search,2026-06-08T01:10:27.298679+00:00,,Vitamina C (Acido ascórbico 1000mg Este producto es distribuido por Inretail Pharma S.A. (Ley 32033) Packs de Nutrición y Bienestar,,false_no_registro_sanitario,,
Mifarma,Eau de Toilette Victorio & Lucchino Aguas Frutales Vitamina Apasionada Nº19,Eau de Toilette Victorio & Lucchino Aguas Frutales Vitamina Apasionada Nº19,,60.70,PEN,available,https://www.mifarma.com.pe/producto/eau-de-toilette-victorio-lucchino-aguas-frutales-vitamina-apasionada/309548,309548,V&L,algolia_public_search,2026-06-08T01:10:27.303607+00:00,,Este producto es distribuido por Inretail Pharma S.A. (Ley 32033) Fragancias para Ella,,false_no_registro_sanitario,,
Mifarma,Pack 02 Gomix Vitamina C Sabor Naranja,Pack 02 Gomix Vitamina C Sabor Naranja,,59.90,PEN,available,https://www.mifarma.com.pe/producto/pack-02-gomix-vitamina-c-naranja/PACKNT78,PACKNT78,GCA TRADING,algolia_public_search,2026-06-08T01:10:27.303777+00:00,,"Gelatina de naranja, gelatina neutra, glucosa, azúcar, ácido cítrico, color naranja, ácido ascórbico, sabor naranja y agua tratada. Este producto es distribuido por Inretail Pharma S.A. (Ley 32033) Vitaminas Suplementos y Vitaminas Packs de Nutrición y Bienestar Gomitas Funcionales para Todo Vitamina C",,false_no_registro_sanitario,,
Mifarma,Gomix Vitamina C Caramelo blando,Gomix Vitamina C Caramelo blando,,31.50,PEN,available,https://www.mifarma.com.pe/producto/gomix-vitamina-c-caramelo-blando/548797,548797,GCA TRADING,algolia_public_search,2026-06-08T01:10:27.306256+00:00,,"Gelatina de naranja, gelatina neutra, glucosa, azúcar, ácido cítrico, color naranja, ácido ascórbico, sabor naranja y agua tratada. Este producto es distribuido por Inretail Pharma S.A. (Ley 32033) Vitaminas Suplementos y Vitaminas Gomitas Funcionales para Todo Vitamina C",,false_no_registro_sanitario,,
Mifarma,Sérum Antiedad Endocare Radiance C Ferulic Vitamina C Antioxidante,Sérum Antiedad Endocare Radiance C Ferulic Vitamina C Antioxidante,,172.50,PEN,available,https://www.mifarma.com.pe/producto/serum-antiedad-endocare-radiance-ferulic-vitamina/308820,308820,ENDOCARE,algolia_public_search,2026-06-08T01:10:27.315422+00:00,,"EDAFENCE® Powerful Anti-Pollution Defence, SCA® Growth Factor Technology, Vitamina C, Ácido Ferúlico, Vitamina E Este producto es distribuido por Inretail Pharma S.A. (Ley 32033) Cantabria Labs es una empresa farmacéutica de referencia en España en el ámbito de la prescripción dermatológica, destacándose tanto por el respaldo científico de sus productos como por la confianza que depositan los profesionales en su calidad. Con más de 25 años de experiencia en dermatología y un fuerte enfoque internacional, presente en más de 80 países, la compañía ofrece soluciones innovadoras para el cuidado de la piel, que responden a las necesidades de profesionales y pacientes a nivel global. Sérum Antiedad Endocare Cantabria Labs Radiance C Ferulic Vitamina C Antioxidante Ideal para Todo Tipo de Piel Sérum antipolución y antioxidante avanzado de rápida absorción, con excelente tolerancia, que protege la piel de los daños causados por la contaminación y los factores de estrés ambiental. Su fórmula ligera, sin residuo graso y con acabado aterciopelado, defiende la piel contra los efectos de los radicales libres y los contaminantes urbanos, siendo ideal para todo tipo de pieles. Además, es no comedogénico.Enriquecido con EDAfence®, una innovadora tecnología antipolución de eficacia comprobada contra metales pesados, humo de tabaco y contaminantes urbanos, y con Advanced Antiox Synergy, un sistema antioxidante de última generación. Su exclusiva combinación de SCA® Growth Factor Technology, vitamina C, ácido ferúlico y vitamina E proporciona una acción antioxidante y reparadora avanzada, ayudando a proteger y revitalizar la piel con alta tolerancia. Protección frente a la polución Textura ligera y rápida absorción Lo Mejor en Dermocosmética Tratamiento Facial Todo en Serum Dermatológico Hidratación Mejores Marcas de Cantabria Labs",,false_no_registro_sanitario,,
Mifarma,Pack 02 Vitamina E 400 Mason Natural,Pack 02 Vitamina E 400 Mason Natural,,84.40,PEN,available,https://www.mifarma.com.pe/producto/pack-02-vitamina-e-400-mason-natural/PACKNT135,PACKNT135,MASON,algolia_public_search,2026-06-08T01:10:27.315767+00:00,,Vitamina E 400UI Este producto es distribuido por Inretail Pharma S.A. (Ley 32033) Vitaminas para Adultos Vitaminas Packs de Nutrición y Bienestar Vitamina E,,false_no_registro_sanitario,,
Mifarma,Pack 02 Vitamina E 1000 Mason Natural,Pack 02 Vitamina E 1000 Mason Natural,,202.00,PEN,available,https://www.mifarma.com.pe/producto/pack-02-vitamina-e-1000-mason-natural/PACKNT122,PACKNT122,MASON,algolia_public_search,2026-06-08T01:10:27.315884+00:00,,Vitamina E 1000UI Este producto es distribuido por Inretail Pharma S.A. (Ley 32033) Vitaminas Packs de Nutrición y Bienestar Vitamina E,,false_no_registro_sanitario,,
Mifarma,Pack Sérum Antimanchas + Protector Solar Vitamina C Garnier,Pack Sérum Antimanchas + Protector Solar Vitamina C Garnier,,153.00,PEN,available,https://www.mifarma.com.pe/producto/pack-serum-antimanchas-protector-solar-vitamina-c-garnier/PACKDB731,PACKDB731,GARNIER,algolia_public_search,2026-06-08T01:10:27.316846+00:00,,Este producto es distribuido por Inretail Pharma S.A. (Ley 32033) Packs de Belleza,,false_no_registro_sanitario,,
Mifarma,Loción Corporal Aquamarine con Vitamina E para Piel Normal a Seca,Loción Corporal Aquamarine con Vitamina E para Piel Normal a Seca,,17.90,PEN,available,https://www.mifarma.com.pe/producto/locion-corporal-aquamarine-con-vitamina-e-para-pie/138281,138281,AQUAMARINE,algolia_public_search,2026-06-08T01:10:27.318330+00:00,,"Este producto es distribuido por Inretail Pharma S.A. (Ley 32033) Loción hidratante no grasosa de rápida absorción, elaborada con Vitaminas E, humectantes y emolientes que proporcionan frescura y suavidad a manos y cuerpo. Cremas Hidratantes Cremas Corporales",,false_no_registro_sanitario,,
Mifarma,Loción Corporal Aquamarine con Vitamina A para Piel Extra Seca,Loción Corporal Aquamarine con Vitamina A para Piel Extra Seca,,17.90,PEN,available,https://www.mifarma.com.pe/producto/locion-corporal-aquamarine-con-vitamina-a-para-pie/130572,130572,AQUAMARINE,algolia_public_search,2026-06-08T01:10:27.469068+00:00,,"Este producto es distribuido por Inretail Pharma S.A. (Ley 32033) Loción hidratante no grasosa de rápida absorción, elaborada con Vitaminas A, humectantes y emolientes que proporcionan frescura y suavidad a manos y cuerpo. Cremas Hidratantes Cremas Corporales",,false_no_registro_sanitario,,
Mifarma,Crema Facial Enat con Vitamina E,Crema Facial Enat con Vitamina E,,51.50,PEN,available,https://www.mifarma.com.pe/producto/crema-facial-enat-con-vitamina-e/527473,527473,MEGA,algolia_public_search,2026-06-08T01:10:27.469269+00:00,,"Este producto es distribuido por Inretail Pharma S.A. (Ley 32033) Indicado en el tratamiento de la piel, la crema hidrata y ayuda a reducir las arrugas, también ayuda a suavizar y disminuir las cicatrices. Cuidado Facial Crema facial",,false_no_registro_sanitario,,
Mifarma,"Vitamina A-10,000UI Mason Cápsulas Blandas","Vitamina A-10,000UI Mason Cápsulas Blandas",,49.80,PEN,available,https://www.mifarma.com.pe/producto/vitamina-a-10000iu-capsulas-blandas/131741,131741,MASON,algolia_public_search,2026-06-08T01:10:27.470035+00:00,,"Vitamina A 3,000 mcg RAE (10,000 UI) Este producto es distribuido por Inretail Pharma S.A. (Ley 32033) La Vitamina A contribuye a mantener una visión saludable. La Vitamina A ayuda en el mantenimiento de la visión nocturna. La Vitamina A contribuye al buen funcionamiento del sistema inmune. La Vitamina A contribuye a mantener una piel y mucosas en buenas condiciones. La Vitamina A ayuda a mantener la salud de la piel. Con vitamina A en Alta Potencia. Sin colorantes artificiales o sabores artificiales, Sin preservantes, azúcar, almidón, trigo, adulcorantes, lacteos, levadura, frutos secos, huevos. Libre de gluten. Vitaminas Vitamina A",,false_no_registro_sanitario,,
Mifarma,Pack Shampoo + Acondicionado Dove Hidratación + Vitamina A&E,Pack Shampoo + Acondicionado Dove Hidratación + Vitamina A&E,,26.90,PEN,available,https://www.mifarma.com.pe/producto/pack-shampoo-acondicionado-dove-hidratacion-vit-ae/319949,319949,DOVE,algolia_public_search,2026-06-08T01:10:27.472455+00:00,,Este producto es distribuido por Inretail Pharma S.A. (Ley 32033) Cuidado del Cabello Shampoo y Acondicionadores,,false_no_registro_sanitario,,
Mifarma,Sérum Facial Babaria Vitamina D,Sérum Facial Babaria Vitamina D,,42.90,PEN,available,https://www.mifarma.com.pe/producto/serum-facial-babaria-vitamina-d/319826,319826,BABARIA,algolia_public_search,2026-06-08T01:10:27.472590+00:00,,Este producto es distribuido por Inretail Pharma S.A. (Ley 32033) Cuidado Facial Sérum,,false_no_registro_sanitario,,
Mifarma,DHA + Vitamina D Nancare Nestlé Suspensión Oral,DHA + Vitamina D Nancare Nestlé Suspensión Oral,,77.50,PEN,available,https://www.mifarma.com.pe/producto/dha-vitamina-d-nancare-nestle-suspension-oral/319754,319754,NANCARE,algolia_public_search,2026-06-08T01:10:27.472873+00:00,,"Cada 0.31mL (8 gotas) contiene: 110mg DHA, 10ug Vitamina D. Este producto es distribuido por Inretail Pharma S.A. (Ley 32033) Multivitamínicos Para Niños",,false_no_registro_sanitario,,
Mifarma,Sérum Vitamin C Catrice Fresh Glow,Sérum Vitamin C Catrice Fresh Glow,,31.90,PEN,available,https://www.mifarma.com.pe/producto/serum-vitamin-c-catrice-fresh-glow/318515,318515,CATRICE,algolia_public_search,2026-06-08T01:10:27.472993+00:00,,Vitamina C Este producto es distribuido por Inretail Pharma S.A. (Ley 32033) Cuidado Facial Sérum,,false_no_registro_sanitario,,
Mifarma,Autobronceador B.TAN Darkest Ácido Hialurónico y Vitamina C,Autobronceador B.TAN Darkest Ácido Hialurónico y Vitamina C,,74.90,PEN,available,https://www.mifarma.com.pe/producto/autobronceador-b-tan-darkest-hialuronico-vitc/316362,316362,B.TAN,algolia_public_search,2026-06-08T01:10:27.474740+00:00,,Este producto es distribuido por Inretail Pharma S.A. (Ley 32033) Cuidado de la Piel Bloqueadores Solares Bronceador,,false_no_registro_sanitario,,
Mifarma,Autobronceador B.TAN Insanely Dark Ácido Hialurónico y Vitamina C,Autobronceador B.TAN Insanely Dark Ácido Hialurónico y Vitamina C,,74.90,PEN,available,https://www.mifarma.com.pe/producto/autobronceador-btan-insanely-dark-hialuronico-vitc/316361,316361,B.TAN,algolia_public_search,2026-06-08T01:10:27.474868+00:00,,Este producto es distribuido por Inretail Pharma S.A. (Ley 32033) Cuidado de la Piel Bloqueadores Solares Bronceador,,false_no_registro_sanitario,,
Mifarma,Protector Labial Babaria 30 SPF Vitamina E,Protector Labial Babaria 30 SPF Vitamina E,,15.90,PEN,available,https://www.mifarma.com.pe/producto/protector-labial-babaria-30-spf-vitamina-e/314612,314612,BABARIA,algolia_public_search,2026-06-08T01:10:27.474973+00:00,,VITAMINA E VITAMINA E VITAMINA E Bloqueadores Solares,,false_no_registro_sanitario,,
Mifarma,Sérum Martiderm Shots Vitamina C Antiox,Sérum Martiderm Shots Vitamina C Antiox,,144.00,PEN,available,https://www.mifarma.com.pe/producto/serum-martiderm-shots-vitamina-c-antiox/313212,313212,MARTIDERM,algolia_public_search,2026-06-08T01:10:27.475169+00:00,,"Vitamina C pura 15% Vitamina C pura (ácido ascórbico): Potente antioxidante que combate los radicales libres, potencia la producción de colágeno y tiene efecto iluminador. Extracto de jengibre: Contiene gingeroles con propiedades antioxidantes que combaten el daño de los radicales libres. Este producto es distribuido por Inretail Pharma S.A. (Ley 32033) Lo Mejor en Dermocosmética Tratamiento Facial Lo Mejor de Martiderm Todo en Serum Dermatológico Antiedad",,false_no_registro_sanitario,,
Mifarma,Agua Micelar Garnier Skin Active Vitamina C,Agua Micelar Garnier Skin Active Vitamina C,,16.50,PEN,available,https://www.mifarma.com.pe/producto/agua-micelar-garnier-skin-active-vitamina-c/309786,309786,GARNIER,algolia_public_search,2026-06-08T01:10:27.475910+00:00,,Este producto es distribuido por Inretail Pharma S.A. (Ley 32033) Lo Más Pedido en Belleza Cuidado Facial Agua Micelar L'Oreal y Garnier,,false_no_registro_sanitario,,
Mifarma,Crema Corporal Portugal Acaricé con Vitamina E,Crema Corporal Portugal Acaricé con Vitamina E,,25.60,PEN,available,https://www.mifarma.com.pe/producto/crema-corporal-portugal-acarice-con-vitamina-e/302653,302653,PORTUGAL,algolia_public_search,2026-06-08T01:10:27.477311+00:00,,"MantecA de Karite y Vitamina E Este producto es distribuido por Inretail Pharma S.A. (Ley 32033) Laboratorios Portugal, con más de 150 años de experiencia en el mercado con más de 2000 productos; Línea Cosmética (entre las más importantes la marca Bahía, Portugal Cosmetics y Floresta), Línea de Productos Naturales, Suplementos Nutricionales, Vitaminas, Línea Farmacéutica entre otros. Encuentra tus marcas de siempre en un solo lugar. Engrie a tu Piel con la Crema Corporal Portugal Acaricé con Vitamina E Ayuda a recuperar y mantener la hidratación de la piel, devolviéndole la humedad necesaria para mantenerla suave y protegida contra la sequedad del ambiente. Además, hidrata hasta el 100% ayudando a prevenir y aliviar la sequedad de la piel. Sigue cuidando y protegiendo tu piel ¡Portugal más cerca de ti! Cremas Hidratantes Cremas Corporales",,false_no_registro_sanitario,,
Mifarma,Crema Corporal Portugal Acaricé con Vitamina E,Crema Corporal Portugal Acaricé con Vitamina E,,8.90,PEN,available,https://www.mifarma.com.pe/producto/crema-corporal-portugal-acarice-con-vitamina-e/302647,302647,PORTUGAL,algolia_public_search,2026-06-08T01:10:27.477694+00:00,,"Vitamina E Este producto es distribuido por Inretail Pharma S.A. (Ley 32033) Laboratorios Portugal, con más de 150 años de experiencia en el mercado con más de 2000 productos; Línea Cosmética (entre las más importantes la marca Bahía, Portugal Cosmetics y Floresta), Línea de Productos Naturales, Suplementos Nutricionales, Vitaminas, Línea Farmacéutica entre otros. Encuentra tus marcas de siempre en un solo lugar. Engrie a tu Piel con la Crema Corporal Portugal Acaricé con Vitamina E Ayuda a recuperar y mantener la hidratación de la piel, devolviéndole la humedad necesaria para mantenerla suave y protegida contra la sequedad del ambiente. Además, hidrata hasta el 100% ayudando a prevenir y aliviar la sequedad de la piel. Sigue cuidando y protegiendo tu piel ¡Portugal más cerca de ti! Cremas Hidratantes Cremas Corporales",,false_no_registro_sanitario,,
Mifarma,Crema Corporal Portugal Acaricé con Vitamina E,Crema Corporal Portugal Acaricé con Vitamina E,,19.40,PEN,available,https://www.mifarma.com.pe/producto/crema-corporal-portugal-acarice-con-vitamina-e/302646,302646,PORTUGAL,algolia_public_search,2026-06-08T01:10:27.478059+00:00,,"Vitamina E Este producto es distribuido por Inretail Pharma S.A. (Ley 32033) Laboratorios Portugal, con más de 150 años de experiencia en el mercado con más de 2000 productos; Línea Cosmética (entre las más importantes la marca Bahía, Portugal Cosmetics y Floresta), Línea de Productos Naturales, Suplementos Nutricionales, Vitaminas, Línea Farmacéutica entre otros. Encuentra tus marcas de siempre en un solo lugar. Engrie a tu Piel con la Crema Corporal Portugal Acaricé con Vitamina E Ayuda a recuperar y mantener la hidratación de la piel, devolviéndole la humedad necesaria para mantenerla suave y protegida contra la sequedad del ambiente. Además, hidrata hasta el 100% ayudando a prevenir y aliviar la sequedad de la piel. Sigue cuidando y protegiendo tu piel ¡Portugal más cerca de ti! Cremas Hidratantes Cremas Corporales",,false_no_registro_sanitario,,
Mifarma,Crema Facial Babaria Vitamina C,Crema Facial Babaria Vitamina C,,36.00,PEN,available,https://www.mifarma.com.pe/producto/crema-facial-babaria-vitamina-c-50-ml/548831,548831,BABARIA,algolia_public_search,2026-06-08T01:10:27.482659+00:00,,Este producto es distribuido por Inretail Pharma S.A. (Ley 32033) La crema facial Babaria te brinda tratamiento y cuidado para tu piel. Brillo y luminosidad gracias a su fórmula que combina ativos de la Vitamina C y vitamina E por su poder antioxidante. Protección contra la luz azul. Lo Más Pedido en Belleza Cuidado Facial Cuidado Facial en Todas las Marcas Crema facial,,false_no_registro_sanitario,,
Mifarma,Jabones Johnson's Cremoso con Aloe y Vitamina E,Jabones Johnson's Cremoso con Aloe y Vitamina E,,13.60,PEN,available,https://www.mifarma.com.pe/producto/jabones-johnsons-cremoso-aloe-y-vitamina-e/547181,547181,JOHNSON'S BABY,algolia_public_search,2026-06-08T01:10:27.482825+00:00,,Este producto es distribuido por Inretail Pharma S.A. (Ley 32033) El Jabón JOHNSON'S contiene agentes hidratantes e ingredientes naturales que cuidan y protegen de tu piel. Dermatológicamente probado. Baño Jabones Jabón en Barra Jabones,,false_no_registro_sanitario,,
Mifarma,Serum Facial Babaria Vitamina C,Serum Facial Babaria Vitamina C,,40.00,PEN,available,https://www.mifarma.com.pe/producto/serum-facial-babaria-vitamina-c-30ml/538042,538042,BABARIA,algolia_public_search,2026-06-08T01:10:27.483191+00:00,,"Este producto es distribuido por Inretail Pharma S.A. (Ley 32033) Explora y disfruta de protección, belleza, cuidado, salud, bienestar, armonía y equilibrio con Babaria. Sus productos fueron diseñados especialmente para brindarte eficacia, calidad y cosmética facial, corporal y capilar. Desde 1981 brindándote cuidado para tu piel y cabello para todas y todos en la familia. Tratamiento y cuidado de la piel con Babaria Serum Facial Vitamina C El serum facial Babaria antioxidante te brinda cuidado para tu piel y luminosidad. Su fórmula con vitamina C protege frente a la Luz Azul proveniente de los dispositivos móviles, y frente a la polución, además estimula la síntesis de Ácido Hialurónico y del Colágeno natural de la piel, mejorando la flexibilidad. También inhibe la glicación, por lo que tiene un efecto antiedad. Aumenta el brillo de la piel y reduce las manchas por la edad. Y junto con la Vitamina E, hacen sinergia sus efectos antioxidantes y disminuyen los radicales libres. Lo Más Pedido en Belleza Cuidado Facial Cuidado Facial en Todas las Marcas Crema facial",,false_no_registro_sanitario,,
Mifarma,Shampoo Johnson's NF Fuerza y Vitamina,Shampoo Johnson's NF Fuerza y Vitamina,,31.80,PEN,available,https://www.mifarma.com.pe/producto/shampoo-johnsons-nf-fuerza-y-vitamina/529585,529585,JOHNSON'S BABY,algolia_public_search,2026-06-08T01:10:27.483685+00:00,,"Este producto es distribuido por Inretail Pharma S.A. (Ley 32033) Bienvenido a la aventura más gratificante de la vida, en la que cada momento con tu bebé se vuelve especial y se convierte en una experiencia maravillosa. Todos los productos Johnson's Baby están elaborados para cada etapa, edad y especializados para el mejor cuidado y protección de tu bebé. Descubre todo de Johnson's en Inkafarma, pureza que inspira. Higiene y Cuidado Capilar con Johnson's Shampoo NF Fuerza y Vitamina La línea johnson's Fuerza y Vitamina realza la fuerza natural del cabello en desarrollo, ayudando a prevenir los quiebres. Descubre Toda la Línea Johnson's que Cuida la Piel de tu Bebé Productos para el aseo y cuidado en Inkafarma Acondicionador Johnson's Gotas de Brillo Ayuda a realzar naturalmente el color del cabello claro de tu bebé. Exclusiva fórmula no más lágrimas y sin alcohol. Jabón Cremoso Johnson's Baby Original Ayuda con la higiene y cuidado de la piel, con fórmula ligera que limpia suavemente la piel de tu bebé. Aceite para Bebé Johnson's Baby Ayuda a remover costras, durezas de la cabecita y orejitas de tu bebé. Hidratación natural de la piel con Johnson's. Aseo Bebé / Niños Shampoo para Niños",,false_no_registro_sanitario,,
Mifarma,Acondicionador Johnson's NF Fuerza y Vitamina,Acondicionador Johnson's NF Fuerza y Vitamina,,31.80,PEN,available,https://www.mifarma.com.pe/producto/acondicionador-johnsons-nf-fuerza-y-vitamina/529567,529567,JOHNSON'S BABY,algolia_public_search,2026-06-08T01:10:27.484056+00:00,,"Este producto es distribuido por Inretail Pharma S.A. (Ley 32033) Bienvenido a la aventura más gratificante de la vida, en la que cada momento con tu bebé se torna especial y se convierte en una experiencia maravillosa. Los productos Johnsons te invitan a que cada momento compartido con tu bebé es una oportunidad para darle mucho más: más contacto, más estimulación y más estimulación, logrando en tu bebé un desarrollo más saludable. Hidratación y cuidado capilar con Johnson's Acondicionador NF Hidratación Intensa Especialmente formulado para lavar el pelo delicado de los niños de manera suave, eficaz y segura. Su exclusiva fórmula No Más Lágrimas, no irrita los ojos ni la piel de tu niño, es de uso diario y está enriquecido con Aloe y Vitamina E. El uso de toda la línea proporciona hidratación intensa al pelo. Baño Cuidado del Cabello Acondicionador Shampoo y Acondicionadores",,false_no_registro_sanitario,,
Mifarma,Crema Tratamiento Antioxidante La Roche Posay Pure Vitamina C,Crema Tratamiento Antioxidante La Roche Posay Pure Vitamina C,,176.90,PEN,available,https://www.mifarma.com.pe/producto/redermic-hyaluc-c-la-roche-posay-40ml/578304,578304,LA ROCHE-POSAY,algolia_public_search,2026-06-08T01:10:27.484666+00:00,,"Vitamina C pura Contiene Ácido Hialurónico: Proporciona un efecto de relleno. Vitamina C, estimula la producción de colágeno. Manosa: Redensifica la piel. Este producto es distribuido por Inretail Pharma S.A. (Ley 32033) La Roche-Posay cuenta con productos revolucionarios y soluciones personalizadas para las necesidades de cada tipo de piel. Además, ofrece completas líneas de productos para el cuidado de la piel y maquillajes para tu rostro. Productos probados 100 % contra alergias y en cada piel sensible. Tratamiento y Cuidado para tu piel con la Crema Tratamiento Antioxidante La Roche Posay Pure Vitamina Ccon Crema que ayuda a reafirmar, hidratar e iluminar el rostro y minimizar arrugas en el rostro. Ideal para todas las pieles, especialmente sensibles, que presenten arrugas profundas y falta de firmeza y elasticidad de la piel. Descubre todo los productos de La Roche Posay Productos efectivos con Vitamina C Sérum Antioxidante La Roche Posay Pure Vitamina C10 Formulado con un 10% de vitamina C pura para iluminar y reafirmar la piel. Contiene ácido salicílico que ayuda a incrementar la penetración de vitamina C para una mayor eficacia y neurosensina calmante. Todo ello formulado a un pH fisiológico, que lo hace apto incluso para una piel sensible. Crema Contorno de Ojos Antioxidante La Roche Posay Pure Vitamina C Crema para reafirmar e iluminar el contorno de los ojos y minimizar las arrugas. Contiene Vitamina C al 5% que estimula la producción de colágeno. Además, es ideal para todas las pieles, especialmente sensibles, que presenten arrugas profundas y falta de firmeza y elasticidad de la piel. Testeado oftalmológicamente. Lo Mejor en Dermocosmética Tratamiento Facial La Roche Posay + Regalo Antiedad",,false_no_registro_sanitario,,
Mifarma,Eau de Toilette Victorio & Lucchino Aguas Frutales Vitamina Cítrica Nº18,Eau de Toilette Victorio & Lucchino Aguas Frutales Vitamina Cítrica Nº18,,60.70,PEN,available,https://www.mifarma.com.pe/producto/eau-de-toilette-victorio-lucchino-aguas-frutales-vitamina-citrica/309530,309530,V&L,algolia_public_search,2026-06-08T01:10:27.486198+00:00,,Este producto es distribuido por Inretail Pharma S.A. (Ley 32033) Fragancias para Ella,,false_no_registro_sanitario,,
Mifarma,Crema Gel Vitamina C Institut Esthederm Intensive,Crema Gel Vitamina C Institut Esthederm Intensive,,259.00,PEN,available,https://www.mifarma.com.pe/producto/crema-gel-vitamina-c-esthederm-intensive/325793,325793,INSTITUT ESTHEDERM,algolia_public_search,2026-06-08T01:10:27.489285+00:00,,Este producto es distribuido por Inretail Pharma S.A. (Ley 32033) Tratamiento Facial Hidratación,,false_no_registro_sanitario,,
Mifarma,Concentrado Vitamina C2 Institut Esthederm Intensive,Concentrado Vitamina C2 Institut Esthederm Intensive,,175.00,PEN,available,https://www.mifarma.com.pe/producto/concentrado-c2-esthederm-intensive/325788,325788,INSTITUT ESTHEDERM,algolia_public_search,2026-06-08T01:10:27.489401+00:00,,Este producto es distribuido por Inretail Pharma S.A. (Ley 32033) Tratamiento Facial Hidratación,,false_no_registro_sanitario,,
Mifarma,Mascarilla Facial Iroha Iluminadora Vitamina C,Mascarilla Facial Iroha Iluminadora Vitamina C,,24.90,PEN,available,https://www.mifarma.com.pe/producto/mascarilla-facial-iroha-iluminadora-vitamina-c/321621,321621,IROHA NATURE,algolia_public_search,2026-06-08T01:10:27.490446+00:00,,Este producto es distribuido por Inretail Pharma S.A. (Ley 32033) Cuidado Facial Mascarillas,,false_no_registro_sanitario,,
Mifarma,Vitamina C Solgar 1000mg Cápsula,Vitamina C Solgar 1000mg Cápsula,,115.00,PEN,available,https://www.mifarma.com.pe/producto/vitamina-c-solgar-1000mg-capsula/321199,321199,SOLGAR,algolia_public_search,2026-06-08T01:10:27.490600+00:00,,Cada capsula contiene: Vitamina C 1000 mg (Como L-Ácido Ascórbico) Este producto es distribuido por Inretail Pharma S.A. (Ley 32033) Vitaminas y Complementos Vitamina C,,false_no_registro_sanitario,,
Mifarma,Crema Facial Babaria Vitamina D,Crema Facial Babaria Vitamina D,,39.90,PEN,available,https://www.mifarma.com.pe/producto/crema-facial-babaria-vitamina-d/319825,319825,BABARIA,algolia_public_search,2026-06-08T01:10:27.491127+00:00,,Este producto es distribuido por Inretail Pharma S.A. (Ley 32033) Lo Más Pedido en Belleza Cuidado Facial Crema facial Cuidado Corporal para toda la Familia,,false_no_registro_sanitario,,
Mifarma,Aceite Sally Hansen para Uñas y Cutículas con Vitamina E,Aceite Sally Hansen para Uñas y Cutículas con Vitamina E,,54.00,PEN,available,https://www.mifarma.com.pe/producto/aceite-sally-hansen-tratamiento-para-unas-13-3-ml/316734,316734,SALLY HANSEN,algolia_public_search,2026-06-08T01:10:27.491246+00:00,,Este producto es distribuido por Inretail Pharma S.A. (Ley 32033) Cosméticos Esmaltes,,false_no_registro_sanitario,,
Mifarma,Sérum Facial Frezyderm Vitamina C 5C3,Sérum Facial Frezyderm Vitamina C 5C3,,159.00,PEN,available,https://www.mifarma.com.pe/producto/serum-facial-frezyderm-vitamina-c-5c3/315016,315016,FREZYDERM,algolia_public_search,2026-06-08T01:10:27.491582+00:00,,"Ingredientes antiarrugas: Éster de ácido ascórbico estabilizado (Protección y conservación de la composición de vitamina C), Palmitoyl Pentapeptide -4 (Matrikinas), con acción 5X en comparación con la vitamina C natural,Extracto de ciruela de Kakadu, reducción de la rugosidad de la piel, mejora de la luminosidad (fuente rica en vit. C ), Dimeticona. Este producto es distribuido por Inretail Pharma S.A. (Ley 32033) Cuidado Facial Sérum",,false_no_registro_sanitario,,
Mifarma,Efer-C 1g/5g Polvo Efervescente,Efer-C 1g/5g Polvo Efervescente,,83.00,PEN,available,https://www.mifarma.com.pe/producto/efer-c-1g-5g-polvo-efervescente/510183,510183,EFER-C,algolia_public_search,2026-06-08T01:10:30.840822+00:00,,"Cada sobre contiene: Vitamina C 1g (Acido ascórbico), Excipientes c.s. Este producto es distribuido por Inretail Pharma S.A. (Ley 32033) Vitaminas Vitamina C",,false_no_registro_sanitario,,
Mifarma,Mucovit Jarabe,Mucovit Jarabe,,34.00,PEN,available,https://www.mifarma.com.pe/producto/mucovit-jarabe/134506,134506,MUCOVIT,algolia_public_search,2026-06-08T01:10:30.840969+00:00,,Vitamina A | Vitamina E | Ácido ascórbico | Vitamina D 50000UI | 100mg | 1000mg | 8000UI Este producto es distribuido por Inretail Pharma S.A. (Ley 32033) Vitaminas y Complementos,,false_no_registro_sanitario,,
Mifarma,Farma D Gotas 200UI Solución oral,Farma D Gotas 200UI Solución oral,DE3267,55.00,PEN,available,https://www.mifarma.com.pe/producto/farma-d-gotas-200ui-solucion-oral/287377,287377,Quibi,algolia_public_search,2026-06-08T01:10:30.846901+00:00,,"Cada 5 gotas contiene Vitamina D 1000 UI, Cada gota contiene 200 UI. Este producto es distribuido por Inretail Pharma S.A. (Ley 32033) Multivitamínicos Vitaminas Para Niños Vitamina D",digemid_name_inference,false_no_component_match,,
Mifarma,Pack 02 Sunvit Vit E 400UI,Pack 02 Sunvit Vit E 400UI,,96.90,PEN,available,https://www.mifarma.com.pe/producto/pack-02-sunvit-vit-e-400ui/PACKNT202,PACKNT202,SUNVIT,algolia_public_search,2026-06-08T01:10:30.851020+00:00,,Vitamina E 400 UI 180mg Este producto es distribuido por Inretail Pharma S.A. (Ley 32033) Suplemento dietético Vitaminas Packs de Nutrición y Bienestar Vitamina E,,false_no_registro_sanitario,,
Mifarma,Pack 02 Gomix Multivitaminico Sabor Fresa,Pack 02 Gomix Multivitaminico Sabor Fresa,,59.90,PEN,available,https://www.mifarma.com.pe/producto/pack-2-gomix-multivitaminico-fresa/PACKNT481,PACKNT481,GOMIX,algolia_public_search,2026-06-08T01:10:30.852408+00:00,,"Glucosa, azúcar, gelatina, agua tratada, vitaminas (A, B (B2, B6, B12), C,D), sabor fresa, SIN (330, 202, 129). Este producto es distribuido por Inretail Pharma S.A. (Ley 32033) Multivitamínicos Suplementos y Vitaminas Packs de Nutrición y Bienestar Gomitas Funcionales para Todo Para Niños",,false_no_registro_sanitario,,
Mifarma,Suplemento de Carbohidrato Enterex Karbs Polvo Solución Oral,Suplemento de Carbohidrato Enterex Karbs Polvo Solución Oral,,70.00,PEN,available,https://www.mifarma.com.pe/producto/suplemento-de-carbohidrato-enterex-karbs-polvo-solucion-oral/529775,529775,ENTEREX,algolia_public_search,2026-06-08T01:10:30.991995+00:00,,Este producto es distribuido por Inretail Pharma S.A. (Ley 32033) Suplementos / Complementos Adulto,,false_no_registro_sanitario,,
Mifarma,Ciruelax Forte Comprimido Recubierto,Ciruelax Forte Comprimido Recubierto,,93.90,PEN,available,https://www.mifarma.com.pe/producto/ciruelax-forte-125-mg-comprimido-recubierto/231941,231941,CIRUELAX,algolia_public_search,2026-06-08T01:10:31.194920+00:00,,Extracto seco de hojas de Cassia angustifolia Vahl 125mg Este producto es distribuido por Inretail Pharma S.A. (Ley 32033) Cupón INKA20 Suplementos Nutricionales Sistema digestivo Laxantes Naturales,,false_no_registro_sanitario,,
Mifarma,Contravaris 100mg Cápsula - Caja 60 UN,Contravaris 100mg Cápsula - Caja 60 UN,,45.90,PEN,available,https://www.mifarma.com.pe/producto/contravaris-100mg-capsula/137557,137557,GARDEN HOUSE,algolia_public_search,2026-06-08T01:10:31.200874+00:00,,"EXTRACTO DE RUSCUS ACULEATUS, L. 100,00 mg Este producto es distribuido por Inretail Pharma S.A. (Ley 32033) Sistema Digestivo Suplementos Nutricionales Antihemorroidales Naturales",,false_no_registro_sanitario,,
Mifarma,Uña De Gato Schuler 150mg Cápsula,Uña De Gato Schuler 150mg Cápsula,,44.50,PEN,available,https://www.mifarma.com.pe/producto/una-de-gato-schuler-150-mg/134843,134843,SCHULER,algolia_public_search,2026-06-08T01:10:31.206036+00:00,,Uncaria tomentosa 150mg Este producto es distribuido por Inretail Pharma S.A. (Ley 32033) Sistema Renal/ Reproductor Suplementos Nutricionales Problemas Urinarios Naturales,,false_no_registro_sanitario,,
Mifarma,Warmi Capsula,Warmi Capsula,,126.00,PEN,available,https://www.mifarma.com.pe/producto/warmi-capsulas/513442,513442,HERSIL,algolia_public_search,2026-06-08T01:10:31.206304+00:00,,Extracto de Citrus aurantium L. 10mg | Lepidium meyeni walp 500mg Este producto es distribuido por Inretail Pharma S.A. (Ley 32033) Suplementos Nutricionales Cuidado de la Mujer Antimenospausico Naturales,,false_no_registro_sanitario,,
Mifarma,Ciruelax Infusión Filtrante Té - Caja 30 UN,Ciruelax Infusión Filtrante Té - Caja 30 UN,,45.00,PEN,available,https://www.mifarma.com.pe/producto/ciruelax-infusion-filtrante-te/137555,137555,CIRUELAX,algolia_public_search,2026-06-08T01:10:31.206562+00:00,,Sen 85.470g|Menta 8.547|Extracto de ciruelas Este producto es distribuido por Inretail Pharma S.A. (Ley 32033) Suplementos Nutricionales Sistema digestivo Laxantes Naturales,,false_no_registro_sanitario,,
Mifarma,Valupass Cápsula,Valupass Cápsula,,26.00,PEN,available,https://www.mifarma.com.pe/producto/valupass-capsulas/505541,505541,VALUPASS,algolia_public_search,2026-06-08T01:10:31.207192+00:00,,Valeriana officinalis (polvo de raíz) 70 mg| Humulus lupulus (polvo de escamas) 70 mg| Passiflora coerulea (polvo planta total) 70 mg Este producto es distribuido por Inretail Pharma S.A. (Ley 32033) Sistema Locomotor Suplementos Nutricionales Sedantes Naturales,,false_no_registro_sanitario,,
Mifarma,Sedistress 200 Mg Comprimido Recubierto,Sedistress 200 Mg Comprimido Recubierto,,90.30,PEN,available,https://www.mifarma.com.pe/producto/sedistress-200-mg-comprimido-recubierto/307613,307613,GARDEN HOUSE,algolia_public_search,2026-06-08T01:10:31.360934+00:00,,"Cada comprimido recubierto contiene Extracto seco de Passiflora incarnata L., herba 200 mg (DER 3.5-5:1), equivalente a 700 mg - 1000 mg de partes aéreas de Pasiflora Este producto es distribuido por Inretail Pharma S.A. (Ley 32033) Sistema Locomotor Suplementos Nutricionales Sedantes Naturales",,false_no_registro_sanitario,,
Mifarma,Uroberry Pacs Forte Tableta Recubierta de Liberación Retardada,Uroberry Pacs Forte Tableta Recubierta de Liberación Retardada,,154.02,PEN,available,https://www.mifarma.com.pe/producto/uroberry-pacs-forte-tableta-recubierta/548777,548777,LAFAGE,algolia_public_search,2026-06-08T01:10:31.364557+00:00,,Extracto de Arándano 400mg (Equivalente a 144mg de Proantocianidinas Tipo A) Este producto es distribuido por Inretail Pharma S.A. (Ley 32033) Sistema Renal/ Reproductor Suplementos Nutricionales Problemas Urinarios Naturales,,false_no_registro_sanitario,,
Mifarma,Ciruelax Minitabs Comprimido Recubierto - Caja 100 UN,Ciruelax Minitabs Comprimido Recubierto - Caja 100 UN,,76.00,PEN,available,https://www.mifarma.com.pe/producto/ciruelax-minitabs-comprimido-recubierto/529204,529204,CIRUELAX,algolia_public_search,2026-06-08T01:10:31.365399+00:00,,Extracto seco de hojas de cassia angustifolia Vahl 75mg Este producto es distribuido por Inretail Pharma S.A. (Ley 32033) Suplementos Nutricionales Sistema digestivo Laxantes Naturales,,false_no_registro_sanitario,,
Mifarma,Giloba Phytosome 40 Mg Cápsula Blanda - Caja 30 UN,Giloba Phytosome 40 Mg Cápsula Blanda - Caja 30 UN,,69.90,PEN,available,https://www.mifarma.com.pe/producto/giloba-phytosome-40-mg-capsula-blanda/527460,527460,GILOBA,algolia_public_search,2026-06-08T01:10:31.367111+00:00,,Este producto es distribuido por Inretail Pharma S.A. (Ley 32033) Suplementos Nutricionales Naturales,,false_no_registro_sanitario,,
Mifarma,Pack 02 Collaflex Colágeno 450GR,Pack 02 Collaflex Colágeno 450GR,DE3616,175.00,PEN,available,https://www.mifarma.com.pe/producto/pack-02-collaflex-colageno-450gr/PACKNT292,PACKNT292,COLLAFLEX,algolia_public_search,2026-06-08T01:10:31.369386+00:00,,Este producto es distribuido por Inretail Pharma S.A. (Ley 32033) Suplementos Nutricionales Suplementos y Vitaminas Packs de Nutrición y Bienestar Busca tu Marca de Colágeno Ideal Colágenos,digemid_name_inference,false_no_component_match,,
Mifarma,Pack x3 Colágeno Hidrolizado Collaflex,Pack x3 Colágeno Hidrolizado Collaflex,DE3616,159.90,PEN,available,https://www.mifarma.com.pe/producto/pack-x3-colageno-hidrolizado-collaflex/PACKNT13,PACKNT13,COLLAFLEX,algolia_public_search,2026-06-08T01:10:31.369744+00:00,,Este producto es distribuido por Inretail Pharma S.A. (Ley 32033) ¿Qué es el colágeno? Es la proteína más abundante del cuerpo humano y es el componente esencial de la piel y las articulaciones. Peptan: los péptidos de colágeno Peptan proporcionan múltiples beneficios para la salud y demuestran propiedades bioactivas únicas en los tejidos corporales. Suplementos Nutricionales Suplementos y Vitaminas Packs de Nutrición y Bienestar Busca tu Marca de Colágeno Ideal Colágenos,digemid_name_inference,false_no_component_match,,
Mifarma,Colágeno Hidrolizado en Polvo Vitagel,Colágeno Hidrolizado en Polvo Vitagel,,119.90,PEN,available,https://www.mifarma.com.pe/producto/colageno-vitagel-polvo/528597,528597,VITAGEL,algolia_public_search,2026-06-08T01:10:31.370854+00:00,,"Este producto es distribuido por Inretail Pharma S.A. (Ley 32033) Indicado en el tratamiento de los dolores y el desgaste de las articulaciones y de los músculos, mejora la elasticidad de la piel, evita que aparezcan estrías, potencia el crecimiento de las uñas y del cabello. Cupón INKA20 Suplementos Nutricionales Suplementos y Vitaminas Busca tu Marca de Colágeno Ideal Colágenos",,false_no_registro_sanitario,,
Mifarma,Collaflex Polvo para Solución Oral,Collaflex Polvo para Solución Oral,DE3616,94.90,PEN,available,https://www.mifarma.com.pe/producto/collaflex-polvo-para-solucion-oral/547916,547916,Collaflex,algolia_public_search,2026-06-08T01:10:31.372283+00:00,,Este producto es distribuido por Inretail Pharma S.A. (Ley 32033) Cupón INKA20 Suplementos Nutricionales Suplementos y Vitaminas Busca tu Marca de Colágeno Ideal Colágenos,digemid_name_inference,false_no_component_match,,
Mifarma,Tinku Melena de León Cápsula,Tinku Melena de León Cápsula,,69.90,PEN,available,https://www.mifarma.com.pe/producto/tinku-melena-de-leon-capsula/313199,313199,TINKU,algolia_public_search,2026-06-08T01:10:31.373899+00:00,,"Extracto de melena de león, harina de camu camu y vitamina C. Este producto es distribuido por Inretail Pharma S.A. (Ley 32033) Suplementos Nutricionales Naturales",,false_no_registro_sanitario,,
Mifarma,Collaflex Polvo para Solución Oral,Collaflex Polvo para Solución Oral,DE3616,59.90,PEN,available,https://www.mifarma.com.pe/producto/collaflex-polvo-para-solucion-oral/547915,547915,COLLAFLEX,algolia_public_search,2026-06-08T01:10:31.375194+00:00,,Este producto es distribuido por Inretail Pharma S.A. (Ley 32033) Suplementos Nutricionales Suplementos y Vitaminas Busca tu Marca de Colágeno Ideal Colágenos,digemid_name_inference,false_no_component_match,,
Mifarma,Colágeno Hidrolizado Mujer Aguaje,Colágeno Hidrolizado Mujer Aguaje,,47.50,PEN,available,https://www.mifarma.com.pe/producto/colageno-hidrolizado-mujer-aguaje/306912,306912,OLEMART,algolia_public_search,2026-06-08T01:10:31.378682+00:00,,Colágeno hidrolizado 100% puro. Este producto es distribuido por Inretail Pharma S.A. (Ley 32033) Suplementos Nutricionales Suplementos y Vitaminas Busca tu Marca de Colágeno Ideal Colágenos,,false_no_registro_sanitario,,
Mifarma,Mujer Aguaje Cúrcuma con Pimienta y Kion 500mg,Mujer Aguaje Cúrcuma con Pimienta y Kion 500mg,,37.90,PEN,available,https://www.mifarma.com.pe/producto/mujer-aguaje-curcuma-500mg-frasco/816315,816315,MUJER AGUAJE,algolia_public_search,2026-06-08T01:10:31.381016+00:00,,Este producto es distribuido por Inretail Pharma S.A. (Ley 32033) Alimentos Naturales Suplementos y Vitaminas Aguaje Antiflamatorio y Antiartrósico,,false_no_registro_sanitario,,
Mifarma,Sunvit Naturals Cúrcuma Cápsula,Sunvit Naturals Cúrcuma Cápsula,,31.60,PEN,available,https://www.mifarma.com.pe/producto/sunvit-naturals-curcuma-capsula/303407,303407,SUNVIT,algolia_public_search,2026-06-08T01:10:31.381976+00:00,,Cúrcuma molida Este producto es distribuido por Inretail Pharma S.A. (Ley 32033) Suplementos Nutricionales Suplementos y Vitaminas Antiflamatorio y Antiartrósico Naturales,,false_no_registro_sanitario,,
Mifarma,Lab Nutrition Proteína 100% Hidrolizada Milk Chocolate,Lab Nutrition Proteína 100% Hidrolizada Milk Chocolate,,359.00,PEN,available,https://www.mifarma.com.pe/producto/lab-nutrition-proteina-100-hidrolizada-milk-chocolate/303510,303510,LAB NUTRITION,algolia_public_search,2026-06-08T01:10:31.539366+00:00,,Hidrolizado de Proteína de Suero Aislado* 29.185 g*( Aportan el valor de proteína 25g) Excipientes: c.s. Este producto es distribuido por Inretail Pharma S.A. (Ley 32033) Promociones en Suplementos y Vitaminas Nutrición Deportiva Suplementos Deportivos Más Proteinas con Mejores Resultados,,false_no_registro_sanitario,,
Mifarma,Aceite de Oliva Extra Virgen OLI,Aceite de Oliva Extra Virgen OLI,,14.90,PEN,available,https://www.mifarma.com.pe/producto/oli-aceite-de-oliva-extra-virgen/304709,304709,OLI21,algolia_public_search,2026-06-08T01:10:31.545547+00:00,,Aceite de oliva Este producto es distribuido por Inretail Pharma S.A. (Ley 32033) Suplementos Nutricionales Naturales,,false_no_registro_sanitario,,
Mifarma,Fitness Té Green Seng Filtrante,Fitness Té Green Seng Filtrante,,22.90,PEN,available,https://www.mifarma.com.pe/producto/fitness-te-green-filtrantes-te-verde/514613,514613,TE GREEN,algolia_public_search,2026-06-08T01:10:31.545773+00:00,,"Este producto es distribuido por Inretail Pharma S.A. (Ley 32033) Green Seng es una combinación de hierbas del mundo, agradable y que cumplirá su objetivo porque adelgaza y adelgaza bien. Botanicals: Es una marca internacional usada para identificar productos naturales de calidad, los mismos que cumpliendo con altos estándares de seguridad en los procesos de clasificación, selección y elaboración, invitan a compartir lo natural en forma dietética y efectiva. Suplementos Nutricionales Nutrición Deportiva Infusiones Naturales Fitness y Deportivos Suplementos Dietéticos Infusiones Reductores Dietéticos Adelgazantes Naturales",,false_no_registro_sanitario,,
Mifarma,Botanical's Fitness Té Premium 90g,Botanical's Fitness Té Premium 90g,,22.90,PEN,available,https://www.mifarma.com.pe/producto/botanicals-fitnes-te-premium-90g/527910,527910,BOTANICAL'S,algolia_public_search,2026-06-08T01:10:31.545917+00:00,,Este producto es distribuido por Inretail Pharma S.A. (Ley 32033) Suplementos Nutricionales Infusiones Naturales Nutrición Deportiva Fitness y Deportivos Suplementos Dietéticos Infusiones Reductores Dietéticos Adelgazantes Naturales,,false_no_registro_sanitario,,
Mifarma,Prostabien Schuler Tabletas recubiertas,Prostabien Schuler Tabletas recubiertas,,99.90,PEN,available,https://www.mifarma.com.pe/producto/prostabien-schuler-tableta/139514,139514,PROSTABIEN,algolia_public_search,2026-06-08T01:10:31.549065+00:00,,Extracto seco atomizado de Uña de gato 90mg | Achiote 100mg Este producto es distribuido por Inretail Pharma S.A. (Ley 32033) Sistema Renal/ Reproductor Suplementos Nutricionales Problemas Reproductor Masculino Naturales,,false_no_registro_sanitario,,
Mifarma,Similac Rice HMO,Similac Rice HMO,,127.80,PEN,available,https://www.mifarma.com.pe/producto/similac-rice-400g/301647,301647,SIMILAC,algolia_public_search,2026-06-08T01:10:31.559509+00:00,,Este producto es distribuido por Inretail Pharma S.A. (Ley 32033) Suplementos / Complementos Embarazo,,false_no_registro_sanitario,,
Mifarma,Natalben Lactancia Cápsula,Natalben Lactancia Cápsula,,57.60,PEN,available,https://www.mifarma.com.pe/producto/natalben-lactancia-capsula/539062,539062,Itf Farmaceutica PERÚ,algolia_public_search,2026-06-08T01:10:31.564432+00:00,,Este producto es distribuido por Inretail Pharma S.A. (Ley 32033) Natalben Lactancia es un suplemento nutricional formulado para cubrir los requerimientos nutricionales de la madre a lo largo del periodo de lactancia materna. Vitaminas y Suplementos Multivitamínico Prenatal,,false_no_registro_sanitario,,
Mifarma,Gold Test diagnóstico embarazo Tira,Gold Test diagnóstico embarazo Tira,,5.50,PEN,available,https://www.mifarma.com.pe/producto/gold-test-diagnostico-de-embarazo-tira/574194,574194,GOLD,algolia_public_search,2026-06-08T01:10:31.716227+00:00,,"Este producto es distribuido por Inretail Pharma S.A. (Ley 32033) Test altamente sensible, para diagnóstico precoz del embarazo, seguro y confiable. - Fácil realizar e interpretar. - Resultado en 5 minutos. Suplementos / Complementos Embarazo",,false_no_registro_sanitario,,
Mifarma,Gold Test diagnostico embarazo Cassette,Gold Test diagnostico embarazo Cassette,,9.60,PEN,available,https://www.mifarma.com.pe/producto/gold-test-diagnostico-de-embarazo-casset/575888,575888,GOLD,algolia_public_search,2026-06-08T01:10:31.717115+00:00,,"Este producto es distribuido por Inretail Pharma S.A. (Ley 32033) Test altamente sensible, para diagnóstico precoz del embarazo, seguro y confiable. - Fácil realizar e interpretar. - Resultado en 5 minutos. - Lea y siga cuidadosamente las instrucciones que están en el sobre interior Suplementos / Complementos Embarazo",,false_no_registro_sanitario,,
Mifarma,Blemil Plus Confort Fórmula de Fácil Digestión,Blemil Plus Confort Fórmula de Fácil Digestión,,97.40,PEN,available,https://www.mifarma.com.pe/producto/blemil-plus-confort-formula-de-facil-digestion/555700,555700,BLEMIL,algolia_public_search,2026-06-08T01:10:31.718709+00:00,,Este producto es distribuido por Inretail Pharma S.A. (Ley 32033) Fórmula de continuación para lactantes de 0 a 6 meses que satisface completamente las necesidades nutritivas del recién nacido sano. Suplementos / Complementos Suplementos Nutricionales Fórmula para Bebés Fórmula Infantil Especial Pediátricos Fórmula Láctea Confort,,false_no_registro_sanitario,,
Mifarma,Similac Mamá Sabor Vainilla,Similac Mamá Sabor Vainilla,,51.50,PEN,available,https://www.mifarma.com.pe/producto/similac-mama-sabor-vainilla/215836,215836,SIMILAC,algolia_public_search,2026-06-08T01:10:31.720727+00:00,,Este producto es distribuido por Inretail Pharma S.A. (Ley 32033) Similac Mamá es un complemento alimenticio diseñado para las mujeres durante el período de embarazo y lactancia. Esta formulado para complementar las necesidades nutricionales que aumentan durante estos periodos. Suplementos / Complementos Embarazo,,false_no_registro_sanitario,,
Mifarma,Serecur 320mg Cápsula,Serecur 320mg Cápsula,,179.91,PEN,available,https://www.mifarma.com.pe/producto/serecur-320mg-capsula/571899,571899,LAFAGE,algolia_public_search,2026-06-08T01:10:31.721202+00:00,,Extracto de Serenoa repens 320mg Este producto es distribuido por Inretail Pharma S.A. (Ley 32033) Sistema Renal/ Reproductor Suplementos Nutricionales Problemas Reproductor Masculino Naturales,,false_no_registro_sanitario,,
Mifarma,Pack 02 Collaflex Colágeno 310GR,Pack 02 Collaflex Colágeno 310GR,DE3616,109.90,PEN,available,https://www.mifarma.com.pe/producto/pack-02-collaflex-colageno-310gr/PACKNT293,PACKNT293,COLLAFLEX,algolia_public_search,2026-06-08T01:10:31.735490+00:00,,Este producto es distribuido por Inretail Pharma S.A. (Ley 32033) Suplementos Nutricionales Suplementos y Vitaminas Packs de Nutrición y Bienestar Busca tu Marca de Colágeno Ideal Colágenos,digemid_name_inference,false_no_component_match,,
Mifarma,Vitagel Collashake Chocolate,Vitagel Collashake Chocolate,,99.90,PEN,available,https://www.mifarma.com.pe/producto/vitagel-collashake-chocolate/307392,307392,VITAGEL,algolia_public_search,2026-06-08T01:10:31.737537+00:00,,"Colágeno hidrolizado, avena en polvo, aroma natural dechocolate, Edulcorante (Glucósidos de esteviol E-960a), AminoácidosEsenciales Origen vacuno. Este producto es distribuido por Inretail Pharma S.A. (Ley 32033) Suplementos Nutricionales Suplementos y Vitaminas Busca tu Marca de Colágeno Ideal Colágenos",,false_no_registro_sanitario,,
Mifarma,Vitagel Collashake Vainilla,Vitagel Collashake Vainilla,,99.90,PEN,available,https://www.mifarma.com.pe/producto/vitagel-collashake-vainila/307382,307382,VITAGEL,algolia_public_search,2026-06-08T01:10:31.737693+00:00,,"Colágeno hidrolizado, avena en polvo, aroma natural devainilla, Edulcorante (Glucósidos de esteviol E-960a), AminoácidosEsenciales Origen vacuno Este producto es distribuido por Inretail Pharma S.A. (Ley 32033) Suplementos Nutricionales Suplementos y Vitaminas Busca tu Marca de Colágeno Ideal Colágenos",,false_no_registro_sanitario,,
Mifarma,Vitagel Colágeno Hidrolizado Tripeptide,Vitagel Colágeno Hidrolizado Tripeptide,,93.60,PEN,available,https://www.mifarma.com.pe/producto/vitagel-colageno-hidrolizado-tripeptide/313351,313351,VITAGEL,algolia_public_search,2026-06-08T01:10:31.740016+00:00,,Colágeno Hidrolizado (Colágeno Hidrolizado Tripéptido 40%). Este producto es distribuido por Inretail Pharma S.A. (Ley 32033) Suplementos / Complementos Suplementos Nutricionales Suplementos y Vitaminas Busca tu Marca de Colágeno Ideal Adulto Colágenos,,false_no_registro_sanitario,,
Mifarma,Pack 02 Mujer aguaje curcuma 500mg frasco,Pack 02 Mujer aguaje curcuma 500mg frasco,,74.90,PEN,available,https://www.mifarma.com.pe/producto/pack-02-mujer-aguaje-curcuma-500mg/PACKNT297,PACKNT297,OLEMART,algolia_public_search,2026-06-08T01:10:31.893246+00:00,,Este producto es distribuido por Inretail Pharma S.A. (Ley 32033) Alimentos Naturales Suplementos y Vitaminas Packs de Nutrición y Bienestar Aguaje Antiflamatorio y Antiartrósico,,false_no_registro_sanitario,,
Mifarma,Pack 02 Sunvit Naturals Uña de Gato 350mg,Pack 02 Sunvit Naturals Uña de Gato 350mg,,66.00,PEN,available,https://www.mifarma.com.pe/producto/pack-02-sunvit-naturals-una-de-gato-350mg/PACKNT209,PACKNT209,SUNVIT,algolia_public_search,2026-06-08T01:10:31.894271+00:00,,Polvo deshidratado de corteza de uña de gato y hojas de achiote . No contiene preservantes ni aditivos. Este producto es distribuido por Inretail Pharma S.A. (Ley 32033) Multivitamínicos Suplementos y Vitaminas Packs de Nutrición y Bienestar Antiflamatorio y Antiartrósico Para Adultos,,false_no_registro_sanitario,,
Mifarma,Pack 02 Sunvit Naturals Cúrcuma Cápsula,Pack 02 Sunvit Naturals Cúrcuma Cápsula,,60.80,PEN,available,https://www.mifarma.com.pe/producto/pack-02-sunvit-naturals-curcuma-capsula/PACKNT394,PACKNT394,SUNVIT,algolia_public_search,2026-06-08T01:10:31.896344+00:00,,Cúrcuma molida Este producto es distribuido por Inretail Pharma S.A. (Ley 32033) Suplementos y Vitaminas Packs de Nutrición y Bienestar Antiflamatorio y Antiartrósico,,false_no_registro_sanitario,,
Mifarma,Mujer aguaje Colágeno hidrolizado Premium,Mujer aguaje Colágeno hidrolizado Premium,,59.90,PEN,available,https://www.mifarma.com.pe/producto/mujer-aguaje-colageno-hidrolizado-premium/304635,304635,MUJER AGUAJE,algolia_public_search,2026-06-08T01:10:31.896482+00:00,,Colágeno hidrolizado 100% Puro Este producto es distribuido por Inretail Pharma S.A. (Ley 32033) Suplementos Nutricionales Suplementos y Vitaminas Busca tu Marca de Colágeno Ideal,,false_no_registro_sanitario,,
Mifarma,Mujer Aguaje Colágeno Mora 500 Gr,Mujer Aguaje Colágeno Mora 500 Gr,,59.90,PEN,available,https://www.mifarma.com.pe/producto/mujer-aguaje-colageno-mora-500-gr/302146,302146,BIOLOGISTICA PERÚ,algolia_public_search,2026-06-08T01:10:31.896615+00:00,,Este producto es distribuido por Inretail Pharma S.A. (Ley 32033) Alimentos Naturales Nutrición Deportiva Suplementos y Vitaminas Energizantes Naturales Busca tu Marca de Colágeno Ideal Maca,,false_no_registro_sanitario,,
Mifarma,Androflam 160 mg Cápsulas Blandas,Androflam 160 mg Cápsulas Blandas,,55.90,PEN,available,https://www.mifarma.com.pe/producto/androflam-160-mg-capsulas-blandas/305258,305258,SANIMED,algolia_public_search,2026-06-08T01:10:31.898111+00:00,,Cada cápsula blanda contiene: Extracto del aceite de Saw Palmetto (Estandarizado al 85 - 95 % de ácidos grasos totales) 160 mg Este producto es distribuido por Inretail Pharma S.A. (Ley 32033) Sistema Renal/ Reproductor Suplementos Nutricionales Problemas Reproductor Masculino Naturales,,false_no_registro_sanitario,,
Mifarma,Mujer aguaje Colágeno hidrolizado Premium,Mujer aguaje Colágeno hidrolizado Premium,,51.90,PEN,available,https://www.mifarma.com.pe/producto/mujer-aguaje-colageno-hidrolizado-premium/304633,304633,MUJER AGUAJE,algolia_public_search,2026-06-08T01:10:31.898676+00:00,,Colágeno hidrolizado 100% Puro Este producto es distribuido por Inretail Pharma S.A. (Ley 32033) Suplementos Nutricionales Suplementos y Vitaminas Busca tu Marca de Colágeno Ideal,,false_no_registro_sanitario,,
Mifarma,Pack 2 NutraStevia con Colágeno,Pack 2 NutraStevia con Colágeno,,47.90,PEN,available,https://www.mifarma.com.pe/producto/pack-2-nutrastevia-con-colageno/PACKNT178,PACKNT178,NUTRASTEVIA,algolia_public_search,2026-06-08T01:10:31.899344+00:00,,"Hojas de stevia en polvo, colágeno hidrolizado en polvo de origen bovino y antiaglutinante (SIN 551). Este producto es distribuido por Inretail Pharma S.A. (Ley 32033) Dietas Suplementos Nutricionales Nutrición Deportiva Packs de Nutrición y Bienestar Fitness y Deportivos Suplementos Dietéticos Dietéticos Edulcorante",,false_no_registro_sanitario,,
Mifarma,Gomitas Nutricionales para Adulto Natural Gummies Aguaje + Soya,Gomitas Nutricionales para Adulto Natural Gummies Aguaje + Soya,,47.90,PEN,available,https://www.mifarma.com.pe/producto/gomitas-para-adulto-natural-gummies-aguaje-soya/307380,307380,NATURAL GUMMIES,algolia_public_search,2026-06-08T01:10:31.899524+00:00,,"Maltitol líquido, Sorbitol, Agua, Gelatina; Eritritol; Ácido Cítrico,Aguaje (Regulador de acidez); Soya en polvo (textura); ColoranteNatural: Rojo Proveniente del maíz Morado 100 mg/kg SaborizanteNatural. Cereza. Este producto es distribuido por Inretail Pharma S.A. (Ley 32033) Multivitamínicos Suplementos y Vitaminas Gomitas Funcionales para Todo Para Adultos",,false_no_registro_sanitario,,
Mifarma,Cúrcuma + Pimienta Negra Natural Gummies Sabor Tutti Fruti,Cúrcuma + Pimienta Negra Natural Gummies Sabor Tutti Fruti,,47.90,PEN,available,https://www.mifarma.com.pe/producto/curcuma-pimienta-negra-natural-gummies-tutti-fruti/307157,307157,NATURAL BUSINESS,algolia_public_search,2026-06-08T01:10:31.899992+00:00,,"Jarabe de Maltitol; Sorbitol; Agua; Eritritol; Ácido Cítrico, Cúrcuma; Pimienta Negra. Saborizante: Tutty Fruty Jarabe de Maltitol; Sorbitol; Agua; Eritritol; Ácido Cítrico, Cúrcuma; Pimienta Negra. Saborizante: Tutty Fruty Jarabe de Maltitol; Sorbitol; Agua; Eritritol; Ácido Cítrico, Cúrcuma; Pimienta Negra. Saborizante: Tutty Fruty Multivitamínicos Suplementos / Complementos Suplementos y Vitaminas Antiflamatorio y Antiartrósico Adulto Gomitas Funcionales para Todo Para Niños",,false_no_registro_sanitario,,
Mifarma,Gomitas Nutricionales para Adulto Natural Gummies Arándanos,Gomitas Nutricionales para Adulto Natural Gummies Arándanos,,45.90,PEN,available,https://www.mifarma.com.pe/producto/gomitas-para-adulto-natural-gummies-arandanos/306856,306856,NATURAL GUMMIES,algolia_public_search,2026-06-08T01:10:31.900714+00:00,,"Jarabe de Maltitol, Sorbitol, Agua; Gelatina; Eritritol; Extracto de Arándano;Extracto de Cranberry; Ácido Cítrico, SIN (E-330), (9 gr/kg). SaborizanteNatural Arándano. Este producto es distribuido por Inretail Pharma S.A. (Ley 32033) Multivitamínicos Suplementos y Vitaminas Gomitas Funcionales para Todo Para Adultos",,false_no_registro_sanitario,,
Mifarma,Vitagel Colágeno Polvo - Caja 15 UN,Vitagel Colágeno Polvo - Caja 15 UN,,44.90,PEN,available,https://www.mifarma.com.pe/producto/colageno-vitagel-polvo/529004,529004,VITAGEL,algolia_public_search,2026-06-08T01:10:31.901572+00:00,,Este producto es distribuido por Inretail Pharma S.A. (Ley 32033) Suplementos Nutricionales Suplementos y Vitaminas Busca tu Marca de Colágeno Ideal Colágenos,,false_no_registro_sanitario,,
Mifarma,Ciruelax Jalea Laxante Natural - Pote 300 G,Ciruelax Jalea Laxante Natural - Pote 300 G,,42.50,PEN,available,https://www.mifarma.com.pe/producto/ciruelax-jalea-laxante-natural/138927,138927,CIRUELAX,algolia_public_search,2026-06-08T01:10:31.902527+00:00,,"Polvo de hojas de Cassia angustifolia Vahl 4,4 g (Equivalente a no menos de 110 mg de Senósidos B)Polvo de frutos de Cassia acutifolia D 2,2 g (Equivalente a no menos de 74,8 mg de Senósidos B)Pulpa de ciruela 13,8 gPulpa de manzana 23,8 gSemilla de linaza 2,5 g Este producto es distribuido por Inretail Pharma S.A. (Ley 32033) Suplementos Nutricionales Sistema digestivo Laxantes Naturales",,false_no_registro_sanitario,,
Mifarma,Pack 02 Fitness Te Premium Botanicals,Pack 02 Fitness Te Premium Botanicals,,41.90,PEN,available,https://www.mifarma.com.pe/producto/pack-02-Fitness-te-premium-botanicals/PACKNT265,PACKNT265,BOTANICAL'S,algolia_public_search,2026-06-08T01:10:31.902956+00:00,,Este producto es distribuido por Inretail Pharma S.A. (Ley 32033) Suplementos Nutricionales Infusiones Naturales Nutrición Deportiva Packs de Nutrición y Bienestar Fitness y Deportivos Suplementos Dietéticos Infusiones Reductores Dietéticos Adelgazantes Naturales,,false_no_registro_sanitario,,
Mifarma,Pack 02 Fitness Té Green Seng Filtrante,Pack 02 Fitness Té Green Seng Filtrante,,41.90,PEN,available,https://www.mifarma.com.pe/producto/pack-2-te-fitness-premium-green-seng-filtrante/PACKNT264,PACKNT264,BOTANICALS,algolia_public_search,2026-06-08T01:10:31.903184+00:00,,"Este producto es distribuido por Inretail Pharma S.A. (Ley 32033) Green Seng es una combinación de hierbas del mundo, agradable y que cumplirá su objetivo porque adelgaza y adelgaza bien. Botanicals: Es una marca internacional usada para identificar productos naturales de calidad, los mismos que cumpliendo con altos estándares de seguridad en los procesos de clasificación, selección y elaboración, invitan a compartir lo natural en forma dietética y efectiva. Suplementos Nutricionales Infusiones Naturales Nutrición Deportiva Packs de Nutrición y Bienestar Fitness y Deportivos Suplementos Dietéticos Infusiones Reductores Dietéticos Adelgazantes Naturales",,false_no_registro_sanitario,,
Mifarma,Sunvit Nat Uña de gato+Achiote 350mg cápsulas,Sunvit Nat Uña de gato+Achiote 350mg cápsulas,,34.30,PEN,available,https://www.mifarma.com.pe/producto/sunvit-nat-una-de-gato-achiote-350mg-capsulas/816577,816577,SUNVIT,algolia_public_search,2026-06-08T01:10:31.906569+00:00,,Polvo deshidratado de corteza de uña de gato y hojas de achiote . No contiene preservantes ni aditivos. Este producto es distribuido por Inretail Pharma S.A. (Ley 32033) Multivitamínicos Suplementos y Vitaminas Antiflamatorio y Antiartrósico Para Adultos,,false_no_registro_sanitario,,
Mifarma,Gomix Sleep Caramelos Blandos,Gomix Sleep Caramelos Blandos,,30.90,PEN,available,https://www.mifarma.com.pe/producto/gomix-sleep-caramelos-blandos/306569,306569,GOMIX,algolia_public_search,2026-06-08T01:10:31.908018+00:00,,Consumir 1 o 2 caramelos blandos una hora antes de dormir. Este producto es distribuido por Inretail Pharma S.A. (Ley 32033) Suplementos Nutricionales Suplementos y Vitaminas Ayuda a Relajarte y Dormir Mejor,,false_no_registro_sanitario,,
Mifarma,Mujer Aguaje Colágeno Hidrolizado Camu Camu,Mujer Aguaje Colágeno Hidrolizado Camu Camu,,29.90,PEN,available,https://www.mifarma.com.pe/producto/mujer-aguaje-colageno-hidrolizado-camu-camu/306576,306576,OLEMART,algolia_public_search,2026-06-08T01:10:31.908136+00:00,,Este producto es distribuido por Inretail Pharma S.A. (Ley 32033) Suplementos Nutricionales Suplementos y Vitaminas Busca tu Marca de Colágeno Ideal Colágenos,,false_no_registro_sanitario,,
Mifarma,Stevia Onza Endulzante Best Quality Polvo,Stevia Onza Endulzante Best Quality Polvo,,26.90,PEN,available,https://www.mifarma.com.pe/producto/stevia-onza-endulzante-best-quality-polvo/800034,800034,ONZA,algolia_public_search,2026-06-08T01:10:31.908538+00:00,,Este producto es distribuido por Inretail Pharma S.A. (Ley 32033) Dietas Suplementos Nutricionales Nutrición Deportiva Fitness y Deportivos Suplementos Dietéticos Dietéticos Edulcorante,,false_no_registro_sanitario,,
Mifarma,Stevia Onza Endulzante Best Quality Polvo,Stevia Onza Endulzante Best Quality Polvo,,24.90,PEN,available,https://www.mifarma.com.pe/producto/stevia-onza-endulzante-best-quality-polvo/800038,800038,ONZA,algolia_public_search,2026-06-08T01:10:31.908659+00:00,,Este producto es distribuido por Inretail Pharma S.A. (Ley 32033) Dietas Suplementos Nutricionales Nutrición Deportiva Fitness y Deportivos Suplementos Dietéticos Dietéticos Edulcorante,,false_no_registro_sanitario,,
Mifarma,Nutrastevia con colágeno,Nutrastevia con colágeno,,24.90,PEN,available,https://www.mifarma.com.pe/producto/nutrastevia-con-colageno/302021,302021,NUTRASTEVIA,algolia_public_search,2026-06-08T01:10:31.908809+00:00,,"Hojas de stevia en polvo, colágeno hidrolizado en polvo de origen bovino y antiaglutinante (SIN 551). Este producto es distribuido por Inretail Pharma S.A. (Ley 32033) Dietas Suplementos Nutricionales Nutrición Deportiva Fitness y Deportivos Suplementos Dietéticos Dietéticos Edulcorante",,false_no_registro_sanitario,,
Mifarma,Ciruelax Jalea - Pote 150 G,Ciruelax Jalea - Pote 150 G,,22.90,PEN,available,https://www.mifarma.com.pe/producto/ciruelax-jalea/213940,213940,CIRUELAX,algolia_public_search,2026-06-08T01:10:31.909200+00:00,,"Polvo de hojas de Cassia angustifolia Vahl 4,4 g(Equivalente a no menos de 110 mg de Senósidos B) Polvo de frutos de Cassia acutifolia D 2,2 g(Equivalente a no menos de 74,8 mg de Senósidos B) Pulpa de ciruela 13,8 gPulpa de manzana 23,8 gSemilla de linaza 2,5 g Este producto es distribuido por Inretail Pharma S.A. (Ley 32033) Suplementos Nutricionales Sistema digestivo Laxantes Naturales",,false_no_registro_sanitario,,
Mifarma,Stevia Onza Pura Endulzante Polvo,Stevia Onza Pura Endulzante Polvo,,21.90,PEN,available,https://www.mifarma.com.pe/producto/stevia-onza-pura-endulzante-polvo/800041,800041,ONZA,algolia_public_search,2026-06-08T01:10:31.909325+00:00,,Este producto es distribuido por Inretail Pharma S.A. (Ley 32033) Dietas Suplementos Nutricionales Nutrición Deportiva Fitness y Deportivos Suplementos Dietéticos Dietéticos Edulcorante,,false_no_registro_sanitario,,
Mifarma,Stevia Onza Pura Endulzante Polvo,Stevia Onza Pura Endulzante Polvo,,13.50,PEN,available,https://www.mifarma.com.pe/producto/stevia-onza-pura-endulzante-polvo/800042,800042,ONZA,algolia_public_search,2026-06-08T01:10:31.909762+00:00,,Este producto es distribuido por Inretail Pharma S.A. (Ley 32033) Dietas Suplementos Nutricionales Nutrición Deportiva Fitness y Deportivos Suplementos Dietéticos Dietéticos Edulcorante,,false_no_registro_sanitario,,
Mifarma,Miel de Abeja OLI21,Miel de Abeja OLI21,,11.90,PEN,available,https://www.mifarma.com.pe/producto/miel-de-abeja-oli21-350g/308009,308009,OLI 2121,algolia_public_search,2026-06-08T01:10:32.065950+00:00,,Este producto es distribuido por Inretail Pharma S.A. (Ley 32033) Suplementos Nutricionales Naturales,,false_no_registro_sanitario,,
Mifarma,Stevia con Yacón Onza caja x 50 sobres,Stevia con Yacón Onza caja x 50 sobres,,16.90,PEN,available,https://www.mifarma.com.pe/producto/stevia-con-yacon-onza-caja-x-50-sobres/308137,308137,ONZA,algolia_public_search,2026-06-08T01:10:32.067067+00:00,,Stevia 100% pura Yacón en Polvo Este producto es distribuido por Inretail Pharma S.A. (Ley 32033) Dietas Suplementos Nutricionales Nutrición Deportiva Fitness y Deportivos Suplementos Dietéticos Dietéticos Edulcorante,,false_no_registro_sanitario,,
Mifarma,Lab Nutrition Proteína 100% Hidrolizada Vainilla,Lab Nutrition Proteína 100% Hidrolizada Vainilla,,359.00,PEN,available,https://www.mifarma.com.pe/producto/lab-nutrition-proteina-100-hidrolizada-vainilla/303487,303487,LAB NUTRITION,algolia_public_search,2026-06-08T01:10:32.071748+00:00,,Hidrolizado de Proteína de Suero Aislado 29.780 g (Aportan el valor de proteína 25g) Excipientes: c.s. Este producto es distribuido por Inretail Pharma S.A. (Ley 32033) Promociones en Suplementos y Vitaminas Nutrición Deportiva Suplementos Deportivos Más Proteinas con Mejores Resultados,,false_no_registro_sanitario,,
Mifarma,LAB Nutrition Proteína 100% Hidrolizada Cookies & Cream,LAB Nutrition Proteína 100% Hidrolizada Cookies & Cream,,359.00,PEN,available,https://www.mifarma.com.pe/producto/lab-nutrition-proteina-100-hidrolizada-cookies-cream/303475,303475,LAB NUTRITION,algolia_public_search,2026-06-08T01:10:32.071909+00:00,,Aislado De Proteína De Suero Hidrolizada 29.43 g* (Provee el valor nutricional Proteína 25 g) Excipientes: c.s. Este producto es distribuido por Inretail Pharma S.A. (Ley 32033) Promociones en Suplementos y Vitaminas Nutrición Deportiva Suplementos Deportivos Más Proteinas con Mejores Resultados,,false_no_registro_sanitario,,
Mifarma,Miel de Abeja OLI21,Miel de Abeja OLI21,,23.90,PEN,available,https://www.mifarma.com.pe/producto/oli-21-miel-de-abeja/304715,304715,OLI21,algolia_public_search,2026-06-08T01:10:32.077992+00:00,,Miel de abeja Este producto es distribuido por Inretail Pharma S.A. (Ley 32033) Suplementos Nutricionales Naturales,,false_no_registro_sanitario,,
Mifarma,Sottilite Solución oral,Sottilite Solución oral,,89.90,PEN,available,https://www.mifarma.com.pe/producto/sottilite-solucion-oral/816716,816716,FARMACIENCIA NATURAL,algolia_public_search,2026-06-08T01:10:32.079368+00:00,,Extracto de Cynara Scolymus (Alcachofa) 2mlExtracto de Mentha Piperita L. (Menta) 2mlExtracto de Aloysia Citriodora P.(Hierba Luisa) 2mlExtracto de Ocimum Basilicum L. (Albahaca) 2mlAgua purificada C.S.P 100ml Este producto es distribuido por Inretail Pharma S.A. (Ley 32033) Suplementos Nutricionales Suplementos / Complementos Adultos Adulto,,false_no_registro_sanitario,,
Mifarma,Cetopic Serum 22%,Cetopic Serum 22%,,110.70,PEN,available,https://www.mifarma.com.pe/producto/cetopic-serum-22/307576,307576,CETOPIC,algolia_public_search,2026-06-08T01:10:32.079504+00:00,,Contiene:22% de vitamina C Este producto es distribuido por Inretail Pharma S.A. (Ley 32033) Multivitamínicos Suplementos / Complementos Adulto Para Adultos,,false_no_registro_sanitario,,
Mifarma,Pack 01 Fenogreco 500mg Lima Naturals + 01 Espirulina 500mg Lima Naturals,Pack 01 Fenogreco 500mg Lima Naturals + 01 Espirulina 500mg Lima Naturals,,81.00,PEN,available,https://www.mifarma.com.pe/producto/pack-1-fenogreco-500mg-lima-naturals-1-espirulina/PACKNT93,PACKNT93,OLEMART,algolia_public_search,2026-06-08T01:10:32.079980+00:00,,"100% Fenogreco. Espirulina: Espirulina, berros y alcachofa. Este producto es distribuido por Inretail Pharma S.A. (Ley 32033) Alimentos Naturales Suplementos y Vitaminas Packs de Nutrición y Bienestar Antiflamatorio y Antiartrósico Otros Alimentos Naturales Espirulina",,false_no_registro_sanitario,,
Mifarma,Lima naturals Cúrcuma Pimienta negra & Kion Polvo,Lima naturals Cúrcuma Pimienta negra & Kion Polvo,,48.50,PEN,available,https://www.mifarma.com.pe/producto/lima-naturals-curcuma-pimienta-negra-kion-polvo/303995,303995,OLEMART,algolia_public_search,2026-06-08T01:10:32.080292+00:00,,"Cúrcuma, Pimienta negra y Kion en polvo Este producto es distribuido por Inretail Pharma S.A. (Ley 32033) Suplementos y Vitaminas Antiflamatorio y Antiartrósico",,false_no_registro_sanitario,,
Mifarma,Fenogreco 500mg Lima Naturals Cápsulas,Fenogreco 500mg Lima Naturals Cápsulas,,42.90,PEN,available,https://www.mifarma.com.pe/producto/fenogreco-500mg-lima-naturals-capsulas/800409,800409,OLEMART,algolia_public_search,2026-06-08T01:10:32.080639+00:00,,100% Fenogreco. Este producto es distribuido por Inretail Pharma S.A. (Ley 32033) Alimentos Naturales Suplementos y Vitaminas Antiflamatorio y Antiartrósico Otros Alimentos Naturales,,false_no_registro_sanitario,,
Mifarma,Cúrcuma 500mg Lima Naturals Cápsulas,Cúrcuma 500mg Lima Naturals Cápsulas,,42.90,PEN,available,https://www.mifarma.com.pe/producto/curcuma-500mg-lima-naturals-capsulas/800403,800403,OLEMART,algolia_public_search,2026-06-08T01:10:32.080776+00:00,,"Cúrcuma, Pimienta Negra, Kion en polvo. Este producto es distribuido por Inretail Pharma S.A. (Ley 32033) Alimentos Naturales Suplementos y Vitaminas Antiflamatorio y Antiartrósico Otros Alimentos Naturales",,false_no_registro_sanitario,,
Mifarma,Pack 02 Endulzante Dul-Suc,Pack 02 Endulzante Dul-Suc,,51.80,PEN,available,https://www.mifarma.com.pe/producto/pack-2-endulzante-dul-suc/PACKNT263,PACKNT263,DUL-SUC,algolia_public_search,2026-06-08T01:10:32.092698+00:00,,Este producto es distribuido por Inretail Pharma S.A. (Ley 32033) Dietas Suplementos Nutricionales Nutrición Deportiva Packs de Nutrición y Bienestar Fitness y Deportivos Suplementos Dietéticos Dietéticos Edulcorante,,false_no_registro_sanitario,,
Mifarma,Warmi Polvo - Pote 330 G,Warmi Polvo - Pote 330 G,,77.00,PEN,available,https://www.mifarma.com.pe/producto/warmi-polvo/515126,515126,HERSIL,algolia_public_search,2026-06-08T01:10:32.093766+00:00,,"Este producto es distribuido por Inretail Pharma S.A. (Ley 32033) Indicado en el alivio de los sofocos que aparecen durante la menopausia, y los cambios de humor. Suplementos Nutricionales Cuidado de la Mujer Adultos Geriátricos Antimenospausico",,false_no_registro_sanitario,,
Mifarma,Tonatrim Plus Capsula blanda,Tonatrim Plus Capsula blanda,,99.90,PEN,available,https://www.mifarma.com.pe/producto/tonatrim-plus-capsula-blanda/515588,515588,SWISSCAPS ROMANIA,algolia_public_search,2026-06-08T01:10:32.094016+00:00,,Aceite de Cártamo 515.000mgExtracto de Té verde 28.325mg Este producto es distribuido por Inretail Pharma S.A. (Ley 32033) Suplementos Nutricionales Nutrición Deportiva Fitness y Deportivos Suplementos Dietéticos Dietéticos Adelgazantes Naturales,,false_no_registro_sanitario,,
Mifarma,Proteína Ovo Extreme Sabor Vainilla - Frasco 1000 G,Proteína Ovo Extreme Sabor Vainilla - Frasco 1000 G,,127.90,PEN,available,https://www.mifarma.com.pe/producto/proteina-ovo-extreme-sabor-vainilla/525908,525908,OVO EXTREME,algolia_public_search,2026-06-08T01:10:32.245441+00:00,,Este producto es distribuido por Inretail Pharma S.A. (Ley 32033) Alimenticio elaborado a base de albúmina de huevo deshidratada. aportan fuerza y energía empleadas por los músculos. Promociones en Suplementos y Vitaminas Suplementos Nutricionales Nutrición Deportiva Fitness y Deportivos Deportivos Suplementos Deportivos Más Proteinas con Mejores Resultados,,false_no_registro_sanitario,,
Mifarma,Extreme Ovo Protein Sabor Vainilla - Frasco 500 G,Extreme Ovo Protein Sabor Vainilla - Frasco 500 G,,77.90,PEN,available,https://www.mifarma.com.pe/producto/extreme-ovo-protein-sabor-vainilla/525910,525910,OVO EXTREME,algolia_public_search,2026-06-08T01:10:32.245628+00:00,,Este producto es distribuido por Inretail Pharma S.A. (Ley 32033) Alimenticio elaborado a base de albúmina de huevo deshidratada. aportan fuerza y energía empleadas por los músculos. Promociones en Suplementos y Vitaminas Suplementos Nutricionales Nutrición Deportiva Fitness y Deportivos Deportivos Suplementos Deportivos Más Proteinas con Mejores Resultados,,false_no_registro_sanitario,,
Mifarma,Extreme Ovo Protein Sabor Chocolate - Frasco 1000 G,Extreme Ovo Protein Sabor Chocolate - Frasco 1000 G,,127.90,PEN,available,https://www.mifarma.com.pe/producto/extreme-ovo-protein-sabor-chocolate/525907,525907,OVO EXTREME,algolia_public_search,2026-06-08T01:10:32.245800+00:00,,Este producto es distribuido por Inretail Pharma S.A. (Ley 32033) Alimenticio elaborado a base de albúmina de huevo deshidratada. aportan fuerza y energía empleadas por los músculos. Promociones en Suplementos y Vitaminas Suplementos Nutricionales Nutrición Deportiva Fitness y Deportivos Deportivos Suplementos Deportivos Más Proteinas con Mejores Resultados,,false_no_registro_sanitario,,
Mifarma,Ciruelax Líquido Jarabe,Ciruelax Líquido Jarabe,,20.60,PEN,available,https://www.mifarma.com.pe/producto/ciruelax-jarabe/513513,513513,CIRUELAX,algolia_public_search,2026-06-08T01:10:32.245931+00:00,,Extracto de hojas y frutos de cassia angustifolia 0.25g Este producto es distribuido por Inretail Pharma S.A. (Ley 32033) Suplementos Nutricionales Sistema digestivo Laxantes Naturales,,false_no_registro_sanitario,,
Mifarma,Ciruelax Jalea Laxante Natural - Pote 600 G,Ciruelax Jalea Laxante Natural - Pote 600 G,,69.80,PEN,available,https://www.mifarma.com.pe/producto/ciruelax-jalea-laxante-natural/138928,138928,CIRUELAX,algolia_public_search,2026-06-08T01:10:32.247527+00:00,,"Polvo de hojas de Cassia angustifolia Vahl 4,4 g (Equivalente a no menos de 110 mg de Senósidos B)Polvo de frutos de Cassia acutifolia D 2,2 g (Equivalente a no menos de 74,8 mg de Senósidos B)Pulpa de ciruela 13,8 gPulpa de manzana 23,8 gSemilla de linaza 2,5 g Este producto es distribuido por Inretail Pharma S.A. (Ley 32033) Suplementos Nutricionales Sistema digestivo Laxantes Naturales",,false_no_registro_sanitario,,
Mifarma,Maddre Polvo Sabor Vainilla,Maddre Polvo Sabor Vainilla,,59.40,PEN,available,https://www.mifarma.com.pe/producto/maddre-polvo-sabor-vainilla/133385,133385,MADDRE,algolia_public_search,2026-06-08T01:10:32.248110+00:00,,"Este producto es distribuido por Inretail Pharma S.A. (Ley 32033) Indicado para pre gestantes, gestantes y en lactantes. Suplementos / Complementos Embarazo",,false_no_registro_sanitario,,
Mifarma,Apoyo Nutricional Sustagen Vainilla,Apoyo Nutricional Sustagen Vainilla,,53.40,PEN,available,https://www.mifarma.com.pe/producto/sustagen-polvo-sabor-vainilla/178059,178059,SUSTAGEN,algolia_public_search,2026-06-08T01:10:32.248257+00:00,,Este producto es distribuido por Inretail Pharma S.A. (Ley 32033) Indicado en el desarrollo mental o cognitivo y contribuye junto con una dieta balaceada al desarrollo fisico y mental. Vitaminas y Suplementos Suplementos Nutricionales Multivitamínico para Bebés Pediátricos,,false_no_registro_sanitario,,
Mifarma,PVM Polvo Sabor Fresa,PVM Polvo Sabor Fresa,,54.00,PEN,available,https://www.mifarma.com.pe/producto/pvm-polvo-sabor-fresa-frasco-460-g/136959,136959,HERSIL,algolia_public_search,2026-06-08T01:10:32.248650+00:00,,"Este producto es distribuido por Inretail Pharma S.A. (Ley 32033) PVM® es un alimento nutritivo que aporta proteínas, vitaminas, minerales y energía (carbohidratos). PVM® es ideal para ser consumido por adultos cuando se requiera de un mayor aporte de nutrientes o cuando la ingesta de alimentos este por debajo de los requerimientos diarios. Si está bajo tratamiento seguir las instrucciones de un profesional de la salud calificado. Suplementos Nutricionales Suplementos / Complementos Nutrición Adulto Adultos Adulto Geriátricos",,false_no_registro_sanitario,,
Mifarma,Prostaflam 500 Mg. - Frasco 60 UN,Prostaflam 500 Mg. - Frasco 60 UN,,42.00,PEN,available,https://www.mifarma.com.pe/producto/prostaflam-500-mg-/136840,136840,PROSTAFLAM,algolia_public_search,2026-06-08T01:10:32.248947+00:00,,Este producto es distribuido por Inretail Pharma S.A. (Ley 32033) Sistema Renal/ Reproductor Suplementos Nutricionales Problemas Reproductor Masculino Naturales,,false_no_registro_sanitario,,
Mifarma,Endulzante Dul-Suc - Frasco 500 UN,Endulzante Dul-Suc - Frasco 500 UN,,25.90,PEN,available,https://www.mifarma.com.pe/producto/endulzante-dul-suc/138792,138792,DUL-SUC,algolia_public_search,2026-06-08T01:10:32.249198+00:00,,Este producto es distribuido por Inretail Pharma S.A. (Ley 32033) Dietas Suplementos Nutricionales Nutrición Deportiva Fitness y Deportivos Suplementos Dietéticos Dietéticos Edulcorante,,false_no_registro_sanitario,,
Mifarma,Hepalife Advance q10 Cápsula,Hepalife Advance q10 Cápsula,,99.90,PEN,available,https://www.mifarma.com.pe/producto/hepalife-advance-q10-capsula/314496,314496,NUTRISA,algolia_public_search,2026-06-08T01:10:32.254930+00:00,,"Mezclas de harinas: Alcachofa, Boldo, Diente de León, Berros, No ni Este producto es distribuido por Inretail Pharma S.A. (Ley 32033) Suplementos / Complementos Suplementos Nutricionales Adulto Colágenos",,false_no_registro_sanitario,,
Mifarma,Vitagel Colaghidrolizado Tripeptide,Vitagel Colaghidrolizado Tripeptide,,32.90,PEN,available,https://www.mifarma.com.pe/producto/vitagel-colaghidrolizado-tripeptide-/313960,313960,VITAGEL TRIPEPTIDE,algolia_public_search,2026-06-08T01:10:32.255386+00:00,,Ingredientes: Colágeno Hidrolizado (bovino) 3 g. Colágeno Hidrolizado Tripéptido (bovino) 2 g. Este producto es distribuido por Inretail Pharma S.A. (Ley 32033) Suplementos Nutricionales Suplementos y Vitaminas Busca tu Marca de Colágeno Ideal Colágenos,,false_no_registro_sanitario,,
Mifarma,Gerber Compota Manzana,Gerber Compota Manzana,,4.60,PEN,available,https://www.mifarma.com.pe/producto/gerber-compota-manzana/312285,312285,COMPOTA MANZANA,algolia_public_search,2026-06-08T01:10:32.256912+00:00,,"Puré de manzana (99.7%) preparado de concentrado, Jugo de limón concentrado y Vitamina C. Este producto es distribuido por Inretail Pharma S.A. (Ley 32033) Suplementos / Complementos Cereales y Compotas",,false_no_registro_sanitario,,
Mifarma,Gerber Compota Plátano,Gerber Compota Plátano,,4.60,PEN,available,https://www.mifarma.com.pe/producto/gerber-compota-platano/312284,312284,COMPOTA PLATANO,algolia_public_search,2026-06-08T01:10:32.257057+00:00,,"Puré de plátano (91%) preparado de concentrado, Agua, Jugo de limón concentrado y Vitamina C. Este producto es distribuido por Inretail Pharma S.A. (Ley 32033) Suplementos / Complementos Cereales y Compotas",,false_no_registro_sanitario,,
Mifarma,Smofkabiven Periférico Emulsión para Perfusión,Smofkabiven Periférico Emulsión para Perfusión,,370.00,PEN,available,https://www.mifarma.com.pe/producto/smofkabiven-periferico-emulsion-para-perfusion/308858,308858,FRESENIUS KABI,algolia_public_search,2026-06-08T01:10:32.258837+00:00,,Este producto es distribuido por Inretail Pharma S.A. (Ley 32033) Dietas Suplementos Nutricionales Nutrición Deportiva Fitness y Deportivos Suplementos Dietéticos Dietéticos Otros Productos de Dieta Naturales,,false_no_registro_sanitario,,
Mifarma,Vitafos Vainilla Polvo,Vitafos Vainilla Polvo,,116.90,PEN,available,https://www.mifarma.com.pe/producto/vitafos-vainilla-polvo-/308729,308729,ORDESA,algolia_public_search,2026-06-08T01:10:32.259149+00:00,,"VITAFOS VAINILLA, Mezcla de hidratos de carbono, aceites vegetales enriquecidos con vitaminas y minerales Este producto es distribuido por Inretail Pharma S.A. (Ley 32033) Suplementos Nutricionales Suplementos / Complementos Nutrición Adulto Adultos Adulto Geriátricos",,false_no_registro_sanitario,,
Mifarma,Miel de Abeja Chacra Santa,Miel de Abeja Chacra Santa,,29.00,PEN,available,https://www.mifarma.com.pe/producto/miel-de-abeja-chacra-santa-370g/307285,307285,CHACRA SANTA,algolia_public_search,2026-06-08T01:10:32.263871+00:00,,100% Miel de Abeja Natural Este producto es distribuido por Inretail Pharma S.A. (Ley 32033) Suplementos Nutricionales Naturales,,false_no_registro_sanitario,,
Mifarma,Vinagre de Sidra de Manzana Chacra Santa,Vinagre de Sidra de Manzana Chacra Santa,,19.00,PEN,available,https://www.mifarma.com.pe/producto/vinagre-de-sidra-de-manzana-chacra-santa-500ml/307283,307283,CHACRA SANTA,algolia_public_search,2026-06-08T01:10:32.264088+00:00,,Manzanas seleccionadas Levadura Agua Este producto es distribuido por Inretail Pharma S.A. (Ley 32033) Suplementos Nutricionales Naturales,,false_no_registro_sanitario,,
Mifarma,Fitosana Colágeno Puro Premium,Fitosana Colágeno Puro Premium,,99.90,PEN,available,https://www.mifarma.com.pe/producto/fitosana-colageno-puro-premium/304651,304651,FITOSANA,algolia_public_search,2026-06-08T01:10:32.266256+00:00,,Colágeno hidrolizado. Este producto es distribuido por Inretail Pharma S.A. (Ley 32033) Suplementos Nutricionales,,false_no_registro_sanitario,,
Mifarma,Lima naturals Sili Marina,Lima naturals Sili Marina,,51.00,PEN,available,https://www.mifarma.com.pe/producto/lima-naturals-sili-marina/303992,303992,OLEMART,algolia_public_search,2026-06-08T01:10:32.267672+00:00,,Extracto de Cardo Mariano (Sili marina) yAlcachofa Este producto es distribuido por Inretail Pharma S.A. (Ley 32033) Suplementos Nutricionales Nutrición Deportiva Fitness y Deportivos Suplementos Dietéticos Dietéticos Adelgazantes Naturales,,false_no_registro_sanitario,,
Mifarma,Lima Naturals Garcinia Cambogia,Lima Naturals Garcinia Cambogia,,43.90,PEN,available,https://www.mifarma.com.pe/producto/lima-naturals-garcinia-cambogia/303991,303991,OLEMART,algolia_public_search,2026-06-08T01:10:32.267806+00:00,,"Garcinia Cambogia, Hoja de Stevia, Vitamina Cy excipientes Este producto es distribuido por Inretail Pharma S.A. (Ley 32033) Suplementos Nutricionales Nutrición Deportiva Fitness y Deportivos Suplementos Dietéticos Dietéticos Adelgazantes Naturales",,false_no_registro_sanitario,,
Mifarma,PVM Sabor vainilla,PVM Sabor vainilla,,85.90,PEN,available,https://www.mifarma.com.pe/producto/pvm-sabor-vainilla/303309,303309,HERSIL,algolia_public_search,2026-06-08T01:10:32.268724+00:00,,Este producto es distribuido por Inretail Pharma S.A. (Ley 32033) Suplementos Nutricionales Adultos,,false_no_registro_sanitario,,
Mifarma,Geriaplus Inmunoact Polvo Sabor lúcuma,Geriaplus Inmunoact Polvo Sabor lúcuma,,51.90,PEN,available,https://www.mifarma.com.pe/producto/geriaplus-inmunoact-polvo-sabor-lucuma/816842,816842,GERIAPLUS,algolia_public_search,2026-06-08T01:10:32.420206+00:00,,Este producto es distribuido por Inretail Pharma S.A. (Ley 32033) Suplementos Nutricionales Suplementos / Complementos Nutrición Adulto Adultos Adulto Geriátricos,,false_no_registro_sanitario,,
Mifarma,Naltreva 8MG + 90MG Comprimido Recubierto De Liberación Prolongada,Naltreva 8MG + 90MG Comprimido Recubierto De Liberación Prolongada,,312.00,PEN,available,https://www.mifarma.com.pe/producto/naltreva-8-90mg-comprimido-recubierto/284279,284279,TECNOFARMA,algolia_public_search,2026-06-08T01:10:32.421997+00:00,,"Cada comprimido recubierto de liberacion prolongada contiene: Bupropion clorhidrato 90,0000 Naltrexona clorhidrato 8,0000 mg Este producto es distribuido por Inretail Pharma S.A. (Ley 32033) Vitaminas para Adultos Suplementos Nutricionales Nutrición Deportiva Fitness y Deportivos Suplementos Dietéticos Dietéticos Adelgazantes Naturales",,false_no_registro_sanitario,,
Mifarma,Lab Nut C4 Energy Strawb Wat Ice - Lata 473ml,Lab Nut C4 Energy Strawb Wat Ice - Lata 473ml,,15.00,PEN,available,https://www.mifarma.com.pe/producto/lab-nut-c4-energy-strawb-wat-ice-lata-473ml/800450,800450,LAB NUTRITION,algolia_public_search,2026-06-08T01:10:32.422129+00:00,,Este producto es distribuido por Inretail Pharma S.A. (Ley 32033) Suplementos Nutricionales Nutrición Deportiva Fitness y Deportivos Deportivos Suplementos Deportivos,,false_no_registro_sanitario,,
Mifarma,NAN® COMFORT®,NAN® COMFORT®,,219.90,PEN,available,https://www.mifarma.com.pe/producto/nan-comfort-caja-1-4-kg-/548953,548953,NAN,algolia_public_search,2026-06-08T01:10:32.422613+00:00,,Este producto es distribuido por Inretail Pharma S.A. (Ley 32033) Suplementos Nutricionales Suplementos / Complementos Fórmula para Bebés Fórmula Infantil Especial Pediátricos Fórmula Láctea Confort,,false_no_registro_sanitario,,
Mifarma,Feveny 0.625 MG Tabletas recubiertas,Feveny 0.625 MG Tabletas recubiertas,,160.20,PEN,available,https://www.mifarma.com.pe/producto/feveny-0-625-mg-tabletas-recubiertas/590102,590102,XINJIANG NUZILINE BIO PHARMACEUTICAL,algolia_public_search,2026-06-08T01:10:32.423444+00:00,,Estrógenos conjugados 20.8344 mg (equivalente a 0.625 mg de estrona sulfato de sodio y equilin sulfato de sodio) Este producto es distribuido por Inretail Pharma S.A. (Ley 32033) Suplementos Nutricionales Cuidado de la Mujer Antimenospausico Naturales,,false_no_registro_sanitario,,
Mifarma,Compota GERBER® Mango - Frasco 113 G,Compota GERBER® Mango - Frasco 113 G,,4.80,PEN,available,https://www.mifarma.com.pe/producto/gerber-compota-de-mango-pote-113-g/546283,546283,NESTLÉ,algolia_public_search,2026-06-08T01:10:32.423821+00:00,,"Puré de mango (99,95%) preparado de concentrado y Vitamina C. Este producto es distribuido por Inretail Pharma S.A. (Ley 32033) Gerber Mango, hecho con 100% puré de Fruta , sin azucar añadida ni preservantes. Para bebés a partir de los 6 meses. Suplementos / Complementos Cereales y Compotas",,false_no_registro_sanitario,,
Mifarma,Compota GERBER® Pera - Frasco 113 G,Compota GERBER® Pera - Frasco 113 G,,4.80,PEN,available,https://www.mifarma.com.pe/producto/compota-gerber-de-pera/546281,546281,GERBER,algolia_public_search,2026-06-08T01:10:32.424000+00:00,,Puré de pera (99.95%) preparado de concentrado y vitamina C. Puré de pera (99.95%) preparado de concentrado y vitamina C. Puré de pera (99.95%) preparado de concentrado y vitamina C. Suplementos / Complementos Cereales y Compotas,,false_no_registro_sanitario,,
Mifarma,Compota GERBER® Manzana - Frasco 113 G,Compota GERBER® Manzana - Frasco 113 G,,4.80,PEN,unavailable,https://www.mifarma.com.pe/producto/compota-gerber-de-manzana/546280,546280,GERBER,algolia_public_search,2026-06-08T01:10:32.424170+00:00,,"Puré de manzana (99,95%) preparado de concentrado y vitamina C. Este producto es distribuido por Inretail Pharma S.A. (Ley 32033) Gerber Manzana, hecho con 100% puré de Fruta , sin azucar añadida ni preservantes. Para bebés a partir de los 6 meses. Suplementos / Complementos Cereales y Compotas",,false_no_registro_sanitario,,
Mifarma,Glutapak-10 Polvo Oral,Glutapak-10 Polvo Oral,,48.90,PEN,available,https://www.mifarma.com.pe/producto/glutapak-10-polvo-oral-15g/529778,529778,GLUTAPAK,algolia_public_search,2026-06-08T01:10:32.424765+00:00,,Este producto es distribuido por Inretail Pharma S.A. (Ley 32033) Suplementos Nutricionales Suplementos / Complementos Dietéticos Diabéticos,,false_no_registro_sanitario,,
Mifarma,Almidón de Maíz Enterex Espesante Polvo,Almidón de Maíz Enterex Espesante Polvo,,64.50,PEN,available,https://www.mifarma.com.pe/producto/almidon-de-maiz-enterex-espesante-polvo/529774,529774,ENTEREX,algolia_public_search,2026-06-08T01:10:32.424872+00:00,,Este producto es distribuido por Inretail Pharma S.A. (Ley 32033) Suplementos / Complementos Adulto,,false_no_registro_sanitario,,
Mifarma,Gold Test diagnóstico de embarazo Lapicero,Gold Test diagnóstico de embarazo Lapicero,,16.90,PEN,available,https://www.mifarma.com.pe/producto/gold-test-diagnostico-de-embarazo-lapicero/574193,574193,GOLD,algolia_public_search,2026-06-08T01:10:32.425856+00:00,,"Este producto es distribuido por Inretail Pharma S.A. (Ley 32033) Es una prueba rápida de embarazo en forma de lapicero que Ud. podrá usar en la intimidad de su hogar, para detectar tempranamente el embarazo, en sólo 5 minutos y con un resultado confiable. Puede usarlo con una muestra fresca de orina recogida a cualquier hora del día. Si es su primer día de atraso menstrual se recomienda usar la primera orina de la mañana, pues tiene mayor concentración de la hormona hCG (Gonadotropina Coriónica Humana). Suplementos / Complementos Embarazo",,false_no_registro_sanitario,,
Mifarma,Endulzante Splenda Polvo Sobre - Caja 200 UN,Endulzante Splenda Polvo Sobre - Caja 200 UN,,63.30,PEN,available,https://www.mifarma.com.pe/producto/endulzante-splenda-polvo-sobre/520573,520573,SPLENDA,algolia_public_search,2026-06-08T01:10:32.427486+00:00,,Este producto es distribuido por Inretail Pharma S.A. (Ley 32033) Dietas Suplementos Nutricionales Nutrición Deportiva Fitness y Deportivos Suplementos Dietéticos Dietéticos Edulcorante,,false_no_registro_sanitario,,
Mifarma,Nutrigel 2.0® polvo para solución oral,Nutrigel 2.0® polvo para solución oral,,168.00,PEN,available,https://www.mifarma.com.pe/producto/colageno-nutrigel-2-0-polvo-sobre/558500,558500,NUTRIGEL,algolia_public_search,2026-06-08T01:10:32.427616+00:00,,Colágeno Hidrolizado 10g Este producto es distribuido por Inretail Pharma S.A. (Ley 32033) Suplementos Nutricionales Suplementos y Vitaminas Busca tu Marca de Colágeno Ideal Colágenos,,false_no_registro_sanitario,,
Mifarma,Ensure Polvo Sabor Vainilla,Ensure Polvo Sabor Vainilla,,83.00,PEN,available,https://www.mifarma.com.pe/producto/ensure-polvo-sabor-vainilla/252515,252515,ENSURE,algolia_public_search,2026-06-08T01:10:32.427873+00:00,,"Este producto es distribuido por Inretail Pharma S.A. (Ley 32033) Bienvenidos a un mundo de seguridad, nutrición, suplementación y cuidado que cubre todas las necesidades alimenticias del adulto mayor. Los productos Ensure fueron diseñados especialmente para ayudarte a obtener todos los nutrientes necesarios que tanto necesitas, como las vitaminas, minerales, proteínas y grasas. Recupera tu fuerza, protégete y vive seguro con Ensure. Alimentación y nutrición para el adulto mayor con Ensure Indicado para sustituir temporalmente o suplementar la alimentación habitual, en el restablecimiento o el soporte de un estado nutricional normal. Nutrición Pensada en ti y tu Familia Suplementos / Complementos Suplementos Nutricionales Nutrición Adulto Adultos Adulto Geriátricos Ensure",,false_no_registro_sanitario,,
Mifarma,Propoleo Solución Spray Helty - Frasco 120 ML,Propoleo Solución Spray Helty - Frasco 120 ML,,19.90,PEN,available,https://www.mifarma.com.pe/producto/propoleo-solucion-spray-helty/526195,526195,HELTY,algolia_public_search,2026-06-08T01:10:32.428003+00:00,,Este producto es distribuido por Inretail Pharma S.A. (Ley 32033) Sistema Locomotor Suplementos Nutricionales Antiinflamatorios naturales Naturales,,false_no_registro_sanitario,,
Mifarma,Propóleo Jarabe Vid Natur - Frasco 200 ML,Propóleo Jarabe Vid Natur - Frasco 200 ML,,26.90,PEN,available,https://www.mifarma.com.pe/producto/propoleo-jarabe-vid-natur/552149,552149,VID NATUR,algolia_public_search,2026-06-08T01:10:32.428412+00:00,,Este producto es distribuido por Inretail Pharma S.A. (Ley 32033) Sistema Locomotor Suplementos Nutricionales Antiinflamatorios naturales Naturales,,false_no_registro_sanitario,,
Mifarma,Cefasabal Polvo 400g - Lata 400 G,Cefasabal Polvo 400g - Lata 400 G,,85.00,PEN,available,https://www.mifarma.com.pe/producto/cefasabal-polvo-400g/554918,554918,HERSIL,algolia_public_search,2026-06-08T01:10:32.428861+00:00,,Este producto es distribuido por Inretail Pharma S.A. (Ley 32033) Indicado para fortalece la salud de las vías urinarias. Sistema Urinario Suplementos Nutricionales Antiprostáticos Naturales,,false_no_registro_sanitario,,
Mifarma,Té Verde Green Tea Seng Filtrante Sabor Limón,Té Verde Green Tea Seng Filtrante Sabor Limón,,19.90,PEN,available,https://www.mifarma.com.pe/producto/te-verde-green-tea-sen-filtrante-sabor-limon/526397,526397,GREEN TEA,algolia_public_search,2026-06-08T01:10:32.429186+00:00,,"Cada filtrante contiene una mezcla única de plantas naturales: té verde, boldo, alcachofa, stevia, sen y limón. Este producto es distribuido por Inretail Pharma S.A. (Ley 32033) Suplementos Nutricionales Infusiones Naturales Nutrición Deportiva Fitness y Deportivos Suplementos Dietéticos Infusiones Reductores Dietéticos Adelgazantes Naturales",,false_no_registro_sanitario,,
Mifarma,Pack 02 Gomitas Nutricionales para Adulto Natural Gummies Arándanos,Pack 02 Gomitas Nutricionales para Adulto Natural Gummies Arándanos,,85.00,PEN,available,https://www.mifarma.com.pe/producto/pack-02-gomitas-para-adulto-natural-arandanos/PACKNT722,PACKNT722,NATURAL GUMMIES,algolia_public_search,2026-06-08T01:10:32.433000+00:00,,"Jarabe de Maltitol, Sorbitol, Agua; Gelatina; Eritritol; Extracto de Arándano;Extracto de Cranberry; Ácido Cítrico, SIN (E-330), (9 gr/kg). SaborizanteNatural Arándano. Este producto es distribuido por Inretail Pharma S.A. (Ley 32033) Suplementos y Vitaminas Packs de Nutrición y Bienestar Gomitas Funcionales para Todo",,false_no_registro_sanitario,,
Mifarma,Pack 02 Gomitas Nutricionales para Adulto Natural Gummies Aguaje + Soya,Pack 02 Gomitas Nutricionales para Adulto Natural Gummies Aguaje + Soya,,84.90,PEN,available,https://www.mifarma.com.pe/producto/pack-02-gomitas-nutricionales-adulto-natural-soya/PACKNT723,PACKNT723,NATURAL GUMMIES,algolia_public_search,2026-06-08T01:10:32.433344+00:00,,"Maltitol líquido, Sorbitol, Agua, Gelatina; Eritritol; Ácido Cítrico,Aguaje (Regulador de acidez); Soya en polvo (textura); ColoranteNatural: Rojo Proveniente del maíz Morado 100 mg/kg SaborizanteNatural. Cereza. Este producto es distribuido por Inretail Pharma S.A. (Ley 32033) Suplementos y Vitaminas Packs de Nutrición y Bienestar Gomitas Funcionales para Todo",,false_no_registro_sanitario,,
Mifarma,Pack 02 Cúrcuma + Pimienta Negra Natural Gummies Sabor Tutti Fruti,Pack 02 Cúrcuma + Pimienta Negra Natural Gummies Sabor Tutti Fruti,,84.90,PEN,available,https://www.mifarma.com.pe/producto/pack-02-curcuma-pimienta-natural-gummies-tutti/PACKNT720,PACKNT720,NATURAL BUSINESS,algolia_public_search,2026-06-08T01:10:32.433523+00:00,,"Jarabe de Maltitol; Sorbitol; Agua; Eritritol; Ácido Cítrico, Cúrcuma; Pimienta Negra. Saborizante: Tutty Fruty Este producto es distribuido por Inretail Pharma S.A. (Ley 32033) Suplementos y Vitaminas Packs de Nutrición y Bienestar Antiflamatorio y Antiartrósico Gomitas Funcionales para Todo",,false_no_registro_sanitario,,
Mifarma,Pack 03 Androflam 160 mg Cápsulas Blandas,Pack 03 Androflam 160 mg Cápsulas Blandas,,155.00,PEN,available,https://www.mifarma.com.pe/producto/pack-03-androflam-160-mg-capsulas-blandas/PACKNT321,PACKNT321,SANIMED,algolia_public_search,2026-06-08T01:10:32.435850+00:00,,Cada cápsula blanda contiene: Extracto del aceite de Saw Palmetto (Estandarizado al 85 - 95 % de ácidos grasos totales) 160 mg Este producto es distribuido por Inretail Pharma S.A. (Ley 32033) Sistema Renal/ Reproductor Suplementos Nutricionales Packs de Nutrición y Bienestar Problemas Reproductor Masculino Naturales,,false_no_registro_sanitario,,
Mifarma,Stevia & Panela Onza Caja x 50 Sobres,Stevia & Panela Onza Caja x 50 Sobres,,16.90,PEN,available,https://www.mifarma.com.pe/producto/stevia-panela-onza-caja-x-50-sobres/308141,308141,ONZA,algolia_public_search,2026-06-08T01:10:32.436368+00:00,,Stevia & Panela Este producto es distribuido por Inretail Pharma S.A. (Ley 32033) Dietas Suplementos Nutricionales Nutrición Deportiva Fitness y Deportivos Suplementos Dietéticos Dietéticos Edulcorante,,false_no_registro_sanitario,,
Mifarma,Pack 01 Cúrcuma 500mg Lima Naturals + 01 Fenogreco 500mg Lima Naturals,Pack 01 Cúrcuma 500mg Lima Naturals + 01 Fenogreco 500mg Lima Naturals,,81.00,PEN,available,https://www.mifarma.com.pe/producto/pack-1-curcuma-500mg-lima-naturals-1-fenogreco/PACKNT91,PACKNT91,OLEMART,algolia_public_search,2026-06-08T01:10:32.436652+00:00,,"Cúrcuma: Cúrcuma, Pimienta Negra, Kion en polvo. Fenogreco: 100% Fenogreco. Este producto es distribuido por Inretail Pharma S.A. (Ley 32033) Alimentos Naturales Suplementos y Vitaminas Packs de Nutrición y Bienestar Antiflamatorio y Antiartrósico Otros Alimentos Naturales",,false_no_registro_sanitario,,
Mifarma,Pack 02 Mujer Aguaje Colágeno Hidrolizado Camu Camu,Pack 02 Mujer Aguaje Colágeno Hidrolizado Camu Camu,,99.80,PEN,available,https://www.mifarma.com.pe/producto/pack-2-mujer-aguaje-colageno-hidrolizado-camu-camu/PACKNT498,PACKNT498,MUJER AGUAJE,algolia_public_search,2026-06-08T01:10:32.586483+00:00,,Este producto es distribuido por Inretail Pharma S.A. (Ley 32033) Suplementos Nutricionales Packs de Nutrición y Bienestar Colágenos,,false_no_registro_sanitario,,
Mifarma,Pack Té Verde Green Tea Seng Filtrante Sabor Limón,Pack Té Verde Green Tea Seng Filtrante Sabor Limón,,59.70,PEN,available,https://www.mifarma.com.pe/producto/pack-te-verde-green-tea-seng-filtrante-limon/PACKNT41,PACKNT41,GREEN TEA,algolia_public_search,2026-06-08T01:10:32.587022+00:00,,Té Verde |Boldo |Alcachofa |Stevia |Sen | Limón Este producto es distribuido por Inretail Pharma S.A. (Ley 32033) Suplementos Nutricionales Nutrición Deportiva Infusiones Naturales Packs de Nutrición y Bienestar Fitness y Deportivos Suplementos Dietéticos Infusiones Reductores Dietéticos Adelgazantes Naturales,,false_no_registro_sanitario,,
Mifarma,Pack 02 Colagen Puro Premium,Pack 02 Colagen Puro Premium,,199.80,PEN,available,https://www.mifarma.com.pe/producto/pack-02-colagen-puro-premium/PACKNT343,PACKNT343,FITOSANA,algolia_public_search,2026-06-08T01:10:32.587155+00:00,,Fitosana Colágeno Puro Premium: Colágeno hidrolizado. Este producto es distribuido por Inretail Pharma S.A. (Ley 32033) Suplementos Nutricionales Packs de Nutrición y Bienestar,,false_no_registro_sanitario,,
Mifarma,Bipack Aceite de Oliva Extra Virgen OLI21,Bipack Aceite de Oliva Extra Virgen OLI21,,31.80,PEN,available,https://www.mifarma.com.pe/producto/bipack-aceite-de-oliva-extra-virgen-oli21/PACKNT251,PACKNT251,OLI 2121,algolia_public_search,2026-06-08T01:10:32.587278+00:00,,Aceite de oliva Este producto es distribuido por Inretail Pharma S.A. (Ley 32033) Suplementos Nutricionales Packs de Nutrición y Bienestar Naturales,,false_no_registro_sanitario,,
Mifarma,Pack 2 Green Tea Limón,Pack 2 Green Tea Limón,,39.80,PEN,available,https://www.mifarma.com.pe/producto/pack-2-green-tea-limon-/PACKNT170,PACKNT170,GREEN TEA,algolia_public_search,2026-06-08T01:10:32.587430+00:00,,Té Verde |Boldo |Alcachofa |Stevia |Sen | Limón Este producto es distribuido por Inretail Pharma S.A. (Ley 32033) Suplementos Nutricionales Nutrición Deportiva Infusiones Naturales Packs de Nutrición y Bienestar Fitness y Deportivos Suplementos Dietéticos Infusiones Reductores Dietéticos Adelgazantes Naturales,,false_no_registro_sanitario,,
Mifarma,Flexure MSM Polvo para Solución Oral Sabor Piña Naranja - Caja 30 UN,Flexure MSM Polvo para Solución Oral Sabor Piña Naranja - Caja 30 UN,,229.80,PEN,available,https://www.mifarma.com.pe/producto/flexure-msm-polvo-para-solucion-oral-sabor-pina/511996,511996,FLEXURE,algolia_public_search,2026-06-08T01:10:32.588057+00:00,,Este producto es distribuido por Inretail Pharma S.A. (Ley 32033) Sistema Locomotor Suplementos Nutricionales Articulaciones y huesos Naturales,,false_no_registro_sanitario,,
Mifarma,Spirulina Mason Natural 500mg Tableta,Spirulina Mason Natural 500mg Tableta,,62.90,PEN,available,https://www.mifarma.com.pe/producto/spirulina-mason-natural-500mg-tableta/321197,321197,MASON NATURAL,algolia_public_search,2026-06-08T01:10:32.590167+00:00,,Cada tableta contiene: Spirulina (polvo) 500mg Este producto es distribuido por Inretail Pharma S.A. (Ley 32033) Vitaminas para Adultos Suplementos Nutricionales Naturales,,false_no_registro_sanitario,,
Mifarma,Milk Thistle Silimarina Mason Natural 150mg Cápsula,Milk Thistle Silimarina Mason Natural 150mg Cápsula,,99.90,PEN,available,https://www.mifarma.com.pe/producto/milk-thistle-silimarina-mason-natural-150mg-capsula/321196,321196,MASON NATURAL,algolia_public_search,2026-06-08T01:10:32.590311+00:00,,Cada Cápsula contiene: Cardo mariano (Silimarina) 150mg (Silybum marianum) (semillas) (Extracto estandarizado al 80% de Silimarina) Este producto es distribuido por Inretail Pharma S.A. (Ley 32033) Vitaminas para Adultos Suplementos Nutricionales Naturales,,false_no_registro_sanitario,,
Mifarma,Brownie Proteico MyProtein Chocolate Chip,Brownie Proteico MyProtein Chocolate Chip,,12.00,PEN,available,https://www.mifarma.com.pe/producto/brownie-proteico-myprotein-chocolate-chip/320583,320583,MYPROTEIN,algolia_public_search,2026-06-08T01:10:32.590675+00:00,,Proteína láctea (caseína / concentrado de proteína de leche) Este producto es distribuido por Inretail Pharma S.A. (Ley 32033) Snacks y Piqueos Suplementos / Complementos Piqueos Adulto Chocolates,,false_no_registro_sanitario,,
Mifarma,Smofkabiven Central Emulsión Para Perfusión,Smofkabiven Central Emulsión Para Perfusión,,381.00,PEN,available,https://www.mifarma.com.pe/producto/smofkabiven-central-emulsion-para-perfusion/308830,308830,FRESENIUS KABI,algolia_public_search,2026-06-08T01:10:32.591700+00:00,,Este producto es distribuido por Inretail Pharma S.A. (Ley 32033) Dietas Suplementos Nutricionales Nutrición Deportiva Fitness y Deportivos Suplementos Dietéticos Dietéticos Otros Productos de Dieta Naturales,,false_no_registro_sanitario,,
Mifarma,Smofkabiven Periférico Emulsión para Perfusión,Smofkabiven Periférico Emulsión para Perfusión,,350.00,PEN,available,https://www.mifarma.com.pe/producto/smofkabiven-periferico-emulsion-para-perfusion/308828,308828,FRESENIUS KABI,algolia_public_search,2026-06-08T01:10:32.591832+00:00,,Este producto es distribuido por Inretail Pharma S.A. (Ley 32033) Dietas Suplementos Nutricionales Nutrición Deportiva Fitness y Deportivos Suplementos Dietéticos Dietéticos Otros Productos de Dieta Naturales,,false_no_registro_sanitario,,
Mifarma,Feveny 0.625 MG/G Crema Vaginal,Feveny 0.625 MG/G Crema Vaginal,,72.50,PEN,available,https://www.mifarma.com.pe/producto/feveny-0-625-mg-g-crema-vaginal/590104,590104,XINJIANG NUZILINE BIO PHARMACEUTICAL,algolia_public_search,2026-06-08T01:10:32.593143+00:00,,Estrógenos conjugados 0.625 mg Este producto es distribuido por Inretail Pharma S.A. (Ley 32033) Suplementos Nutricionales Cuidado de la Mujer Antimenospausico Naturales,,false_no_registro_sanitario,,
Mifarma,Chalina Polar Geriaplus Promoción,Chalina Polar Geriaplus Promoción,,19.90,PEN,available,https://www.mifarma.com.pe/producto/chalina-polar-geriaplus-promocion/547900,547900,GERIAPLUS,algolia_public_search,2026-06-08T01:10:32.593354+00:00,,"Este producto es distribuido por Inretail Pharma S.A. (Ley 32033) Bienvenidos a un mundo de seguridad, suplementación y cuidado que cubre todas las necesidades alimenticias del adulto mayor. Los productos Geriaplus fueron diseñados especialmente para ayudarte a recuperar tu fuerza y vitalidad que necesitas. Mejoras tus defensas y siéntete bien en tu vida cotidiana con Geriaplus. Protección y cuidado con Geriaplus Chalina Polar Chalina en promoción con Geriaplus. Suplementos / Complementos Nutrición Adulto Adulto",,false_no_registro_sanitario,,
Mifarma,Complemento Nutricional PVM Junior Sabor Fresa,Complemento Nutricional PVM Junior Sabor Fresa,,39.10,PEN,available,https://www.mifarma.com.pe/producto/complemento-nutricional-pvm-junior-sabor-fresa/136962,136962,PVM,algolia_public_search,2026-06-08T01:10:34.481767+00:00,,"Este producto es distribuido por Inretail Pharma S.A. (Ley 32033) Fórmula que brinda a los niños mayor cantidad de proteínas, vitaminas y minerales, necesarios para complementar la nutrición, crecimiento y desarrollo de los niños. Fórmula para Bebés Otras Fórmulas y Suplementos",,false_no_registro_sanitario,,
Mifarma,Complemento alimenticio Vitafos Junior Sabor Vainilla,Complemento alimenticio Vitafos Junior Sabor Vainilla,,115.50,PEN,unavailable,https://www.mifarma.com.pe/producto/complemento-alimenticio-vitafos-junior-sabor-vaini/558501,558501,VITAFOS,algolia_public_search,2026-06-08T01:10:34.481954+00:00,,"Este producto es distribuido por Inretail Pharma S.A. (Ley 32033) Indicada como complemento alimentario de elevado valor nutricional, que ayuda a cubrir las necesidades de energía y nutrientes. Fórmula para Bebés Otras Fórmulas y Suplementos",,false_no_registro_sanitario,,
Mifarma,Hidroxocobalamina Lusa 1mg/Ml Solución inyectable,Hidroxocobalamina Lusa 1mg/Ml Solución inyectable,,47.50,PEN,available,https://www.mifarma.com.pe/producto/hidroxocobalamina-lusa-1mg-ml-solucion-inyectable/282929,282929,LUSA GENÉRICOS,algolia_public_search,2026-06-08T01:10:34.491138+00:00,,Hidroxocobalamina 1mg Este producto es distribuido por Inretail Pharma S.A. (Ley 32033) Vitaminas y Complementos Vitamina B,,false_no_registro_sanitario,,
Mifarma,Calcitriol 0.25mcg Cápsula,Calcitriol 0.25mcg Cápsula,,215.00,PEN,available,https://www.mifarma.com.pe/producto/calcitriol-0-25mcg-capsula/547816,547816,UNIMED,algolia_public_search,2026-06-08T01:10:34.491259+00:00,,Calcitriol 0.25mcg Este producto es distribuido por Inretail Pharma S.A. (Ley 32033) Vitaminas y Complementos Multivitamínicos,,false_no_registro_sanitario,,
Mifarma,Adecerol NF Emulsión Oral,Adecerol NF Emulsión Oral,,27.90,PEN,available,https://www.mifarma.com.pe/producto/adecerol-nf-emulsion-oral/305136,305136,MEDIFARMA,algolia_public_search,2026-06-08T01:10:34.505312+00:00,,Este producto es distribuido por Inretail Pharma S.A. (Ley 32033) Vitaminas y Complementos Vitamina A,,false_no_registro_sanitario,,
Mifarma,Hidroxaneurin 10 000 10mg/2 mL Solución Inyectable,Hidroxaneurin 10 000 10mg/2 mL Solución Inyectable,,17.00,PEN,available,https://www.mifarma.com.pe/producto/hidroxaneurin-10-000-10mg-2-ml-sol-iny/685814,685814,CIFARMA,algolia_public_search,2026-06-08T01:10:34.506976+00:00,,"Hidroxocobalamina 10mg/2mL Este producto es distribuido por Inretail Pharma S.A. (Ley 32033) Preguntas frecuentes .faq-grid { display: grid; grid-template-columns: repeat(2, 1fr); gap: 16px; margin: 24px 0; } .faq-card { background: #f8f9fa; border: 1px solid #e9ecef; border-radius: 10px; padding: 20px 24px; } .faq-card h3 { font-size: 16px; font-weight: 600; color: #1a1a1a; margin: 0 0 10px; line-height: 1.4; } .faq-card p { font-size: 14px; color: #555; margin: 0; line-height: 1.7; } @media (max-width: 600px) { .faq-grid { grid-template-columns: 1fr; } } ¿Qué contiene Hidroxaneurin solución inyectable? Hidroxaneurin se presenta como solución inyectable con vitaminas del complejo B. Este formato corresponde a productos de administración parenteral. ¿Cómo se presenta Hidroxaneurin 10 000? La presentación corresponde a solución inyectable en ampolla de 2 mL. Este tipo de formato es utilizado en productos vitamínicos inyectables. ¿Cómo se administra una solución inyectable de complejo B? La administración de soluciones inyectables debe realizarse siguiendo las indicaciones de un profesional de salud. La vía de aplicación puede variar según el producto. ¿Qué caracteriza a las vitaminas del complejo B inyectables? Las vitaminas del complejo B en formato inyectable forman parte de presentaciones farmacéuticas utilizadas para administración parenteral. Vitaminas y Complementos Vitamina B",,false_no_registro_sanitario,,
Mifarma,Hidroferol 0.266mg Cápsula Blanda,Hidroferol 0.266mg Cápsula Blanda,,45.24,PEN,available,https://www.mifarma.com.pe/producto/hidroferol-0-266mg-capsula-blanda/567959,567959,FAES GRUPO,algolia_public_search,2026-06-08T01:10:34.509399+00:00,,Calcifediol 0.266mg Este producto es distribuido por Inretail Pharma S.A. (Ley 32033) Vitaminas para Adultos Vitaminas y Complementos Vitamina D,,false_no_registro_sanitario,,
Mifarma,"Axne 0,1% Gel","Axne 0,1% Gel",,69.60,PEN,available,https://www.mifarma.com.pe/producto/axne-0-1-gel/319762,319762,AXNE,algolia_public_search,2026-06-08T01:10:34.678168+00:00,,"Cada 100 g contiene: Principio activo: Adapaleno (0,1 g) Este producto es distribuido por Inretail Pharma S.A. (Ley 32033) Vitaminas y Complementos Vitamina B",,false_no_registro_sanitario,,
Mifarma,Vitadrin NF Suspensión Oral,Vitadrin NF Suspensión Oral,,30.60,PEN,available,https://www.mifarma.com.pe/producto/vitadrin-nf-suspension-oral/305137,305137,MEDIFARMA,algolia_public_search,2026-06-08T01:10:34.685918+00:00,,Este producto es distribuido por Inretail Pharma S.A. (Ley 32033) Vitaminas y Complementos Vitamina A,,false_no_registro_sanitario,,
Mifarma,Epiteliol NF 5000UI/10 mL Suspensión Oral,Epiteliol NF 5000UI/10 mL Suspensión Oral,,28.30,PEN,available,https://www.mifarma.com.pe/producto/epiteliol-nf-5000ui-10-ml-suspension-oral/305135,305135,MEDIFARMA,algolia_public_search,2026-06-08T01:10:34.686028+00:00,,Este producto es distribuido por Inretail Pharma S.A. (Ley 32033) Vitaminas y Complementos Vitamina A,,false_no_registro_sanitario,,
Mifarma,Provita C 10g/20mL Solución Inyectable,Provita C 10g/20mL Solución Inyectable,,82.00,PEN,available,https://www.mifarma.com.pe/producto/provita-c-10g-20ml-solucion-inyectable/548884,548884,PROPIEL,algolia_public_search,2026-06-08T01:10:34.688629+00:00,,Ácido Ascórbico 10g/20mL Este producto es distribuido por Inretail Pharma S.A. (Ley 32033) Vitaminas y Complementos Vitamina C,,false_no_registro_sanitario,,
Mifarma,Tripack Jabón en Barra Nivea Proteína de leche,Tripack Jabón en Barra Nivea Proteína de leche,,14.50,PEN,available,https://www.mifarma.com.pe/producto/jabon-en-barra-nivea-proteina-de-leche-3un/511157,511157,NIVEA,algolia_public_search,2026-06-08T01:10:38.126622+00:00,,"Este producto es distribuido por Inretail Pharma S.A. (Ley 32033) Disfruta de todo Nivea, especializados en belleza, seguridad, limpieza, protección facial y corporal para mujeres y hombres. Con más de 100 años de experiencia, los productos Nivea fueron desarrollados por expertos para brindarte calidad, seguridad, confianza y el cuidado que necesitas para tu piel. Limpieza y cuidado para tu piel con Nivea Jabón en Barra Proteína de Leche El jabón en barra esta formulado con Proteína de Leche, este ingrediente activo es reconocido por sus efectos nutritivos, luce una piel tersa y suave. Además tiene un rico aroma, que complace tus sentidos dejando la piel delicadamente perfumada. Baño Jabones Jabón en Barra Jabones",,false_no_registro_sanitario,,
Mifarma,Base Recuperadora de Uñas Masglo Total Care Blanco Nácar,Base Recuperadora de Uñas Masglo Total Care Blanco Nácar,,13.70,PEN,available,https://www.mifarma.com.pe/producto/base-recuperadora-unas-masglo-total-care-blanco-nacar/318162,318162,MASGLO,algolia_public_search,2026-06-08T01:10:38.357312+00:00,,"Con Aceite de Melaleuca Alternifolia enriquecida con microesferas de lípidos que contienen los ingredientes activos del Aceite de árbol de té, aminoácidos y proteínas vegetales hidrolizadas de Soya y Trigo, que ayudan a fortalecer y restaurar la uña ayudando a prevenir la fragilidad y escamación. Este producto es distribuido por Inretail Pharma S.A. (Ley 32033) Cosméticos Esmaltes",,false_no_registro_sanitario,,
Mifarma,Base Recuperadora de Uñas Masglo Total Care Ejecutiva,Base Recuperadora de Uñas Masglo Total Care Ejecutiva,,19.60,PEN,available,https://www.mifarma.com.pe/producto/base-recuperadora-unas-masglo-total-care-ejecutiva/318163,318163,MASGLO,algolia_public_search,2026-06-08T01:10:38.550494+00:00,,"Con Aceite de Melaleuca Alternifolia enriquecida con microesferas de lípidos que contienen los ingredientes activos del Aceite de árbol de té, aminoácidos y proteínas vegetales hidrolizadas de Soya y Trigo, que ayudan a fortalecer y restaurar la uña ayudando a prevenir la fragilidad y escamación. Este producto es distribuido por Inretail Pharma S.A. (Ley 32033) Cosméticos Esmaltes",,false_no_registro_sanitario,,
Mifarma,Alula Gold Etapa 1,Alula Gold Etapa 1,,45.40,PEN,available,https://www.mifarma.com.pe/producto/alula-gold-etapa-1/302768,302768,ALULA,algolia_public_search,2026-06-08T01:10:38.724482+00:00,,Contiene Alfa-Lactoalbúmina: Proteína De Alta Calidad Este producto es distribuido por Inretail Pharma S.A. (Ley 32033) Fórmula para Bebés Fórmula Láctea Regular 1,,false_no_registro_sanitario,,
Mifarma,Crema Capilar John Frieda Straight Fixation Styling,Crema Capilar John Frieda Straight Fixation Styling,,44.90,PEN,available,https://www.mifarma.com.pe/producto/crema-john-frieda-straight-fixation-styling-141g/538981,538981,JOHN FRIEDA,algolia_public_search,2026-06-08T01:10:38.732982+00:00,,"Proteína de leche, aceite de almendras y thermaguard complex Este producto es distribuido por Inretail Pharma S.A. (Ley 32033) Los productos John Frieda Hair Care fueron diseñados especialmente para brindarte el tratamiento y cuidado adecuado para cada tipo de cabello. Existen diversas necesidades capilares y John Frieda se especializa según la sigularidad de tu cabello. Su fórmula se desarrolló para revelar tu estilo único te brinda la atención que necesitas para tu cabello. Tratamiento y cuidado capilar La crema John Frieda Straight Fixation Styling te ayuda con el tratamiento y cuidado capilar. Su fórmula con proteína de leche, aceite de almendras y thermaguard complex te permite proteger tu cabello de los daños por aparatos de calor, mientras te brinda suavidad hasta por 24 horas. Tratamientos Cuidado Profesional Cuidado del Cabello Tratamiento capilar Otros Tratamientos",,false_no_registro_sanitario,,
Mifarma,Immunorel 5% Solución Inyectable,Immunorel 5% Solución Inyectable,,2260.00,PEN,available,https://www.mifarma.com.pe/producto/immunorel-5-solucion-inyectable/309379,309379,IMMUNOREL,algolia_public_search,2026-06-08T01:10:38.911150+00:00,,"Cada vial contiene:Contenido en proteínas 50 g/L, Inmunoglobulina G 2.5 g/ 5 g, Estabilizador Maltosa 100 g/L, Contenido de IgA ≤ 80 mg/L,Subclase de inmunoglobulina Distribución normal Este producto es distribuido por Inretail Pharma S.A. (Ley 32033) Problemas Generales Más Problemas Generales",,false_no_registro_sanitario,,
Mifarma,Shampoo Kativa Colágeno,Shampoo Kativa Colágeno,,51.50,PEN,available,https://www.mifarma.com.pe/producto/shampoo-kativa-colageno-1000ml/547180,547180,KATIVA,algolia_public_search,2026-06-08T01:10:43.513971+00:00,,"Este producto es distribuido por Inretail Pharma S.A. (Ley 32033) Con Kativa disfruta de tratamiento, hidratación, higiene, cuidado capilar diario y más beneficios para tu cabello según tus necesidades. Los productos Kativa fueron diseñados especialmente para brindarte restauración, fortaleza, limpieza, brillo y nutrición para tu cabello. Gracias a sus ingredientes 91% de origen natural y fórmula libres de sal, sulfato, parabenos y gluten. Sin formol. No testeado en animales Cuidado capilar con Shampoo Kativa Colágeno Diseñada para cabellos debilitados y agredidos por el paso del tiempo. Gracias a su componente principal, las fibras capilares recuperan las proteínas y lípidos perdidos; devolviéndole elasticidad, brillo y juventud al cabello. Baño Cuidado del Cabello Shampoo y Acondicionadores Shampoo",,false_no_registro_sanitario,,
Mifarma,Acondicionador Kativa Colágeno,Acondicionador Kativa Colágeno,,51.50,PEN,available,https://www.mifarma.com.pe/producto/acondicionador-kativa-colageno-1000ml/525261,525261,KATIVA,algolia_public_search,2026-06-08T01:10:43.514249+00:00,,"Este producto es distribuido por Inretail Pharma S.A. (Ley 32033) Con Kativa disfruta de tratamiento, hidratación, higiene, cuidado capilar diario y más beneficios para tu cabello según tus necesidades. Los productos Kativa fueron diseñados especialmente para brindarte restauración, fortaleza, limpieza, brillo y nutrición para tu cabello. Gracias a sus ingredientes 91% de origen natural y fórmula libres de sal, sulfato, parabenos y gluten. Sin formol. No testeado en animales Cuidado capilar con Acondicionador Kativa Colágeno Diseñada para cabellos debilitados y agredidos por el paso del tiempo. Gracias a su componente principal, las fibras capilares recuperan las proteínas y lípidos perdidos; devolviéndole elasticidad, brillo y juventud al cabello. Baño Cuidado del Cabello Acondicionador Shampoo y Acondicionadores",,false_no_registro_sanitario,,
Mifarma,Crema Humectante Regeneradora Instuto Español Colágeno,Crema Humectante Regeneradora Instuto Español Colágeno,,26.90,PEN,available,https://www.mifarma.com.pe/producto/crema-regeneradora-instuto-espanol-colageno/319974,319974,INSTITUTO ESPAÑOL,algolia_public_search,2026-06-08T01:10:43.518397+00:00,,Este producto es distribuido por Inretail Pharma S.A. (Ley 32033) Lo Más Pedido en Belleza Cremas Hidratantes Instituto Español Hidratante Cremas Regeneradoras,,false_no_registro_sanitario,,
Mifarma,Mascarilla de Colágeno Mond'Sub Gold Eye Mask,Mascarilla de Colágeno Mond'Sub Gold Eye Mask,,4.90,PEN,available,https://www.mifarma.com.pe/producto/mascarilla-de-colageno-mondsub-gold-eye-1un/529629,529629,MOND'SUB,algolia_public_search,2026-06-08T01:10:43.523529+00:00,,"Colágeno Este producto es distribuido por Inretail Pharma S.A. (Ley 32033) La mascarilla de colágeno Mond'Sub Gold Eye Mask te ayuda a mejorar la apariencia de las líneas de expresión. Su diseño con parches de colágeno dorado para el contorno de ojos te permite hidratar y nutrir profundamente la piel. Ideal para todo tipo de piel; especialmente, pieles secas. Cuidado Facial Mascarillas",,false_no_registro_sanitario,,
Mifarma,Shampoo Kativa Colágeno,Shampoo Kativa Colágeno,,21.90,PEN,available,https://www.mifarma.com.pe/producto/shampoo-kativa-colageno/579487,579487,KATIVA,algolia_public_search,2026-06-08T01:10:43.524088+00:00,,"Este producto es distribuido por Inretail Pharma S.A. (Ley 32033) Con Kativa disfruta de tratamiento, hidratación, higiene, cuidado capilar diario y más beneficios para tu cabello según tus necesidades. Los productos Kativa fueron diseñados especialmente para brindarte restauración, fortaleza, limpieza, brillo y nutrición para tu cabello. Gracias a sus ingredientes 91% de origen natural y fórmula libres de sal, sulfato, parabenos y gluten. Sin formol. No testeado en animales. Limpieza y cuidado capilar con Kativa Shampoo Quinua Otorga múltiples beneficios al cabello. Gracias a sus rica fórmula a base de quinua hidrolizada hidratará, nutrirá y reestructurará el cabello; luciendo un brillo natural. Además, reduce el frizz y aumenta la fuerza y elasticidad del cabello; dejándolo visiblemente revitalizado desde la primera aplicación. Baño Shampoo y Acondicionador Cuidado Profesional Cuidado del Cabello Cabello Seco - Normal o Graso Shampoo y Acondicionadores Shampoo",,false_no_registro_sanitario,,
Mifarma,Acondicionador Kativa Colágeno Anti-Age,Acondicionador Kativa Colágeno Anti-Age,,24.50,PEN,available,https://www.mifarma.com.pe/producto/acondicionador-kativa-colageno-anti-age/321259,321259,KATIVA,algolia_public_search,2026-06-08T01:10:43.524579+00:00,,Este producto es distribuido por Inretail Pharma S.A. (Ley 32033) Cuidado del Cabello Shampoo y Acondicionadores,,false_no_registro_sanitario,,
Mifarma,Shampoo Kativa Colágeno Anti-Age,Shampoo Kativa Colágeno Anti-Age,,24.50,PEN,available,https://www.mifarma.com.pe/producto/shampoo-kativa-colageno-anti-age/321261,321261,KATIVA,algolia_public_search,2026-06-08T01:10:43.524690+00:00,,Este producto es distribuido por Inretail Pharma S.A. (Ley 32033) Cuidado del Cabello Shampoo y Acondicionadores,,false_no_registro_sanitario,,
Mifarma,Crema Hidratante Garnier Toque Seco con Colágeno,Crema Hidratante Garnier Toque Seco con Colágeno,,36.90,PEN,available,https://www.mifarma.com.pe/producto/crema-hidratante-garnier-toque-seco-con-colageno/327686,327686,GARNIER,algolia_public_search,2026-06-08T01:10:43.525437+00:00,,Colágeno Este producto es distribuido por Inretail Pharma S.A. (Ley 32033) Cuidado Facial Crema facial,,false_no_registro_sanitario,,
Mifarma,Crema Facial AntiEdad Cluny,Crema Facial AntiEdad Cluny,,15.90,PEN,available,https://www.mifarma.com.pe/producto/crema-facial-anti-edad-cluny/800666,800666,CLUNY,algolia_public_search,2026-06-08T01:10:44.791757+00:00,,"Colágeno Este producto es distribuido por Inretail Pharma S.A. (Ley 32033) Cluny brinda una línea de productos innovadores para cada una de sus necesidades y cuidado de tu piel. Productos especializados en limpiar, hidratar y proteger tu piel. ¡Reafirma tu belleza con Cluny! El mejor cuidado para tu piel con Cluny La Crema facial Anti-Edad, ayuda a minimizar las líneas de expresión que son causadas por la pérdida del colágeno. Es un producto libre de parabenos y dermatológicamente testado. Marca especialista en el cuidado de la piel. Que ayuda a reduce líneas de expresión y mejorar la firmeza del rostro. Lo Más Pedido en Belleza Cuidado Facial Cuidado Facial en Todas las Marcas Crema facial",,false_no_registro_sanitario,,
Mifarma,Crema Reafirmante ISDIN Woman,Crema Reafirmante ISDIN Woman,,75.90,PEN,available,https://www.mifarma.com.pe/producto/crema-reafirmante-isdin-woman/302049,302049,ISDIN,algolia_public_search,2026-06-08T01:10:44.797262+00:00,,"Triterpenos de Centella asiática 0,1%: Estimula la biosíntesis de colágeno y la producción de fibronectina Aceite de rosa mosqueta: Rico en ácidos grasos esenciales (linoleico y linolénico) que activa las prostaglandinasHidroxiprolisilano CN: Mejora la organización de las fibras que unen tejido elástico y colágeno.Proteasyl: ReafirmanteVitamina E: Antioxidante Este producto es distribuido por Inretail Pharma S.A. (Ley 32033) Isdin especializados en el cuidado y tratamiento dermocosmético para tu piel y cabello, adecuado para todas tus necesidades. Los productos Isdin, con más de 40 años de experiencia, te brindan fotoprotección, higiene, rejuvenecimiento, tratamiento contra el acné, capilar, facial o corporal. Disfruta de calidad, seguridad y cuidado de la piel con Isdin. Disfruta de una Piel única con la Crema Reafirmante ISDIN La crema reafirmante de ISDIN ayuda a reafirmar la piel, logrando una remodelación y tonificación dejando la piel un 97% más lisa y 94% más firme, gracias a su fórmula con vitamina E que tiene un efecto antioxidante y un 91% de ingredientes de origen natural. Esta crema reafirmante ayuda a atenuar las estrías recientes, obteniendo una piel más firme e hidratada y mejorando la elasticidad de la misma. Ayuda a reducir la sensación de disconfort de la piel grasa Mejorando el aspecto de tu rostro con la rápida absorción de Isdin Tratamientos Corporales Tratamiento Facial Tratamiento para Estrías y Celulitis",,false_no_registro_sanitario,,
Mifarma,Mascarilla Purificante Essentials Martiderm,Mascarilla Purificante Essentials Martiderm,,144.00,PEN,available,https://www.mifarma.com.pe/producto/mascarilla-purificante-essentials-martiderm/306770,306770,MARTIDERM,algolia_public_search,2026-06-08T01:10:44.957349+00:00,,"Colágeno 3% Proteoglicanos, 5% Colágeno, 3% Exto. de Centella Asiática, Exto. de Hamamelis, Exto. de Romero, Ácido Salicílico. Este producto es distribuido por Inretail Pharma S.A. (Ley 32033) MartiDerm, la marca dermoestética #1 de España, especialistas en el cuidado, la salud y bienestar de tu piel. Desarrollando productos innovadores, eficaces y con fórmulas únicas y patentadas. Mascarilla Purificante Essentials Martiderm Mascarilla arcillosa formulada específicamente para la limpieza en profundidad de las pieles grasas/mixtas y con tendencia acneica. Purificante y seborreguladora, de uso semanal, que limpia en profundidad e hidrata. Ideal para una limpieza facial en profundidad Piel más suave y reduce el tamaño de los poros Lo Mejor en Dermocosmética Tratamiento Facial Lo Mejor de Martiderm Limpieza Facial",,false_no_registro_sanitario,,
Mifarma,Crema de Masaje para las Estrías Palmer's Manteca de Cacao,Crema de Masaje para las Estrías Palmer's Manteca de Cacao,,58.10,PEN,available,https://www.mifarma.com.pe/producto/crema-de-masaje-para-las-estrias-palmers-manteca-/546505,546505,PALMER'S,algolia_public_search,2026-06-08T01:10:44.958375+00:00,,"Manteca de Cacao pura y Manteca de Karité, Colágeno, Elastina. Este producto es distribuido por Inretail Pharma S.A. (Ley 32033) Crema para Estrías Palmer's La crema para el tratamiento de estrías y cuidado de la piel Palmer's te brinda máximo cuidado gracias a su fórmula con Manteca de Cacao pura y Manteca de Karité, Colágeno, Elastina, Aceites Naturales y Luteína. Es no grasosa ideal para zonas propensas a la aparición de estrías como vientre, caderas, muslos y busto. Cuidado Corporal para Mamá Cremas Hidratantes Crema Anti-Estrías Tratamiento Anti-Estrías Cremas Regeneradoras",,false_no_registro_sanitario,,
Mifarma,Loción de Masaje para las Estrías Palmer's Manteca de Cacao,Loción de Masaje para las Estrías Palmer's Manteca de Cacao,,49.50,PEN,available,https://www.mifarma.com.pe/producto/locion-de-masaje-para-las-estrias-palmers-manteca/546503,546503,PALMER'S,algolia_public_search,2026-06-08T01:10:44.958871+00:00,,"Manteca de Cacao pura y Manteca de Karité, Colágeno, Elastina, Aceites Naturales y Luteína. Este producto es distribuido por Inretail Pharma S.A. (Ley 32033) Fórmula que combina Manteca de Cacao pura y Manteca de Karité, Colágeno, Elastina, Aceites Naturales y Luteína para ayudar a mantener la piel hidratada y flexible durante 48 horas para permitir que la piel se estire más fácilmente. Ampliamente recomendada para las estrías durante y después del embarazo o por fluctuaciones de peso. Cuidado Corporal para Mamá Cremas Hidratantes Crema Anti-Estrías Tratamiento Anti-Estrías",,false_no_registro_sanitario,,
Mifarma,Crema Humectante AntiArrugas L'Oréal Paris Skin Care HT5 Expert +35,Crema Humectante AntiArrugas L'Oréal Paris Skin Care HT5 Expert +35,,46.50,PEN,available,https://www.mifarma.com.pe/producto/crema-anti-arrugas-35-loreal-paris-hidra-total-5/558564,558564,L'ORÉAL PARIS,algolia_public_search,2026-06-08T01:10:44.959530+00:00,,"Colágeno Colágeno Este producto es distribuido por Inretail Pharma S.A. (Ley 32033) Crema hidratante + anti arrugas con colágeno para reducir las primeras arrugas que responde a las necesidades específicas de la piel a partir de los 35 años. 1. Hidrata 24 hrs: la piel está intensamente hidratada por 24 hrs, se siente nutrida y confortable, con el tiempo luce menos seca. 2. Reduce las 1ras arrugas: las primeras arrugas son visiblemente reducidas. 3. Mejora la elasticidad; la elasticidad de la piel incrementa y luce más flexible. 4. Suaviza: su fórmula enriquecida con emolientes cuida tu piel, dejándola más suave cada día. 5. Unifica el tono: el tono de la piel es visiblemente más uniforme Belleza en Casa L'Oréal Cuidado Facial Crema facial",,false_no_registro_sanitario,,
Mifarma,30 Ampollas Anti-Aging Martiderm Night Renew,30 Ampollas Anti-Aging Martiderm Night Renew,,374.00,PEN,available,https://www.mifarma.com.pe/producto/30-ampollas-anti-aging-martiderm-night-renew/307058,307058,MARTIDERM,algolia_public_search,2026-06-08T01:10:44.969223+00:00,,"10% Alfa-Hidroxiácidos, 5% Colágeno marino, 0,5 % Ácido Hialurónico Este producto es distribuido por Inretail Pharma S.A. (Ley 32033) MartiDerm, la marca dermoestética #1 de España, especialistas en el cuidado, la salud y bienestar de tu piel. Desarrollando productos innovadores, eficaces y con fórmulas únicas y patentadas. Previene los Signos del Envejecimiento con las Ampollas Anti-Aging Martiderm Night Renew Fórmula regeneradora de uso nocturno diario con acción anti-edad que estimula la renovación celular y mejora la firmeza, elasticidad e hidratación de la piel. Además, es un potente booster cosmético, que optimiza los cuidados cosméticos aplicados a continuación. Noche tras noche concentra los efectos de los AHA’s combinados con el colágeno, el ácido hialurónico y el ADN de origen vegetal para obtener una piel más lisa y uniforme. Los Mejores Productos de Martiderm Marca N°1 en Anti-aging Lo Mejor en Dermocosmética Tratamiento Facial Lo Mejor de Martiderm Antiedad",,false_no_registro_sanitario,,
Mifarma,Pack Sesderma Anti-manchas + Luminosidad,Pack Sesderma Anti-manchas + Luminosidad,,401.70,PEN,available,https://www.mifarma.com.pe/producto/pack-sesderma-anti-manchas-luminosidad/PACKDB503,PACKDB503,SESDERMA,algolia_public_search,2026-06-08T01:10:48.605042+00:00,,"Serúm Liposomado Sesderma C-Vit 5 Glowing: Ascorbil glucósido, ascorbato sódico, ácido etil ascórbico, ascorbil fosfato magnésico, ascorbil palmitato fosfato trisódico, ÁCIDO HIALURÓNICO y proteoglicanos, COMPLEJO TENSOR INMEDIATO: (EXTRACTO DE FRUTO DE CAESALPINA SPINOSA + EXTRACTO DE KAPPAPHYCUS ALVAREZII), centella asiática. Este producto es distribuido por Inretail Pharma S.A. (Ley 32033) Conoce y disfruta de un mundo de innovación dermocosmética y belleza con 27 años de experiencia. Los productos Sesderma fueron desarrollados especialmente para brindarte cuidado de contorno de ojos, fotoprotección, combatir las arrugas, higiene e hidratación de la piel, tratamiento capilar, y cuidado de la zona íntima. Desarrollando así nuevas tecnologías orientadas al cuidado de la piel. Pack Sesderma Anti-manchas + Luminosidad El Sérum proporciona un extra de luminosidad a tu piel y ayuda a frenar los signos de la edad. Además de los 5 tipos de vitaminas C, sus activos antienvejecimiento, como la centella asiática, el ácido hialurónico y los proteoglicanos, junto con el complejo tensor inmediato, proporcionan una piel mucho más elástica y flexible con un efecto inmediato y a largo plazo.Despierta todo el potencial de la piel y redescubre su luminosidad. El serum Azelac Ru Despigmenting Sesderma te permite aclarar, reducir y prevenir las manchas en la piel. Su fórmula con activos encapsulados en liposomas y nanotecnología actúa directamente sobre el origen de las manchas, mientras previene que no aparezcan nuevas. Tanto para pieles secas, mixtas o grasas. Recomendado en todo tipo de hiperpigmentación. Mejora instantáneamente la luminosidad y la firmeza ¡Llegó la acción innovadora de Sesderma! Lo Mejor en Dermocosmética Packs de Dermatología Cosmética Todo Sesderma con Regalo Todo en Serum Dermatológico",,false_no_registro_sanitario,,
Mifarma,Desodorante en Barra Dove Tono Uniforme Calendula 45g,Desodorante en Barra Dove Tono Uniforme Calendula 45g,,13.50,PEN,available,https://www.mifarma.com.pe/producto/desodorante-en-barra-dove-tono-uniforme-calendula/307181,307181,DOVE,algolia_public_search,2026-06-08T01:10:50.657611+00:00,,"aluminum zirconium tetrachlorohydrex gly, stearyl alcohol, cyclomethicone, c12-15 alkyl benzoate, isopropyl palmitate, ppg-14 butyl ether, hydrogenated castor oil, peg-8, dimethicone, parfum, polyethylene, silica, helianthus annuus seed oil, steareth-100, bht, alpha-isomethyl ionone, geraniol, hexil cinnamal, limonene. ""Este producto es distribuido por Inretail Pharma S.A. (Ley 32033) Dove es una marca de productos para el cuidado personal que pertenece a Unilever, una de las compañías más granes de consumo. Con amplia gama de productos, incluyendo jabones, geles de ducha, desodorantes, lociones, y productos para el cabello. Dove es una marca que ha ganado una gran lealtad y reconocimiento, no solo por la calidad de sus productos, sino también por su enfoque que promueve una imagen más inclusiva y diversa de la belleza. Protege tu Piel con el Suave Cuidado de Dove Desodorante en Barra Tono Uniforme Calendula Diseñado para humectar y cuidar la piel de tus axilas, ayudando a prevenir y reducir las manchas oscuras para restaurar su tono natural. Este desodorante exclusivo contiene 1/4 de crema humectante, aceite de caléndula y vitamina E, ingredientes conocidos por sus propiedades beneficiosas para la piel. Además, ofrece hasta 72 horas de protección contra el sudor y el mal olor, manteniéndote fresca todo el día. Beneficios que tu piel te lo agradecerá: Hidrata y cuida: Previene y reduce las manchas oscuras. Fórmula enriquecida: Con 1/4 de crema humectante, aceite de caléndula y vitamina E. Protección prolongada: Hasta 72 horas contra el sudor y el mal olor. Libre de alcohol: Para una experiencia más suave. Aroma fresco: Con agradables notas frutales. protección que también cuida tu piel Siente la frescura y el cuidado de Dove cada día Desodorantes Mujer",,false_no_registro_sanitario,,
Mifarma,Antitranspirante en Barra Dove Tono Uniforme Rosas,Antitranspirante en Barra Dove Tono Uniforme Rosas,,13.50,PEN,available,https://www.mifarma.com.pe/producto/antitranspirante-barra-dove-tono-uniforme-45-gr/300104,300104,DOVE,algolia_public_search,2026-06-08T01:10:50.657991+00:00,,"Cyclomethicone, aluminum zirconium tetrachlorohydrex gly, stearyl alcohol, c12-15 alkyl benzoate, ppg-14 butyl ether, hydrogenated castor oil, peg-8, dimethicone, polyethylene, silica, parfum, helianthus annuus seed oil, steareth-100, bht, calendula officinalis flower extract Este producto es distribuido por Inretail Pharma S.A. (Ley 32033) Bienvenido a un mundo de seguridad, higiene, cuidado personal y belleza. Los productos Dove fueron diseñados especialmente para ayudarte a calmar, proteger e hidratar tu piel o tu cabello. Disfruta todos los días de confianza, fortaleza y demuestra el potencial que tienes con Dove. Protección y cuidado con Antitranspirante en Barra Dove Tono Uniforme Rosas Antitranspirante en Barra Dove otorga cuidado y protección a tus axilas. Un desodorante con un diseño único, el cual cuenta con propiedades benéficas para piel gracias a que posee 1/4 de Crema Humectante, aceites esenciales y vitamina E que ayuda a humectar, prevenir y reducir las manchas. También cuenta con un delicioso aroma a flores y no posee alcohol proveyendo 48 horas de protección contra el sudor y el mal olor. Desodorantes Mujer Aclarado",,false_no_registro_sanitario,,
Mifarma,Pack 03 Mezcla para Infusión Mujer Dr. Pérez-Albela,Pack 03 Mezcla para Infusión Mujer Dr. Pérez-Albela,,64.50,PEN,available,https://www.mifarma.com.pe/producto/pack-03-infusion-mujer-dr-perez-albela/PACKNT787,PACKNT787,DR. PÉREZ-ALBELA,algolia_public_search,2026-06-08T01:10:53.819791+00:00,,"Menta poleo (Mentha pulegium), Menta piperita (Mentha x piperita), Orégano (Origanum vulgare) y Salvia (Salvia o cinalis). Este producto es distribuido por Inretail Pharma S.A. (Ley 32033) Packs de Nutrición y Bienestar",,false_no_registro_sanitario,,
Mifarma,Pack Dr. Pérez-Albela Mezcla para Infusión Mujer + Mezcla para Infusión Sueño,Pack Dr. Pérez-Albela Mezcla para Infusión Mujer + Mezcla para Infusión Sueño,,43.30,PEN,available,https://www.mifarma.com.pe/producto/pack-dr-perez-albela-infusion-mujer-infusion-sueno/PACKNT784,PACKNT784,DR. PÉREZ-ALBELA,algolia_public_search,2026-06-08T01:10:53.820237+00:00,,"Mezcla para Infusión Mujer Dr. Pérez-Albela: Menta poleo (Mentha pulegium), Menta piperita (Mentha x piperita), Orégano (Origanum vulgare) y Salvia (Salvia o¬cinalis). Mezcla para Infusión Sueño Dr. Pérez-Albela: Toronjil (Melissa o¬cinalis), Pimpinela (Pimpinella anisum), Hierbabuena (Mentha spicata) y Salvia (Salvia o¬cinalis). Este producto es distribuido por Inretail Pharma S.A. (Ley 32033) Packs de Nutrición y Bienestar",,false_no_registro_sanitario,,
Mifarma,Pack 02 Mezcla para Infusión Mujer Dr. Pérez-Albela,Pack 02 Mezcla para Infusión Mujer Dr. Pérez-Albela,,43.30,PEN,available,https://www.mifarma.com.pe/producto/pack-02-infusion-mujer-perez-albela/PACKNT782,PACKNT782,DR. PÉREZ-ALBELA,algolia_public_search,2026-06-08T01:10:53.820386+00:00,,"Menta poleo (Mentha pulegium), Menta piperita (Mentha x piperita), Orégano (Origanum vulgare) y Salvia (Salvia o cinalis). Este producto es distribuido por Inretail Pharma S.A. (Ley 32033) Packs de Nutrición y Bienestar",,false_no_registro_sanitario,,
