pharmacy,commercial_name,formal_name,registro_sanitario,price,currency,availability,url,sku,brand,source_strategy,scraped_at,stock,component_text,registro_sanitario_source,component_traceable
Farmacia Universal,Mason Vitamina E 400 IU Cápsulas - Frasco 30 und,Mason Vitamina E 400 IU Cápsulas 30 und Precio + Delivery Gratis,DE0376,38.01,PEN,available,https://www.farmaciauniversal.com/mason-vitamina-e-400-iu-capsulas-frasco-30-und/p,5057,Mason Natural,vtex_catalog_search,2026-06-08T00:46:39.188757+00:00,100,/Vitaminas y Suplementos/Vitaminas/Vitamina E/ /Vitaminas y Suplementos/Vitaminas/ /Vitaminas y Suplementos/ /1/343/349/ /1/343/ /1/ Frasco 30 und DE0376 Dosis: 1 Cápsula Blanda al día. No exceder la dosis diaria recomendada. Este producto no debe utilizarse como sustituto de una dieta equilibrada Presentación Registro Sanitario Modo de uso Precauciones y Contraindicaciones No Producto a Pedido 1 Presentación Registro Sanitario Modo de uso Precauciones y Contraindicaciones Producto a Pedido Stock Security Campos Auxiliares Highlight Stock Security La vitamina E ayuda a proteger contra el daño celular causado por radicales libres.,vtex_spec_or_regex,true
Farmacia Universal,Mason Vitamina E 400 IU Cápsulas - Frasco 100 und,Mason Vitamina E 400 IU Cápsulas 100 und Precio + Delivery Gratis,DE0376,94.90,PEN,available,https://www.farmaciauniversal.com/mason-vitamina-e-400-iu-capsulas-frasco-100-und/p,5056,Mason Natural,vtex_catalog_search,2026-06-08T00:46:39.188964+00:00,100,/Vitaminas y Suplementos/Vitaminas/Vitamina E/ /Vitaminas y Suplementos/Vitaminas/ /Vitaminas y Suplementos/ /1/343/349/ /1/343/ /1/ Frasco 100 und DE0376 Dosis: 1 Cápsula Blanda al día. No exceder la dosis recomendada. No debe utilizarse como sustituto de una dieta equilibrada. Presentación Registro Sanitario Modo de uso Precauciones y Contraindicaciones No Producto a Pedido 1 Presentación Registro Sanitario Modo de uso Precauciones y Contraindicaciones Producto a Pedido Stock Security Campos Auxiliares Highlight Stock Security La vitamina E ayuda a proteger contra el daño celular causado por radicales libres.,vtex_spec_or_regex,true
Farmacia Universal,Mason Vitamina A 10000 UI Cápsulas - Frasco 100 und,Mason Vitamina A 10000 UI Cápsulas 100 und Precio + Delivery Gratis,DE1016,50.33,PEN,available,https://www.farmaciauniversal.com/mason-vitamina-a-10000-ui-capsulas-frasco-100-und/p,5052,Mason Natural,vtex_catalog_search,2026-06-08T00:46:39.189181+00:00,100,"/Vitaminas y Suplementos/Vitaminas/Vitamina A/ /Vitaminas y Suplementos/Vitaminas/ /Vitaminas y Suplementos/ /1/343/345/ /1/343/ /1/ Frasco 100 und DE1016 1 Cápsula Blanda al día. No exceder la dosis recomendada. Un consumo de 25,000 IU por día puede producir hipervitaminosis A. No debe utilizarse como sustituto de una dieta equilibrada. No debe ser consumido por niños menores de 12 años ni por mujeres en estado de gestación o dando de lactar. Presentación Registro Sanitario Modo de uso Precauciones y Contraindicaciones No Producto a Pedido 1 Presentación Registro Sanitario Modo de uso Precauciones y Contraindicaciones Producto a Pedido Stock Security Campos Auxiliares Highlight Stock Security La Vitamina A contribuye a mantener una visión saludable.",vtex_spec_or_regex,true
Farmacia Universal,PG Vitamina E 400 UI Cápsulas Blandas - Caja 30 und,PG Vitamina E 400 UI Cápsulas Blandas 30 und Precio + Delivery Gratis,DE3884,24.90,PEN,available,https://www.farmaciauniversal.com/pg-vitamina-e-400-ui-capsulas-blandas-caja-30-und/p,28100,Pharmagen,vtex_catalog_search,2026-06-08T00:46:39.189729+00:00,100,"/Vitaminas y Suplementos/Vitaminas/Vitamina E/ /Vitaminas y Suplementos/Vitaminas/ /Vitaminas y Suplementos/ /1/343/349/ /1/343/ /1/ Caja 30 und Vitamina E 400 UI DE3884 Ingerir 1 cápsula al día con agua, preferentemente junto con las comidas, o según lo indique el médico. No exceder la dosis recomendada. Recordar que los suplementos no sustituyen una dieta equilibrada. Mantener fuera del alcance de los niños. Consultar al médico en caso de embarazo, lactancia o si se está en tratamiento con anticoagulantes. Presentación Principio Activo Registro Sanitario Modo de uso Precauciones y Contraindicaciones No Producto a Pedido 1 Presentación Principio Activo Registro Sanitario Modo de uso Precauciones y Contraindicaciones Producto a Pedido Stock Security Campos Auxiliares Highlight Stock Security PG Vitamina E 400 UI en cápsulas blandas aporta un potente antioxidante que contribuye a proteger las células del daño oxidativo, apoyar la salud de la piel y fortalecer el sistema inmunológico. Su formato en cápsulas blandas facilita la ingesta y la absorción.",vtex_spec_or_regex,true
Farmacia Universal,Drasanvi Omega 3 + Vitamina E Cápsulas - Frasco 100 und,Drasanvi Omega 3 + Vitamina E Cápsulas 100 und Precio + Delivery Gratis,DE3908,65.00,PEN,available,https://www.farmaciauniversal.com/drasanvi-omega-3-vitamina-e-capsulas-frasco-100-und/p,26956,Drasanvi,vtex_catalog_search,2026-06-08T00:46:39.190251+00:00,100,"/Vitaminas y Suplementos/Minerales y Otros/Omega 3/ /Vitaminas y Suplementos/Minerales y Otros/ /Vitaminas y Suplementos/ /1/10/324/ /1/10/ /1/ Frasco 100 und DE3908 Consumir 1 perla al día, preferiblemente con la comida. Complemento Alimenticio a base de aceite de pescado y vitamina e. Los complementos alimenticios no deben utilizarse como sustitutivos de una dieta equilibrada. No superar la dosis diaria expresamente recomendada. Mantener fuera del alcance de los niños más pequeños. Conservar en un lugar fresco y seco. Presentación Registro Sanitario Modo de uso Precauciones y Contraindicaciones No Producto a Pedido 1 Presentación Registro Sanitario Modo de uso Precauciones y Contraindicaciones Producto a Pedido Stock Security Campos Auxiliares Highlight Stock Security Las perlas Omega 3 de Drasanvi aportan 180 mg de EPA y 120 mg de DHA por perla. Gracias a su contenido en EPA Y DHA, las perlas Omega 3 de Drasanvi contribuyen al buen funcionamiento del corazón. La vitamina E actual como antioxidante sobre la perla y el cuerpo humano. Sin gluten.",vtex_spec_or_regex,true
Farmacia Universal,Mason Vitamina D3 400 IU Cápsulas - Frasco 100 und,Mason Vitamina D3 400 IU Cápsulas 100 und Precio + Delivery Gratis,DE1010,52.95,PEN,available,https://www.farmaciauniversal.com/mason-vitamina-d3-400-iu-capsulas-frasco-100-und/p,5070,Mason Natural,vtex_catalog_search,2026-06-08T00:46:39.190775+00:00,10,/Vitaminas y Suplementos/Vitaminas/Vitamina D/ /Vitaminas y Suplementos/Vitaminas/ /Vitaminas y Suplementos/ /1/343/348/ /1/343/ /1/ Frasco 100 und DE1010 Adultos tomar 1 Capsula Blanda al día preferentemente con la comida. No exceder la dosis diaria recomendada. Este producto no debe utilizarse como sustituto de una dieta equilibrada. Presentación Registro Sanitario Modo de uso Precauciones y Contraindicaciones No Producto a Pedido 1 Presentación Registro Sanitario Modo de uso Precauciones y Contraindicaciones Producto a Pedido Stock Security Campos Auxiliares Highlight Stock Security La vitamina D ayuda a formar huesos y dientes fuertes.,vtex_spec_or_regex,true
Farmacia Universal,Drasanvi Vitamina E 400 mg Cápsulas Perlas - Frasco 90 und,Drasanvi Vitamina E 400 mg Cápsulas Perlas 90 und Precio + Delivery Gratis,DE4689,103.90,PEN,available,https://www.farmaciauniversal.com/drasanvi-vitamina-e-400-mg-capsulas-perlas-frasco-90-und/p,29695,Drasanvi,vtex_catalog_search,2026-06-08T00:46:39.190982+00:00,1,"/Vitaminas y Suplementos/Vitaminas/Vitamina E/ /Vitaminas y Suplementos/Vitaminas/ /Vitaminas y Suplementos/ /1/343/349/ /1/343/ /1/ Frasco 90 und DE4689 Consumir una perla al día, preferiblemente, con la comida. Los complementos alimenticios no deben utilizarse como sustitutivos de una dieta equilibrada. No superar la dosis diaria expresamente recomendada. Mantener fuera del alcance de los niños más pequeños. Conservar en un lugar fresco y seco. Contiene soja. Presentación Registro Sanitario Modo de uso Precauciones y Contraindicaciones No Producto a Pedido 0 Presentación Registro Sanitario Modo de uso Precauciones y Contraindicaciones Producto a Pedido Stock Security Campos Auxiliares Highlight Stock Security Complemento alimenticio a base de vitamina E.",vtex_spec_or_regex,true
Farmacia Universal,Mason Vitamina C 1000 mg Tabletas - Frasco 100 und,Mason Vitamina C 1000 mg Tabletas 100 und Precio + Delivery Gratis,DE0371,66.37,PEN,available,https://www.farmaciauniversal.com/mason-vitamina-c-1000-mg-tabletas-frasco-100-und/p,5054,Mason Natural,vtex_catalog_search,2026-06-08T00:46:39.191186+00:00,100,/Vitaminas y Suplementos/Vitaminas/Vitamina C/ /Vitaminas y Suplementos/Vitaminas/ /Vitaminas y Suplementos/ /1/343/347/ /1/343/ /1/ Frasco 100 und DE0371 1 Tableta al día. No exceder la dosis diaria recomendada. Este producto no debe utilizarse como sustituto de una dieta equilibrada. Presentación Registro Sanitario Modo de uso Precauciones y Contraindicaciones No Producto a Pedido 1 Presentación Registro Sanitario Modo de uso Precauciones y Contraindicaciones Producto a Pedido Stock Security Campos Auxiliares Highlight Stock Security La vitamina C ayuda a mantener la función inmunológica.,vtex_spec_or_regex,true
Farmacia Universal,Mason Vitamina B12 1000 mcg Tabletas - Frasco 100 und,Mason Vitamina B12 1000 mcg Tabletas 100 und Precio + Delivery Gratis,DE1972,99.90,PEN,available,https://www.farmaciauniversal.com/mason-vitamina-b12-1000-mcg-tabletas-frasco-100-und/p,5050,Mason Natural,vtex_catalog_search,2026-06-08T00:46:39.191394+00:00,100,"/Vitaminas y Suplementos/Vitaminas/Vitamina B/ /Vitaminas y Suplementos/Vitaminas/ /Vitaminas y Suplementos/ /1/343/346/ /1/343/ /1/ Frasco 100 und DE1972 Adultos. Disolver 1 tableta debajo de la lengua. Tomar a diario preferible con una comida. Debe usarse con precaución en pacientes con antecedentes de cáncer, problemas genitourinarios, gastrointestinales, hematológicos. Las mujeres en estado de gestación o dando de lactar pueden consumirlo solo bajo supervisión médica. Presentación Registro Sanitario Modo de uso Precauciones y Contraindicaciones No Producto a Pedido 1 Presentación Registro Sanitario Modo de uso Precauciones y Contraindicaciones Producto a Pedido Stock Security Campos Auxiliares Highlight Stock Security La vitamina B-12 contribuye al adecuado funcionamiento del sistema nervioso.",vtex_spec_or_regex,true
Farmacia Universal,Mason Vitamina B12 250 mcg Tabletas - Frasco 100 und,Mason Vitamina B12 250 mcg Tabletas 100 und Precio + Delivery Gratis,DE1045,54.90,PEN,available,https://www.farmaciauniversal.com/mason-vitamina-b12-250-mcg-tabletas-frasco-100-und/p,5043,Mason Natural,vtex_catalog_search,2026-06-08T00:46:39.191612+00:00,10,"/Vitaminas y Suplementos/Vitaminas/Vitamina B/ /Vitaminas y Suplementos/Vitaminas/ /Vitaminas y Suplementos/ /1/343/346/ /1/343/ /1/ Frasco 100 und DE1045 1 Tableta al día, preferible con la comida. No exceder la dosis recomendada. No debe utilizarse como sustituto de una dieta equilibrada. Las mujeres en estado de gestación o dando de lactar pueden consumirlo solo bajo supervisión médica. Presentación Registro Sanitario Modo de uso Precauciones y Contraindicaciones No Producto a Pedido 1 Presentación Registro Sanitario Modo de uso Precauciones y Contraindicaciones Producto a Pedido Stock Security Campos Auxiliares Highlight Stock Security La vitamina B-12 favorece la formación adecuada de glóbulos rojos.",vtex_spec_or_regex,true
Farmacia Universal,Mason Vitamina B6 100 mg Tabletas - Frasco 100 und,Mason Vitamina B6 100 mg Tabletas 100 und Precio + Delivery Gratis,DE3872,61.58,PEN,available,https://www.farmaciauniversal.com/mason-vitamina-b6-100-mg-tabletas-frasco-100-und/p,26946,Mason Natural,vtex_catalog_search,2026-06-08T00:46:39.191820+00:00,100,"/Vitaminas y Suplementos/Vitaminas/Vitamina B/ /Vitaminas y Suplementos/Vitaminas/ /Vitaminas y Suplementos/ /1/343/346/ /1/343/ /1/ Frasco 100 und DE3872 Adultos tomar 1 tableta diaria, como suplemento dietético, de preferencia con los alimentos. Si está embarazada, amamantando, está tomando algún medicamento o tiene alguna condición médica, consulte a su médico antes de usar. Si ocurre alguna reacción adversa, descontinúe su uso y consulte a su médico. Presentación Registro Sanitario Modo de uso Precauciones y Contraindicaciones No Producto a Pedido 1 Presentación Registro Sanitario Modo de uso Precauciones y Contraindicaciones Producto a Pedido Stock Security Campos Auxiliares Highlight Stock Security La vitamina B6 contribuye al buen funcionamiento del sistema nervioso.",vtex_spec_or_regex,true
Farmacia Universal,Mason Vitamina B1 100 mg Tabletas - Frasco 100 und,Mason Vitamina B1 100 mg Tabletas 100 und Precio + Delivery Gratis,DE2636,59.66,PEN,available,https://www.farmaciauniversal.com/mason-vitamina-b1-100-mg-tabletas-frasco-100-und/p,22259,Mason Natural,vtex_catalog_search,2026-06-08T00:46:39.192028+00:00,10,"/Vitaminas y Suplementos/Vitaminas/Vitamina B/ /Vitaminas y Suplementos/Vitaminas/ /Vitaminas y Suplementos/ /1/343/346/ /1/343/ /1/ Frasco 100 und DE2636 Adultos tomar 1 tableta diaria como suplemento dietético. Si está embarazada o amamantando o está tomando algún medicamento o planea someterse a un procedimiento médico, consulte a su médico antes de usar este producto. Si ocurre alguna reacción adversa, descontinúe el producto y consulte a su médico. Presentación Registro Sanitario Modo de uso Precauciones y Contraindicaciones No Producto a Pedido 1 Presentación Registro Sanitario Modo de uso Precauciones y Contraindicaciones Producto a Pedido Stock Security Campos Auxiliares Highlight Stock Security Con Vitamina B1 (Tiamina), que ayuda en la producción de energía.",vtex_spec_or_regex,true
Farmacia Universal,Mason Citrato de Calcio + Vitamina D3 Comprimidos - Frasco 60 und,Mason Citrato de Calcio + Vitamina D3 Comprimidos 60 und Precio + Delivery Gratis,DE0560,76.90,PEN,available,https://www.farmaciauniversal.com/mason-citrato-de-calcio-vitamina-d3-comprimidos-frasco-60-und/p,5072,Mason Natural,vtex_catalog_search,2026-06-08T00:46:39.192243+00:00,10,"/Vitaminas y Suplementos/Minerales y Otros/Calcio/ /Vitaminas y Suplementos/Minerales y Otros/ /Vitaminas y Suplementos/ /1/10/16/ /1/10/ /1/ Frasco 60 und DE0560 Adultos 1 Tableta dos a tres veces al día preferiblemente con las comidas. No exceder la dosis recomendada. No tome dentro de 1 a 2 horas de haber tomado otros medicamentos, el calcio puede reducir su eficacia. No debe utilizarse como sustituto de una dieta equilibrada. En caso de embarazo o lactancia consultar a su médico. Presentación Registro Sanitario Modo de uso Precauciones y Contraindicaciones No Producto a Pedido 1 Presentación Registro Sanitario Modo de uso Precauciones y Contraindicaciones Producto a Pedido Stock Security Campos Auxiliares Highlight Stock Security El calcio construye huesos fuertes.",vtex_spec_or_regex,true
Farmacia Universal,Nutripharma Vitamina D3 4000 UI Cápsulas Blandas - Frasco 60 und,Nutripharma Vitamina D3 4000 UI Cápsulas Blandas 60 und Precio + Delivery Gratis,DE4645,87.51,PEN,available,https://www.farmaciauniversal.com/nutripharma-vitamina-d3-4000-ui-capsulas-blandas-frasco-60-und/p,29587,Nutripharma,vtex_catalog_search,2026-06-08T00:46:39.192761+00:00,10,"/Vitaminas y Suplementos/Vitaminas/Vitamina D/ /Vitaminas y Suplementos/Vitaminas/ /Vitaminas y Suplementos/ /1/343/348/ /1/343/ /1/ Frasco 60 und DE4645 Adultos, tomar 1 cápsula al día. Ante cualquier reacción, suspender su uso y consultar con su médico. En caso de embarazo o lactancia, consultar un médico antes de tomar este producto. Presentación Registro Sanitario Modo de uso Precauciones y Contraindicaciones No Producto a Pedido 1 Presentación Registro Sanitario Modo de uso Precauciones y Contraindicaciones Producto a Pedido Stock Security Campos Auxiliares Highlight Stock Security Suplemento con vitamina D3.",vtex_spec_or_regex,true
Farmacia Universal,Mason Vitamina E 1000 IU 450 mg Cápsulas - Frasco 50 und,Mason Vitamina E 1000 IU 450 mg Cápsulas 50 und Precio + Delivery Gratis,DE0377,116.90,PEN,available,https://www.farmaciauniversal.com/mason-vitamina-e-1000-iu-450-mg-capsulas-frasco-50-und/p,5058,Mason Natural,vtex_catalog_search,2026-06-08T00:46:39.192957+00:00,100,/Vitaminas y Suplementos/Vitaminas/Vitamina E/ /Vitaminas y Suplementos/Vitaminas/ /Vitaminas y Suplementos/ /1/343/349/ /1/343/ /1/ Frasco 50 und DE0377 1 cápsula blanda al día No exceder la dosis recomendada y no debe utilizarse como un sustituto de una dieta equilibrada. Presentación Registro Sanitario Modo de uso Precauciones y Contraindicaciones No Producto a Pedido 1 Presentación Registro Sanitario Modo de uso Precauciones y Contraindicaciones Producto a Pedido Stock Security Campos Auxiliares Highlight Stock Security Suplemento dietético. La vitamina E ayuda a proteger contra el daño celular causado por radicales libres.,vtex_spec_or_regex,true
Farmacia Universal,Drasanvi Melatonina + Vitamina B6 Kids Gotas Orales - Frasco 50 ml,Drasanvi Melatonina + Vitamina B6 Kids Gotas Orales 50 ml Precio + Delivery Gratis,DE4337,39.90,PEN,available,https://www.farmaciauniversal.com/drasanvi-melatonina-vitamina-b6-kids-gotas-orales-frasco-50-ml/p,28198,Drasanvi,vtex_catalog_search,2026-06-08T00:46:39.193189+00:00,100,"/Cuidado Infantil/Nutrición Infantil/Suplementos Infantiles/ /Cuidado Infantil/Nutrición Infantil/ /Cuidado Infantil/ /5/151/340/ /5/151/ /5/ Frasco 50 ml DE4337 Tomar 0,8 ml al día (10 gotas) una hora antes de acostarse. Se puede tomar directamente o diluido en agua, zumos o infusiones. Especial cuidado en presencia de enfermedades autoinmunes, tumores, hematológicos, asma mal controlada, diabetes o epilepsia activa. Mantener fuera del alcance de los niños. Conservar en un lugar fresco y seco. Presentación Registro Sanitario Modo de uso Precauciones y Contraindicaciones No Producto a Pedido 1 Presentación Registro Sanitario Modo de uso Precauciones y Contraindicaciones Producto a Pedido Stock Security Campos Auxiliares Highlight Stock Security Complemento nutricional que ayuda al mantenimiento del ciclo biológico sueño-vigilia, favoreciendo un correcto descanso nocturno. A base de Melatonina, una hormona que de manera natural es segregada por la hipófisis y regulada por la presencia de luz.",vtex_spec_or_regex,true
Farmacia Universal,"Mason Colágeno 1500, Biotina & Vitamina C Cápsulas - Frasco 60 und","Mason Colágeno 1500, Biotina & Vitamina C Cápsulas 60 und Precio + Delivery Gratis",DE1957,92.90,PEN,available,https://www.farmaciauniversal.com/mason-colageno-1500-biotina-y-vitamina-c-capsulas-frasco-60-und/p,5049,Mason Natural,vtex_catalog_search,2026-06-08T00:46:39.193420+00:00,100,"/Vitaminas y Suplementos/Minerales y Otros/Colágenos/ /Vitaminas y Suplementos/Minerales y Otros/ /Vitaminas y Suplementos/ /1/10/323/ /1/10/ /1/ Frasco 60 und DE1957 Adultos, 3 cápsulas al día de preferencia con una comida. No exceda la dosis indicada. No es seguro su uso en personas menores de 18 años, mujeres gestantes y lactantes. Este producto no debe de utilizarse como sustituto de una dieta equilibrada. Presentación Registro Sanitario Modo de uso Precauciones y Contraindicaciones No Producto a Pedido 1 Presentación Registro Sanitario Modo de uso Precauciones y Contraindicaciones Producto a Pedido Stock Security Campos Auxiliares Highlight Stock Security Suplemento dietético. La biotina ayuda a mantener saludables el cabello, la piel y las uñas.",vtex_spec_or_regex,true
Farmacia Universal,Drasanvi Melatonina + Vitamina B6 Adultos Solución Oral - Frasco 50 ml,Drasanvi Melatonina + Vitamina B6 Adultos Solución Oral 50 ml Precio + Delivery Gratis,DE4342,39.90,PEN,available,https://www.farmaciauniversal.com/drasanvi-melatonina-vitamina-b6-adultos-solucion-oral-frasco-50-ml/p,28197,Drasanvi,vtex_catalog_search,2026-06-08T00:46:39.193660+00:00,100,"/Vitaminas y Suplementos/Multivitamínicos/Relajantes/ /Vitaminas y Suplementos/Multivitamínicos/ /Vitaminas y Suplementos/ /1/344/351/ /1/344/ /1/ Frasco 50 ml DE4342 Tomar 0,8 ml al día (10 gotas) una hora antes de acostarse. Se puede tomar directamente o diluido en agua, zumos o infusiones. Especial cuidado en presencia de enfermedades autoinmunes, tumores, hematológicos, asma mal controlada, diabetes o epilepsia activa. Mantener fuera del alcance de los niños. Conservar en un lugar fresco y seco. Presentación Registro Sanitario Modo de uso Precauciones y Contraindicaciones No Producto a Pedido 1 Presentación Registro Sanitario Modo de uso Precauciones y Contraindicaciones Producto a Pedido Stock Security Campos Auxiliares Highlight Stock Security Complemento nutricional para niños que ayuda al mantenimiento del ciclo biológico sueño-vigilia, favoreciendo un correcto descanso nocturno. A base de Melatonina, una hormona que de manera natural es segregada por la hipófisis y regulada por la presencia de luz.",vtex_spec_or_regex,true
Farmacia Universal,German Energy Vitamina C + Zinc Tabletas Efervescentes - Tubo 20 und,German Energy Vitamina C + Zinc Tabletas Efervescentes 20 und Precio + Delivery Gratis,DE3355,11.90,PEN,available,https://www.farmaciauniversal.com/german-energy-vitamina-c-zinc-tabletas-efervescentes-tubo-20-und/p,29656,Germany Energy,vtex_catalog_search,2026-06-08T00:46:39.193861+00:00,100,/Vitaminas y Suplementos/Vitaminas/Vitamina C/ /Vitaminas y Suplementos/Vitaminas/ /Vitaminas y Suplementos/ /1/343/347/ /1/343/ /1/ Tubo 20 und DE3355 Almacenar a menos de 25ºC y en un lugar seco. Mantener el tubo cerrado. Manténgase fuera del alcance de los niños. Presentación Registro Sanitario Precauciones y Contraindicaciones No Producto a Pedido Naranja Tubo 20 und Sabor Presentaciones 1 Presentación Registro Sanitario Precauciones y Contraindicaciones Producto a Pedido Sabor Presentaciones Stock Security Campos Auxiliares Highlight Filtros Stock Security Suplemento alimentario con vitamina C y zinc.,vtex_spec_or_regex,true
Farmacia Universal,German Energy Hierro + Vitamina C Tabletas Efervescentes - Tubo 20 und,German Energy Hierro + Vitamina C Tabletas Efervescentes 20 und Precio + Delivery Gratis,DE4431,16.90,PEN,available,https://www.farmaciauniversal.com/german-energy-hierro-vitamina-c-tabletas-efervescentes-tubo-20-und/p,29647,Germany Energy,vtex_catalog_search,2026-06-08T00:46:39.194059+00:00,1,/Vitaminas y Suplementos/Minerales y Otros/Hierro/ /Vitaminas y Suplementos/Minerales y Otros/ /Vitaminas y Suplementos/ /1/10/18/ /1/10/ /1/ Tubo 20 und DE4431 Almacenar a menos de 25ºC y en un lugar seco. Mantener el tubo cerrado. Manténgase fuera del alcance de los niños. Presentación Registro Sanitario Precauciones y Contraindicaciones No Producto a Pedido Frutos Rojos Tubo 20 und Sabor Presentaciones 1 Presentación Registro Sanitario Precauciones y Contraindicaciones Producto a Pedido Sabor Presentaciones Stock Security Campos Auxiliares Highlight Filtros Stock Security Suplemento alimentario con Hierro y Vitamina C.,vtex_spec_or_regex,true
Farmacia Universal,Colnatur Complex Colágeno con Vitamina C y Magnesio - Lata 330 g,Colnatur Complex Colágeno con Vitamina C y Magnesio 330 g Precio + Delivery Gratis,DE3581,153.00,PEN,available,https://www.farmaciauniversal.com/colnatur-complex-colageno-con-vitamina-c-y-magnesio-lata-330-g/p,21263,Colnatur,vtex_catalog_search,2026-06-08T00:46:39.194307+00:00,10,"/Vitaminas y Suplementos/Minerales y Otros/Colágenos/ /Vitaminas y Suplementos/Minerales y Otros/ /Vitaminas y Suplementos/ /1/10/323/ /1/10/ /1/ Lata 330 g DE3581 Tomar diariamente 11 gramos (el contenido entero del dosificador) disueltos en un mínimo de 150 ml de alguna bebida de su preferencia No apto para fenilcetonúricos ni intolerantes al magnesio. Quienes requieran una dieta restringida en proteínas (insuficiencia renal o hepática muy grave) deben tomar el producto bajo supervisión médica. Su consumo no exime de seguir una dieta variada y equilibrada, y un estilo de vida saludable. Se aconseja no sobrepasar la cantidad recomendada de 11 gramos día. Presentación Registro Sanitario Modo de uso Precauciones y Contraindicaciones No Producto a Pedido 1 Presentación Registro Sanitario Modo de uso Precauciones y Contraindicaciones Producto a Pedido Stock Security Campos Auxiliares Highlight Stock Security Complemento nutricional a base de proteína de colágeno hidrolizada (natural, muy asimilable y pura) enriquecida con magnesio, vitamina C y ácido hialurónico. Sin grasas, azúcares, edulcorantes artificiales, colorantes, conservantes, gluten ni otros alérgenos.",vtex_spec_or_regex,true
Farmacia Universal,Corplus Suplemento con Probióticos y Vitamina D Cápsulas - Caja 30 und,Corplus Suplemento con Probióticos y Vitamina D Cápsulas 30 und Precio + Delivery Gratis,DE4070,219.30,PEN,available,https://www.farmaciauniversal.com/corplus-suplemento-con-probioticos-y-vitamina-d-capsulas-caja-30-und/p,27819,Bagó,vtex_catalog_search,2026-06-08T00:46:39.194560+00:00,10,"/Vitaminas y Suplementos/Multivitamínicos/Digestivos/ /Vitaminas y Suplementos/Multivitamínicos/ /Vitaminas y Suplementos/ /1/344/352/ /1/344/ /1/ Caja 30 und DE4070 La dosis recomendada es de 1 cápsula al día después de una comida, durante al menos 4 semanas de tratamiento. Se puede administrar el tiempo que sea necesario. No exceda la dosis diaria recomendada. Los complementos alimenticios no pueden sustituir una dieta variada y equilibrada, ni un estilo de vida saludable. CORPLUS no debe tomarse antes o dentro de las 2 horas posteriores a la toma de cualquier antibiótico. Presentación Registro Sanitario Modo de uso Precauciones y Contraindicaciones No Producto a Pedido 1 Presentación Registro Sanitario Modo de uso Precauciones y Contraindicaciones Producto a Pedido Stock Security Campos Auxiliares Highlight Stock Security Complemento alimenticio a base de 04 cepas probióticas y vitamina D que ha demostrado acelerar la reducción de los síntomas de enfermedades respiratorias víricas, y mejorar la respuesta inmunitaria frente a los virus.",vtex_spec_or_regex,true
Farmacia Universal,Drasanvi Vitamina D3 Kids 400 Ui Tabletas Masticables - Frasco 60 und,Drasanvi Vitamina D3 Kids 400 Ui Tabletas Masticables 60 und Precio + Delivery Gratis,DE3939,30.86,PEN,available,https://www.farmaciauniversal.com/drasanvi-vitamina-d3-kids-400-ui-tabletas-masticables-frasco-60-und/p,26958,Drasanvi,vtex_catalog_search,2026-06-08T00:46:39.194815+00:00,10,"/Cuidado Infantil/Nutrición Infantil/Suplementos Infantiles/ /Cuidado Infantil/Nutrición Infantil/ /Cuidado Infantil/ /5/151/340/ /5/151/ /5/ Frasco 60 und DE3939 A partir de tres años. Masticar o deshacer lentamente en la boca un comprimido al día, preferiblemente con las comidas. Complemento alimenticio a base de vitamina. No superar la dosis diaria expresamente recomendada; Los complementos alimenticios no deben utilizarse como sustituto de una dieta equilibrada; Mantener fuera del alcance de los niños más pequeños. Conservar en un lugar fresco y seco. Presentación Registro Sanitario Modo de uso Precauciones y Contraindicaciones No Producto a Pedido 1 Presentación Registro Sanitario Modo de uso Precauciones y Contraindicaciones Producto a Pedido Stock Security Campos Auxiliares Highlight Stock Security La vitamina D3 es una vitamina soluble en grasa que nuestra piel sintetiza al exponerse a la luz solar o a través de una correcta alimentación o complementación. Afecta a nuestro estado de ánimo y a nuestro bienestar asi como a la salud de los huesos y de las articulaciones. La vitamina D contribuye a la absorción y utilización normal del calcio y el fósforo.",vtex_spec_or_regex,true
Farmacia Universal,Ana Maria Lajusticia Colágeno con Magnesio + Vitamina C - Frasco 350 g,Ana Maria Lajusticia Colágeno con Magnesio + Vitamina C 350 g Precio + Delivery Gratis,DE4176,159.00,PEN,available,https://www.farmaciauniversal.com/ana-maria-lajusticia-colageno-con-magnesio-vitamina-c-frasco-350-g/p,28025,Ana Maria Lajusticia,vtex_catalog_search,2026-06-08T00:46:39.195088+00:00,10,"/Vitaminas y Suplementos/Minerales y Otros/Colágenos/ /Vitaminas y Suplementos/Minerales y Otros/ /Vitaminas y Suplementos/ /1/10/323/ /1/10/ /1/ Frasco 350 g DE4176 Tomar 01 cucharita en el desayuno, 01 en el almuerzo y 01 en la cena. Un total diario de 7.5g., repartido en 03 cucharitas de té al ras (2.5 gr. c/u) Acompañar con líquidos, yogur, purés, jugos de fruta. Consumir diariamente, sin pausa. Repartir la dosis indicada 03 veces al día para mejorar su absorción y efectividad. Presentación Registro Sanitario Modo de uso Precauciones y Contraindicaciones No Producto a Pedido 1 Presentación Registro Sanitario Modo de uso Precauciones y Contraindicaciones Producto a Pedido Stock Security Campos Auxiliares Highlight Stock Security Complemento Nutricional Ana Maria Lajusticia a base de Colágeno Hidrolizado Tipo I y II. Indicado para aliviar y mejorar las Articulaciones, tendones, cartílagos y músculos. Aporta flexibilidad y fortalecimiento en los huesos, mejora el aspecto de la piel, uñas, cabello y encías. Formula enriquecida con Magnesio y Vitamina C. Frasco x 350g en Polvo para diluir. Sabor Fresa.",vtex_spec_or_regex,true
Farmacia Universal,"Drasanvi Omega 3, 6 y 9 con Vitamina E Cápsulas - Frasco 100 und","Drasanvi Omega 3, 6 y 9 con Vitamina E Cápsulas 100 und Precio + Delivery Gratis",DE3935,69.89,PEN,available,https://www.farmaciauniversal.com/drasanvi-omega-3-6-y-9-con-vitamina-e-capsulas-frasco-100-und/p,26957,Drasanvi,vtex_catalog_search,2026-06-08T00:46:39.195679+00:00,100,"/Vitaminas y Suplementos/Minerales y Otros/Omega 3/ /Vitaminas y Suplementos/Minerales y Otros/ /Vitaminas y Suplementos/ /1/10/324/ /1/10/ /1/ Frasco 100 und DE3935 Consumir una perla al día, preferiblemente con la comida. Complemento alimenticio a base de aceite de pescado, aceite de plantas y vitamina E. Los complementos alimenticios no deben utilizarse como sustitutivos de una dieta equilibrada. No superar la dosis diaria expresamente recomendada. Mantener fuera del alcance de los niños más pequeños. Conservar en un lugar fresco y seco. Presentación Registro Sanitario Modo de uso Precauciones y Contraindicaciones No Producto a Pedido 1 Presentación Registro Sanitario Modo de uso Precauciones y Contraindicaciones Producto a Pedido Stock Security Campos Auxiliares Highlight Stock Security Suplemento de Omega 3, 6 y 9. Sin gluten.",vtex_spec_or_regex,true
Farmacia Universal,Mason CoQ10 Vitamina E & Omega 3 Fish Oil Cápsulas - Frasco 60 und,Mason CoQ10 Vitamina E & Omega 3 Fish Oil Cápsulas 60 und Precio + Delivery Gratis,DE2626,129.90,PEN,available,https://www.farmaciauniversal.com/mason-coq10-vitamina-e-omega-3-fish-oil-capsulas-frasco-60-und/p,22260,Mason Natural,vtex_catalog_search,2026-06-08T00:46:39.195926+00:00,10,"/Vitaminas y Suplementos/Multivitamínicos/Cardiovasculares/ /Vitaminas y Suplementos/Multivitamínicos/ /Vitaminas y Suplementos/ /1/344/355/ /1/344/ /1/ Frasco 60 und DE2626 Dosis para adultos: Tomar dos cápsulas blandas al día. No exceder la dosis diaria recomendada. Este producto no debe utilizarse como sustituto de una dieta equilibrada. Si está embarazada, en periodo de lactancia, tomando alguna medicación o tiene alguna condición médica, consulte a su médico antes de usar este producto. Presentación Registro Sanitario Modo de uso Precauciones y Contraindicaciones No Producto a Pedido 1 Presentación Registro Sanitario Modo de uso Precauciones y Contraindicaciones Producto a Pedido Stock Security Campos Auxiliares Highlight Stock Security Con EPA, el DHA y coenzima Q10 que ayudan a mantener la salud cardiovascular.",vtex_spec_or_regex,true
Farmacia Universal,Ana Maria Lajusticia Triptófano con Magnesio + Vitamina B6 Comprimidos - Frasco 60 und,Ana Maria Lajusticia Triptófano con Magnesio + Vitamina B6 Comprimidos 60 und Precio + Delivery Gratis,DE4030,89.00,PEN,available,https://www.farmaciauniversal.com/ana-maria-lajusticia-triptofano-con-magnesio-vitamina-b6-comprimidos-frasco-60-und/p,28027,Ana Maria Lajusticia,vtex_catalog_search,2026-06-08T00:46:39.196168+00:00,10,"/Vitaminas y Suplementos/Multivitamínicos/Relajantes/ /Vitaminas y Suplementos/Multivitamínicos/ /Vitaminas y Suplementos/ /1/344/351/ /1/344/ /1/ Frasco 60 und DE4030 Tomar 01 al día en total. Tomar 01 al desayunar o 01 al almorzar o en momentos de mayor carga emocional. Acompañar con una dieta y hábitos saludables. Consumir continuamente. No es necesario hacer una pausa. No superar el consumo de dosis indicada al día. Presentación Registro Sanitario Modo de uso Precauciones y Contraindicaciones No Producto a Pedido 0 Presentación Registro Sanitario Modo de uso Precauciones y Contraindicaciones Producto a Pedido Stock Security Campos Auxiliares Highlight Stock Security Complemento Nutricional a base del aminoácido esencial Triptófano, precursor de las hormonas Serotonina y Melatonina. Indicado para reducir el estrés, ansiedad, mejora la concentración y el estado ánimo. Formula enriquecida con magnesio. Frasco por 60 comprimidos.",vtex_spec_or_regex,true
Farmacia Universal,German Energy Vitamina C + Zinc + D3 Tabletas Efervescentes - Tubo 20 und,German Energy Vitamina C + Zinc + D3 Tabletas Efervescentes 20 und Precio + Delivery Gratis,DE3349,14.20,PEN,available,https://www.farmaciauniversal.com/german-energy-vitamina-c-zinc-d3-tabletas-efervescentes-tubo-20-und/p,29657,Germany Energy,vtex_catalog_search,2026-06-08T00:46:39.196371+00:00,100,"/Vitaminas y Suplementos/Vitaminas/Vitamina C/ /Vitaminas y Suplementos/Vitaminas/ /Vitaminas y Suplementos/ /1/343/347/ /1/343/ /1/ Tubo 20 und DE3349 Almacenar a menos de 25ºC y en un lugar seco. Mantener el tubo cerrado. Manténgase fuera del alcance de los niños. Presentación Registro Sanitario Precauciones y Contraindicaciones No Producto a Pedido Naranja Tubo 20 und Sabor Presentaciones 1 Presentación Registro Sanitario Precauciones y Contraindicaciones Producto a Pedido Sabor Presentaciones Stock Security Campos Auxiliares Highlight Filtros Stock Security Suplemento alimentario con vitamina C, vitamina D3 y zinc.",vtex_spec_or_regex,true
Farmacia Universal,Drasanvi Complejo B + Colina Cápsulas - Frasco 60 und,Drasanvi Complejo B + Colina Cápsulas 60 und Precio + Delivery Gratis,DE3941,54.00,PEN,available,https://www.farmaciauniversal.com/drasanvi-complejo-b-colina-capsulas-frasco-60-und/p,29696,Drasanvi,vtex_catalog_search,2026-06-08T00:46:39.196615+00:00,100,"/Vitaminas y Suplementos/Vitaminas/Vitamina B/ /Vitaminas y Suplementos/Vitaminas/ /Vitaminas y Suplementos/ /1/343/346/ /1/343/ /1/ Frasco 60 und DE3941 Tomar una cápsula al día en una de las principales comidas. Los complementos alimenticios no deben utilizarse como sustituto de una dieta equilibrada. No superar la dosis diaria expresamente recomendada. Mantener fuera del alcance de los niños más pequeños. Conservar en un lugar fresco y seco. Presentación Registro Sanitario Modo de uso Precauciones y Contraindicaciones No Producto a Pedido 1 Presentación Registro Sanitario Modo de uso Precauciones y Contraindicaciones Producto a Pedido Stock Security Campos Auxiliares Highlight Stock Security Las Vitaminas del complejo B lo forman 8 vitaminas solubles en agua, las cuales son: Tiamina (vitamina B1), riboflavina (Vitamina B2), niacina (Vitamina B3), ácido pantoténico (vitamina B5), piridoxina (vitamina B6), biotina (vitamina B7), inositol (vitamina B8), ácido folico (vitamina B9), cobalamina (vitamina B12). También cuenta con colina, el cual es un nutriente esencial.",vtex_spec_or_regex,true
Farmacia Universal,Redoxon Total Comprimidos Efervescentes - Caja 30 und,Redoxon Total Comprimidos Efervescentes 30 und Precio + Delivery Gratis,DE2669,43.80,PEN,available,https://www.farmaciauniversal.com/redoxon-total-comprimidos-efervescentes-caja-30-und/p,23301,Redoxon,vtex_catalog_search,2026-06-08T00:46:39.196837+00:00,100,"/Vitaminas y Suplementos/Vitaminas/Vitamina C/ /Vitaminas y Suplementos/Vitaminas/ /Vitaminas y Suplementos/ /1/343/347/ /1/343/ /1/ Caja 30 und DE2669 Dosis: mayores de 12 años: 1 comprimido efervescente al día. No es sustituto de una dieta equilibrada. No superar la dosis recomendada. Personas con hemocromatosis, problemas de la función renal, formación de cálculos e hipercalcemia y/o si está tomando regularmente algún medicamento, consultar al médico siempre y en todos los casos antes de emplear este producto. Presentación Registro Sanitario Modo de uso Precauciones y Contraindicaciones No Producto a Pedido 1 Presentación Registro Sanitario Modo de uso Precauciones y Contraindicaciones Producto a Pedido Stock Security Campos Auxiliares Highlight Stock Security Suplemento dietario a base de vitamina C, D y Zinc que contribuyen al funcionamiento normal del sistema inmune, ofreciendo una triple portección. Sabor naranja.",vtex_spec_or_regex,true
Farmacia Universal,Farma D 1000 ui Cápsulas - Caja 50 und,Farma D 1000 ui Cápsulas 50 und Precio + Delivery Gratis,DE1776,77.50,PEN,available,https://www.farmaciauniversal.com/farma-d-1000-ui-capsulas-caja-50-und/p,12680,Farma D,vtex_catalog_search,2026-06-08T00:46:39.197509+00:00,100,/Vitaminas y Suplementos/Vitaminas/Vitamina D/ /Vitaminas y Suplementos/Vitaminas/ /Vitaminas y Suplementos/ /1/343/348/ /1/343/ /1/ Caja 50 und DE1776 Dosis: 1 cápsula de gelatina al día de preferencia con los alimentos. Consérvese a temperatura no mayor a 30°C Presentación Registro Sanitario Modo de uso Precauciones y Contraindicaciones No Producto a Pedido 1 Presentación Registro Sanitario Modo de uso Precauciones y Contraindicaciones Producto a Pedido Stock Security Campos Auxiliares Highlight Stock Security Suplemento dietético de vitamina D3.,vtex_spec_or_regex,true
Farmacia Universal,Soma B12 1000 mcg Tableta Sublingüal - Caja 100 und,Soma B12 1000 mcg Tableta Sublingüal 100 und Precio + Delivery Gratis,DE4172,80.00,PEN,available,https://www.farmaciauniversal.com/soma-b12-1000-mcg-tableta-sublingual-caja-100-und/p,30181,Avanx,vtex_catalog_search,2026-06-08T00:46:39.198110+00:00,10,"/Vitaminas y Suplementos/Vitaminas/Vitamina B/ /Vitaminas y Suplementos/Vitaminas/ /Vitaminas y Suplementos/ /1/343/346/ /1/343/ /1/ Caja 100 und Cianocobalamina 1000 mcg DE4172 Evitar tomar si tiene hipersensibilidad a la vitamina B12, cobalto o alguno de los ingredientes. Presentación Principio Activo Registro Sanitario Precauciones y Contraindicaciones No Producto a Pedido 1 Presentación Principio Activo Registro Sanitario Precauciones y Contraindicaciones Producto a Pedido Stock Security Campos Auxiliares Highlight Stock Security Suplemento de Vitamina B12 1000 mcg en tabletas sublingüales. Ayuda a mantener un correcto funcionamiento del Sistema Nervioso Central. Ayuda a prevenir el deterioro cognitivo progresivo.",vtex_spec_or_regex,true
Farmacia Universal,Prevencel Cápsulas - Caja 30 und,Prevencel Cápsulas 30 und Precio + Delivery Gratis,DE1728,74.70,PEN,available,https://www.farmaciauniversal.com/prevencel-capsulas-caja-30-und/p,8170,Bagó,vtex_catalog_search,2026-06-08T00:46:39.198336+00:00,100,"/Vitaminas y Suplementos/Multivitamínicos/Adultos/ /Vitaminas y Suplementos/Multivitamínicos/ /Vitaminas y Suplementos/ /1/344/350/ /1/344/ /1/ Caja 30 und DE1728 Seguir las indicaciones de su médico tratante. No se automedique. Solo para personas adultas. Contiene constituyentes habituales y esenciales para la vida normal. A dosis recomendadas no hay riesgo de usarse en el embarazo y lactancia. En casos de síndrome de malabsorción puede alterarse la absorción de vitamina E. No superar la dosis recomendada y no usar como sustituto de una dieta equilibrada. Manténgase fuera del alcance de los niños. No usar en pacientes con enfermedad de Wilson, ni hipersensibilidad a algunos de sus componentes. Presentación Registro Sanitario Modo de uso Precauciones y Contraindicaciones No Producto a Pedido 1 Presentación Registro Sanitario Modo de uso Precauciones y Contraindicaciones Producto a Pedido Stock Security Campos Auxiliares Highlight Stock Security Multivitamínico en cápsulas.",vtex_spec_or_regex,true
Farmacia Universal,Ultra B Cápsulas Blandas - Caja 30 und,Ultra B Cápsulas Blandas 30 und Precio + Delivery Gratis,DE1466,57.00,PEN,available,https://www.farmaciauniversal.com/ultra-b-capsulas-blandas-caja-30-und/p,26024,Mega We Care,vtex_catalog_search,2026-06-08T00:46:39.198569+00:00,100,"/Vitaminas y Suplementos/Vitaminas/Vitamina B/ /Vitaminas y Suplementos/Vitaminas/ /Vitaminas y Suplementos/ /1/343/346/ /1/343/ /1/ Caja 30 und DE1466 1 cápsula al día con las comidas En caso de embarazo y/o lactancia, consultar con el médico, evaluar la relación riesgo-beneficio Presentación Registro Sanitario Modo de uso Precauciones y Contraindicaciones No Producto a Pedido 1 Presentación Registro Sanitario Modo de uso Precauciones y Contraindicaciones Producto a Pedido Stock Security Campos Auxiliares Highlight Stock Security Suplemento vitamínico utilizado principalmente como coadyuvante en el tratamiento y prevención de la deficiencia de vitaminas del complejo B y alteraciones nerviosas. Contiene: Vitamina B1: 50mg, Vitamina B2: 50mg, Vitamina B3: 50mg, Vitamina B6: 50mg, Vitamina B12: 50mg, Pantotenato de calcio: 50mg, Colina: 50mg, Inositol: 50mg, Biotina: 50mcg, Ácido fólico: 100mcg.",vtex_spec_or_regex,true
Farmacia Universal,Tri Vi Sol Multivitamínico Infantil en Gotas - Frasco 20 ml,Tri-vi-Sol Multivitamínico Infantil en Gotas 20 ml Precio + Delivery Gratis,DE1798,22.80,PEN,available,https://www.farmaciauniversal.com/tri-vi-sol-multivitaminico-infantil-en-gotas-frasco-20-ml/p,10667,Siegfried,vtex_catalog_search,2026-06-08T00:46:39.199651+00:00,10,"/Cuidado Infantil/Nutrición Infantil/Suplementos Infantiles/ /Cuidado Infantil/Nutrición Infantil/ /Cuidado Infantil/ /5/151/340/ /5/151/ /5/ Frasco 20 ml DE1798 En niños de 4 años en adelante: 0.3 mL al día, salvo indicación médica. Tri-Vi-Sol®, se puede administrar directamente en la boca del niño con el gotero de seguridad o diluido con jugo de frutas u otros alimentos. El producto viene provisto con un gotero plástico especial calibrado, presenta 2 enrases: Uno superior que corresponde a 0,6 mL y otro inferior a 0,3 mL. Los productos dietéticos no deben utilizarse como sustituto de una dieta equilibrada. No se recomienda su administración con el estómago vacío. No superar la dosis diaria expresamente recomendada. Contiene metilparabeno, puede causar reacciones alérgicas (posiblemente retrasadas). Presentación Registro Sanitario Modo de uso Precauciones y Contraindicaciones No Producto a Pedido 1 Presentación Registro Sanitario Modo de uso Precauciones y Contraindicaciones Producto a Pedido Stock Security Campos Auxiliares Highlight Stock Security Como suplemento dietético de las vitaminas A, C y D.",vtex_spec_or_regex,true
Farmacia Universal,Farma D 2000 ui Cápsulas - Frasco 60 und,Farma D 2000 ui Cápsulas 60 und Precio + Delivery Gratis,DE1929,111.63,PEN,available,https://www.farmaciauniversal.com/farma-d-2000-ui-capsulas-frasco-60-und/p,18070,Farma D,vtex_catalog_search,2026-06-08T00:46:40.260582+00:00,100,/Vitaminas y Suplementos/Vitaminas/Vitamina D/ /Vitaminas y Suplementos/Vitaminas/ /Vitaminas y Suplementos/ /1/343/348/ /1/343/ /1/ Frasco 60 und DE1929 Dosis: 1 cápsula de gelatina al día de preferencia con los alimentos. Consérvese a temperatura no mayor a 30°C Presentación Registro Sanitario Modo de uso Precauciones y Contraindicaciones No Producto a Pedido 2 Presentación Registro Sanitario Modo de uso Precauciones y Contraindicaciones Producto a Pedido Stock Security Campos Auxiliares Highlight Stock Security Suplemento dietético. Vitamina D3 en cápsulas blandas de gelatina.,vtex_spec_or_regex,true
Farmacia Universal,German Energy Multi Vitaminas + Biotina Tabletas Efervescentes - Tubo 20 und,German Energy Multi Vitaminas + Biotina Tabletas Efervescentes 20 und Precio + Delivery Gratis,DE3351,14.20,PEN,available,https://www.farmaciauniversal.com/german-energy-multi-vitaminas-biotina-tabletas-efervescentes-tubo-20-und/p,29659,Germany Energy,vtex_catalog_search,2026-06-08T00:46:40.261436+00:00,1,"/Vitaminas y Suplementos/Multivitamínicos/Adultos/ /Vitaminas y Suplementos/Multivitamínicos/ /Vitaminas y Suplementos/ /1/344/350/ /1/344/ /1/ Tubo 20 und DE3351 Almacenar a menos de 25ºC y en un lugar seco. Mantener el tubo cerrado. Manténgase fuera del alcance de los niños. Presentación Registro Sanitario Precauciones y Contraindicaciones No Producto a Pedido Naranja Tubo 20 und Sabor Presentaciones 1 Presentación Registro Sanitario Precauciones y Contraindicaciones Producto a Pedido Sabor Presentaciones Stock Security Campos Auxiliares Highlight Filtros Stock Security Suplemento alimentario con vitamina A, vitamina C, vitamina D, vitamina E, y vitaminas B1, B2, B3, B5, B6, biotina, ácido fólico, y B12.",vtex_spec_or_regex,true
Farmacia Universal,Calcibone D3 800 ui Tabletas - Frasco 30 und,Calcibone D3 800 ui Tabletas 30 und Precio + Delivery Gratis,DE1977,79.26,PEN,available,https://www.farmaciauniversal.com/calcibone-d3-800-ui-tabletas-frasco-30-und/p,16805,Calcibone,vtex_catalog_search,2026-06-08T00:46:40.261628+00:00,10,/Vitaminas y Suplementos/Minerales y Otros/Calcio/ /Vitaminas y Suplementos/Minerales y Otros/ /Vitaminas y Suplementos/ /1/10/16/ /1/10/ /1/ Frasco 30 und DE1977 1 a 2 tabletas al día. Mantener fuera del alcance de los niños. Presentación Registro Sanitario Modo de uso Precauciones y Contraindicaciones No Producto a Pedido 1 Presentación Registro Sanitario Modo de uso Precauciones y Contraindicaciones Producto a Pedido Stock Security Campos Auxiliares Highlight Stock Security Suplemento de calcio y vitamina D3.,vtex_spec_or_regex,true
Farmacia Universal,Deferol 2000 UI Cápsulas Blandas - Caja 30 und,Deferol 2000 UI Cápsulas Blandas 30 und Precio + Delivery Gratis,DE2105,45.00,PEN,available,https://www.farmaciauniversal.com/deferol-vitamina-d3-2000-ui-capsulas-blandas-caja-30-und/p,20991,Unimed,vtex_catalog_search,2026-06-08T00:46:40.261889+00:00,100,"/Vitaminas y Suplementos/Vitaminas/Vitamina D/ /Vitaminas y Suplementos/Vitaminas/ /Vitaminas y Suplementos/ /1/343/348/ /1/343/ /1/ Caja 30 und Vitamina D3 2000 UI DE2105 Se recomienda ingerir una cápsula blanda al día, preferiblemente junto con las comidas o según indicación de un profesional de la salud. No exceder la dosis diaria recomendada. Este producto no sustituye una alimentación equilibrada. No debe utilizarse en personas con niveles elevados de calcio en sangre o con hipervitaminosis D. Mantener fuera del alcance de los niños y almacenar en un lugar fresco y seco. Se recomienda consultar con un profesional de la salud antes de iniciar su consumo, especialmente durante el embarazo, lactancia o si se está bajo tratamiento médico. Presentación Principio Activo Registro Sanitario Modo de uso Precauciones y Contraindicaciones No Producto a Pedido 1 Presentación Principio Activo Registro Sanitario Modo de uso Precauciones y Contraindicaciones Producto a Pedido Stock Security Campos Auxiliares Highlight Stock Security Deferol es un suplemento alimenticio que contiene vitamina D3 , la cual participa en procesos que contribuyen al mantenimiento de funciones normales en el organismo, como la absorción del calcio y el fósforo. Ideal para personas con deficiencia de vitamina D o que requieren un refuerzo en su ingesta diaria.",vtex_spec_or_regex,true
Farmacia Universal,Poen Diaris Cápsulas - Caja 30 und,Poen Diaris Cápsulas 30 und Precio + Delivery Gratis,DE1174,65.70,PEN,available,https://www.farmaciauniversal.com/poen-diaris-capsulas-caja-30-und/p,1882,Poen,vtex_catalog_search,2026-06-08T00:46:40.262090+00:00,10,/Vitaminas y Suplementos/Multivitamínicos/Oftálmicos/ /Vitaminas y Suplementos/Multivitamínicos/ /Vitaminas y Suplementos/ /1/344/356/ /1/344/ /1/ Caja 30 und DE1174 Ver prospecto adjunto. No superar dosis diaria. Presentación Registro Sanitario Modo de uso Precauciones y Contraindicaciones No Producto a Pedido 1 Presentación Registro Sanitario Modo de uso Precauciones y Contraindicaciones Producto a Pedido Stock Security Campos Auxiliares Highlight Stock Security Este producto es un suplemento dietario y no suple una alimentacion equilibrada.,vtex_spec_or_regex,true
Farmacia Universal,Mason D3 2000 IU Cápsulas - Frasco 60 und,Mason D3 2000 IU Cápsulas 60 und Precio + Delivery Gratis,DE4986,80.88,PEN,available,https://www.farmaciauniversal.com/mason-d3-2000-iu-capsulas-frasco-60-und/p,29554,Mason Natural,vtex_catalog_search,2026-06-08T00:46:40.262311+00:00,100,"/Vitaminas y Suplementos/Vitaminas/Vitamina D/ /Vitaminas y Suplementos/Vitaminas/ /Vitaminas y Suplementos/ /1/343/348/ /1/343/ /1/ Frasco 60 und DE4986 Adultos: Tomar una cápsula blanda al día, preferiblemente con los alimentos, como suplemento nutricional. No exceder la dosis diaria recomendada. Este producto no debe utilizarse como sustituto de una dieta equilibrada. Si está embarazada, en periodo de lactancia, tomando alguna medicación o tiene alguna condición médica, consulte a su médico antes de usar este producto. Descontinúe su uso y consulte a su médico si se produce alguna reacción adversa. Presentación Registro Sanitario Modo de uso Precauciones y Contraindicaciones No Producto a Pedido 1 Presentación Registro Sanitario Modo de uso Precauciones y Contraindicaciones Producto a Pedido Stock Security Campos Auxiliares Highlight Stock Security La vitamina D ayuda al cuerpo a absorber el calcio, uno de los principales elementos que constituyen los huesos. La deficiencia de vitamina D puede llevar a enfermedades de los huesos como la osteoporosis o el raquitismo.",vtex_spec_or_regex,true
Farmacia Universal,ROD B Cápsulas - Caja 30 und,ROD B Cápsulas 30 und Precio + Delivery Gratis,DE3638,60.30,PEN,available,https://www.farmaciauniversal.com/rod-b-capsulas-caja-30-und/p,26093,Caferma,vtex_catalog_search,2026-06-08T00:46:40.262600+00:00,100,"/Vitaminas y Suplementos/Vitaminas/Vitamina B/ /Vitaminas y Suplementos/Vitaminas/ /Vitaminas y Suplementos/ /1/343/346/ /1/343/ /1/ Caja 30 und DE3638 Administración vía oral. Tomar 1 cápsula al día, de spués de haber consumido algún alimento. También se requieren proteínas y energía para una nutrición completa. No tomar con vitamina A, excepto bajo supervisión médica. No tomar con el estómago vacío. No indicado en mujeres embarazadas, en periodo de lactancia ni menores de 18 años. Contiene metilparabeno, propilparabeno, puede provocar reacciones alérgicas posiblemente retardadas. Contiene colorante sorbitol o fructuosa, puede afecta a la biodisponibilidad de otros productos vía oral de forma conjunta. Presentación Registro Sanitario Modo de uso Precauciones y Contraindicaciones No Producto a Pedido 1 Presentación Registro Sanitario Modo de uso Precauciones y Contraindicaciones Producto a Pedido Stock Security Campos Auxiliares Highlight Stock Security Alto contenido en vitaminas del complejo B, fundamentales para el adecuado funcionamiento del sistema nervioso. Contribuye al funcionamiento normal del corazón. Reduce los sintomas asociados al estrés. Ayuda a disminuir el cansancio y fatiga. Composición: Mononitrato de Tiamina 50 mg, Bitartrato de Colina 50 mg, Biotina 50 mg, Nicotinamida 50 mg, D-Pantotenato de Calcio 50 mg, Clorhidrato de Piridoxina 50 mg, Cianocobalamina 50 mg, Ácido Fólico 100 mg.",vtex_spec_or_regex,true
Farmacia Universal,Soma D 2000 UI Tabletas Masticables - Caja 30 und,Soma D 2000 UI Tabletas Masticables 30 und Precio + Delivery Gratis,DE4457,41.40,PEN,available,https://www.farmaciauniversal.com/soma-d-2000-ui-tabletas-masticables-caja-30-und/p,32114,Avanx,vtex_catalog_search,2026-06-08T00:46:40.263127+00:00,10,"/Vitaminas y Suplementos/Vitaminas/Vitamina D/ /Vitaminas y Suplementos/Vitaminas/ /Vitaminas y Suplementos/ /1/343/348/ /1/343/ /1/ Caja 30 und Vitamina D3 2000 UI DE4457 Consumir por vía oral según indicaciones del envase o recomendación de un profesional de la salud. No exceder la dosis diaria sugerida. No sustituye una alimentación equilibrada. Evitar el consumo excesivo de vitamina D. En caso de embarazo, lactancia o tratamiento médico, consultar previamente con un profesional de la salud. Mantener fuera del alcance de los niños. Presentación Principio Activo Registro Sanitario Modo de uso Precauciones y Contraindicaciones No Producto a Pedido 0 Presentación Principio Activo Registro Sanitario Modo de uso Precauciones y Contraindicaciones Producto a Pedido Stock Security Campos Auxiliares Highlight Stock Security Soma D 2000 UI es un suplemento que contiene vitamina D3 en tabletas masticables, diseñado para complementar la ingesta diaria de esta vitamina cuando la exposición solar o la alimentación resultan insuficientes. Su presentación masticable facilita el consumo y puede formar parte de la rutina de apoyo nutricional en adultos, bajo recomendación profesional cuando sea necesario.",vtex_spec_or_regex,true
Farmacia Universal,Citrocalcio Tabletas - Caja 30 und,Citrocalcio Tabletas 30 und Precio + Delivery Gratis,DE1512,35.70,PEN,available,https://www.farmaciauniversal.com/citrocalcio-tabletas-caja-30-und/p,2873,Sherfarma,vtex_catalog_search,2026-06-08T00:46:40.263330+00:00,10,/Vitaminas y Suplementos/Minerales y Otros/Calcio/ /Vitaminas y Suplementos/Minerales y Otros/ /Vitaminas y Suplementos/ /1/10/16/ /1/10/ /1/ Caja 30 und DE1512 Se recomienda 1 a 2 tabletas por día tomar después de las comidas No tomar otros medicamentos en el transcurso de 1 a 2 horas de haber ingerido suplemento de calcio Presentación Registro Sanitario Modo de uso Precauciones y Contraindicaciones No Producto a Pedido 1 Presentación Registro Sanitario Modo de uso Precauciones y Contraindicaciones Producto a Pedido Stock Security Campos Auxiliares Highlight Stock Security Como suplemento de calcio y vitamina D.,vtex_spec_or_regex,true
Farmacia Universal,Nutrabiotics DK Mulsión Solución para Gotas Orales - Frasco 30 ml,Nutrabiotics-DK Mulsión Solución para Gotas Orales 30 ml Precio + Delivery Gratis,DE4846,124.78,PEN,available,https://www.farmaciauniversal.com/nutrabiotics-dk-mulsion-solucion-para-gotas-orales-frasco-30-ml/p,31418,Nutrabiotics,vtex_catalog_search,2026-06-08T00:46:40.263846+00:00,100,"/Vitaminas y Suplementos/Multivitamínicos/Osteoarticulares/ /Vitaminas y Suplementos/Multivitamínicos/ /Vitaminas y Suplementos/ /1/344/354/ /1/344/ /1/ Frasco 30 ml Vitamina D3 1000 UI, Vitamina K2 MK7 25 mcg DE4846 Adultos, tomar de 4 a 5 gotas diarias. Niños, tomar 2 gotas diarias. Agitar antes de usar, y guardar cerrado en lugar fresco y seco. En caso de embarazo, lactancia, tener una condición médica o estar tomando medicamentos, se recomienda consultar con un profesional de salud antes de usar el producto. Presentación Principio Activo Registro Sanitario Modo de uso Precauciones y Contraindicaciones No Producto a Pedido 1 Presentación Principio Activo Registro Sanitario Modo de uso Precauciones y Contraindicaciones Producto a Pedido Stock Security Campos Auxiliares Highlight Stock Security Nutrabiotics DK Mulsión es un suplemento que combina vitamina D3 y vitamina K2 MK7.",vtex_spec_or_regex,true
Farmacia Universal,Deferol 1000 UI Cápsulas Blandas - Caja 30 und,Deferol 1000 UI Cápsulas Blandas 30 und Precio + Delivery Gratis,DE2120,37.50,PEN,available,https://www.farmaciauniversal.com/deferol-1000-ui-capsulas-blandas-caja-30-und/p,20990,Unimed,vtex_catalog_search,2026-06-08T00:46:40.264077+00:00,10,"/Vitaminas y Suplementos/Vitaminas/Vitamina D/ /Vitaminas y Suplementos/Vitaminas/ /Vitaminas y Suplementos/ /1/343/348/ /1/343/ /1/ Caja 30 und Vitamina D3 1000 UI DE2120 Mayores de 12 años, una cápsula blanda al día. No sustituye una dieta balanceada. Evitar el consumo excesivo de vitamina D. En caso de embarazo, lactancia o tratamiento médico concomitante, consultar previamente con un profesional de la salud. Mantener fuera del alcance de los niños. Presentación Principio Activo Registro Sanitario Modo de uso Precauciones y Contraindicaciones No Producto a Pedido 0 Presentación Principio Activo Registro Sanitario Modo de uso Precauciones y Contraindicaciones Producto a Pedido Stock Security Campos Auxiliares Highlight Stock Security Deferol 1000 UI es un suplemento vitamínico que contiene vitamina D3 (colecalciferol), utilizado como apoyo para cubrir requerimientos diarios de vitamina D cuando la ingesta o la exposición solar resultan insuficientes. Su presentación en cápsulas blandas facilita la administración oral y es comúnmente empleada como complemento dentro de una alimentación equilibrada.",vtex_spec_or_regex,true
Farmacia Universal,Vitesol B6 Cápsulas Blandas - Caja 30 und,Vitesol B6 Cápsulas Blandas 30 und Precio + Delivery Gratis,DE1188,47.10,PEN,available,https://www.farmaciauniversal.com/vitesol-b6-capsulas-blandas-caja-30-und/p,8705,Unimed,vtex_catalog_search,2026-06-08T00:46:40.264335+00:00,10,"/Vitaminas y Suplementos/Vitaminas/Vitamina B/ /Vitaminas y Suplementos/Vitaminas/ /Vitaminas y Suplementos/ /1/343/346/ /1/343/ /1/ Caja 30 und Vitamina E 400 UI, Vitamina B6 50 mg DE1188 Dosificación para adultos, de 1 a 2 cápsulas al día. No exceder la ingesta recomendada. Mantener fuera del alcance de los niños. No sustituye una alimentación equilibrada. No recomendado en personas embarazadas. Presentación Principio Activo Registro Sanitario Modo de uso Precauciones y Contraindicaciones No Producto a Pedido 1 Presentación Principio Activo Registro Sanitario Modo de uso Precauciones y Contraindicaciones Producto a Pedido Stock Security Campos Auxiliares Highlight Stock Security Vitesol B6 Cápsulas Blandas combina vitamina B6 y vitamina E en una sola fórmula, pensada para complementar la nutrición diaria de adultos. La vitamina B6 participa en funciones relacionadas con el metabolismo de proteínas y la producción de energía, mientras que la vitamina E es reconocida como antioxidante, apoyando la protección de las células frente al daño oxidativo. Su presentación en cápsulas blandas facilita la ingesta y lo convierte en una opción práctica para incorporar a la rutina diaria de cuidado personal.",vtex_spec_or_regex,true
Farmacia Universal,B12 Ankermann Comprimidos - Caja 50 und,B12 Ankermann Comprimidos 50 und Precio + Delivery Gratis,DE2339,74.50,PEN,available,https://www.farmaciauniversal.com/b12-ankermann-comprimidos-caja-50-und/p,20644,Worwag Pharma,vtex_catalog_search,2026-06-08T00:46:40.264930+00:00,10,/Vitaminas y Suplementos/Vitaminas/Vitamina B/ /Vitaminas y Suplementos/Vitaminas/ /Vitaminas y Suplementos/ /1/343/346/ /1/343/ /1/ Caja 50 und DE2339 Vía de administración oral. Almacénese a temperatura no mayor de 30 °C. Manténgase alejado de los niños. Presentación Registro Sanitario Modo de uso Precauciones y Contraindicaciones No Producto a Pedido 1 Presentación Registro Sanitario Modo de uso Precauciones y Contraindicaciones Producto a Pedido Stock Security Campos Auxiliares Highlight Stock Security Suplemento dietético. Composición: Cianobalamina 1000 ug.,vtex_spec_or_regex,true
Farmacia Universal,Aminoter Ferrum Cápsulas Blandas - Caja 30 und,Aminoter Ferrum Cápsulas Blandas 30 und Precio + Delivery Gratis,DE4499,178.50,PEN,available,https://www.farmaciauniversal.com/aminoter-ferrum-capsulas-blandas-caja-30-und/p,29054,Lafage,vtex_catalog_search,2026-06-08T00:46:40.265868+00:00,10,"/Vitaminas y Suplementos/Multivitamínicos/Cabello y Uñas/ /Vitaminas y Suplementos/Multivitamínicos/ /Vitaminas y Suplementos/ /1/344/357/ /1/344/ /1/ Caja 30 und DE4499 Se recomienda la ingesta de una cápsula blanda al día, preferiblemente acompañada de alimentos, para facilitar su absorción y minimizar posibles molestias gástricas. Este producto es de uso exclusivo para adultos. No debe ser consumido por personas alérgicas a alguno de sus componentes. Se aconseja no superar la dosis recomendada y mantener el producto fuera del alcance de los niños. Almacenar en un lugar fresco y seco, a una temperatura no mayor a 30°C . Presentación Registro Sanitario Modo de uso Precauciones y Contraindicaciones No Producto a Pedido 0 Presentación Registro Sanitario Modo de uso Precauciones y Contraindicaciones Producto a Pedido Stock Security Campos Auxiliares Highlight Stock Security Aminoter Ferrum está diseñado para apoyar desde el interior la salud del cabello y las uñas. Gracias a su fórmula con bisglicinato ferroso, una forma de hierro de alta absorción y suave con el estómago, este suplemento es ideal para personas que enfrentan caída del cabello relacionada con bajos niveles de hierro.",vtex_spec_or_regex,true
Farmacia Universal,Lisefex Polvo Oral en Sobres - Caja 30 und,Lisefex Polvo Oral en Sobres 30 und Precio + Delivery Gratis,DE4920,137.70,PEN,available,https://www.farmaciauniversal.com/lisefex-polvo-oral-en-sobres-caja-30-und/p,30120,Carnot,vtex_catalog_search,2026-06-08T00:46:40.266102+00:00,10,"/Vitaminas y Suplementos/Minerales y Otros/Hierro/ /Vitaminas y Suplementos/Minerales y Otros/ /Vitaminas y Suplementos/ /1/10/18/ /1/10/ /1/ Caja 30 und DE4920 Vía de administración: Oral. Tomar el contenido de un sobre dejando caer el producto directamente en la boca e ingerirlo o también, puede disolverlo previamente en un vaso con agua y tomarlo. Tomar 1 sobre al día. No exceda la porción recomendada No superar la dosis diaria recomendada. Los productos dietéticos no deben utilizarse como sustituto de una dieta equilibrada. Este producto es un suplemento dietario, no es un medicamento y no suple una alimentación equilibrada. No consumir en estado de embarazo y lactancia. Manténgase fuera del alcance de los niños Presentación Registro Sanitario Modo de uso Precauciones y Contraindicaciones No Producto a Pedido 1 Presentación Registro Sanitario Modo de uso Precauciones y Contraindicaciones Producto a Pedido Stock Security Campos Auxiliares Highlight Stock Security Suplemento dietario con hierro 19.2 mg, fibra 350 mg y Vitamina C 60 mg.",vtex_spec_or_regex,true
Farmacia Universal,Diutin Protein Plus Sabor Naranja - Frasco 450 ml,Diutin Protein Plus Naranja 450 ml Precio + Delivery Gratis,DE3839,109.90,PEN,available,https://www.farmaciauniversal.com/diutin-protein-plus-sabor-naranja-frasco-450-ml/p,27958,Diutin,vtex_catalog_search,2026-06-08T00:46:40.266861+00:00,10,"/Vitaminas y Suplementos/Minerales y Otros/Proteínas/ /Vitaminas y Suplementos/Minerales y Otros/ /Vitaminas y Suplementos/ /1/10/19/ /1/10/ /1/ Frasco 450 ml DE3839 DIUTIN PROTEIN PLUS se puede consumir de manera directa, con su bebida o comida favorita. Mezcla con líquidos: jugos, batidos, agua, refrescos, etc. Mezcla con alimentos: ensalada de frutas, gelatina, mazamorra, etc. Por vía enteral diluído con agua al 50%. No superar la dosis diaria expresamente recomendada para productos dietéticos. El producto debe ser almacenado fuera del alcance y vista de los niños. No usar si el sello de seguridad está roto. Presentación Registro Sanitario Modo de uso Precauciones y Contraindicaciones No Producto a Pedido Naranja Frasco 450 ml Sabor Presentaciones 1 Presentación Registro Sanitario Modo de uso Precauciones y Contraindicaciones Producto a Pedido Sabor Presentaciones Stock Security Campos Auxiliares Highlight Filtros Stock Security DIUTIN PROTEIN PLUS, es proteína líquida con aminoácidos esenciales y no esenciales, enriquecida con vitamina C, D y zinc. DIUTIN PROTEIN PLUS no contiene sacarosa, fructosa ni gluten, endulzado con sucralosa.",vtex_spec_or_regex,true
Farmacia Universal,Diutin Protein Plus Sabor Naranja - Frasco 900 ml,Diutin Protein Plus Naranja 900 ml Precio + Delivery Gratis,DE3839,199.90,PEN,available,https://www.farmaciauniversal.com/diutin-protein-plus-sabor-naranja-frasco-900-ml/p,26980,Diutin,vtex_catalog_search,2026-06-08T00:46:40.268093+00:00,10,"/Vitaminas y Suplementos/Minerales y Otros/Proteínas/ /Vitaminas y Suplementos/Minerales y Otros/ /Vitaminas y Suplementos/ /1/10/19/ /1/10/ /1/ Frasco 900 ml DE3839 Diutin Protein Plus, puede consumirse de manera directa, con su bebida o comida favorita. Mezcla con líquidos: jugos, batidos, agua, refrescos, fórmulas enterales, etc. Mezcla con alimentos: ensalada de frutas, gelatina, mazamorra, etc. Hipersensibilidad a algunos de sus componentes. Presentación Registro Sanitario Modo de uso Precauciones y Contraindicaciones No Producto a Pedido Naranja Frasco 900 ml Sabor Presentaciones 1 Presentación Registro Sanitario Modo de uso Precauciones y Contraindicaciones Producto a Pedido Sabor Presentaciones Stock Security Campos Auxiliares Highlight Filtros Stock Security Proteína líquida con aminoácidos esenciales y no esenciales, vitamina C, D y zinc.",vtex_spec_or_regex,true
Farmacia Universal,Calcibone D3 800 ui Tabletas - Frasco 60 und,Calcibone D3 800 ui Tabletas 60 und Precio + Delivery Gratis,DE1977,140.40,PEN,available,https://www.farmaciauniversal.com/calcibone-d3-800-ui-tabletas-frasco-60-und/p,17304,Calcibone,vtex_catalog_search,2026-06-08T00:46:40.268277+00:00,100,/Vitaminas y Suplementos/Minerales y Otros/Calcio/ /Vitaminas y Suplementos/Minerales y Otros/ /Vitaminas y Suplementos/ /1/10/16/ /1/10/ /1/ Frasco 60 und DE1977 1 a 2 tabletas al día. Mantener fuera del alcance de los niños. Presentación Registro Sanitario Modo de uso Precauciones y Contraindicaciones No Producto a Pedido 1 Presentación Registro Sanitario Modo de uso Precauciones y Contraindicaciones Producto a Pedido Stock Security Campos Auxiliares Highlight Stock Security Suplemento de calcio y vitamina D3.,vtex_spec_or_regex,true
Farmacia Universal,Drasanvi Mineral Calcio + Vit D3 + Vit K2 Comprimidos - Frasco 90 und,Drasanvi Mineral Calcio + Vit D3 + Vit K2 Comprimidos Precio + Delivery Gratis,DE4161,58.00,PEN,available,https://www.farmaciauniversal.com/drasanvi-mineral-calcio-vitamina-d3-vitamina-k2-comprimidos-caja-90-und/p,27950,Drasanvi,vtex_catalog_search,2026-06-08T00:46:40.268521+00:00,100,"/Vitaminas y Suplementos/Multivitamínicos/Osteoarticulares/ /Vitaminas y Suplementos/Multivitamínicos/ /Vitaminas y Suplementos/ /1/344/354/ /1/344/ /1/ Frasco 90 und DE4161 Tomar dos comprimidos al día repartidos en dos de las comidas principales. Consulte a su médico antes de usar este producto. Si ocurre alguna reacción adversa, consulte a su medico. Mantener fuera del alcance de los niños. Conservar en un lugar fresco y seco. Presentación Registro Sanitario Modo de uso Precauciones y Contraindicaciones No Producto a Pedido 1 Presentación Registro Sanitario Modo de uso Precauciones y Contraindicaciones Producto a Pedido Stock Security Campos Auxiliares Highlight Stock Security Este producto contiene tres de los ingredientes básicos para el mantenimiento de los huesos en condiciones normales. El calcio y la vitamina K son necesarias para el mantenimiento de los huesos en condiciones normales. La vitamina D contribuye a la absorción y utilización normal del calcio y el fósforo.",vtex_spec_or_regex,true
Farmacia Universal,Nutrabiotics Neuressens Solución Oral - Frasco 30 ml,Nutrabiotics Neuressens Solución Oral 30 ml Precio + Delivery Gratis,DE4411,174.68,PEN,available,https://www.farmaciauniversal.com/nutrabiotics-neuressens-solucion-oral-frasco-30-ml/p,31423,Nutrabiotics,vtex_catalog_search,2026-06-08T00:46:40.269199+00:00,100,"/Vitaminas y Suplementos/Vitaminas/Vitamina B/ /Vitaminas y Suplementos/Vitaminas/ /Vitaminas y Suplementos/ /1/343/346/ /1/343/ /1/ Frasco 30 ml DE4411 Adultos: tomar medio gotero (0,5 ml) una vez al día. Sabor a menta natural. Su uso funcional debe ser supervisado por un profesional de la salud. Se recomienda no utilizar las vitaminas y minerales como sustituto de una dieta equilibrada. Presentación Registro Sanitario Modo de uso Precauciones y Contraindicaciones No Producto a Pedido Presentación Registro Sanitario Modo de uso Precauciones y Contraindicaciones Producto a Pedido Campos Auxiliares Highlight Neuressens de Nutrabiotics es un suplemento nutricional con vitamina metilcobalamina y adenosilcobalamina, piridoxal 5 fosfato y tiamina, vitaminas B12, B6 y B1.",vtex_spec_or_regex,true
Farmacia Universal,Carbocalcio 1250 mg + 400 UI Cápsulas Blandas - Caja 30 und,Carbocalcio 1250 mg + 400 UI Cápsulas Blandas 30 und Precio + Delivery Gratis,DE4272,31.20,PEN,available,https://www.farmaciauniversal.com/carbocalcio-1250-mg-400-ui-capsulas-blandas-caja-30-und-nuevo/p,31430,Sherfarma,vtex_catalog_search,2026-06-08T00:46:40.269636+00:00,100,"/Vitaminas y Suplementos/Minerales y Otros/Calcio/ /Vitaminas y Suplementos/Minerales y Otros/ /Vitaminas y Suplementos/ /1/10/16/ /1/10/ /1/ Caja 30 und Carbonato de Calcio 1250 mg, Vitamina D3 400 UI DE4272 Tomar de una a dos cápsulas al día. Consultar antes de usar si existe enfermedad renal, alteraciones de calcio o si se consumen otros suplementos. No reemplaza una dieta equilibrada. Durante periodo de lactancia o embarazo, consultar con su médico antes de utilizar este producto. Mantener fuera del alcance de los niños. Presentación Principio Activo Registro Sanitario Modo de uso Precauciones y Contraindicaciones No Producto a Pedido 1 Presentación Principio Activo Registro Sanitario Modo de uso Precauciones y Contraindicaciones Producto a Pedido Stock Security Campos Auxiliares Highlight Stock Security Carbocalcio combina calcio y vitamina D3 en una sola cápsula blanda para quienes buscan reforzar su ingesta diaria de minerales esenciales. Está pensado como un aliado práctico para personas que desean complementar su alimentación y su cuidado óseo.",vtex_spec_or_regex,true
Farmacia Universal,Mason D3 1000 IU Cápsulas - Frasco 60 und,Mason D3 1000 IU Cápsulas 60 und Precio + Delivery Gratis,DE5010,58.90,PEN,available,https://www.farmaciauniversal.com/mason-d3-1000-iu-capsulas-frasco-60-und/p,30165,Mason Natural,vtex_catalog_search,2026-06-08T00:46:40.270273+00:00,100,"/Vitaminas y Suplementos/Vitaminas/Vitamina D/ /Vitaminas y Suplementos/Vitaminas/ /Vitaminas y Suplementos/ /1/343/348/ /1/343/ /1/ Frasco 60 und D3 1000 UI DE5010 Tomar 1 cápsula al día junto a las comidas, o según indicación médica, para mantener los niveles adecuados de vitamina D. No exceder la dosis recomendada. No sustituye a una dieta equilibrada. Consultar al médico si está embarazada, amamantando, con enfermedades crónicas o usando medicamentos. Mantener lejos del alcance de los niños y en lugar fresco y seco. Presentación Principio Activo Registro Sanitario Modo de uso Precauciones y Contraindicaciones No Producto a Pedido 1 Presentación Principio Activo Registro Sanitario Modo de uso Precauciones y Contraindicaciones Producto a Pedido Stock Security Campos Auxiliares Highlight Stock Security Cápsulas blandas que aportan 1000 IU de vitamina D3 (colecalciferol) en aceite, diseñadas para complementar el aporte diario y favorecer la salud ósea y la absorción de calcio y fósforo. Formato sin gluten ni lactosa, en envase con cierre hermético que conserva la calidad.",vtex_spec_or_regex,true
Farmacia Universal,Nutrabiotics FulC 2 g Polvo para Solución Oral Sobres - Caja 30 und,Nutrabiotics FulC 2 g Polvo para Solución Oral Sobres 30 und Precio + Delivery Gratis,DE4022,156.90,PEN,available,https://www.farmaciauniversal.com/nutrabiotics-fulc-2-g-polvo-para-solucion-oral-sobres-caja-30-und/p,31419,Nutrabiotics,vtex_catalog_search,2026-06-08T00:46:40.271675+00:00,10,"/Vitaminas y Suplementos/Vitaminas/Vitamina C/ /Vitaminas y Suplementos/Vitaminas/ /Vitaminas y Suplementos/ /1/343/347/ /1/343/ /1/ Caja 30 und DE4022 Disolver 1 sobre en un vaso con agua. La dosis funcional o específica debe ser supervisada por un profesional de la salud. En casos de embarazo y lactancia, consultar con un especialista antes de consumir. Presentación Registro Sanitario Modo de uso Precauciones y Contraindicaciones No Producto a Pedido Presentación Registro Sanitario Modo de uso Precauciones y Contraindicaciones Producto a Pedido Campos Auxiliares Highlight Nutrabiotics FulC es un suplemento nutricional con ascorbato de sodio.",vtex_spec_or_regex,true
Farmacia Universal,Mason Lecitina Kelp B6 Cápsulas - Frasco 100 und,Mason Lecitina Kelp B6 Cápsulas 100 und Precio + Delivery Gratis,DE2047,78.00,PEN,available,https://www.farmaciauniversal.com/mason-lecitina-kelp-b6-capsulas-frasco-100-und/p,5062,Mason Natural,vtex_catalog_search,2026-06-08T00:46:40.926623+00:00,1,"/Vitaminas y Suplementos/Multivitamínicos/Control de Peso/ /Vitaminas y Suplementos/Multivitamínicos/ /Vitaminas y Suplementos/ /1/344/359/ /1/344/ /1/ Frasco 100 und DE2047 Adultos tomar 1 cápsula blanda tres veces al día como suplemento dietético, de preferencia con las comidas No exceda la dosis indicada. No es seguro su uso en niños, mujeres gestantes y lactantes. Este producto no debe utilizarse como sustituto de una dieta equilibrada. Presentación Registro Sanitario Modo de uso Precauciones y Contraindicaciones No Producto a Pedido 0 Presentación Registro Sanitario Modo de uso Precauciones y Contraindicaciones Producto a Pedido Stock Security Campos Auxiliares Highlight Stock Security Con Lecitina fuente de colina , la cual contribuye al adecuado metabolismo de las grasas.",vtex_spec_or_regex,true
Farmacia Universal,Supradyn Pronatal Comprimidos - Caja 30 und,Supradyn Pronatal Comprimidos 30 und Precio + Delivery Gratis,DE0295,58.50,PEN,available,https://www.farmaciauniversal.com/supradyn-pronatal-comprimidos-caja-30-und/p,12972,Supradyn,vtex_catalog_search,2026-06-08T00:46:40.926877+00:00,10,"/Vitaminas y Suplementos/Multivitamínicos/Gestantes/ /Vitaminas y Suplementos/Multivitamínicos/ /Vitaminas y Suplementos/ /1/344/360/ /1/344/ /1/ Caja 30 und DE0295 Tomar 1 comprimido al día con un vaso de agua A la dosis señalada no se presentan. No mezcle con otros suplementos prenatales. Presentación Registro Sanitario Modo de uso Precauciones y Contraindicaciones No Producto a Pedido 1 Presentación Registro Sanitario Modo de uso Precauciones y Contraindicaciones Producto a Pedido Stock Security Campos Auxiliares Highlight Stock Security Suplemento multivitaminico diseñado para cubrir los requerimientos de micronutrientes de la madre y el bebé antes, durante y después del embarazo. Ayuda a reducir el riesgo de malformaciones del bebé durante el embarazo y a prevenir la anemia.",vtex_spec_or_regex,true
Farmacia Universal,Neuralex Cápsulas Blandas - Caja 60 unid,Neuralex Cápsulas Blandas 60 unid Precio + Delivery Gratis,DE4406,102.00,PEN,available,https://www.farmaciauniversal.com/neuralex-capsulas-blandas-caja-60-unid/p,29531,ITF Farmaceutica,vtex_catalog_search,2026-06-08T00:46:40.927137+00:00,10,"/Vitaminas y Suplementos/Multivitamínicos/Adultos/ /Vitaminas y Suplementos/Multivitamínicos/ /Vitaminas y Suplementos/ /1/344/350/ /1/344/ /1/ Caja 60 unid Ácido Fólico 100 mcg, Vitamina D3 10 mcg, Vitamina B12 1.25 mcg, DHA 450 mg, EPA 90mg DE4406 Tomar 1 cápsula al día con una comida, o seguir la indicación del profesional de salud. No consumir en caso de alergia a alguno de los ingredientes. Este producto es un suplemento y no reemplaza una alimentación equilibrada. Mantener fuera del alcance de los niños. Presentación Principio Activo Registro Sanitario Modo de uso Precauciones y Contraindicaciones No Producto a Pedido 1 Presentación Principio Activo Registro Sanitario Modo de uso Precauciones y Contraindicaciones Producto a Pedido Stock Security Campos Auxiliares Highlight Stock Security Neuralex es un suplemento nutricional que combina DHA, EPA, ácido fólico, vitamina D3 y vitamina B12. Está diseñado para apoyar la salud del sistema nervioso, la función cerebral y el bienestar general. Suele recomendarse como complemento en etapas de alta exigencia mental o para personas que desean cuidar su memoria y concentración.",vtex_spec_or_regex,true
Farmacia Universal,Alkalos A 2 750 mg + 2 000 UI Emulsión Oral Sobres - Caja 20 und,Alkalos A 2 750 mg + 2 000 UI Emulsión Oral Sobres 20 und Precio + Delivery Gratis,DE3643,85.00,PEN,available,https://www.farmaciauniversal.com/alkalos-a-2-750-mg-2-000-ui-emulsion-oral-sobres-caja-20-und/p,31836,LAT Pharma,vtex_catalog_search,2026-06-08T00:46:40.927718+00:00,10,"/Vitaminas y Suplementos/Minerales y Otros/Calcio/ /Vitaminas y Suplementos/Minerales y Otros/ /Vitaminas y Suplementos/ /1/10/16/ /1/10/ /1/ Caja 20 und Citrato de Calcio 2 750 mg, Vitamina D3 2 000 UI DE3643 En adultos se recomienda consumir un sobre de 10 ml al día, preferentemente durante o después de las comidas. El contenido debe ingerirse directamente desde el sobre. No exceder la dosis recomendada. Los suplementos dietéticos no deben utilizarse como sustituto de una dieta equilibrada. Mantener fuera del alcance de los niños. Conservar a una temperatura menor a 30°C y evitar la exposición directa al sol. Presentación Principio Activo Registro Sanitario Modo de uso Precauciones y Contraindicaciones No Producto a Pedido 0 Presentación Principio Activo Registro Sanitario Modo de uso Precauciones y Contraindicaciones Producto a Pedido Stock Security Campos Auxiliares Highlight Stock Security Alkalos A es un suplemento dietético que combina citrato de calcio y vitamina D3, componentes que contribuyen al adecuado metabolismo del calcio en el organismo. Puede ser utilizado como complemento de la alimentación en adultos que requieren reforzar el aporte de calcio y vitamina D dentro de una dieta equilibrada y un estilo de vida saludable.",vtex_spec_or_regex,true
Farmacia Universal,German Energy Multi Vitaminas + Minerales Tabletas Efervescentes - Tubo 20 und,German Energy Multi Vitaminas + Minerales Tabletas Efervescentes 20 und Precio + Delivery Gratis,DE4669,14.20,PEN,available,https://www.farmaciauniversal.com/german-energy-multi-vitaminas-minerales-tabletas-efervescentes-tubo-20-und/p,29649,Germany Energy,vtex_catalog_search,2026-06-08T00:46:40.928215+00:00,10,"/Vitaminas y Suplementos/Multivitamínicos/Adultos/ /Vitaminas y Suplementos/Multivitamínicos/ /Vitaminas y Suplementos/ /1/344/350/ /1/344/ /1/ Tubo 20 und DE4669 Almacenar a menos de 25ºC y en un lugar seco. Mantener el tubo cerrado. Manténgase fuera del alcance de los niños. Presentación Registro Sanitario Precauciones y Contraindicaciones No Producto a Pedido Naranja Tubo 20 und Sabor Presentaciones 1 Presentación Registro Sanitario Precauciones y Contraindicaciones Producto a Pedido Sabor Presentaciones Stock Security Campos Auxiliares Highlight Filtros Stock Security Suplemento alimentario con vitamina C, vitamina E, vitaminas B1, B2, B3, B5, B6, biotina, ácido fólico, B12, calcio y magnesio.",vtex_spec_or_regex,true
Farmacia Universal,Natalben Preconceptivo Cápsulas Blandas - Caja 30 und,Natalben Preconceptivo Cápsulas Blandas 30 und Precio + Delivery Gratis,DE2620,42.90,PEN,available,https://www.farmaciauniversal.com/natalben-preconceptivo-capsulas-blandas-caja-30-und/p,29532,ITF Farmaceutica,vtex_catalog_search,2026-06-08T00:46:40.928968+00:00,10,"/Vitaminas y Suplementos/Multivitamínicos/Fertilidad/ /Vitaminas y Suplementos/Multivitamínicos/ /Vitaminas y Suplementos/ /1/344/428/ /1/344/ /1/ Caja 30 und Ácido Fólico 400 mcg, Vitamina B12 2.5 mcg, Vitamina D 10 mcg, Yodo 150 mcg, Zinc 10 mcg DE2620 Tomar una cápsula blanda al día, preferentemente con alimentos, o según recomendación de un profesional de la salud. No sustituye una dieta balanceada. No exceder la dosis diaria recomendada. En caso de tratamiento médico o condiciones específicas, consultar previamente con un profesional de la salud. Presentación Principio Activo Registro Sanitario Modo de uso Precauciones y Contraindicaciones No Producto a Pedido 0 Presentación Principio Activo Registro Sanitario Modo de uso Precauciones y Contraindicaciones Producto a Pedido Stock Security Campos Auxiliares Highlight Stock Security Natalben Preconceptivo es un suplemento multivitamínico formulado para mujeres que planifican un embarazo, aportando ácido fólico, vitaminas y minerales que forman parte de los requerimientos nutricionales en la etapa previa a la concepción. Puede utilizarse como complemento dentro de una alimentación equilibrada.",vtex_spec_or_regex,true
Farmacia Universal,NAT C 1000 Tabletas Recubiertas - Frasco 30 und,NAT C 1000 Tabletas Recubiertas 30 und Precio + Delivery Gratis,DE3570,45.00,PEN,available,https://www.farmaciauniversal.com/nat-c-1000-tabletas-recubiertas-frasco-30-und/p,29287,Mega We Care,vtex_catalog_search,2026-06-08T00:46:40.930057+00:00,10,"/Vitaminas y Suplementos/Vitaminas/Vitamina C/ /Vitaminas y Suplementos/Vitaminas/ /Vitaminas y Suplementos/ /1/343/347/ /1/343/ /1/ Frasco 30 und DE3570 1 tableta al día. Pacientes con alguna condición médica, mujeres embarazadas o en periodo de lactancia, consultar al médico antes de tomar este producto. Presentación Registro Sanitario Modo de uso Precauciones y Contraindicaciones No Producto a Pedido 0 Presentación Registro Sanitario Modo de uso Precauciones y Contraindicaciones Producto a Pedido Stock Security Campos Auxiliares Highlight Stock Security Nat C es una vitamina C de 1000 UI en presentación de tableta. Formulada con ascorbato de sodio y ascorbato de calcio, que es menos ácida para el estómago. Su exclusiva fórmula incluye bioflavonoides de limón, acerola, rutina y hesperidina, diseñada para potenciar la absorción y los beneficios de la vitamina C en el organismo.",vtex_spec_or_regex,true
Farmacia Universal,Supradyn Multivitamínico Grageas - Caja 30 und,Supradyn Multivitamínico Grageas 30 und Precio + Delivery Gratis,DE0340,40.80,PEN,available,https://www.farmaciauniversal.com/supradyn-multivitaminico-grageas-caja-30-und/p,12961,Supradyn,vtex_catalog_search,2026-06-08T00:46:40.930476+00:00,10,"/Vitaminas y Suplementos/Multivitamínicos/Adultos/ /Vitaminas y Suplementos/Multivitamínicos/ /Vitaminas y Suplementos/ /1/344/350/ /1/344/ /1/ Caja 30 und DE0340 Tomar 1 comprimido al día con un vaso de agua No es sustituto de una dieta equilibrada. No superar la dosis recomendada. Presentación Registro Sanitario Modo de uso Precauciones y Contraindicaciones No Producto a Pedido 1 Presentación Registro Sanitario Modo de uso Precauciones y Contraindicaciones Producto a Pedido Stock Security Campos Auxiliares Highlight Stock Security Supradyn contiene vitaminas y minerales que complementan tu dieta habitual, ayuda a activar y mantener tu energía y vitalidad durante todo el día. No contiene ninguna sustancia energizante, por lo que se puede tomar durante periodos prolongados de tiempo.",vtex_spec_or_regex,true
Farmacia Universal,Vitybell Fem Tabletas con Recubrimiento - Caja 60 und,Vitybell Fem Tabletas con Recubrimiento 60 und Precio + Delivery Gratis,DE3658,150.00,PEN,available,https://www.farmaciauniversal.com/vitybell-fem-tabletas-con-recubrimiento-caja-60-und/p,28967,Unimed,vtex_catalog_search,2026-06-08T00:46:40.931712+00:00,10,"/Vitaminas y Suplementos/Multivitamínicos/Cabello y Uñas/ /Vitaminas y Suplementos/Multivitamínicos/ /Vitaminas y Suplementos/ /1/344/357/ /1/344/ /1/ Caja 60 und Colágeno, Vitamina E, Vitamina C, Selenio DE3658 Adultos mayores de 18 años, tomar 2 tabletas dos veces al día, acompañadas de abundante líquido luego de una comida. Contraindicado en personas con hipersensibilidad a alguno de sus componentes. No se recomienda su consumo durante el embarazo ni en periodo de lactancia. No exceder la dosis recomendada. Mantener fuera del alcance de los niños. Presentación Principio Activo Registro Sanitario Modo de uso Precauciones y Contraindicaciones No Producto a Pedido 0 Presentación Principio Activo Registro Sanitario Modo de uso Precauciones y Contraindicaciones Producto a Pedido Stock Security Campos Auxiliares Highlight Stock Security Vitybell Fem es un suplemento alimenticio que combina colágeno, vitamina C, vitamina E y selenio. Estos componentes participan en procesos relacionados con el cuidado de la piel y la protección frente al estrés oxidativo. Su consumo puede ayudar a complementar la alimentación, contribuyendo al mantenimiento de la apariencia saludable de la piel, así como al fortalecimiento del cabello y las uñas dentro de un estilo de vida equilibrado.",vtex_spec_or_regex,true
Farmacia Universal,Nutrabiotics Glutaceón Cápsulas - Frasco 60 und,Nutrabiotics Glutaceón Cápsulas 60 und Precio + Delivery Gratis,DE4634,210.33,PEN,available,https://www.farmaciauniversal.com/nutrabiotics-glutaceon-capsulas-frasco-60-und/p,31421,Nutrabiotics,vtex_catalog_search,2026-06-08T00:46:40.931914+00:00,10,"/Vitaminas y Suplementos/Suplementos Nutricionales/Fórmulas Especializadas/ /Vitaminas y Suplementos/Suplementos Nutricionales/ /Vitaminas y Suplementos/ /1/12/29/ /1/12/ /1/ Frasco 60 und DE4634 Adultos: tomar 2 cápsulas al día en ayunas. La dosis funcional debe ser supervisada por un profesional de la salud. Se recomienda no utilizar vitaminas y minerales como sustituto de una dieta equilibrada. Presentación Registro Sanitario Modo de uso Precauciones y Contraindicaciones No Producto a Pedido Presentación Registro Sanitario Modo de uso Precauciones y Contraindicaciones Producto a Pedido Campos Auxiliares Highlight Glutaceón de Nutrabiotics es un suplemento nutricional con glutatión acetilado, vitamina B2, B3 y selenio.",vtex_spec_or_regex,true
Farmacia Universal,B Vat Inmucare Cápsulas - Caja 60 und,B Vat Inmucare Cápsulas 60 und Precio + Delivery Gratis,DE3794,69.60,PEN,available,https://www.farmaciauniversal.com/b-vat-inmucare-capsulas-caja-60-und/p,31894,Dropesac,vtex_catalog_search,2026-06-08T00:46:40.932489+00:00,1,"/Vitaminas y Suplementos/Multivitamínicos/Adultos/ /Vitaminas y Suplementos/Multivitamínicos/ /Vitaminas y Suplementos/ /1/344/350/ /1/344/ /1/ Caja 60 und Vitaminas del Complejo B, Vitamina C DE3794 Tomar por vía oral la cantidad de cápsulas indicada en el envase o según recomendación de un profesional de la salud. Ingerir con agua, preferentemente durante las comidas. No exceder la dosis diaria recomendada. No reemplaza una alimentación balanceada. En caso de embarazo, lactancia o consumo simultáneo de otros suplementos, consultar previamente con un profesional de la salud. Mantener fuera del alcance de los niños y almacenar en un lugar fresco y seco. Presentación Principio Activo Registro Sanitario Modo de uso Precauciones y Contraindicaciones No Producto a Pedido Presentación Principio Activo Registro Sanitario Modo de uso Precauciones y Contraindicaciones Producto a Pedido Campos Auxiliares Highlight B Vat Inmucare es un suplemento alimenticio en cápsulas que combina vitaminas del complejo B y vitamina C, formulado para complementar los requerimientos nutricionales diarios. Está orientado a personas que buscan apoyo nutricional en periodos de mayor demanda física o mental, así como durante etapas de recuperación o cambios en la rutina diaria, como parte de un estilo de vida saludable.",vtex_spec_or_regex,true
Farmacia Universal,Corplus Suplemento Alimenticio Suspensión Oral en Gotas - Frasco 15 ml,Corplus Suplemento Alimenticio Suspensión Oral en Gotas 15 ml Precio + Delivery Gratis,DE4975,135.00,PEN,available,https://www.farmaciauniversal.com/corplus-suplemento-alimenticio-suspension-oral-en-gotas-frasco-15-ml/p,30707,Bagó,vtex_catalog_search,2026-06-08T00:46:40.932749+00:00,10,"/Vitaminas y Suplementos/Multivitamínicos/Digestivos/ /Vitaminas y Suplementos/Multivitamínicos/ /Vitaminas y Suplementos/ /1/344/352/ /1/344/ /1/ Frasco 15 ml Vitamina D 10 mcg DE4975 Administrar por vía oral en gotas, directamente o diluidas en líquidos, siguiendo la dosis recomendada por el médico o nutricionista. No exceder la dosis diaria indicada. Puede causar hipercalcemia en caso de sobredosis. Mantener en lugar fresco y fuera del alcance de los niños. Presentación Principio Activo Registro Sanitario Modo de uso Precauciones y Contraindicaciones No Producto a Pedido 1 Presentación Principio Activo Registro Sanitario Modo de uso Precauciones y Contraindicaciones Producto a Pedido Stock Security Campos Auxiliares Highlight Stock Security Corplus en gotas es un suplemento alimenticio a base de vitamina D, fundamental para favorecer la absorción del calcio y fósforo, contribuyendo a la formación y mantenimiento de huesos y dientes fuertes. También apoya al sistema inmunológico y al correcto funcionamiento digestivo y metabólico, siendo útil en etapas de crecimiento, deficiencias vitamínicas o necesidades específicas de suplementación.",vtex_spec_or_regex,true
Farmacia Universal,Inmuno Ped Suplemento Alimenticio Polvo Oral en Sobres - Caja 20 und,Inmuno Ped Suplemento Alimenticio Polvo Oral en Sobres 20 und Precio + Delivery Gratis,DE3563,83.20,PEN,available,https://www.farmaciauniversal.com/inmuno-ped-suplemento-alimenticio-polvo-oral-en-sobres-caja-20-und/p,27311,ITF Farmaceutica,vtex_catalog_search,2026-06-08T00:46:40.933028+00:00,10,"/Cuidado Infantil/Nutrición Infantil/Suplementos Infantiles/ /Cuidado Infantil/Nutrición Infantil/ /Cuidado Infantil/ /5/151/340/ /5/151/ /5/ Caja 20 und Beta Glucano de Levadura 45 mg, Vitamina C 37.5 mg, Vitamina B6 1.05 mg, Ácido Fólico 150 mcg DE3563 Niños mayores de 3 años: 1 a 2 sobres por día. Disuelva el sobre directamente en la boca. La forma soluble del sobre permite la ingesta inmediata del producto sin el uso de agua. Sin embargo, también es posible tomarlo después de disolverlo en un poco de agua. Mantener fuera del alcance de los niños. No exceder la dosis diaria recomendada. Este producto no sustituye una alimentación balanceada. En caso de reacción adversa, consulte al médico antes de usarlo. Presentación Principio Activo Registro Sanitario Modo de uso Precauciones y Contraindicaciones No Producto a Pedido 1 Presentación Principio Activo Registro Sanitario Modo de uso Precauciones y Contraindicaciones Producto a Pedido Stock Security Campos Auxiliares Highlight Stock Security nmuno Ped es un suplemento alimenticio en polvo diseñado para ayudar a fortalecer el sistema inmune de los niños. Su fórmula combina beta glucano de levadura con vitaminas esenciales (C, B6 y ácido fólico), que ayudan a mejorar las defensas naturales, promover un adecuado metabolismo energético y apoyar el desarrollo saludable.",vtex_spec_or_regex,true
Farmacia Universal,Nutrabiotics Calmessens Cápsulas - Frasco 60 und,Nutrabiotics Calmessens Cápsulas 60 und Precio + Delivery Gratis,DE4527,128.34,PEN,available,https://www.farmaciauniversal.com/nutrabiotics-calmessens-capsulas-frasco-60-und/p,31416,Nutrabiotics,vtex_catalog_search,2026-06-08T00:46:40.933246+00:00,10,"/Vitaminas y Suplementos/Multivitamínicos/Relajantes/ /Vitaminas y Suplementos/Multivitamínicos/ /Vitaminas y Suplementos/ /1/344/351/ /1/344/ /1/ Frasco 60 und DE4527 Adultos, tomar 1 cápsula 3 veces al día. La dosis funcional debe ser supervisada por un profesional de la salud. Se recomienda no utilizar las vitaminas y minerales como sustituto de una dieta equilibrada. Presentación Registro Sanitario Modo de uso Precauciones y Contraindicaciones No Producto a Pedido Presentación Registro Sanitario Modo de uso Precauciones y Contraindicaciones Producto a Pedido Campos Auxiliares Highlight Calmessens de Nutrabiotics es un suplemento nutricional que combina colina, vitamina B1, niacina, ácido pantoténico y manganeso.",vtex_spec_or_regex,true
Farmacia Universal,Infanzia Infavit D3 Solución Oral - Frasco 15 ml,Infanzia Infavit D3 Solución Oral 15 ml Precio + Delivery Gratis,DE3477,54.50,PEN,available,https://www.farmaciauniversal.com/infanzia-infavit-d3-solucion-oral-frasco-15-ml/p,28193,Infanzia,vtex_catalog_search,2026-06-08T00:46:40.933984+00:00,100,"/Cuidado Infantil/Nutrición Infantil/Suplementos Infantiles/ /Cuidado Infantil/Nutrición Infantil/ /Cuidado Infantil/ /5/151/340/ /5/151/ /5/ Frasco 15 ml DE3477 Vía de administración oral. En niños menores de 1 año 4 gotas al día, equivalente a 400 U.I de vitamina D3. En niños mayores de 1 año, 6 gotas al día equivalente a 600 U.I de vitamina D3. Siempre directamente debajo de la lengua y con el estómago lleno. El producto debe ser almacenado fuera del alcance de los niños. No superar la dosis diaria recomendada para productos dietéticos. No hay efectos secundarios conocidos asociados con el uso de éste producto. Presentación Registro Sanitario Modo de uso Precauciones y Contraindicaciones No Producto a Pedido 1 Presentación Registro Sanitario Modo de uso Precauciones y Contraindicaciones Producto a Pedido Stock Security Campos Auxiliares Highlight Stock Security Suplemento dietético, la Vitamina D3 (Colecalciferol) contribuye al mantenimiento de huesos normales, a la función muscular normal y la normal absorción y uso de calcio y fósforo. También contribuye a la función normal del sistema inmune de los bebes y niños. Sin gluten, sin lactosa. Fabricado por Erbozeta bajo los estándares de la Unión Europea. Composición: Por mililítro contiene Vitamina D3 3.42 mg.",vtex_spec_or_regex,true
Farmacia Universal,Emulsión Scott Sabor Naranja - Frasco 400 ml,Emulsión Scott Sabor Naranja 400 ml Precio + Delivery Gratis,DE2362,37.78,PEN,available,https://www.farmaciauniversal.com/emulsion-scott-sabor-naranja-frasco-400-ml/p,13544,Scott,vtex_catalog_search,2026-06-08T00:46:40.935398+00:00,10,"/Cuidado Infantil/Nutrición Infantil/Suplementos Infantiles/ /Cuidado Infantil/Nutrición Infantil/ /Cuidado Infantil/ /5/151/340/ /5/151/ /5/ Frasco 400 ml DE2362 Tomar por vía oral, en la dosis indicada en el envase o recomendada por el médico, generalmente una cucharada al día en niños y adultos. No exceder la dosis diaria recomendada. Mantener fuera del alcance de los niños. Personas con alergia a pescados o que consuman otros suplementos con vitaminas liposolubles deben consultar a su médico antes de usar. Conservar en lugar fresco y seco. Presentación Registro Sanitario Modo de uso Precauciones y Contraindicaciones No Producto a Pedido 1 Presentación Registro Sanitario Modo de uso Precauciones y Contraindicaciones Producto a Pedido Stock Security Campos Auxiliares Highlight Stock Security Emulsión Scott sabor naranja es un suplemento nutricional tradicionalmente elaborado a base de aceite de hígado de bacalao, fuente natural de vitamina A, vitamina D. Está pensada como apoyo al desarrollo y a la nutrición, en una presentación líquida con agradable sabor a naranja.",vtex_spec_or_regex,true
Farmacia Universal,Gestavit DHA Cápsulas - Caja 30 und,Gestavit DHA Cápsulas 30 und Precio + Delivery Gratis,DE1761,66.90,PEN,available,https://www.farmaciauniversal.com/gestavit-dha-capsulas-caja-30-und/p,8731,Unimed,vtex_catalog_search,2026-06-08T00:46:40.935623+00:00,10,/Vitaminas y Suplementos/Multivitamínicos/Gestantes/ /Vitaminas y Suplementos/Multivitamínicos/ /Vitaminas y Suplementos/ /1/344/360/ /1/344/ /1/ Caja 30 und DE1761 Dosis: 1 cápsula al día con el almuerzo. Conocida hipersensibilidad a los componentes o derivados de productos marinos. No superar la dosis diaria. No debe emplearse como sustituto de una dieta equilibrada. Presentación Registro Sanitario Modo de uso Precauciones y Contraindicaciones No Producto a Pedido 3 Presentación Registro Sanitario Modo de uso Precauciones y Contraindicaciones Producto a Pedido Stock Security Campos Auxiliares Highlight Stock Security Complemento multivitaminico prenatal.,vtex_spec_or_regex,true
Farmacia Universal,Drasanvi Crecimiento y Apetito Solución Oral Sabor Plátano - Frasco 150 ml,Drasanvi Crecimiento y Apetito Solución Oral Plátano 150 ml Precio + Delivery Gratis,DE4193,46.35,PEN,available,https://www.farmaciauniversal.com/drasanvi-crecimiento-y-apetito-solucion-oral-sabor-platano-frasco-150-ml/p,27949,Drasanvi,vtex_catalog_search,2026-06-08T00:46:40.936095+00:00,10,"/Cuidado Infantil/Nutrición Infantil/Suplementos Infantiles/ /Cuidado Infantil/Nutrición Infantil/ /Cuidado Infantil/ /5/151/340/ /5/151/ /5/ Frasco 150 ml DE4193 A partir de 3 años. Tomar 20 ml, dos cucharadas en una sola toma al día o bien se puede repartir en dos tomas, una cucharada de 10 ml antes de la comida y otra cucharada de 10 ml antes de la cena. Puede tomarse solo o disuelto en algún otro líquido. Contiene berro, no administrar en niños menores de 4 años. Dosis excesiva y tratamientos prolongados pueden causar irritación gastrointestinal e inflamación renal. Personas alérgicas a cualquiera de los ingredientes de este producto abstenerse de consumirlo. Mantener fuera del alcance de los niños. Conservar en un lugar fresco y seco Presentación Registro Sanitario Modo de uso Precauciones y Contraindicaciones No Producto a Pedido 0 Presentación Registro Sanitario Modo de uso Precauciones y Contraindicaciones Producto a Pedido Stock Security Campos Auxiliares Highlight Stock Security Complemento alimenticio que ayuda a mejorar el apetito y a garantizar un óptimo consumo de nutrientes. Apto para niños a partir de los 3 años.",vtex_spec_or_regex,true
Farmacia Universal,Vitalux Plus NF Tabletas - Frasco 30 und,Vitalux Plus NF Tabletas 30 und Precio + Delivery Gratis,DE1648,84.48,PEN,available,https://www.farmaciauniversal.com/vitalux-plus-nf-tabletas-frasco-30-und/p,14101,Alcon,vtex_catalog_search,2026-06-08T00:46:40.936644+00:00,10,"/Vitaminas y Suplementos/Multivitamínicos/Oftálmicos/ /Vitaminas y Suplementos/Multivitamínicos/ /Vitaminas y Suplementos/ /1/344/356/ /1/344/ /1/ Frasco 30 und DE1648 Tomar 1 tableta al día. No debe superar la dosis expresamente recomendada para productos dietéticos. Los productos dietéticos no deben utilizarse como sustitutos de una dieta equilibrada. Efectos sobre la capacidad de conducir y usar maquinas, No se han reportado casos de interferencia en la capacidad de conducir y usar máquinas. Para mayor información, leer inserto. Presentación Registro Sanitario Modo de uso Precauciones y Contraindicaciones No Producto a Pedido 1 Presentación Registro Sanitario Modo de uso Precauciones y Contraindicaciones Producto a Pedido Stock Security Campos Auxiliares Highlight Stock Security Tabletas de liberación prolongada multivitaminicos y minerales con Luteína. Composición: Zinc 40 mg, Vitamina E 100 IU, Cobre 2 mg, Luteina 4 mg, Vitamina C 300 mg, Selenio 50 mcg, Betacaroteno 10 000 IU, Vitamina B2 20 mg.",vtex_spec_or_regex,true
Farmacia Universal,Berocca Plus Comprimidos - Caja 30 und,Berocca Plus Comprimidos 30 und Precio + Delivery Gratis,DE0877,45.14,PEN,available,https://www.farmaciauniversal.com/berocca-plus-comprimidos-caja-30-und/p,12948,Berocca,vtex_catalog_search,2026-06-08T00:46:40.937592+00:00,10,"/Vitaminas y Suplementos/Multivitamínicos/Adultos/ /Vitaminas y Suplementos/Multivitamínicos/ /Vitaminas y Suplementos/ /1/344/350/ /1/344/ /1/ Caja 30 und DE0877 Tomar 1 comprimido al día con un vaso de agua La orina se torna amarillenta por el contenido de Riboflavina. No es sustituto de una dieta equilibrada. No exceda la dosis recomendada Presentación Registro Sanitario Modo de uso Precauciones y Contraindicaciones No Producto a Pedido Presentación Registro Sanitario Modo de uso Precauciones y Contraindicaciones Producto a Pedido Campos Auxiliares Highlight Berocca contiene vitaminas del Complejo B, vitamina C, Calcio, Magnesio y Zinc que ayudan al rendimiento mental, físico y buen funcionamiento del sistema nervioso. Suplementa los requerimientos diarios de nutrientes.",vtex_spec_or_regex,true
Farmacia Universal,Mason Omega 3 Fish Oil 1000 mg Cápsulas - Frasco 60 und,Mason Omega 3 Fish Oil 1000 mg Cápsulas 60 und Precio + Delivery Gratis,DE1890,75.00,PEN,available,https://www.farmaciauniversal.com/mason-omega-3-fish-oil-1000-mg-capsulas-frasco-60-und/p,5040,Mason Natural,vtex_catalog_search,2026-06-08T00:46:40.937839+00:00,10,"/Vitaminas y Suplementos/Minerales y Otros/Omega 3/ /Vitaminas y Suplementos/Minerales y Otros/ /Vitaminas y Suplementos/ /1/10/324/ /1/10/ /1/ Frasco 60 und DE1890 Vía oral. Dosificación: Adultos tomar una cápsula blanda al día, preferiblemente con alimentos. En embarazo y lactancia consulte a su médico. No tome si está usando anticoagulantes. En caso de sobredosis accidental, descontinuar el uso y consultar para asistencia médica inmediata. No debe utilizarse como sustituto de una dieta equilibrada. No exceda la dosis diaria recomendada. No hay estudios que aseguren su uso en personas con enfermedad renal o hepática grave. Puede aumentar el riesgo de sangrado si toma junto con aspirina, puede producir una disminución de la presión sanguínea. Presentación Registro Sanitario Modo de uso Precauciones y Contraindicaciones No Producto a Pedido 1 Presentación Registro Sanitario Modo de uso Precauciones y Contraindicaciones Producto a Pedido Stock Security Campos Auxiliares Highlight Stock Security El EPA y el DHA ayudan a mantener la salud cardiovascular.",vtex_spec_or_regex,true
Farmacia Universal,Mason Ácido Fólico 800 mcg Tabletas - Frasco 100 und,Mason Ácido Fólico 800 mcg Tabletas 100 und Precio + Delivery Gratis,DE0395,49.90,PEN,available,https://www.farmaciauniversal.com/mason-acido-folico-800-mcg-tabletas-frasco-100-und/p,5064,Mason Natural,vtex_catalog_search,2026-06-08T00:46:41.913302+00:00,100,/Vitaminas y Suplementos/Vitaminas/Vitamina B/ /Vitaminas y Suplementos/Vitaminas/ /Vitaminas y Suplementos/ /1/343/346/ /1/343/ /1/ Frasco 100 und DE0395 1 Tableta al día. No exceder la dosis recomendada. No debe utilizarse como sustituto de una dieta equilibrada. Presentación Registro Sanitario Modo de uso Precauciones y Contraindicaciones No Producto a Pedido 1 Presentación Registro Sanitario Modo de uso Precauciones y Contraindicaciones Producto a Pedido Stock Security Campos Auxiliares Highlight Stock Security El ácido fólico contribuye al crecimiento de los tejidos maternos durante el embarazo.,vtex_spec_or_regex,true
Farmacia Universal,Emulsión Scott Sabor Naranja - Frasco 200 ml,Emulsión Scott Sabor Naranja 200 ml Precio + Delivery Gratis,DE2371,21.24,PEN,available,https://www.farmaciauniversal.com/emulsion-scott-sabor-naranja-frasco-200-ml/p,13536,Scott,vtex_catalog_search,2026-06-08T00:46:41.913964+00:00,10,"/Cuidado Infantil/Nutrición Infantil/Suplementos Infantiles/ /Cuidado Infantil/Nutrición Infantil/ /Cuidado Infantil/ /5/151/340/ /5/151/ /5/ Frasco 200 ml DE2371 Tomar la cantidad indicada según la edad, generalmente una cucharada al día, o según indicación médica. Agitar antes de usar. Puede tomarse solo o mezclado con alimentos. No exceder la dosis diaria recomendada. Mantener fuera del alcance de los niños. No se debe usar como sustituto de una alimentación balanceada. Conservar en un lugar fresco, protegido de la luz y cerrado herméticamente después de cada uso. Presentación Registro Sanitario Modo de uso Precauciones y Contraindicaciones No Producto a Pedido Presentación Registro Sanitario Modo de uso Precauciones y Contraindicaciones Producto a Pedido Campos Auxiliares Highlight Emulsión Scott sabor cereza es un suplemento alimenticio que contiene aceite de hígado de bacalao, fuente natural de vitamina A y D, además de ácidos grasos Omega 3. Su consumo puede contribuir al apoyo del sistema inmunológico y al desarrollo general. Su sabor a cereza facilita su consumo en niños y adultos.",vtex_spec_or_regex,true
Farmacia Universal,Ovusitol D Polvo para Solución Oral Sobres - Caja 30 und,Ovusitol D Polvo para Solución Oral Sobres 30 und Precio + Delivery Gratis,DE3840,101.10,PEN,available,https://www.farmaciauniversal.com/ovusitol-d-polvo-para-solucion-oral-sobres-caja-30-und/p,11877,ITF Farmaceutica,vtex_catalog_search,2026-06-08T00:46:41.915099+00:00,100,"/Vitaminas y Suplementos/Multivitamínicos/Gestantes/ /Vitaminas y Suplementos/Multivitamínicos/ /Vitaminas y Suplementos/ /1/344/360/ /1/344/ /1/ Caja 30 und DE3840 Tomar un sobre al día, disolviendo su contenido en 200 ml de agua y mezclando bien antes de consumir. Se recomienda ingerir Ovusitol D entre 30 minutos y una hora antes de acostarse, preferiblemente a la misma hora cada día. No superar la dosis diaria recomendada. Los complementos alimenticios no sustituyen una dieta equilibrada ni un estilo de vida saludable. No recomendado para personas con enfermedades inflamatorias o autoinmunes, ni para quienes realizan actividades que requieran vigilancia constante o puedan verse afectadas por la somnolencia. Mantener fuera del alcance de los niños. Conservar en un lugar fresco y seco. Consumir antes de la fecha indicada en el envase. Presentación Registro Sanitario Modo de uso Precauciones y Contraindicaciones No Producto a Pedido 1 Presentación Registro Sanitario Modo de uso Precauciones y Contraindicaciones Producto a Pedido Stock Security Campos Auxiliares Highlight Stock Security Ovusitol D es un complemento alimenticio diseñado para aportar mioinositol, ácido fólico, vitamina D3, zinc, melatonina y probióticos. Su fórmula está especialmente desarrollada para cubrir los requerimientos nutricionales de la mujer en situaciones donde se requiera un soporte adicional a la alimentación diaria.",vtex_spec_or_regex,true
Farmacia Universal,Emulsión Scott Sabor Cereza - Frasco 400 ml,Emulsión Scott Sabor Cereza 400 ml Precio + Delivery Gratis,DE2362,37.78,PEN,available,https://www.farmaciauniversal.com/emulsion-scott-sabor-cereza-frasco-400-ml/p,13537,Scott,vtex_catalog_search,2026-06-08T00:46:41.915609+00:00,100,"/Cuidado Infantil/Nutrición Infantil/Suplementos Infantiles/ /Cuidado Infantil/Nutrición Infantil/ /Cuidado Infantil/ /5/151/340/ /5/151/ /5/ Frasco 400 ml DE2362 Tomar la cantidad indicada según la edad, generalmente una cucharada al día, o según indicación médica. Agitar antes de usar. Puede tomarse solo o mezclado con alimentos. No exceder la dosis diaria recomendada. Mantener fuera del alcance de los niños. No se debe usar como sustituto de una alimentación balanceada. Conservar en un lugar fresco, protegido de la luz y cerrado herméticamente después de cada uso. Presentación Registro Sanitario Modo de uso Precauciones y Contraindicaciones No Producto a Pedido 1 Presentación Registro Sanitario Modo de uso Precauciones y Contraindicaciones Producto a Pedido Stock Security Campos Auxiliares Highlight Stock Security Emulsión Scott sabor cereza es un suplemento alimenticio que contiene aceite de hígado de bacalao, fuente natural de vitamina A y D, además de ácidos grasos Omega 3. Su consumo puede contribuir al apoyo del sistema inmunológico y al desarrollo general. Su sabor a cereza facilita su consumo en niños y adultos.",vtex_spec_or_regex,true
Farmacia Universal,Biogaia Protectis Baby Gotas Suspensión Oral - Frasco 5 ml,Biogaia Protectis Baby Gotas Suspensión Oral 5 ml Precio + Delivery Gratis,DE3049,75.61,PEN,available,https://www.farmaciauniversal.com/biogaia-protectis-baby-gotas-suspension-oral-frasco-5-ml/p,29644,Abbott Nutrition,vtex_catalog_search,2026-06-08T00:46:41.915866+00:00,10,"/Cuidado Infantil/Nutrición Infantil/Suplementos Infantiles/ /Cuidado Infantil/Nutrición Infantil/ /Cuidado Infantil/ /5/151/340/ /5/151/ /5/ Frasco 5 ml Vitamina D3 DE3049 Administrar 5 gotas al día directamente en la boca del bebé o con alimento, preferiblemente tras las comidas. Agitar antes de usar. No debe excederse la dosis recomendada. Consultar al pediatra en bebés prematuros o con sistemas inmunitarios comprometidos. Mantener en lugar fresco y seco, fuera del alcance de los niños. Presentación Principio Activo Registro Sanitario Modo de uso Precauciones y Contraindicaciones No Producto a Pedido 1 Presentación Principio Activo Registro Sanitario Modo de uso Precauciones y Contraindicaciones Producto a Pedido Stock Security Campos Auxiliares Highlight Stock Security Biogaia Protectis Baby combina el probiótico Lactobacillus reuteri Protectis (100 millones UFC) con vitamina D3 (400 UI), formulada para apoyar el equilibrio de la flora intestinal en lactantes y contribuir al desarrollo óseo saludable.",vtex_spec_or_regex,true
Farmacia Universal,Sherfarma Complejo B Forte Cápsulas Blandas - Caja 200 und,Sherfarma Complejo B Forte Cápsulas Blandas 200 und Precio + Delivery Gratis,DE4295,100.00,PEN,available,https://www.farmaciauniversal.com/sherfarma-complejo-b-forte-capsulas-blandas-caja-200-und/p,2890,Sherfarma,vtex_catalog_search,2026-06-08T00:46:41.916126+00:00,10,"/Vitaminas y Suplementos/Vitaminas/Vitamina B/ /Vitaminas y Suplementos/Vitaminas/ /Vitaminas y Suplementos/ /1/343/346/ /1/343/ /1/ Caja 200 und Tiamina mononitrato 25 mg, Riboflavina 5 mg, Nicotinamida 50 mg, Piridoxina clorhidrato 50 mg DE4295 Se recomienda tomar 1 a 2 cápsulas al día con una comida, según indicación médica. No exceder la dosis recomendada. No usar en caso de alergia a alguno de sus componentes. Se recomienda precaución en mujeres embarazadas o en periodo de lactancia. Mantener fuera del alcance de los niños. Presentación Principio Activo Registro Sanitario Modo de uso Precauciones y Contraindicaciones No Producto a Pedido 1 Presentación Principio Activo Registro Sanitario Modo de uso Precauciones y Contraindicaciones Producto a Pedido Stock Security Campos Auxiliares Highlight Stock Security Complejo B Forte es un suplemento que aporta vitaminas esenciales del complejo B, las cuales son fundamentales para la energía y el buen funcionamiento del sistema nervioso. Su combinación de vitaminas B1, B2, B3 y B6 contribuye al metabolismo adecuado de los alimentos, ayudando a reducir la fatiga y favoreciendo la salud de la piel y el cabello.",vtex_spec_or_regex,true
Farmacia Universal,Cadelius 600 mg + 1000 UI Comprimidos Bucodispersables - Frasco 30 und,Cadelius 600 mg + 1000 UI Comprimidos Bucodispersables 30 und Precio + Delivery Gratis,DE2250,89.99,PEN,available,https://www.farmaciauniversal.com/cadelius-600-mg-1000-ui-comprimidos-bucodispersables-frasco-30-und/p,19339,ITF Farmaceutica,vtex_catalog_search,2026-06-08T00:46:41.916972+00:00,10,"/Vitaminas y Suplementos/Minerales y Otros/Calcio/ /Vitaminas y Suplementos/Minerales y Otros/ /Vitaminas y Suplementos/ /1/10/16/ /1/10/ /1/ Frasco 30 und Calcio 600 mg + Colecalciferol 1000 UI DE2250 Tomar un comprimido al día, preferiblemente con alimentos, o según indicación médica. No exceder la dosis recomendada. No administrar en casos de hipercalcemia, hipercalciuria o hipersensibilidad a alguno de los componentes. Consultar con un profesional de salud antes de usar en embarazo, lactancia o si está recibiendo otros suplementos o medicamentos que contengan calcio o vitamina D. Mantener fuera del alcance de los niños. Presentación Principio Activo Registro Sanitario Modo de uso Precauciones y Contraindicaciones No Producto a Pedido 1 Presentación Principio Activo Registro Sanitario Modo de uso Precauciones y Contraindicaciones Producto a Pedido Stock Security Campos Auxiliares Highlight Stock Security Cadelius combina calcio elemental (600 mg) y colecalciferol (vitamina D3, 1000 UI), formulado en comprimidos bucodispersables que se disuelven fácilmente en la boca sin necesidad de agua. Este producto está indicado para ayudar a cubrir los requerimientos diarios de calcio y vitamina D, especialmente en personas con riesgo de deficiencia o con necesidades aumentadas, como adultos mayores o mujeres en etapa postmenopáusica.",vtex_spec_or_regex,true
Farmacia Universal,Mason Calcium 600 mg + D3 800 IU Tabletas - Frasco 60 und,Mason Calcium 600 mg + D3 800 IU Tabletas 60 und Precio + Delivery Gratis,DE4896,41.90,PEN,available,https://www.farmaciauniversal.com/mason-calcium-600-mg-d3-800-iu-tabletas-frasco-60-und/p,29558,Mason Natural,vtex_catalog_search,2026-06-08T00:46:41.917239+00:00,100,"/Vitaminas y Suplementos/Minerales y Otros/Calcio/ /Vitaminas y Suplementos/Minerales y Otros/ /Vitaminas y Suplementos/ /1/10/16/ /1/10/ /1/ Frasco 60 und DE4896 Adultos: Tomar una tableta al día, preferiblemente con los alimentos, como suplemento nutricional. No exceder la dosis diaria recomendada, este producto no debe utilizarse como sustituto de una dieta equilibrada. Si está embarazada, en periodo de lactancia, tomando alguna medicación o tiene alguna condición médica, consulte a su médico antes de usar este producto. Presentación Registro Sanitario Modo de uso Precauciones y Contraindicaciones No Producto a Pedido 1 Presentación Registro Sanitario Modo de uso Precauciones y Contraindicaciones Producto a Pedido Stock Security Campos Auxiliares Highlight Stock Security El calcio es el mineral más abundante que se encuentra en el cuerpo humano. Los dientes y los huesos son los que contienen la mayor cantidad. Los tejidos corporales, las neuronas, la sangre y otros líquidos del cuerpo contienen el resto del calcio. El calcio es uno de los minerales más importantes para el cuerpo humano. Ayuda a formar y mantener dientes y huesos sanos.",vtex_spec_or_regex,true
Farmacia Universal,BioSil Performance Cápsulas - Frasco 60 und,BioSil Performance Cápsulas 60 und Precio + Delivery Gratis,DE4792,175.75,PEN,available,https://www.farmaciauniversal.com/biosil-performance-capsulas-frasco-60-und/p,32141,BioSil,vtex_catalog_search,2026-06-08T00:46:41.917500+00:00,100,"/Vitaminas y Suplementos/Minerales y Otros/Colágenos/ /Vitaminas y Suplementos/Minerales y Otros/ /Vitaminas y Suplementos/ /1/10/323/ /1/10/ /1/ Frasco 60 und DE4792 Para hombres y mujeres mayores de 18 años, se sugiere tomar 1 cápsula luego del desayuno y 1 cápsula luego de la cena. No superar la dosis recomendada. Este producto no sustituye una dieta equilibrada y debe utilizarse como parte de un estilo de vida saludable. No consumir si es alérgico a alguno de sus ingredientes. Mantener fuera del alcance de los niños. Presentación Registro Sanitario Modo de uso Precauciones y Contraindicaciones No Producto a Pedido Presentación Registro Sanitario Modo de uso Precauciones y Contraindicaciones Producto a Pedido Campos Auxiliares Highlight BioSil Performance cápsulas es un suplemento alimenticio que contiene Ch-OSA y vitamina C. La vitamina C contribuye a la formación normal de colágeno, el cual es importante para el funcionamiento de los cartílagos y los huesos. Su consumo puede complementar la alimentación dentro de un estilo de vida saludable.",vtex_spec_or_regex,true
Farmacia Universal,Gestafol 0.5 mg Cápsulas Blandas - Caja 30 und,Gestafol 0.5 mg Cápsulas Blandas 30 und Precio + Delivery Gratis,DE4270,33.90,PEN,available,https://www.farmaciauniversal.com/gestafol-05-mg-capsulas-blandas-caja-30-und/p,2900,Sherfarma,vtex_catalog_search,2026-06-08T00:46:41.917742+00:00,100,"/Vitaminas y Suplementos/Multivitamínicos/Gestantes/ /Vitaminas y Suplementos/Multivitamínicos/ /Vitaminas y Suplementos/ /1/344/360/ /1/344/ /1/ Caja 30 und Ácido fólico 0.5 mg DE4270 Tomar una cápsula al día por vía oral, preferiblemente durante el desayuno o con una comida. No sustituye una alimentación equilibrada. No usar si se ha diagnosticado anemia perniciosa sin supervisión médica, pues puede enmascarar síntomas. En caso de tratamiento concomitante con anticonvulsivantes u otros medicamentos, consultar a un médico. No exceder la dosis diaria recomendada. Mantener en lugar fresco y seco. Presentación Principio Activo Registro Sanitario Modo de uso Precauciones y Contraindicaciones No Producto a Pedido 1 Presentación Principio Activo Registro Sanitario Modo de uso Precauciones y Contraindicaciones Producto a Pedido Stock Security Campos Auxiliares Highlight Stock Security Suplemento de ácido fólico (vitamina B9) en cápsulas blandas, útil para prevenir y ayudar a tratar deficiencias de esta vitamina. Especialmente recomendado en etapas como el embarazo y la lactancia, así como en situaciones de requerimiento incrementado, siempre como complemento de una dieta equilibrada.",vtex_spec_or_regex,true
Farmacia Universal,Mason Complejo B con Electrolitos Tabletas - Frasco 60 und,Mason Complejo B con Electrolitos Tabletas 60 und Precio + Delivery Gratis,DE2629,66.94,PEN,available,https://www.farmaciauniversal.com/mason-complejo-b-con-electrolitos-tabletas-frasco-60-und/p,22495,Mason Natural,vtex_catalog_search,2026-06-08T00:46:41.918991+00:00,100,"/Vitaminas y Suplementos/Vitaminas/Vitamina B/ /Vitaminas y Suplementos/Vitaminas/ /Vitaminas y Suplementos/ /1/343/346/ /1/343/ /1/ Frasco 60 und DE2629 Adultos tomar 1 tableta diaria como suplemento dietético. No exceder la dosis indicada. No debe utilizarse como sustituto de una dieta equilibrada. Si está embarazada o amamantando o está tomando algún medicamento o planea someterse a un procedimiento médico, consulte a su médico antes de usar este producto. Si ocurre alguna reacción adversa, consulte a su médico. Presentación Registro Sanitario Modo de uso Precauciones y Contraindicaciones No Producto a Pedido 1 Presentación Registro Sanitario Modo de uso Precauciones y Contraindicaciones Producto a Pedido Stock Security Campos Auxiliares Highlight Stock Security Con Vitamina B1 (Tiamina), que ayuda en la producción de energía.",vtex_spec_or_regex,true
Farmacia Universal,German Energy B Complex Tabletas Efervescentes - Tubo 20 und,German Energy B Complex Tabletas Efervescentes 20 und Precio + Delivery Gratis,DE3350,13.00,PEN,available,https://www.farmaciauniversal.com/german-energy-b-complex-tabletas-efervescentes-tubo-20-und/p,29646,Germany Energy,vtex_catalog_search,2026-06-08T00:46:41.919444+00:00,10,"/Vitaminas y Suplementos/Vitaminas/Vitamina B/ /Vitaminas y Suplementos/Vitaminas/ /Vitaminas y Suplementos/ /1/343/346/ /1/343/ /1/ Tubo 20 und DE3350 Almacenar a menos de 25ºC y en un lugar seco. Mantener el tubo cerrado. Manténgase fuera del alcance de los niños. Presentación Registro Sanitario Precauciones y Contraindicaciones No Producto a Pedido Naranja Tubo 20 und Sabor Presentaciones 1 Presentación Registro Sanitario Precauciones y Contraindicaciones Producto a Pedido Sabor Presentaciones Stock Security Campos Auxiliares Highlight Filtros Stock Security Suplemento alimentario con vitaminas B1, B2, B3, B5, B6 y B12.",vtex_spec_or_regex,true
Farmacia Universal,Kidcal Suspensión Oral Sabor Fresa - Frasco 180 ml,Kidcal Suspensión Oral Fresa 180 ml Precio + Delivery Gratis,DE1195,53.04,PEN,available,https://www.farmaciauniversal.com/kidcal-suspension-oral-sabor-fresa-frasco-180-ml/p,12698,Farmakonsuma,vtex_catalog_search,2026-06-08T00:46:41.919674+00:00,10,"/Cuidado Infantil/Nutrición Infantil/Suplementos Infantiles/ /Cuidado Infantil/Nutrición Infantil/ /Cuidado Infantil/ /5/151/340/ /5/151/ /5/ Frasco 180 ml DE1195 Niños mayores de 12 años: 1-3 cucharaditas al día. De 9 - 12 años: 3 cucharaditas al día. Niños menores de 4 años: 1/2 cucharadita al día. Embarazo y lactancia: 1 - 4 cucharaditas al día Es recomendable su empleo bajo supervisión médica. Su administración no excluye el consumo de una dieta balanceada que contenga alimentos ricos en calcio como lácteos, carnes, huevos y vegetales. No exceda la dosis prescrita. Presentación Registro Sanitario Modo de uso Precauciones y Contraindicaciones No Producto a Pedido 1 Presentación Registro Sanitario Modo de uso Precauciones y Contraindicaciones Producto a Pedido Stock Security Campos Auxiliares Highlight Stock Security Suplemento vitamínico para niños con calcio, vitamina D y Zinc.",vtex_spec_or_regex,true
Farmacia Universal,Reversal Polvo para Suspensión Oral Sabor Cítrico - Caja 30 und,Reversal Polvo para Suspensión Oral Sabor Cítrico 30 und Precio + Delivery Gratis,DE4003,159.90,PEN,available,https://www.farmaciauniversal.com/reversal-polvo-para-suspension-oral-sabor-citrico-caja-30-und/p,28571,Lafage,vtex_catalog_search,2026-06-08T00:46:41.919948+00:00,10,"/Vitaminas y Suplementos/Suplementos Nutricionales/Fórmulas para Adultos/ /Vitaminas y Suplementos/Suplementos Nutricionales/ /Vitaminas y Suplementos/ /1/12/28/ /1/12/ /1/ Caja 30 und CaHMB 3 g, Vitamina D3 2000UI, Magnesio 400 mg DE4003 Disolver el contenido de un sobre en un vaso con agua, agitar e ingerir una vez al día, preferiblemente en la mañana con el desayuno. La duración del tratamiento varía según la indicación médica, pudiendo extenderse de 3 a 6 meses. Consultar al médico antes de usar si se tiene alergia a alguno de los componentes. Evitar su uso durante el embarazo y lactancia. No utilizar en caso de úlcera gastrointestinal activa. Informar al médico si se está tomando tetraciclina, penicilina o cloranfenicol. No se recomienda combinar con otros analgésicos o antiinflamatorios mientras se utiliza Reversal. Presentación Principio Activo Registro Sanitario Modo de uso Precauciones y Contraindicaciones No Producto a Pedido Cítrico Sabor 0 Presentación Principio Activo Registro Sanitario Modo de uso Precauciones y Contraindicaciones Producto a Pedido Sabor Stock Security Campos Auxiliares Highlight Filtros Stock Security Reversal® es un suplemento nutricional en sobres que combina CaHMB (3 g), vitamina D3 (2000 UI) y magnesio (400 mg). Está diseñado para apoyar la salud muscular y ósea, especialmente en adultos mayores o personas con riesgo de pérdida de masa muscular.",vtex_spec_or_regex,true
Farmacia Universal,Regenesis Ultra Cápsulas - Caja 30 und,Regenesis Ultra Cápsulas 30 und Precio + Delivery Gratis,DE4377,77.70,PEN,available,https://www.farmaciauniversal.com/regenesis-ultra-capsulas-caja-30-und/p,29690,Exeltis,vtex_catalog_search,2026-06-08T00:46:41.920199+00:00,100,"/Vitaminas y Suplementos/Multivitamínicos/Adultos/ /Vitaminas y Suplementos/Multivitamínicos/ /Vitaminas y Suplementos/ /1/344/350/ /1/344/ /1/ Caja 30 und DE4377 Tomar una cápsula al día con un vaso de agua, preferentemente junto con una comida. El uso debe ser supervisado por un profesional de la salud, especialmente durante el embarazo y la lactancia. No se debe exceder la dosis diaria recomendada. Este producto complementa la alimentación, pero no la reemplaza. Mantener fuera del alcance de los niños y almacenar en un lugar fresco y seco, lejos de la luz directa. En caso de alergia a alguno de los ingredientes, evitar su consumo. Presentación Registro Sanitario Modo de uso Precauciones y Contraindicaciones No Producto a Pedido 1 Presentación Registro Sanitario Modo de uso Precauciones y Contraindicaciones Producto a Pedido Stock Security Campos Auxiliares Highlight Stock Security Regenesis Ultra aporta una combinación equilibrada de hierro, omega 3 (EPA y DHA), vitamina D, y ácido fólico en su forma activa (Metafolin), entre otros nutrientes esenciales.",vtex_spec_or_regex,true
Farmacia Universal,Prodefen Plus D Polvo para Suspensión Oral Sobres - Caja 10 und,Prodefen Plus D Polvo para Suspensión Oral Sobres 10 und Precio + Delivery Gratis,DE4704,86.00,PEN,available,https://www.farmaciauniversal.com/prodefen-plus-d-polvo-para-suspension-oral-sobres-caja-10-und/p,30119,ITF Farmaceutica,vtex_catalog_search,2026-06-08T00:46:41.921087+00:00,10,"/Vitaminas y Suplementos/Multivitamínicos/Digestivos/ /Vitaminas y Suplementos/Multivitamínicos/ /Vitaminas y Suplementos/ /1/344/352/ /1/344/ /1/ Caja 10 und DE4704 Disolver un sobre en agua o bebida a temperatura ambiente, tomar una vez al día durante o después de las comidas. No exceder dosis diaria recomendada. Si se está tomando antibióticos, administrar con al menos 2 horas de diferencia. No sustituye una dieta equilibrada. Consultar al médico si hay condiciones crónicas. Mantener fuera del alcance de los niños. Presentación Registro Sanitario Modo de uso Precauciones y Contraindicaciones No Producto a Pedido 1 Presentación Registro Sanitario Modo de uso Precauciones y Contraindicaciones Producto a Pedido Stock Security Campos Auxiliares Highlight Stock Security Complemento alimenticio en polvo que contiene prebióticos (fructooligosacáridos), vitamina D3 y 7 cepas de probióticos. Su fórmula está pensada para apoyar el equilibrio de la flora intestinal como parte de una alimentación saludable.",vtex_spec_or_regex,true
Farmacia Universal,Calcibon Natal Forte Tabletas - Frasco 30 und,Calcibon Natal Forte Tabletas 30 und Precio + Delivery Gratis,DE2067,87.49,PEN,available,https://www.farmaciauniversal.com/calcibon-natal-forte-tabletas-frasco-30-und/p,18069,Calcibone,vtex_catalog_search,2026-06-08T00:46:41.921647+00:00,10,"/Vitaminas y Suplementos/Multivitamínicos/Gestantes/ /Vitaminas y Suplementos/Multivitamínicos/ /Vitaminas y Suplementos/ /1/344/360/ /1/344/ /1/ Frasco 30 und DE2067 Adultos y gestantes: 1 a 2 tabletas al día. Gestantes bajo supervisión médica. No debe administrarse CalcibonNatal® Forte en casos de hipervitaminosis D, insuficiencia renal, acumulación de hierro, trastorno de asimilación de este mineral, hipercalcemia, ni hipercalciuria. Puede provocar reacciones de hipersensibilidad o alergia, en cuyo caso se recomienda suspender el tratamiento y evaluar al paciente. El uso de este producto debe ser evaluado por un médico en casos de: a) arteriosclerosis, función cardíaca dañada, hiperfosfatemia, función renal dañada, sarcoidosis y otras enfermedades granulomatosas por la vitamina D b) en caso de anemia perniciosa se debe tener presente la presencia de ácido fólico en este preparado. No superar la dosis diaria recomendada. No utilizar como sustituto de una dieta equilibrada Presentación Registro Sanitario Modo de uso Precauciones y Contraindicaciones No Producto a Pedido 1 Presentación Registro Sanitario Modo de uso Precauciones y Contraindicaciones Producto a Pedido Stock Security Campos Auxiliares Highlight Stock Security Suplemento con Calcio, Vitamina D, Hierro y Ácido Fólico.",vtex_spec_or_regex,true
Farmacia Universal,Artirreg Tabletas Recubiertas - Caja 30 und,Artirreg Tabletas Recubiertas 30 und Precio + Delivery Gratis,DE4903,150.00,PEN,available,https://www.farmaciauniversal.com/artirreg-tabletas-recubiertas-caja-30-und/p,31589,Qualispharma,vtex_catalog_search,2026-06-08T00:46:41.922554+00:00,10,"/Vitaminas y Suplementos/Multivitamínicos/Osteoarticulares/ /Vitaminas y Suplementos/Multivitamínicos/ /Vitaminas y Suplementos/ /1/344/354/ /1/344/ /1/ Caja 30 und Condroitina Sulfato Sódico 200 mg, Péptidos de Colágeno 40 mg, Hialuronato de Sódio 30 mg, Vitamina C 25 mg DE4903 Se recomienda tomar una tableta al día. No exceder la dosis recomendada. Informar al médico sobre otras terapias en curso. En caso de reacciones no esperadas, suspender su uso y consultar con un profesional de la salud. Presentación Principio Activo Registro Sanitario Modo de uso Precauciones y Contraindicaciones No Producto a Pedido 0 Presentación Principio Activo Registro Sanitario Modo de uso Precauciones y Contraindicaciones Producto a Pedido Stock Security Campos Auxiliares Highlight Stock Security Artirreg Tabletas Recubiertas es un medicamento utilizado como parte del manejo integral de condiciones articulares, orientada a acompañar el cuidado del cartílago y las articulaciones dentro de esquemas terapéuticos indicados por el profesional de la salud.",vtex_spec_or_regex,true
Farmacia Universal,Nutrabiotics Curcetin Cápsulas - Frasco 90 und,Nutrabiotics Curcetin Cápsulas 90 und Precio + Delivery Gratis,DE4923,178.25,PEN,available,https://www.farmaciauniversal.com/nutrabiotics-curcetin-capsulas-frasco-90-und/p,31417,Nutrabiotics,vtex_catalog_search,2026-06-08T00:46:41.922744+00:00,10,"/Vitaminas y Suplementos/Minerales y Otros/Magnesio/ /Vitaminas y Suplementos/Minerales y Otros/ /Vitaminas y Suplementos/ /1/10/15/ /1/10/ /1/ Frasco 90 und DE4923 Adultos tomar 1 cápsula 3 veces al día La dosis funcional debe ser supervisada por un profesional de la salud. Se recomienda no utilizar los minerales como sustituto de una dieta equilibrada. Presentación Registro Sanitario Modo de uso Precauciones y Contraindicaciones No Producto a Pedido Presentación Registro Sanitario Modo de uso Precauciones y Contraindicaciones Producto a Pedido Campos Auxiliares Highlight Nutrabiotics Curcetin es un suplemento nutricional que combina cúrcuma longa, quercetina, magnesio y vitamina C.",vtex_spec_or_regex,true
Farmacia Universal,Global Vit Cápsulas Blandas - Frasco 70 und,Global Vit Cápsulas Blandas 70 und Precio + Delivery Gratis,DE3834,165.20,PEN,available,https://www.farmaciauniversal.com/global-vit-capsulas-blandas-frasco-70-und/p,27881,Global Pharma,vtex_catalog_search,2026-06-08T00:46:41.924062+00:00,10,"/Vitaminas y Suplementos/Multivitamínicos/Oftálmicos/ /Vitaminas y Suplementos/Multivitamínicos/ /Vitaminas y Suplementos/ /1/344/356/ /1/344/ /1/ Frasco 70 und Luteína 5 mg, Zeaxantina 1 mg, Ácida Ascórbico 250 mg, Vitamina E 200 UI DE3834 La dosis recomendada suele ser de una cápsula al día acompañada de agua, preferentemente durante una comida o según indicación del profesional de salud. No se recomienda exceder la dosis diaria sugerida salvo indicación médica. Los suplementos alimenticios no deben utilizarse como sustitutos de una dieta equilibrada. Mantener fuera del alcance de los niños. Si se está bajo tratamiento médico, embarazo o lactancia, se recomienda consultar con un profesional de salud antes de consumir este producto. Presentación Principio Activo Registro Sanitario Modo de uso Precauciones y Contraindicaciones No Producto a Pedido Presentación Principio Activo Registro Sanitario Modo de uso Precauciones y Contraindicaciones Producto a Pedido Campos Auxiliares Highlight Global Vit es un suplemento alimenticio en cápsulas blandas que contiene luteína, zeaxantina, vitamina C y vitamina E. Estos nutrientes forman parte de la dieta y suelen asociarse con el cuidado ocular y la protección frente al estrés oxidativo. Su fórmula está orientada a complementar la alimentación diaria en personas que buscan apoyar la salud visual.",vtex_spec_or_regex,true
Farmacia Universal,Mason Biotina 800 mcg Tabletas - Frasco 60 und,Mason Biotina 800 mcg Tabletas 60 und Precio + Delivery Gratis,DE1042,55.75,PEN,available,https://www.farmaciauniversal.com/mason-biotina-800-mcg-tabletas-frasco-60-und/p,5038,Mason Natural,vtex_catalog_search,2026-06-08T00:46:42.658597+00:00,100,"/Vitaminas y Suplementos/Multivitamínicos/Cabello y Uñas/ /Vitaminas y Suplementos/Multivitamínicos/ /Vitaminas y Suplementos/ /1/344/357/ /1/344/ /1/ Frasco 60 und DE1042 Dosis: 1 Tableta al día. No exceder la dosis recomendada salvo recomendación médica. No debe utilizarse como sustituto de una dieta equilibrada. En caso de embarazo y lactancia o si consume medicamentos o planea algún procedimiento médico, consulte a su médico antes de tomar este producto. Descontinue su uso y consulte a su médico si ocurre alguna reacción adversa. La biotina puede incrementar los efectos de los medicamentos reductores de lípidos. Presentación Registro Sanitario Modo de uso Precauciones y Contraindicaciones No Producto a Pedido 1 Presentación Registro Sanitario Modo de uso Precauciones y Contraindicaciones Producto a Pedido Stock Security Campos Auxiliares Highlight Stock Security La biotina ayuda a mantener saludables el cabello, la piel y las uñas.",vtex_spec_or_regex,true
Farmacia Universal,Nutrabiotics Probioessens Polvo Oral Sobres - Caja 30 und,Nutrabiotics Probioessens Polvo Oral Sobres 30 und Precio + Delivery Gratis,DE4672,203.10,PEN,available,https://www.farmaciauniversal.com/nutrabiotics-probioessens-polvo-oral-sobres-caja-30-und/p,31424,Nutrabiotics,vtex_catalog_search,2026-06-08T00:46:42.659994+00:00,100,"/Vitaminas y Suplementos/Suplementos Nutricionales/Fórmulas Especializadas/ /Vitaminas y Suplementos/Suplementos Nutricionales/ /Vitaminas y Suplementos/ /1/12/29/ /1/12/ /1/ Caja 30 und DE4672 Adultos y niños mayores de 4 años: tomar 1 sobre al día disuelto en medio vaso de agua o jugo natural sin azúcar. La dosis funcional debe ser supervisada por un profesional de la salud. Se recomienda no utilizar las vitaminas y minerales como sustituto de una dieta equilibrada. Mantener fuera del alcance de los niños. Presentación Registro Sanitario Modo de uso Precauciones y Contraindicaciones No Producto a Pedido Presentación Registro Sanitario Modo de uso Precauciones y Contraindicaciones Producto a Pedido Campos Auxiliares Highlight Nutrabiotics Myoessens es un suplemento dietario con probióticos, vitamina C, selenio, recuento de cepas vivas probioticas <10 billones de UFC.",vtex_spec_or_regex,true
Farmacia Universal,Ensure Clinical Bebible Sabor Vainilla - Frasco 220 ml,Ensure Clinical Bebible Vainilla 220 ml Precio + Delivery Gratis,DE2360,13.10,PEN,available,https://www.farmaciauniversal.com/ensure-clinical-bebible-sabor-vainilla-frasco-220-ml/p,21503,Ensure,vtex_catalog_search,2026-06-08T00:46:42.665398+00:00,10,"/Vitaminas y Suplementos/Suplementos Nutricionales/Fórmulas Especializadas/ /Vitaminas y Suplementos/Suplementos Nutricionales/ /Vitaminas y Suplementos/ /1/12/29/ /1/12/ /1/ Frasco 220 ml DE2360 Listo para usar. Agítese bien antes de usar. Almacénese sin abrir a temperatura no mayor a 30°C. Una vez abierto el envase, cúbrase, refrigérese y úsese dentro de las primeras 24 horas. Dosis recomendada: Suspensión oral, 2 botellas por día Ensure® Clinical es una fuente de nutrición suplementaria. Puede ser utilizado por sonda, no como única fuente de nutrición, bajo supervisión médica. No se recomienda su uso en niños a menos que sea recomendado por un médico u otro profesional de la salud calificado. No para uso en personas con galactosemia. No superar la dosis recomendada. No debe utilizarse como sutituto de una dieta equilibrada. Venta sin receta médica. Mantengase fuera del alcance de los niños. Presentación Registro Sanitario Modo de uso Precauciones y Contraindicaciones No Producto a Pedido Vainilla Sabor 2 Presentación Registro Sanitario Modo de uso Precauciones y Contraindicaciones Producto a Pedido Sabor Stock Security Campos Auxiliares Highlight Filtros Stock Security Es una fuente de nutrición oral suplementaria completa y balanceada, alta en calorías, contiene FOS y 1.5 g de CaHMB (HMB 1.2 g). Cada porción contiene 20 g de proteína de alta calidad, 499 mg de calcio y 500 UI de Vitamina D para apoyar la salud muscular y de los huesos. -Ayuda a disminuir el catabolismo muscular por lo que se detiene la pérdida de masa muscular. -Promueve el crecimiento muscular, esencial para la recuperación nutricional y funcional del paciente. -Disminuye la tasa de mortalidad significativamente en pacientes, dentro de los 90 días del alta hospitalaria.",vtex_spec_or_regex,true
Farmacia Universal,Vitybell Cápsulas Blandas - Caja 30 und,Vitybell Cápsulas Blandas 30 und Precio + Delivery Gratis,DE2583,148.20,PEN,available,https://www.farmaciauniversal.com/vitybell-capsulas-blandas-caja-30-und/p,24973,Unimed,vtex_catalog_search,2026-06-08T00:46:42.665697+00:00,10,"/Vitaminas y Suplementos/Multivitamínicos/Cabello y Uñas/ /Vitaminas y Suplementos/Multivitamínicos/ /Vitaminas y Suplementos/ /1/344/357/ /1/344/ /1/ Caja 30 und DE2583 Se recomienda la ingesta de una cápsula blanda al día, preferiblemente con las comidas. La duración del tratamiento debe ser determinada por un profesional de la salud, según las necesidades individuales. No debe usarse en casos de alergia a alguno de sus componentes. Se recomienda precaución en personas con enfermedades renales, hepáticas. No consumir en estado de embarazo o lactancia. Conservar en un lugar fresco y seco, fuera del alcance de los niños. Presentación Registro Sanitario Modo de uso Precauciones y Contraindicaciones No Producto a Pedido 1 Presentación Registro Sanitario Modo de uso Precauciones y Contraindicaciones Producto a Pedido Stock Security Campos Auxiliares Highlight Stock Security Vitybell es un suplemento dietario formulado con una combinación de vitaminas y minerales esenciales, incluyendo biotina, ácido pantoténico, piridoxina, nicotinamida, riboflavina, zinc y selenio. Está diseñado para fortalecer el cabello, las uñas y mejorar la salud de la piel, siendo especialmente útil en casos de fragilidad capilar, uñas quebradizas y piel desnutrida.",vtex_spec_or_regex,true
Farmacia Universal,Natalben Supra D Cápsulas Blandas - Caja 30 und,Natalben Supra D Cápsulas Blandas 30 und Precio + Delivery Gratis,DE4706,66.86,PEN,available,https://www.farmaciauniversal.com/natalben-supra-d-capsulas-blandas-caja-30-und/p,30266,ITF Farmaceutica,vtex_catalog_search,2026-06-08T00:46:42.667772+00:00,10,"/Vitaminas y Suplementos/Multivitamínicos/Gestantes/ /Vitaminas y Suplementos/Multivitamínicos/ /Vitaminas y Suplementos/ /1/344/360/ /1/344/ /1/ Caja 30 und DE4706 Ingerir una cápsula al día con agua, preferiblemente junto a una comida, siguiendo la recomendación del profesional de salud. No exceder la dosis indicada. No utilizar como sustituto de una dieta equilibrada. En caso de náuseas, molestias digestivas u otras reacciones inesperadas, consultar a un especialista. Conservar en un lugar fresco y mantener fuera del alcance de los niños. No usar en combinación con otros suplementos sin orientación profesional. Presentación Registro Sanitario Modo de uso Precauciones y Contraindicaciones No Producto a Pedido 0 Presentación Registro Sanitario Modo de uso Precauciones y Contraindicaciones Producto a Pedido Stock Security Campos Auxiliares Highlight Stock Security Natalben Supra D es un complemento multivitamínico en cápsulas blandas formulado para apoyar los requerimientos nutricionales de mujeres gestantes o en periodo de planificación. Aporta vitaminas, minerales y vitamina D, contribuyendo a cubrir necesidades aumentadas durante esta etapa.",vtex_spec_or_regex,true
Farmacia Universal,Exelmyo Plus Cápsulas Blandas - Caja 60 und,Exelmyo Plus Cápsulas Blandas 60 und Precio + Delivery Gratis,DE4966,165.00,PEN,available,https://www.farmaciauniversal.com/exelmyo-plus-capsulas-blandas-caja-60-und/p,31203,Exeltis,vtex_catalog_search,2026-06-08T00:46:42.669123+00:00,10,"/Vitaminas y Suplementos/Multivitamínicos/Fertilidad/ /Vitaminas y Suplementos/Multivitamínicos/ /Vitaminas y Suplementos/ /1/344/428/ /1/344/ /1/ Caja 60 und DE4966 Se recomienda tomar dos cápsulas blandas al día acompañadas de un vaso de agua. Puede tomarse con las comidas para facilitar su absorción y evitar molestias digestivas. Es importante seguir las indicaciones del profesional de salud y combinar el suplemento con una alimentación variada y un estilo de vida saludable. Este suplemento no debe considerarse un medicamento ni una solución única para condiciones de salud específicas. Las mujeres embarazadas o en periodo de lactancia deben consultar con su médico antes de utilizarlo. Mantener fuera del alcance de los niños y no exceder la dosis diaria recomendada. Presentación Registro Sanitario Modo de uso Precauciones y Contraindicaciones No Producto a Pedido 1 Presentación Registro Sanitario Modo de uso Precauciones y Contraindicaciones Producto a Pedido Stock Security Campos Auxiliares Highlight Stock Security Exelmyo Plus es un suplemento alimenticio enfocado en mujeres en edad fértil, que contiene myo-inositol, EPA/DHA, vitaminas, cromo y zinc, entre otros nutrientes. Su presentación en cápsulas blandas busca facilitar la incorporación diaria al estilo de vida, con el fin de complementar la nutrición de mujeres que desean cuidar su bienestar general y apoyar sus necesidades específicas de salud femenina.",vtex_spec_or_regex,true
Farmacia Universal,Ovusitol Fert Polvo para Solución Oral Sobres - Caja 14 und,Ovusitol Fert Polvo para Solución Oral Sobres 14 und Precio + Delivery Gratis,DE4733,102.06,PEN,available,https://www.farmaciauniversal.com/ovusitol-fert-polvo-para-solucion-oral-sobres-caja-14-und/p,29533,ITF Farmaceutica,vtex_catalog_search,2026-06-08T00:46:42.669664+00:00,100,"/Vitaminas y Suplementos/Multivitamínicos/Fertilidad/ /Vitaminas y Suplementos/Multivitamínicos/ /Vitaminas y Suplementos/ /1/344/428/ /1/344/ /1/ Caja 14 und Mioinositol 4000 mg, Ácido fólico 400 mcg, Vitamina D3 50 mcg, Óxido de Zinc 12 mg DE4733 Disolver el contenido de un sobre en un vaso de agua y consumir una vez al día, o según indicación médica. Este producto es un complemento alimenticio y no debe sustituir una dieta equilibrada. Consultar con un profesional de la salud antes de iniciar su consumo, especialmente en caso de embarazo, lactancia o si se están tomando otros suplementos o medicamentos. Mantener fuera del alcance de los niños. Presentación Principio Activo Registro Sanitario Modo de uso Precauciones y Contraindicaciones No Producto a Pedido 1 Presentación Principio Activo Registro Sanitario Modo de uso Precauciones y Contraindicaciones Producto a Pedido Stock Security Campos Auxiliares Highlight Stock Security Ovusitol Fert es un complemento alimenticio en polvo que combina mio-inositol, ácido fólico y otros nutrientes esenciales. Está formulado para apoyar la función ovárica y mejorar la calidad ovocitaria, siendo útil en mujeres que buscan optimizar su salud reproductiva y aumentar las probabilidades de concepción.",vtex_spec_or_regex,true
Farmacia Universal,Miositol Men Polvo para Solución Oral Sobres - Caja 14 und,Miositol Men Polvo para Solución Oral Sobres 14 und Precio + Delivery Gratis,DE4481,88.06,PEN,available,https://www.farmaciauniversal.com/miositol-men-polvo-para-solucion-oral-sobres-caja-14-und/p,30609,Lukoll,vtex_catalog_search,2026-06-08T00:46:42.669933+00:00,100,"/Vitaminas y Suplementos/Multivitamínicos/Fertilidad/ /Vitaminas y Suplementos/Multivitamínicos/ /Vitaminas y Suplementos/ /1/344/428/ /1/344/ /1/ Caja 14 und DE4481 Disolver un sobre en un vaso de agua (aprox. 200 ml) y tomar una vez al día, salvo indicación médica distinta. No superar la dosis diaria expresamente recomendada. Miositol® Men no debe utilizarse como sustituto de una dieta variada y equilibrada, y un estilo de vida saludable. Contiene proteínas de la leche. El consumo excesivo puede tener efectos laxantes. No administrar en menores de 18 años. No consumir si es alérgico a alguno de sus componentes. Mantener en lugar seco y fresco, fuera del alcance de los niños. Consulte a su médico antes de usar si está bajo tratamiento o tiene alguna condición de salud. Presentación Registro Sanitario Modo de uso Precauciones y Contraindicaciones No Producto a Pedido 1 Presentación Registro Sanitario Modo de uso Precauciones y Contraindicaciones Producto a Pedido Stock Security Campos Auxiliares Highlight Stock Security Miositol Men es un complemento alimenticio diseñado para ayudar en la salud reproductiva y metabólica de los hommbres. Su fórmula combina mio-inositol, ácido fólico, vitamina E, zinc, y selenio, nutrientes conocidos por su participación en funciones celulares y antioxidantes. Su presentación en sobres facilita una toma diaria cómoda y rápida.",vtex_spec_or_regex,true
Farmacia Universal,Miositol Fertile Polvo para Solución Oral Sobres - Caja 30 und,Miositol Fertile Polvo para Solución Oral Sobres 30 und Precio + Delivery Gratis,DE4329,90.00,PEN,available,https://www.farmaciauniversal.com/miositol-fertile-polvo-para-solucion-oral-sobres-caja-30-und/p,30608,Lukoll,vtex_catalog_search,2026-06-08T00:46:42.670756+00:00,10,"/Vitaminas y Suplementos/Multivitamínicos/Fertilidad/ /Vitaminas y Suplementos/Multivitamínicos/ /Vitaminas y Suplementos/ /1/344/428/ /1/344/ /1/ Caja 30 und DE4329 Disolver el contenido de un sobre en un vaso con agua (aprox. 200 ml) y tomar una vez al día, o según recomendación de un profesional de la salud. No superar la dosis diaria expresamente recomendada. Miositol® Fertile no debe utilizarse como sustituto de una dieta variada y equilibrada, y un estilo de vida saludable. Contiene proteínas de la leche. Mantener fuera del alcance de los niños. No administrar en menores de 18 años. Consultar con un profesional de salud si se encuentra embarazada, lactando o en tratamiento médico. Almacenar en lugar fresco y seco. Presentación Registro Sanitario Modo de uso Precauciones y Contraindicaciones No Producto a Pedido 1 Presentación Registro Sanitario Modo de uso Precauciones y Contraindicaciones Producto a Pedido Stock Security Campos Auxiliares Highlight Stock Security Miositol Fertile es un complemento alimenticio en polvo formulado con mio-inositol, ácido fólico, melatonina, vitamina D y otros nutrientes, desarrollado para complementar la dieta en mujeres que se encuentran en búsqueda de embarazo. Su contenido nutricional ha sido seleccionado porque ayuda en el equilibrio metabólico y reproductivo femenino. Presentado en sobres individuales, permite una preparación rápida y cómoda.",vtex_spec_or_regex,true
Farmacia Universal,Soma B12 250 mcg Tableta Sublingüal - Caja 100 und,Soma B12 250 mcg Tableta Sublingüal 100 und Precio + Delivery Gratis,DE4138,49.00,PEN,unavailable,https://www.farmaciauniversal.com/soma-b12-250-mcg-tableta-sublingual-caja-100-und/p,30182,Avanx,vtex_catalog_search,2026-06-08T00:46:43.229485+00:00,,"/Vitaminas y Suplementos/Vitaminas/Vitamina B/ /Vitaminas y Suplementos/Vitaminas/ /Vitaminas y Suplementos/ /1/343/346/ /1/343/ /1/ Caja 100 und Cianocobalamina 250 mcg DE4138 Evitar tomar si tiene hipersensibilidad a la vitamina B12, cobalto o alguno de los ingredientes. Presentación Principio Activo Registro Sanitario Precauciones y Contraindicaciones No Producto a Pedido 0 Presentación Principio Activo Registro Sanitario Precauciones y Contraindicaciones Producto a Pedido Stock Security Campos Auxiliares Highlight Stock Security Suplemento de Vitamina B12 250 mcg en tabletas sublingüales. Ayuda a mantener un correcto funcionamiento del Sistema Nervioso Central. Ayuda a prevenir el deterioro cognitivo progresivo.",vtex_spec_or_regex,true
Farmacia Universal,Vitagamma D3 2000 ui Tabletas - Caja 50 und,Vitagamma D3 2000 ui Tabletas 50 und Precio + Delivery Gratis,DE2554,80.50,PEN,unavailable,https://www.farmaciauniversal.com/vitagamma-d3-2000-ui-tabletas-caja-50-und/p,21976,Worwag Pharma,vtex_catalog_search,2026-06-08T00:46:43.229730+00:00,,"/Vitaminas y Suplementos/Vitaminas/Vitamina D/ /Vitaminas y Suplementos/Vitaminas/ /Vitaminas y Suplementos/ /1/343/348/ /1/343/ /1/ Caja 50 und DE2554 Adultos: 1 tableta interdiaria por vía oral. No exceda la dosis diaria recomendada para productos dietéticos. El suplemento dietético no debe ser usado como sustituto de una dieta variada, balanceada y un estilo de vida saludable. No administrar en caso de embarazo y lactancia, consulte con su médico. Presentación Registro Sanitario Modo de uso Precauciones y Contraindicaciones No Producto a Pedido 0 Presentación Registro Sanitario Modo de uso Precauciones y Contraindicaciones Producto a Pedido Stock Security Campos Auxiliares Highlight Stock Security La vitamina D es un nutriente esencial necesario para realizar una amplia gama de procesos en el cuerpo como la absorción y utilización de los minerales calcio, fósforo y el nivel normal de calcio en la sangre asi como la función saludable del sistema inmune. Composición: Colecalciferol 2000 UI.",vtex_spec_or_regex,true
Farmacia Universal,Previne D Fort Tabletas - Caja 30 und,Previne D Fort Tabletas 30 und Precio + Delivery Gratis,DE1279,53.70,PEN,unavailable,https://www.farmaciauniversal.com/previne-d-fort-tabletas-caja-30-und/p,8752,Unimed,vtex_catalog_search,2026-06-08T00:46:43.229923+00:00,,/Vitaminas y Suplementos/Minerales y Otros/Calcio/ /Vitaminas y Suplementos/Minerales y Otros/ /Vitaminas y Suplementos/ /1/10/16/ /1/10/ /1/ Caja 30 und DE1279 Administración vía oral. Leer el inserto adjunto al producto. Presentación Registro Sanitario Modo de uso Precauciones y Contraindicaciones No Producto a Pedido 0 Presentación Registro Sanitario Modo de uso Precauciones y Contraindicaciones Producto a Pedido Stock Security Campos Auxiliares Highlight Stock Security Composición: Citrato de Calcio 1500 mg + Vitamina D 300 u.i.,vtex_spec_or_regex,true
Farmacia Universal,Berocca Perfomance Comprimidos Efervescentes - Tubo 10 und,Berocca Perfomance Comprimidos Efervescentes 10 und Precio + Delivery Gratis,DE3684,30.01,PEN,unavailable,https://www.farmaciauniversal.com/berocca-perfomance-comprimidos-efervescentes-tubo-10-und/p,27900,Berocca,vtex_catalog_search,2026-06-08T00:46:43.230136+00:00,,"/Vitaminas y Suplementos/Multivitamínicos/Adultos/ /Vitaminas y Suplementos/Multivitamínicos/ /Vitaminas y Suplementos/ /1/344/350/ /1/344/ /1/ Tubo 10 und DE3684 Diluir un comprimido en un vaso con agua e ingerir una vez haya culminado la efervescencia, una vez al día. La orina se torna amarillenta por el contenido de Riboflavina. No es sustituto de una dieta equilibrada. No exceda la dosis recomendada. Presentación Registro Sanitario Modo de uso Precauciones y Contraindicaciones No Producto a Pedido 1 Presentación Registro Sanitario Modo de uso Precauciones y Contraindicaciones Producto a Pedido Stock Security Campos Auxiliares Highlight Stock Security Berocca contiene vitaminas del Complejo B, vitamina C, Calcio, Magnesio y Zinc que ayudan al rendimiento mental, físico y y buen funcionamiento del sistema nervioso. Suplementa los requerimientos diarios de nutrientes.",vtex_spec_or_regex,true
Farmacia Universal,Neuroaliv 5000 Cápsulas Blandas - Blíster 5 und,Neuroaliv 5000 Cápsulas Blandas 5 und Precio + Delivery Gratis,DE4944,14.00,PEN,unavailable,https://www.farmaciauniversal.com/neuroaliv-5000-capsulas-blandas-caja-60-und/p,30404,Intipharma,vtex_catalog_search,2026-06-08T00:46:43.230411+00:00,,"/Medicinas/Sistema Nervioso/Vitaminas Neuroprotectoras/ /Medicinas/Sistema Nervioso/ /Medicinas/ /2/416/432/ /2/416/ /2/ Blíster 5 und Tiamina, Vitanima B1, Piridoxina, Vitamina B6, Cianocobalamina, Vitamina B12 DE4944 Tomar una cápsula al día, preferiblemente con una comida. No exceder la dosis diaria recomendada, salvo indicación médica. Neuroaliv, vitaminas B, vitamina B1, vitamina B6, vitamina B12, complejo B, sistema nervioso, energía, fatiga, cápsulas blandas, suplemento nutricional, Intipharma, salud neuromuscular, metabolismo energético, B12 alta dosis, vitamina para el cansancio, apoyo neurológico, deficiencia vitamínica, suplemento para adultos, dieta insuficiente, suplemento para estudiantes. Presentación Principio Activo Registro Sanitario Modo de uso Precauciones y Contraindicaciones No No No Producto a Pedido Requiere receta médica Requiere refrigeración 1 Presentación Principio Activo Registro Sanitario Modo de uso Precauciones y Contraindicaciones Producto a Pedido Requiere receta médica Requiere refrigeración Stock Security Campos Auxiliares Highlight Stock Security Neuroaliv 5000 es un suplemento en cápsulas blandas que combina vitaminas del complejo B, como B1, B6 y B12. Estas vitaminas participan en funciones clave del organismo, incluyendo el metabolismo energético y el mantenimiento del sistema nervioso. Su formulación puede contribuir a cubrir los requerimientos diarios en situaciones donde exista una dieta deficiente o una mayor demanda nutricional.",vtex_spec_or_regex,true
Farmacia Universal,Alkalos A 2 439 mg + 50 mcg Polvo Oral Sabor Manzana - Caja 30 und,Alkalos A 2 439 mg + 50 mcg Polvo Oral Sabor Manzana 30 und Precio + Delivery Gratis,DE4414,84.90,PEN,unavailable,https://www.farmaciauniversal.com/alkalos-a-2-439-mg-50-mcg-polvo-oral-sabor-manzana-caja-30-und/p,31837,LAT Pharma,vtex_catalog_search,2026-06-08T00:46:43.233218+00:00,,"/Vitaminas y Suplementos/Minerales y Otros/Calcio/ /Vitaminas y Suplementos/Minerales y Otros/ /Vitaminas y Suplementos/ /1/10/16/ /1/10/ /1/ Caja 30 und Citrato de Calcio 2 439 mg, Vitamina D3 50 mcg DE4414 En adultos se recomienda consumir un sobre al día, a menos que el médico indique lo contrario. El contenido del sobre debe verterse en un vaso con agua y tomarse durante o después de las comidas. No exceder la dosis recomendada. Mantener fuera del alcance de los niños. Los productos dietéticos no deben utilizarse como sustituto de una dieta equilibrada. Conservar a una temperatura no mayor de 30°C y evitar la exposición directa al sol. Presentación Principio Activo Registro Sanitario Modo de uso Precauciones y Contraindicaciones No Producto a Pedido 0 Presentación Principio Activo Registro Sanitario Modo de uso Precauciones y Contraindicaciones Producto a Pedido Stock Security Campos Auxiliares Highlight Stock Security Alkalos A es un suplemento dietético que combina citrato de calcio y vitamina D3, dos nutrientes que participan en el mantenimiento de la estructura ósea y en el metabolismo del calcio en el organismo. Puede utilizarse como complemento de la alimentación diaria en adultos cuando se busca reforzar el aporte de estos nutrientes dentro de una dieta equilibrada y un estilo de vida saludable.",vtex_spec_or_regex,true
Farmacia Universal,Nutrigel Advance Polvo para Solución Oral Sabor Mandarina - Caja 30 und,Nutrigel Advance Polvo para Solución Oral Sabor Mandarina 30 und Precio + Delivery Gratis,DE2551,159.90,PEN,unavailable,https://www.farmaciauniversal.com/nutrigel-advance-polvo-para-solucion-oral-sabor-mandarina-caja-30-und/p,25051,Unimed,vtex_catalog_search,2026-06-08T00:46:43.234198+00:00,,"/Vitaminas y Suplementos/Minerales y Otros/Colágenos/ /Vitaminas y Suplementos/Minerales y Otros/ /Vitaminas y Suplementos/ /1/10/323/ /1/10/ /1/ Caja 30 und Colágeno hidrolizado 10 g, Vitamina C 500 mg, Vitamina D3 1000 UI DE2551 Se recomienda disolver el contenido de un sobre en un vaso con agua o una bebida sin gas, mezclando hasta su completa disolución. Debe consumirse una vez al día, preferentemente acompañado de una comida principal. No se debe exceder la dosis indicada, a menos que lo sugiera un profesional de la salud. Este producto no debe utilizarse como sustituto de una alimentación equilibrada. No está recomendado para mujeres embarazadas o en periodo de lactancia sin previa consulta médica. Se debe conservar fuera del alcance de los niños, en un lugar fresco, seco y protegido de la luz, evitando temperaturas superiores a 30°C. En caso de presentar sensibilidad a alguno de los componentes, se debe suspender su uso y acudir a un médico. Presentación Principio Activo Registro Sanitario Modo de uso Precauciones y Contraindicaciones No Producto a Pedido Mandarina Sabor 0 Presentación Principio Activo Registro Sanitario Modo de uso Precauciones y Contraindicaciones Producto a Pedido Sabor Stock Security Campos Auxiliares Highlight Filtros Stock Security Nutrigel Advance es un suplemento nutricional formulado con colágeno hidrolizado, vitamina C y vitamina D3, diseñado para apoyar la salud articular y ósea. Su presentación en polvo sabor mandarina facilita su consumo diario, contribuyendo a la regeneración del cartílago y al fortalecimiento del sistema inmunológico. Es ideal para personas que buscan mantener su movilidad y bienestar general.",vtex_spec_or_regex,true
Farmacia Universal,Diben Drink Sabor Frutos del Bosque - Pack 4 und (200 ml c/u),Diben Drink Frutos del Bosque 4 und (200 Precio + Delivery Gratis,DE3116,48.00,PEN,unavailable,https://www.farmaciauniversal.com/diben-drink-sabor-frutos-del-bosque-pack-4-und-200-ml-cu-ant/p,25753,Fresenius Kabi,vtex_catalog_search,2026-06-08T00:46:43.235206+00:00,,"/Vitaminas y Suplementos/Suplementos Nutricionales/Fórmulas Especializadas/ /Vitaminas y Suplementos/Suplementos Nutricionales/ /Vitaminas y Suplementos/ /1/12/29/ /1/12/ /1/ Pack 4 und (200 ml c/u) DE3116 Suplemento nutricional vía oral La nutrición enteral también se debe utilizar con precaución en el metabolismo deficiente de insuficiencia orgánica grave y la forma grave de mala asimilación. Usar con precaución en niños de 3 a 6 años. Presentación Registro Sanitario Modo de uso Precauciones y Contraindicaciones No Producto a Pedido Frutos del Bosque Sabor 1 Presentación Registro Sanitario Modo de uso Precauciones y Contraindicaciones Producto a Pedido Sabor Stock Security Campos Auxiliares Highlight Filtros Stock Security Soporte oral líquido para diabetico, nutricionalmente completo 1.5 kcal/ml, 15g proteinas/200ml, Sabor Frutos del Bosque.",vtex_spec_or_regex,true
Farmacia Universal,Drasanvi Colágeno Marino Magnesio Comprimidos - Frasco 180 und,Drasanvi Colágeno Marino Magnesio Comprimidos 180 und Precio + Delivery Gratis,DE4243,84.00,PEN,unavailable,https://www.farmaciauniversal.com/drasanvi-colageno-marino-magnesio-comprimidos-frasco-180-und/p,29693,Drasanvi,vtex_catalog_search,2026-06-08T00:46:43.236297+00:00,,"/Vitaminas y Suplementos/Minerales y Otros/Colágenos/ /Vitaminas y Suplementos/Minerales y Otros/ /Vitaminas y Suplementos/ /1/10/323/ /1/10/ /1/ Frasco 180 und DE4243 Tomar 6 comprimidos al día, repartidos entre el desayuno y la cena. Complemento alimenticio a base de colágeno, plantas, minerales y ácido hialurónico. Los complementos alimenticios no deben utilizarse como sustitutivos de una dieta equilibrada. No superar la dosis diaria expresamente recomendada. Mantener fuera del alcance de los niños más pequeños. Conservar en un lugar fresco y seco. Consumir siempre acompañado de agua Presentación Registro Sanitario Modo de uso Precauciones y Contraindicaciones No Producto a Pedido 1 Presentación Registro Sanitario Modo de uso Precauciones y Contraindicaciones Producto a Pedido Stock Security Campos Auxiliares Highlight Stock Security Los comprimidos de Collmar incorporan en su composición Colágeno Marino Hidrolizado enzimáticamente, Ácido Hialurónico, Magnesio, Calcio y Vitamina C. Gracias a la presencia de Vitamina C, Collmar® con Magnesio contribuye a la formación normal de Colágeno para el funcionamiento normal de cartílagos, huesos y piel.",vtex_spec_or_regex,true
Farmacia Universal,Pack x 20 Ensure Clinical Bebible Sabor Vainilla 220 ml c/u,Pack x 20 Ensure Clinical Bebible Sabor Vainilla 220 ml c/u Precio + Delivery Gratis,DE2360,222.70,PEN,unavailable,https://www.farmaciauniversal.com/pack-x-20-ensure-clinical-bebible-sabor-vainilla-220-ml-c-u-/p,99163,Ensure,vtex_catalog_search,2026-06-08T00:46:43.239328+00:00,,"/Vitaminas y Suplementos/Suplementos Nutricionales/Fórmulas Especializadas/ /Vitaminas y Suplementos/Suplementos Nutricionales/ /Vitaminas y Suplementos/ /1/12/29/ /1/12/ /1/ Pack Promocional DE2360 Listo para usar. Agítese bien antes de usar. Almacénese sin abrir a temperatura no mayor a 30°C. Una vez abierto el envase, cúbrase, refrigérese y úsese dentro de las primeras 24 horas. Dosis recomendada: Suspensión oral, 2 botellas por día Ensure® Clinical es una fuente de nutrición suplementaria. Puede ser utilizado por sonda, no como única fuente de nutrición, bajo supervisión médica. No se recomienda su uso en niños a menos que sea recomendado por un médico u otro profesional de la salud calificado. No para uso en personas con galactosemia. No superar la dosis recomendada. No debe utilizarse como sutituto de una dieta equilibrada. Venta sin receta médica. Mantengase fuera del alcance de los niños. Presentación Registro Sanitario Modo de uso Precauciones y Contraindicaciones No Producto a Pedido Presentación Registro Sanitario Modo de uso Precauciones y Contraindicaciones Producto a Pedido Campos Auxiliares Highlight Es una fuente de nutrición oral suplementaria completa y balanceada, alta en calorías, contiene FOS y 1.5 g de CaHMB (HMB 1.2 g). Cada porción contiene 20 g de proteína de alta calidad, 499 mg de calcio y 500 UI de Vitamina D para apoyar la salud muscular y de los huesos. -Ayuda a disminuir el catabolismo muscular por lo que se detiene la pérdida de masa muscular. -Promueve el crecimiento muscular, esencial para la recuperación nutricional y funcional del paciente. -Disminuye la tasa de mortalidad significativamente en pacientes, dentro de los 90 días del alta hospitalaria.",vtex_spec_or_regex,true
Farmacia Universal,Fortzink 10 mg/ml Gotas Solución Oral Sabor Vainilla - Frasco 30 ml,Fortzink 10 mg/ml Gotas Solución Oral Sabor Vainilla 30 ml Precio + Delivery Gratis,DE1878,38.19,PEN,unavailable,https://www.farmaciauniversal.com/fortzink-10-mg-ml-gotas-solucion-oral-sabor-vainilla-frasco-30-ml/p,8736,Unimed,vtex_catalog_search,2026-06-08T00:46:43.558027+00:00,,"/Vitaminas y Suplementos/Minerales y Otros/Zinc/ /Vitaminas y Suplementos/Minerales y Otros/ /Vitaminas y Suplementos/ /1/10/17/ /1/10/ /1/ Frasco 30 ml Sulfato de zinc 10 mg/ml DE1878 Niños mayores de 4 años y adultos, tomar 1 ml de solución oral una vez al día después de la comida. No administrar por un período mayor a 14 días. No usar en pacientes con enfermedades cardiovasculares o en tratamiento hipolipemiante. No superar la dosis diaria recomendada. No sustituye una alimentación equilibrada. En mujeres embarazadas, en periodo de lactancia y en niños, usar bajo supervisión médica. Mantener fuera del alcance de los niños. Presentación Principio Activo Registro Sanitario Modo de uso Precauciones y Contraindicaciones No Producto a Pedido Vainilla Sabor 0 Presentación Principio Activo Registro Sanitario Modo de uso Precauciones y Contraindicaciones Producto a Pedido Sabor Stock Security Campos Auxiliares Highlight Filtros Stock Security Fortzink 10 mg/ml es una solución oral en gotas con sulfato de zinc, diseñada para complementar la ingesta de este mineral en la alimentación diaria. Su presentación en formato líquido sabor vainilla facilita su administración en niños mayores de 4 años y adultos, integrándose en la rutina nutricional según indicación.",vtex_spec_or_regex,true
Farmacia Universal,Macuvit Suplemento Nutricional Cápsulas - Caja 60 und,Macuvit Suplemento Nutricional Cápsulas 60 und Precio + Delivery Gratis,DE2277,98.90,PEN,available,https://www.farmaciauniversal.com/macuvit-suplemento-nutricional-capsulas-caja-60-und/p,18278,Lansier,vtex_catalog_search,2026-06-08T00:46:43.966564+00:00,100,"/Vitaminas y Suplementos/Multivitamínicos/Oftálmicos/ /Vitaminas y Suplementos/Multivitamínicos/ /Vitaminas y Suplementos/ /1/344/356/ /1/344/ /1/ Caja 60 und DE2277 Consumir una cápsula diaria con los alimentos. Mantener fuera del alcance de los niños. Almacenar a temperatura ambiente no mayor de 30°C. Presentación Registro Sanitario Modo de uso Precauciones y Contraindicaciones No Producto a Pedido 1 Presentación Registro Sanitario Modo de uso Precauciones y Contraindicaciones Producto a Pedido Stock Security Campos Auxiliares Highlight Stock Security Contiene principios activos a base de vitaminas, EPA, DHA, minerales, luteína y zeaxantina.",vtex_spec_or_regex,true
Farmacia Universal,Dayamineral Jarabe - Frasco 240 ml,Dayamineral Jarabe 240 ml Precio + Delivery Gratis,DE0644,97.56,PEN,available,https://www.farmaciauniversal.com/dayamineral-jarabe-frasco-240-ml/p,10103,Abbott Pharma,vtex_catalog_search,2026-06-08T00:46:43.968682+00:00,10,"/Cuidado Infantil/Nutrición Infantil/Suplementos Infantiles/ /Cuidado Infantil/Nutrición Infantil/ /Cuidado Infantil/ /5/151/340/ /5/151/ /5/ Frasco 240 ml DE0644 Es importante no ingerir más medicación que la adecuada y es el médico el que deberá determinar el tiempo de medicación. Mantener este producto, como cualquier otro, fuera del alcance de los niños. ADVERTENCIAS: La sobredosificación del medicamento puede inducir cuadros de náuseas y vómitos continuos, somnolencia y debilidad que pueden sugerir un cuadro de hipercalcemia aguda. No superar la dosis diaria recomendada. Los productos dietéticos no deben usarse como sustitutos de una dieta equilibrada. Presentación Registro Sanitario Precauciones y Contraindicaciones No Producto a Pedido 1 Presentación Registro Sanitario Precauciones y Contraindicaciones Producto a Pedido Stock Security Campos Auxiliares Highlight Stock Security Vitaminas y minerales.",vtex_spec_or_regex,true
Farmacia Universal,Dayamineral Jarabe - Frasco 120 ml,Dayamineral Jarabe 120 ml Precio + Delivery Gratis,DE0644,61.40,PEN,available,https://www.farmaciauniversal.com/dayamineral-jarabe-frasco-120-ml/p,10102,Abbott Pharma,vtex_catalog_search,2026-06-08T00:46:43.968909+00:00,10,"/Cuidado Infantil/Nutrición Infantil/Suplementos Infantiles/ /Cuidado Infantil/Nutrición Infantil/ /Cuidado Infantil/ /5/151/340/ /5/151/ /5/ Frasco 120 ml DE0644 Es importante no ingerir más medicación que la adecuada y es el médico el que deberá determinar el tiempo de medicación. Mantener este producto, como cualquier otro, fuera del alcance de los niños. ADVERTENCIAS: La sobredosificación del medicamento puede inducir cuadros de náuseas y vómitos continuos, somnolencia y debilidad que pueden sugerir un cuadro de hipercalcemia aguda. No superar la dosis diaria recomendada. Los productos dietéticos no deben usarse como sustitutos de una dieta equilibrada. Presentación Registro Sanitario Precauciones y Contraindicaciones No Producto a Pedido 0 Presentación Registro Sanitario Precauciones y Contraindicaciones Producto a Pedido Stock Security Campos Auxiliares Highlight Stock Security Vitaminas y minerales.",vtex_spec_or_regex,true
Farmacia Universal,Astyfer en Jarabe - Frasco 200 ml,Astyfer en Jarabe 200 ml Precio + Delivery Gratis,DE2273,53.50,PEN,available,https://www.farmaciauniversal.com/astyfer-en-jarabe-frasco-200-ml/p,30184,Avanx,vtex_catalog_search,2026-06-08T00:46:43.969112+00:00,1,"/Vitaminas y Suplementos/Minerales y Otros/Hierro/ /Vitaminas y Suplementos/Minerales y Otros/ /Vitaminas y Suplementos/ /1/10/18/ /1/10/ /1/ Frasco 200 ml DE2273 Complemento nutricional, eficaz en el tratamiento de la anemia ademas que sirve como suplemento vitamínico por sus componentes. Evitar tomar si tiene hipersensibilidad a la melatonina o alguno de los ingredientes Presentación Registro Sanitario Modo de uso Precauciones y Contraindicaciones No Producto a Pedido 0 Presentación Registro Sanitario Modo de uso Precauciones y Contraindicaciones Producto a Pedido Stock Security Campos Auxiliares Highlight Stock Security Hierro, aminoacidos,complejo B y Vitamina C",vtex_spec_or_regex,true
Farmacia Universal,Neurobion 5000 Tabletas Recubiertas - Blíster 10 und,Neurobion 5000 Tabletas Recubiertas 10 und Precio + Delivery Gratis,DE4289,38.30,PEN,available,https://www.farmaciauniversal.com/neurobion-5000-tabletas-recubiertas-blister-10-und/p,29540,Neurobion,vtex_catalog_search,2026-06-08T00:46:43.969373+00:00,100,"/Medicinas/Sistema Nervioso/Vitaminas Neuroprotectoras/ /Medicinas/Sistema Nervioso/ /Medicinas/ /2/416/432/ /2/416/ /2/ Blíster 10 und DE4289 Adultos mayores de 18 años deben tomar una tableta al día sin masticar, con una pequeña cantidad de líquido y después de las comidas. No superar la dosis diaria recomendada. No consumir durante el embarazo ni la lactancia. Este producto contiene lactosa, por lo que se recomienda precaución en caso de intolerancia. No utilizar en caso de hipersensibilidad a alguno de sus componentes. Mantener fuera del alcance de los niños. Este suplemento dietario no reemplaza una alimentación equilibrada. Conservar a una temperatura no mayor a 30 °C. Presentación Registro Sanitario Modo de uso Precauciones y Contraindicaciones No No No Producto a Pedido Requiere receta médica Requiere refrigeración 2 Presentación Registro Sanitario Modo de uso Precauciones y Contraindicaciones Producto a Pedido Requiere receta médica Requiere refrigeración Stock Security Campos Auxiliares Highlight Stock Security Neurobion 5000 es un suplemento dietario, ayuda a mantener niveles saludables de las vitaminas B1, B6 y B12. La vitamina B12 contribuye a la formación normal de glóbulos rojos y al metabolismo energético. También favorece la salud del sistema nervioso y ayuda a reducir el cansancio y la fatiga.",vtex_spec_or_regex,true
Farmacia Universal,Maddre DHA Cápsulas - Frasco 30 und,Maddre DHA Cápsulas 30 und Precio + Delivery Gratis,DE2482,50.00,PEN,available,https://www.farmaciauniversal.com/maddre-dha-capsulas-frasco-30-und/p,20766,Maddre,vtex_catalog_search,2026-06-08T00:46:43.969875+00:00,10,"/Vitaminas y Suplementos/Multivitamínicos/Gestantes/ /Vitaminas y Suplementos/Multivitamínicos/ /Vitaminas y Suplementos/ /1/344/360/ /1/344/ /1/ Frasco 30 und DE2482 Vía oral, 1 tableta al día. Tomar de acuerdo con la dosis sugerida o según prescripción médica. Presentación Registro Sanitario Modo de uso Precauciones y Contraindicaciones No Producto a Pedido 1 Presentación Registro Sanitario Modo de uso Precauciones y Contraindicaciones Producto a Pedido Stock Security Campos Auxiliares Highlight Stock Security Indicado en la prevención y el tratamiento de las deficiencias de vitaminas y minerales durante la gestación y lactancia.",vtex_spec_or_regex,true
Farmacia Universal,Oramin F Cápsulas Blandas - Caja 30 und,Oramin F Cápsulas Blandas 30 und Precio + Delivery Gratis,DE2006,39.30,PEN,available,https://www.farmaciauniversal.com/oramin-f-capsulas-blandas-caja-30-und/p,2861,Dropesac,vtex_catalog_search,2026-06-08T00:46:43.975908+00:00,100,"/Vitaminas y Suplementos/Multivitamínicos/Adultos/ /Vitaminas y Suplementos/Multivitamínicos/ /Vitaminas y Suplementos/ /1/344/350/ /1/344/ /1/ Caja 30 und DE2006 Tomar 1 cápsula al día después de los alimentos o según recomendación médica. No exceder la dosis diaria recomendada. Consultar con el médico en caso de embarazo, lactancia o tratamientos farmacológicos. No reemplaza una dieta balanceada. Mantener fuera del alcance de los niños. Presentación Registro Sanitario Modo de uso Precauciones y Contraindicaciones No Producto a Pedido 1 Presentación Registro Sanitario Modo de uso Precauciones y Contraindicaciones Producto a Pedido Stock Security Campos Auxiliares Highlight Stock Security Suplemento multivitamínico formulado con una combinación equilibrada de vitaminas, minerales y ginseng coreano, diseñado para aumentar la energía física y mental, reducir el cansancio y fortalecer el sistema inmunológico. Ideal para adultos con alta demanda de energía.",vtex_spec_or_regex,true
Farmacia Universal,Exelmyo Polvo para Suspensión Oral Sobres - Caja 30 und,Exelmyo Polvo para Suspensión Oral Sobres 30 und Precio + Delivery Gratis,DE4047,148.80,PEN,available,https://www.farmaciauniversal.com/exelmyo-polvo-para-suspension-oral-sobres-caja-30-und/p,28926,Exeltis,vtex_catalog_search,2026-06-08T00:46:43.977219+00:00,10,"/Vitaminas y Suplementos/Multivitamínicos/Fertilidad/ /Vitaminas y Suplementos/Multivitamínicos/ /Vitaminas y Suplementos/ /1/344/428/ /1/344/ /1/ Caja 30 und DE4047 Se recomienda tomar un sobre de Exelmyi al día, disolviendo su contenido en un vaso de agua antes de ingerirlo. Este producto no debe utilizarse como sustituto de una dieta variada y equilibrada ni de un estilo de vida saludable. No exceder la dosis diaria recomendada por el médico, considerando factores como peso y estado nutricional. Mantener fuera del alcance de los niños. Consumir antes de la fecha de caducidad indicada en el empaque. Almacenar a una temperatura no mayor a 30°C. Presentación Registro Sanitario Modo de uso Precauciones y Contraindicaciones No Producto a Pedido 1 Presentación Registro Sanitario Modo de uso Precauciones y Contraindicaciones Producto a Pedido Stock Security Campos Auxiliares Highlight Stock Security Exelmyo es un suplemento alimenticio formulado con vitaminas, minerales, ácido fólico y myo-inositol, diseñado para apoyar a mujeres en edad fértil que buscan mejorar sus posibilidades de embarazo.",vtex_spec_or_regex,true
Farmacia Universal,Fresubin 2 Kcal Drink Sabor Vainilla - Pack 4 und (200 ml c/u),Fresubin 2 Kcal Drink Vainilla 4 und (200 Precio + Delivery Gratis,DE3277,54.00,PEN,available,https://www.farmaciauniversal.com/fresubin-2-kcal-drink-sabor-vainilla-pack-4-und-200-ml-cu/p,26497,Fresenius Kabi,vtex_catalog_search,2026-06-08T00:46:43.977988+00:00,100,"/Vitaminas y Suplementos/Suplementos Nutricionales/Fórmulas Especializadas/ /Vitaminas y Suplementos/Suplementos Nutricionales/ /Vitaminas y Suplementos/ /1/12/29/ /1/12/ /1/ Pack 4 und (200 ml c/u) DE3277 Suplemento nutricional vía oral. Tomado con precaución en niños mayores de 6 años. Debe usarse con precaución en insuficiencia orgánica severa con el metabolismo deteriorado y formas graves de mala asimilación, Debe usarse bajo supervisión médica. Presentación Registro Sanitario Modo de uso Precauciones y Contraindicaciones No Producto a Pedido Vainilla Sabor 1 Presentación Registro Sanitario Modo de uso Precauciones y Contraindicaciones Producto a Pedido Sabor Stock Security Campos Auxiliares Highlight Filtros Stock Security Soporte oral líquido, nutricionalmente completo 2 kcal/ml, 20g proteinas/200ml con EPA-DHA, Sabor Vainilla.",vtex_spec_or_regex,true
Farmacia Universal,Nucleomax Comprimidos - Caja 30 und,Nucleomax Comprimidos 30 und Precio + Delivery Gratis,DE3604,258.00,PEN,available,https://www.farmaciauniversal.com/nucleomax-comprimidos-caja-30-und/p,30401,Grupo Ferrer,vtex_catalog_search,2026-06-08T00:46:44.383184+00:00,10,"/Vitaminas y Suplementos/Multivitamínicos/Adultos/ /Vitaminas y Suplementos/Multivitamínicos/ /Vitaminas y Suplementos/ /1/344/350/ /1/344/ /1/ Caja 30 und DE3604 Tomar 1 comprimido al día, preferentemente con una comida, o según recomendación del profesional de salud. Producto para adultos. No consumir en caso de hipersensibilidad a alguno de los componentes. Mantener fuera del alcance de los niños. Si estás embarazada, dando de lactar o llevas tratamiento médico, consulta con tu médico antes de consumirlo. Este producto no reemplaza una alimentación equilibrada. Presentación Registro Sanitario Modo de uso Precauciones y Contraindicaciones No Producto a Pedido 1 Presentación Registro Sanitario Modo de uso Precauciones y Contraindicaciones Producto a Pedido Stock Security Campos Auxiliares Highlight Stock Security Nucleomax es un suplemento en comprimidos que combina nucleótidos, vitaminas y minerales esenciales que contribuyen con el funcionamiento del sistema inmunológico, ayudando al cuerpo a mantenerse en equilibrio frente a situaciones de estrés físico o desgaste. Es una alternativa para quienes buscan fortalecer sus defensas de forma integral, especialmente en épocas de alta exigencia física o recuperación.",vtex_spec_or_regex,true
Farmacia Universal,Vitaced A Z + Lutein & Q10 Tabletas - Frasco 30 und,Vitaced A Z + Lutein & Q10 Tabletas 30 und Precio + Delivery Gratis,DE4234,49.90,PEN,available,https://www.farmaciauniversal.com/vitaced-a-z-lutein-y-q10-tabletas-frasco-30-und/p,28660,HI Universal,vtex_catalog_search,2026-06-08T00:46:44.383457+00:00,100,"/Vitaminas y Suplementos/Multivitamínicos/Adultos/ /Vitaminas y Suplementos/Multivitamínicos/ /Vitaminas y Suplementos/ /1/344/350/ /1/344/ /1/ Frasco 30 und DE4234 Tomar 1 tableta al día con abundante agua, de preferencia durante las comidas, o según las recomendaciones de su médico. Apto para adultos y niños mayores de 10 años. No exceda la dosis recomendada. Mantener fuera del alcance de los niños. No utilizar después de la fecha de caducidad impresa en caja. Presentación Registro Sanitario Modo de uso Precauciones y Contraindicaciones No Producto a Pedido 1 Presentación Registro Sanitario Modo de uso Precauciones y Contraindicaciones Producto a Pedido Stock Security Campos Auxiliares Highlight Stock Security Es un complemento multivitamínico que cuenta con 27 vitaminas, minerales, oligoelementos, luteína y Q10. Ayuda a reforzar el sistema inmune, aumenta los niveles de energía, alivia el estrés y mantiene las uñas, cabello y piel más saludables.",vtex_spec_or_regex,true
Farmacia Universal,Nature's Truth Fish Oil Natural 2000 mg Cápsulas Blandas - Frasco 250 und,Nature's Truth Fish Oil Natural 2000 mg Cápsulas Blandas 250 und Precio + Delivery Gratis,DE3792,179.91,PEN,available,https://www.farmaciauniversal.com/natures-truth-fish-oil-natural-2000-mg-capsulas-blandas-frasco-250-und/p,30957,Nature's Truth,vtex_catalog_search,2026-06-08T00:46:44.383796+00:00,10,"/Vitaminas y Suplementos/Minerales y Otros/Omega 3/ /Vitaminas y Suplementos/Minerales y Otros/ /Vitaminas y Suplementos/ /1/10/324/ /1/10/ /1/ Frasco 250 und Omega 3 600 mg DE3792 Ingerir dos cápsulas blandas al día, preferiblemente junto con las comidas o según indicación de un profesional de la salud Si estás embarazada, en período de lactancia, tomando algún medicamento o tienes alguna condición médica, consulta a tu médico antes de usar este producto. Suspende su uso y consulta a tu médico si ocurre alguna reacción adversa. Por favor, revisa la etiqueta del producto para conocer las advertencias completas. Presentación Principio Activo Registro Sanitario Modo de uso Precauciones y Contraindicaciones No Producto a Pedido Limón Sabor 1 Presentación Principio Activo Registro Sanitario Modo de uso Precauciones y Contraindicaciones Producto a Pedido Sabor Stock Security Campos Auxiliares Highlight Filtros Stock Security Contiene Omega-3, EPA y DHA de origen natural. El aceite de pescado de Nature’s Truth proporciona ácidos grasos que pueden ser beneficiosos para la salud cardiovascular. Cada cápsula blanda aporta 1000 mg de aceite de pescado y 300 mg de Omega-3. Las cápsulas blandas, purificadas para reducir el contenido de mercurio y otros metales pesados, tienen un sabor natural a limón que puede ayudar a disminuir los eructos asociados al consumo de aceite de pescado.",vtex_spec_or_regex,true
Farmacia Universal,Centrum Adulto Comprimidos Recubiertos - Frasco 30 und,Centrum Adulto Comprimidos Recubiertos 30 und Precio + Delivery Gratis,DE4464,41.40,PEN,available,https://www.farmaciauniversal.com/centrum-adulto-comprimidos-recubiertos-frasco-30-und/p,29578,Centrum,vtex_catalog_search,2026-06-08T00:46:44.384397+00:00,100,"/Vitaminas y Suplementos/Multivitamínicos/Adultos/ /Vitaminas y Suplementos/Multivitamínicos/ /Vitaminas y Suplementos/ /1/344/350/ /1/344/ /1/ Frasco 30 und DE4464 Adultos mayores de 18 años, tome un comprimido al día, preferiblemente con los alimentos. Consumir máximo un comprimido al día. Este suplemento no debe ser utilizado por menores de 18 años, mujeres embarazadas o en período de lactancia sin la supervisión de un profesional de la salud. Además, se debe tener precaución en personas con condiciones médicas como hipercalcemia, insuficiencia renal o hepática grave, y en aquellos que estén tomando otros suplementos que puedan contener los mismos ingredientes. Como cualquier suplemento, si se encuentra embarazada o en periodo de lactancia, contactar a su médico antes de consumirlo. Presentación Registro Sanitario Modo de uso Precauciones y Contraindicaciones No Producto a Pedido 1 Presentación Registro Sanitario Modo de uso Precauciones y Contraindicaciones Producto a Pedido Stock Security Campos Auxiliares Highlight Stock Security Centrum Adulto es un suplemento multivitamínico y multimineral formulado para adultos a partir de los 18 años. Contiene 24 nutrientes esenciales, incluyendo 13 vitaminas y 11 minerales, que ayudan a complementar la dieta diaria cuando la ingesta de estos nutrientes es insuficiente. Su fórmula está diseñada para apoyar funciones clave del organismo como el sistema inmunológico, la producción de energía, el metabolismo y la protección celular frente al daño oxidativo.",vtex_spec_or_regex,true
Farmacia Universal,Infanzia Infabiotix Solución Oral - Frasco 7.5 ml,Infanzia Infabiotix Solución Oral 7.5 ml Precio + Delivery Gratis,DE3590,75.80,PEN,available,https://www.farmaciauniversal.com/infanzia-infabiotix-solucion-oral-frasco-75-ml/p,28192,Infanzia,vtex_catalog_search,2026-06-08T00:46:44.384693+00:00,10,"/Cuidado Infantil/Nutrición Infantil/Suplementos Infantiles/ /Cuidado Infantil/Nutrición Infantil/ /Cuidado Infantil/ /5/151/340/ /5/151/ /5/ Frasco 7.5 ml DE3590 De 0 a 2 años: 5 gotas al día directamente en la boca del bebe o con alimento. Mantener fuera del alcance de los niños. No superar la dosis diaria expresamente recomendada para productos dietéticos. Consumir ante de la fecha de vencimiento indicada en el envase. Usar el producto luego de abrirlo dentro de los 3 meses. Presentación Registro Sanitario Modo de uso Precauciones y Contraindicaciones No Producto a Pedido Frasco 7.5 ml Presentaciones 1 Presentación Registro Sanitario Modo de uso Precauciones y Contraindicaciones Producto a Pedido Presentaciones Stock Security Campos Auxiliares Highlight Filtros Stock Security Suspensión oral gotas 7.5 ml, posee una fórmula única con la combinación de dos probióticos de amplio espectro L. Rhamnosus GG 125 millones UFC L. Reuteri (12246) 125 millones UFC, un prebiótico FOS y Vitamina D3 400 UI, fortalece el sistema inmune en los bebés de 0 a 24 meses, en trastornos gastrointestinales, diarreas, cólicos y dermatitis atópica. Fabricado por Bio-Care Dinamarca. Composición: Por dosis contiene Lactobacillus Reuteri 2.5 mg, Lactobacillus Rhamnosus 2.5 mg, Colecalciferol 400 mcg.",vtex_spec_or_regex,true
Farmacia Universal,Macuvit G Cápsulas Blandas - Caja 30 und,Macuvit G Cápsulas Blandas 30 und Precio + Delivery Gratis,DE4762,99.90,PEN,available,https://www.farmaciauniversal.com/macuvit-g-capsulas-blandas-caja-3-und/p,30204,Lansier,vtex_catalog_search,2026-06-08T00:46:44.386556+00:00,10,"/Vitaminas y Suplementos/Multivitamínicos/Oftálmicos/ /Vitaminas y Suplementos/Multivitamínicos/ /Vitaminas y Suplementos/ /1/344/356/ /1/344/ /1/ Caja 30 und DE4762 Tomar una cápsula al día junto con una comida o según indicación médica. Ingerir con agua, sin masticar. Este producto no reemplaza una alimentación balanceada ni un tratamiento médico. No exceder la dosis diaria recomendada. Conservar en un lugar fresco y fuera del alcance de los niños. Presentación Registro Sanitario Modo de uso Precauciones y Contraindicaciones No Producto a Pedido Presentación Registro Sanitario Modo de uso Precauciones y Contraindicaciones Producto a Pedido Campos Auxiliares Highlight Macuvit G es un complemento nutricional formulado con vitaminas, minerales y antioxidantes que contribuyen al mantenimiento de la salud visual. Está pensado como apoyo nutricional para personas que buscan cuidar la función ocular y proteger sus ojos frente al estrés oxidativo asociado al envejecimiento o al uso constante de pantallas.",vtex_spec_or_regex,true
Farmacia Universal,Cheltin Folic 150 mg + 600 mcg Comprimidos Recubiertos - Caja 30 und,Cheltin Folic 150 mg + 600 mcg Comprimidos Recubiertos 30 und Precio + Delivery Gratis,DE3092,53.10,PEN,available,https://www.farmaciauniversal.com/cheltin-folic-150-mg-600-mcg-comprimidos-recubiertos-caja-30-und/p,1237,Megalabs,vtex_catalog_search,2026-06-08T00:46:44.386813+00:00,10,"/Vitaminas y Suplementos/Minerales y Otros/Hierro/ /Vitaminas y Suplementos/Minerales y Otros/ /Vitaminas y Suplementos/ /1/10/18/ /1/10/ /1/ Caja 30 und Hierro Glicinato Quelato 150 mg, Ácido Fólico 6000 mcg DE3092 Administrar por vía oral según la dosis y frecuencia recomendadas por el profesional de la salud. Los comprimidos deben ingerirse con agua, preferentemente siguiendo las indicaciones médicas. No exceder la dosis recomendada. No sustituye una alimentación equilibrada ni tratamientos médicos. En caso de embarazo, lactancia o condiciones médicas preexistentes, consultar con un profesional de la salud antes de su consumo. Presentación Principio Activo Registro Sanitario Modo de uso Precauciones y Contraindicaciones No Producto a Pedido 1 Presentación Principio Activo Registro Sanitario Modo de uso Precauciones y Contraindicaciones Producto a Pedido Stock Security Campos Auxiliares Highlight Stock Security Cheltin Folic es un suplemento nutricional que combina hierro glicinato quelato y ácido fólico en comprimidos recubiertos, formulado para apoyar los requerimientos nutricionales de hierro y folatos. Su presentación facilita la administración y es utilizada como complemento dentro de planes nutricionales indicados por profesionales de la salud.",vtex_spec_or_regex,true
Farmacia Universal,Mason L Arginine 500 mg Cápsulas - Frasco 60 und,Mason L Arginine 500 mg Cápsulas 60 und Precio + Delivery Gratis,DE1055,66.90,PEN,available,https://www.farmaciauniversal.com/mason-l-arginine-500-mg-capsulas-frasco-60-und/p,5041,Mason Natural,vtex_catalog_search,2026-06-08T00:46:44.387040+00:00,10,"/Vitaminas y Suplementos/Multivitamínicos/Osteoarticulares/ /Vitaminas y Suplementos/Multivitamínicos/ /Vitaminas y Suplementos/ /1/344/354/ /1/344/ /1/ Frasco 60 und DE1055 2 cápsulas dos o tres veces al día, preferiblemente con el estomago vacío Puedes elevar el nivel de azúcar en la sangre. No exceder la dosis recomendada. Si toma medicamentos consulte con su médico. No debe utilizarse como sustituto de una dieta equilibrada. Presentación Registro Sanitario Modo de uso Precauciones y Contraindicaciones No Producto a Pedido 1 Presentación Registro Sanitario Modo de uso Precauciones y Contraindicaciones Producto a Pedido Stock Security Campos Auxiliares Highlight Stock Security Suplemento dietético. La L-Arginina está involucrada en la formación de proteínas, las que contribuyen a que aumente la masa muscular.",vtex_spec_or_regex,true
Farmacia Universal,Hidrolágeno Q10 Polvo para Solución Oral Sobres - Caja 30 und,Hidrolágeno Q10 Polvo para Solución Oral Sobres 30 und Precio + Delivery Gratis,DE2610,109.00,PEN,available,https://www.farmaciauniversal.com/hidrolageno-q10-polvo-para-solucion-oral-sobres-caja-30-und/p,21868,Garden House,vtex_catalog_search,2026-06-08T00:46:44.389035+00:00,10,"/Vitaminas y Suplementos/Minerales y Otros/Colágenos/ /Vitaminas y Suplementos/Minerales y Otros/ /Vitaminas y Suplementos/ /1/10/323/ /1/10/ /1/ Caja 30 und DE2610 Vierta el contenido de un sobre en un vaso y luego agregue aproximadamente de 100-200 ml de agua. Revolver y disolver. Su consumo no debe superar 1 sobre al día. No recomendable para menores de 15 años, en embarazo, ni lactancia.Contiene colorante tartrazina que puede producir reacciones alérgicas tipo angiodema, asma y shock anafiláctico. Presentación Registro Sanitario Modo de uso Precauciones y Contraindicaciones No Producto a Pedido 1 Presentación Registro Sanitario Modo de uso Precauciones y Contraindicaciones Producto a Pedido Stock Security Campos Auxiliares Highlight Stock Security Hidrolágeno Q10 es un suplemento alimenticio cuya formulación contiene antioxidantes, vitamina, Q10 y colageno hidrolizado. Estimula la formación de cólageno endógeno de huesos, articulaciones, cartílagos y piel.",vtex_spec_or_regex,true
Farmacia Universal,Centrum Silver Comprimidos Recubiertos - Frasco 30 und,Centrum Silver Comprimidos Recubiertos 30 und Precio + Delivery Gratis,DE4362,47.60,PEN,available,https://www.farmaciauniversal.com/centrum-silver-comprimidos-recubiertos-frasco-30-und/p,29580,Centrum,vtex_catalog_search,2026-06-08T00:46:44.390816+00:00,100,"/Vitaminas y Suplementos/Multivitamínicos/Adultos/ /Vitaminas y Suplementos/Multivitamínicos/ /Vitaminas y Suplementos/ /1/344/350/ /1/344/ /1/ Frasco 30 und DE4362 Tomar un comprimido recubierto al día, preferiblemente con los alimentos. No exceder la dosis diaria recomendada. No recomendado para menores de 8 años, mujeres embarazadas o en periodo de lactancia, salvo indicación médica. Este producto es un suplemento nutricional y no debe reemplazar una alimentación equilibrada. Mantener fuera del alcance de los niños. Presentación Registro Sanitario Modo de uso Precauciones y Contraindicaciones No Producto a Pedido 1 Presentación Registro Sanitario Modo de uso Precauciones y Contraindicaciones Producto a Pedido Stock Security Campos Auxiliares Highlight Stock Security Centrum Silver es un multivitamínico completo formulado para satisfacer las necesidades nutricionales de adultos mayores de 50 años. Contiene 24 vitaminas y minerales, incluyendo luteína, que contribuyen a mantener la energía, la salud visual y ósea, y ofrecen acción antioxidante.",vtex_spec_or_regex,true
Farmacia Universal,Mason Stress Formula B Complex con Antioxidantes y Zinc Tabletas - Frasco 60 und,Mason Stress Formula B Complex con Antioxidantes y Zinc Tabletas 60 und Precio + Delivery Gratis,DE0384,63.66,PEN,available,https://www.farmaciauniversal.com/mason-stress-formula-b-complex-con-antioxidantes-y-zinc-tabletas-frasco-60-und/p,5055,Mason Natural,vtex_catalog_search,2026-06-08T00:46:44.395141+00:00,100,/Vitaminas y Suplementos/Multivitamínicos/Relajantes/ /Vitaminas y Suplementos/Multivitamínicos/ /Vitaminas y Suplementos/ /1/344/351/ /1/344/ /1/ Frasco 60 und DE0384 Dosis: 1 Tableta al día No exceder la dosis diaria recomendada. Este producto no debe utilizarse como sustituto de una dieta equilibrada. Presentación Registro Sanitario Modo de uso Precauciones y Contraindicaciones No Producto a Pedido 1 Presentación Registro Sanitario Modo de uso Precauciones y Contraindicaciones Producto a Pedido Stock Security Campos Auxiliares Highlight Stock Security Multivitamínico que ayuda a disminuir el cansancio y la fatiga.,vtex_spec_or_regex,true
Farmacia Universal,Pilexil Cápsulas - Caja 50 und,Pilexil Cápsulas 50 und Precio + Delivery Gratis,DE1899,195.52,PEN,available,https://www.farmaciauniversal.com/pilexil-capsulas-caja-50-und/p,7991,Pilexil,vtex_catalog_search,2026-06-08T00:46:44.395388+00:00,10,"/Vitaminas y Suplementos/Multivitamínicos/Cabello y Uñas/ /Vitaminas y Suplementos/Multivitamínicos/ /Vitaminas y Suplementos/ /1/344/357/ /1/344/ /1/ Caja 50 und DE1899 Tomar una o dos cápsulas de Pilexil al día (no superando la ingesta diaria de dos)de , durante un periodo de 2 a 3 meses. No superar la dosis diaria recomendada. Este complemento no debe utilizarse como sustituto de una dieta variada y equilibrada. Mantener fuera del alcance de los niños. Presentación Registro Sanitario Modo de uso Precauciones y Contraindicaciones No Producto a Pedido 2 Presentación Registro Sanitario Modo de uso Precauciones y Contraindicaciones Producto a Pedido Stock Security Campos Auxiliares Highlight Stock Security Pilexil Anticaída Cápsulas es un complemento alimenticio de reconocida eficacia porque incluye en su composición los principios activos más necesarios en situaciones de caída del cabello. Está recomendado, tanto para hombres como para mujeres, en todas aquellas situaciones en las que existe una caída excesiva del cabello, tales como aportes desequilibrados de nutrientes esenciales (menstruaciones abundantes, regímenes de adelgazamiento, o hábitos inadecuados, etc), déficits alimenticios o épocas de estrés tanto físico como psiquico.",vtex_spec_or_regex,true
Farmacia Universal,Fortzink 20 mg Cápsulas Blandas - Caja 20 und,Fortzink 20 mg Cápsulas Blandas 20 und Precio + Delivery Gratis,DE1858,42.96,PEN,available,https://www.farmaciauniversal.com/fortzink-20-mg-capsulas-blandas-caja-20-und/p,8735,Unimed,vtex_catalog_search,2026-06-08T00:46:44.946583+00:00,10,"/Vitaminas y Suplementos/Minerales y Otros/Zinc/ /Vitaminas y Suplementos/Minerales y Otros/ /Vitaminas y Suplementos/ /1/10/17/ /1/10/ /1/ Caja 20 und Zinc 20 mg DE1858 Tomar por vía oral la dosis indicada en el envase o según recomendación de un profesional de la salud. Consumir con agua, preferentemente junto a las comidas. No exceder la dosis diaria recomendada. Este producto no sustituye una alimentación balanceada. En caso de embarazo, lactancia o consumo de otros suplementos, consultar previamente con un profesional de la salud. Mantener fuera del alcance de los niños. Presentación Principio Activo Registro Sanitario Modo de uso Precauciones y Contraindicaciones No Producto a Pedido 1 Presentación Principio Activo Registro Sanitario Modo de uso Precauciones y Contraindicaciones Producto a Pedido Stock Security Campos Auxiliares Highlight Stock Security Fortzink 20 mg es un suplemento alimenticio que está indicado para ayudar en la prevención o tratamiento de deficiencias de zinc, tanto en niños como en adultos. Su uso puede ser útil cuando la alimentación diaria no aporta la cantidad suficiente de este mineral esencial para el funcionamiento del sistema inmunológico. Debe ser consumido según indicación médica o nutricional.",vtex_spec_or_regex,true
Farmacia Universal,Baldexil Comprimidos Bucodispersables - Caja 30 und,Baldexil Comprimidos Bucodispersables 30 und Precio + Delivery Gratis,DE2033,120.00,PEN,available,https://www.farmaciauniversal.com/baldexil-comprimidos-bucodispersables-caja-30-und/p,19974,Vitalyv,vtex_catalog_search,2026-06-08T00:46:44.949141+00:00,10,"/Vitaminas y Suplementos/Multivitamínicos/Cabello y Uñas/ /Vitaminas y Suplementos/Multivitamínicos/ /Vitaminas y Suplementos/ /1/344/357/ /1/344/ /1/ Caja 30 und DE2033 Colocar un comprimido sobre la lengua y dejar disolver completamente, sin necesidad de agua. Tomar una vez al día, salvo indicación diferente de su médico o nutricionista. Este producto es un complemento alimenticio, no un medicamento. No sustituye una alimentación balanceada ni el tratamiento médico en casos de caída severa del cabello. No usar en menores de edad ni durante el embarazo o lactancia sin supervisión médica. Conservar en un lugar fresco y seco. Presentación Registro Sanitario Modo de uso Precauciones y Contraindicaciones No Producto a Pedido 1 Presentación Registro Sanitario Modo de uso Precauciones y Contraindicaciones Producto a Pedido Stock Security Campos Auxiliares Highlight Stock Security Baldexil es un complemento alimenticio en formato de comprimido bucodispersable, práctico y fácil de tomar. Está formulado con nutrientes que contribuyen al fortalecimiento del cabello y las uñas, y puede ser un aliado para personas que experimentan caída capilar o fragilidad en las uñas. Su presentación permite una absorción rápida, ideal para rutinas dinámicas o para quienes tienen dificultad para tragar pastillas convencionales.",vtex_spec_or_regex,true
Farmacia Universal,Multicharge Heart Cápsulas Blandas - Caja 30 und,Multicharge Heart Cápsulas Blandas 30 und Precio + Delivery Gratis,DE2387,79.80,PEN,available,https://www.farmaciauniversal.com/multicharge-heart-capsulas-blandas-caja-30-und/p,29902,Ipca,vtex_catalog_search,2026-06-08T00:46:44.950214+00:00,10,"/Vitaminas y Suplementos/Multivitamínicos/Cardiovasculares/ /Vitaminas y Suplementos/Multivitamínicos/ /Vitaminas y Suplementos/ /1/344/355/ /1/344/ /1/ Caja 30 und Omega 3, DHA, EPA DE2387 Consumir por vía oral según las indicaciones del envase o la recomendación de un profesional de la salud. Puede tomarse junto con los alimentos para una mejor tolerancia. No sustituye una alimentación balanceada. No exceder la dosis recomendada. Consultar con un profesional de la salud en caso de embarazo, lactancia o uso de anticoagulantes. Presentación Principio Activo Registro Sanitario Modo de uso Precauciones y Contraindicaciones No Producto a Pedido 0 Presentación Principio Activo Registro Sanitario Modo de uso Precauciones y Contraindicaciones Producto a Pedido Stock Security Campos Auxiliares Highlight Stock Security Multicharge Heart es un suplemento alimenticio en cápsulas blandas que contiene Omega 3 (DHA y EPA), componentes comúnmente asociados al cuidado del sistema cardiovascular como parte de un estilo de vida saludable. Está pensado para complementar la alimentación diaria en personas que buscan apoyar su ingesta de ácidos grasos esenciales.",vtex_spec_or_regex,true
Farmacia Universal,Soma ZN 30 mg Tabletas - Caja 30 und,Soma ZN 30 mg Tabletas 30 und Precio + Delivery Gratis,DE4446,24.90,PEN,available,https://www.farmaciauniversal.com/soma-zn-30-mg-tabletas-caja-30-und/p,32113,Avanx,vtex_catalog_search,2026-06-08T00:46:44.953395+00:00,1,"/Vitaminas y Suplementos/Minerales y Otros/Zinc/ /Vitaminas y Suplementos/Minerales y Otros/ /Vitaminas y Suplementos/ /1/10/17/ /1/10/ /1/ Caja 30 und Sulfato de Zinc 30 mg DE4446 Administrar por vía oral según indicaciones del envase o recomendación de un profesional de la salud. No exceder la dosis diaria sugerida. No sustituye una dieta balanceada. El consumo excesivo de zinc puede generar efectos adversos. En caso de embarazo, lactancia o tratamiento médico, consultar previamente con un profesional de la salud. Mantener fuera del alcance de los niños. Presentación Principio Activo Registro Sanitario Modo de uso Precauciones y Contraindicaciones No Producto a Pedido 0 Presentación Principio Activo Registro Sanitario Modo de uso Precauciones y Contraindicaciones Producto a Pedido Stock Security Campos Auxiliares Highlight Stock Security Soma ZN 30 mg es un suplemento mineral que contiene zinc en forma de sulfato, utilizado para complementar la ingesta diaria de este micronutriente cuando la dieta no cubre los requerimientos individuales. El zinc participa en múltiples funciones del organismo, por lo que su suplementación puede formar parte de un plan nutricional equilibrado",vtex_spec_or_regex,true
Farmacia Universal,Nature's Truth Fish Oil Natural 2000 mg Cápsulas Blandas - Frasco 60 und,Nature's Truth Fish Oil Natural 2000 mg Cápsulas Blandas 60 und Precio + Delivery Gratis,DE3792,69.90,PEN,available,https://www.farmaciauniversal.com/natures-truth-fish-oil-natural-2000-mg-capsulas-blandas-frasco-60-und/p,30956,Nature's Truth,vtex_catalog_search,2026-06-08T00:46:45.653394+00:00,10,"/Vitaminas y Suplementos/Minerales y Otros/Omega 3/ /Vitaminas y Suplementos/Minerales y Otros/ /Vitaminas y Suplementos/ /1/10/324/ /1/10/ /1/ Frasco 60 und Omega 3 600 mg, Aceite de Pescado 1000 mg DE3792 Para adultos, tomar dos cápsulas blandas dos veces al día, preferiblemente con las comidas No exceder la dosis diaria recomendada. Este producto no reemplaza una alimentación balanceada. En caso de embarazo, lactancia o consumo de anticoagulantes, consultar previamente con un profesional de la salud. Mantener fuera del alcance de los niños. Presentación Principio Activo Registro Sanitario Modo de uso Precauciones y Contraindicaciones No Producto a Pedido 0 Presentación Principio Activo Registro Sanitario Modo de uso Precauciones y Contraindicaciones Producto a Pedido Stock Security Campos Auxiliares Highlight Stock Security Nature's Truth Fish Oil Natural 2000 mg es un suplemento alimenticio en cápsulas blandas formulado con aceite de pescado y omega 3, diseñado para complementar la ingesta diaria de ácidos grasos esenciales. Está orientado a personas que buscan apoyo nutricional como parte de una alimentación equilibrada y un estilo de vida saludable.",vtex_spec_or_regex,true
Farmacia Universal,Selbio K30 Suplemento Dietario Cápsulas - Frasco 30 und,Selbio K30 Suplemento Dietario Cápsulas 30 und Precio + Delivery Gratis,DE3063,85.00,PEN,unavailable,https://www.farmaciauniversal.com/selbio-k30-suplemento-dietario-capsulas-frasco-30-und/p,23828,Poder Fenix Lab,vtex_catalog_search,2026-06-08T00:46:45.656294+00:00,,"/Vitaminas y Suplementos/Multivitamínicos/Cabello y Uñas/ /Vitaminas y Suplementos/Multivitamínicos/ /Vitaminas y Suplementos/ /1/344/357/ /1/344/ /1/ Frasco 30 und DE3063 Tomar 1 cápsula cada 24 horas. Producto indicado para mayores de 18 años. No superar la dosis diaria recomendada. Los suplementos alimenticios no sustituyen una alimentación equilibrada. Mantener fuera del alcance de los niños. En caso de embarazo, lactancia o tratamiento médico, consultar con un profesional de salud antes de consumir. Presentación Registro Sanitario Modo de uso Precauciones y Contraindicaciones No Producto a Pedido Presentación Registro Sanitario Modo de uso Precauciones y Contraindicaciones Producto a Pedido Campos Auxiliares Highlight Selbio K30 es un suplemento alimenticio formulado con biotina, zinc, selenio, queratina hidrolizada y metionina, ingredientes asociados al cuidado del cabello, la piel y las uñas. Su fórmula está orientada a complementar la alimentación diaria y contribuir al mantenimiento de la estructura capilar, ayudando a mejorar la apariencia y fortaleza del cabello y las uñas. Además, contiene nutrientes relacionados con la formación de colágeno y el soporte del sistema inmunológico, formando parte de una rutina integral de bienestar y cuidado personal.",vtex_spec_or_regex,true
Farmacia Universal,Orthomol Immun Polvo para Solución Oral Sobres - Caja 30 und,Orthomol Immun Polvo para Solución Oral Sobres 30 und Precio + Delivery Gratis,DE3686,290.10,PEN,unavailable,https://www.farmaciauniversal.com/orthomol-immun-polvo-para-solucion-oral-sobres-caja-30-und/p,28562,Orthomol,vtex_catalog_search,2026-06-08T00:46:45.658491+00:00,,"/Vitaminas y Suplementos/Multivitamínicos/Adultos/ /Vitaminas y Suplementos/Multivitamínicos/ /Vitaminas y Suplementos/ /1/344/350/ /1/344/ /1/ Caja 30 und DE3686 Se recomienda tomar 01 sobre de orthomol immun al dia, te ayudara a fortalecer tu sistema inmunologico dandole 25 vitaminas y minerales. Mezclar 01 sobre con un vaso de agua, remover y listo para consumir. No debe ser considerado como unica fuente de alimento. Orthomol immun contiene yodo, si sufre de disfuncion tiroidea, consultar con su doctor. Mantener fuera del alcance de niños. Presentación Registro Sanitario Modo de uso Precauciones y Contraindicaciones No Producto a Pedido 1 Presentación Registro Sanitario Modo de uso Precauciones y Contraindicaciones Producto a Pedido Stock Security Campos Auxiliares Highlight Stock Security Orthomol immun es un suplemento vitamínico alemán completo. Contiene 25 vitaminas y minerales ideales y en las dosis necesarias para estimular las defensas del organismo. Un sobre te da de manera facil, completa y confiable todos los micronutrientes que tu cuerpo necesita para fortalecer el sistema inmunologico. Tener un optimo sistema inmune te ayuda a prevenir todo tipo de enfermedades y a afrontar el estres causante de diversos males, tambien a vigilar y combatir los daños de agentes patogenos como virus, bacterias, celulas malignas, entre otras.",vtex_spec_or_regex,true
Farmacia Universal,Androferti Polvo para Solución Oral Sobres - Caja 60 und,Androferti Polvo para Solución Oral Sobres 60 und Precio + Delivery Gratis,DE3067,364.80,PEN,unavailable,https://www.farmaciauniversal.com/androferti-polvo-para-solucion-oral-sobres-caja-60-und/p,31392,Uro Pharma,vtex_catalog_search,2026-06-08T00:46:45.660689+00:00,,"/Vitaminas y Suplementos/Multivitamínicos/Fertilidad/ /Vitaminas y Suplementos/Multivitamínicos/ /Vitaminas y Suplementos/ /1/344/428/ /1/344/ /1/ Caja 60 und DE3067 Tomar 2 sobres al día, preferiblemente después de una comida, disuelto en un vaso de agua. No exceder la dosis diaria recomendada. Mantener fuera del alcance de los niños. No consumir en caso de alergia a alguno de sus componentes. Consultar al médico antes de usar si se encuentra bajo tratamiento médico o padece alguna condición de salud. Presentación Registro Sanitario Modo de uso Precauciones y Contraindicaciones No Producto a Pedido 1 Presentación Registro Sanitario Modo de uso Precauciones y Contraindicaciones Producto a Pedido Stock Security Campos Auxiliares Highlight Stock Security Suplemento nutricional especialmente formulado para contribuir a la salud reproductiva masculina. Contiene una combinación de antioxidantes, vitaminas y minerales que ayudan a proteger las células del estrés oxidativo, mejoran la movilidad y calidad espermática, y apoyan el equilibrio energético del organismo. Su uso regular ayuda a la fertilidad y el bienestar general en hombres que buscan optimizar su capacidad reproductiva.",vtex_spec_or_regex,true
Farmacia Universal,Nature's Truth Glicinato de Magnesio Cápsulas - Frasco 60 und,Nature's Truth Glicinato de Magnesio Cápsulas 60 und Precio + Delivery Gratis,DE5003,89.90,PEN,unavailable,https://www.farmaciauniversal.com/natures-truth-glicinato-de-magnesio-capsulas-frasco-60-und/p,31687,Nature's Truth,vtex_catalog_search,2026-06-08T00:46:45.661411+00:00,,"/Vitaminas y Suplementos/Minerales y Otros/Magnesio/ /Vitaminas y Suplementos/Minerales y Otros/ /Vitaminas y Suplementos/ /1/10/15/ /1/10/ /1/ Frasco 60 und Magnesio Glicinato 826 mg DE5003 Para adultos, tome dos cápsulas al día, preferiblemente con una comida. No superar las dosis diaria expresamente recomendada. No debe utilizarse como sustituto de una dieta equilibrada. Utilice este producto como un suplemento alimenticio únicamente. Este producto no está indicado para el diagnóstico, tratamiento, curación, ni prevención de ninguna enfermedad. Descontinúe su uso y consulte al médico si usted experimenta síntomas inusuales. Si está dando de lactar, embarazada o está considerando un embarazo, consulte a su profesional de la salud antes de usar este producto. Si se produce alguna reacción adversa, deje de usar este producto inmediatamente y consulte a su médico. Si el sello debajo de la tapa está dañado o falta, no use. Presentación Principio Activo Registro Sanitario Modo de uso Precauciones y Contraindicaciones No Producto a Pedido 0 Presentación Principio Activo Registro Sanitario Modo de uso Precauciones y Contraindicaciones Producto a Pedido Stock Security Campos Auxiliares Highlight Stock Security Nature's Truth Glicinato de Magnesio es un suplemento nutricional formulado con magnesio en forma de glicinato. El magnesio es un mineral esencial que participa en múltiples funciones del organismo, como el funcionamiento muscular y nervioso, por lo que su consumo puede ser un apoyo nutricional en personas con requerimientos aumentados o dietas insuficientes, dentro de un estilo de vida saludable.",vtex_spec_or_regex,true
Farmacia Universal,Kolgel Suplemento Cápsulas - Caja 30 und,Kolgel Suplemento Cápsulas 30 und Precio + Delivery Gratis,DE4190,158.54,PEN,available,https://www.farmaciauniversal.com/kolgel-suplemento-capsulas-caja-30-und/p,28662,Farmakonsuma,vtex_catalog_search,2026-06-08T00:46:46.122691+00:00,100,"/Vitaminas y Suplementos/Minerales y Otros/Colágenos/ /Vitaminas y Suplementos/Minerales y Otros/ /Vitaminas y Suplementos/ /1/10/323/ /1/10/ /1/ Caja 30 und DE4190 Tomar una capsula dura al día con el estómago vacío antes de acostarse. En caso de alteraciones en la función hepática, biliar, o de cálculos biliares, se desaconseja el uso del producto. Si está tomando medicamentos, consulte a su médico. No consumir en estado de embarazo y lactancia. Presentación Registro Sanitario Modo de uso Precauciones y Contraindicaciones No Producto a Pedido 1 Presentación Registro Sanitario Modo de uso Precauciones y Contraindicaciones Producto a Pedido Stock Security Campos Auxiliares Highlight Stock Security Colágeno tipo II nativo sin desnaturalizar con cúrcuma, pimienta negra, boro, Vitamina C y D.",vtex_spec_or_regex,true
Farmacia Universal,LPS Suplemento Proteico Líquido Sabor Cereza - Frasco 960 ml,LPS Suplemento Proteico Líquido Cereza 960 ml Precio + Delivery Gratis,DE4049,190.01,PEN,available,https://www.farmaciauniversal.com/lps-suplemento-proteico-liquido-sabor-cereza-frasco-960-ml/p,27605,LPS,vtex_catalog_search,2026-06-08T00:46:46.123859+00:00,10,"/Vitaminas y Suplementos/Minerales y Otros/Proteínas/ /Vitaminas y Suplementos/Minerales y Otros/ /Vitaminas y Suplementos/ /1/10/19/ /1/10/ /1/ Frasco 960 ml DE4049 LPS puede ser consumido a partir de los dos años de edad en adelante y en ciertas patologías cuando no es posible cubrir los requerimientos de proteína de la dieta. La dosificación será indicada por el profesional de la salud basada en las necesidades dietéticas de cada persona. LPS puede ser brindado por vía oral, tomado puro o diluido en agua, jugos o mezclado con otros alimentos o preparaciones. Por vía enteral : diluir al 50% No exceder la dosis recomendado por el profesional de la salud El producto debe ser almacenado fuera del alcance y vista de los niños. No usar si el sello de seguridad está roto. No refrigere ni exponga a calor excesivo, mantener a una temperatura de ambiente entre los 7 y 27°C. En caso de embarazo o lactancia consultar con su médico. Presentación Registro Sanitario Modo de uso Precauciones y Contraindicaciones No Producto a Pedido Cereza Frasco 960 ml Sabor Presentaciones 1 Presentación Registro Sanitario Modo de uso Precauciones y Contraindicaciones Producto a Pedido Sabor Presentaciones Stock Security Campos Auxiliares Highlight Filtros Stock Security Módulo de proteína líquida con doble fuente de proteína hidrolizada (colágeno y suero lácteo) de alta calidad, concentra 15 g de proteína en una onza y es libre de sacarosa glucosa fructosa gluten y lactosa. Única presentación de 960 ml o 32 onzas y cuenta con tapa dosificadora.",vtex_spec_or_regex,true
Farmacia Universal,LPS Suplemento Proteico Líquido Sabor Durazno Mango - Frasco 960 ml,LPS Suplemento Proteico Líquido Sabor Durazno Mango 960 ml Precio + Delivery Gratis,DE3949,190.01,PEN,available,https://www.farmaciauniversal.com/lps-suplemento-proteico-liquido-sabor-durazno-mango-frasco-960-ml/p,27602,LPS,vtex_catalog_search,2026-06-08T00:46:46.124432+00:00,10,"/Vitaminas y Suplementos/Minerales y Otros/Proteínas/ /Vitaminas y Suplementos/Minerales y Otros/ /Vitaminas y Suplementos/ /1/10/19/ /1/10/ /1/ Frasco 960 ml DE3949 LPS puede ser consumido a partir de los dos años de edad en adelante y en ciertas patologías cuando no es posible cubrir los requerimientos de proteína de la dieta. La dosificación será indicada por el profesional de la salud basada en las necesidades dietéticas de cada persona. LPS puede ser brindado por vía oral, tomado puro o diluido en agua, jugos o mezclado con otros alimentos o preparaciones. Por vía enteral : diluir al 50% No exceder la dosis recomendado por el profesional de la salud El producto debe ser almacenado fuera del alcance y vista de los niños. No usar si el sello de seguridad está roto. No refrigere ni exponga a calor excesivo, mantener a una temperatura de ambiente entre los 7 y 27°C. En caso de embarazo o lactancia consultar con su médico. Presentación Registro Sanitario Modo de uso Precauciones y Contraindicaciones No Producto a Pedido 1 Presentación Registro Sanitario Modo de uso Precauciones y Contraindicaciones Producto a Pedido Stock Security Campos Auxiliares Highlight Stock Security Módulo de proteína líquida con doble fuente de proteína hidrolizada (colágeno y suero lácteo) de alta calidad, concentra 15 g de proteína en una onza y es libre de sacarosa glucosa fructosa gluten y lactosa. Única presentación de 960 ml o 32 onzas y cuenta con tapa dosificadora",vtex_spec_or_regex,true
Farmacia Universal,Globifer Forte Tabletas - Caja 40 und,Globifer Forte Tabletas 40 und Precio + Delivery Gratis,DE4613,120.80,PEN,available,https://www.farmaciauniversal.com/globifer-forte-tabletas-caja-40-und/p,30743,Farmoquímica del Pacífico,vtex_catalog_search,2026-06-08T00:46:46.127707+00:00,1,"/Vitaminas y Suplementos/Minerales y Otros/Hierro/ /Vitaminas y Suplementos/Minerales y Otros/ /Vitaminas y Suplementos/ /1/10/18/ /1/10/ /1/ Caja 40 und Hemoglobina bovina 519 mg, Sulfato ferroso 81 mg DE4613 Para mayores de 12 años, tomar 1 tableta al día con abundante líquido, preferiblemente después de una comida. Se sugiere un consumo continuo mínimo de 3 meses para obtener mejores resultados. Mantener fuera del alcance y la vista de los niños. No consumir en caso de alergia o hipersensibilidad a alguno de los componentes del producto. Es fundamental consultar con su médico antes de iniciar la suplementación, especialmente en situaciones de embarazo o tratamiento médico previo. Presentación Principio Activo Registro Sanitario Modo de uso Precauciones y Contraindicaciones No Producto a Pedido 1 Presentación Principio Activo Registro Sanitario Modo de uso Precauciones y Contraindicaciones Producto a Pedido Stock Security Campos Auxiliares Highlight Stock Security Globifer Forte con hierro hemínico es un suplemento dietético formulado con una fuente de hierro suave y de origen natural, recomendado en casos donde la alimentación diaria no cubre adecuadamente los requerimientos de este mineral. Es apto para mujeres en etapa de embarazo como apoyo nutricional. No contiene gluten. Se recomienda consultar con un médico o farmacéutico antes de iniciar su consumo.",vtex_spec_or_regex,true
Farmacia Universal,Pescience Amino IV Sabor Manzana Verde - Frasco 405 g,Pescience Amino IV Sabor Manzana Verde 405 g Precio + Delivery Gratis,DE4796,159.00,PEN,available,https://www.farmaciauniversal.com/pescience-amino-iv-sabor-manzana-verde-frasco-405-g/p,31488,Pescience,vtex_catalog_search,2026-06-08T00:46:46.129760+00:00,10,"/Vitaminas y Suplementos/Suplementos Deportivos/Otros Suplementos/ /Vitaminas y Suplementos/Suplementos Deportivos/ /Vitaminas y Suplementos/ /1/13/36/ /1/13/ /1/ Frasco 405 g DE4796 Se recomienda mezclar 2 cucharadas (13.5 g) en agua o en la bebida de tu preferencia. Puedes consumirlo antes, durante o después del entrenamiento para aprovechar al máximo sus beneficios. No exceder la dosis diaria recomendada. No sustituye una alimentación balanceada. Mantener fuera del alcance de los niños y conservar en lugar fresco y seco. No recomendado en embarazo o lactancia sin supervisión médica. Presentación Registro Sanitario Modo de uso Precauciones y Contraindicaciones No Producto a Pedido Manzana Verde Sabor 0 Presentación Registro Sanitario Modo de uso Precauciones y Contraindicaciones Producto a Pedido Sabor Stock Security Campos Auxiliares Highlight Filtros Stock Security Amino IV de Pescience es un suplemento en polvo con sabor a manzana que combina aminoácidos esenciales (EAA) y de cadena ramificada (BCAA), formulado para acompañar rutinas de ejercicio intensas. Su mezcla ayuda a mantener la hidratación y puede favorecer la recuperación muscular después del entrenamiento, ayudando a reducir la fatiga.",vtex_spec_or_regex,true
Farmacia Universal,BioSil Adults 50+ Cápsulas - Frasco 60 und,BioSil Adults 50+ Cápsulas 60 und Precio + Delivery Gratis,DE4858,175.75,PEN,available,https://www.farmaciauniversal.com/biosil-adults-50-capsulas-frasco-60-und/p,32528,BioSil,vtex_catalog_search,2026-06-08T00:46:46.130359+00:00,100,"/Vitaminas y Suplementos/Multivitamínicos/Osteoarticulares/ /Vitaminas y Suplementos/Multivitamínicos/ /Vitaminas y Suplementos/ /1/344/354/ /1/344/ /1/ Frasco 60 und Ch-OSA, Selenio DE4858 Adultos, tomar 2 cápsulas al día: 1 cápsula luego del desayuno y 1 cápsula luego de la cena. Los productos dietéticos no deben utilizarse como sustitutos de una dieta equilibrada. No superar la dosis recomendada. En caso de presentar alguna reacción adversa, consultar con un profesional de salud. Mantener fuera del alcance de los niños. No consumir en caso de hipersensibilidad a alguno de sus componentes. Conservar a una temperatura no mayor a 30°C. Presentación Principio Activo Registro Sanitario Modo de uso Precauciones y Contraindicaciones No Producto a Pedido Presentación Principio Activo Registro Sanitario Modo de uso Precauciones y Contraindicaciones Producto a Pedido Campos Auxiliares Highlight BioSil Adults 50+ es un suplemento alimenticio formulado con ch-OSA (ácido ortosilícico estabilizado con colina) y selenio, pensado para complementar la alimentación en etapas donde el organismo presenta cambios asociados a la edad. Con el paso del tiempo, pueden observarse variaciones en la estructura ósea, la flexibilidad de las articulaciones y la producción de colágeno. Su fórmula aporta silicio, relacionado con la estructura de los tejidos conectivos, y selenio, que contribuye al funcionamiento normal del sistema inmunitario, integrándose en la rutina diaria de bienestar.",vtex_spec_or_regex,true
Farmacia Universal,Inmunex Plus Polvo Oral - Sobre 131 g,Inmunex Plus Polvo Oral 131 g Precio + Delivery Gratis,DE2958,115.00,PEN,available,https://www.farmaciauniversal.com/inmunex-plus-polvo-oral-sobre-131-g/p,24369,Victus,vtex_catalog_search,2026-06-08T00:46:46.130626+00:00,10,"/Vitaminas y Suplementos/Suplementos Nutricionales/Fórmulas Especializadas/ /Vitaminas y Suplementos/Suplementos Nutricionales/ /Vitaminas y Suplementos/ /1/12/29/ /1/12/ /1/ Sobre 131 g DE2958 Colocar en el vaso de la licuadora 410 ml de agua a temperatura ambiente, adicionar lentamente el contenido completo del sobre de Inmunex Plus, mezclar a velocidad media por 1 minuto. para administrar por vía oral, agite antes de servir. Usar únicamente por vía oral o enteral, no administrar parenteralmente, no usar sin supervisión medica, consulte a su medico o nutricionista, no usar cuando se desea inmunosupresión o en casos de insuficiencia renal o hepática. Presentación Registro Sanitario Modo de uso Precauciones y Contraindicaciones No Producto a Pedido Vainilla Sabor 1 Presentación Registro Sanitario Modo de uso Precauciones y Contraindicaciones Producto a Pedido Sabor Stock Security Campos Auxiliares Highlight Filtros Stock Security Suplemento nutricional diseñado para pacientes metabólicamente estresados, enriquecido con glutamina y otros nutrientes inmunomoduladores. No contiene sacarosa, aspartame ó sacarina. Endulzado con sacrulosa, un endulzante no calórico.",vtex_spec_or_regex,true
Farmacia Universal,Fortzink 20 mg/5 ml Jarabe Sabor Vainilla - Frasco 120 ml,Fortzink 20 mg/5 ml Jarabe Sabor Vainilla 120 ml Precio + Delivery Gratis,DE1862,40.50,PEN,available,https://www.farmaciauniversal.com/fortzink-20-mg-5-ml-jarabe-sabor-vainilla-frasco-120-ml/p,8734,Unimed,vtex_catalog_search,2026-06-08T00:46:46.760171+00:00,100,"/Vitaminas y Suplementos/Minerales y Otros/Zinc/ /Vitaminas y Suplementos/Minerales y Otros/ /Vitaminas y Suplementos/ /1/10/17/ /1/10/ /1/ Frasco 120 ml Sulfato de Zinc 20 mg/5 ml DE1862 Administrar 20-40 mg al día (4–8 ml), según criterio médico. En casos de diarrea, usar por 10–14 días como coadyuvante en terapia de rehidratación oral. No superar dosis recomendada. No usar en alergia al zinc. No sustituye una dieta equilibrada. Puede causar malestar digestivo leve. Consultar al médico en embarazo, lactancia o condiciones crónicas. Mantener fuera del alcance de los niños. Presentación Principio Activo Registro Sanitario Modo de uso Precauciones y Contraindicaciones No Producto a Pedido Vainilla Sabor 1 Presentación Principio Activo Registro Sanitario Modo de uso Precauciones y Contraindicaciones Producto a Pedido Sabor Stock Security Campos Auxiliares Highlight Filtros Stock Security Jarabe de sulfato de zinc con sabor a vainilla. Cada 5 ml aporta 20 mg de zinc elemental. Está indicado para ayudar en la prevención o tratamiento de deficiencias de zinc, tanto en niños como en adultos. Su uso puede ser útil cuando la alimentación diaria no aporta la cantidad suficiente de este mineral esencial para el funcionamiento del sistema inmunológico. Debe ser consumido según indicación médica o nutricional.",vtex_spec_or_regex,true
Farmacia Universal,Hyalart 500 mg Cápsulas - Caja 30 und,Hyalart 500 mg Cápsulas 30 und Precio + Delivery Gratis,DE4635,290.10,PEN,available,https://www.farmaciauniversal.com/hyalart-500-mg-capsulas-caja-30-und/p,31856,LAT Pharma,vtex_catalog_search,2026-06-08T00:46:46.762046+00:00,10,"/Vitaminas y Suplementos/Multivitamínicos/Osteoarticulares/ /Vitaminas y Suplementos/Multivitamínicos/ /Vitaminas y Suplementos/ /1/344/354/ /1/344/ /1/ Caja 30 und Ácido Hialurónico 500 mg DE4635 Administrar según indicación del profesional de salud o según recomendación del fabricante. No exceder la dosis recomendada. Los suplementos no sustituyen una alimentación equilibrada. En caso de presentar alguna reacción, consultar con un profesional de salud. Mantener fuera del alcance de los niños. Presentación Principio Activo Registro Sanitario Modo de uso Precauciones y Contraindicaciones No Producto a Pedido 0 Presentación Principio Activo Registro Sanitario Modo de uso Precauciones y Contraindicaciones Producto a Pedido Stock Security Campos Auxiliares Highlight Stock Security Hyalart 500 mg es un suplemento oral que contiene ácido hialurónico, una sustancia presente de forma natural en el organismo, especialmente en articulaciones y piel. Su incorporación en la rutina diaria puede contribuir al mantenimiento de la estructura de los tejidos, participando en procesos relacionados con la lubricación articular y la hidratación de la piel.",vtex_spec_or_regex,true
Farmacia Universal,Dinaflex Duo 1.5 g + 1.2 g Polvo para Solución Oral Sabor Mandarina - Caja 30 und,Dinaflex Duo 1.5 g + 1.2 g Polvo para Solución Oral Mandarina 30 und Precio + Delivery Gratis,DE3835,239.10,PEN,available,https://www.farmaciauniversal.com/dinaflex-duo-15-g-12-g-polvo-para-solucion-oral-sobres-caja-30-und/p,28013,Tecnofarma,vtex_catalog_search,2026-06-08T00:46:46.765515+00:00,10,/Vitaminas y Suplementos/Multivitamínicos/Osteoarticulares/ /Vitaminas y Suplementos/Multivitamínicos/ /Vitaminas y Suplementos/ /1/344/354/ /1/344/ /1/ Caja 30 und DE3835 Disolver el contenido de un sobre en un vaso de agua. Contiene aspartamo por lo que no se debe administrar a pacientes con fenilcetonuria. Presentación Registro Sanitario Modo de uso Precauciones y Contraindicaciones No Producto a Pedido 1 Presentación Registro Sanitario Modo de uso Precauciones y Contraindicaciones Producto a Pedido Stock Security Campos Auxiliares Highlight Stock Security Producto dietético. Coadyuvante en el tratamiento de la artrosis leve a moderada.,vtex_spec_or_regex,true
Farmacia Universal,Elastiflex Ultra Complex Polvo para Solución Oral Sabor Vainilla - Caja 30 und,Elastiflex Ultra Complex Polvo para Solución Oral Sabor Vainilla 30 und Precio + Delivery Gratis,DE3747,249.90,PEN,available,https://www.farmaciauniversal.com/elastiflex-ultra-complex-polvo-para-solucion-oral-sabor-vainilla-caja-30-und/p,31854,LAT Pharma,vtex_catalog_search,2026-06-08T00:46:46.768853+00:00,10,"/Vitaminas y Suplementos/Multivitamínicos/Osteoarticulares/ /Vitaminas y Suplementos/Multivitamínicos/ /Vitaminas y Suplementos/ /1/344/354/ /1/344/ /1/ Caja 30 und DE3747 Tomar diariamente una porción equivalente a un sobre (15 g) disuelto en un vaso con agua, zumo u otro líquido (200 ml). Disolver bien y consumir de manera inmediata. No exceder la porción diaria recomendada. No sustituye una dieta balanceada. En caso de embarazo, lactancia o tratamiento médico, consultar previamente con un profesional de la salud. Mantener fuera del alcance de los niños. Presentación Registro Sanitario Modo de uso Precauciones y Contraindicaciones No Producto a Pedido 1 Presentación Registro Sanitario Modo de uso Precauciones y Contraindicaciones Producto a Pedido Stock Security Campos Auxiliares Highlight Stock Security Elastiflex Ultra Complex es un suplemento alimenticio en polvo para solución oral que contiene colágeno hidrolizado, glucosamina, condroitina y MSM, ingredientes comúnmente utilizados como apoyo nutricional para el cuidado de articulaciones y tejidos. Su presentación en sobres sabor vainilla facilita su incorporación a la rutina diaria como complemento alimenticio.",vtex_spec_or_regex,true
Farmacia Universal,Mason Probiótico Acidophilus & Bifidus Comprimidos Masticables - Frasco 30 und,Mason Probiótico Acidophilus & Bifidus Comprimidos Masticables 30 und Precio + Delivery Gratis,DE4447,64.90,PEN,available,https://www.farmaciauniversal.com/mason-probiotico-acidophilus-bifidus-comprimidos-masticables-frasco-30-und/p,31270,Mason Natural,vtex_catalog_search,2026-06-08T00:46:46.770040+00:00,10,"/Vitaminas y Suplementos/Multivitamínicos/Digestivos/ /Vitaminas y Suplementos/Multivitamínicos/ /Vitaminas y Suplementos/ /1/344/352/ /1/344/ /1/ Frasco 30 und DE4447 Masticar 2 comprimidos masticables al día, preferiblemente con alimentos. No exceder la dosis diaria recomendada. Este producto no debe utilizarse como sustituto de una dieta equilibrada. Si está embarazada, en periodo de lactancia, tomando alguna medicación, o tiene alguna condición médica, consulte a su médico antes de usar este producto. Descontinue su uso y consulte a su médico si se produce alguna reacción adversa. Presentación Registro Sanitario Modo de uso Precauciones y Contraindicaciones No Producto a Pedido Fresa Sabor 1 Presentación Registro Sanitario Modo de uso Precauciones y Contraindicaciones Producto a Pedido Sabor Stock Security Campos Auxiliares Highlight Filtros Stock Security Mason Probiótico Acidophilus & Bifidus es un suplemento en comprimidos masticables contiene cultivos vivos de bacterias probióticas de los géneros Acidophilus y Bifidus, conocidos por su capacidad de contribuir al equilibrio de la flora intestinal. Un adecuado balance de bacterias benéficas en el intestino favorece una digestión saludable y puede apoyar la función del sistema inmunológico. El formato masticable con sabor fresa facilita su consumo diario, siendo una opción práctica tanto para adultos como para jóvenes que desean mantener un buen cuidado digestivo.",vtex_spec_or_regex,true
Farmacia Universal,Diben Drink Sabor Capuccino - Pack 4 und (200 ml c/u),Diben Drink Sabor Capuccino 4 und (200 ml c/u) Precio + Delivery Gratis,DE3115,48.00,PEN,available,https://www.farmaciauniversal.com/diben-drink-sabor-capuccino-pack-4-und-200-ml-c-u-nuevo/p,32094,Fresenius Kabi,vtex_catalog_search,2026-06-08T00:46:47.306405+00:00,100,"/Vitaminas y Suplementos/Suplementos Nutricionales/Fórmulas Especializadas/ /Vitaminas y Suplementos/Suplementos Nutricionales/ /Vitaminas y Suplementos/ /1/12/29/ /1/12/ /1/ Pack 4 und (200 ml c/u) DE3115 La dosis la determina el profesional sanitario de acuardo a las necesidades del paciente. Recomendación para nutrición suplementaria 2 a 3 botellas (600 - 900 kcal)/día, para nutrición completa 5 botellas (1500 kcal)/día. Una vez abiertas las botellas deben guardarse en la nevera y utilizarse en 24 horas. Debe utilizarse bajo supervisión médica. Utilizar bajo recomendación de un profesional de la salud, especialmente en personas con condiciones metabólicas específicas. Mantener fuera del alcance de los niños. Presentación Registro Sanitario Modo de uso Precauciones y Contraindicaciones No Producto a Pedido 1 Presentación Registro Sanitario Modo de uso Precauciones y Contraindicaciones Producto a Pedido Stock Security Campos Auxiliares Highlight Stock Security Diben Drink sabor capuccino es una fórmula nutricional lista para beber, diseñada para complementar la alimentación de personas con requerimientos nutricionales específicos. Su presentación en pack de 4 unidades facilita su consumo práctico en el día a día.",vtex_spec_or_regex,true
Farmacia Universal,BioSil Generador de Colágeno Cápsulas - Frasco 60 und,BioSil Generador de Colágeno Cápsulas 60 und Precio + Delivery Gratis,DE2480,166.16,PEN,available,https://www.farmaciauniversal.com/biosil-generador-de-colageno-capsulas-frasco-60-und/p,22879,BioSil,vtex_catalog_search,2026-06-08T00:46:47.308643+00:00,100,"/Vitaminas y Suplementos/Minerales y Otros/Colágenos/ /Vitaminas y Suplementos/Minerales y Otros/ /Vitaminas y Suplementos/ /1/10/323/ /1/10/ /1/ Frasco 60 und DE2480 Administrar por vía oral según indicación del producto o recomendación de un profesional de salud. No exceder la dosis recomendada. Este producto no sustituye una dieta equilibrada y debe consumirse como parte de un estilo de vida saludable. Mantener fuera del alcance de los niños. Presentación Registro Sanitario Modo de uso Precauciones y Contraindicaciones No Producto a Pedido Presentación Registro Sanitario Modo de uso Precauciones y Contraindicaciones Producto a Pedido Campos Auxiliares Highlight BioSil generador de colágeno cápsulas es un suplemento alimenticio formulado para apoyar la producción natural de colágeno en el organismo. Su tecnología basada en ch-OSA se asocia con la estimulación de los procesos biológicos relacionados con la formación de colágeno, una proteína esencial para la estructura de la piel, cabello, uñas y articulaciones. Su consumo puede contribuir al mantenimiento de la elasticidad de la piel y al bienestar osteoarticular dentro de una dieta equilibrada.",vtex_spec_or_regex,true
Farmacia Universal,Andromás Polvo para Suspensión Oral Sobres - Caja 30 und,Andromás Polvo para Suspensión Oral Sobres 30 und Precio + Delivery Gratis,DE4435,189.00,PEN,available,https://www.farmaciauniversal.com/andromas-polvo-para-suspension-oral-sobres-caja-30-und/p,29530,ITF Farmaceutica,vtex_catalog_search,2026-06-08T00:46:47.309549+00:00,10,"/Vitaminas y Suplementos/Multivitamínicos/Adultos/ /Vitaminas y Suplementos/Multivitamínicos/ /Vitaminas y Suplementos/ /1/344/350/ /1/344/ /1/ Caja 30 und DE4435 Disolver el contenido de un sobre en un vaso con agua y tomar una vez al día, preferentemente por la mañana. Puede tomarse de forma continua o según indicación de un profesional de salud. Este producto no debe usarse como sustituto de una alimentación equilibrada. No consumir más de la dosis recomendada. Almacenar en un lugar seco, fresco y protegido de la luz. No se recomienda su uso en menores de edad o personas con enfermedades crónicas sin supervisión médica. Presentación Registro Sanitario Modo de uso Precauciones y Contraindicaciones No Producto a Pedido 1 Presentación Registro Sanitario Modo de uso Precauciones y Contraindicaciones Producto a Pedido Stock Security Campos Auxiliares Highlight Stock Security Andromás es un complemento nutricional en formato de sobres que ayuda a reforzar la energía y el rendimiento físico, especialmente en hombres. Su fórmula combina L-arginina, zinc, maca andina, ginseng y otros componentes naturales que contribuyen a mantener el equilibrio del organismo y apoyar el desempeño diario, tanto físico como mental.",vtex_spec_or_regex,true
Farmacia Universal,AlitraQ Fórmula Nutricional Sabor Vainilla - Caja 6 und,AlitraQ Fórmula Nutricional Vainilla 6 und Precio + Delivery Gratis,DE2294,208.02,PEN,available,https://www.farmaciauniversal.com/alitraq-formula-nutricional-sabor-vainilla-caja-6-und/p,10099,Abbott Nutrition,vtex_catalog_search,2026-06-08T00:46:47.311147+00:00,10,"/Vitaminas y Suplementos/Suplementos Nutricionales/Fórmulas Especializadas/ /Vitaminas y Suplementos/Suplementos Nutricionales/ /Vitaminas y Suplementos/ /1/12/29/ /1/12/ /1/ Caja 6 und DE2294 Únicamente para uso enteral. No debe administrarse por vía intravenosa. ADVERTENCIAS Y PRECAUCIONES: No es para uso parenteral. No usar en niños a menos que sea recomendado por un médico o profesional de la salud. Usar bajo supervisión médica. Evitar la contaminación durante la preparación y uso. No usar en casos de obstrucción o perforación intestinal. No usar en pacientes con galactosemia. Al usar las fórmulas de reemplazo nutricional pueden presentarse incidentes como diarrea, constipación, náuseas, vómitos y deshidratació Presentación Registro Sanitario Modo de uso Precauciones y Contraindicaciones No Producto a Pedido Vainilla Sabor 1 Presentación Registro Sanitario Modo de uso Precauciones y Contraindicaciones Producto a Pedido Sabor Stock Security Campos Auxiliares Highlight Filtros Stock Security Alitraq R.S. DE-2294 es una fórmula nutricional con glutamina, proteínas, grasas saludables, carbohidratos, vitaminas y minerales. Diseñada específicamente para el manejo nutricional de personas metabólicamente estresadas y con daño en la función gastrointestinal.",vtex_spec_or_regex,true
Farmacia Universal,Diben Drink Sabor Vainilla - Pack 4 und (200 ml c/u),Diben Drink Sabor Vainilla 4 und (200 ml c/u) Precio + Delivery Gratis,DE3114,48.00,PEN,available,https://www.farmaciauniversal.com/diben-drink-sabor-vainilla-pack-4-und-200-ml-c-u/p,31930,Fresenius Kabi,vtex_catalog_search,2026-06-08T00:46:47.312074+00:00,10,"/Vitaminas y Suplementos/Suplementos Nutricionales/Fórmulas Especializadas/ /Vitaminas y Suplementos/Suplementos Nutricionales/ /Vitaminas y Suplementos/ /1/12/29/ /1/12/ /1/ Pack 4 und (200 ml c/u) DE3114 Consumir por vía oral, directamente del envase. Puede tomarse como complemento de la alimentación diaria o según indicación de un profesional de la salud. Agitar antes de usar. Este producto no sustituye una alimentación equilibrada. Usar bajo recomendación de un profesional de la salud. No exceder la cantidad diaria recomendada. Conservar en un lugar fresco y seco; una vez abierto, mantener refrigerado y consumir en el menor tiempo posible. Mantener fuera del alcance de los niños. Presentación Registro Sanitario Modo de uso Precauciones y Contraindicaciones No Producto a Pedido 1 Presentación Registro Sanitario Modo de uso Precauciones y Contraindicaciones Producto a Pedido Stock Security Campos Auxiliares Highlight Stock Security Soporte oral líquido para diabetico, nutricionalmente completo 1.5 kcal/ml, 15g proteinas/200ml, Sabor Vainilla.",vtex_spec_or_regex,true
Farmacia Universal,Fresubin HP Energy Emulsión Oral - Bolsa 1000 ml,Fresubin HP Energy Emulsión Oral 1000 ml Precio + Delivery Gratis,DE4222,69.99,PEN,available,https://www.farmaciauniversal.com/fresubin-hp-energy-emulsion-oral-bolsa-1000-ml/p,23133,Fresenius Kabi,vtex_catalog_search,2026-06-08T00:46:47.312324+00:00,10,"/Vitaminas y Suplementos/Suplementos Nutricionales/Fórmulas Especializadas/ /Vitaminas y Suplementos/Suplementos Nutricionales/ /Vitaminas y Suplementos/ /1/12/29/ /1/12/ /1/ Bolsa 1000 ml DE4222 Alimentación por sonda. Debe utilizarse bajo supervisión médica. Alimentación por sonda sólo son adecuados para la administración enteral, pero no para la nutrición parenteral. La alimentación estándar por sonda no son adecuados para niños menores de 3 años. Los niveles de tiroxina se controlarán de cerca cuando Fresubin® Original se utilizan en niños pequeños con hipotiroidismo congénito. Presentación Registro Sanitario Modo de uso Precauciones y Contraindicaciones No Producto a Pedido Neutro Sabor 1 Presentación Registro Sanitario Modo de uso Precauciones y Contraindicaciones Producto a Pedido Sabor Stock Security Campos Auxiliares Highlight Filtros Stock Security Fórmula polimérica estándar isotónica, Contiene 1 kcal por ml, 38 gramos de proteínas y con ácidos grasos Omega 3 de origen marino.",vtex_spec_or_regex,true
Farmacia Universal,Miositol Femme Cápsulas Blandas - Caja 30 und,Miositol Femme Cápsulas Blandas 30 und Precio + Delivery Gratis,DE4330,90.00,PEN,available,https://www.farmaciauniversal.com/miositol-femme-capsulas-blandas-caja-30-und/p,30610,Lukoll,vtex_catalog_search,2026-06-08T00:46:47.314508+00:00,10,"/Vitaminas y Suplementos/Multivitamínicos/Fertilidad/ /Vitaminas y Suplementos/Multivitamínicos/ /Vitaminas y Suplementos/ /1/344/428/ /1/344/ /1/ Caja 30 und Mio-Inositol, Alfa-Lactoalbumina, D-Chiro-Inositol, Ácido Fólico DE4330 Vía oral. Se recomienda tomar una cápsula blanda dos veces al día. Para asegurar un suministro constante de Inositol, es necesario tomar las dos cápsulas blandas con 12 horas de diferencia. No superar la dosis diaria expresamente recomendada. Miositol® Femme no debe utilizarse como sustituto de una dieta variada y equilibrada, y un estilo de vida saludable. Contiene proteínas de la leche. Mantener fuera del alcance y de la vista de los niños. La fecha de caducidad se refiere al producto sin abrir, y correctamente almacenado. No administrar en menores de 18 años. Presentación Principio Activo Registro Sanitario Modo de uso Precauciones y Contraindicaciones No Producto a Pedido 1 Presentación Principio Activo Registro Sanitario Modo de uso Precauciones y Contraindicaciones Producto a Pedido Stock Security Campos Auxiliares Highlight Stock Security Miositol Femme es un suplemento especialmente formulado para el bienestar femenino. Contiene mio-inositol, D-chiro-inositol, ácido fólico y alfa-lactoalbúmina, ingredientes que suelen recomendarse como apoyo en casos de desequilibrio hormonal o alteraciones menstruales. Puede ser útil como parte de una dieta saludable en mujeres que buscan regular su ciclo o que están en búsqueda de embarazo.",vtex_spec_or_regex,true
Farmacia Universal,Optifer F 18 mg + 400 mcg Tabletas - Caja 20 und,Optifer F 18 mg + 400 mcg Tabletas 20 und Precio + Delivery Gratis,DE4201,40.00,PEN,available,https://www.farmaciauniversal.com/optifer-f-18-mg-400-mcg-tabletas-caja-20-und/p,27918,Pharma Solutions,vtex_catalog_search,2026-06-08T00:46:47.314792+00:00,100,"/Vitaminas y Suplementos/Minerales y Otros/Hierro/ /Vitaminas y Suplementos/Minerales y Otros/ /Vitaminas y Suplementos/ /1/10/18/ /1/10/ /1/ Caja 20 und Hierro 18 mg, Ácido fólico 40 mcg DE4201 Se recomienda tomar una tableta al día, preferiblemente antes de las comidas principales. La dosis específica debe ser indicada por un profesional de la salud, según las necesidades individuales del paciente. No debe ser consumido por personas con hipersensibilidad a alguno de sus componentes, y debe mantenerse fuera del alcance de los niños. Como todo suplemento, no sustituye una alimentación equilibrada. Se debe almacenar en un lugar fresco y seco. Presentación Principio Activo Registro Sanitario Modo de uso Precauciones y Contraindicaciones No Producto a Pedido 1 Presentación Principio Activo Registro Sanitario Modo de uso Precauciones y Contraindicaciones Producto a Pedido Stock Security Campos Auxiliares Highlight Stock Security Optifer F es un suplemento alimenticio que combina hierro hemo (18 mg) y ácido fólico (400 mcg), diseñado para prevenir y tratar la anemia ferropénica. El hierro hemo, derivado de fuentes animales, presenta una alta biodisponibilidad y mejor tolerancia gastrointestinal en comparación con otras formas de hierro. El ácido fólico es esencial para la formación de glóbulos rojos y el desarrollo celular adecuado.",vtex_spec_or_regex,true
Farmacia Universal,Regen AG 4 mg + 150 mg Cápsulas - Caja 30 und,Regen AG 4 mg + 150 mg Cápsulas 30 und Precio + Delivery Gratis,DE4568,117.90,PEN,available,https://www.farmaciauniversal.com/regen-ag-4-mg-150-mg-capsulas-caja-30-und/p,29466,Pharma Solutions,vtex_catalog_search,2026-06-08T00:46:47.978359+00:00,100,"/Vitaminas y Suplementos/Multivitamínicos/ /Vitaminas y Suplementos/ /1/344/ /1/ Caja 30 und Astaxantina 4 mg, L Glutatión 150 mg DE4568 Se aconseja ingerir una cápsula al día, preferiblemente con una comida, o según las indicaciones de un profesional de la salud. No se recomienda su uso en personas con hipersensibilidad a alguno de los componentes de la fórmula. Las mujeres embarazadas o en periodo de lactancia deben consultar a su médico antes de iniciar su consumo. Mantener fuera del alcance de los niños. Presentación Principio Activo Registro Sanitario Modo de uso Precauciones y Contraindicaciones No Producto a Pedido 1 Presentación Principio Activo Registro Sanitario Modo de uso Precauciones y Contraindicaciones Producto a Pedido Stock Security Campos Auxiliares Highlight Stock Security Regen AG es un suplemento diseñado para apoyar la salud articular y mejorar la movilidad. Su fórmula combina ingredientes que contribuyen a la regeneración del cartílago y al alivio de molestias en las articulaciones, favoreciendo una mejor calidad de vida en personas con desgaste articular o que buscan mantener la flexibilidad y funcionalidad de sus articulaciones.",vtex_spec_or_regex,true
Farmacia Universal,Supportan Drink Sabor Capuccino - Pack 4 und (200 ml c/u),Supportan Drink Sabor Capuccino 4 und (200 ml c/u) Precio + Delivery Gratis,DE3573,54.00,PEN,available,https://www.farmaciauniversal.com/supportan-drink-sabor-capuccino-pack-4-und-200-ml-c-u/p,27672,Fresenius Kabi,vtex_catalog_search,2026-06-08T00:46:47.979874+00:00,100,"/Vitaminas y Suplementos/Suplementos Nutricionales/Fórmulas Especializadas/ /Vitaminas y Suplementos/Suplementos Nutricionales/ /Vitaminas y Suplementos/ /1/12/29/ /1/12/ /1/ Pack 4 und (200 ml c/u) DE3573 Suplemento nutricional vía oral. No adecuado para niños menores de 3 años. Debe usarse con precaución en niños menores de 6 años. Debe usarse solo bajo supervisión médica. Cabe señalar que además de las altas cantidades de proteínas, también se suministran algunos micronutrientes, especialmente cobre, hierro y niacina, en cantidades bastante elevadas. Presentación Registro Sanitario Modo de uso Precauciones y Contraindicaciones No Producto a Pedido 1 Presentación Registro Sanitario Modo de uso Precauciones y Contraindicaciones Producto a Pedido Stock Security Campos Auxiliares Highlight Stock Security Soporte oral líquido, nutricionalmente completo 1.5 kcal/ml. 20 gr proteínas/200ml. 1 gr EPA/200ml. Sabor Capuchino.",vtex_spec_or_regex,true
Farmacia Universal,Fresubin HP Energy Emulsión Oral - Bolsa 500 ml,Fresubin HP Energy Emulsión Oral 500 ml Precio + Delivery Gratis,DE4222,35.08,PEN,available,https://www.farmaciauniversal.com/fresubin-hp-energy-emulsion-oral-bolsa-500-ml/p,24909,Fresenius Kabi,vtex_catalog_search,2026-06-08T00:46:47.987635+00:00,100,"/Vitaminas y Suplementos/Suplementos Nutricionales/Fórmulas Especializadas/ /Vitaminas y Suplementos/Suplementos Nutricionales/ /Vitaminas y Suplementos/ /1/12/29/ /1/12/ /1/ Bolsa 500 ml DE4222 Su uso debe ser indicado por un profesional de salud, ya que la dosis depende de las necesidades nutricionales de cada paciente. Debe utilizarse bajo supervisión médica. No es apto para niños menores de 3 años, debe emplearse con precaución en menores de 6 años, no debe usarse en pacientes con galactosemia, no debe mezclarse con medicamentos y no debe consumirse si la bolsa está dañada, hinchada o si el contenido está coagulado. Además, una vez abierto debe usarse dentro de 24 horas y se recomienda asegurar una hidratación adecuada. Presentación Registro Sanitario Modo de uso Precauciones y Contraindicaciones No Producto a Pedido 0 Presentación Registro Sanitario Modo de uso Precauciones y Contraindicaciones Producto a Pedido Stock Security Campos Auxiliares Highlight Stock Security Fresubin HP Energy es una fórmula nutricional líquida, alta en calorías y proteínas, sin fibra, lista para usar y presentada en bolsa. Fresenius Kabi, aporta 1.5 kcal/ml, contiene proteína, mezcla de grasas con MCT y aceite de pescado, y es libre de gluten y lactosa. Es una opción orientada a soporte nutricional especializado, especialmente cuando la alimentación habitual no cubre los requerimientos del paciente.",vtex_spec_or_regex,true
Farmacia Universal,Enterex Hepatic Polvo Oral - Sobre 110 g,Enterex Hepatic Polvo Oral 110 g Precio + Delivery Gratis,DE1234,89.00,PEN,available,https://www.farmaciauniversal.com/enterex-hepatic-polvo-oral-sobre-110-g/p,17720,Victus,vtex_catalog_search,2026-06-08T00:46:48.722693+00:00,10,"/Vitaminas y Suplementos/Suplementos Nutricionales/Fórmulas Especializadas/ /Vitaminas y Suplementos/Suplementos Nutricionales/ /Vitaminas y Suplementos/ /1/12/29/ /1/12/ /1/ Sobre 110 g DE1234 Diluir cada sobre en 350 ml de agua y licuar a velocidad media durante un minuto, para un volumen final aproximado de 425 ml (puede diluirse en mayor o menor cantidad de líquido, dependiendo de la tolerancia de cada paciente). Solo para uso oral o enteral. Guardar reconstituido en refrigeración y consumir dentro de 24 horas; si se deja a temperatura ambiente, consumir dentro de las primeras 8 horas. ADMINISTRESE SEGUN LAS RECOMENDACIONES DE UN PROFESIONAL DE LA SALUD. Presentación Registro Sanitario Modo de uso Precauciones y Contraindicaciones No Producto a Pedido Vainilla Sabor 1 Presentación Registro Sanitario Modo de uso Precauciones y Contraindicaciones Producto a Pedido Sabor Stock Security Campos Auxiliares Highlight Filtros Stock Security Para el manejo nutricional de personas con enfermedades hepáticas. Ayuda a mantener las membranas celulares e interviene en la liberación de los neurotransmisores cerebrales. Mejora el estado inmunológico y reduce los riesgos de infección.",vtex_spec_or_regex,true
Farmacia Universal,Flexure MSM Polvo para Solución Oral Sabor Naranja Piña Sobres - Caja 30 und,Flexure MSM Polvo para Solución Oral Sabor Naranja Piña Sobres 30 und Precio + Delivery Gratis,DE1615,189.90,PEN,available,https://www.farmaciauniversal.com/flexure-msm-polvo-para-solucion-oral-sabor-naranja-pinia-sobres-caja-30-und/p,8768,Unimed,vtex_catalog_search,2026-06-08T00:46:48.725095+00:00,10,"/Vitaminas y Suplementos/Multivitamínicos/Osteoarticulares/ /Vitaminas y Suplementos/Multivitamínicos/ /Vitaminas y Suplementos/ /1/344/354/ /1/344/ /1/ Caja 30 und Glucosamina Sulfato 1500 mg, Condroitina Sulfato 1200 mg, Metilsulfonilmetano 2400 mg DE1615 Disolver el contenido de un sobre en un vaso de agua y consumir inmediatamente, una vez al día o según indicación médica. No se recomienda su uso durante el embarazo ni la lactancia. Indicado únicamente para adultos mayores de 18 años. En personas asmáticas puede existir riesgo de exacerbación de los síntomas. En pacientes con factores de riesgo cardiovascular se han reportado casos de hipercolesterolemia. Se aconseja monitorear periódicamente los niveles de glucosa y lípidos en sangre durante el tratamiento. Puede causar molestias gastrointestinales leves y no se recomienda en personas con alergia a crustáceos. Presentación Principio Activo Registro Sanitario Modo de uso Precauciones y Contraindicaciones No Producto a Pedido Naranja Piña Sabor 0 Presentación Principio Activo Registro Sanitario Modo de uso Precauciones y Contraindicaciones Producto a Pedido Sabor Stock Security Campos Auxiliares Highlight Filtros Stock Security Flexure MSM® es un suplemento formulado con glucosamina, condroitina y metilsulfonilmetano (MSM), nutrientes que participan en la formación y mantenimiento del cartílago articular. Su consumo puede contribuir al alivio de molestias asociadas a la artrosis y al soporte de la movilidad, favoreciendo el cuidado de las articulaciones dentro de un estilo de vida activo y saludable.",vtex_spec_or_regex,true
Farmacia Universal,Maddre Polvo con DHA Sabor Vainilla - Lata 400 g,Maddre Polvo con DHA Sabor Vainilla 400 g Precio + Delivery Gratis,DE1761,64.90,PEN,available,https://www.farmaciauniversal.com/maddre-polvo-con-dha-sabor-vainilla-lata-400-g/p,5037,Maddre,vtex_catalog_search,2026-06-08T00:46:49.273075+00:00,10,"/Vitaminas y Suplementos/Multivitamínicos/Gestantes/ /Vitaminas y Suplementos/Multivitamínicos/ /Vitaminas y Suplementos/ /1/344/360/ /1/344/ /1/ Lata 400 g DE1761 Seguir cuidadosamente las instrucciones del envase, con una apropiada higiene, preparación, dilución, uso y almacenamiento. No usar en pacientes con hipersensibilidad conocida al producto. Mantener fuera del alcance de los niños. Presentación Registro Sanitario Modo de uso Precauciones y Contraindicaciones No Producto a Pedido Vainilla Sabor 1 Presentación Registro Sanitario Modo de uso Precauciones y Contraindicaciones Producto a Pedido Sabor Stock Security Campos Auxiliares Highlight Filtros Stock Security Complemento nutricional para la pre gestación, gestación y lactancia. Tratamiento de la anemia del embarazo. Prevención y tratamiento de deficiencias de vitaminas y minerales durante la gestación y lactancia.",vtex_spec_or_regex,true
Farmacia Universal,Ana Maria Lajusticia Lecitina de Soja Cápsulas - Frasco 90 und,Ana Maria Lajusticia Lecitina de Soja Cápsulas 90 und Precio + Delivery Gratis,DE4647,129.90,PEN,available,https://www.farmaciauniversal.com/ana-maria-lajusticia-lecitina-de-soja-capsulas-frasco-90-und/p,32538,Ana Maria Lajusticia,vtex_catalog_search,2026-06-08T00:46:49.274145+00:00,10,"/Vitaminas y Suplementos/Multivitamínicos/Cardiovasculares/ /Vitaminas y Suplementos/Multivitamínicos/ /Vitaminas y Suplementos/ /1/344/355/ /1/344/ /1/ Frasco 90 und DE4647 Tomar de 6 a 9 cápsulas blandas al día, repartidas en el desayuno, el almuerzo y la cena. Contenidos medios por dosis diaria de: 6 cápsulas (4,56 g) 9 cápsulas (6,84 g) No se recomienda su uso durante el embarazo ni la lactancia. Está contraindicado en personas con gastritis crónica, trastornos de la coagulación, hipertensión o epilepsia. Mantener fuera del alcance de los niños. Presentación Registro Sanitario Modo de uso Precauciones y Contraindicaciones No Producto a Pedido 0 Presentación Registro Sanitario Modo de uso Precauciones y Contraindicaciones Producto a Pedido Stock Security Campos Auxiliares Highlight Stock Security Ana Maria Lajusticia Lecitina de Soja es un complemento nutricional elaborado a partir de lecitina de soja, fuente natural de fosfolípidos, colina y fósforo. La colina participa en el metabolismo normal de las grasas y contribuye al funcionamiento hepático normal, mientras que el fósforo interviene en el metabolismo energético y en diversas funciones celulares. Los fosfolípidos forman parte de las membranas celulares y se encuentran de manera natural en tejidos como el cerebro y el sistema nervioso. Gracias a su composición, este complemento está orientado a personas que buscan incorporar nutrientes relacionados con el metabolismo lipídico, la función hepática y el mantenimiento de una alimentación equilibrada, especialmente durante etapas de mayor demanda intelectual o física.",vtex_spec_or_regex,true
Farmacia Universal,Coenzima Q10 100 mg Cápsulas Blandas - Caja 30 und,Coenzima Q10 100 mg Cápsulas Blandas 30 und Precio + Delivery Gratis,DE4125,31.57,PEN,available,https://www.farmaciauniversal.com/coenzima-q10-100-mg-capsulas-blandas-caja-30-und/p,24098,Sherfarma,vtex_catalog_search,2026-06-08T00:46:49.282703+00:00,100,"/Vitaminas y Suplementos/Multivitamínicos/Cardiovasculares/ /Vitaminas y Suplementos/Multivitamínicos/ /Vitaminas y Suplementos/ /1/344/355/ /1/344/ /1/ Caja 30 und Coenzima Q10 100 mg DE4125 Se recomienda la administración por vía oral. La dosis habitual para adultos es de una cápsula blanda al día, preferiblemente con las comidas. Es importante seguir las indicaciones de un profesional de la salud para determinar la dosis adecuada según las necesidades individuales. No se debe utilizar durante el embarazo ni en personas que hayan demostrado hipersensibilidad a alguno de sus componentes. Se debe tener precaución en casos de obstrucción biliar e insuficiencia hepática, ya que puede haber acumulación de Coenzima Q10. Además, la terapia concomitante con agentes hipolipemiantes puede disminuir la concentración plasmática de Coenzima Q10 endógeno, y la terapia con agentes hipoglucemiantes orales puede inhibir los efectos de la administración exógena. Presentación Principio Activo Registro Sanitario Modo de uso Precauciones y Contraindicaciones No Producto a Pedido 1 Presentación Principio Activo Registro Sanitario Modo de uso Precauciones y Contraindicaciones Producto a Pedido Stock Security Campos Auxiliares Highlight Stock Security La Coenzima Q10 100 mg Cápsulas Blandas de Sherfarma es un suplemento nutricional que aporta ubidecarenona, un compuesto liposoluble con función antioxidante que participa en procesos celulares relacionados con la producción de energía. Su uso complementario puede ser considerado dentro de una dieta equilibrada para personas que buscan apoyar su bienestar general, en especial a nivel celular y metabólico. Consulte con un profesional de la salud antes de iniciar su consumo.",vtex_spec_or_regex,true
Farmacia Universal,Omeganatur 1000 mg Cápsulas Blandas - Caja 30 und,Omeganatur 1000 mg Cápsulas Blandas 30 und Precio + Delivery Gratis,DE4917,30.00,PEN,available,https://www.farmaciauniversal.com/omeganatur-1000-mg-capsulas-blandas-caja-30-und/p,27585,Sherfarma,vtex_catalog_search,2026-06-08T00:46:49.814747+00:00,100,"/Vitaminas y Suplementos/Minerales y Otros/Omega 3/ /Vitaminas y Suplementos/Minerales y Otros/ /Vitaminas y Suplementos/ /1/10/324/ /1/10/ /1/ Caja 30 und Omega 3 1000 mg (EPA 500 mg, DHA 200 mg) DE4917 Tomar 1 a 2 cápsulas al día, de preferencia con las comidas, o según indicación del profesional de salud. No usar en caso de alergia al pescado o a alguno de los componentes. Si estás tomando anticoagulantes o te vas a someter a una cirugía, consulta con tu médico antes de usarlo. Mantener fuera del alcance de los niños y conservar en un lugar fresco. Presentación Principio Activo Registro Sanitario Modo de uso Precauciones y Contraindicaciones No Producto a Pedido 1 Presentación Principio Activo Registro Sanitario Modo de uso Precauciones y Contraindicaciones Producto a Pedido Stock Security Campos Auxiliares Highlight Stock Security Omeganatur 1000 mg es un suplemento de Omega 3 que aporta EPA y DHA, ácidos grasos esenciales provenientes del aceite de pescado. Está diseñado para apoyar el buen funcionamiento del corazón, el cerebro y la salud general, especialmente útil como complemento en personas con niveles elevados de colesterol o triglicéridos. Ideal para quienes buscan cuidar su salud cardiovascular con un producto de fácil consumo.",vtex_spec_or_regex,true
Farmacia Universal,Nepro AP Bebible Sabor Vainilla - Lata 237 ml,Nepro AP Bebible Vainilla 237 ml Precio + Delivery Gratis,DE2077,21.94,PEN,available,https://www.farmaciauniversal.com/nepro-ap-bebible-sabor-vainilla-lata-237-ml/p,16626,Abbott Nutrition,vtex_catalog_search,2026-06-08T00:46:49.817137+00:00,100,"/Vitaminas y Suplementos/Suplementos Nutricionales/Fórmulas Especializadas/ /Vitaminas y Suplementos/Suplementos Nutricionales/ /Vitaminas y Suplementos/ /1/12/29/ /1/12/ /1/ Lata 237 ml DE2077 Para uso vía oral o por sonda. ADVERTENCIAS Y PRECAUCIONES: Solo para uso en pacientes renales en diálisis. No use por vía parenteral (intravenosa). No debe utilizarse como sustituto de una dieta equilibrada. Use bajo la supervisión del profesional de la salud. Presentación Registro Sanitario Modo de uso Precauciones y Contraindicaciones No Producto a Pedido Vainilla Sabor 2 Presentación Registro Sanitario Modo de uso Precauciones y Contraindicaciones Producto a Pedido Sabor Stock Security Campos Auxiliares Highlight Filtros Stock Security NEPRO AP es un complemento nutricional completo para personas en diálisis. Cuenta con un alto contenido de proteínas 19.1 gramos por porción, restringida en electrolitos (fosforo, potasio y sodio) y de alta densidad calórica. Esta científicamente diseñada para mejorar el estado nutricional y reponer las proteínas pérdidas durante la diálisis.",vtex_spec_or_regex,true
Farmacia Universal,Supportan Drink Sabor Frutos Tropicales - Pack 4 und (200 ml c/u),Supportan Drink Sabor Frutos Tropicales 4 und (200 ml c/u) Precio + Delivery Gratis,DE3580,54.00,PEN,unavailable,https://www.farmaciauniversal.com/supportan-drink-sabor-frutos-tropicales-pack-4-und-200-ml-c-u/p,27289,Fresenius Kabi,vtex_catalog_search,2026-06-08T00:46:49.826003+00:00,,"/Vitaminas y Suplementos/Suplementos Nutricionales/Fórmulas Especializadas/ /Vitaminas y Suplementos/Suplementos Nutricionales/ /Vitaminas y Suplementos/ /1/12/29/ /1/12/ /1/ Pack 4 und (200 ml c/u) DE3580 Suplemento nutricional vía oral. No adecuado para niños menores de 3 años. Debe usarse con precaución en niños menores de 6 años. Debe usarse solo bajo supervisión médica. Cabe señalar que además de las altas cantidades de proteínas, también se suministran algunos micronutrientes, especialmente cobre, hierro y niacina, en cantidades bastante elevadas. Presentación Registro Sanitario Modo de uso Precauciones y Contraindicaciones No Producto a Pedido 1 Presentación Registro Sanitario Modo de uso Precauciones y Contraindicaciones Producto a Pedido Stock Security Campos Auxiliares Highlight Stock Security Soporte oral líquido, nutricionalmente completo 1.5 kcal/ml. 20 gr proteínas/200ml. 1 gr EPA/200ml. Sabor Frutos Tropicales.",vtex_spec_or_regex,true
Farmacia Universal,Nutrifiber Polvo para Solución Oral - Pote 200 g,Nutrifiber Polvo para Solución Oral 200 g Precio + Delivery Gratis,DE3692,58.07,PEN,unavailable,https://www.farmaciauniversal.com/nutrifiber-polvo-para-solucion-oral-pote-200-g/p,28777,Ipca,vtex_catalog_search,2026-06-08T00:46:50.200566+00:00,,/Vitaminas y Suplementos/Multivitamínicos/Digestivos/ /Vitaminas y Suplementos/Multivitamínicos/ /Vitaminas y Suplementos/ /1/344/352/ /1/344/ /1/ Pote 200 g DE3692 Disolver la cantidad recomendada en un vaso de agua y consumir según las indicaciones del envase o del profesional de la salud. Consultar al médico antes de usar si se tiene alergia a alguno de los componentes o si se presentan síntomas gastrointestinales persistentes. Mantener fuera del alcance de los niños. Evitar su uso durante el embarazo y lactancia. Presentación Registro Sanitario Modo de uso Precauciones y Contraindicaciones No Producto a Pedido 1 Presentación Registro Sanitario Modo de uso Precauciones y Contraindicaciones Producto a Pedido Stock Security Campos Auxiliares Highlight Stock Security Nutrifiber es un suplemento de fibra dietética en polvo que ayuda a mejorar la salud digestiva y a mantener una función intestinal regular.,vtex_spec_or_regex,true
Farmacia Universal,Diben Drink Sabor Capuccino - Pack 4 und (200 ml c/u),Diben Drink Sabor Capuccino 4 und (200 ml c/u) Precio + Delivery Gratis,DE3115,48.00,PEN,unavailable,https://www.farmaciauniversal.com/diben-drink-sabor-capuccino-pack-4-und-200-ml-c-u/p,25412,Fresenius Kabi,vtex_catalog_search,2026-06-08T00:46:50.201151+00:00,,"/Vitaminas y Suplementos/Suplementos Nutricionales/Fórmulas Especializadas/ /Vitaminas y Suplementos/Suplementos Nutricionales/ /Vitaminas y Suplementos/ /1/12/29/ /1/12/ /1/ Pack 4 und (200 ml c/u) DE3115 Suplemento nutricional vía oral. La nutrición enteral también se debe utilizar con precaución en el metabolismo deficiente de insuficiencia orgánica grave y la forma grave de mala asimilación. Usar con precaución en niños de 3 a 6 años. Presentación Registro Sanitario Modo de uso Precauciones y Contraindicaciones No Producto a Pedido 1 Presentación Registro Sanitario Modo de uso Precauciones y Contraindicaciones Producto a Pedido Stock Security Campos Auxiliares Highlight Stock Security Soporte oral líquido para diabético, nutricionalmente completo 1.5 kcal/ml. 15g proteínas/200ml. Sabor Capuchino.",vtex_spec_or_regex,true
Farmacia Universal,Diben Drink Sabor Frutos del Bosque - Pack 4 und (200 ml c/u),Diben Drink Sabor Frutos del Bosque 4 und (200 ml c/u) Precio + Delivery Gratis,DE3116,48.00,PEN,unavailable,https://www.farmaciauniversal.com/diben-drink-sabor-frutos-del-bosque-pack-4-und-200-ml-c-u/p,32095,Fresenius Kabi,vtex_catalog_search,2026-06-08T00:46:50.202849+00:00,,"/Vitaminas y Suplementos/Suplementos Nutricionales/Fórmulas Especializadas/ /Vitaminas y Suplementos/Suplementos Nutricionales/ /Vitaminas y Suplementos/ /1/12/29/ /1/12/ /1/ Pack 4 und (200 ml c/u) DE3116 La dosis la determina el profesional sanitario de acuardo a las necesidades del paciente. Recomendación para nutrición suplementaria 2 a 3 botellas (600 - 900 kcal)/día, para nutrición completa 5 botellas (1500 kcal)/día. Una vez abiertas las botellas deben guardarse en la nevera y utilizarse en 24 horas. Debe utilizarse bajo supervisión médica. Utilizar bajo recomendación de un profesional de la salud, especialmente en personas con condiciones metabólicas específicas. Mantener fuera del alcance de los niños. Presentación Registro Sanitario Modo de uso Precauciones y Contraindicaciones No Producto a Pedido 1 Presentación Registro Sanitario Modo de uso Precauciones y Contraindicaciones Producto a Pedido Stock Security Campos Auxiliares Highlight Stock Security Diben Drink sabor frutos del bosque es una fórmula nutricional lista para beber, diseñada para complementar la alimentación de personas con requerimientos nutricionales específicos. Su presentación en pack de 4 unidades facilita su consumo práctico en el día a día.",vtex_spec_or_regex,true
Farmacia Universal,Regenesis Cápsulas Blandas - Caja 30 und,Regenesis Cápsulas Blandas 30 und Precio + Delivery Gratis,DE2831,60.00,PEN,unavailable,https://www.farmaciauniversal.com/regenesis-capsulas-blandas-caja-30-und/p,23988,Exeltis,vtex_catalog_search,2026-06-08T00:46:50.203437+00:00,,"/Vitaminas y Suplementos/Minerales y Otros/Omega 3/ /Vitaminas y Suplementos/Minerales y Otros/ /Vitaminas y Suplementos/ /1/10/324/ /1/10/ /1/ Caja 30 und Omega 3 320 mg DE2831 Tomar una cápsula blanda al día con agua, preferentemente durante una comida. La dosis puede ajustarse según las indicaciones de un profesional de la salud. No exceder la dosis diaria recomendada. Este producto no sustituye una alimentación equilibrada. Mantener fuera del alcance de los niños y almacenar en un lugar fresco y seco. Se recomienda consultar con un profesional de la salud antes de iniciar su consumo, especialmente durante el embarazo, lactancia o si se está bajo tratamiento médico. Presentación Principio Activo Registro Sanitario Modo de uso Precauciones y Contraindicaciones No Producto a Pedido 1 Presentación Principio Activo Registro Sanitario Modo de uso Precauciones y Contraindicaciones Producto a Pedido Stock Security Campos Auxiliares Highlight Stock Security Regenesis es un suplemento nutricional que contiene ácidos grasos Omega 3, los cuales forman parte de una dieta equilibrada. Los Omega 3, como el EPA y el DHA, están presentes de manera natural en algunos alimentos y pueden ser consumidos como parte de un régimen complementario bajo recomendación médica o nutricional.",vtex_spec_or_regex,true
Farmacia Universal,Diutin Protein Sabor Sandía - Frasco 450 ml,Diutin Protein Sandía 450 ml Precio + Delivery Gratis,DE3754,104.90,PEN,available,https://www.farmaciauniversal.com/diutin-protein-sabor-sandia-frasco-450-ml/p,27955,Diutin,vtex_catalog_search,2026-06-08T00:46:50.701964+00:00,10,"/Vitaminas y Suplementos/Minerales y Otros/Proteínas/ /Vitaminas y Suplementos/Minerales y Otros/ /Vitaminas y Suplementos/ /1/10/19/ /1/10/ /1/ Frasco 450 ml DE3754 DIUTIN PROTEIN se puede consumir de manera directa, con su bebida o comida favorita. Mezcla con líquidos: jugos, batidos, agua, refrescos, etc. Mezcla con alimentos: ensalada de frutas, gelatina, mazamorra, etc. Por vía enteral diluído con agua al 50%. No superar la dosis diaria expresamente recomendada para productos dietéticos. El producto debe ser almacenado fuera del alcance y vista de los niños. No usar si el sello de seguridad está roto. Presentación Registro Sanitario Modo de uso Precauciones y Contraindicaciones No Producto a Pedido Sandía Frasco 450 ml Sabor Presentaciones 1 Presentación Registro Sanitario Modo de uso Precauciones y Contraindicaciones Producto a Pedido Sabor Presentaciones Stock Security Campos Auxiliares Highlight Filtros Stock Security DIUTIN PROTEIN, es proteína líquida con aminoácidos esenciales y no esenciales, DIUTIN PROTEIN no contiene sacarosa, fructosa ni gluten, endulzado con sucralosa.",vtex_spec_or_regex,true
Farmacia Universal,Diutin Protein Sabor Mango - Frasco 450 ml,Diutin Protein Mango 450 ml Precio + Delivery Gratis,DE3838,104.90,PEN,available,https://www.farmaciauniversal.com/diutin-protein-sabor-mango-frasco-450-ml/p,27956,Diutin,vtex_catalog_search,2026-06-08T00:46:50.702489+00:00,100,"/Vitaminas y Suplementos/Minerales y Otros/Proteínas/ /Vitaminas y Suplementos/Minerales y Otros/ /Vitaminas y Suplementos/ /1/10/19/ /1/10/ /1/ Frasco 450 ml DE3838 DIUTIN PROTEIN se puede consumir de manera directa, con su bebida o comida favorita. Mezcla con líquidos: jugos, batidos, agua, refrescos, etc. Mezcla con alimentos: ensalada de frutas, gelatina, mazamorra, etc. Por vía enteral diluído con agua al 50%. No superar la dosis diaria expresamente recomendada para productos dietéticos. El producto debe ser almacenado fuera del alcance y vista de los niños. No usar si el sello de seguridad está roto. Presentación Registro Sanitario Modo de uso Precauciones y Contraindicaciones No Producto a Pedido Mango Frasco 450 ml Sabor Presentaciones 1 Presentación Registro Sanitario Modo de uso Precauciones y Contraindicaciones Producto a Pedido Sabor Presentaciones Stock Security Campos Auxiliares Highlight Filtros Stock Security DIUTIN PROTEIN, es proteína líquida con aminoácidos esenciales y no esenciales, DIUTIN PROTEIN no contiene sacarosa, fructosa ni gluten, endulzado con sucralosa.",vtex_spec_or_regex,true
Farmacia Universal,Drasanvi Sport Live L Glutamina Sabor Limón - Frasco 300 g,Drasanvi Sport Live L Glutamina Sabor Limón Precio + Delivery Gratis,DE3995,105.00,PEN,available,https://www.farmaciauniversal.com/drasanvi-sport-live-l-glutamina-43495-mg-sabor-limon-frasco-300-g/p,27751,Drasanvi,vtex_catalog_search,2026-06-08T00:46:50.705730+00:00,10,/Vitaminas y Suplementos/Suplementos Deportivos/Otros Suplementos/ /Vitaminas y Suplementos/Suplementos Deportivos/ /Vitaminas y Suplementos/ /1/13/36/ /1/13/ /1/ Frasco 300 g DE3995 Tomar 5 g de L-Glutamina disueltos en 100 ml de agua durante el desayuno y otros 5 g después del entrenamiento. Esta ingesta está recomendada para personas de 80 Kg (aumentar la proporción según el peso corporal )*Un cazo dosificador enrasado corresponde a 5 g Su uso no es recomendable en mujeres embarazadas y lactantes. Mantener fuera del alcance de los niños. Conservar en un lugar fresco y seco Presentación Registro Sanitario Modo de uso Precauciones y Contraindicaciones No Producto a Pedido 0 Presentación Registro Sanitario Modo de uso Precauciones y Contraindicaciones Producto a Pedido Stock Security Campos Auxiliares Highlight Stock Security Suplemento alimenticio de L-Glutamina (Kyowa).,vtex_spec_or_regex,true
Farmacia Universal,German Energy Xtreme Boost Energy Tabletas Efervescentes - Tubo 20 und,German Energy Xtreme Boost Energy Tabletas Efervescentes 20 und Precio + Delivery Gratis,DE3617,17.50,PEN,available,https://www.farmaciauniversal.com/german-energy-xtreme-boost-energy-tabletas-efervescentes-tubo-20-und/p,29655,Germany Energy,vtex_catalog_search,2026-06-08T00:46:50.706666+00:00,10,"/Vitaminas y Suplementos/Suplementos Deportivos/Otros Suplementos/ /Vitaminas y Suplementos/Suplementos Deportivos/ /Vitaminas y Suplementos/ /1/13/36/ /1/13/ /1/ Tubo 20 und DE3617 Almacenar a menos de 25ºC y en un lugar seco. Mantener el tubo cerrado. Manténgase fuera del alcance de los niños. Presentación Registro Sanitario Precauciones y Contraindicaciones No Producto a Pedido Guaraná Tubo 20 und Sabor Presentaciones 1 Presentación Registro Sanitario Precauciones y Contraindicaciones Producto a Pedido Sabor Presentaciones Stock Security Campos Auxiliares Highlight Filtros Stock Security Suplemento alimentario con Cafeína, Taurina y Vitaminas del Complejo B.",vtex_spec_or_regex,true
Farmacia Universal,Biogaia Protectis 19 mg/ml Suspensión Oral - Frasco 5 ml,Biogaia Protectis 19 mg/ml Suspensión Oral 5 ml Precio + Delivery Gratis,DE1971,66.00,PEN,available,https://www.farmaciauniversal.com/biogaia-protectis-19-mgml-suspension-oral-frasco-5-ml/p,10235,Abbott Pharma,vtex_catalog_search,2026-06-08T00:46:50.706886+00:00,10,"/Cuidado Infantil/Nutrición Infantil/Suplementos Infantiles/ /Cuidado Infantil/Nutrición Infantil/ /Cuidado Infantil/ /5/151/340/ /5/151/ /5/ Frasco 5 ml DE1971 Adultos y niños: agitar bien durante 10 segundos antes de cada uso. Administrar 5 gotas al día con los alimentos. Mantener fuera del alcance de los niños. No debe utilizarse como sustituto de una dieta equilibrada. Presentación Registro Sanitario Modo de uso Precauciones y Contraindicaciones No Producto a Pedido 1 Presentación Registro Sanitario Modo de uso Precauciones y Contraindicaciones Producto a Pedido Stock Security Campos Auxiliares Highlight Stock Security Fortalecer y reequilibra las buenas bacterias de la flora intestinal. Fortalece las defensas naturales, reduce y previene los sintomas de una diarrea aguda. Alivia los cólicos de los bebés.",vtex_spec_or_regex,true
Farmacia Universal,Feqoxil Donna Comprimidos Masticables - Caja 30 und,Feqoxil Donna Comprimidos Masticables 30 und Precio + Delivery Gratis,DE3136,99.90,PEN,available,https://www.farmaciauniversal.com/feqoxil-donna-comprimidos-masticables-caja-30-und/p,4497,Vitalyv,vtex_catalog_search,2026-06-08T00:46:50.707345+00:00,100,"/Vitaminas y Suplementos/Multivitamínicos/Fertilidad/ /Vitaminas y Suplementos/Multivitamínicos/ /Vitaminas y Suplementos/ /1/344/428/ /1/344/ /1/ Caja 30 und DE3136 Adultos masticar o tragar un comprimido al día. Advertencia: Los complementos alimenticios no se deben utilizar como sustitutos de una dieta equilibrada y un estilo de vida sano. Mantener fuera del alcance de los niños. Contiene Polialcoholes su consumo excesivo puede producir efectos laxantes. Presentación Registro Sanitario Modo de uso Precauciones y Contraindicaciones No Producto a Pedido 2 Presentación Registro Sanitario Modo de uso Precauciones y Contraindicaciones Producto a Pedido Stock Security Campos Auxiliares Highlight Stock Security FEQOXIL DONNA es un complemento alimenticio de CQ10, Inositol, Ácido fólico, Vitaminas B12 y D3 y Selenio. Co tratamiento de reproducción asistida (mejorando los niveles ovulatorios). Protector celular del estrés oxidativo.",vtex_spec_or_regex,true
Farmacia Universal,Drasanvi Sport Live L Glutamina Sabor Sandía - Frasco 300 g,Drasanvi Sport Live L Glutamina Sabor Sandía 300 g Precio + Delivery Gratis,DE3910,105.00,PEN,unavailable,https://www.farmaciauniversal.com/drasanvi-sport-live-l-glutamina-sabor-sandia-frasco-300-g/p,26953,Drasanvi,vtex_catalog_search,2026-06-08T00:46:50.970003+00:00,,/Vitaminas y Suplementos/Suplementos Deportivos/Otros Suplementos/ /Vitaminas y Suplementos/Suplementos Deportivos/ /Vitaminas y Suplementos/ /1/13/36/ /1/13/ /1/ Frasco 300 g DE3910 Tomar 5 g de L-Glutamina disueltos en 100 ml de agua durante el desayuno y otros 5 g después del entrenamiento. Esta ingesta está recomendada para personas de 80 Kg (aumentar la proporción según el peso corporal )*Un cazo dosificador enrasado corresponde a 5 g. Su uso no es recomendable en mujeres embarazadas y lactantes. Mantener fuera del alcance de los niños. Conservar en un lugar fresco y seco. Presentación Registro Sanitario Modo de uso Precauciones y Contraindicaciones No Producto a Pedido 0 Presentación Registro Sanitario Modo de uso Precauciones y Contraindicaciones Producto a Pedido Stock Security Campos Auxiliares Highlight Stock Security Suplemento alimenticio de L-Glutamina (Kyowa).,vtex_spec_or_regex,true
Farmacia Universal,Flavia Nocta Fast Cápsulas Blandas - Caja 30 und,Flavia Nocta Fast Cápsulas Blandas 30 und Precio + Delivery Gratis,DE4468,173.10,PEN,available,https://www.farmaciauniversal.com/flavia-nocta-fast-capsulas-blandas-caja-30-und/p,29534,ITF Farmaceutica,vtex_catalog_search,2026-06-08T00:46:51.567592+00:00,100,"/Vitaminas y Suplementos/Multivitamínicos/Menopausia/ /Vitaminas y Suplementos/Multivitamínicos/ /Vitaminas y Suplementos/ /1/344/358/ /1/344/ /1/ Caja 30 und DE4468 Tomar una cápsula blanda al día con un vaso de agua, preferiblemente a la misma hora cada noche, entre 30 minutos y una hora antes de acostarse. No superar la dosis diaria recomendada. Este producto no debe usarse como sustituto de una dieta equilibrada y un estilo de vida saludable. Mantener fuera del alcance de los niños. Conservar a una temperatura no mayor a 30°C. No utilizar durante el embarazo y la lactancia. Evitar su consumo en caso de hipersensibilidad a alguno de sus componentes. Presentación Registro Sanitario Modo de uso Precauciones y Contraindicaciones No Producto a Pedido 1 Presentación Registro Sanitario Modo de uso Precauciones y Contraindicaciones Producto a Pedido Stock Security Campos Auxiliares Highlight Stock Security Flavia Nocta Fast es un complemento dietético desarrollado para aportar los nutrientes necesarios en situaciones que requieren un refuerzo adicional a la alimentación diaria.",vtex_spec_or_regex,true
Farmacia Universal,"Ana Maria Lajusticia Colágeno con Magnesio + Vit C, B1, B2 y B6 - Frasco 350 g","Ana Maria Lajusticia Colágeno con Magnesio + Vit C, B1, B2 y B6 350 g Precio + Delivery Gratis",DE4211,169.00,PEN,available,https://www.farmaciauniversal.com/ana-maria-lajusticia-colageno-con-magnesio-vit-c-b1-b2-y-b6-frasco-350-g/p,28026,Ana Maria Lajusticia,vtex_catalog_search,2026-06-08T00:46:51.568300+00:00,10,"/Vitaminas y Suplementos/Minerales y Otros/Colágenos/ /Vitaminas y Suplementos/Minerales y Otros/ /Vitaminas y Suplementos/ /1/10/323/ /1/10/ /1/ Frasco 350 g DE4211 Tomar 01 cucharita en el desayuno, 01 en el almuerzo y 01 en la cena. Un total diario de 7.5g., repartido en 03 cucharitas de té al ras (2.5 gr. c/u) Acompañar con líquidos, yogur, purés, jugos de fruta. Consumir diariamente, sin pausa. Repartir la dosis indicada 03 veces al día para mejorar su absorción y efectividad. Presentación Registro Sanitario Modo de uso Precauciones y Contraindicaciones No Producto a Pedido 1 Presentación Registro Sanitario Modo de uso Precauciones y Contraindicaciones Producto a Pedido Stock Security Campos Auxiliares Highlight Stock Security Complemento Nutricional Ana Maria Lajusticia a base de Colágeno Hidrolizado Tipo I y II. Indicado para aliviar y mejorar las Articulaciones, tendones, cartílagos y músculos. Aporta flexibilidad y fortalecimiento en los huesos, mejora el aspecto de la piel, uñas, cabello y encías. Formula enriquecida con Magnesio, Vitamina C y Vitaminas B1,B2 y B6. Frasco x 350g en Polvo para diluir. Sabor Fresa.",vtex_spec_or_regex,true
Farmacia Universal,Aquarest 250 mg Polvo para Solución Oral Sobres - Caja 10 und,Aquarest 250 mg Polvo para Solución Oral Sobres 10 und Precio + Delivery Gratis,DE2874,27.00,PEN,available,https://www.farmaciauniversal.com/aquarest-250-mg-polvo-para-solucion-oral-sobres-caja-10-und/p,31639,Apipharma,vtex_catalog_search,2026-06-08T00:46:51.578663+00:00,10,"/Medicinas/Malestar Gastrointestinal/Antiácidos y Antidiarréicos/ /Medicinas/Malestar Gastrointestinal/ /Medicinas/ /2/39/53/ /2/39/ /2/ Caja 10 und Saccharomyces Boulardii 250 mg DE2874 La dosis usual en adultos es un sobre cada 12 horas. Administrar por vía oral, preferiblemente antes de las comidas. El contenido del sobre debe disolverse en un vaso de agua y la suspensión obtenida se ingiere directamente del vaso, siguiendo la indicación médica. Presentación Principio Activo Registro Sanitario Modo de uso No No No Producto a Pedido Requiere receta médica Requiere refrigeración Presentación Principio Activo Registro Sanitario Modo de uso Producto a Pedido Requiere receta médica Requiere refrigeración Campos Auxiliares Highlight Aquarest 250 mg es un probiótico en polvo para solución oral que contiene Saccharomyces boulardii, utilizado como apoyo en el manejo de alteraciones gastrointestinales asociadas a diarreas. Su presentación en sobres facilita la dosificación y preparación, siendo una alternativa práctica para complementar el cuidado digestivo bajo recomendación profesional.",vtex_spec_or_regex,true
Farmacia Universal,Ana Maria Lajusticia Colágeno con Magnesio Comprimidos - Frasco 450 und,Ana Maria Lajusticia Colágeno con Magnesio Comprimidos 450 und Precio + Delivery Gratis,DE3956,189.00,PEN,unavailable,https://www.farmaciauniversal.com/ana-maria-lajusticia-colageno-con-magnesio-comprimidos-frasco-450-und/p,28024,Ana Maria Lajusticia,vtex_catalog_search,2026-06-08T00:46:52.750044+00:00,,"/Vitaminas y Suplementos/Minerales y Otros/Colágenos/ /Vitaminas y Suplementos/Minerales y Otros/ /Vitaminas y Suplementos/ /1/10/323/ /1/10/ /1/ Frasco 450 und DE3956 Tomar de 6 a 9 comprimidos en total al día. Para prevención tomar 6 comprimidos. Para síntomas de artrosis, dolor dolor leve, lesiones leves, procesos post quirúrgicos tomar hasta 9 comprimidos. (De 2 a 3 comprimidos por toma, en el desayuno, almuerzo y cena). Acompañar con alimentos ricos en Vit. C para una mejor absorción. Consumir diariamente sin pausa. Presentación Registro Sanitario Modo de uso Precauciones y Contraindicaciones No Producto a Pedido 1 Presentación Registro Sanitario Modo de uso Precauciones y Contraindicaciones Producto a Pedido Stock Security Campos Auxiliares Highlight Stock Security Complemento Nutricional Ana Maria Lajusticia a base de Colágeno Hidrolizado Tipo I y II. Indicado para aliviar y mejorar las Articulaciones, tendones, cartílagos y músculos. Aporta flexibilidad y fortalecimiento en los huesos, mejora el aspecto de la piel, uñas, cabello y encías. Formula enriquecida con Magnesio. Frasco x 450 Comprimidos.",vtex_spec_or_regex,true
Farmacia Universal,Ana Maria Lajusticia Colágeno con Magnesio Comprimidos - Frasco 180 und,Ana Maria Lajusticia Colágeno con Magnesio Comprimidos 180 und Precio + Delivery Gratis,DE3956,87.00,PEN,unavailable,https://www.farmaciauniversal.com/ana-maria-lajusticia-colageno-con-magnesio-comprimidos-frasco-180-und/p,28023,Ana Maria Lajusticia,vtex_catalog_search,2026-06-08T00:46:52.750295+00:00,,"/Vitaminas y Suplementos/Minerales y Otros/Colágenos/ /Vitaminas y Suplementos/Minerales y Otros/ /Vitaminas y Suplementos/ /1/10/323/ /1/10/ /1/ Frasco 180 und DE3956 Tomar de 6 a 9 comprimidos en total al día. Para prevención tomar 6 comprimidos. Para síntomas de artrosis, dolor dolor leve, lesiones leves, procesos post quirúrgicos tomar hasta 9 comprimidos. (De 2 a 3 comprimidos por toma, en el desayuno, almuerzo y cena). Acompañar con alimentos ricos en Vit. C para una mejor absorción. Consumir diariamente sin pausa. Presentación Registro Sanitario Modo de uso Precauciones y Contraindicaciones No Producto a Pedido 1 Presentación Registro Sanitario Modo de uso Precauciones y Contraindicaciones Producto a Pedido Stock Security Campos Auxiliares Highlight Stock Security Complemento Nutricional Ana Maria Lajusticia a base de Colágeno Hidrolizado Tipo I y II. Indicado para aliviar y mejorar las Articulaciones, tendones, cartílagos y músculos. Aporta flexibilidad y fortalecimiento en los huesos, mejora el aspecto de la piel, uñas, cabello y encías. Formula enriquecida con Magnesio. Frasco x 180 Comprimidos.",vtex_spec_or_regex,true
Farmacia Universal,Bio 3 Suspensión para Gotas Orales - Frasco 10 ml,Bio 3 Suspensión para Gotas Orales 10 ml Precio + Delivery Gratis,DE4598,58.00,PEN,unavailable,https://www.farmaciauniversal.com/bio-3-suspension-para-gotas-orales-frasco-10-ml/p,31641,Apipharma,vtex_catalog_search,2026-06-08T00:46:52.752958+00:00,,"/Cuidado Infantil/Nutrición Infantil/Suplementos Infantiles/ /Cuidado Infantil/Nutrición Infantil/ /Cuidado Infantil/ /5/151/340/ /5/151/ /5/ Frasco 10 ml DE4598 Administrar por vía oral según la dosis indicada por el profesional de la salud. No exceder la dosis recomendada. No sustituye tratamientos médicos indicados. En caso de síntomas persistentes, se recomienda consultar a un profesional de la salud. Presentación Registro Sanitario Modo de uso Precauciones y Contraindicaciones No Producto a Pedido 0 Presentación Registro Sanitario Modo de uso Precauciones y Contraindicaciones Producto a Pedido Stock Security Campos Auxiliares Highlight Stock Security Bio 3 es una suspensión en gotas para administración oral formulada para apoyar el equilibrio de la flora intestinal, especialmente en casos de alteraciones digestivas. Su presentación en gotas facilita la administración y dosificación, siendo una opción práctica para niños y adultos bajo recomendación médica.",vtex_spec_or_regex,true
Farmacia Universal,Alterna Péptido 1.5 kcal/ml - Frasco 1000 ml,Alterna Péptido 1.5 kcal/ml 1000 ml Precio + Delivery Gratis,DE2729,180.00,PEN,available,https://www.farmaciauniversal.com/alterna-peptido-15-kcal-ml-frasco-1000-ml/p,22488,Abbott Nutrition,vtex_catalog_search,2026-06-08T00:46:53.316575+00:00,10,"/Vitaminas y Suplementos/Suplementos Nutricionales/Fórmulas Especializadas/ /Vitaminas y Suplementos/Suplementos Nutricionales/ /Vitaminas y Suplementos/ /1/12/29/ /1/12/ /1/ Frasco 1000 ml DE2729 Únicamente para uso enteral. No debe administrarse por vía intravenosa. No está recomendada para personas con galactosemia, alergia a la proteína de vaca y a la proteína de soya o en individuos alérgicos a sus componentes. No está diseñado para su uso en niños a menos que lo recomiende un médico u otro profesional de la salud calificado. Presentación Registro Sanitario Modo de uso Precauciones y Contraindicaciones No Producto a Pedido 1 Presentación Registro Sanitario Modo de uso Precauciones y Contraindicaciones Producto a Pedido Stock Security Campos Auxiliares Highlight Stock Security Alterna™ Péptido es una fórmula nutricional completa, semi-elemental e hipercalórica, basado en péptidos y con triglicéridos de cadena media (TCM) para personas hospitalizadas con función gastrointestinal deteriorada.",vtex_spec_or_regex,true
Farmacia Universal,Proteinex Proteína en Polvo - Lata 275 g,Proteinex Proteína en Polvo 275 g Precio + Delivery Gratis,DE1739,115.00,PEN,available,https://www.farmaciauniversal.com/proteinex-proteina-en-polvo-lata-275-g/p,17713,Victus,vtex_catalog_search,2026-06-08T00:46:55.998503+00:00,100,"/Vitaminas y Suplementos/Minerales y Otros/Proteínas/ /Vitaminas y Suplementos/Minerales y Otros/ /Vitaminas y Suplementos/ /1/10/19/ /1/10/ /1/ Lata 275 g DE1739 Añada la cantidad necesaria a alimentos, bebidas ó fórmulas enterales. No es una dieta completa. Use según las recomendaciones de un profesional de la salud. Presentación Registro Sanitario Modo de uso Precauciones y Contraindicaciones No Producto a Pedido Lata 275 g Presentaciones 1 Presentación Registro Sanitario Modo de uso Precauciones y Contraindicaciones Producto a Pedido Presentaciones Stock Security Campos Auxiliares Highlight Filtros Stock Security Personas que requieren aumentar su ingesta proteica o tienen requerimientos proteicos incrementados.",vtex_spec_or_regex,true
Farmacia Universal,Diutin Protein Sabor Sandía - Frasco 900 ml,Diutin Protein Sandía 900 ml Precio + Delivery Gratis,DE3754,190.00,PEN,available,https://www.farmaciauniversal.com/diutin-protein-sabor-sandia-frasco-900-ml/p,26977,Diutin,vtex_catalog_search,2026-06-08T00:46:56.002075+00:00,10,"/Vitaminas y Suplementos/Minerales y Otros/Proteínas/ /Vitaminas y Suplementos/Minerales y Otros/ /Vitaminas y Suplementos/ /1/10/19/ /1/10/ /1/ Frasco 900 ml DE3754 Diutin Protein, puede consumirse de manera directa, con su bebida o comida favorita. mezcla con líquidos: jugos, batidos, agua, refrescos, fórmulas enterales, etc. mezcla con alimentos: ensalada de frutas, gelatina, mazamorra, etc. Hipersensibilidad a algunos de sus componentes. Presentación Registro Sanitario Modo de uso Precauciones y Contraindicaciones No Producto a Pedido Sandía Frasco 900 ml Sabor Presentaciones 1 Presentación Registro Sanitario Modo de uso Precauciones y Contraindicaciones Producto a Pedido Sabor Presentaciones Stock Security Campos Auxiliares Highlight Filtros Stock Security Proteína líquida con aminoácidos esenciales y no esenciales.",vtex_spec_or_regex,true
Farmacia Universal,Diutin Protein Sabor Mango - Frasco 900 ml,Diutin Protein Mango 900 ml Precio + Delivery Gratis,DE3838,190.00,PEN,available,https://www.farmaciauniversal.com/diutin-protein-sabor-mango-frasco-900-ml/p,26978,Diutin,vtex_catalog_search,2026-06-08T00:46:56.002297+00:00,10,"/Vitaminas y Suplementos/Minerales y Otros/Proteínas/ /Vitaminas y Suplementos/Minerales y Otros/ /Vitaminas y Suplementos/ /1/10/19/ /1/10/ /1/ Frasco 900 ml DE3838 Diutin Protein, puede consumirse de manera directa, con su bebida o comida favorita. mezcla con líquidos: jugos, batidos, agua, refrescos, fórmulas enterales, etc. mezcla con alimentos: ensalada de frutas, gelatina, mazamorra, etc. Hipersensibilidad a algunos de sus componentes. Presentación Registro Sanitario Modo de uso Precauciones y Contraindicaciones No Producto a Pedido Mango Frasco 900 ml Sabor Presentaciones 1 Presentación Registro Sanitario Modo de uso Precauciones y Contraindicaciones Producto a Pedido Sabor Presentaciones Stock Security Campos Auxiliares Highlight Filtros Stock Security Proteína líquida con aminoácidos esenciales y no esenciales.",vtex_spec_or_regex,true
Farmacia Universal,Drasanvi Sport Live Iso Whey Protein Sabor Chocolate - Frasco 800 g,Drasanvi Sport Live Iso Whey Protein Chocolate 800 g Precio + Delivery Gratis,DE3934,148.28,PEN,available,https://www.farmaciauniversal.com/drasanvi-sport-live-iso-whey-protein-sabor-chocolate-lata-800-g/p,26954,Drasanvi,vtex_catalog_search,2026-06-08T00:46:56.002859+00:00,10,"/Vitaminas y Suplementos/Suplementos Deportivos/Proteína de Suero/ /Vitaminas y Suplementos/Suplementos Deportivos/ /Vitaminas y Suplementos/ /1/13/34/ /1/13/ /1/ Frasco 800 g DE3934 Tomar 30 g. (3/4 del cacito dosificador) disueltos en 250 - 300 ml de agua o leche semidesnatada. Generalmente, deben tomarse después del ejercicio. Complemento alimenticio a base de complejo de enzimas digestivas (alfa-amilasa, proteasa, celulasa, beta-D-galactosidasa y lipasa) proteína y aminoácidos con edulcorante Los complementos alimenticios no deben utilizarse como sustituto de una dieta equilibrada. No superar la dosis diaria expresamente recomendada. Mantener fuera del alcance de los niños más pequeños. Conservar en un lugar fresco y seco. Contiene leche y soja. Presentación Registro Sanitario Modo de uso Precauciones y Contraindicaciones No Producto a Pedido Chocolate Sabor 1 Presentación Registro Sanitario Modo de uso Precauciones y Contraindicaciones Producto a Pedido Sabor Stock Security Campos Auxiliares Highlight Filtros Stock Security Whey Protein con sabor doble Chocolate es un complemento alimenticio a base de proteínas de alta pureza. Esta fuente proteica proviene de aislado de suero de leche obtenido por microfiltración y ultrafiltrado. La calidad de nuestra proteína nos permite obtener un producto de alta concentración en proteínas (próximo al 90%), extremadamente bajo en hidratos de carbono y libre de grasas. Su alta pureza aporta gran cantidad de aminoácidos ramificados, presentes naturalmente en la proteína, asi como otros aminoácidos esenciales y minerales como el calcio y el fósforo. Con el fin de mejorar la calidad del producto, hemos añadido, cacao 100% orgánico, aminoácidos como la Glutamina y la Leucina, y enzimas digestivas que ayudan a asimilar las proteínas.",vtex_spec_or_regex,true
Farmacia Universal,Diutin Whey Protein - Lata 275 g,Diutin Whey Protein 275 g Precio + Delivery Gratis,DE3744,79.90,PEN,available,https://www.farmaciauniversal.com/diutin-whey-protein-lata-275-g/p,26939,Diutin,vtex_catalog_search,2026-06-08T00:46:56.003103+00:00,100,"/Vitaminas y Suplementos/Minerales y Otros/Proteínas/ /Vitaminas y Suplementos/Minerales y Otros/ /Vitaminas y Suplementos/ /1/10/19/ /1/10/ /1/ Lata 275 g DE3744 Diutin Whey Protein, puede consumirse de manera directa, con su bebida o comida favorita. Mezcla con líquidos: jugos, batidos, agua, refrescos, fórmulas enterales, etc. Mezcla con alimentos: ensalada de frutas, gelatina, mazamorra, etc. Hipersensibilidad a algunos de sus componentes. Presentación Registro Sanitario Modo de uso Precauciones y Contraindicaciones No Producto a Pedido Neutro Lata 275 g Sabor Presentaciones 1 Presentación Registro Sanitario Modo de uso Precauciones y Contraindicaciones Producto a Pedido Sabor Presentaciones Stock Security Campos Auxiliares Highlight Filtros Stock Security Proteína en polvo a base de suero lácteo.",vtex_spec_or_regex,true
Farmacia Universal,Abintra Sabor Naranja - Sobre 27 g,Abintra Sabor Naranja 27 g Precio + Delivery Gratis,DE3405,35.50,PEN,available,https://www.farmaciauniversal.com/abintra-sabor-naranja-sobre-27-g/p,25050,Victus,vtex_catalog_search,2026-06-08T00:46:56.004269+00:00,10,"/Vitaminas y Suplementos/Suplementos Nutricionales/Fórmulas Especializadas/ /Vitaminas y Suplementos/Suplementos Nutricionales/ /Vitaminas y Suplementos/ /1/12/29/ /1/12/ /1/ Sobre 27 g DE3405 1 – 2 sobres por día, según los requerimientos individuales y la recomendación de un profesional de la salud. Usar únicamente por vía oral o enteral. No administrar parenteralmente. No usar sin supervisión médica. Consulte a su médico o nutricionista. No superar la cantidad recomendada. No debe utilizarse como sustituto de una dieta equilibrada. Mantengase fuera del alcance de los niños. Contraindicado a personas con hipersensibilidad conocida a los componentes. No usar como única fuente de alimentos. Presentación Registro Sanitario Modo de uso Precauciones y Contraindicaciones No Producto a Pedido 2 Presentación Registro Sanitario Modo de uso Precauciones y Contraindicaciones Producto a Pedido Stock Security Campos Auxiliares Highlight Stock Security Alimento para propósitos médicos especiales. Polvo para reconstruir con aislado de proteína de suero de leche, arginina y glutamina. Para personas con heridas de dificil cicatrización. Sabor naranja. Sin azúcar añadida.",vtex_spec_or_regex,true
Farmacia Universal,Movisil Duo Polvo para Suspensión Oral Sobres - Caja 30 und,Movisil Duo Polvo para Suspensión Oral Sobres 30 und Precio + Delivery Gratis,DE2870,185.00,PEN,available,https://www.farmaciauniversal.com/movisil-duo-polvo-para-suspension-oral-sobres-caja-30-und/p,24234,Lafage,vtex_catalog_search,2026-06-08T00:46:56.004582+00:00,10,"/Vitaminas y Suplementos/Minerales y Otros/Colágenos/ /Vitaminas y Suplementos/Minerales y Otros/ /Vitaminas y Suplementos/ /1/10/323/ /1/10/ /1/ Caja 30 und DE2870 La dosis recomendada para adultos es de 1 sobre al día, disuelto en agua. No superar la dosis diaria recomendada. Consulte a su médico antes de usar este producto si usted padece alergia a alguno de lso componentes o a cualquier otro medicamento o suplemeto dietario. No preparar Movisil Duo en bebidas gasificadas ni que contengan alcohol. No utilizar si el sobre no está intacto. Presentación Registro Sanitario Modo de uso Precauciones y Contraindicaciones No Producto a Pedido 0 Presentación Registro Sanitario Modo de uso Precauciones y Contraindicaciones Producto a Pedido Stock Security Campos Auxiliares Highlight Stock Security Contiene colágeno hidrolizado y glucosamina sulfato. El colágeno hidrolizado es fuente de aminoácidos esenciales (histidina, isoleucina, leucina, lisina, metionina, fenilalanina, treonina, valina) para el mantenimiento de una buena salud y está involucrado en la sintesis de proteínas. El cuerpo utiliza la glucosamina sulfato para producir una variedad de sustancias que están involucradas en la formación de tendones, ligamentos, cartílago y el líquido espeso que rodea las articulaciones. Composición: Colágeno Hidrolizado 10 g, Glucosamina Sulfato 1500 mg.",vtex_spec_or_regex,true
Farmacia Universal,Drasanvi Colágeno Marino Hidrolizado Beauty - Lata 275 g,Drasanvi Colágeno Marino Hidrolizado Beauty 275 g Precio + Delivery Gratis,DE2580,124.90,PEN,available,https://www.farmaciauniversal.com/drasanvi-colageno-marino-hidrolizado-beauty-lata-275-g/p,26029,Drasanvi,vtex_catalog_search,2026-06-08T00:46:58.280868+00:00,10,"/Vitaminas y Suplementos/Minerales y Otros/Colágenos/ /Vitaminas y Suplementos/Minerales y Otros/ /Vitaminas y Suplementos/ /1/10/323/ /1/10/ /1/ Lata 275 g DE2580 Tomar 10 g (2 cucharitas dosificadoras) mezclados en un vaso de agua o zumo. Complemento alimenticio a base de colágeno, plantas, ácido hialurónico y biotina. Los complementos alimenticios no deben utilizarse como sustitutivos de una dieta equilibrada. No superar la dosis diaria expresamente recomendada. Mantener fuera del alcance de los niños más pequeños. Conservar en un lugar fresco y seco. Contiene pescado. Sin colorantes. Sin conservantes. Sin azúcares añadidos. Sin gluten. Presentación Registro Sanitario Modo de uso Precauciones y Contraindicaciones No Producto a Pedido 1 Presentación Registro Sanitario Modo de uso Precauciones y Contraindicaciones Producto a Pedido Stock Security Campos Auxiliares Highlight Stock Security Colageno Marino Hidrolizado Enzimáticamente (Tipo I), Aceite de Onagra microencapsulada, Aceite de Borraja, Vitamina C, Ácido Hialurónico, Biotina.Contiene Ingredientes escenciales que contribuyen al buen mantenimiento de la piel cabello y uñas.",vtex_spec_or_regex,true
Farmacia Universal,Drasanvi Colágeno Marino Hidrolizado Magnesio Limón - Lata 300 g,Drasanvi Colágeno Marino Hidrolizado Magnesio Limón 300 g Precio + Delivery Gratis,DE2582,124.90,PEN,available,https://www.farmaciauniversal.com/drasanvi-colageno-marino-hidrolizado-magnesio-limon-lata-300-g/p,26027,Drasanvi,vtex_catalog_search,2026-06-08T00:46:58.282795+00:00,100,"/Vitaminas y Suplementos/Minerales y Otros/Colágenos/ /Vitaminas y Suplementos/Minerales y Otros/ /Vitaminas y Suplementos/ /1/10/323/ /1/10/ /1/ Lata 300 g DE2582 Tomar 11.5 g, dos cucharitas dosificadoras al día, mezclados en un vaso de agua o zumo. Complemento alimenticio a base de colágeno, magnesio, plantas y ácido hialurónico con edulcorante. Los complementos alimenticios no deben utilizarse como sustitutivos de una dieta equilibrada. No superar la dosis diaria expresamente recomendada. Mantener fuera del alcance de los niños más pequeños. Conservar en un lugar fresco y seco. Contiene pescado. Presentación Registro Sanitario Modo de uso Precauciones y Contraindicaciones No Producto a Pedido 1 Presentación Registro Sanitario Modo de uso Precauciones y Contraindicaciones Producto a Pedido Stock Security Campos Auxiliares Highlight Stock Security Complemento alimenticio a base de Colágeno Marino Hidrolizado Enzimáticamente( Tipo I), enriquecido con vitamina C, Magnesio y Ácido Hilurónico. Excelente producto para optimizar la sintesis de proteínas. Las proteínas contribuyen aumentar la masa muscular. La vitamina C contribuye a la formación normal del Colágeno para el funcionamiento normal de cartílagos, huesos y piel. El Magnesio Contribuye a la sintesis proteica normal. La presencia de Ácido Hialurónico ayuda a dar elasticidad y regenerar el espacio entre articulaciones. Refrescante sabor a Limón.",vtex_spec_or_regex,true
Farmacia Universal,Drasanvi Colágeno Marino Magnesio Sabor Vainilla - Lata 300 g,Drasanvi Colágeno Marino Magnesio Sabor Vainilla Precio + Delivery Gratis,DE2601,124.90,PEN,available,https://www.farmaciauniversal.com/drasanvi-colageno-marino-hidrolizado-magnesio-vainilla-lata-300-g/p,26026,Drasanvi,vtex_catalog_search,2026-06-08T00:46:58.283065+00:00,10,"/Vitaminas y Suplementos/Minerales y Otros/Colágenos/ /Vitaminas y Suplementos/Minerales y Otros/ /Vitaminas y Suplementos/ /1/10/323/ /1/10/ /1/ Lata 300 g DE2601 Tomar 11.5 g, dos cucharitas dosificadoras al día, mezclados en un vaso de agua o zumo. Complemento alimenticio a base de colageno, plantas y mineralesLos complementos alimenticios no deben utilizarse como sustitutivos de una dieta equilibrada. No superar la dosis diaria expresamente recomendada. Mantener fuera del alcance de los niños más pequeños. Conservar en un lugar fresco y seco. Presentación Registro Sanitario Modo de uso Precauciones y Contraindicaciones No Producto a Pedido 1 Presentación Registro Sanitario Modo de uso Precauciones y Contraindicaciones Producto a Pedido Stock Security Campos Auxiliares Highlight Stock Security Complemento alimenticio a base de Colágeno Marino Hidrolizado Enzimáticamente( Tipo I), enriquecido con vitamina C, Magnesio y Ácido Hilurónico.Excelente producto para optimizar la sintesis de proteínas. Las proteínas contribuyen aumentar la masa muscular. La vitamina C contribuye a la formación normal del Colágeno para el funcionamiento normal de cartílagos, huesos y piel. El Magnesio Contribuye a la sintesis proteica normal. La presencia de Ácido Hialurónico ayuda a dar elasticidad y regenerar el espacio entre articulaciones.Sabor a Vainilla.",vtex_spec_or_regex,true
Farmacia Universal,Drasanvi Colágeno Marino Magnesio Cúrcuma Sabor Limón - Lata 300 g,Drasanvi Colágeno Marino Magnesio Cúrcuma Sabor Limón Precio + Delivery Gratis,DE2587,124.90,PEN,available,https://www.farmaciauniversal.com/drasanvi-colageno-marino-hidrolizado-curcuma-limon-lata-300-g/p,26028,Drasanvi,vtex_catalog_search,2026-06-08T00:46:58.284496+00:00,10,"/Vitaminas y Suplementos/Minerales y Otros/Colágenos/ /Vitaminas y Suplementos/Minerales y Otros/ /Vitaminas y Suplementos/ /1/10/323/ /1/10/ /1/ Lata 300 g DE2587 Tomar 11.5 g, (dos cucharitas dosificadoras) al día, mezclados en un vaso de agua o zumo. Complemento alimenticio a base de colágeno, plantas, magnesio y ácido hialurónico con edulcorante. Los complementos alimenticios no deben utilizarse como sustituto de una dieta equilibrada. No superar la dosis diaria expresamente recomendada. Mantener fuera del alcance de los niños más pequeños. Conservar en un lugar fresco y seco. Contiene pescado. Consulte con su médico o farmacéutico en caso de toma simultánea con anticoagulantes. Presentación Registro Sanitario Modo de uso Precauciones y Contraindicaciones No Producto a Pedido 1 Presentación Registro Sanitario Modo de uso Precauciones y Contraindicaciones Producto a Pedido Stock Security Campos Auxiliares Highlight Stock Security Complemento alimenticio a base de Colágeno Marino Hidrolizado Enzimáticamente( Tipo I), enriquecido con vitamina C y Magnesio, Ácido Hialurónico y Curcuma. Excelente producto para optimizar la sintesis de proteínas. Las proteínas contribuyen aumentar la masa muscular. La vitamina C contribuye a la formación normal del Colágeno para el funcionamiento normal de cartílagos, huesos y piel. El Magnesio Contribuye a la sintesis proteica normal. La presencia de la Cúrcuma, contribuye a aliviar los dolores musculares y articulares. El Ácido Hialurónico ayuda a dar elasticidad y regenerar el espacio entre articulaciones. Refrescante sabor a Limón.",vtex_spec_or_regex,true
Farmacia Universal,Aminoter Complex Polvo Oral - Caja 30 und,Aminoter Complex Polvo Oral 30 und Precio + Delivery Gratis,DE2675,198.00,PEN,available,https://www.farmaciauniversal.com/aminoter-complex-polvo-oral-caja-30-und/p,24233,Lafage,vtex_catalog_search,2026-06-08T00:46:58.286704+00:00,1,"/Vitaminas y Suplementos/Multivitamínicos/Cabello y Uñas/ /Vitaminas y Suplementos/Multivitamínicos/ /Vitaminas y Suplementos/ /1/344/357/ /1/344/ /1/ Caja 30 und DE2675 Adultos, ingerir el contenido de 1 sobre, diluido en un vaso de agua a temperatura ambiente (no debe estar fría), una vez al día. No utilizar en caso embarazo, lactancia ni en niños, mantener fuera del alcance los niños. No superar la dosis recomendada. No debe utilizarse como sustituto de una dieta equilibrada. Presentación Registro Sanitario Modo de uso Precauciones y Contraindicaciones No Producto a Pedido 1 Presentación Registro Sanitario Modo de uso Precauciones y Contraindicaciones Producto a Pedido Stock Security Campos Auxiliares Highlight Stock Security Aminoter Complex. Suplemento dietario a base de Colageno hidrolizado, L-Cistina, Vitamina B6, Pantotenato de calcio, Zinc, Biotina, Cobre, Acido Folico, Selenio y Vitamina B12.",vtex_spec_or_regex,true
Farmacia Universal,Drasanvi Oseogen Mobility + Cúrcuma en Polvo - Lata 300 g,Drasanvi Oseogen Mobility + Cúrcuma en Polvo 300 g Precio + Delivery Gratis,DE4665,129.00,PEN,available,https://www.farmaciauniversal.com/drasanvi-oseogen-mobility-curcuma-en-polvo-lata-300-g/p,29692,Drasanvi,vtex_catalog_search,2026-06-08T00:46:58.287157+00:00,100,"/Vitaminas y Suplementos/Multivitamínicos/Osteoarticulares/ /Vitaminas y Suplementos/Multivitamínicos/ /Vitaminas y Suplementos/ /1/344/354/ /1/344/ /1/ Lata 300 g DE4665 Tomar 2 cacitos dosificadores (15 g) diluidos en agua o zumo, después del desayuno.Recomendamos consumir el producto al menos durante 5 meses. Los complementos alimenticios no deben utilizarse como sustituto de una dieta equilibrada. No superar la dosis diaria expresamente recomendada. Mantener fuera del alcance de los niños más pequeños. No debe ser consumido por mujeres embarazadas o en periodo de lactancia, ni niños ni por adolescentes. Conservar en un lugar fresco y seco. Contiene una fuente de fenilalanina (no apto para fenilcetonuricos). Contiene crustáceos. Contiene pescado. No consumir simultáneamente con anticoagulantes. Presentación Registro Sanitario Modo de uso Precauciones y Contraindicaciones No Producto a Pedido 1 Presentación Registro Sanitario Modo de uso Precauciones y Contraindicaciones Producto a Pedido Stock Security Campos Auxiliares Highlight Stock Security Complemento alimenticio que incorpora en su composición nutrientes como el Colágeno Marino, la Condroitina, el sulfato de glucosamina y la Cúrcuma.",vtex_spec_or_regex,true
Farmacia Universal,Finartrit Advanced Polvo para Solución Oral Sobres - Caja 30 und,Finartrit Advanced Polvo para Solución Oral Sobres 30 und Precio + Delivery Gratis,DE2044,109.00,PEN,available,https://www.farmaciauniversal.com/finartrit-advanced-polvo-para-solucion-oral-sobres-caja-30-und/p,16376,Garden House,vtex_catalog_search,2026-06-08T00:46:58.288914+00:00,10,"/Vitaminas y Suplementos/Multivitamínicos/Osteoarticulares/ /Vitaminas y Suplementos/Multivitamínicos/ /Vitaminas y Suplementos/ /1/344/354/ /1/344/ /1/ Caja 30 und DE2044 Vía de administración: Oral. Dosis: 1 sobre diluido en un vaso de agua una vez al día. No superar la dosis diaria expresamente recomendada para productos diabéticos. Los productos diéticos no deben utilizarse como sustituto de una dieta equilibrada. En el embarazo y lactancia no se recomienda debido a la falta de evidencia científica. Tener cuidado en el uso con pacientes con diabetes y el uso de niños menores de 18 años. El producto contiene tartrazina y puede producir reacciones alérgicas de tipo asma, urticaria, angioedema y shock anafiláctico. Presentación Registro Sanitario Modo de uso Precauciones y Contraindicaciones No Producto a Pedido 1 Presentación Registro Sanitario Modo de uso Precauciones y Contraindicaciones Producto a Pedido Stock Security Campos Auxiliares Highlight Stock Security Suplemento alimentico con formula 4 en 1 coadyuvante en mantener sanas las articulaciones.",vtex_spec_or_regex,true
Farmacia Universal,German Energy Kollplus Max Tabletas Efervescentes - Tubo 20 und,German Energy Kollplus Max Tabletas Efervescentes 20 und Precio + Delivery Gratis,DE4433,24.20,PEN,available,https://www.farmaciauniversal.com/german-energy-kollplus-max-tabletas-efervescentes-tubo-20-und/p,29648,Germany Energy,vtex_catalog_search,2026-06-08T00:46:58.289358+00:00,10,/Vitaminas y Suplementos/Minerales y Otros/Colágenos/ /Vitaminas y Suplementos/Minerales y Otros/ /Vitaminas y Suplementos/ /1/10/323/ /1/10/ /1/ Tubo 20 und DE4433 Almacenar a menos de 25ºC y en un lugar seco. Mantener el tubo cerrado. Manténgase fuera del alcance de los niños. Presentación Registro Sanitario Precauciones y Contraindicaciones No Producto a Pedido Fresa Tubo 20 und Sabor Presentaciones 0 Presentación Registro Sanitario Precauciones y Contraindicaciones Producto a Pedido Sabor Presentaciones Stock Security Campos Auxiliares Highlight Filtros Stock Security Suplemento alimentario con colágeno marino hidrolizado y vitamina C.,vtex_spec_or_regex,true
Farmacia Universal,Genacol Original con Aminolock Frasco Cápsulas - Frasco 90 und,Genacol Original con Aminolock Frasco Cápsulas 90 und Precio + Delivery Gratis,DE3219,134.90,PEN,available,https://www.farmaciauniversal.com/genacol-original-con-aminolock-frasco-capsulas-frasco-90-und/p,24717,Genacol,vtex_catalog_search,2026-06-08T00:46:58.291819+00:00,10,"/Vitaminas y Suplementos/Minerales y Otros/Colágenos/ /Vitaminas y Suplementos/Minerales y Otros/ /Vitaminas y Suplementos/ /1/10/323/ /1/10/ /1/ Frasco 90 und DE3219 Dosis Recomendada: 1200 mg por dia ( 3 capsulas por la noche) En caso de embarazo o lactancia, consultar con su médico. Presentación Registro Sanitario Modo de uso Precauciones y Contraindicaciones No Producto a Pedido 1 Presentación Registro Sanitario Modo de uso Precauciones y Contraindicaciones Producto a Pedido Stock Security Campos Auxiliares Highlight Stock Security Genacol Original con Aminolock. Matriz Bioactiva de Colágeno Hidrolizado (Conjunto de Aminoácidos que ayudan a la formación de Colágeno). Genacol Original contiene nuestro exclusivo Colágeno con Aminolock como único ingrediente activo. Genacol ayuda a mejorar la salud de las articulaciones de manera natural y segura. Se ha comprobado clínicamente que Genacol ayuda a reponer los niveles de colágeno en el cuerpo, ayudando a aliviar las molestias y rigidez en las articulaciones y en general a mantener las articulaciones sanas.",vtex_spec_or_regex,true
Farmacia Universal,Drasanvi Colágeno Marino Hidrolizado Cabello - Lata 350 g,Drasanvi Colágeno Marino Hidrolizado Cabello 350 g Precio + Delivery Gratis,DE2604,124.90,PEN,unavailable,https://www.farmaciauniversal.com/drasanvi-colageno-marino-hidrolizado-cabello-lata-350-g/p,26030,Drasanvi,vtex_catalog_search,2026-06-08T00:46:58.655145+00:00,,"/Vitaminas y Suplementos/Minerales y Otros/Colágenos/ /Vitaminas y Suplementos/Minerales y Otros/ /Vitaminas y Suplementos/ /1/10/323/ /1/10/ /1/ Lata 350 g DE2604 Tomar 10 g (dos cucharitas dosificadoras) mezclados con agua o zumo. Complemento alimenticio a base de colágeno, queratina, minerales, plantas y biotina con edulcorante.Los complementos alimenticios no deben utilizarse como sustituto de una dieta equilibrada. No superar la dosis diaria expresamente recomendada. Mantener fuera del alcance de los niños más pequeños. Conservar en un lugar fresco y seco. Contiene pescado. Presentación Registro Sanitario Modo de uso Precauciones y Contraindicaciones No Producto a Pedido 0 Presentación Registro Sanitario Modo de uso Precauciones y Contraindicaciones Producto a Pedido Stock Security Campos Auxiliares Highlight Stock Security Complemento alimenticio que fundamenta su acción en la sinergia de dos de sus ingredientes principales: el Colágeno Marino hidrolizado enzimáticamente(Tipo 1 ) y la Queratina. Se trata de dos proteínas que se encuentran de manera natural en el cabello. Además, este complemento está reforzado con Biotina y Zinc, Selenio y silicio los cuales son ingredientes escenciales para un correcto mantenimiento del cabello.",vtex_spec_or_regex,true
Farmacia Universal,Drasanvi Citrato de Magnesio 531 mg Comprimidos - Frasco 60 und,Drasanvi Citrato de Magnesio 531 mg Comprimidos 60 und Precio + Delivery Gratis,DE4021,38.00,PEN,available,https://www.farmaciauniversal.com/drasanvi-citrato-de-magnesio-531-mg-comprimidos-frasco-60-und/p,28196,Drasanvi,vtex_catalog_search,2026-06-08T00:47:00.012034+00:00,100,"/Vitaminas y Suplementos/Minerales y Otros/Magnesio/ /Vitaminas y Suplementos/Minerales y Otros/ /Vitaminas y Suplementos/ /1/10/15/ /1/10/ /1/ Frasco 60 und DE4021 Tomar 2 comprimidos al día, preferiblemente en ayunas. No superar la dosis diaria expresamente recomendada para productos dietéticos. Mantener fuera del alcance de los niños. Conservar en un lugar fresco y seco Presentación Registro Sanitario Modo de uso Precauciones y Contraindicaciones No Producto a Pedido 1 Presentación Registro Sanitario Modo de uso Precauciones y Contraindicaciones Producto a Pedido Stock Security Campos Auxiliares Highlight Stock Security Complementa el requerimiento diario de Magnesio, un mineral relacionado al correcto mantenimiento de huesos, la función psicológica normal y la disminución del cansancio y la fatiga relacionada a su deficiencia. Además, cuenta con una fuente de Magnesio -citrato-para asegurar una mayor biodisponibilidad.",vtex_spec_or_regex,true
Farmacia Universal,Mason Gluconato de Magnesio 550 mg Tabletas - Frasco 100 und,Mason Gluconato de Magnesio 550 mg Tabletas 100 und Precio + Delivery Gratis,DE0512,65.90,PEN,available,https://www.farmaciauniversal.com/mason-gluconato-de-magnesio-550-mg-tabletas-frasco-100-und/p,5068,Mason Natural,vtex_catalog_search,2026-06-08T00:47:00.012253+00:00,10,/Vitaminas y Suplementos/Minerales y Otros/Magnesio/ /Vitaminas y Suplementos/Minerales y Otros/ /Vitaminas y Suplementos/ /1/10/15/ /1/10/ /1/ Frasco 100 und DE0512 Dosis: 1 Tableta al día. No administrar a pacientes sensibles al magnesio. Presentación Registro Sanitario Modo de uso Precauciones y Contraindicaciones No Producto a Pedido 1 Presentación Registro Sanitario Modo de uso Precauciones y Contraindicaciones Producto a Pedido Stock Security Campos Auxiliares Highlight Stock Security El magnesio ayuda a mantener la función del músculo cardíaco.,vtex_spec_or_regex,true
Farmacia Universal,Ana María Lajusticia Carbonato de Magnesio Comprimidos - Frasco 75 und,Ana María Lajusticia Carbonato de Magnesio Comprimidos 75 und Precio + Delivery Gratis,DE4654,69.00,PEN,available,https://www.farmaciauniversal.com/ana-maria-lajusticia-carbonato-de-magnesio-comprimidos-frasco-75-und/p,28831,Ana Maria Lajusticia,vtex_catalog_search,2026-06-08T00:47:00.012541+00:00,1,"/Vitaminas y Suplementos/Minerales y Otros/Magnesio/ /Vitaminas y Suplementos/Minerales y Otros/ /Vitaminas y Suplementos/ /1/10/15/ /1/10/ /1/ Frasco 75 und DE4654 Tomar 02 a 03 comprimidos al día por separado, repartidos en las principales comidas (desayuno, almuerzo y cena). Si no se tiene acidez, se recomienda tomar con zumos de limón, naranja, yogur o cualquier alimento ácido para mejor absorción. No apto para personas con insuficiencia renal, gastritis, hernia de hiato, sensibilidad gástrica, diarrea o propensión a la misma. Consultar al médico si se está bajo tratamiento con anticoagulantes. Presentación Registro Sanitario Modo de uso Precauciones y Contraindicaciones No Producto a Pedido 0 Presentación Registro Sanitario Modo de uso Precauciones y Contraindicaciones Producto a Pedido Stock Security Campos Auxiliares Highlight Stock Security Indicado para personas con déficit de magnesio, estreñimiento, acidez, reflujo o sensibilidad gástrica (embarazo, lactancia, pubertad, ansiedad, etc.). Alivia el estreñimiento, reduce calambres y tensión muscular Contribuye a mantener una presión arterial saludable y disminuye el riesgo de hipertensión. Efecto laxante medio.",vtex_spec_or_regex,true
Farmacia Universal,"Mason Calcio, Magnesio & Zinc Tabletas - Frasco 100 und","Mason Calcio, Magnesio & Zinc Tabletas 100 und Precio + Delivery Gratis",DE0421,50.31,PEN,available,https://www.farmaciauniversal.com/mason-calcio-magnesio-y-zinc-tabletas-frasco-100-und/p,5066,Mason Natural,vtex_catalog_search,2026-06-08T00:47:00.012785+00:00,10,"/Vitaminas y Suplementos/Minerales y Otros/Calcio/ /Vitaminas y Suplementos/Minerales y Otros/ /Vitaminas y Suplementos/ /1/10/16/ /1/10/ /1/ Frasco 100 und DE0421 Dosis: 1-2 tabletas al día. No exceder la dosis recomendada y no debe utilizarse como sustituto de una dieta equilibrada. Presentación Registro Sanitario Modo de uso Precauciones y Contraindicaciones No Producto a Pedido 1 Presentación Registro Sanitario Modo de uso Precauciones y Contraindicaciones Producto a Pedido Stock Security Campos Auxiliares Highlight Stock Security El magnesio ayuda a mantener los músculos y la función nerviosa en un rango normal, el calcio es necesario para la contracción muscular, la secreción de hormonas y enzimas y el zinc apoya un sistema inmunológico saludable.",vtex_spec_or_regex,true
Farmacia Universal,German Energy Magnesio + Zinc Tabletas Efervescentes - Tubo 20 und,German Energy Magnesio + Zinc Tabletas Efervescentes 20 und Precio + Delivery Gratis,DE3544,14.50,PEN,available,https://www.farmaciauniversal.com/german-energy-magnesio-zinc-tabletas-efervescentes-tubo-20-und/p,29658,Germany Energy,vtex_catalog_search,2026-06-08T00:47:00.013848+00:00,100,/Vitaminas y Suplementos/Minerales y Otros/Magnesio/ /Vitaminas y Suplementos/Minerales y Otros/ /Vitaminas y Suplementos/ /1/10/15/ /1/10/ /1/ Tubo 20 und DE3544 Almacenar a menos de 25ºC y en un lugar seco. Mantener el tubo cerrado. Manténgase fuera del alcance de los niños. Presentación Registro Sanitario Precauciones y Contraindicaciones No Producto a Pedido Naranja Tubo 20 und Sabor Presentaciones 1 Presentación Registro Sanitario Precauciones y Contraindicaciones Producto a Pedido Sabor Presentaciones Stock Security Campos Auxiliares Highlight Filtros Stock Security Suplemento alimentario con magnesio y zinc.,vtex_spec_or_regex,true
Farmacia Universal,Ana María Lajusticia Carbonato de Magnesio Polvo Oral - Frasco 130 g,Ana María Lajusticia Carbonato de Magnesio Polvo Oral 130 g Precio + Delivery Gratis,DE4629,99.00,PEN,available,https://www.farmaciauniversal.com/ana-maria-lajusticia-carbonato-de-magnesio-polvo-oral-frasco-130-g/p,28832,Ana Maria Lajusticia,vtex_catalog_search,2026-06-08T00:47:00.014348+00:00,10,"/Vitaminas y Suplementos/Minerales y Otros/Magnesio/ /Vitaminas y Suplementos/Minerales y Otros/ /Vitaminas y Suplementos/ /1/10/15/ /1/10/ /1/ Frasco 130 g DE4629 Tomar 02 cucharaditas (1.2 g. cada una) al día por separado, de preferencia en el desayuno y cena. Si no se tiene acidez, se recomienda tomar con zumos de limón, naranja, yogur o cualquier alimento ácido para mejor absorción. No apto para personas con insuficiencia renal, gastritis, hernia de hiato, sensibilidad gástrica, diarrea o propensión a la misma. Consultar al médico si se está bajo tratamiento con anticoagulantes. Presentación Registro Sanitario Modo de uso Precauciones y Contraindicaciones No Producto a Pedido 0 Presentación Registro Sanitario Modo de uso Precauciones y Contraindicaciones Producto a Pedido Stock Security Campos Auxiliares Highlight Stock Security Indicado para personas con déficit de magnesio, estreñimiento, acidez, reflujo o sensibilidad gástrica (embarazo, lactancia, pubertad, ansiedad, etc.). Alivia el estreñimiento, reduce calambres y tensión muscular. Contribuye a mantener una presión arterial saludable y disminuye el riesgo de hipertensión. Efecto laxante medio.",vtex_spec_or_regex,true
Farmacia Universal,Ana María Lajusticia Magnesio Total 5 Comprimidos - Frasco 100 und,Ana María Lajusticia Magnesio Total 5 Comprimidos 100 und Precio + Delivery Gratis,DE4652,109.00,PEN,available,https://www.farmaciauniversal.com/ana-maria-lajusticia-magnesio-total-5-comprimidos-frasco-100-und/p,28826,Ana Maria Lajusticia,vtex_catalog_search,2026-06-08T00:47:00.014928+00:00,100,"/Vitaminas y Suplementos/Minerales y Otros/Magnesio/ /Vitaminas y Suplementos/Minerales y Otros/ /Vitaminas y Suplementos/ /1/10/15/ /1/10/ /1/ Frasco 100 und DE4652 Tomar 02 comprimidos al día por separado, de preferencia en el Desayuno y Cena. Acompañar con una dieta y hábitos saludables. Consultar al medico si toma anticoagulantes. Contraindicado en personas con insuficiencia renal. Presentación Registro Sanitario Modo de uso Precauciones y Contraindicaciones No Producto a Pedido 0 Presentación Registro Sanitario Modo de uso Precauciones y Contraindicaciones Producto a Pedido Stock Security Campos Auxiliares Highlight Stock Security Reduce el cansancio y la fatiga, mejora el funcionamiento del sistema nervioso y musculo-esquelético. Indicado para personas con déficit de magnesio (adolescentes, deportistas, pacientes con artrosis/artritis, diabéticos, adulto mayor o personas con ansiedad, embarazo, mala absorción intestinal, dietas de adelgazamiento, etc.). Además, fortalece el sistema nervioso y las articulaciones. Indicado para personas con diarreas o trastornos gastrointestinales debido a su mínimo efecto laxante.",vtex_spec_or_regex,true
Farmacia Universal,Drasanvi Citrato de Magnesio 733.66 mg/5 ml Solución Oral - Frasco 250 ml,Drasanvi Citrato de Magnesio 733.66 mg/5 ml Solución Oral 250 ml Precio + Delivery Gratis,DE3911,49.70,PEN,available,https://www.farmaciauniversal.com/drasanvi-citrato-de-magnesio-73366-mg5-ml-solucion-oral-frasco-250-ml/p,27952,Drasanvi,vtex_catalog_search,2026-06-08T00:47:00.016056+00:00,10,"/Vitaminas y Suplementos/Minerales y Otros/Magnesio/ /Vitaminas y Suplementos/Minerales y Otros/ /Vitaminas y Suplementos/ /1/10/15/ /1/10/ /1/ Frasco 250 ml DE3911 Tomar la medida elegida (5,10,15 o 20 ml) al día, usando el vaso dosificador. Presión arterial, diabetes tipos 2, osteoporosis y migrañas. El alto consumo de magnesio en suplementos dietéticos y medicamentos puede causar diarrea, nauseas y cólicos estomacales. Su uso no recomendable en mujeres embarazadas y lactantes. Mantener fuera del alcance de los niños. Conservar en un lugar fresco y seco Presentación Registro Sanitario Modo de uso Precauciones y Contraindicaciones No Producto a Pedido 1 Presentación Registro Sanitario Modo de uso Precauciones y Contraindicaciones Producto a Pedido Stock Security Campos Auxiliares Highlight Stock Security Complementa el requerimiento diario de Magnesio, un mineral relacionado al correcto mantenimiento de huesos, la función psicológica normal y la disminución del cansancio y la fatiga relacionada a su deficiencia. Además, cuenta con una fuente de Magnesio -citrato-para asegurar una mayor biodisponibilidad.",vtex_spec_or_regex,true
Farmacia Universal,Ana María Lajusticia Isoflavonas con Magnesio + Vit E Cápsulas - Frasco 30 und,Ana María Lajusticia Isoflavonas con Magnesio + Vit E Cápsulas 30 und Precio + Delivery Gratis,DE4642,99.90,PEN,available,https://www.farmaciauniversal.com/ana-maria-lajusticia-isoflavonas-con-magnesio-vit-e-capsulas-frasco-30-und/p,28827,Ana Maria Lajusticia,vtex_catalog_search,2026-06-08T00:47:00.017220+00:00,10,"/Vitaminas y Suplementos/Multivitamínicos/Menopausia/ /Vitaminas y Suplementos/Multivitamínicos/ /Vitaminas y Suplementos/ /1/344/358/ /1/344/ /1/ Frasco 30 und DE4642 Tomar 01 cápsula al día, preferible por la mañana. Acompañar con una dieta y hábitos saludables. No apto para alérgicos a la soja, ni para mujeres con cáncer hormono dependiente, embarazadas, en lactancia o con cáncer de mama. Presentación Registro Sanitario Modo de uso Precauciones y Contraindicaciones No Producto a Pedido 0 Presentación Registro Sanitario Modo de uso Precauciones y Contraindicaciones Producto a Pedido Stock Security Campos Auxiliares Highlight Stock Security Alivia síntomas de la menopausia como sofocos y sudores excesivos y nocturnos. Protección contra la osteoporosis, disminuyendo la resorción ósea. Indicado para mujeres en premenopausia o menopausia que buscan aliviar todos los síntomas.",vtex_spec_or_regex,true
Farmacia Universal,Ana Maria Lajusticia Triptófano con Melatonina + Magnesio y Vit B6 Comprimidos - Frasco 60 und,Ana Maria Lajusticia Triptófano con Melatonina + Magnesio y Vit B6 Comprimidos 60 und Precio + Delivery Gratis,DE3979,94.50,PEN,available,https://www.farmaciauniversal.com/ana-maria-lajusticia-triptofano-con-melatonina-magnesio-y-vit-b6-comprimidos-frasco-60-und/p,28028,Ana Maria Lajusticia,vtex_catalog_search,2026-06-08T00:47:00.018954+00:00,100,"/Vitaminas y Suplementos/Multivitamínicos/Relajantes/ /Vitaminas y Suplementos/Multivitamínicos/ /Vitaminas y Suplementos/ /1/344/351/ /1/344/ /1/ Frasco 60 und DE3979 Tomar 01 al día en total. Tomar el comprimido después de la cena o 1 hora antes de acostarse Acompañar con una dieta y hábitos saludables. Hacer 01 mes de PAUSA después de 03 meses de consumo. Dosis recomendada: 01 compr. para síntomas leves a moderados y 02 compr. para síntomas severos. Presentación Registro Sanitario Modo de uso Precauciones y Contraindicaciones No Producto a Pedido 1 Presentación Registro Sanitario Modo de uso Precauciones y Contraindicaciones Producto a Pedido Stock Security Campos Auxiliares Highlight Stock Security Complemento Nutricional a base del aminoácido esencial Triptófano y Melatonina. Indicado para descansar mejor por la noche, induce al sueño, regula el ciclo del sueño. Formula enriquecida con magnesio y Vitamina B6. Frasco x 60 Comprimidos.",vtex_spec_or_regex,true
Farmacia Universal,Nutrabiotics Myoessens Cápsulas - Frasco 60 und,Nutrabiotics Myoessens Cápsulas 60 und Precio + Delivery Gratis,DE4427,121.21,PEN,available,https://www.farmaciauniversal.com/nutrabiotics-myoessens-capsulas-frasco-60-und/p,31414,Nutrabiotics,vtex_catalog_search,2026-06-08T00:47:00.021744+00:00,10,/Vitaminas y Suplementos/Minerales y Otros/Magnesio/ /Vitaminas y Suplementos/Minerales y Otros/ /Vitaminas y Suplementos/ /1/10/15/ /1/10/ /1/ Frasco 60 und DE4427 Adultos: tomar 1 cápsula 3 veces al día. La dosis funcional debe ser indicada o supervisada por un profesional de la salud. Se recomienda no utilizar los minerales como sustituto de una dieta equilibrada. Presentación Registro Sanitario Modo de uso Precauciones y Contraindicaciones No Producto a Pedido Presentación Registro Sanitario Modo de uso Precauciones y Contraindicaciones Producto a Pedido Campos Auxiliares Highlight Myoessens de Nutrabiotics es un suplemento nutricional con magnesio y potasio.,vtex_spec_or_regex,true
Farmacia Universal,Nutrabiotics Vegezym Cápsulas - Frasco 90 und,Nutrabiotics Vegezym Cápsulas 90 und Precio + Delivery Gratis,DE4508,188.95,PEN,available,https://www.farmaciauniversal.com/nutrabiotics-vegezym-capsulas-frasco-90-und/p,31425,Nutrabiotics,vtex_catalog_search,2026-06-08T00:47:00.025413+00:00,10,"/Vitaminas y Suplementos/Multivitamínicos/Digestivos/ /Vitaminas y Suplementos/Multivitamínicos/ /Vitaminas y Suplementos/ /1/344/352/ /1/344/ /1/ Frasco 90 und DE4508 Adultos: tomar 1 cápsula 2 veces al día. Su uso funcional debe ser supervisado por un profesional de la salud. Consultar con un profesional de la salud si está embarazada, amamantando, toma medicamentos o presenta alguna condición médica. Presentación Registro Sanitario Modo de uso Precauciones y Contraindicaciones No Producto a Pedido Presentación Registro Sanitario Modo de uso Precauciones y Contraindicaciones Producto a Pedido Campos Auxiliares Highlight Nutrabiotics Vegezym es un suplemento nutricional con minerales esenciales, vitamina B3 y adicionado con enzimas.",vtex_spec_or_regex,true
Farmacia Universal,Ana María Lajusticia Magnesio Comprimidos - Frasco 147 und,Ana María Lajusticia Magnesio Comprimidos 147 und Precio + Delivery Gratis,DE4606,79.00,PEN,unavailable,https://www.farmaciauniversal.com/ana-maria-lajusticia-magnesio-comprimidos-frasco-147-und/p,28830,Ana Maria Lajusticia,vtex_catalog_search,2026-06-08T00:47:00.414571+00:00,,"/Vitaminas y Suplementos/Minerales y Otros/Magnesio/ /Vitaminas y Suplementos/Minerales y Otros/ /Vitaminas y Suplementos/ /1/10/15/ /1/10/ /1/ Frasco 147 und DE4606 Tomar 04 comprimidos al día por separado, repartidas en el desayuno, almuerzo y cena. Acompañar con una dieta y hábitos saludables. No apto para personas con insuficiencia renal, gastritis, hernia de hiato, sensibilidad gástrica, diarrea o propensión a la misma. Consultar al médico si se está bajo tratamiento con anticoagulantes. Presentación Registro Sanitario Modo de uso Precauciones y Contraindicaciones No Producto a Pedido 0 Presentación Registro Sanitario Modo de uso Precauciones y Contraindicaciones Producto a Pedido Stock Security Campos Auxiliares Highlight Stock Security Indicado para personas con estreñimiento y que no padezcan de acidez, reflujo o sensibilidad estomacal. Ideal para mejorar el sistema nervioso, músculos y huesos. Alivia el estreñimiento, reduce calambres y tensión muscular. Contribuye a mantener una presión arterial saludable y disminuye el riesgo de hipertensión. Efecto laxante fuerte.",vtex_spec_or_regex,true
Farmacia Universal,Mason Zinc 30 mg Tabletas - Frasco 100 und,Mason Zinc 30 mg Tabletas 100 und Precio + Delivery Gratis,DE1392,63.75,PEN,available,https://www.farmaciauniversal.com/mason-zinc-30-mg-tabletas-frasco-100-und/p,5047,Mason Natural,vtex_catalog_search,2026-06-08T00:47:00.914517+00:00,100,"/Vitaminas y Suplementos/Minerales y Otros/Zinc/ /Vitaminas y Suplementos/Minerales y Otros/ /Vitaminas y Suplementos/ /1/10/17/ /1/10/ /1/ Frasco 100 und DE1392 Adultos 1 tableta al día, preferiblemente con las comidas. No exceda la dosis diaria. No debe utilizarse como sustituto de una dieta equilibrada. Si toma medicamentos consulte con su médico antes de consumir este producto. También si está en gestación o lactancia. Presentación Registro Sanitario Modo de uso Precauciones y Contraindicaciones No Producto a Pedido 1 Presentación Registro Sanitario Modo de uso Precauciones y Contraindicaciones Producto a Pedido Stock Security Campos Auxiliares Highlight Stock Security Suplemento dietético. El zinc ayuda en la formación de tejidos y a mantener huesos saludables.",vtex_spec_or_regex,true
Farmacia Universal,Drasanvi Bisglicinato de Zinc 100 mg Comprimidos - Frasco 90 und,Drasanvi Bisglicinato de Zinc 100 mg Comprimidos 90 und Precio + Delivery Gratis,DE4164,47.00,PEN,available,https://www.farmaciauniversal.com/drasanvi-bisglicinato-de-zinc-100-mg-comprimidos-frasco-90-und/p,27947,Drasanvi,vtex_catalog_search,2026-06-08T00:47:00.914805+00:00,10,"/Vitaminas y Suplementos/Minerales y Otros/Zinc/ /Vitaminas y Suplementos/Minerales y Otros/ /Vitaminas y Suplementos/ /1/10/17/ /1/10/ /1/ Frasco 90 und DE4164 Tomar un comprimido al día, junto con la comida. Alta dosis de zinc pueden provocar nauseas vómitos, perdida de apetito, diarrea o dolores de cabeza. Mantener fuera del alcance de los niños. Conservar en un lugar fresco y seco Presentación Registro Sanitario Modo de uso Precauciones y Contraindicaciones No Producto a Pedido 1 Presentación Registro Sanitario Modo de uso Precauciones y Contraindicaciones Producto a Pedido Stock Security Campos Auxiliares Highlight Stock Security El Zinc es un mineral esencial para la vida y relacionado con numerosas funciones en el organismo, desde la función cognitiva hasta el mantenimiento de la visión normal. Drasanvi Bisglicinato de Zinc es un suplemento que contiene el Zinc en forma de Bisglicinato, el cual se ha demostrado que se absorbe un 43% más que otras fuentes más utilizadas.",vtex_spec_or_regex,true
Farmacia Universal,Lactokey Polvo Oral en Sobres - Caja 30 und,Lactokey Polvo Oral en Sobres 30 und Precio + Delivery Gratis,DE4230,236.10,PEN,available,https://www.farmaciauniversal.com/lactokey-polvo-oral-en-sobres-caja-30-und/p,28919,Carnot,vtex_catalog_search,2026-06-08T00:47:00.918440+00:00,1,"/Vitaminas y Suplementos/Multivitamínicos/Digestivos/ /Vitaminas y Suplementos/Multivitamínicos/ /Vitaminas y Suplementos/ /1/344/352/ /1/344/ /1/ Caja 30 und DE4230 Vía de administración: Oral. Vacíe el contenido del sobre directamente en la boca y trague. El contenido del sobre también se puede disolver en 200 mL de agua fría y tomar inmediatamente. Máximo un sobre al día. No superar la dosis diaria recomendada. Los productos dietéticos no deben utilizarse como sustituto de una dieta equilibrada. Manténgase fuera del alcance de los niños. Hipersensibilidad a cualquiera de los componentes. En caso de embarazo, lactancia u otras condiciones, consulte a su médico antes de su uso. No se recomienda la ingesta de probióticos en personas gravemente immunocomprometidas o immunodeprimidas. Presentación Registro Sanitario Modo de uso Precauciones y Contraindicaciones No Producto a Pedido Presentación Registro Sanitario Modo de uso Precauciones y Contraindicaciones Producto a Pedido Campos Auxiliares Highlight Suplemento nutricional con probióticos (Lactobacillus sakei) y Zinc.",vtex_spec_or_regex,true
Farmacia Universal,Medihealth Vita Edapil Tabletas Recubiertas - Caja 30 und,Medihealth Vita Edapil Tabletas Recubiertas 30 und Precio + Delivery Gratis,DE3240,209.10,PEN,available,https://www.farmaciauniversal.com/medihealth-vita-edapil-tabletas-recubiertas-caja-30-und/p,28449,Medihealth,vtex_catalog_search,2026-06-08T00:47:00.919774+00:00,1,"/Vitaminas y Suplementos/Multivitamínicos/Cabello y Uñas/ /Vitaminas y Suplementos/Multivitamínicos/ /Vitaminas y Suplementos/ /1/344/357/ /1/344/ /1/ Caja 30 und DE3240 Consumir un comprimido recubierto luego de una comida principal, una vez al día. No superar la porción diaria recomendada. No recomendado para niños menores de 4 años. Contraindicadas en mujeres embarazadas y en lactancia. Tampoco se recomienda su consumo en niños menores de 4 años. Presentación Registro Sanitario Modo de uso Precauciones y Contraindicaciones No Producto a Pedido 0 Presentación Registro Sanitario Modo de uso Precauciones y Contraindicaciones Producto a Pedido Stock Security Campos Auxiliares Highlight Stock Security Suplemento con hierro carbonilo, aminoácidos, biotina y zinc que ayuda a fortalecer el cabello y las uñas, reduciendo su caída. Junto a una alimentación adecuada, el zinc y la biotina favorecen el crecimiento, mientras que el hierro contribuye a su fortalecimiento. Además, la vitamina B6, ácido pantoténico, L-cistina y L-metionina mejoran su apariencia y resistencia.",vtex_spec_or_regex,true
Farmacia Universal,Probiocyan Cápsulas - Caja 30 und,Probiocyan Cápsulas 30 und Precio + Delivery Gratis,DE3618,135.60,PEN,unavailable,https://www.farmaciauniversal.com/probiocyan-capsulas-caja-30-und/p,26727,Megalabs,vtex_catalog_search,2026-06-08T00:47:01.291868+00:00,,"/Vitaminas y Suplementos/Multivitamínicos/Adultos/ /Vitaminas y Suplementos/Multivitamínicos/ /Vitaminas y Suplementos/ /1/344/350/ /1/344/ /1/ Caja 30 und Lactovacillus plantarum, Zinc 5 mg DE3618 La ingesta diaria recomendada en adultos es de 1 cápsula al día con las comidas, durante 3 meses. No supere la ingesta diaria recomendada. Manténgase fuera del alcance de los niños. El producto no es adecuado para ser consumido como única fuente de alimento. No se recomienda el uso del producto en caso de hipersensibilidad a alguno de los componentes. En caso de embarazo o lactancia, consulte a su médico antes de tomar este producto. Presentación Principio Activo Registro Sanitario Modo de uso Precauciones y Contraindicaciones No Producto a Pedido 1 Presentación Principio Activo Registro Sanitario Modo de uso Precauciones y Contraindicaciones Producto a Pedido Stock Security Campos Auxiliares Highlight Stock Security Probiocyan es una fórmula probiótica compuesta por Lactobacillus plantarum DR7 y zinc, formulada específicamente para el fortalecimiento del sistema inmunitario.",vtex_spec_or_regex,true
Farmacia Universal,Mason Glucosamina & Condroitina 1500/1200 mg Cápsulas - Frasco 60 und,Mason Glucosamina & Condroitina 1500/1200 mg Cápsulas 60 und Precio + Delivery Gratis,DE2800,129.90,PEN,available,https://www.farmaciauniversal.com/mason-glucosamina-y-condroitina-15001200-mg-capsulas-frasco-60-und/p,5076,Mason Natural,vtex_catalog_search,2026-06-08T00:47:01.951451+00:00,100,"/Vitaminas y Suplementos/Multivitamínicos/Osteoarticulares/ /Vitaminas y Suplementos/Multivitamínicos/ /Vitaminas y Suplementos/ /1/344/354/ /1/344/ /1/ Frasco 60 und DE2800 Tome 3 Cápsulas al día, de preferencia con las comidas. No exceder la dosis indicada. No debe ser consumido por menores de 18 años. No debe utilizarse como sustituto de una dieta equilibrada. En embarazo y lactancia deben consultar al médico antes de tomar este producto. No está comprobado que tenga efectos sobre el nivel de azúcar en la sangre, sin embargo tome con precaución en diabéticos Presentación Registro Sanitario Modo de uso Precauciones y Contraindicaciones No Producto a Pedido 1 Presentación Registro Sanitario Modo de uso Precauciones y Contraindicaciones Producto a Pedido Stock Security Campos Auxiliares Highlight Stock Security El sulfato de glucosamina ayuda a proteger los cartílagos del deterioro.",vtex_spec_or_regex,true
Farmacia Universal,Hemofolic Cápsulas - Caja 30 und,Hemofolic Cápsulas 30 und Precio + Delivery Gratis,DE3160,62.95,PEN,available,https://www.farmaciauniversal.com/hemofolic-capsulas-caja-30-und/p,24877,Exeltis,vtex_catalog_search,2026-06-08T00:47:03.479260+00:00,10,"/Vitaminas y Suplementos/Minerales y Otros/Hierro/ /Vitaminas y Suplementos/Minerales y Otros/ /Vitaminas y Suplementos/ /1/10/18/ /1/10/ /1/ Caja 30 und DE3160 Tomar 1 cápsula de Hemofolic al día junto con un vaso de agua. Conocida sensibilidad a alguno de sus componentes de este producto. Consumir preferentemente antes de la fecha indicada en el envase. Mantener el producto fuera del alcance de los niños. No superar la dosis diaria recomendada. No utilizar como sustituto de una dieta equilibrada. No contiene sacarosa, lactosa ni gluten. Conservar en lugar fresco y seco. Presentación Registro Sanitario Modo de uso Precauciones y Contraindicaciones No Producto a Pedido 0 Presentación Registro Sanitario Modo de uso Precauciones y Contraindicaciones Producto a Pedido Stock Security Campos Auxiliares Highlight Stock Security Lipofer (hierro micro encapsulado) 30.00 mg Fe | Quatrefolic (vitamina B9) 400.00 ug.",vtex_spec_or_regex,true
Farmacia Universal,Drasanvi Bisglicinato de Hierro 100 mg Comprimidos - Frasco 90 und,Drasanvi Bisglicinato de Hierro 100 mg Comprimidos 90 und Precio + Delivery Gratis,DE4132,45.50,PEN,unavailable,https://www.farmaciauniversal.com/drasanvi-bisglicinato-de-hierro-100-mg-comprimidos-frasco-90-und/p,27948,Drasanvi,vtex_catalog_search,2026-06-08T00:47:03.487234+00:00,,"/Vitaminas y Suplementos/Minerales y Otros/Hierro/ /Vitaminas y Suplementos/Minerales y Otros/ /Vitaminas y Suplementos/ /1/10/18/ /1/10/ /1/ Frasco 90 und DE4132 Tomar un comprimido al día, junto con la comida. Los suplementos de hierro deben evitarse en condiciones asociadas con la sobrecarga de hierro (por ejemplo, hemocromatosis, hemo siderosis, talasemia); enfermedad gastrointestinal, particularmente enfermedad inflamatoria intestinal, diverticulitis y ulcera pépticas. Mantener fuera del alcance de los niños. Conservar en un lugar fresco y seco. Presentación Registro Sanitario Modo de uso Precauciones y Contraindicaciones No Producto a Pedido 1 Presentación Registro Sanitario Modo de uso Precauciones y Contraindicaciones Producto a Pedido Stock Security Campos Auxiliares Highlight Stock Security Suplemento alimenticio a base de Bisglicinato de Hierro. Ayuda a complementar la alimentación en caso de deficiencia de Hierro, un mineral relacionado con numerosas funciones en el organismo y cuya deficiencia suele sintomas como el cansancio extremo. El Bisglicinato de Hierro además es una opción que genera menos molestias estomacales o estreñimiento.",vtex_spec_or_regex,true
Farmacia Universal,MaxXomega 3 1000 mg Cápsulas Blandas - Caja 30 und,MaxXomega 3 1000 mg Cápsulas Blandas 30 und Precio + Delivery Gratis,DE1572,62.70,PEN,available,https://www.farmaciauniversal.com/maxxomega-3-1000-mg-capsulas-blandas-caja-30-und/p,29289,Mega We Care,vtex_catalog_search,2026-06-08T00:47:04.141090+00:00,10,"/Vitaminas y Suplementos/Minerales y Otros/Omega 3/ /Vitaminas y Suplementos/Minerales y Otros/ /Vitaminas y Suplementos/ /1/10/324/ /1/10/ /1/ Caja 30 und DE1572 2 cápsulas al día con las comidas. Tragar las cápsulas enteras, no romper, abrir, aplastar, disolver o masticar. Los ácidos grasos omega-3 tienen actividad antitrombótica y debe administrarse con precaución a los pacientes con trastornos hemorrágicos o que reciben antico­ agulantes u otras drogas que afectan la coagulación. La función hepática debe ser monitoreada en pacientes con insuficiencia hepática, sobre todo si reciben dosis altas. El monitoreo de pacientes asmáticos sensibles a la aspirina debe ser necesario ya que los ácidos grasos omega-3 pueden afectar la síntesis de las prostaglandinas. Tomar suplementos de aceite de pescado en cantidades más grandes puede aumentar los niveles del colesterol LDL, el colesterol ""malo'; en algunas personas. Va a necesitar controles periódicos de la sangre para asegurarse que el colesterol LDL no suba demasiado. Hay preocupación de que el tomar altas dosis de aceite de pescado podría hacer más difícil el control del azúcar en la sangre. Presentación Registro Sanitario Modo de uso Precauciones y Contraindicaciones No Producto a Pedido 1 Presentación Registro Sanitario Modo de uso Precauciones y Contraindicaciones Producto a Pedido Stock Security Campos Auxiliares Highlight Stock Security Suplemento alimenticio de Aceite de pescado de 1000 mg, que contiene 200 mg de DHA Y 300 mg de EPA.",vtex_spec_or_regex,true
Farmacia Universal,Mason Melatonin 500 mcg Tabletas Sublinguales - Frasco 60 und,Mason Melatonin 500 mcg Tabletas Sublinguales 60 und Precio + Delivery Gratis,DE3710,67.90,PEN,available,https://www.farmaciauniversal.com/mason-melatonin-500-mcg-tabletas-sublinguales-frasco-60-und/p,26945,Mason Natural,vtex_catalog_search,2026-06-08T00:47:04.600682+00:00,100,"/Vitaminas y Suplementos/Multivitamínicos/Relajantes/ /Vitaminas y Suplementos/Multivitamínicos/ /Vitaminas y Suplementos/ /1/344/351/ /1/344/ /1/ Frasco 60 und DE3710 Adultos,1 tableta al día, una hora antes de acostarse. Deje que una tableta se disuelva en la boca, debajo de la lengua. Para uso de adultos solo antes de acostarse. No usar en niños, adolescentes, mujeres embarazadas o lactantes. Si está tomando medicamentos o está bajo supervisión médica o tiene diabetes o una enfermedad autoinmune, un trastorno depresivo, una enfermedad de la tiroides, epilepsia, leucemia o un desorden linfoproliferativa, está tomando medicamentos inhibidores de la MAO o corticoesteroides como cortisona o prednisona, consulte con su médico antes de tomar este producto. No superar la dosis diaria recomendada. No debe utilizarse como sustituto de una dieta equilibrada. Presentación Registro Sanitario Modo de uso Precauciones y Contraindicaciones No Producto a Pedido 1 Presentación Registro Sanitario Modo de uso Precauciones y Contraindicaciones Producto a Pedido Stock Security Campos Auxiliares Highlight Stock Security Suplemento dietético. La melatonina ayuda a reducir el tiempo necesario para conciliar el sueño en personas que se demoran en dormir.",vtex_spec_or_regex,true
Farmacia Universal,Mason Vitatrum Multivitamínico Tabletas - Frasco 130 und,Mason Vitatrum Multivitamínico Tabletas 130 und Precio + Delivery Gratis,DE4800,82.00,PEN,available,https://www.farmaciauniversal.com/mason-vitatrum-multivitaminico-tabletas-frasco-130-und/p,29702,Mason Natural,vtex_catalog_search,2026-06-08T00:47:05.912340+00:00,100,"/Vitaminas y Suplementos/Multivitamínicos/Adultos/ /Vitaminas y Suplementos/Multivitamínicos/ /Vitaminas y Suplementos/ /1/344/350/ /1/344/ /1/ Frasco 130 und DE4800 Adultos: Tomar una tableta al día, preferiblemente con alimentos, como suplemento nutricional. No exceder la dosis diaria recomendada. Este producto no debe utilizarse como sustituto de una dieta equilibrada. Si está embarazada, en periodo de lactancia, tomando algún medicamento o tiene alguna condición médica, consulte a su médico antes de usar este producto. Presentación Registro Sanitario Modo de uso Precauciones y Contraindicaciones No Producto a Pedido Frasco 130 und Presentaciones 1 Presentación Registro Sanitario Modo de uso Precauciones y Contraindicaciones Producto a Pedido Presentaciones Stock Security Campos Auxiliares Highlight Filtros Stock Security Suplemento dietético. Multivitamínico y Multimineral que apoya la buena salud.",vtex_spec_or_regex,true
Farmacia Universal,Mason Vitatrum Multivitamínico Tabletas - Frasco 30 und,Mason Vitatrum Multivitamínico Tabletas 30 und Precio + Delivery Gratis,DE4800,39.90,PEN,available,https://www.farmaciauniversal.com/mason-vitatrum-multivitaminico-tabletas-frasco-30-und/p,29394,Mason Natural,vtex_catalog_search,2026-06-08T00:47:05.912848+00:00,10,"/Vitaminas y Suplementos/Multivitamínicos/Adultos/ /Vitaminas y Suplementos/Multivitamínicos/ /Vitaminas y Suplementos/ /1/344/350/ /1/344/ /1/ Frasco 30 und DE4800 Adultos: Tomar una tableta al día, preferiblemente con alimentos, como suplemento nutricional. No exceder la dosis diaria recomendada. Este producto no debe utilizarse como sustituto de una dieta equilibrada. Si está embarazada, en periodo de lactancia, tomando algún medicamento o tiene alguna condición médica, consulte a su médico antes de usar este producto. Presentación Registro Sanitario Modo de uso Precauciones y Contraindicaciones No Producto a Pedido Frasco 30 und Presentaciones 1 Presentación Registro Sanitario Modo de uso Precauciones y Contraindicaciones Producto a Pedido Presentaciones Stock Security Campos Auxiliares Highlight Filtros Stock Security Suplemento dietético. Multivitamínico y Multimineral que apoya la buena salud.",vtex_spec_or_regex,true
Farmacia Universal,Mason Biotina 5000 mcg Tabletas - Frasco 60 und,Mason Biotina 5000 mcg Tabletas 60 und Precio + Delivery Gratis,DE3000,88.03,PEN,available,https://www.farmaciauniversal.com/mason-biotina-5000-mcg-tabletas-frasco-60-und/p,23928,Mason Natural,vtex_catalog_search,2026-06-08T00:47:08.262649+00:00,100,"/Vitaminas y Suplementos/Multivitamínicos/Cabello y Uñas/ /Vitaminas y Suplementos/Multivitamínicos/ /Vitaminas y Suplementos/ /1/344/357/ /1/344/ /1/ Frasco 60 und DE3000 Adultos tomar 1 capsula blanda diaria como suplemento dietético, de preferencia con los alimentos No exceder la dosis indicada. No debe utilizarse como sustituto de una dieta equilibrada. Si está embarazada o amamantando o está tomando algún medicamento o planea someterse a un procedimiento médico, consulte a su médico antes de usar. Si ocurre alguna reacción adversa, consulte a su médico. Presentación Registro Sanitario Modo de uso Precauciones y Contraindicaciones No Producto a Pedido 1 Presentación Registro Sanitario Modo de uso Precauciones y Contraindicaciones Producto a Pedido Stock Security Campos Auxiliares Highlight Stock Security La biotina ayuda a mantener saludables el cabello, la piel y las uñas.",vtex_spec_or_regex,true
Farmacia Universal,Mason Biotin 10 000 mcg Plus Keratin 100 mg Tabletas - Frasco 60 und,Mason Biotin 10 000 mcg Plus Keratin 100 mg Tabletas 60 und Precio + Delivery Gratis,DE3135,110.90,PEN,available,https://www.farmaciauniversal.com/mason-biotin-10-000-mcg-plus-keratin-100-mg-tabletas-frasco-60-und/p,26822,Mason Natural,vtex_catalog_search,2026-06-08T00:47:08.265163+00:00,100,"/Vitaminas y Suplementos/Multivitamínicos/Cabello y Uñas/ /Vitaminas y Suplementos/Multivitamínicos/ /Vitaminas y Suplementos/ /1/344/357/ /1/344/ /1/ Frasco 60 und DE3135 Adultos, 1 Tableta al día, de preferencia con los alimentos como un suplemento dietético. No exceder la dosis recomendada salvo recomendación médica. No debe utilizarse como sustituto de una dieta equilibrada. En caso de embarazo y lactancia consulte a su médico antes de tomar este producto. La biotina puede incrementar los efectos de los medicamentos reductores de lípidos. Puede interferir con los análisis clínicos de laboratorio. Los anticonvulsivos pueden aumentar los requerimientos de biotina Presentación Registro Sanitario Modo de uso Precauciones y Contraindicaciones No Producto a Pedido 1 Presentación Registro Sanitario Modo de uso Precauciones y Contraindicaciones Producto a Pedido Stock Security Campos Auxiliares Highlight Stock Security Suplemento dietético.",vtex_spec_or_regex,true
Farmacia Universal,Nutrabiotics Adaptessens Cápsulas - Frasco 90 und,Nutrabiotics Adaptessens Cápsulas 90 und Precio + Delivery Gratis,DE4731,135.47,PEN,available,https://www.farmaciauniversal.com/nutrabiotics-adaptessens-capsulas-frasco-90-und/p,31415,Nutrabiotics,vtex_catalog_search,2026-06-08T00:47:09.048452+00:00,10,"/Vitaminas y Suplementos/Multivitamínicos/Relajantes/ /Vitaminas y Suplementos/Multivitamínicos/ /Vitaminas y Suplementos/ /1/344/351/ /1/344/ /1/ Frasco 90 und DE4731 Adultos, tomar 2 capsulas al día. La dosis funcional debe ser supervisada por un profesional de la salud. Si está embarazada o amamantando, tiene una condición médica o toma medicamentos, consulte a su profesional de la salud antes de usar este producto. Presentación Registro Sanitario Modo de uso Precauciones y Contraindicaciones No Producto a Pedido Presentación Registro Sanitario Modo de uso Precauciones y Contraindicaciones Producto a Pedido Campos Auxiliares Highlight Adaptessens de Nutrabiotics es un suplemento nutricional que combina raíz de maral, ashwagandha, schisandra y eleuthero, junto con biotina y minerales esenciales.",vtex_spec_or_regex,true
Farmacia Universal,Mason Selenio 200 mcg Tabletas - Frasco 60 und,Mason Selenio 200 mcg Tabletas 60 und Precio + Delivery Gratis,DE2848,57.90,PEN,available,https://www.farmaciauniversal.com/mason-selenio-200-mcg-tabletas-frasco-60-und/p,23924,Mason Natural,vtex_catalog_search,2026-06-08T00:47:09.458773+00:00,100,"/Vitaminas y Suplementos/Multivitamínicos/Adultos/ /Vitaminas y Suplementos/Multivitamínicos/ /Vitaminas y Suplementos/ /1/344/350/ /1/344/ /1/ Frasco 60 und DE2848 Adultos tomar 1 tableta diaria como suplemento dietético, de preferencia con los alimentos. No exceder la dosis indicada. No debe utilizarse como sustituto de una dieta equilibrada. Si está embarazada o amamantando o está tomando algún medicamento o planea someterse a un procedimiento médico, consulte a su médico antes de usar. Si ocurre alguna reacción adversa, consulte a su médico Presentación Registro Sanitario Modo de uso Precauciones y Contraindicaciones No Producto a Pedido 1 Presentación Registro Sanitario Modo de uso Precauciones y Contraindicaciones Producto a Pedido Stock Security Campos Auxiliares Highlight Stock Security El selenio contribuye a la función adecuada de la glándula tiroides.",vtex_spec_or_regex,true
Farmacia Universal,Fersitol Polvo para Solución Oral Sobres - Caja 30 und,Fersitol Polvo para Solución Oral Sobres 30 und Precio + Delivery Gratis,DE2214,86.40,PEN,available,https://www.farmaciauniversal.com/fersitol-polvo-para-solucion-oral-sobres-caja-30-und/p,19336,ITF Farmaceutica,vtex_catalog_search,2026-06-08T00:47:10.824635+00:00,10,/Vitaminas y Suplementos/Multivitamínicos/Fertilidad/ /Vitaminas y Suplementos/Multivitamínicos/ /Vitaminas y Suplementos/ /1/344/428/ /1/344/ /1/ Caja 30 und DE2214 Tomar 1 sobre al día. Disolver el contenido del sobre en un vaso con agua. • No use si es alérgico a cualquiera de sus componentes. • Mantener el producto fuera del alcance y vista de los niños. • No superar la dosis diaria recomendada. • No debe utilizarse como sustituto de una dieta equilibrada. • Almacenar a una temperatura no mayor a 30ºC. • Venta sin receta médica Presentación Registro Sanitario Modo de uso Precauciones y Contraindicaciones No Producto a Pedido 0 Presentación Registro Sanitario Modo de uso Precauciones y Contraindicaciones Producto a Pedido Stock Security Campos Auxiliares Highlight Stock Security Ácido fólico 200 μg +Mio-inositol 2 g.,vtex_spec_or_regex,true
