pharmacy,commercial_name,formal_name,registro_sanitario,price,currency,availability,url,sku,brand,source_strategy,scraped_at,stock,component_text,registro_sanitario_source,component_traceable
Inkafarma,Sunvit Vitamin E 400 IU Cápsula Blanda,Sunvit Vitamin E 400 IU Cápsula Blanda,DE2794,58.80,PEN,available,https://inkafarma.pe/producto/sunvit-vitamin-e-400-iu-capsula-blanda/066550,066550,Sunvit,algolia_public_search,2026-06-08T00:46:09.599748+00:00,,Este producto es distribuido por Inretail Pharma S.A. (Ley 32033) Vitaminas para Adultos Vitaminas Vitamina E,digemid_name_inference,true
Inkafarma,Magnesio + Complejo B Vivactiv Tableta Efervescente,Magnesio + Complejo B Vivactiv Tableta Efervescente,DE4606,13.90,PEN,available,https://inkafarma.pe/producto/vivactiv-complejob-efervescente/028971,028971,VIVACTIV,algolia_public_search,2026-06-08T00:46:09.600241+00:00,,"Magnesio 300mgVitamina B1 1.2mgVitamina B2 1.3mgVitamina B6 1.7mgVitamina B12 2.5ugNiacina 16mgÁcido pantoténico 5mgÁcido fólico 400 ugBiotina 30 ugZinc 11mg Este producto es distribuido por Inretail Pharma S.A. (Ley 32033) Preguntas frecuentes .faq-grid {display: grid;grid-template-columns: repeat(2, 1fr);gap: 16px;margin: 24px 0;}.faq-card {background: #f8f9fa;border: 1px solid #e9ecef;border-radius: 10px;padding: 20px 24px;}.faq-card h3 {font-size: 16px;font-weight: 600;color: #1a1a1a;margin: 0 0 10px;line-height: 1.4;}.faq-card p {font-size: 14px;color: #555;margin: 0;line-height: 1.7;}@media (max-width: 600px) {.faq-grid { grid-template-columns: 1fr; }} ¿Qué vitaminas contiene Vivactiv Complejo B Efervescente? Este producto contiene vitaminas del complejo B en presentación efervescente para consumo oral. ¿Cómo se presenta el complejo B efervescente? La presentación corresponde a tabletas efervescentes que deben disolverse en agua antes de ingerirse. ¿Cómo se consume Vivactiv Complejo B Efervescente? Las tabletas deben disolverse completamente en agua antes de su consumo. La administración debe seguir las indicaciones del etiquetado. ¿Qué es el complejo B en suplementos vitamínicos? El complejo B agrupa vitaminas hidrosolubles utilizadas en suplementos nutricionales de administración oral. Minerales Cupón INKA20 Vitaminas Suplementos y Vitaminas Lo más Buscado en Citrato y Glicinato de Magnesio Magnesio Vitamina B",digemid_name_inference,true
Inkafarma,Sunvit Vitamin A 10000 UI Cápsula blanda,Sunvit Vitamin A 10000 UI Cápsula blanda,DE4079,29.50,PEN,available,https://inkafarma.pe/producto/sunvit-vitamin-a-10000-ui-capsula-blanda/037805,037805,SUNVIT,algolia_public_search,2026-06-08T00:46:09.600598+00:00,,"Vitamina A ( Palmitato de retinol ) 10,000 UI Este producto es distribuido por Inretail Pharma S.A. (Ley 32033) Vitaminas Vitamina A",digemid_name_inference,true
Inkafarma,Vitamina E 1000 UI Cápsula Blanda,Vitamina E 1000 UI Cápsula Blanda,DE0825,56.50,PEN,available,https://inkafarma.pe/producto/vitamina-e-1000-ui-capsula-blanda/070653,070653,VITAMINA E,algolia_public_search,2026-06-08T00:46:09.601869+00:00,,"Cada cápsula blanda contiene: Vitamina E DL-Alfatocoferil Acetato (Vitamina E Sintética) equivalente a Vitamina E. 1000 U.I. Excipientes: Glicerina, otros c.s. Este producto es distribuido por Inretail Pharma S.A. (Ley 32033) Una dieta que contenga ácidos grasos omega puede resultar muy beneficiosa. Los aceites derivados de alimentos ricos en omega, como el pescado, aportan una amplia variedad de nutrientes naturales. Para quienes no disfrutan del pescado en su dieta, recurrir a un suplemento de omega de origen vegetal es una excelente manera de incorporar nutrientes beneficiosos a su día. Las gomitas Omega 3-6-7-9 proporcionan una fuente libre de pescado de ácidos grasos omega 3, 6, 7 y 9 naturales. Dos gomitas veganas aportan 360 mg de un complejo omega de origen vegetal que consta de aceite de linaza orgánico y aceite de fruto de espino amarillo. Vitaminas Vitamina E",digemid_name_inference,true
Inkafarma,Hierro + Vitamina C Vitamins For Life Tableta Efervescente Sabor Cereza,Hierro + Vitamina C Vitamins For Life Tableta Efervescente Sabor Cereza,DE2095,15.90,PEN,available,https://inkafarma.pe/producto/iron-vitamina-c-tableta-efervescente/011029,011029,VITAMINS FOR LIFE,algolia_public_search,2026-06-08T00:46:09.602443+00:00,,"Hierro 14mg Vitamina C 75mg Este producto es distribuido por Inretail Pharma S.A. (Ley 32033) Hierro + vitamina C suplemento nutricional efervescente sin preservantes, sin azúcar, sin gluten, sin lactosa. Hecho en Alemania. Preguntas frecuentes .faq-grid { display: grid; grid-template-columns: repeat(2, 1fr); gap: 16px; margin: 24px 0; } .faq-card { background: #f8f9fa; border: 1px solid #e9ecef; border-radius: 10px; padding: 20px 24px; } .faq-card h3 { font-size: 16px; font-weight: 600; color: #1a1a1a; margin: 0 0 10px; line-height: 1.4; } .faq-card p { font-size: 14px; color: #555; margin: 0; line-height: 1.7; } @media (max-width: 600px) { .faq-grid { grid-template-columns: 1fr; } } ¿Qué contiene Iron Vitamina C efervescente? Este producto combina hierro y vitamina C en tabletas efervescentes para consumo oral. Ambos componentes forman parte de suplementos nutricionales. ¿Qué diferencia tiene una tableta efervescente? Las tabletas efervescentes se disuelven en agua antes de su consumo. Este formato es utilizado en suplementos y vitaminas de administración oral. ¿Cómo se consume una vitamina efervescente con hierro? La tableta debe disolverse completamente en agua antes de ingerirse. La forma de consumo debe seguir las indicaciones señaladas en el envase. ¿Qué función tiene la vitamina C en suplementos con hierro? La vitamina C es un nutriente hidrosoluble presente en distintas formulaciones nutricionales y suplementos vitamínicos de administración oral. Minerales Vitaminas y Suplementos Vitaminas Hierro Vitamina C",digemid_name_inference,true
Inkafarma,Sunvit Vitamin D 2000 IU Tableta,Sunvit Vitamin D 2000 IU Tableta,DE3869,59.90,PEN,available,https://inkafarma.pe/producto/sunvit-vitamin-d-2000-iu-tableta/005570,005570,SUNVIT,algolia_public_search,2026-06-08T00:46:09.605599+00:00,,Vitamina D3 50mcg Este producto es distribuido por Inretail Pharma S.A. (Ley 32033) Cupón INKA20 Vitaminas Vitamina D,digemid_name_inference,true
Inkafarma,Calcio + Vitamina D3 Tableta Efervescente Sabor Naranja / Toronja,Calcio + Vitamina D3 Tableta Efervescente Sabor Naranja / Toronja,DE4027,15.90,PEN,available,https://inkafarma.pe/producto/calcio-vitamina-d3-tabletas-efervescentes/024297,024297,VITAMINS FOR LIFE,algolia_public_search,2026-06-08T00:46:09.605820+00:00,,Calcio 500mg |Vitamina D3 2.5ug Este producto es distribuido por Inretail Pharma S.A. (Ley 32033) Vitaminas Vitamina D,digemid_name_inference,true
Inkafarma,Colágeno 1500 + Biotina y Vitamina C Cápsulas,Colágeno 1500 + Biotina y Vitamina C Cápsulas,DE3564,84.50,PEN,available,https://inkafarma.pe/producto/collagen-1500-plus-biotin-vitamina-c-capsulas/009321,009321,Mason,algolia_public_search,2026-06-08T00:46:09.608143+00:00,,"Colágeno hidrolizado 500 mg Biotina 1% 800 mcg Ácido ascórbico (Vitamina C 99%) 50 mg Este producto es distribuido por Inretail Pharma S.A. (Ley 32033) El colágeno hidrolizado es fuente de aminoácidos esenciales (histidina, isoleucina, leucina, lisina, metionina, fenilalanina, treonina, valina) para el mantenimiento de una buena salud (involucrados en la síntesis de proteínas). El colágeno es uno de los componentes de la piel, cartílago y los huesos, su consumo podría ayudar a ciertas condiciones de la piel y las articulaciones. Con colágeno hidrolizado en cápsulas .Con 800 mcg de biotina y 50 mg de vitamina C. Sin leche, trigo, soya, frutos secos, maní, pescado, huevo, mariscos crustáceos Libre de gluten. Producto Americano Suplementos Nutricionales Suplementos y Vitaminas Busca tu Marca de Colágeno Ideal Colágenos",digemid_name_inference,true
Inkafarma,Pack 02 Sunvit Vitamin D 2000 IU Tableta,Pack 02 Sunvit Vitamin D 2000 IU Tableta,DE3869,115.30,PEN,available,https://inkafarma.pe/producto/pack-02-sunvit-vitamin-d-2000-iu-tableta/PACKNT395,PACKNT395,SUNVIT,algolia_public_search,2026-06-08T00:46:09.616601+00:00,,Vitamina D3 50mcg Este producto es distribuido por Inretail Pharma S.A. (Ley 32033) Vitaminas Packs de Nutrición y Bienestar Vitamina D,digemid_name_inference,true
Inkafarma,Pack Sunvit Vitamin D 2000 IU Tableta,Pack Sunvit Vitamin D 2000 IU Tableta,DE3869,115.30,PEN,available,https://inkafarma.pe/producto/pack-sunvit-vitamin-d-2000-iu-tableta/PACKNT216,PACKNT216,SUNVIT,algolia_public_search,2026-06-08T00:46:09.616719+00:00,,Vitamina D3 50mcg Este producto es distribuido por Inretail Pharma S.A. (Ley 32033) Vitaminas Packs de Nutrición y Bienestar Vitamina D,digemid_name_inference,true
Inkafarma,Pack Calcio + Vitamina D3 Efervescente,Pack Calcio + Vitamina D3 Efervescente,DE4027,84.00,PEN,available,https://inkafarma.pe/producto/pack-calcio-vitamina-d3-efervescente/PACKNT12,PACKNT12,CALCIO,algolia_public_search,2026-06-08T00:46:09.619652+00:00,,"Este producto es distribuido por Inretail Pharma S.A. (Ley 32033) Glucosamina más condroitina suplemento nutricional efervescente, sin preservantes, sin azúcar, sin gluten, sin lactosa. Hecho en Alemania. Vitaminas Packs de Nutrición y Bienestar Vitamina D",digemid_name_inference,true
Inkafarma,Pack Hierro + Vitamina C Efervescente,Pack Hierro + Vitamina C Efervescente,DE4431,84.00,PEN,available,https://inkafarma.pe/producto/pack-hierro-vitamina-c-efervescente/PACKNT07,PACKNT07,VITAMINS FOR LIFE,algolia_public_search,2026-06-08T00:46:09.620285+00:00,,"Este producto es distribuido por Inretail Pharma S.A. (Ley 32033) Hierro + vitamina C suplemento nutricional efervescente sin preservantes, sin azúcar, sin gluten, sin lactosa. Hecho en Alemania. Preguntas frecuentes .faq-grid {display: grid;grid-template-columns: repeat(2, 1fr);gap: 16px;margin: 24px 0;}.faq-card {background: #f8f9fa;border: 1px solid #e9ecef;border-radius: 10px;padding: 20px 24px;}.faq-card h2 {font-size: 16px;font-weight: 600;color: #1a1a1a;margin: 0 0 10px;line-height: 1.4;}.faq-card p {font-size: 14px;color: #555;margin: 0;line-height: 1.7;}@media (max-width: 600px) {.faq-grid { grid-template-columns: 1fr; }} ¿Qué contiene el pack de hierro y vitamina C efervescente? Este pack incluye suplementos efervescentes con hierro y vitamina C. Ambos componentes suelen utilizarse en formulaciones nutricionales de administración oral. ¿Cómo se presenta este suplemento efervescente? La presentación corresponde a tabletas efervescentes que se disuelven en agua antes de su consumo. Este formato permite preparar una bebida de administración oral. ¿Cómo se consume el hierro con vitamina C efervescente? Las tabletas deben disolverse completamente en agua antes de ingerirse. La forma de consumo puede variar según las instrucciones indicadas en el empaque del producto. ¿Qué es la vitamina C en suplementos efervescentes? La vitamina C es un nutriente hidrosoluble presente en distintas formulaciones nutricionales. En productos efervescentes suele combinarse con otros componentes minerales. Minerales Vitaminas y Suplementos Vitaminas Packs de Nutrición y Bienestar Hierro Vitamina C",digemid_name_inference,true
Inkafarma,Omega 3 + Vitamina E Drasanvi Cápsula Blanda,Omega 3 + Vitamina E Drasanvi Cápsula Blanda,DE3109,58.50,PEN,available,https://inkafarma.pe/producto/omega-3-vitamina-e-capsula-blanda/085051,085051,DRASANVI,algolia_public_search,2026-06-08T00:46:09.621410+00:00,,"Cada cápsula blanda contiene: Aceite de pescado (rico en ácido grasos Omega 3 totales ................ 1000,00 mgcon aporte de: EPA (Ácido eicosapentaenoico) Omega 3 ................. 180,00 mg DHA (Ácido docosahexaenoico) Omega 3............................................ 120,00 mg Vitamina E (D-alfa tocoferol)..................................................................... 20,00 mg Este producto es distribuido por Inretail Pharma S.A. (Ley 32033) Vitaminas para Adultos Multivitamínicos Vitaminas Suplementos y Vitaminas Vitamina E Omega 3-Fish Oil Para Adultos",digemid_name_inference,true
Inkafarma,Pack 02 Sunvit Vitamin A 10000 UI Cápsula blanda,Pack 02 Sunvit Vitamin A 10000 UI Cápsula blanda,DE4079,56.80,PEN,available,https://inkafarma.pe/producto/pack-02-sunvit-vitamin-a-10000-ui-capsula-blanda/PACKNT392,PACKNT392,SUNVIT,algolia_public_search,2026-06-08T00:46:09.621556+00:00,,Este producto es distribuido por Inretail Pharma S.A. (Ley 32033) Vitaminas Packs de Nutrición y Bienestar Vitamina A,digemid_name_inference,true
Inkafarma,Vitamina D3 100 µg 4000 UI Drasanvi Comprimido,Vitamina D3 100 µg 4000 UI Drasanvi Comprimido,DE4238,50.10,PEN,available,https://inkafarma.pe/producto/vitamina-d3-100-4000-ui-comprimido/085109,085109,DRASANVI,algolia_public_search,2026-06-08T00:46:09.622423+00:00,,"Agente de carga (Celulosa microcristalina), Colecalciferol (Vitamina D3), Agente de carga (Sal magnésica de ácido graso) Este producto es distribuido por Inretail Pharma S.A. (Ley 32033) Vitaminas Suplementos / Complementos Nutrición Adulto Adulto Vitamina D",digemid_name_inference,true
Inkafarma,Calcium Magnesium Zinc with Vitamin D3 Tableta recubierta,Calcium Magnesium Zinc with Vitamin D3 Tableta recubierta,DE0421,45.50,PEN,available,https://inkafarma.pe/producto/calcium-magnesium-zinc-with-vitamin-d3-tab-rcb/034009,034009,NATURE'S BOUNTY,algolia_public_search,2026-06-08T00:46:09.622624+00:00,,Vitamina D (Como D3 Colecalciferol) 5 mcg (200 IU)Calcio 333.333 mg(Como Carbonato de calcio y Gluconato de calcio)Magnesio 133.333 mg(Como Óxido de magnesio y Gluconato de magnesio) Zinc 8.333 mg(Como Gluconato de zinc y Citrato de zinc) Este producto es distribuido por Inretail Pharma S.A. (Ley 32033) *Suplemento Dietético*100 Tabletas recubiertas Vitaminas para Adultos Vitaminas Vitamina D,digemid_name_inference,true
Inkafarma,Vitamin B12 1000 Plus Folic Acid Tableta sublingual,Vitamin B12 1000 Plus Folic Acid Tableta sublingual,DE4966,44.90,PEN,available,https://inkafarma.pe/producto/vitamin-b12-1000-plus-folic-acid-tab-sub/035583,035583,VITAMINS FOR LIFE,algolia_public_search,2026-06-08T00:46:09.623080+00:00,,"Vitamina B12 1000mcgÁcido Fólico 0.400 mgBiotina 0.400 mg Este producto es distribuido por Inretail Pharma S.A. (Ley 32033) Preguntas frecuentes .faq-grid { display: grid; grid-template-columns: repeat(2, 1fr); gap: 16px; margin: 24px 0; } .faq-card { background: #f8f9fa; border: 1px solid #e9ecef; border-radius: 10px; padding: 20px 24px; } .faq-card h3 { font-size: 16px; font-weight: 600; color: #1a1a1a; margin: 0 0 10px; line-height: 1.4; } .faq-card p { font-size: 14px; color: #555; margin: 0; line-height: 1.7; } @media (max-width: 600px) { .faq-grid { grid-template-columns: 1fr; } } ¿Qué contiene Vitamin B12 1000 Plus Folic Acid? Este producto contiene vitamina B12 y ácido fólico en presentación sublingual. Ambos componentes forman parte de suplementos nutricionales de administración oral. ¿En qué presentación viene Vitamin B12 1000 Plus Folic Acid? La presentación corresponde a tabletas sublinguales para consumo oral. Este formato está diseñado para administración según las indicaciones del etiquetado. ¿Cómo se consume la vitamina B12 sublingual? Las tabletas sublinguales se administran siguiendo las instrucciones indicadas en el envase. La frecuencia de consumo puede variar según las indicaciones del fabricante. ¿Qué es el ácido fólico en suplementos vitamínicos? El ácido fólico es una vitamina del complejo B presente en distintos suplementos nutricionales. Puede encontrarse combinado con vitamina B12 en formulaciones de administración oral. Vitaminas Suplementos y Vitaminas Vitamina B-Complejo B B6 y B12 Vitamina B",digemid_name_inference,true
Inkafarma,Melatonina + Vitamina B6 Solucion Oral,Melatonina + Vitamina B6 Solucion Oral,DE4342,34.00,PEN,available,https://inkafarma.pe/producto/melatonina-vitamina-b6-solucion-oral/085163,085163,DRASANVI,algolia_public_search,2026-06-08T00:46:09.623257+00:00,,"Agua , Vitamina B6 (Piroxidina clorohidrato) 1,344 mg, Melatonina (Libre de procedencia animal) 1mg, Aroma (Aroma limón) , Conservador (Sorbato potásico) , Acidulante (Ácido cítrico) Este producto es distribuido por Inretail Pharma S.A. (Ley 32033) Sistema Locomotor Suplementos y Vitaminas Sedantes Ayuda a Relajarte y Dormir Mejor",digemid_name_inference,true
Inkafarma,Melatonina + Vitamina B6 Kids Drasanvi Solución para Gotas Orales,Melatonina + Vitamina B6 Kids Drasanvi Solución para Gotas Orales,DE4337,34.00,PEN,available,https://inkafarma.pe/producto/melatonina-vitamina-b6-kids-solucion-gotas-orales/085108,085108,DRASANVI,algolia_public_search,2026-06-08T00:46:09.623432+00:00,,"Agua, Melatonina (Libre de procedencia animal) 1 mg, Vitamina B6 (Piroxidina clorohidrato) 0,67 mg, Aroma (Aroma limón), Conservador (Sorbato potásico), Acidulante (Ácido cítrico)) Este producto es distribuido por Inretail Pharma S.A. (Ley 32033) Multivitamínicos Suplementos y Vitaminas Vitaminas y Complementos Ayuda a Relajarte y Dormir Mejor Para Niños Vitamina B",digemid_name_inference,true
Inkafarma,Acondicionador Pro-Vitaminas Pantene Hidratación Extrema,Acondicionador Pro-Vitaminas Pantene Hidratación Extrema,DE3502,17.90,PEN,available,https://inkafarma.pe/producto/acondicionador-pro-vitaminas-pantene-hidratacion-e/007848,007848,PANTENE,algolia_public_search,2026-06-08T00:46:09.625000+00:00,,"Este producto es distribuido por Inretail Pharma S.A. (Ley 32033) Con Pantene disfruta de más de 70 años de experiencia en tratamiento, limpieza y cuidado para tu cabello. Los productos Pantene fueron desarrollados especialmente para brindarte restauración, fortaleza, brillo, nutrición e hidratación Capilar. Gracias a sus ingredientes y su fórmula Pro-vitamina B5. Hidratación y cuidado capilar con Pantene Acondicionador Pro-Vitaminas Hidratación Extrema 400 ml Tecnología inteligente que actúa donde el cabello más lo necesita, los tratamientos químicos dañan permanentemente la estructura protectora de tu cabello, haciéndolo más susceptible al quiebre y la resequedad. La fórmula Pro-Vitaminas de la colección Pantene Pro-V Hidratación Extrema ayuda a devolver la suavidad perdida a tu cabello para dejarlo más brillante, hidratado y resistente al quiebre. Baño Shampoo y Acondicionador Cuidado del Cabello Acondicionador Shampoo y Acondicionadores",digemid_name_inference,true
Inkafarma,Egogyn 1000 UI Vitamina E Cápsula blanda,Egogyn 1000 UI Vitamina E Cápsula blanda,DE1620,130.02,PEN,available,https://inkafarma.pe/producto/egogyn-1000-ui-vitamina-e/227213,227213,EGOGYN,algolia_public_search,2026-06-08T00:46:09.810308+00:00,,di - alfa tocoferil acetato 1000 UI Este producto es distribuido por Inretail Pharma S.A. (Ley 32033) Vitaminas Vitamina E,digemid_name_inference,true
Inkafarma,Vitamina D3 1000 UI 25 mcg Mason Natural Cápsula Blanda,Vitamina D3 1000 UI 25 mcg Mason Natural Cápsula Blanda,DE3654,58.90,PEN,available,https://inkafarma.pe/producto/vitamina-d3-1000-ui-25-mcg-capsula-blanda/085322,085322,MASON,algolia_public_search,2026-06-08T00:46:09.811692+00:00,,Cada capsula blanda contiene Vitamina D3 (colecalciferol)(de aceite de higado de pescado) 25 mcg (1000 UI) Este producto es distribuido por Inretail Pharma S.A. (Ley 32033) Vitaminas Suplementos / Complementos Nutrición Adulto Adulto Vitamina D,digemid_name_inference,true
Inkafarma,Vitamina D3 2000 UI Mason Natural Cápsula Blanda,Vitamina D3 2000 UI Mason Natural Cápsula Blanda,DE4518,80.90,PEN,available,https://inkafarma.pe/producto/vitamina-d3-2000-ui-capsula-blanda/085321,085321,MASON,algolia_public_search,2026-06-08T00:46:09.811841+00:00,,Cada capsula blanda contiene Vitamina D3 (colecalciferol)(de aceite de higado de pescado) 50 mcg (2000 UI) Este producto es distribuido por Inretail Pharma S.A. (Ley 32033) Vitaminas Suplementos / Complementos Nutrición Adulto Adulto Vitamina D,digemid_name_inference,true
Inkafarma,Isoflavonas Magnesio + Vitamina en Cápsula,Isoflavonas Magnesio + Vitamina en Cápsula,DE4606,99.90,PEN,available,https://inkafarma.pe/producto/isoflavonas-magnesio-vitamina-e-capsula/084707,084707,ANA MARIA LA JUSTICIA,algolia_public_search,2026-06-08T00:46:09.811972+00:00,,"Extracto de soja, carbonato de magnesio, vitamina E y excipientes. Este producto es distribuido por Inretail Pharma S.A. (Ley 32033) Vitaminas para Adultos Vitaminas Vitamina E",digemid_name_inference,true
Inkafarma,Aceite de Onagra + Vitamina en Cápsula Blanda,Aceite de Onagra + Vitamina en Cápsula Blanda,DE4623,119.90,PEN,available,https://inkafarma.pe/producto/aceite-de-onagra-vitamina-e-capsula-blanda/084706,084706,ANA MARIA LA JUSTICIA,algolia_public_search,2026-06-08T00:46:09.812096+00:00,,"Aceite de onagra, vitamina E y excipientes. Este producto es distribuido por Inretail Pharma S.A. (Ley 32033) Vitaminas para Adultos Vitaminas Vitamina E",digemid_name_inference,true
Inkafarma,Triptofano con Magnesio y Vitamina B6 Comprimido,Triptofano con Magnesio y Vitamina B6 Comprimido,DE4606,89.00,PEN,available,https://inkafarma.pe/producto/triptofano-con-magnesio-y-vitamina-b6-comprimido/084698,084698,ANA MARIA LA JUSTICIA,algolia_public_search,2026-06-08T00:46:09.812225+00:00,,"L-triptófano, carbonato de magnesio, clorhidrato de piridoxina (vitamina B6) y excipientes. Este producto es distribuido por Inretail Pharma S.A. (Ley 32033) Minerales Magnesio",digemid_name_inference,true
Inkafarma,Triptofano con Melatonina + Magnesio y Vitamina B6 Comprimido,Triptofano con Melatonina + Magnesio y Vitamina B6 Comprimido,DE4606,94.50,PEN,available,https://inkafarma.pe/producto/triptofano-con-melatonina-magnesio-y-vitamina-b6/084697,084697,ANA MARIA LA JUSTICIA,algolia_public_search,2026-06-08T00:46:09.812393+00:00,,"Carbonato de magnesio, L-triptófano, agente de carga (celulosa microcristalina), Antiaglomerante (sales magnésicas de ácidos grasos), melatonina, clorhidrato de piridoxina (vitamina B6). Este producto es distribuido por Inretail Pharma S.A. (Ley 32033) Alimentos Naturales Suplementos y Vitaminas Otros Alimentos Naturales Ayuda a Relajarte y Dormir Mejor",digemid_name_inference,true
Inkafarma,Terbol Vitamina E 1000 UI,Terbol Vitamina E 1000 UI,DE0825,59.00,PEN,available,https://inkafarma.pe/producto/terbol-vitamina-e-100-ui/069875,069875,TERBOL,algolia_public_search,2026-06-08T00:46:09.816706+00:00,,Vitamina E (Acetato de dl-alfa tocoferilo) 1000 UI Este producto es distribuido por Inretail Pharma S.A. (Ley 32033) Vitaminas Vitamina E,digemid_name_inference,true
Inkafarma,Terbol Vitamina E 1000 UI,Terbol Vitamina E 1000 UI,DE0825,99.90,PEN,available,https://inkafarma.pe/producto/terbol-vitamina-e-100-ui/069874,069874,TERBOL,algolia_public_search,2026-06-08T00:46:09.816817+00:00,,Vitamina E (Acetato de dl-alfa tocoferilo) 1000 UI Este producto es distribuido por Inretail Pharma S.A. (Ley 32033) Vitaminas Vitamina E,digemid_name_inference,true
Inkafarma,Vitamina D Sabor Limon 800 UI Tableta efervescente,Vitamina D Sabor Limon 800 UI Tableta efervescente,DE3832,19.90,PEN,available,https://inkafarma.pe/producto/vitamina-d-sabor-limon-800-ui-tab-efervescente/036716,036716,C HEDENKAMP,algolia_public_search,2026-06-08T00:46:09.818274+00:00,,Vitamina D3 (colecalciferol 800 UI 400%) Este producto es distribuido por Inretail Pharma S.A. (Ley 32033) Suplemento nutricional efervescente Vitaminas para Adultos Vitaminas Vitamina D,digemid_name_inference,true
Inkafarma,Gomitas Hierro+Vitamina C Caramelli - Frasco 60 UN,Gomitas Hierro+Vitamina C Caramelli - Frasco 60 UN,DE4431,37.00,PEN,available,https://inkafarma.pe/producto/gomitas-hierrovitamina-c-caramelli-frasco-60-un/034516,034516,CARAMELLI,algolia_public_search,2026-06-08T00:46:09.821786+00:00,,"Azúcar, Glucosa, Dextrosa, Gelatina, Almidón modificado, Saborizante artificial a fresa, Ácido cítrico (SIN 330), Vitamina c (SIN 300), Colorante: Rojo 40 (SIN 129), Sulfato Ferroso (Hierro). Este producto es distribuido por Inretail Pharma S.A. (Ley 32033) Caramelos masticables azucarados sabor a fresa. Preguntas frecuentes .faq-grid {display: grid;grid-template-columns: repeat(2, 1fr);gap: 16px;margin: 24px 0;}.faq-card {background: #f8f9fa;border: 1px solid #e9ecef;border-radius: 10px;padding: 20px 24px;}.faq-card h3 {font-size: 16px;font-weight: 600;color: #1a1a1a;margin: 0 0 10px;line-height: 1.4;}.faq-card p {font-size: 14px;color: #555;margin: 0;line-height: 1.7;}@media (max-width: 600px) {.faq-grid { grid-template-columns: 1fr; }} ¿Qué contienen las gomitas Hierro + Vitamina C Caramelli? Este producto combina hierro y vitamina C en presentación de gomitas para consumo oral. Ambos componentes forman parte de suplementos nutricionales. ¿Cómo se presentan las gomitas con hierro y vitamina C? La presentación corresponde a frasco con 60 unidades en formato de gomitas. Este tipo de formato es utilizado en suplementos vitamínicos de consumo oral. ¿Cómo se consumen las gomitas con vitamina C? Las gomitas se consumen por vía oral siguiendo las indicaciones señaladas en el envase del producto. ¿Qué caracteriza a los suplementos con hierro y vitamina C? Las formulaciones con hierro y vitamina C pueden encontrarse en diferentes formatos como tabletas, efervescentes y gomitas de consumo oral. Minerales Multivitamínicos Para Niños Hierro",digemid_name_inference,true
Inkafarma,Vitamina K2 Complex con D3 5000 IU 800 mcg de MK7 plus MK4 Horbaach 180 Capsulas,Vitamina K2 Complex con D3 5000 IU 800 mcg de MK7 plus MK4 Horbaach 180 Capsulas,DE4966,179.00,PEN,available,https://inkafarma.pe/producto/vitamina-k2-complex-con-d3-5000-iu-800-mcg-de-mk7-plus-mk4-horbaach-180-capsulas/1750635322779,1750635322779,HORBAACH,algolia_public_search,2026-06-08T00:46:09.837666+00:00,,"••• ALTA POTENCIA!!! A diferencia de la Vitamina K2 tradicional con D3 (K2 + D3) ¡nuestra contiene la mayor cantidad de Vitamina K2 (MK-7, MK-4) - 1000MCG con 125 mcg de D3! En comparación con la mayoría de las empresas que solo venden 100 mg. Así que sabes que verás mejor la fuerza ósea y te sentirás mejor de inmediato.••• BENEFICIOS:*Apoya el corazón, los huesos, los músculos y el estado de ánimo saludables.••• Sin gluten, sin OMG; Libre de trigo, levadura, leche, lactosa, colorantes artificiales, saborizantes artificiales.••• Formulado para hombres, mujeres y personas mayores.••• Forma de consumo:Como suplemento dietético, tome 1 cápsula una o dos veces al día, preferiblemente con una comida y agua.••• Advertencia!!!No exceda la dosis recomendada. Las madres embarazadas o lactantes, los niños menores de 18 años y las personas con una condición médica conocida deben consultar a un médico antes de usar este o cualquier suplemento dietético.••• SEGURO PARA USO INTERNO. Minerales Otros Minerales",digemid_name_inference,true
Inkafarma,Vitamina C - Xtralife Natural Products - 100 Tabletas,Vitamina C - Xtralife Natural Products - 100 Tabletas,DE-1230,58.90,PEN,available,https://inkafarma.pe/producto/vitamina-c-xtralife-natural-products-100-tabletas/1661376892402,1661376892402,Xtralife Natural Products,algolia_public_search,2026-06-08T00:46:09.838369+00:00,,"Beneficios: Fortalece el sistema inmunológico. Interviene en la síntesis del colágeno. Previene la aparición de enfermedades cardiovasculares. Retarda el envejecimiento. Mejora la absorción de hierro. Ideal en casos de: Escorbuto. Resfrió común. Hipertensión y arterosclerosis ya que promueve la vasodilatación y evita la coagulación. Estrés oxidativo. Recuperar la salud de huesos, dientes y encías. Características: Contribuye al funcionamiento normal del sistema de defensa. Composición nutricional: Vitamina C Contraindicaciones: La vitamina C puede interferir en la prueba de glucemia, aunque no tiene ningún efecto sobre los niveles de azúcar en la sangre. Garantía: Garantía de 30 días de total satisfacción. Marca: Xtralife Natural Products Modelo: 100 Tabletas Recomendaciones de uso: 1 tableta al día, luego de ingerir algún alimento. Registro Sanitario: DE-1230 Sub tipo de producto: Vitamina Nutrición Adultos Complementos / Suplementos Nutricionales",page_or_detail_regex,true
Inkafarma,Vitamina D3 + K2 Capsulas Blandas 300 Capsulas,Vitamina D3 + K2 Capsulas Blandas 300 Capsulas,DE4524,229.00,PEN,available,https://inkafarma.pe/producto/vitamina-d3-k2-capsulas-blandas-300-capsulas/1706367132687,1706367132687,MICROINGREDIENTS,algolia_public_search,2026-06-08T00:46:09.838697+00:00,,"Shop4us tienda trae productos 100% originales de EE.UU * Micro Ingredientes Vitamina D3 más Vitamina K2 (Vitamina D3 K2), 300 cápsulas blandas, sin OGM y fáciles de tragar. * Nuestra formulación, vitamina D3 y K2 con aceite de semilla de girasol, fue creada para funcionar con su ingesta de calcio para respaldar la salud ósea y promover arterias saludables. * Complejo de vitaminas inmunitarias (vitamina K2 y vitamina D3), respalda la capacidad de las articulaciones, la función cardiovascular, la salud dental y el sistema inmunológico. * Sin OGM, sin conservantes, sin colorantes artificiales, sin saborizantes, sin soja y sin gluten * Laboratorio de terceros, probado para garantizar su pureza y seguridad. Solo emitimos boleta de venta. Promociones Marketplace Multivitamínicos Productos Más Vistos de Salud Para Adultos",digemid_name_inference,true
Inkafarma,Cloruro de Magnesio Potasio Calcio y Vitamina C Magnesium Complex,Cloruro de Magnesio Potasio Calcio y Vitamina C Magnesium Complex,DE4606,55.90,PEN,available,https://inkafarma.pe/producto/cloruro-de-magnesio-potasio-calcio-y-vitamina-c-magnesium-complex/1696442457968,1696442457968,NIBRAY,algolia_public_search,2026-06-08T00:46:09.839828+00:00,,"Magnesio Potasio Calcio y Vitamina C Magnesium Complex Descubre el poder de Magnesium Complex, nuestro suplemento nutricional diseñado para llevar tu salud al siguiente nivel. Este innovador producto combina cloruro de magnesio, cloruro de potasio, calcio y vitamina C en una fórmula única que respalda múltiples aspectos de tu bienestar. Con Magnesium Complex, puedes fortalecer tu salud cardiovascular, manteniendo una presión arterial saludable y un corazón fuerte. Además, promueve huesos y músculos fuertes, lo que te ayuda a sentirte activo y enérgico en tu día a día. Nuestra fórmula también respalda la función nerviosa y el metabolismo energético, lo que te proporciona la vitalidad que necesitas para enfrentar tus desafíos diarios con confianza. Y no olvides el refuerzo inmunológico gracias a la vitamina C, que te ayuda a proteger tu cuerpo contra las amenazas externas. Magnesium Complex es la elección perfecta para quienes buscan una salud completa y un bienestar general. ¡Hazlo parte de tu rutina y experimenta la diferencia hoy mismo! Tu cuerpo y mente te lo agradecerán. Sugerencia de Uso: Consumir 5 g al día diluida en 125 mL de agua, 1 vez al día. Nutrición Nutrición Adultos Complementos / Suplementos Nutricionales Otras vitaminas y suplementos",digemid_name_inference,true
Inkafarma,Pack 3x2 Colageno Resveratrol Biotina Zinc Vitamina C Gummies Adult,Pack 3x2 Colageno Resveratrol Biotina Zinc Vitamina C Gummies Adult,DE3564,167.90,PEN,available,https://inkafarma.pe/producto/pack-3x2-colageno-resveratrol-biotina-zinc-vitamina-c-gummies-adult/1704318598643,1704318598643,NIBRAY,algolia_public_search,2026-06-08T00:46:10.004185+00:00,,"¡Gomitas de Colágeno Hidrolizado con Poderosos Nutrientes Antienvejecimiento! Nuestras gomitas de colágeno están diseñadas para ser el aliado ideal en tu rutina diaria de cuidado personal. Con una combinación cuidadosamente seleccionada de ingredientes clave, cada frasco de nuestras gomitas contiene una fórmula poderosa para nutrir tu piel, cabello y uñas desde adentro hacia afuera. ¿Qué hacen nuestras gomitas por ti? Colágeno Hidrolizado : Favorece la elasticidad y firmeza de la piel, apoyando la salud de las articulaciones. Resveratrol : Poderoso antioxidante que combate los signos del envejecimiento prematuro y promueve una piel radiante. Biotina : Ayuda en el fortalecimiento de cabello y uñas, promoviendo su salud y brillo. Zinc : Contribuye al mantenimiento de la piel, el cabello y las uñas en condiciones óptimas. Vitamina C : Impulsa la producción de colágeno natural para una piel más firme y radiante. Sugerencia de uso: Tomar 2 gomitas diarias en ayunas. Nuestras gomitas son mucho más que un delicioso suplemento; son tu compañero esencial para mantener una apariencia fresca, juvenil y saludable. Disfruta de una forma práctica y sabrosa de cuidar tu belleza desde dentro. ¡Haz que tu rutina de cuidado personal sea placentera y efectiva con nuestras gomitas de colágeno! Tu bienestar y tu belleza merecen lo mejor. Suplementos Nutricionales Naturales",digemid_name_inference,true
Inkafarma,Pack 3x2 Cloruro de Magnesio Potasio Calcio y Vitamina C Magnesium Complex,Pack 3x2 Cloruro de Magnesio Potasio Calcio y Vitamina C Magnesium Complex,DE4606,134.40,PEN,available,https://inkafarma.pe/producto/pack-3x2-cloruro-de-magnesio-potasio-calcio-y-vitamina-c-magnesium-complex/1696442858879,1696442858879,NIBRAY,algolia_public_search,2026-06-08T00:46:10.004628+00:00,,"Magnesio Potasio Calcio y Vitamina C Magnesium Complex Descubre el poder de Magnesium Complex, nuestro suplemento nutricional diseñado para llevar tu salud al siguiente nivel. Este innovador producto combina cloruro de magnesio, cloruro de potasio, calcio y vitamina C en una fórmula única que respalda múltiples aspectos de tu bienestar. Con Magnesium Complex, puedes fortalecer tu salud cardiovascular, manteniendo una presión arterial saludable y un corazón fuerte. Además, promueve huesos y músculos fuertes, lo que te ayuda a sentirte activo y enérgico en tu día a día. Nuestra fórmula también respalda la función nerviosa y el metabolismo energético, lo que te proporciona la vitalidad que necesitas para enfrentar tus desafíos diarios con confianza. Y no olvides el refuerzo inmunológico gracias a la vitamina C, que te ayuda a proteger tu cuerpo contra las amenazas externas. Magnesium Complex es la elección perfecta para quienes buscan una salud completa y un bienestar general. ¡Hazlo parte de tu rutina y experimenta la diferencia hoy mismo! Tu cuerpo y mente te lo agradecerán. Sugerencia de Uso: Consumir 5 g al día diluida en 125 mL de agua, 1 vez al día. Nutrición Nutrición Adultos Complementos / Suplementos Nutricionales Otras vitaminas y suplementos",digemid_name_inference,true
Inkafarma,Vitamina B12 NATURALSLIM Sublingual 2500 mcg Plus Vitamina D3 - Metilcobalamina oral,Vitamina B12 NATURALSLIM Sublingual 2500 mcg Plus Vitamina D3 - Metilcobalamina oral,DE4966,229.00,PEN,available,https://inkafarma.pe/producto/vitamina-b12-naturalslim-sublingual-2500-mcg-plus-vitamina-d3-metilcobalamina-oral/1715447857148,1715447857148,NaturalSlim,algolia_public_search,2026-06-08T00:46:10.005514+00:00,,"Vitaminas B12: una de las formas más puras, activas y biodisponibles de la vitamina B-12 está en Metab-12, una vitamina líquida B12 metilcobalamina (Metil B12). Vit B12 es soluble en agua, por lo que cualquier exceso de vitamina B se excreta en la orina en lugar de almacenarse en el cuerpo. Vitamina D3: formulada mezclando vitamina D y B12 juntos en Metab-12 mejora aún más los beneficios que dan salud. El Vit D3 (colecalciferol) se considera la mejor fuente de vitamina D, ya que ayuda a tu cuerpo a absorber calcio y tiene muchos otros beneficios para tu salud general. Suplemento energético natural: gotas B12 únicas que apoyan tu sistema inmunológico y digestivo, cerebro, cabello, piel y uñas. Mientras que también ayuda al cuerpo en la síntesis de ADN, la producción de glóbulos rojos y el metabolismo. Vitaminas perfectas para la energía y el cansancio para mujeres y hombres Absorción rápida: nuestro B12 se disuelve bajo la lengua, ¡sí! Y estas son deliciosas gotas de vitamina líquida B12 fáciles de tragar. Este suplemento líquido B12 se absorbe a través de los vasos sanguíneos de la boca, beneficioso para cualquier persona que tenga problemas para absorber estas vitaminas en el estómago. Vitaminas Vitamina B",digemid_name_inference,true
Inkafarma,Vitamina D3 - Xtralife Natural Products - 100 Cápsulas,Vitamina D3 - Xtralife Natural Products - 100 Cápsulas,DE-3648,65.90,PEN,available,https://inkafarma.pe/producto/vitamina-d3-xtralife-natural-products-100-capsulas/1660522637371,1660522637371,Xtralife Natural Products,algolia_public_search,2026-06-08T00:46:10.006013+00:00,,"Beneficios: Fortalece la absorción del calcio y del fósforo, ayudando a mantener huesos y dientes fuertes. Previene la aparición de enfermedades cardiacas. Mejora la circulación sanguínea. Retarda los procesos de envejecimiento. Ayuda a la regeneración de la piel dañada. Reduce los niveles de colesterol y azúcar en sangre. Fortalece el sistema inmune. Previene el raquitismo en niños. Favorece la función muscular. Previene la salud cardiovascular. Útil en casos de esclerosis múltiples. Ideal en casos de: Dolor en los huesos y articulaciones. Dolor muscular (calambres musculares) Personas con osteoporosis. 80% de pacientes de COVID padecen de falta de vitamina D3. Menopausia (los ovarios dejan de producir estrógeno, una hormona que ayuda a mantener los huesos fuertes) Toma de medicamentos que afectan el metabolismo que afectan el metabolismo de la vitamina D3, como fármacos para el colesterol, anticonvulsivos y glucocorticoides. Fatiga crónica y cansancio Características: Huesos fuertes y sistema inmune fortalecido. Composición nutricional: Vitamina D3 Contraindicaciones: No superar la dosis diaria expresamente recomendada. No deben utilizarse como sustituto de una dieta equilibrada. Manténgase fuera del alcance de los niños. Garantía: Garantía del total satisfacción de 30 días. Marca: Xtralife Natural Products Modelo: 100 Cápsulas Recomendaciones de uso: 1 cápsula blanda al día, junto con algún alimento. Registro Sanitario: DE-3648 Sub tipo de producto: Vitamina Vitaminas y Suplementos",page_or_detail_regex,true
Inkafarma,Pack 2 Frascos Colageno Resveratrol Biotina Zinc Vitamina C Gummies Adult,Pack 2 Frascos Colageno Resveratrol Biotina Zinc Vitamina C Gummies Adult,DE3564,118.90,PEN,available,https://inkafarma.pe/producto/pack-2-frascos-colageno-resveratrol-biotina-zinc-vitamina-c-gummies-adult/1704317423101,1704317423101,NIBRAY,algolia_public_search,2026-06-08T00:46:10.006833+00:00,,"¡Gomitas de Colágeno Hidrolizado con Poderosos Nutrientes Antienvejecimiento! Nuestras gomitas de colágeno están diseñadas para ser el aliado ideal en tu rutina diaria de cuidado personal. Con una combinación cuidadosamente seleccionada de ingredientes clave, cada frasco de nuestras gomitas contiene una fórmula poderosa para nutrir tu piel, cabello y uñas desde adentro hacia afuera. ¿Qué hacen nuestras gomitas por ti? Colágeno Hidrolizado : Favorece la elasticidad y firmeza de la piel, apoyando la salud de las articulaciones. Resveratrol : Poderoso antioxidante que combate los signos del envejecimiento prematuro y promueve una piel radiante. Biotina : Ayuda en el fortalecimiento de cabello y uñas, promoviendo su salud y brillo. Zinc : Contribuye al mantenimiento de la piel, el cabello y las uñas en condiciones óptimas. Vitamina C : Impulsa la producción de colágeno natural para una piel más firme y radiante. Sugerencia de uso: Tomar 2 gomitas diarias en ayunas. Nuestras gomitas son mucho más que un delicioso suplemento; son tu compañero esencial para mantener una apariencia fresca, juvenil y saludable. Disfruta de una forma práctica y sabrosa de cuidar tu belleza desde dentro. ¡Haz que tu rutina de cuidado personal sea placentera y efectiva con nuestras gomitas de colágeno! Tu bienestar y tu belleza merecen lo mejor. Suplementos Nutricionales Naturales",digemid_name_inference,true
Inkafarma,Calcio - Magnesio - Zinc - Vitamina D - Xtralife Natural Products - 100 Tabletas,Calcio - Magnesio - Zinc - Vitamina D - Xtralife Natural Products - 100 Tabletas,DE-0830,71.00,PEN,available,https://inkafarma.pe/producto/calcio-magnesio-zinc-vitamina-d-xtralife-natural-products-100-tabletas/1661644782151,1661644782151,Xtralife Natural Products,algolia_public_search,2026-06-08T00:46:10.009978+00:00,,"Beneficios: Favorece la transmisión de los impulsos nerviosos, disminuyendo la ansiedad y nerviosismo. Ayuda a una correcta contracción y relajación de los músculos. Es útil para evitar calambres musculares. Previene la descalcificación en mujeres post menopáusicas. Aumenta las defensas del cuerpo. Contribuye en la regulación del calcio en la sangre. Ayuda a evitar la calcificación de los tejidos y daños en las arterias. Favorece la salud de los huesos. Ideal en casos de: Prevención de enfermedades cardiovasculares. Estrés, fatiga, o cansancio. Estrés, oxidativo. Características: Fortalecedor del sistema nervioso óseo articular. Composición nutricional: Calcio - Magnesio - Zinc + Vitamina D Contraindicaciones: Cuando se administran dosis terapéuticas por tiempos prolongados, puede producirse hipercalcemia o hipercalciuria; para evitar esta situación, se debe monitorear los niveles de calcio en plasma y orina. Garantía: Garantía de 30 días de total satisfacción. Marca: Xtralife Natural Products Modelo: 100 Tabletas Recomendaciones de uso: Debe tomarse 3 tabletas diarias con los alimentos. (desayuno, almuerzo y cena). Registro Sanitario: DE-0830 Sub tipo de producto: Vitamina Nutrición Adultos Complementos / Suplementos Nutricionales",page_or_detail_regex,true
Inkafarma,PACK 2 GOMITAS OMEGA 3 NIÑOS VITAMINAS PARA NIÑOS 260 UND,PACK 2 GOMITAS OMEGA 3 NIÑOS VITAMINAS PARA NIÑOS 260 UND,DE3109,65.90,PEN,available,https://inkafarma.pe/producto/pack-2-gomitas-omega-3-ninos-vitaminas-para-ninos-260-und/1768494134468,1768494134468,SOTTCOR LABS,algolia_public_search,2026-06-08T00:46:10.013239+00:00,,"Gomitas Omega 3 Niños 130 UND Ayuda a reducir la ansiedad y mejora la concentración. Contribuye al desarrollo del cerebro, la vista y el corazón, apoyando la atención y el bienestar general. Modo de uso: De 2 a 3 años: 1 gomita diaria. De 4 a 8 años: 2 gomitas diarias. De 9 a 15 años: 3 gomitas diarias. Consumir media hora después del almuerzo. Suplementos / Complementos Adulto",digemid_name_inference,true
Inkafarma,PACK 2 GOMITAS VITAMINAS PARA NIÑOS + OMEGA 3 ADULTO 260 UND,PACK 2 GOMITAS VITAMINAS PARA NIÑOS + OMEGA 3 ADULTO 260 UND,DE3109,65.90,PEN,available,https://inkafarma.pe/producto/pack-2-gomitas-vitaminas-para-ninos-omega-3-adulto-260-und/1768494106478,1768494106478,SOTTCOR LABS,algolia_public_search,2026-06-08T00:46:10.014173+00:00,,"GOMITAS VITAMINAS NIÑOS 130UND Contiene Vitamina A para el mantenimiento de dientes, Vitamina D para fortalecer huesos y controlar el azúcar, Vitamina C como antioxidante para cartílagos y Vitamina E para proteger la vista y fortalecer el sistema inmunológico. Modo de uso: De 2 a 3 años: 1 gomita diaria. De 4 a 8 años: 2 gomitas diarias. De 9 a 15 años: 4 gomitas al día. De 16 años a más: 6 gomitas al día. Contenido: 130 UND. Suplementos / Complementos Adulto",digemid_name_inference,true
Inkafarma,PACK 2 GOMITAS VITAMINAS PARA NIÑOS + CITRATO MAGNESIO ADULTO 260UND,PACK 2 GOMITAS VITAMINAS PARA NIÑOS + CITRATO MAGNESIO ADULTO 260UND,DE4606,65.90,PEN,available,https://inkafarma.pe/producto/pack-2-gomitas-vitaminas-para-ninos-citrato-magnesio-adulto-260und/1768494047903,1768494047903,SOTTCOR LABS,algolia_public_search,2026-06-08T00:46:10.015763+00:00,,"GOMITAS VITAMINAS NIÑOS 130UND Contiene Vitamina A para el mantenimiento de dientes, Vitamina D para fortalecer huesos y controlar el azúcar, Vitamina C como antioxidante para cartílagos y Vitamina E para proteger la vista y fortalecer el sistema inmunológico. Modo de uso: De 2 a 3 años: 1 gomita diaria. De 4 a 8 años: 2 gomitas diarias. De 9 a 15 años: 4 gomitas al día. De 16 años a más: 6 gomitas al día. Contenido: 130 UND. Suplementos / Complementos Adulto",digemid_name_inference,true
Inkafarma,PACK 2 GOMITAS CITRATO DE MAGNESIO NIÑOS Y VITAMINAS PARA NIÑOS 260 UND,PACK 2 GOMITAS CITRATO DE MAGNESIO NIÑOS Y VITAMINAS PARA NIÑOS 260 UND,DE4606,65.90,PEN,available,https://inkafarma.pe/producto/pack-2-gomitas-citrato-de-magnesio-ninos-y-vitaminas-para-ninos-260-und/1768493989152,1768493989152,SOTTCOR LABS,algolia_public_search,2026-06-08T00:46:10.017365+00:00,,"Gomitas Citrato de Magnesio Niños 130UND Gomitas que previenen migrañas, mejoran la función muscular y nerviosa, regulan la glucosa, fortalecen los huesos, reducen el riesgo de enfermedades cardíacas y refuerzan el sistema inmunológico. Modo de uso: 1-4 años: 1 gomita, 5-9 años: 2 gomitas, 10-13 años: 3 gomitas, 14-16 años: 4 gomitas. Contenido: 130 UND. Gomitas Vitaminas Niños 130UND Gomitas con vitamina A que ayuda a la formación de dientes, vitamina D que fortalece huesos y controla azúcar, vitamina C como antioxidante y para mantener cartílago, y vitamina E que protege la vista y es vital para el sistema inmunológico. Modo de uso: 2-3 años: 1 gomita, 4-8 años: 2 gomitas, 9-15 años: 4 gomitas, 16+ años: 6 gomitas. Contenido: 130 UND. Suplementos / Complementos Adulto",digemid_name_inference,true
Inkafarma,PAC 2 GOMITAS OMEGA 3 NIÑOS + VITAMINAS PARA NIÑOS 260 UND,PAC 2 GOMITAS OMEGA 3 NIÑOS + VITAMINAS PARA NIÑOS 260 UND,DE3109,65.90,PEN,available,https://inkafarma.pe/producto/pac-2-gomitas-omega-3-ninos-vitaminas-para-ninos-260-und/1768493746707,1768493746707,SOTTCOR LABS,algolia_public_search,2026-06-08T00:46:10.019104+00:00,,"Gomitas Omega 3 Niños 130 UND Ayuda a reducir la ansiedad y mejora la concentración. Contribuye al desarrollo del cerebro, la vista y el corazón, apoyando la atención y el bienestar general. Modo de uso: De 2 a 3 años: 1 gomita diaria. De 4 a 8 años: 2 gomitas diarias. De 9 a 15 años: 3 gomitas diarias. Consumir media hora después del almuerzo. Suplementos / Complementos Adulto",digemid_name_inference,true
Inkafarma,PACK 2 GOMITAS VITAMINAS PARA NIÑOS + OMEGA 3 ADULTO 260 UND,PACK 2 GOMITAS VITAMINAS PARA NIÑOS + OMEGA 3 ADULTO 260 UND,DE3109,65.90,PEN,available,https://inkafarma.pe/producto/pack-2-gomitas-vitaminas-para-ninos-omega-3-adulto-260-und/1768493718685,1768493718685,SOTTCOR LABS,algolia_public_search,2026-06-08T00:46:10.020049+00:00,,"GOMITAS VITAMINAS NIÑOS 130UND Contiene Vitamina A para el mantenimiento de dientes, Vitamina D para fortalecer huesos y controlar el azúcar, Vitamina C como antioxidante para cartílagos y Vitamina E para proteger la vista y fortalecer el sistema inmunológico. Modo de uso: De 2 a 3 años: 1 gomita diaria. De 4 a 8 años: 2 gomitas diarias. De 9 a 15 años: 4 gomitas al día. De 16 años a más: 6 gomitas al día. Contenido: 130 UND. Suplementos / Complementos Adulto",digemid_name_inference,true
Inkafarma,PACK 2 GOMITAS VITAMINAS PARA NIÑOS + CITRATO MAGNESIO ADULTO 260UND,PACK 2 GOMITAS VITAMINAS PARA NIÑOS + CITRATO MAGNESIO ADULTO 260UND,DE4606,65.90,PEN,available,https://inkafarma.pe/producto/pack-2-gomitas-vitaminas-para-ninos-citrato-magnesio-adulto-260und/1768493661777,1768493661777,SOTTCOR LABS,algolia_public_search,2026-06-08T00:46:10.021851+00:00,,"GOMITAS VITAMINAS NIÑOS 130UND Contiene Vitamina A para el mantenimiento de dientes, Vitamina D para fortalecer huesos y controlar el azúcar, Vitamina C como antioxidante para cartílagos y Vitamina E para proteger la vista y fortalecer el sistema inmunológico. Modo de uso: De 2 a 3 años: 1 gomita diaria. De 4 a 8 años: 2 gomitas diarias. De 9 a 15 años: 4 gomitas al día. De 16 años a más: 6 gomitas al día. Contenido: 130 UND. Suplementos / Complementos Adulto",digemid_name_inference,true
Inkafarma,PAC 2 GOMITAS CITRATO DE MAGNESIO NIÑOS + VITAMINAS PARA NIÑOS 260 UND,PAC 2 GOMITAS CITRATO DE MAGNESIO NIÑOS + VITAMINAS PARA NIÑOS 260 UND,DE4606,65.90,PEN,available,https://inkafarma.pe/producto/pac-2-gomitas-citrato-de-magnesio-ninos-vitaminas-para-ninos-260-und/1768493602745,1768493602745,SOTTCOR LABS,algolia_public_search,2026-06-08T00:46:10.023509+00:00,,"Gomitas Citrato de Magnesio Niños 130UND Gomitas que previenen migrañas, mejoran la función muscular y nerviosa, regulan la glucosa, fortalecen los huesos, reducen el riesgo de enfermedades cardíacas y refuerzan el sistema inmunológico. Modo de uso: 1-4 años: 1 gomita, 5-9 años: 2 gomitas, 10-13 años: 3 gomitas, 14-16 años: 4 gomitas. Contenido: 130 UND. Gomitas Vitaminas Niños 130UND Gomitas con vitamina A que ayuda a la formación de dientes, vitamina D que fortalece huesos y controla azúcar, vitamina C como antioxidante y para mantener cartílago, y vitamina E que protege la vista y es vital para el sistema inmunológico. Modo de uso: 2-3 años: 1 gomita, 4-8 años: 2 gomitas, 9-15 años: 4 gomitas, 16+ años: 6 gomitas. Contenido: 130 UND. Suplementos / Complementos Adulto",digemid_name_inference,true
Inkafarma,Vitamina C Plus Crema de Dia y Crema de Noche 2Pc Estelin 50g 2 Unidades,Vitamina C Plus Crema de Dia y Crema de Noche 2Pc Estelin 50g 2 Unidades,DE4966,102.00,PEN,available,https://inkafarma.pe/producto/vitamina-c-plus-crema-de-dia-y-crema-de-noche-2pc-estelin-50g-2-unidades/1724162789175,1724162789175,ESTELIN,algolia_public_search,2026-06-08T00:46:10.207316+00:00,,"2 Vitamina C Plus Crema de Dia y Crema de Noche 2Pc – Estelin - 50gEste set incluye una crema de Dia y una crema de noche enriquecidas con vitamina C, conocida por sus propiedades antioxidantes y revitalizantes para la piel. Ambas cremas están formuladas para proporcionar hidratación, protección y mejorar el tono y la luminosidad de la piel. Somos Importaciones Sumak• Beneficios:o Crema de Dia: Protección antioxidante, hidratación durante el Dia, mejora del tono de la piel.o Crema de Noche: Renovación y reparación durante la noche, mejora de la luminosidad y suavidad de la piel.• Modo de uso: Aplicar la crema de Dia sobre la piel limpia por la mañana antes de la exposición al sol. Aplicar la crema de noche sobre la piel limpia antes de acostarse.Este set de crema de Dia y crema de noche es ideal para quienes desean incorporar los beneficios de la vitamina C en su rutina de cuidado diario de la piel, proporcionando protección antioxidante durante el Dia y reparación intensiva durante la noche para una piel más luminosa y rejuvenecida. Somos Importaciones Sumak. Cuidado Facial Crema facial",digemid_name_inference,true
Inkafarma,Vitamina C Plus Crema de Dia y Crema de Noche 2Pc Estelin 50g 2 Unidades,Vitamina C Plus Crema de Dia y Crema de Noche 2Pc Estelin 50g 2 Unidades,DE4966,102.00,PEN,available,https://inkafarma.pe/producto/vitamina-c-plus-crema-de-dia-y-crema-de-noche-2pc-estelin-50g-2-unidades/1724109000267,1724109000267,ESTELIN,algolia_public_search,2026-06-08T00:46:10.207771+00:00,,"2 Vitamina C Plus Crema de Dia y Crema de Noche 2Pc – Estelin - 50gEste set incluye una crema de Dia y una crema de noche enriquecidas con vitamina C, conocida por sus propiedades antioxidantes y revitalizantes para la piel. Ambas cremas están formuladas para proporcionar hidratación, protección y mejorar el tono y la luminosidad de la piel. Somos Importaciones Sumak• Beneficios:o Crema de Dia: Protección antioxidante, hidratación durante el Dia, mejora del tono de la piel.o Crema de Noche: Renovación y reparación durante la noche, mejora de la luminosidad y suavidad de la piel.• Modo de uso: Aplicar la crema de Dia sobre la piel limpia por la mañana antes de la exposición al sol. Aplicar la crema de noche sobre la piel limpia antes de acostarse.Este set de crema de Dia y crema de noche es ideal para quienes desean incorporar los beneficios de la vitamina C en su rutina de cuidado diario de la piel, proporcionando protección antioxidante durante el Dia y reparación intensiva durante la noche para una piel más luminosa y rejuvenecida. Somos Importaciones Sumak. Cuidado Facial Crema facial",digemid_name_inference,true
Inkafarma,Vitamina C Plus Crema de Dia y Crema de Noche 2Pc Estelin 50g,Vitamina C Plus Crema de Dia y Crema de Noche 2Pc Estelin 50g,DE4966,52.00,PEN,available,https://inkafarma.pe/producto/vitamina-c-plus-crema-de-dia-y-crema-de-noche-2pc-estelin-50g/1724162799892,1724162799892,ESTELIN,algolia_public_search,2026-06-08T00:46:10.225866+00:00,,"Vitamina C Plus Crema de Dia y Crema de Noche 2Pc – Estelin - 50gEste set incluye una crema de Dia y una crema de noche enriquecidas con vitamina C, conocida por sus propiedades antioxidantes y revitalizantes para la piel. Ambas cremas están formuladas para proporcionar hidratación, protección y mejorar el tono y la luminosidad de la piel. Somos Importaciones Sumak• Beneficios:o Crema de Dia: Protección antioxidante, hidratación durante el Dia, mejora del tono de la piel.o Crema de Noche: Renovación y reparación durante la noche, mejora de la luminosidad y suavidad de la piel.• Modo de uso: Aplicar la crema de Dia sobre la piel limpia por la mañana antes de la exposición al sol. Aplicar la crema de noche sobre la piel limpia antes de acostarse.Este set de crema de Dia y crema de noche es ideal para quienes desean incorporar los beneficios de la vitamina C en su rutina de cuidado diario de la piel, proporcionando protección antioxidante durante el Dia y reparación intensiva durante la noche para una piel más luminosa y rejuvenecida. Somos Importaciones Sumak. Cuidado Facial Crema facial",digemid_name_inference,true
Inkafarma,Vitamina C Plus Crema de Dia y Crema de Noche 2Pc Estelin 50g,Vitamina C Plus Crema de Dia y Crema de Noche 2Pc Estelin 50g,DE4966,52.00,PEN,available,https://inkafarma.pe/producto/vitamina-c-plus-crema-de-dia-y-crema-de-noche-2pc-estelin-50g/1724108994692,1724108994692,ESTELIN,algolia_public_search,2026-06-08T00:46:10.227129+00:00,,"Vitamina C Plus Crema de Dia y Crema de Noche 2Pc – Estelin - 50gEste set incluye una crema de Dia y una crema de noche enriquecidas con vitamina C, conocida por sus propiedades antioxidantes y revitalizantes para la piel. Ambas cremas están formuladas para proporcionar hidratación, protección y mejorar el tono y la luminosidad de la piel. Somos Importaciones Sumak• Beneficios:o Crema de Dia: Protección antioxidante, hidratación durante el Dia, mejora del tono de la piel.o Crema de Noche: Renovación y reparación durante la noche, mejora de la luminosidad y suavidad de la piel.• Modo de uso: Aplicar la crema de Dia sobre la piel limpia por la mañana antes de la exposición al sol. Aplicar la crema de noche sobre la piel limpia antes de acostarse.Este set de crema de Dia y crema de noche es ideal para quienes desean incorporar los beneficios de la vitamina C en su rutina de cuidado diario de la piel, proporcionando protección antioxidante durante el Dia y reparación intensiva durante la noche para una piel más luminosa y rejuvenecida. Somos Importaciones Sumak. Cuidado Facial Crema facial",digemid_name_inference,true
Inkafarma,Vitamina C Plus Crema de Dia y Crema de Noche 2Pc Estelin 50g 3 Unidades,Vitamina C Plus Crema de Dia y Crema de Noche 2Pc Estelin 50g 3 Unidades,DE4966,147.00,PEN,available,https://inkafarma.pe/producto/vitamina-c-plus-crema-de-dia-y-crema-de-noche-2pc-estelin-50g-3-unidades/1724162802702,1724162802702,ESTELIN,algolia_public_search,2026-06-08T00:46:10.229563+00:00,,"3 Vitamina C Plus Crema de Dia y Crema de Noche 2Pc – Estelin - 50gEste set incluye una crema de Dia y una crema de noche enriquecidas con vitamina C, conocida por sus propiedades antioxidantes y revitalizantes para la piel. Ambas cremas están formuladas para proporcionar hidratación, protección y mejorar el tono y la luminosidad de la piel. Somos Importaciones Sumak• Beneficios:o Crema de Dia: Protección antioxidante, hidratación durante el Dia, mejora del tono de la piel.o Crema de Noche: Renovación y reparación durante la noche, mejora de la luminosidad y suavidad de la piel.• Modo de uso: Aplicar la crema de Dia sobre la piel limpia por la mañana antes de la exposición al sol. Aplicar la crema de noche sobre la piel limpia antes de acostarse.Este set de crema de Dia y crema de noche es ideal para quienes desean incorporar los beneficios de la vitamina C en su rutina de cuidado diario de la piel, proporcionando protección antioxidante durante el Dia y reparación intensiva durante la noche para una piel más luminosa y rejuvenecida. Somos Importaciones Sumak. Cuidado Facial Crema facial",digemid_name_inference,true
Inkafarma,Vitamina C Plus Crema de Dia y Crema de Noche 2Pc Estelin 50g 3 Unidades,Vitamina C Plus Crema de Dia y Crema de Noche 2Pc Estelin 50g 3 Unidades,DE4966,147.00,PEN,available,https://inkafarma.pe/producto/vitamina-c-plus-crema-de-dia-y-crema-de-noche-2pc-estelin-50g-3-unidades/1724108998207,1724108998207,ESTELIN,algolia_public_search,2026-06-08T00:46:10.230001+00:00,,"3 Vitamina C Plus Crema de Dia y Crema de Noche 2Pc – Estelin - 50gEste set incluye una crema de Dia y una crema de noche enriquecidas con vitamina C, conocida por sus propiedades antioxidantes y revitalizantes para la piel. Ambas cremas están formuladas para proporcionar hidratación, protección y mejorar el tono y la luminosidad de la piel. Somos Importaciones Sumak• Beneficios:o Crema de Dia: Protección antioxidante, hidratación durante el Dia, mejora del tono de la piel.o Crema de Noche: Renovación y reparación durante la noche, mejora de la luminosidad y suavidad de la piel.• Modo de uso: Aplicar la crema de Dia sobre la piel limpia por la mañana antes de la exposición al sol. Aplicar la crema de noche sobre la piel limpia antes de acostarse.Este set de crema de Dia y crema de noche es ideal para quienes desean incorporar los beneficios de la vitamina C en su rutina de cuidado diario de la piel, proporcionando protección antioxidante durante el Dia y reparación intensiva durante la noche para una piel más luminosa y rejuvenecida. Somos Importaciones Sumak. Cuidado Facial Crema facial",digemid_name_inference,true
Inkafarma,VITAMINA E 1000 UI 450MG NATURES TRUTH FRASCO 60 CAPSULAS CON SHAKER,VITAMINA E 1000 UI 450MG NATURES TRUTH FRASCO 60 CAPSULAS CON SHAKER,DE0825,94.00,PEN,available,https://inkafarma.pe/producto/VITAMINA-E-1000-UI-450MG-NATURES-TRUTH-FRASCO-60-CAPSULAS-CON-SHAKER/1779482433887,1779482433887,NATURE'S TRUTH,algolia_public_search,2026-06-08T00:46:10.434951+00:00,,"Poderoso Escudo Antioxidante (1000 UI): Aporta una dosis concentrada de Vitamina E pura (como d-alfa tocoferol), el antioxidante liposoluble número uno para proteger las membranas celulares contra el estrés oxidativo y el envejecimiento celular prematuro. Salud Cutánea y Regeneración: Apoya la estructura de la piel, promoviendo la hidratación profunda, la elasticidad y ayudando en los procesos naturales de recuperación celular frente a agresiones externas como la radiación solar. Soporte Inmunológico y Cardiovascular: Contribuye al correcto funcionamiento del sistema inmune y ayuda a mantener la salud de los vasos sanguíneos, promoviendo una circulación óptima. Fórmula de Absorción Rápida: Elaborada en cápsulas blandas ( softgels ) que garantizan una asimilación rápida, eficiente y sumamente amigable con el sistema digestivo. Pureza Americana Garantizada: Producto importado de EE. UU. y testeado rigurosamente en laboratorio. Fórmula Non-GMO, 100% libre de gluten, trigo, levadura, leche, lactosa, conservantes ni saborizantes artificiales. Vitaminas Vitamina E",digemid_name_inference,true
Inkafarma,PACK 2 UNIDADES DE VITAMINA E 1000 UI 450MG NATURES TRUTH FRASCO 60 CAPSULAS,PACK 2 UNIDADES DE VITAMINA E 1000 UI 450MG NATURES TRUTH FRASCO 60 CAPSULAS,DE0825,195.00,PEN,available,https://inkafarma.pe/producto/PACK-2-UNIDADES-DE-VITAMINA-E-1000-UI-450MG-NATURES-TRUTH-FRASCO-60-CAPSULAS/1779484803197,1779484803197,NATURE'S TRUTH,algolia_public_search,2026-06-08T00:46:10.439165+00:00,,"Poderoso Escudo Antioxidante (1000 UI): Aporta una dosis concentrada de Vitamina E pura (como d-alfa tocoferol), el antioxidante liposoluble número uno para proteger las membranas celulares contra el estrés oxidativo y el envejecimiento celular prematuro. Salud Cutánea y Regeneración: Apoya la estructura de la piel, promoviendo la hidratación profunda, la elasticidad y ayudando en los procesos naturales de recuperación celular frente a agresiones externas como la radiación solar. Soporte Inmunológico y Cardiovascular: Contribuye al correcto funcionamiento del sistema inmune y ayuda a mantener la salud de los vasos sanguíneos, promoviendo una circulación óptima. Fórmula de Absorción Rápida: Elaborada en cápsulas blandas ( softgels ) que garantizan una asimilación rápida, eficiente y sumamente amigable con el sistema digestivo. Pureza Americana Garantizada: Producto importado de EE. UU. y testeado rigurosamente en laboratorio. Fórmula Non-GMO, 100% libre de gluten, trigo, levadura, leche, lactosa, conservantes ni saborizantes artificiales. Vitaminas Vitamina E",digemid_name_inference,true
Inkafarma,VITAMINA E 1000 UI 450MG NATURES TRUTH FRASCO 60 CAPSULAS CON STRPS,VITAMINA E 1000 UI 450MG NATURES TRUTH FRASCO 60 CAPSULAS CON STRPS,DE0825,99.00,PEN,available,https://inkafarma.pe/producto/VITAMINA-E-1000-UI-450MG-NATURES-TRUTH-FRASCO-60-CAPSULAS-CON--STRPS/1779484216592,1779484216592,NATURE'S TRUTH,algolia_public_search,2026-06-08T00:46:10.444800+00:00,,"Poderoso Escudo Antioxidante (1000 UI): Aporta una dosis concentrada de Vitamina E pura (como d-alfa tocoferol), el antioxidante liposoluble número uno para proteger las membranas celulares contra el estrés oxidativo y el envejecimiento celular prematuro. Salud Cutánea y Regeneración: Apoya la estructura de la piel, promoviendo la hidratación profunda, la elasticidad y ayudando en los procesos naturales de recuperación celular frente a agresiones externas como la radiación solar. Soporte Inmunológico y Cardiovascular: Contribuye al correcto funcionamiento del sistema inmune y ayuda a mantener la salud de los vasos sanguíneos, promoviendo una circulación óptima. Fórmula de Absorción Rápida: Elaborada en cápsulas blandas ( softgels ) que garantizan una asimilación rápida, eficiente y sumamente amigable con el sistema digestivo. Pureza Americana Garantizada: Producto importado de EE. UU. y testeado rigurosamente en laboratorio. Fórmula Non-GMO, 100% libre de gluten, trigo, levadura, leche, lactosa, conservantes ni saborizantes artificiales. Vitaminas Vitamina E",digemid_name_inference,true
Inkafarma,VITAMINA E 1000 UI 450MG NATURES TRUTH FRASCO 60 CAPSULAS CON PORTASUPLEMENTOS,VITAMINA E 1000 UI 450MG NATURES TRUTH FRASCO 60 CAPSULAS CON PORTASUPLEMENTOS,DE0825,99.00,PEN,available,https://inkafarma.pe/producto/VITAMINA-E-1000-UI-450MG-NATURES-TRUTH-FRASCO-60-CAPSULAS-CON-PORTASUPLEMENTOS/1779483417112,1779483417112,NATURE'S TRUTH,algolia_public_search,2026-06-08T00:46:10.445103+00:00,,"Poderoso Escudo Antioxidante (1000 UI): Aporta una dosis concentrada de Vitamina E pura (como d-alfa tocoferol), el antioxidante liposoluble número uno para proteger las membranas celulares contra el estrés oxidativo y el envejecimiento celular prematuro. Salud Cutánea y Regeneración: Apoya la estructura de la piel, promoviendo la hidratación profunda, la elasticidad y ayudando en los procesos naturales de recuperación celular frente a agresiones externas como la radiación solar. Soporte Inmunológico y Cardiovascular: Contribuye al correcto funcionamiento del sistema inmune y ayuda a mantener la salud de los vasos sanguíneos, promoviendo una circulación óptima. Fórmula de Absorción Rápida: Elaborada en cápsulas blandas ( softgels ) que garantizan una asimilación rápida, eficiente y sumamente amigable con el sistema digestivo. Pureza Americana Garantizada: Producto importado de EE. UU. y testeado rigurosamente en laboratorio. Fórmula Non-GMO, 100% libre de gluten, trigo, levadura, leche, lactosa, conservantes ni saborizantes artificiales. Vitaminas Vitamina E",digemid_name_inference,true
Inkafarma,Citrato de Magnesio con Vitamina C en Gomitas 6 Frascos Nibray Vital,Citrato de Magnesio con Vitamina C en Gomitas 6 Frascos Nibray Vital,DE4606,309.00,PEN,available,https://inkafarma.pe/producto/citrato-de-magnesio-con-vitamina-c-en-gomitas-6-frascos-nibray-vital/1772140388448,1772140388448,NIBRAY,algolia_public_search,2026-06-08T00:46:10.626039+00:00,,El Citrato de Magnesio con Vitamina C Nibray Vital está elaborado en una presentación de gomitas masticables pensadas para el consumo diario de adultos. Su agradable sabor a pera y formato práctico permiten integrarlo fácilmente a la rutina diaria. Especificaciones: Formato: Gomitas Contenido: 60 unidades Sabor: Pera Categoría: Suplemento alimenticio Minerales Magnesio,digemid_name_inference,true
Inkafarma,Carlyle Biotin 10000 mcg 250 Tabletas de Rápida Disolución Máxima Potencia,Carlyle Biotin 10000 mcg 250 Tabletas de Rápida Disolución Máxima Potencia,DE2953,149.00,PEN,available,https://inkafarma.pe/producto/carlyle-biotin-10000-mcg-250-tabletas-de-rapida-disolucion-maxima-potencia/1776371824400,1776371824400,VITAMINA,algolia_public_search,2026-06-08T00:46:10.629008+00:00,,"Descripción General: La Biotina, también conocida como Vitamina B7, es un nutriente esencial que desempeña un papel crucial en el metabolismo de proteínas y grasas, convirtiéndolos en energía. Las tabletas de Carlyle Biotin han sido diseñadas para quienes buscan los máximos beneficios de esta vitamina en un formato cómodo y agradable de consumir. ¿Por qué elegir tabletas de disolución rápida? Nuestra fórmula avanzada es perfecta para personas con un ritmo de vida activo o que tienen dificultad para pasar cápsulas grandes. Al disolverse rápidamente en la boca, facilita la ingesta diaria y asegura que el cuerpo reciba la dosis de alta potencia de manera eficiente. Crecimiento del Cabello: Ayuda a mejorar la infraestructura de la queratina, promoviendo un cabello más fuerte y con menos quiebre. Fortalecimiento de Uñas: Contribuye a reducir la fragilidad y las escamas en las uñas, ayudándolas a crecer más resistentes. Vitaminas Vitamina B",digemid_name_inference,true
Inkafarma,Vitamina E - Xtralife Natural Products - 60 Softgels,Vitamina E - Xtralife Natural Products - 60 Softgels,DE-0796,48.90,PEN,available,https://inkafarma.pe/producto/vitamina-e-xtralife-natural-products-60-softgels/1660526305716,1660526305716,Xtralife Natural Products,algolia_public_search,2026-06-08T00:46:10.633117+00:00,,"Beneficios: Contribuye a la protección celular frente al daño oxidativo. Previene la aparición de enfermedades cardiacas. Mejora la circulación sanguínea. Retarda los procesos de envejecimiento. Ayuda a la regeneración de la piel dañada. Reduce los niveles de colesterol y azúcar en sangre. Previene el cáncer de próstata. Ayuda al organismo a crear células nuevas. Ideal en casos de: Tratamiento de anemias. Arterioesclerosis. Fatiga, stress y agotamiento. Problemas cardiovasculares. ﻿ Características: Antioxidante Composición nutricional: Vitamina E Contraindicaciones: No debe ser ingerido por personas que presentan anemia por deficiencia de hierro (ya que la Vitamina E puede alterar la respuesta hematológica al hierro). No debe ser ingerido por personas con hipertiroidismo. No debe ser ingerido por personas que toman anticoagulantes orales (ya que presentan una mayor posibilidad de hemorragia). Garantía: Garantía de total satisfacción de 30 días. Marca: Xtralife Natural Products Modelo: 60 Softgels Recomendaciones de uso: De 1 al día, junto con algún alimento. Registro Sanitario: DE-0796 Sub tipo de producto: Vitamina Vitaminas y Suplementos",page_or_detail_regex,true
Inkafarma,Goli Gomitas de remolacha Cardio con CoQ10 y vitamina B12,Goli Gomitas de remolacha Cardio con CoQ10 y vitamina B12,DE2904,200.00,PEN,available,https://inkafarma.pe/producto/goli-gomitas-de-remolacha-cardio-con-coq10-y-vitamina-b12/1771021899159,1771021899159,GENÉRICO,algolia_public_search,2026-06-08T00:46:10.634798+00:00,,"CoQ10 para el bienestar cardiovascular: Cada porción contiene 100 mg de CoQ10, un antioxidante natural que se encuentra en muchas células del cuerpo que desempeña un papel vital en la producción de energía celular dentro de las mitocondrias Mejorado con vitamina B12: incluye 12 mcg de vitamina B12, una vitamina soluble en agua que desempeña un papel en la producción de energía celular, la formación de glóbulos rojos y el bienestar diario general como parte de tu rutina nutricional Superalimento de extracto de remolacha: cuenta con 200 mg de extracto de polvo de raíz de remolacha, un superalimento rico en nutrientes que ha sido valorado en las prácticas tradicionales de bienestar y agrega valor nutricional natural a esta fórmula integral Fórmula de apoyo antioxidante: CoQ10 es un antioxidante que ayuda a combatir los radicales libres en el cuerpo, proporcionando protección celular como parte de un enfoque equilibrado para la nutrición diaria y el bienestar Ingredientes veganos y limpios: gomitas sin gluten, sin OGM, sin gelatina hechas con pectina de cáscaras de fruta; el delicioso sabor hace que sea fácil incorporar CoQ10 y remolacha en tu rutina diaria con solo 2 gomitas una vez Suplementos Nutricionales Adultos",digemid_name_inference,true
Inkafarma,Calcio Citrate + Vitamina D3 - Xtralife Natural Products - 100 Tabletas,Calcio Citrate + Vitamina D3 - Xtralife Natural Products - 100 Tabletas,DE-0793,58.90,PEN,available,https://inkafarma.pe/producto/calcio-citrate-vitamina-d3-xtralife-natural-products-100-tabletas/1660521041295,1660521041295,Xtralife Natural Products,algolia_public_search,2026-06-08T00:46:10.639456+00:00,,"Beneficios: Mantiene la fortaleza y densidad de los huesos y dientes Regula los altos niveles de magnesio, fósforo y potasio en la sangre. Necesario para el crecimiento y las contracciones de los músculos. Coadyuvante en la actividad neuromuscular. Necesario para el buen funcionamiento del corazón. Ideal en casos de: Tratamiento y prevención de la osteopenia y la osteoporosis . Mujeres en etapa menopáusica. Su deficiencia puede producir dolores articulares, uñas quebradizas, aumento del colesterol sanguíneo. Artritis reumatoide Características: Fortalecedor del tejido óseo. Composición nutricional: Calcio Citrate + Vitamina D3 Contraindicaciones: En pacientes con insuficiencia renal en fase terminal puede desarrollar hipercalcemia con la administración de calcio con las comidas. Se debe monitorear los niveles de calcio sérico durante el período de ajuste de dosis. Garantía: Garantía de total satisfacción de 30 días. Marca: Xtralife Natural Products Modelo: 100 Tabletas Recomendaciones de uso: Ingerir 3 tabletas al día, junto con las comidas. Registro Sanitario: DE-0793 Sub tipo de producto: Vitaminas. Vitaminas y Suplementos",page_or_detail_regex,true
Inkafarma,Citrato de Magnesio con Vitamina C en Gomitas Nibray Vital,Citrato de Magnesio con Vitamina C en Gomitas Nibray Vital,DE4606,69.90,PEN,available,https://inkafarma.pe/producto/citrato-de-magnesio-con-vitamina-c-en-gomitas-nibray-vital/1772139973145,1772139973145,NIBRAY,algolia_public_search,2026-06-08T00:46:10.639903+00:00,,El Citrato de Magnesio con Vitamina C Nibray Vital está elaborado en una presentación de gomitas masticables pensadas para el consumo diario de adultos. Su agradable sabor a pera y formato práctico permiten integrarlo fácilmente a la rutina diaria. Especificaciones: Formato: Gomitas Contenido: 60 unidades Sabor: Pera Categoría: Suplemento alimenticio Minerales Magnesio,digemid_name_inference,true
Inkafarma,Citrato de Magnesio con Vitamina C en Gomitas 3 Frascos Nibray Vital,Citrato de Magnesio con Vitamina C en Gomitas 3 Frascos Nibray Vital,DE4606,168.00,PEN,available,https://inkafarma.pe/producto/citrato-de-magnesio-con-vitamina-c-en-gomitas-3-frascos-nibray-vital/1772140219404,1772140219404,NIBRAY,algolia_public_search,2026-06-08T00:46:10.655935+00:00,,El Citrato de Magnesio con Vitamina C Nibray Vital está elaborado en una presentación de gomitas masticables pensadas para el consumo diario de adultos. Su agradable sabor a pera y formato práctico permiten integrarlo fácilmente a la rutina diaria. Especificaciones: Formato: Gomitas Contenido: 60 unidades Sabor: Pera Categoría: Suplemento alimenticio Minerales Magnesio,digemid_name_inference,true
Inkafarma,Citrato de Magnesio con Vitamina C para Niños en Gomitas 6 Frascos Nibray Kids,Citrato de Magnesio con Vitamina C para Niños en Gomitas 6 Frascos Nibray Kids,DE4606,289.00,PEN,available,https://inkafarma.pe/producto/citrato-de-magnesio-con-vitamina-c-para-ninos-en-gomitas-6-frascos-nibray-kids/1772139298685,1772139298685,NIBRAY,algolia_public_search,2026-06-08T00:46:10.657211+00:00,,"Las gomitas de citrato de magnesio Kids Nibray están pensadas para acompañar la rutina diaria de los más pequeños de una forma práctica y agradable. Su sabor a pera las convierte en una alternativa fácil de incorporar para familias que buscan complementar la alimentación infantil sin complicaciones. Gracias a su formato en gomitas, su consumo resulta sencillo y atractivo, integrándose de manera natural al día a día. Una opción diseñada para quienes valoran la practicidad, el sabor y la confianza en una marca especializada en suplementos nutricionales. Este producto es un suplemento alimenticio , desarrollado para formar parte de un estilo de vida equilibrado y una alimentación variada. Minerales Magnesio",digemid_name_inference,true
Inkafarma,Citrato de Magnesio con Vitamina C para Niños en Gomitas 3 Frascos Nibray Kids,Citrato de Magnesio con Vitamina C para Niños en Gomitas 3 Frascos Nibray Kids,DE4606,149.00,PEN,available,https://inkafarma.pe/producto/citrato-de-magnesio-con-vitamina-c-para-ninos-en-gomitas-3-frascos-nibray-kids/1772139067862,1772139067862,NIBRAY,algolia_public_search,2026-06-08T00:46:10.843409+00:00,,"Las gomitas de citrato de magnesio Kids Nibray están pensadas para acompañar la rutina diaria de los más pequeños de una forma práctica y agradable. Su sabor a pera las convierte en una alternativa fácil de incorporar para familias que buscan complementar la alimentación infantil sin complicaciones. Gracias a su formato en gomitas, su consumo resulta sencillo y atractivo, integrándose de manera natural al día a día. Una opción diseñada para quienes valoran la practicidad, el sabor y la confianza en una marca especializada en suplementos nutricionales. Este producto es un suplemento alimenticio , desarrollado para formar parte de un estilo de vida equilibrado y una alimentación variada. Minerales Magnesio",digemid_name_inference,true
Inkafarma,VITAMINA C EN POLVO 1K 100GR CON CAMU CAMU MAGNESIO CALCIO Y ZINC FORMULA AVANZADA,VITAMINA C EN POLVO 1K 100GR CON CAMU CAMU MAGNESIO CALCIO Y ZINC FORMULA AVANZADA,DE4606,99.90,PEN,available,https://inkafarma.pe/producto/vitamina-c-en-polvo-1k-100gr-con-camu-camu-magnesio-calcio-y-zinc-formula-avanzada/1770123977378,1770123977378,GENÉRICO,algolia_public_search,2026-06-08T00:46:10.844998+00:00,,"¿Sientes que tus defensas no son suficientes? ¿El cansancio del día a día te impide rendir al máximo? Descubre la&nbsp; Fórmula Avanzada &nbsp;que tu cuerpo necesita. Hemos concentrado el poder del superalimento de nuestra Amazonía, el&nbsp; Camu Camu , en una mezcla sinérgica con minerales esenciales para ofrecerte una protección y vitalidad incomparables. &nbsp;No es solo Vitamina C; es nutrición completa para un bienestar integral. La Protección y Energía que Mereces: ✅&nbsp; Sistema Inmune Blindado: &nbsp;La potente combinación de Vitamina C y Zinc actúa como un escudo, fortaleciendo tus defensas naturales para mantener a raya los resfriados, gripes y otras amenazas. ✅&nbsp; Vitalidad que se Siente: &nbsp;Dile adiós a la fatiga. El Magnesio es clave en el metabolismo celular y la generación de energía, ayudándote a sentirte activo y con fuerza durante todo el día. ✅&nbsp; Huesos y Dientes Sólidos: &nbsp;El Calcio, el mineral más abundante en tu cuerpo, trabaja junto al Magnesio para asegurar una estructura ósea fuerte y proteger tu salud dental a lo largo del tiempo. ✅&nbsp; Poder Antioxidante y Piel Joven: &nbsp;La alta concentración de Vitamina C del Camu Camu combate los radicales libres, responsables del envejecimiento prematuro, ayudando a mantener una piel más luminosa, firme y saludable. Tu Dosis Diaria de Bienestar: Olvídate de pastillas difíciles de tragar. Simplemente vierte 2 scoops (30 gr) en un vaso con 250 ml de agua y disfruta de un delicioso sabor a naranja. Tómalo una vez al día, preferiblemente por las noches, para que tu cuerpo se recupere y fortalezca mientras descansas. Fórmula Completa, Máximo Ahorro. Con su presentación de 1.1 kg, este suplemento te ofrece un tratamiento completo y conveniente para más de un mes. Es la inversión inteligente para asegurar tu bienestar y el de tu familia con una fórmula de calidad superior, hecha con orgullo en Perú. ¡Blinda tus defensas y recarga tu energía!&nbsp; Compra Ahora. Minerales Magnesio",digemid_name_inference,true
Inkafarma,Gel Elegance Para Cabello 1000ml Vitamin Pro B5 Extra Fuerte,Gel Elegance Para Cabello 1000ml Vitamin Pro B5 Extra Fuerte,DE3502,55.00,PEN,available,https://inkafarma.pe/producto/gel-elegance-para-cabello-1000ml-vitamin-pro-b5-extra-fuerte/1774385577609,1774385577609,GENÉRICO,algolia_public_search,2026-06-08T00:46:10.853531+00:00,,"¡Elegance Extra Strong Protection Hair Gel ofrece una gran sujeción y volumen para un poder de permanencia de estilo durante todo el día! Este innovador gel para el cabello con vitaminas está diseñado para darle a su cabello un impulso de nutrientes mientras agrega brillo brillante. La fórmula sin escamas especialmente formulada no deja residuos que le brinden el encanto de un peinado natural con el poder de peinar libremente. Fortaleza con el máximo control Nutre y protege el cabello Enriquecido con vitamina Pro-VB5 Brillo duradero para un aspecto natural La fórmula sin escamas ofrece un gran volumen Infundido con una fragancia refrescante Tiempo de espera: Todo el día. <strong style=""box-sizing: border-box; border: 0px; overflow-wrap: break-word; margin: 0px; padding: 0px; font-style: inhe Cuidado del Cabello Cera / Gel de cabello",digemid_name_inference,true
Inkafarma,Pack 2 potes Cloruro de Magnesio Potasio Calcio y Vitamina C Nibray,Pack 2 potes Cloruro de Magnesio Potasio Calcio y Vitamina C Nibray,DE4606,95.20,PEN,available,https://inkafarma.pe/producto/pack-2-potes-cloruro-de-magnesio-potasio-calcio-y-vitamina-c-nibray/1696442709017,1696442709017,NIBRAY,algolia_public_search,2026-06-08T00:46:10.856124+00:00,,"Magnesio Potasio Calcio y Vitamina C Magnesium Complex Descubre el poder de Magnesium Complex, nuestro suplemento nutricional diseñado para llevar tu salud al siguiente nivel. Este innovador producto combina cloruro de magnesio, cloruro de potasio, calcio y vitamina C en una fórmula única que respalda múltiples aspectos de tu bienestar. Con Magnesium Complex, puedes fortalecer tu salud cardiovascular, manteniendo una presión arterial saludable y un corazón fuerte. Además, promueve huesos y músculos fuertes, lo que te ayuda a sentirte activo y enérgico en tu día a día. Nuestra fórmula también respalda la función nerviosa y el metabolismo energético, lo que te proporciona la vitalidad que necesitas para enfrentar tus desafíos diarios con confianza. Y no olvides el refuerzo inmunológico gracias a la vitamina C, que te ayuda a proteger tu cuerpo contra las amenazas externas. Magnesium Complex es la elección perfecta para quienes buscan una salud completa y un bienestar general. ¡Hazlo parte de tu rutina y experimenta la diferencia hoy mismo! Tu cuerpo y mente te lo agradecerán. Sugerencia de Uso: Consumir 5 g al día diluida en 125 mL de agua, 1 vez al día. Nutrición Nutrición Adultos Complementos / Suplementos Nutricionales Otras vitaminas y suplementos",digemid_name_inference,true
Inkafarma,Citrato de Magnesio con Vitamina C para Niños en Gomitas Nibray Kids,Citrato de Magnesio con Vitamina C para Niños en Gomitas Nibray Kids,DE4606,59.90,PEN,available,https://inkafarma.pe/producto/citrato-de-magnesio-con-vitamina-c-para-ninos-en-gomitas-nibray-kids/1772138649749,1772138649749,NIBRAY,algolia_public_search,2026-06-08T00:46:10.858042+00:00,,"Las gomitas de citrato de magnesio Kids Nibray están pensadas para acompañar la rutina diaria de los más pequeños de una forma práctica y agradable. Su sabor a pera las convierte en una alternativa fácil de incorporar para familias que buscan complementar la alimentación infantil sin complicaciones. Gracias a su formato en gomitas, su consumo resulta sencillo y atractivo, integrándose de manera natural al día a día. Una opción diseñada para quienes valoran la practicidad, el sabor y la confianza en una marca especializada en suplementos nutricionales. Este producto es un suplemento alimenticio , desarrollado para formar parte de un estilo de vida equilibrado y una alimentación variada. Minerales Magnesio",digemid_name_inference,true
Inkafarma,Micro Ingredients Complejo de Magnesio Puro 400 mgTriple Glicinato Malato y Taurato con Vitamina C,Micro Ingredients Complejo de Magnesio Puro 400 mgTriple Glicinato Malato y Taurato con Vitamina C,DE4606,199.00,PEN,available,https://inkafarma.pe/producto/Micro-Ingredients-Complejo-de-Magnesio-Puro-400-mgTriple-Glicinato-Malato-y-Taurato-con-Vitamina-C/1778972977020,1778972977020,VITAMINA,algolia_public_search,2026-06-08T00:46:11.062455+00:00,,"Descripción Optimiza el rendimiento de tu cuerpo con el Complejo de Magnesio Puro 4 en 1 de Micro Ingredients. Esta fórmula de alta potencia combina tres de las formas más biodisponibles de magnesio: Glicinato, Malato y Taurato, potenciadas con Vitamina C. Diseñado sin rellenos artificiales, ofrece un soporte integral para la relajación muscular, la salud del sistema nervioso, el cuidado cardiovascular y la producción de energía. Beneficios Principales Máxima Absorción 100% Quelada: La combinación de tres tipos de magnesio premium garantiza una asimilación rápida y superior sin causar molestias estomacales. Relajación Muscular y Descanso: El Glicinato ayuda a aliviar la tensión del cuerpo, reducir los calambres y promover un sueño reparador. Energía y Vitalidad Celular: El Malato actúa directamente en los procesos celulares, combatiendo la fatiga crónica y optimizando la resistencia física. Soporte Cardiovascular y Nervioso: El Taurato protege la salud del corazón y favorece el equilibrio de las funciones cerebrales. Protección Antioxidante (Vitamina C) Suplementos Nutricionales Adultos",digemid_name_inference,true
Inkafarma,Aceite de Krill Antártico Horbaach Omega 3 EPA DHA Astaxantina 60 Softgels,Aceite de Krill Antártico Horbaach Omega 3 EPA DHA Astaxantina 60 Softgels,DE3109,149.00,PEN,available,https://inkafarma.pe/producto/aceite-de-krill-antartico-horbaach-omega-3-epa-dha-astaxantina-60-softgels/1774016090729,1774016090729,VITAMINA,algolia_public_search,2026-06-08T00:46:11.083223+00:00,,"El Horbäach Antarctic Krill Oil 2000mg es un suplemento de omega-3 de absorción superior en comparación con el aceite de pescado convencional, debido a que sus ácidos grasos están unidos a fosfolípidos , lo que facilita su entrada en las células. Especificaciones del Producto Dosis Potente : Aporta 2000 mg de aceite de krill por porción (generalmente 2 cápsulas blandas). Rico en Nutrientes : Contiene ácidos grasos esenciales EPA y DHA , fundamentales para el cerebro y el corazón. Con Astaxantina : Incluye de forma natural este potente antioxidante que le da su color rojo característico y protege el aceite de la oxidación, además de beneficiar la piel y la vista. Pureza : Producto Sin OMG (Non-GMO) y libre de gluten, lácteos y saborizantes artificiales. Beneficios Clave Salud Cardiovascular : Ayuda a mantener niveles saludables de colesterol y triglicéridos, apoyando la elasticidad de las arterias. Función Cerebral : El DHA es un componente crítico del tejido cerebral; su consumo regular mejora la memoria y la concentración. Propiedades Antiinflamatorias : Es altamente efectivo para reducir la inflamación articular y los síntomas de la artritis. Sin Regusto a Pescado : A diferencia del aceite de pescado común, el aceite de krill suele digerirse mejor, evitando el molesto reflujo con sabor a pescado Suplementos Nutricionales Adultos",digemid_name_inference,true
Inkafarma,Life Extension Neuro Magnesio Soporte Cognitivo y Memoria 90 Cápsulas,Life Extension Neuro Magnesio Soporte Cognitivo y Memoria 90 Cápsulas,DE4606,259.00,PEN,available,https://inkafarma.pe/producto/Life-Extension-Neuro-Magnesio--Soporte-Cognitivo-y-Memoria--90-Cápsulas/1779504434930,1779504434930,VITAMINA,algolia_public_search,2026-06-08T00:46:11.260663+00:00,,"Descripción: Optimiza tu rendimiento mental con Neuro-Mag de Life Extension. El magnesio es esencial para el cuerpo, pero la mayoría de sus formas no llegan fácilmente al cerebro. Esta fórmula avanzada utiliza L-treonato de magnesio (Magtein®), una forma patentada de alta absorción que penetra eficazmente en el sistema nervioso central. Al mejorar los niveles de magnesio en el cerebro, este suplemento apoya la memoria de corto y largo plazo, estimula el pensamiento rápido y combate la fatiga mental. Con 90 cápsulas vegetarianas libres de GMO, es el aliado diario perfecto para mantener una mente clara, enfocada y saludable a cualquier edad Suplementos Nutricionales Adultos",digemid_name_inference,true
Inkafarma,Hair Growth Premium para Cabello Piel y Uñas con Biotina 10000mcg y Colágeno,Hair Growth Premium para Cabello Piel y Uñas con Biotina 10000mcg y Colágeno,DE3564,229.00,PEN,available,https://inkafarma.pe/producto/Hair-Growth-Premium-para-Cabello-Piel-y-Uñas-con-Biotina-10000mcg-y-Colágeno/1775492962875,1775492962875,VITAMINA,algolia_public_search,2026-06-08T00:46:11.273793+00:00,,"Descripción del Producto Eleva tu rutina de cuidado personal con nuestra fórmula avanzada Premium. Este suplemento de alta potencia ha sido diseñado específicamente para quienes buscan resultados superiores en el fortalecimiento capilar y la salud dérmica. Gracias a su combinación exclusiva de ingredientes de grado farmacéutico y componentes patentados, ofrece un soporte nutricional integral desde la raíz. Beneficios Destacados: Fortaleza y Grosor: La alta concentración de Biotina (10,000 mcg) contribuye al mantenimiento del cabello en condiciones normales, promoviendo una apariencia más densa y resistente. Elasticidad y Firmeza: Enriquecido con Colágeno hidrolizado (Metilsulfonilmetano de alta pureza), componentes esenciales para la estructura de la piel y la síntesis de queratina en las uñas. Absorción Optimizada: grasas saludables que actúan como vehículo para mejorar la biodisponibilidad de los nutrientes, asegurando que tu cuerpo aproveche cada miligramo. Protección Natural: Contiene Saw Palmetto , un ingrediente clave para el cuidado del folículo piloso frente a factores externos y hormonales Suplementos Nutricionales Adultos",digemid_name_inference,true
Inkafarma,Wella professionals invigo sun leave-in con pro vitamina b5 150 ml,Wella professionals invigo sun leave-in con pro vitamina b5 150 ml,DE3502,99.00,PEN,available,https://inkafarma.pe/producto/wella-professionals-invigo-sun-leave-in-con-pro-vitamina-b5-150-ml/1765397563377,1765397563377,WELLA,algolia_public_search,2026-06-08T00:46:11.286474+00:00,,"El Wella Professionals Invigo Sun Leave-In con Pro Vitamina B5 hidrata, protege y suaviza el cabello expuesto al sol, la playa y la piscina. Para evitar resequedad, frizz y pérdida de brillo en verano. El Wella Professionals Invigo Sun Leave-In con Pro Vitamina B5 – 150 ml es un tratamiento sin enjuague diseñado especialmente para proteger el cabello expuesto al sol, al viento, al cloro y a la sal del mar. Su fórmula ligera con Pro Vitamina B5 aporta hidratación profunda, suavidad inmediata y una protección para las altas temperaturas del verano peruano. Este leave-in ayuda a prevenir el resecamiento, reduce el frizz, mantiene el color en cabellos tinturados y deja una sensación fresca perfecta para el día a día. Es el complemento para quienes van a la playa, piscina o simplemente pasan varias horas bajo el sol. Promociones Marketplace Cuidado del Cabello Shampoo y Acondicionadores Cuidado Capilar Profesional",digemid_name_inference,true
Inkafarma,Vitadrops Kids Vitamina C 60 gomitas - Windmill,Vitadrops Kids Vitamina C 60 gomitas - Windmill,DE-4108,45.00,PEN,available,https://inkafarma.pe/producto/vitadrops-kids-vitamina-c-60-gomitas-windmill/1763740069682,1763740069682,WINDMILL,algolia_public_search,2026-06-08T00:46:11.287076+00:00,,"DESCRIPCIÓN: Gomitas multivitamínicas VITADROPS KIDS Sabor: Naranja PRESENTACIÓN Y DURACIÓN: 60 gomita: 30 tomas (2 por día) OBJETIVOS: 125mg vitamina C. Poderoso antioxidante. Apoya la salud del sistema inmunológico. Gomita de fácil consumo y delicioso sabor. ADVERTENCIAS Y PRECAUCIONES: VitaDrops Kids Vitamin C 125 mg Orange (R.S. N°: DE-4108) Suplemento Nutricional. No superar la dosis diaria recomendada para suplementos dietéticos, No debe utilizarse como sustituto de una dieta equilibrada, si experimenta erupción cutánea u otra reacción alérgica, suspenda su uso y consulte a su médico. No tomar en caso de enfermedad renal o hepática. Vitaminas Vitamina C",page_or_detail_regex,true
Inkafarma,VITAMINA SUPER B-50 COMPLEX FRASCO 100 TABLETAS,VITAMINA SUPER B-50 COMPLEX FRASCO 100 TABLETAS,DE-3681,69.00,PEN,available,https://inkafarma.pe/producto/VITAMINA-SUPER-B-50-COMPLEX-FRASCO-100-TABLETAS/1763739942555,1763739942555,WINDMILL,algolia_public_search,2026-06-08T00:46:11.287554+00:00,,"La vitamina Súper B-50 Balanced B Complex de WINDMILL proporciona siete vitaminas del complejo B y ácido fólico en una tableta recubierta. Una familia de nutrientes que ayudan a convertir los alimentos que ingieres en energía celular, que alimenta tu cuerpo. Contiene Tiamina (Vit B1) que contribuye al funcionamiento normal del corazón. Contiene Riboflavina (Vit B2) que contribuye al metabolismo energético normal. Contiene Niacina que contribuye al funcionamiento normal del sistema nervioso. Contiene Piridoxina (Vit B6) que ayuda a disminuir el cansancio y la fatiga. Contiene Cianocobalamina (Vit B12) que contribuye a la formación normal de glóbulos rojos. SUPLEMENTO NUTRICIONAL: No debe utilizarse como sustituto de una dieta equilibrada. Utilice este producto como un suplemento dietético únicamente. Este producto no está indicado para el diagnóstico, tratamiento, curación ni prevención de alguna enfermedad. USO SUGERIDO: Tomar una tableta al día, como suplemento dietético o según las indicaciones de un profesional de la salud. PRECAUCIONES Y ADVERTENCIAS: SUPER B-50 BALANCED B COMPLEX (R.S. DE-3681) Consulte con su médico antes de consumir el producto si presenta una condición médica especial o está recibiendo tratamiento o utilizando medicamentos. Consulte con su médico si está embarazada o dando de lactar. Si experimenta erupción en la piel u otra reacción alérgica, suspenda su uso y consulte a su médico. No se recomienda usar en menores de 18 años. Todos los suplementos de Windmill se fabrican en los Estados Unidos en una instalación inspeccionada por la FDA cuyas cGMP (buenas prácticas de fabricación actuales) Windmill es un nombre confiable que ha brindado suplementos de calidad durante 50 años. Vitaminas Vitamina B",page_or_detail_regex,true
Inkafarma,Magnesio Marino & Vitamina B6 30 tabletas Wellosophy,Magnesio Marino & Vitamina B6 30 tabletas Wellosophy,DE4606,78.00,PEN,available,https://inkafarma.pe/producto/magnesio-marino-vitamina-b6-30-tabletas-wellosophy/1755362602630,1755362602630,IMPORTADO,algolia_public_search,2026-06-08T00:46:11.288734+00:00,,"Magnesio Marino & Vitamina B6 30 tabletas WellosophyIngredientes principales: Formulado con Aquamin-Mg( Complejo multimineral con alto contenido en Magnesio), Vitamina B6.Formas de consumo:Se recomienda consumir 01 cápsula al día después de la comida y con un vaso con agua.Beneficios:Pueden contribuir a:.- Funcionamiento normal del sistema nervioso..- Reducir cansancio y fatiga.- Útil para recuperación muscular después de actividad física intensa.Advertencia y contraindicacionesTodos nuestros productos cuentan con registro sanitario otorgado por DIGESA o la autoridad competente según corresponda. Las informaciones señaladas se basan en registros farmacológicos, investigación científica, conocimiento tradicional y/o datos históricos y no constituyen de ninguna manera una ordenanza; el uso de estos productos naturales no exonera de una consulta médica a la cual no pretendemos sustituir.No sobrepasar la cantidad diaria recomendada. Si cuenta con afecciones médicas graves deben consultar con su profesional de la salud antes de utilizar este producto. No consumir en estado de embarazo, lactancia o en personas menores de 18 años sin consultar al médico.No se han reportado contraindicaciones. Minerales Magnesio",digemid_name_inference,true
Inkafarma,"Gomitas con Zinc, Calcio, Magnesio, Hierro + Vitamina “C” y “D”","Gomitas con Zinc, Calcio, Magnesio, Hierro + Vitamina “C” y “D”",DE4606,62.00,PEN,available,https://inkafarma.pe/producto/gomitas-con-zinc-calcio-magnesio-hierro-vitamina-c-y-d/1727390301564,1727390301564,RIBO BUSINESS,algolia_public_search,2026-06-08T00:46:11.291205+00:00,,"Gomitas con Zinc, Calcio, Magnesio, Hierro + Vitamina “C” y “D” Sabor a Cereza Natural. Sin colorantes ni sabores artificiales. SIN OCTOGONOS Registro Sanitario: G6608223N/NARBBS Minerales Zinc",digemid_name_inference,true
Inkafarma,Pro Vitamina A Crema 50 ml SKIN10,Pro Vitamina A Crema 50 ml SKIN10,DE3502,304.50,PEN,available,https://inkafarma.pe/producto/pro-vitamina-a-crema-50-ml-skin10/1715348956569,1715348956569,SKIN 10,algolia_public_search,2026-06-08T00:46:11.295935+00:00,,"TRATAMIENTO INTEGRAL PARA COMBATIR ACTIVAMENTE TODOS LOS SÍNTOMAS DEL FOTOENVEJECIMIENTO CUTÁNEO RETINOL PURO 0,3%: Renovador celular. Estimula la producción del colágeno y elastina. PROTEASA: Peeling enzimático que elimina las células muertas ubicadas en la superficie de la piel, promoviendo la renovación celular. ALANTOÍNA: Emoliente natural que estimula la proliferación celular y la reconstrucción del tejido cutáneo. Cuidado Facial Crema facial",digemid_name_inference,true
Inkafarma,Pro Vitamina A Serum SKIN10 30ml,Pro Vitamina A Serum SKIN10 30ml,DE3502,320.00,PEN,available,https://inkafarma.pe/producto/pro-vitamina-a-serum-skin10-30ml/1715280087592,1715280087592,SKIN 10,algolia_public_search,2026-06-08T00:46:11.296402+00:00,,"TRATAMIENTO INTEGRAL PARA COMBATIR ACTIVAMENTE TODOS LOS SÍNTOMAS DEL FOTOENVEJECIMIENTO CUTÁNEO RETINOL PURO 0,3%: Renovador celular. Estimula la producción del colágeno y elastina. PROTEASA: Peeling enzimático que elimina las células muertas ubicadas en la superficie de la piel, promoviendo la renovación celular. JOJOBA Y CERA DE ABEJAS: Complejo de activos patentado que actua como un film ultra ligero que protege la piel de las agresiones medioambientales. Cuidado Facial Sérum",digemid_name_inference,true
Inkafarma,Nat-B Cápsula Blanda,Nat-B Cápsula Blanda,DE0942,45.90,PEN,available,https://inkafarma.pe/producto/nat-b-capsula-blanda/428243,428243,Mega,algolia_public_search,2026-06-08T00:46:11.490417+00:00,,Tiamina Mononitrato (Vitamina B1) 50.00 mg | Riboflavina (Vitamina B2) 50.00 mg | Piridoxina Clorhidrato (Vitamina B6) 50.00 mg | Cianocobalamina (Vitamina B12) 50.00 mcg | Nicotinamida 50.00 mg | Pantotenato de Calcio 50.00 mg | Ácido Fólico 100.00 mcg | Colina | Bitartrato 50.00 mg | Biotina 50.00 mcg | Inositol 50.00 mg Este producto es distribuido por Inretail Pharma S.A. (Ley 32033) Cupón INKA20 Multivitamínicos Suplementos y Vitaminas Vitamina B-Complejo B B6 y B12 Para Adultos,digemid_name_inference,true
Inkafarma,Ultra Complejo B Sunvit Cápsula Blanda,Ultra Complejo B Sunvit Cápsula Blanda,DE4701,37.40,PEN,available,https://inkafarma.pe/producto/ultra-complejo-b-sunvit-capsula-blanda/070611,070611,Sunvit,algolia_public_search,2026-06-08T00:46:11.490648+00:00,,"Cada cápsula blanda contiene: Mononitrato de Tiamina (Vitamina B1) 50 mg Bitartrato de Colina 50 mg, Biotina (Vitamina B7) 50 mcg Inositol 50 mg, Riboflavina (Vitamina B2) 50 mg Pantotenato de Calcio (Vitamina B5) 50 mg Clorhidrato de Piridoxina (Vitamina B6) 50 mg Cianocobalamina 1 % triturado (Vitamina B12) 50 mcg Ácido Fólico (Vitamina B9) 100 mcg, Excipientes c.s.p. Este producto es distribuido por Inretail Pharma S.A. (Ley 32033) Vitaminas Suplementos y Vitaminas Vitamina B-Complejo B B6 y B12 Vitamina B",digemid_name_inference,true
Inkafarma,Neurobion 5000 Tableta Recubierta,Neurobion 5000 Tableta Recubierta,DE4289,34.30,PEN,available,https://inkafarma.pe/producto/neurobion-5000-tableta-recubierta/072581,072581,PROCTER & GAMBLE,algolia_public_search,2026-06-08T00:46:11.491167+00:00,,"Cada gragea contiene: Vitamina B1, (nitrato de tiamina).......100 mg Vitamina B6 (clorhidrato de piridoxina)…..100 mg Vitamina B12 (cianocobalamina)…... 5.000 mcg Este producto es distribuido por Inretail Pharma S.A. (Ley 32033) Preguntas frecuentes .faq-grid { display: grid; grid-template-columns: repeat(2, 1fr); gap: 16px; margin: 24px 0; } .faq-card { background: #f8f9fa; border: 1px solid #e9ecef; border-radius: 10px; padding: 20px 24px; } .faq-card h3 { font-size: 16px; font-weight: 600; color: #1a1a1a; margin: 0 0 10px; line-height: 1.4; } .faq-card p { font-size: 14px; color: #555; margin: 0; line-height: 1.7; } @media (max-width: 600px) { .faq-grid { grid-template-columns: 1fr; } } ¿Qué contiene Neurobion 5000? Este producto contiene vitaminas del complejo B en presentación de tabletas recubiertas para administración oral. ¿En qué presentación viene Neurobion 5000? La presentación corresponde a tabletas recubiertas para consumo oral. Este formato es utilizado en productos con vitaminas del complejo B. ¿Cómo se consumen las tabletas recubiertas de Neurobion 5000? Las tabletas recubiertas se administran por vía oral acompañadas de agua. La forma de consumo debe seguir las instrucciones indicadas en el etiquetado. ¿Qué es el complejo B en tabletas recubiertas? El complejo B agrupa distintas vitaminas hidrosolubles presentes en suplementos y productos vitamínicos de administración oral. Vitaminas Lo Mejor de P&G Health Vitamina B Neurobion",digemid_name_inference,true
Inkafarma,Pack 03 Nat-B Cápsula Blanda,Pack 03 Nat-B Cápsula Blanda,DE0942,124.90,PEN,available,https://inkafarma.pe/producto/pack-03-nat-b-capsula-blanda/PACKNT80,PACKNT80,MEGA,algolia_public_search,2026-06-08T00:46:11.491422+00:00,,Tiamina Mononitrato (Vitamina B1) 50.00 mg | Riboflavina (Vitamina B2) 50.00 mg | Piridoxina Clorhidrato (Vitamina B6) 50.00 mg | Cianocobalamina (Vitamina B12) 50.00 mcg | Nicotinamida 50.00 mg | Pantotenato de Calcio 50.00 mg | Ácido Fólico 100.00 mcg | Colina | Bitartrato 50.00 mg | Biotina 50.00 mcg | Inositol 50.00 mg Este producto es distribuido por Inretail Pharma S.A. (Ley 32033) Multivitamínicos Suplementos y Vitaminas Packs de Nutrición y Bienestar Vitamina B-Complejo B B6 y B12 Para Adultos,digemid_name_inference,true
Inkafarma,Pack 02 Nat-B Cápsula Blanda,Pack 02 Nat-B Cápsula Blanda,DE0942,88.90,PEN,available,https://inkafarma.pe/producto/pack-02-nat-b-capsula-blanda/PACKNT79,PACKNT79,MEGA,algolia_public_search,2026-06-08T00:46:11.491647+00:00,,Tiamina Mononitrato (Vitamina B1) 50.00 mg | Riboflavina (Vitamina B2) 50.00 mg | Piridoxina Clorhidrato (Vitamina B6) 50.00 mg | Cianocobalamina (Vitamina B12) 50.00 mcg | Nicotinamida 50.00 mg | Pantotenato de Calcio 50.00 mg | Ácido Fólico 100.00 mcg | Colina | Bitartrato 50.00 mg | Biotina 50.00 mcg | Inositol 50.00 mg Este producto es distribuido por Inretail Pharma S.A. (Ley 32033) Multivitamínicos Suplementos y Vitaminas Packs de Nutrición y Bienestar Vitamina B-Complejo B B6 y B12 Para Adultos,digemid_name_inference,true
Inkafarma,Pack 02 Ultra Complejo B Sunvit Cápsula Blanda,Pack 02 Ultra Complejo B Sunvit Cápsula Blanda,DE4701,69.80,PEN,available,https://inkafarma.pe/producto/pack-02-ultra-complejo-b-sunvit-capsula-blanda/PACKNT441,PACKNT441,SUNVIT,algolia_public_search,2026-06-08T00:46:11.491872+00:00,,"Cada cápsula blanda contiene: Mononitrato de Tiamina (Vitamina B1) 50 mg Bitartrato de Colina 50 mg, Biotina (Vitamina B7) 50 mcg Inositol 50 mg, Riboflavina (Vitamina B2) 50 mg Pantotenato de Calcio (Vitamina B5) 50 mg Clorhidrato de Piridoxina (Vitamina B6) 50 mg Cianocobalamina 1 % triturado (Vitamina B12) 50 mcg Ácido Fólico (Vitamina B9) 100 mcg, Excipientes c.s.p. Este producto es distribuido por Inretail Pharma S.A. (Ley 32033) Vitaminas Suplementos y Vitaminas Packs de Nutrición y Bienestar Vitamina B-Complejo B B6 y B12 Vitamina B",digemid_name_inference,true
Inkafarma,Pack 20 Ensure Clinical Líquido Sabor Vainilla,Pack 20 Ensure Clinical Líquido Sabor Vainilla,DE2360,219.30,PEN,available,https://inkafarma.pe/producto/pack-ensure-clinical-liquido-sabor-vainilla-220-ml/PACKNT523,PACKNT523,ENSURE,algolia_public_search,2026-06-08T00:46:11.492840+00:00,,"Agua,almidón hidrolizado de maiz ,sacarosa, ACEITES VEGETALES (aceite de canola, aceite de maiz ),caseinato de sodio, proteína de leche, aislado de proteína de soya, concentradode proteína de suero, MINERALES (citrato de potasio, citrato de sodio, fosfatotribásico de calcio, carbonato de magnesio, cloruro de potasio, sulfatoferroso, sulfato de zinc, sulfato de manganeso, sulfato cúprico, molibdato desodio, yoduro de potasio, cloruro de cromo, selenato de sodio), fructobligosacáridos (FOS), CaHMB (beta- hidroxi beta- metilbutirato de calcio), sabor natural y artificial a vainilla, lecitina de soya(emulsificante), celulosa (estabilizante), coruro de colina, VITAMINAS (ácido ascórbico, acetato de dl- alfla tocoferilo , niacinamida ,pantotenato de calcio, beta caroteno, clorhidrato de piridoxina, clorhidrato detiamina, riboflavina, palmitato de vitamina A, ácido fólico, filoquinona ,vitamina D3, biotina, cianocobalamina), L- camitina ,carboximetilcelulosa de sodio (estabilizante), goma galan ( establizante ).Contiene derivados de leche y derivados de soya. Este producto es distribuido por Inretail Pharma S.A. (Ley 32033) Nutrición completa y balanceada, con 330 Kcal y 20 g de proteína de alta calidad por toma (220 mL). Apoya el manejo nutricional de adultos con pérdida de masa muscular. Con HMB, componente clave que ayuda a promover la salud muscular. Alimentación y nutrición para el adulto mayor con Ensure Clinical Para el manejo nutricional de adultos con trastornos nutricionales y/o pérdida de masa muscular, fuerza y funcionalidad. Esta especialmente formulada para satisfacer las necesidades nutricionales únicas de los adultos de edad avanzada. Suplementos Nutricionales Suplementos / Complementos Suplementos y Vitaminas Packs de Nutrición y Bienestar Nutrición Adulto Packs Bebibles Ensure y Glucerna Adultos Adulto Geriátricos",digemid_name_inference,true
Inkafarma,Exelmyo Polvo para suspensión oral,Exelmyo Polvo para suspensión oral,DE4047,149.70,PEN,available,https://inkafarma.pe/producto/exelmyo-polvo-para-suspension-oral/068295,068295,Laboratorios Entema,algolia_public_search,2026-06-08T00:46:11.497874+00:00,,"Myo-inositol, ácido fólico, yodo (yoduro de potasio), zinc (sulfato de zinc monohidrato), colecalciferol (vitamina D3)). Este producto es distribuido por Inretail Pharma S.A. (Ley 32033) Vitaminas y Suplementos Vitaminas Suplementos y Vitaminas Vitamina B-Complejo B B6 y B12 Biotina Vitamina B",digemid_name_inference,true
Inkafarma,ROD-B Cápsula blanda,ROD-B Cápsula blanda,DE3638,59.90,PEN,available,https://inkafarma.pe/producto/rod-b-capsula-blanda/037086,037086,ROD-B,algolia_public_search,2026-06-08T00:46:11.498824+00:00,,Cada Cápsula blanda contiene:Tiamina Mononitrato (Vitamina B1) 50 mgRibo?avina (Vitamina B2) 50 mgPiridoxina Clorhidrato (Vitamina B6) 50 mgCianocobalamina (Vitamina B12) 50 mcgNicotinamida (Vitamina B3) 50 mgD-Pantotenato de Calcio (Vitamina B5) 50 mgÁcido Fólico (Vitamina B9) 100 mcgColina Bitartrato 50 mgBiotina 50 mcgInositol 50 mgExcipientes c.s.p. Este producto es distribuido por Inretail Pharma S.A. (Ley 32033) Suplementos / Complementos Suplementos y Vitaminas Vitamina B-Complejo B B6 y B12 Adulto,digemid_name_inference,true
Inkafarma,Regenesis Cápsula Blanda,Regenesis Cápsula Blanda,DE2831,56.00,PEN,available,https://inkafarma.pe/producto/regenesis-capsula-blanda/030228,030228,LABORATORIOS LEON FARMA,algolia_public_search,2026-06-08T00:46:11.499024+00:00,,Vitamina B1 1.45mg | Vitamina B2 1.60mg | Vitamina B318.00mg | Vitamina B5 6.00mg| Vitamina B6 2.00mg| Biotina B8 150.00ug| Vitamina B9 500.00ug| Vitamina B12 2.60mg | Vitamina C 60.00mg |Vitamina E 10.05mg|Selenio 59ug |Magnesio 75.00mg |Zinc 10.00mg|Hierro 27.00mg |Cobre 1.00mg |Manganeso 1.00mg|Iodo 200ug | Ácidos grasos Omega 3: Ácido Eicosapentaenoico (EPA) | Ácido Docosahexaenoico (DHA) 160mg Este producto es distribuido por Inretail Pharma S.A. (Ley 32033) Multivitamínicos Suplementos y Vitaminas Omega 3-Fish Oil Para Adultos,digemid_name_inference,true
Inkafarma,Redoxon Total Tableta Efervescente Sabor Naranja,Redoxon Total Tableta Efervescente Sabor Naranja,DE4521,43.92,PEN,available,https://inkafarma.pe/producto/redoxon-total-comprimido-efervescente/029588,029588,REDOXON,algolia_public_search,2026-06-08T00:46:11.499256+00:00,,"Fórmula mejorada con vitamina D. Las vitaminas C, D y el zinc contribuyen al funcionamiento normal del sistema inmune. Este producto es distribuido por Inretail Pharma S.A. (Ley 32033) Redoxon® Total es una fórmula mejorada que combina la vitamina C y el Zinc, con un nuevo ingrediente, la vitamina D. Junto con una alimentación adecuada y hábitos saludables, la vitamina D y el Zinc por favor al funcionamiento normal del sistema inmune; la vitamina C contribuye a la formación del colágeno para el funcionamiento normal de la piel. El Zinc contribuye a la protección de las células frente al daño oxidativo. Suplemento con Vitamina C, D y Zinc. Vitaminas Vitamina C",digemid_name_inference,true
Inkafarma,Biosil Performance Cápsula,Biosil Performance Cápsula,DE4792,157.90,PEN,available,https://inkafarma.pe/producto/biosil-performance-capsula/074307,074307,BIOSIL,algolia_public_search,2026-06-08T00:46:11.499955+00:00,,"Ingredientes activos: Colina 100 mg (como ch-OSA®), Silicio 5 mg (como parte de ácido ortosilícico estabilizado con colina (ch-OSA®)) y Vitamina C (ácido ascórbico) 30 mg. Este producto es distribuido por Inretail Pharma S.A. (Ley 32033) Cupón INKA20 Suplementos Nutricionales Suplementos y Vitaminas Busca tu Marca de Colágeno Ideal Colágenos",digemid_name_inference,true
Inkafarma,Vitagel Joint Active Polvo Oral,Vitagel Joint Active Polvo Oral,DE4024,142.40,PEN,available,https://inkafarma.pe/producto/vitagel-joint-active-polvo-oral/037813,037813,VITAGEL,algolia_public_search,2026-06-08T00:46:11.500204+00:00,,"Colágeno hidrolizado, Acidificante: Ácido Cítrico, Cúrcuma, Maltodextrina, Mezcla de vitaminas y minerales (Fosfato Tricálcico, Carbonato de Magnesio, Ácido L-Ascórbico (Vitamina C), Óxido de Zinc, Manganeso-II-Gluconato, Selenito de Sodio, Colecalciferol (Vitamina D3), Clorhidrato de Piridoxina(Vitamina B6), Aroma, Metilsulfonilmetano (MSM), Estabilizante: Fosfato de dimagnesio 3-hidrato. Contiene Edulcorante: Sucralosa (0,035 g por cada porción de 14 g) |**Bovino. Precauciones: Puede contener rastros de lactosa. Este producto es distribuido por Inretail Pharma S.A. (Ley 32033) Vitagel JOINT ACTIVE es un suplemento dietético con colágeno hidrolizado sabor limón y miel + Cúrcuma, MSM (Metilsulfonilmetano), vitaminas, minerales y edulcorante artificial. Polvo oral. Suplementos Nutricionales Suplementos y Vitaminas Busca tu Marca de Colágeno Ideal Colágenos",digemid_name_inference,true
Inkafarma,Vitagel Skin Beauty Polvo Oral,Vitagel Skin Beauty Polvo Oral,DE3829,142.40,PEN,available,https://inkafarma.pe/producto/vitagel-skin-beauty-polvo-oral/037210,037210,VITAGEL,algolia_public_search,2026-06-08T00:46:11.500498+00:00,,"Colágeno hidrolizado (80.1%**), Ácido cítrico (5.07%), Maltodextrina (3.5%), Aroma (3.07%), mezcla de vitaminas y minerales ( Fosfato tricálcico, Carbonato de Magnesio,Ácido L-Ascórbico (Vitamina C), DL-alfa Tocoferilacetato (Vitamina E), Gluconato de Cobre, Óxido de Zinc, Colecalciferol (Vitamina D),Biotina, Ácido Pteroilmonoglutámico (Ácido Fólico)), Metilsulfonilmetano (MSM(1.193%),Extracto de Zanahoria Morada en polvo(1.07%),Ácido Hialurónico (0,89%),Estabilizante: Fosfato de dimagnesio 3-hidrato, Edulcorante: Sucralosa(0,18%)|**Bovino.Puede contener rastros de lactosa. Este producto es distribuido por Inretail Pharma S.A. (Ley 32033) Vitagel® SKIN BEAUTY es un suplemento dietético con colágenohidrolizado sabor frutos rojos + MSM,ácido hialurónico, vitaminas, minerales y edulcorante arti?cial. Polvo oral. Suplementos Nutricionales Suplementos y Vitaminas Busca tu Marca de Colágeno Ideal Colágenos",digemid_name_inference,true
Inkafarma,Luminous Skinage Solución oral,Luminous Skinage Solución oral,DE3830,109.90,PEN,available,https://inkafarma.pe/producto/luminous-skinage-solucion-oral/067231,067231,RIOJA NATURE,algolia_public_search,2026-06-08T00:46:11.500728+00:00,,Colágeno hidrolizado bovino 2500 mg Citrato de magnesio 300 mg (45 mg Mg) N-Acetil L cisteína 120 mg Vitamina C 80 mg Ácido hialurónico al 95% 50 mg Extracto de Vitis vinífera 100mg Vitamina A (Betacaroteno al 10%) 47.9mg Citrato de Zinc 31.65 mg DL-Alfatocoferilo acetato al 50% 24mg Licopeno al 10% 20mg Nicotinamida 16mg Selenometionina 11mg L-glutation 10mg Gluconato de cobre 10mg Riboflavina 7.14mg Este producto es distribuido por Inretail Pharma S.A. (Ley 32033) Multivitamínicos Suplementos y Vitaminas Busca tu Marca de Colágeno Ideal Para Adultos,digemid_name_inference,true
Inkafarma,Collaflex Beauty Elixir Solución oral,Collaflex Beauty Elixir Solución oral,DE4067,54.90,PEN,available,https://inkafarma.pe/producto/collaflex-beauty-elixir-solucion-oral/037727,037727,COLLAFLEX,algolia_public_search,2026-06-08T00:46:11.501321+00:00,,"Agua purificada, colágeno hidrolizado, vitamina C, concentrado en polvo de semilla de uva (Vitis vinífera), niacina, hialuronato sódico, vitamina E, gluconato de zinc, ácido pantoténico, vitamina B6, riboflavina, vitamina A, selenito sódico, biotina, vitamina B12, conservadores (sorbato potásico y benzoato sódico), edulcorante (sucralosa), regulador de la acidez (ácido cítrico) y aroma. Este producto es distribuido por Inretail Pharma S.A. (Ley 32033) Suplementos Nutricionales Suplementos y Vitaminas Busca tu Marca de Colágeno Ideal Colágenos",digemid_name_inference,true
Inkafarma,Sunvit B Complex 100 Tableta,Sunvit B Complex 100 Tableta,DE2708,51.10,PEN,available,https://inkafarma.pe/producto/sunvit-b-complex-100-tableta/037829,037829,SUNVIT,algolia_public_search,2026-06-08T00:46:13.294791+00:00,,"Tiamina 1.5mg Riboflavina 1.7mg Niacina 20mg Vitamina B6 2mg Ácido Fólico 680 mcg Vitamina B12 6mcg Biotina 3 mcg Ácido Pantoténico 10mg Este producto es distribuido por Inretail Pharma S.A. (Ley 32033) Preguntas frecuentes .faq-grid { display: grid; grid-template-columns: repeat(2, 1fr); gap: 16px; margin: 24px 0; } .faq-card { background: #f8f9fa; border: 1px solid #e9ecef; border-radius: 10px; padding: 20px 24px; } .faq-card h3 { font-size: 16px; font-weight: 600; color: #1a1a1a; margin: 0 0 10px; line-height: 1.4; } .faq-card p { font-size: 14px; color: #555; margin: 0; line-height: 1.7; } @media (max-width: 600px) { .faq-grid { grid-template-columns: 1fr; } } ¿Qué contiene Sunvit B Complex 100? Este producto contiene vitaminas del complejo B en presentación de tabletas para administración oral. Las vitaminas del complejo B forman parte de distintos suplementos nutricionales. ¿En qué presentación viene Sunvit B Complex 100? La presentación corresponde a tabletas de consumo oral. Este formato es utilizado en suplementos vitamínicos con vitaminas del complejo B. ¿Cómo se consumen las tabletas de complejo B? Las tabletas se administran por vía oral acompañadas de agua. La forma de consumo debe seguir las indicaciones señaladas en el etiquetado. ¿Qué es el complejo B? El complejo B agrupa distintas vitaminas hidrosolubles utilizadas en suplementos nutricionales. Puede encontrarse en tabletas, cápsulas y otras presentaciones orales. Vitaminas Suplementos y Vitaminas Vitamina B-Complejo B B6 y B12 Vitamina B",digemid_name_inference,true
