pharmacy,commercial_name,formal_name,registro_sanitario,price,currency,availability,url,sku,brand,source_strategy,scraped_at,stock,component_text,registro_sanitario_source,component_traceable
Mifarma,Sunvit Vitamin E 400 IU Cápsula Blanda,Sunvit Vitamin E 400 IU Cápsula Blanda,DE2794,58.80,PEN,available,https://www.mifarma.com.pe/producto/sunvit-vitamin-e-400-iu-capsula-blanda/301481,301481,Sunvit,algolia_public_search,2026-06-08T00:46:24.185939+00:00,,Este producto es distribuido por Inretail Pharma S.A. (Ley 32033) Vitaminas para Adultos Vitaminas Vitamina E,digemid_name_inference,true
Mifarma,Magnesio + Complejo B Vivactiv Tableta Efervescente,Magnesio + Complejo B Vivactiv Tableta Efervescente,DE4606,13.90,PEN,available,https://www.mifarma.com.pe/producto/vivactiv-complejob-efervescente/546189,546189,VIVACTIV,algolia_public_search,2026-06-08T00:46:24.186432+00:00,,"Magnesio 300mgVitamina B1 1.2mgVitamina B2 1.3mgVitamina B6 1.7mgVitamina B12 2.5ugNiacina 16mgÁcido pantoténico 5mgÁcido fólico 400 ugBiotina 30 ugZinc 11mg Este producto es distribuido por Inretail Pharma S.A. (Ley 32033) Preguntas frecuentes .faq-grid {display: grid;grid-template-columns: repeat(2, 1fr);gap: 16px;margin: 24px 0;}.faq-card {background: #f8f9fa;border: 1px solid #e9ecef;border-radius: 10px;padding: 20px 24px;}.faq-card h3 {font-size: 16px;font-weight: 600;color: #1a1a1a;margin: 0 0 10px;line-height: 1.4;}.faq-card p {font-size: 14px;color: #555;margin: 0;line-height: 1.7;}@media (max-width: 600px) {.faq-grid { grid-template-columns: 1fr; }} ¿Qué vitaminas contiene Vivactiv Complejo B Efervescente? Este producto contiene vitaminas del complejo B en presentación efervescente para consumo oral. ¿Cómo se presenta el complejo B efervescente? La presentación corresponde a tabletas efervescentes que deben disolverse en agua antes de ingerirse. ¿Cómo se consume Vivactiv Complejo B Efervescente? Las tabletas deben disolverse completamente en agua antes de su consumo. La administración debe seguir las indicaciones del etiquetado. ¿Qué es el complejo B en suplementos vitamínicos? El complejo B agrupa vitaminas hidrosolubles utilizadas en suplementos nutricionales de administración oral. Minerales Cupón INKA20 Vitaminas Suplementos y Vitaminas Lo más Buscado en Citrato y Glicinato de Magnesio Magnesio Vitamina B",digemid_name_inference,true
Mifarma,Sunvit Vitamin A 10000 UI Cápsula blanda,Sunvit Vitamin A 10000 UI Cápsula blanda,DE4079,29.50,PEN,available,https://www.mifarma.com.pe/producto/sunvit-vitamin-a-10000-ui-capsula-blanda/816537,816537,SUNVIT,algolia_public_search,2026-06-08T00:46:24.186803+00:00,,"Vitamina A ( Palmitato de retinol ) 10,000 UI Este producto es distribuido por Inretail Pharma S.A. (Ley 32033) Vitaminas Vitamina A",digemid_name_inference,true
Mifarma,Vitamina E 1000 UI Cápsula Blanda,Vitamina E 1000 UI Cápsula Blanda,DE0825,56.50,PEN,available,https://www.mifarma.com.pe/producto/vitamina-e-1000-ui-capsula-blanda/305576,305576,VITAMINA E,algolia_public_search,2026-06-08T00:46:24.188053+00:00,,"Cada cápsula blanda contiene: Vitamina E DL-Alfatocoferil Acetato (Vitamina E Sintética) equivalente a Vitamina E. 1000 U.I. Excipientes: Glicerina, otros c.s. Este producto es distribuido por Inretail Pharma S.A. (Ley 32033) Una dieta que contenga ácidos grasos omega puede resultar muy beneficiosa. Los aceites derivados de alimentos ricos en omega, como el pescado, aportan una amplia variedad de nutrientes naturales. Para quienes no disfrutan del pescado en su dieta, recurrir a un suplemento de omega de origen vegetal es una excelente manera de incorporar nutrientes beneficiosos a su día. Las gomitas Omega 3-6-7-9 proporcionan una fuente libre de pescado de ácidos grasos omega 3, 6, 7 y 9 naturales. Dos gomitas veganas aportan 360 mg de un complejo omega de origen vegetal que consta de aceite de linaza orgánico y aceite de fruto de espino amarillo. Vitaminas Vitamina E",digemid_name_inference,true
Mifarma,Hierro + Vitamina C Vitamins For Life Tableta Efervescente Sabor Cereza,Hierro + Vitamina C Vitamins For Life Tableta Efervescente Sabor Cereza,DE2095,15.90,PEN,available,https://www.mifarma.com.pe/producto/iron-vitamina-c-tableta-efervescente/525569,525569,VITAMINS FOR LIFE,algolia_public_search,2026-06-08T00:46:24.188627+00:00,,"Hierro 14mg Vitamina C 75mg Este producto es distribuido por Inretail Pharma S.A. (Ley 32033) Hierro + vitamina C suplemento nutricional efervescente sin preservantes, sin azúcar, sin gluten, sin lactosa. Hecho en Alemania. Preguntas frecuentes .faq-grid { display: grid; grid-template-columns: repeat(2, 1fr); gap: 16px; margin: 24px 0; } .faq-card { background: #f8f9fa; border: 1px solid #e9ecef; border-radius: 10px; padding: 20px 24px; } .faq-card h3 { font-size: 16px; font-weight: 600; color: #1a1a1a; margin: 0 0 10px; line-height: 1.4; } .faq-card p { font-size: 14px; color: #555; margin: 0; line-height: 1.7; } @media (max-width: 600px) { .faq-grid { grid-template-columns: 1fr; } } ¿Qué contiene Iron Vitamina C efervescente? Este producto combina hierro y vitamina C en tabletas efervescentes para consumo oral. Ambos componentes forman parte de suplementos nutricionales. ¿Qué diferencia tiene una tableta efervescente? Las tabletas efervescentes se disuelven en agua antes de su consumo. Este formato es utilizado en suplementos y vitaminas de administración oral. ¿Cómo se consume una vitamina efervescente con hierro? La tableta debe disolverse completamente en agua antes de ingerirse. La forma de consumo debe seguir las indicaciones señaladas en el envase. ¿Qué función tiene la vitamina C en suplementos con hierro? La vitamina C es un nutriente hidrosoluble presente en distintas formulaciones nutricionales y suplementos vitamínicos de administración oral. Minerales Vitaminas y Suplementos Vitaminas Hierro Vitamina C",digemid_name_inference,true
Mifarma,Sunvit Vitamin D 2000 IU Tableta,Sunvit Vitamin D 2000 IU Tableta,DE3869,59.90,PEN,available,https://www.mifarma.com.pe/producto/sunvit-vitamin-d-2000-iu-tableta/992166,992166,SUNVIT,algolia_public_search,2026-06-08T00:46:24.191799+00:00,,Vitamina D3 50mcg Este producto es distribuido por Inretail Pharma S.A. (Ley 32033) Cupón INKA20 Vitaminas Vitamina D,digemid_name_inference,true
Mifarma,Calcio + Vitamina D3 Tableta Efervescente Sabor Naranja / Toronja,Calcio + Vitamina D3 Tableta Efervescente Sabor Naranja / Toronja,DE4027,15.90,PEN,available,https://www.mifarma.com.pe/producto/calcio-vitamina-d3-tabletas-efervescentes/525567,525567,VITAMINS FOR LIFE,algolia_public_search,2026-06-08T00:46:24.192021+00:00,,Calcio 500mg |Vitamina D3 2.5ug Este producto es distribuido por Inretail Pharma S.A. (Ley 32033) Vitaminas Vitamina D,digemid_name_inference,true
Mifarma,Colágeno 1500 + Biotina y Vitamina C Cápsulas,Colágeno 1500 + Biotina y Vitamina C Cápsulas,DE3564,84.50,PEN,available,https://www.mifarma.com.pe/producto/collagen-1500-plus-biotin-vitamina-c-capsulas/554687,554687,Mason,algolia_public_search,2026-06-08T00:46:24.194364+00:00,,"Colágeno hidrolizado 500 mg Biotina 1% 800 mcg Ácido ascórbico (Vitamina C 99%) 50 mg Este producto es distribuido por Inretail Pharma S.A. (Ley 32033) El colágeno hidrolizado es fuente de aminoácidos esenciales (histidina, isoleucina, leucina, lisina, metionina, fenilalanina, treonina, valina) para el mantenimiento de una buena salud (involucrados en la síntesis de proteínas). El colágeno es uno de los componentes de la piel, cartílago y los huesos, su consumo podría ayudar a ciertas condiciones de la piel y las articulaciones. Con colágeno hidrolizado en cápsulas .Con 800 mcg de biotina y 50 mg de vitamina C. Sin leche, trigo, soya, frutos secos, maní, pescado, huevo, mariscos crustáceos Libre de gluten. Producto Americano Suplementos Nutricionales Suplementos y Vitaminas Busca tu Marca de Colágeno Ideal Colágenos",digemid_name_inference,true
Mifarma,Pack 02 Sunvit Vitamin D 2000 IU Tableta,Pack 02 Sunvit Vitamin D 2000 IU Tableta,DE3869,115.30,PEN,available,https://www.mifarma.com.pe/producto/pack-02-sunvit-vitamin-d-2000-iu-tableta/PACKNT395,PACKNT395,SUNVIT,algolia_public_search,2026-06-08T00:46:24.202983+00:00,,Vitamina D3 50mcg Este producto es distribuido por Inretail Pharma S.A. (Ley 32033) Vitaminas Packs de Nutrición y Bienestar Vitamina D,digemid_name_inference,true
Mifarma,Pack Sunvit Vitamin D 2000 IU Tableta,Pack Sunvit Vitamin D 2000 IU Tableta,DE3869,115.30,PEN,available,https://www.mifarma.com.pe/producto/pack-sunvit-vitamin-d-2000-iu-tableta/PACKNT216,PACKNT216,SUNVIT,algolia_public_search,2026-06-08T00:46:24.203105+00:00,,Vitamina D3 50mcg Este producto es distribuido por Inretail Pharma S.A. (Ley 32033) Vitaminas Packs de Nutrición y Bienestar Vitamina D,digemid_name_inference,true
Mifarma,Pack Calcio + Vitamina D3 Efervescente,Pack Calcio + Vitamina D3 Efervescente,DE4027,84.00,PEN,available,https://www.mifarma.com.pe/producto/pack-calcio-vitamina-d3-efervescente/PACKNT12,PACKNT12,CALCIO,algolia_public_search,2026-06-08T00:46:24.206086+00:00,,"Este producto es distribuido por Inretail Pharma S.A. (Ley 32033) Glucosamina más condroitina suplemento nutricional efervescente, sin preservantes, sin azúcar, sin gluten, sin lactosa. Hecho en Alemania. Vitaminas Packs de Nutrición y Bienestar Vitamina D",digemid_name_inference,true
Mifarma,Pack Hierro + Vitamina C Efervescente,Pack Hierro + Vitamina C Efervescente,DE4431,84.00,PEN,available,https://www.mifarma.com.pe/producto/pack-hierro-vitamina-c-efervescente/PACKNT07,PACKNT07,VITAMINS FOR LIFE,algolia_public_search,2026-06-08T00:46:24.206726+00:00,,"Este producto es distribuido por Inretail Pharma S.A. (Ley 32033) Hierro + vitamina C suplemento nutricional efervescente sin preservantes, sin azúcar, sin gluten, sin lactosa. Hecho en Alemania. Preguntas frecuentes .faq-grid {display: grid;grid-template-columns: repeat(2, 1fr);gap: 16px;margin: 24px 0;}.faq-card {background: #f8f9fa;border: 1px solid #e9ecef;border-radius: 10px;padding: 20px 24px;}.faq-card h2 {font-size: 16px;font-weight: 600;color: #1a1a1a;margin: 0 0 10px;line-height: 1.4;}.faq-card p {font-size: 14px;color: #555;margin: 0;line-height: 1.7;}@media (max-width: 600px) {.faq-grid { grid-template-columns: 1fr; }} ¿Qué contiene el pack de hierro y vitamina C efervescente? Este pack incluye suplementos efervescentes con hierro y vitamina C. Ambos componentes suelen utilizarse en formulaciones nutricionales de administración oral. ¿Cómo se presenta este suplemento efervescente? La presentación corresponde a tabletas efervescentes que se disuelven en agua antes de su consumo. Este formato permite preparar una bebida de administración oral. ¿Cómo se consume el hierro con vitamina C efervescente? Las tabletas deben disolverse completamente en agua antes de ingerirse. La forma de consumo puede variar según las instrucciones indicadas en el empaque del producto. ¿Qué es la vitamina C en suplementos efervescentes? La vitamina C es un nutriente hidrosoluble presente en distintas formulaciones nutricionales. En productos efervescentes suele combinarse con otros componentes minerales. Minerales Vitaminas y Suplementos Vitaminas Packs de Nutrición y Bienestar Hierro Vitamina C",digemid_name_inference,true
Mifarma,Omega 3 + Vitamina E Drasanvi Cápsula Blanda,Omega 3 + Vitamina E Drasanvi Cápsula Blanda,DE3109,58.50,PEN,available,https://www.mifarma.com.pe/producto/omega-3-vitamina-e-capsula-blanda/320339,320339,DRASANVI,algolia_public_search,2026-06-08T00:46:24.207840+00:00,,"Cada cápsula blanda contiene: Aceite de pescado (rico en ácido grasos Omega 3 totales ................ 1000,00 mgcon aporte de: EPA (Ácido eicosapentaenoico) Omega 3 ................. 180,00 mg DHA (Ácido docosahexaenoico) Omega 3............................................ 120,00 mg Vitamina E (D-alfa tocoferol)..................................................................... 20,00 mg Este producto es distribuido por Inretail Pharma S.A. (Ley 32033) Vitaminas para Adultos Multivitamínicos Vitaminas Suplementos y Vitaminas Vitamina E Omega 3-Fish Oil Para Adultos",digemid_name_inference,true
Mifarma,Pack 02 Sunvit Vitamin A 10000 UI Cápsula blanda,Pack 02 Sunvit Vitamin A 10000 UI Cápsula blanda,DE4079,56.80,PEN,available,https://www.mifarma.com.pe/producto/pack-02-sunvit-vitamin-a-10000-ui-capsula-blanda/PACKNT392,PACKNT392,SUNVIT,algolia_public_search,2026-06-08T00:46:24.207967+00:00,,Este producto es distribuido por Inretail Pharma S.A. (Ley 32033) Vitaminas Packs de Nutrición y Bienestar Vitamina A,digemid_name_inference,true
Mifarma,Vitamina D3 100 µg 4000 UI Drasanvi Comprimido,Vitamina D3 100 µg 4000 UI Drasanvi Comprimido,DE4238,50.10,PEN,available,https://www.mifarma.com.pe/producto/vitamina-d3-100-4000-ui-comprimido/320397,320397,DRASANVI,algolia_public_search,2026-06-08T00:46:24.208865+00:00,,"Agente de carga (Celulosa microcristalina), Colecalciferol (Vitamina D3), Agente de carga (Sal magnésica de ácido graso) Este producto es distribuido por Inretail Pharma S.A. (Ley 32033) Vitaminas Suplementos / Complementos Nutrición Adulto Adulto Vitamina D",digemid_name_inference,true
Mifarma,Calcium Magnesium Zinc with Vitamin D3 Tableta recubierta,Calcium Magnesium Zinc with Vitamin D3 Tableta recubierta,DE0421,45.50,PEN,available,https://www.mifarma.com.pe/producto/calcium-magnesium-zinc-with-vitamin-d3-tab-rcb/800384,800384,NATURE'S BOUNTY,algolia_public_search,2026-06-08T00:46:24.209048+00:00,,Vitamina D (Como D3 Colecalciferol) 5 mcg (200 IU)Calcio 333.333 mg(Como Carbonato de calcio y Gluconato de calcio)Magnesio 133.333 mg(Como Óxido de magnesio y Gluconato de magnesio) Zinc 8.333 mg(Como Gluconato de zinc y Citrato de zinc) Este producto es distribuido por Inretail Pharma S.A. (Ley 32033) *Suplemento Dietético*100 Tabletas recubiertas Vitaminas para Adultos Vitaminas Vitamina D,digemid_name_inference,true
Mifarma,Vitamin B12 1000 Plus Folic Acid Tableta sublingual,Vitamin B12 1000 Plus Folic Acid Tableta sublingual,DE4966,44.90,PEN,available,https://www.mifarma.com.pe/producto/vitamin-b12-1000-plus-folic-acid-tab-sub/814339,814339,VITAMINS FOR LIFE,algolia_public_search,2026-06-08T00:46:24.209505+00:00,,"Vitamina B12 1000mcgÁcido Fólico 0.400 mgBiotina 0.400 mg Este producto es distribuido por Inretail Pharma S.A. (Ley 32033) Preguntas frecuentes .faq-grid { display: grid; grid-template-columns: repeat(2, 1fr); gap: 16px; margin: 24px 0; } .faq-card { background: #f8f9fa; border: 1px solid #e9ecef; border-radius: 10px; padding: 20px 24px; } .faq-card h3 { font-size: 16px; font-weight: 600; color: #1a1a1a; margin: 0 0 10px; line-height: 1.4; } .faq-card p { font-size: 14px; color: #555; margin: 0; line-height: 1.7; } @media (max-width: 600px) { .faq-grid { grid-template-columns: 1fr; } } ¿Qué contiene Vitamin B12 1000 Plus Folic Acid? Este producto contiene vitamina B12 y ácido fólico en presentación sublingual. Ambos componentes forman parte de suplementos nutricionales de administración oral. ¿En qué presentación viene Vitamin B12 1000 Plus Folic Acid? La presentación corresponde a tabletas sublinguales para consumo oral. Este formato está diseñado para administración según las indicaciones del etiquetado. ¿Cómo se consume la vitamina B12 sublingual? Las tabletas sublinguales se administran siguiendo las instrucciones indicadas en el envase. La frecuencia de consumo puede variar según las indicaciones del fabricante. ¿Qué es el ácido fólico en suplementos vitamínicos? El ácido fólico es una vitamina del complejo B presente en distintos suplementos nutricionales. Puede encontrarse combinado con vitamina B12 en formulaciones de administración oral. Vitaminas Suplementos y Vitaminas Vitamina B-Complejo B B6 y B12 Vitamina B",digemid_name_inference,true
Mifarma,Melatonina + Vitamina B6 Solucion Oral,Melatonina + Vitamina B6 Solucion Oral,DE4342,34.00,PEN,available,https://www.mifarma.com.pe/producto/melatonina-vitamina-b6-solucion-oral/320451,320451,DRASANVI,algolia_public_search,2026-06-08T00:46:24.209695+00:00,,"Agua , Vitamina B6 (Piroxidina clorohidrato) 1,344 mg, Melatonina (Libre de procedencia animal) 1mg, Aroma (Aroma limón) , Conservador (Sorbato potásico) , Acidulante (Ácido cítrico) Este producto es distribuido por Inretail Pharma S.A. (Ley 32033) Sistema Locomotor Suplementos y Vitaminas Sedantes Ayuda a Relajarte y Dormir Mejor",digemid_name_inference,true
Mifarma,Melatonina + Vitamina B6 Kids Drasanvi Solución para Gotas Orales,Melatonina + Vitamina B6 Kids Drasanvi Solución para Gotas Orales,DE4337,34.00,PEN,available,https://www.mifarma.com.pe/producto/melatonina-vitamina-b6-kids-solucion-gotas-orales/320396,320396,DRASANVI,algolia_public_search,2026-06-08T00:46:24.209867+00:00,,"Agua, Melatonina (Libre de procedencia animal) 1 mg, Vitamina B6 (Piroxidina clorohidrato) 0,67 mg, Aroma (Aroma limón), Conservador (Sorbato potásico), Acidulante (Ácido cítrico)) Este producto es distribuido por Inretail Pharma S.A. (Ley 32033) Multivitamínicos Suplementos y Vitaminas Vitaminas y Complementos Ayuda a Relajarte y Dormir Mejor Para Niños Vitamina B",digemid_name_inference,true
Mifarma,Acondicionador Pro-Vitaminas Pantene Hidratación Extrema,Acondicionador Pro-Vitaminas Pantene Hidratación Extrema,DE3502,17.90,PEN,available,https://www.mifarma.com.pe/producto/acondicionador-pro-vitaminas-pantene-hidratacion-e/579422,579422,PANTENE,algolia_public_search,2026-06-08T00:46:24.211417+00:00,,"Este producto es distribuido por Inretail Pharma S.A. (Ley 32033) Con Pantene disfruta de más de 70 años de experiencia en tratamiento, limpieza y cuidado para tu cabello. Los productos Pantene fueron desarrollados especialmente para brindarte restauración, fortaleza, brillo, nutrición e hidratación Capilar. Gracias a sus ingredientes y su fórmula Pro-vitamina B5. Hidratación y cuidado capilar con Pantene Acondicionador Pro-Vitaminas Hidratación Extrema 400 ml Tecnología inteligente que actúa donde el cabello más lo necesita, los tratamientos químicos dañan permanentemente la estructura protectora de tu cabello, haciéndolo más susceptible al quiebre y la resequedad. La fórmula Pro-Vitaminas de la colección Pantene Pro-V Hidratación Extrema ayuda a devolver la suavidad perdida a tu cabello para dejarlo más brillante, hidratado y resistente al quiebre. Baño Shampoo y Acondicionador Cuidado del Cabello Acondicionador Shampoo y Acondicionadores",digemid_name_inference,true
Mifarma,Egogyn 1000 UI Vitamina E Cápsula blanda,Egogyn 1000 UI Vitamina E Cápsula blanda,DE1620,130.02,PEN,available,https://www.mifarma.com.pe/producto/egogyn-1000-ui-vitamina-e/561467,561467,EGOGYN,algolia_public_search,2026-06-08T00:46:24.393764+00:00,,di - alfa tocoferil acetato 1000 UI Este producto es distribuido por Inretail Pharma S.A. (Ley 32033) Vitaminas Vitamina E,digemid_name_inference,true
Mifarma,Vitamina D3 1000 UI 25 mcg Mason Natural Cápsula Blanda,Vitamina D3 1000 UI 25 mcg Mason Natural Cápsula Blanda,DE3654,58.90,PEN,available,https://www.mifarma.com.pe/producto/vitamina-d3-1000-ui-25-mcg-capsula-blanda/320610,320610,MASON,algolia_public_search,2026-06-08T00:46:24.395133+00:00,,Cada capsula blanda contiene Vitamina D3 (colecalciferol)(de aceite de higado de pescado) 25 mcg (1000 UI) Este producto es distribuido por Inretail Pharma S.A. (Ley 32033) Vitaminas Suplementos / Complementos Nutrición Adulto Adulto Vitamina D,digemid_name_inference,true
Mifarma,Vitamina D3 2000 UI Mason Natural Cápsula Blanda,Vitamina D3 2000 UI Mason Natural Cápsula Blanda,DE4518,80.90,PEN,available,https://www.mifarma.com.pe/producto/vitamina-d3-2000-ui-capsula-blanda/320609,320609,MASON,algolia_public_search,2026-06-08T00:46:24.395280+00:00,,Cada capsula blanda contiene Vitamina D3 (colecalciferol)(de aceite de higado de pescado) 50 mcg (2000 UI) Este producto es distribuido por Inretail Pharma S.A. (Ley 32033) Vitaminas Suplementos / Complementos Nutrición Adulto Adulto Vitamina D,digemid_name_inference,true
Mifarma,Isoflavonas Magnesio + Vitamina en Cápsula,Isoflavonas Magnesio + Vitamina en Cápsula,DE4606,99.90,PEN,available,https://www.mifarma.com.pe/producto/isoflavonas-magnesio-vitamina-e-capsula/319994,319994,ANA MARIA LA JUSTICIA,algolia_public_search,2026-06-08T00:46:24.395412+00:00,,"Extracto de soja, carbonato de magnesio, vitamina E y excipientes. Este producto es distribuido por Inretail Pharma S.A. (Ley 32033) Vitaminas para Adultos Vitaminas Vitamina E",digemid_name_inference,true
Mifarma,Aceite de Onagra + Vitamina en Cápsula Blanda,Aceite de Onagra + Vitamina en Cápsula Blanda,DE4623,119.90,PEN,available,https://www.mifarma.com.pe/producto/aceite-de-onagra-vitamina-e-capsula-blanda/319993,319993,ANA MARIA LA JUSTICIA,algolia_public_search,2026-06-08T00:46:24.395558+00:00,,"Aceite de onagra, vitamina E y excipientes. Este producto es distribuido por Inretail Pharma S.A. (Ley 32033) Vitaminas para Adultos Vitaminas Vitamina E",digemid_name_inference,true
Mifarma,Triptofano con Magnesio y Vitamina B6 Comprimido,Triptofano con Magnesio y Vitamina B6 Comprimido,DE4606,89.00,PEN,available,https://www.mifarma.com.pe/producto/triptofano-con-magnesio-y-vitamina-b6-comprimido/319985,319985,ANA MARIA LA JUSTICIA,algolia_public_search,2026-06-08T00:46:24.395693+00:00,,"L-triptófano, carbonato de magnesio, clorhidrato de piridoxina (vitamina B6) y excipientes. Este producto es distribuido por Inretail Pharma S.A. (Ley 32033) Minerales Magnesio",digemid_name_inference,true
Mifarma,Triptofano con Melatonina + Magnesio y Vitamina B6 Comprimido,Triptofano con Melatonina + Magnesio y Vitamina B6 Comprimido,DE4606,94.50,PEN,available,https://www.mifarma.com.pe/producto/triptofano-con-melatonina-magnesio-y-vitamina-b6/319984,319984,ANA MARIA LA JUSTICIA,algolia_public_search,2026-06-08T00:46:24.395864+00:00,,"Carbonato de magnesio, L-triptófano, agente de carga (celulosa microcristalina), Antiaglomerante (sales magnésicas de ácidos grasos), melatonina, clorhidrato de piridoxina (vitamina B6). Este producto es distribuido por Inretail Pharma S.A. (Ley 32033) Alimentos Naturales Suplementos y Vitaminas Otros Alimentos Naturales Ayuda a Relajarte y Dormir Mejor",digemid_name_inference,true
Mifarma,Terbol Vitamina E 1000 UI,Terbol Vitamina E 1000 UI,DE0825,59.00,PEN,available,https://www.mifarma.com.pe/producto/terbol-vitamina-e-100-ui/304803,304803,TERBOL,algolia_public_search,2026-06-08T00:46:24.400236+00:00,,Vitamina E (Acetato de dl-alfa tocoferilo) 1000 UI Este producto es distribuido por Inretail Pharma S.A. (Ley 32033) Vitaminas Vitamina E,digemid_name_inference,true
Mifarma,Terbol Vitamina E 1000 UI,Terbol Vitamina E 1000 UI,DE0825,99.90,PEN,available,https://www.mifarma.com.pe/producto/terbol-vitamina-e-100-ui/304802,304802,TERBOL,algolia_public_search,2026-06-08T00:46:24.400351+00:00,,Vitamina E (Acetato de dl-alfa tocoferilo) 1000 UI Este producto es distribuido por Inretail Pharma S.A. (Ley 32033) Vitaminas Vitamina E,digemid_name_inference,true
Mifarma,Vitamina D Sabor Limon 800 UI Tableta efervescente,Vitamina D Sabor Limon 800 UI Tableta efervescente,DE3832,19.90,PEN,available,https://www.mifarma.com.pe/producto/vitamina-d-sabor-limon-800-ui-tab-efervescente/814946,814946,C HEDENKAMP,algolia_public_search,2026-06-08T00:46:24.401820+00:00,,Vitamina D3 (colecalciferol 800 UI 400%) Este producto es distribuido por Inretail Pharma S.A. (Ley 32033) Suplemento nutricional efervescente Vitaminas para Adultos Vitaminas Vitamina D,digemid_name_inference,true
Mifarma,Gomitas Hierro+Vitamina C Caramelli - Frasco 60 UN,Gomitas Hierro+Vitamina C Caramelli - Frasco 60 UN,DE4431,37.00,PEN,available,https://www.mifarma.com.pe/producto/gomitas-hierrovitamina-c-caramelli-frasco-60-un/800678,800678,CARAMELLI,algolia_public_search,2026-06-08T00:46:24.405309+00:00,,"Azúcar, Glucosa, Dextrosa, Gelatina, Almidón modificado, Saborizante artificial a fresa, Ácido cítrico (SIN 330), Vitamina c (SIN 300), Colorante: Rojo 40 (SIN 129), Sulfato Ferroso (Hierro). Este producto es distribuido por Inretail Pharma S.A. (Ley 32033) Caramelos masticables azucarados sabor a fresa. Preguntas frecuentes .faq-grid {display: grid;grid-template-columns: repeat(2, 1fr);gap: 16px;margin: 24px 0;}.faq-card {background: #f8f9fa;border: 1px solid #e9ecef;border-radius: 10px;padding: 20px 24px;}.faq-card h3 {font-size: 16px;font-weight: 600;color: #1a1a1a;margin: 0 0 10px;line-height: 1.4;}.faq-card p {font-size: 14px;color: #555;margin: 0;line-height: 1.7;}@media (max-width: 600px) {.faq-grid { grid-template-columns: 1fr; }} ¿Qué contienen las gomitas Hierro + Vitamina C Caramelli? Este producto combina hierro y vitamina C en presentación de gomitas para consumo oral. Ambos componentes forman parte de suplementos nutricionales. ¿Cómo se presentan las gomitas con hierro y vitamina C? La presentación corresponde a frasco con 60 unidades en formato de gomitas. Este tipo de formato es utilizado en suplementos vitamínicos de consumo oral. ¿Cómo se consumen las gomitas con vitamina C? Las gomitas se consumen por vía oral siguiendo las indicaciones señaladas en el envase del producto. ¿Qué caracteriza a los suplementos con hierro y vitamina C? Las formulaciones con hierro y vitamina C pueden encontrarse en diferentes formatos como tabletas, efervescentes y gomitas de consumo oral. Minerales Multivitamínicos Para Niños Hierro",digemid_name_inference,true
Mifarma,Nat-B Cápsula Blanda,Nat-B Cápsula Blanda,DE0942,45.90,PEN,available,https://www.mifarma.com.pe/producto/nat-b-capsula-blanda/553896,553896,Mega,algolia_public_search,2026-06-08T00:46:26.078594+00:00,,Tiamina Mononitrato (Vitamina B1) 50.00 mg | Riboflavina (Vitamina B2) 50.00 mg | Piridoxina Clorhidrato (Vitamina B6) 50.00 mg | Cianocobalamina (Vitamina B12) 50.00 mcg | Nicotinamida 50.00 mg | Pantotenato de Calcio 50.00 mg | Ácido Fólico 100.00 mcg | Colina | Bitartrato 50.00 mg | Biotina 50.00 mcg | Inositol 50.00 mg Este producto es distribuido por Inretail Pharma S.A. (Ley 32033) Cupón INKA20 Multivitamínicos Suplementos y Vitaminas Vitamina B-Complejo B B6 y B12 Para Adultos,digemid_name_inference,true
Mifarma,Ultra Complejo B Sunvit Cápsula Blanda,Ultra Complejo B Sunvit Cápsula Blanda,DE4701,37.40,PEN,available,https://www.mifarma.com.pe/producto/ultra-complejo-b-sunvit-capsula-blanda/305536,305536,Sunvit,algolia_public_search,2026-06-08T00:46:26.078821+00:00,,"Cada cápsula blanda contiene: Mononitrato de Tiamina (Vitamina B1) 50 mg Bitartrato de Colina 50 mg, Biotina (Vitamina B7) 50 mcg Inositol 50 mg, Riboflavina (Vitamina B2) 50 mg Pantotenato de Calcio (Vitamina B5) 50 mg Clorhidrato de Piridoxina (Vitamina B6) 50 mg Cianocobalamina 1 % triturado (Vitamina B12) 50 mcg Ácido Fólico (Vitamina B9) 100 mcg, Excipientes c.s.p. Este producto es distribuido por Inretail Pharma S.A. (Ley 32033) Vitaminas Suplementos y Vitaminas Vitamina B-Complejo B B6 y B12 Vitamina B",digemid_name_inference,true
Mifarma,Neurobion 5000 Tableta Recubierta,Neurobion 5000 Tableta Recubierta,DE4289,34.30,PEN,available,https://www.mifarma.com.pe/producto/neurobion-5000-tableta-recubierta/307503,307503,PROCTER & GAMBLE,algolia_public_search,2026-06-08T00:46:26.079351+00:00,,"Cada gragea contiene: Vitamina B1, (nitrato de tiamina).......100 mg Vitamina B6 (clorhidrato de piridoxina)…..100 mg Vitamina B12 (cianocobalamina)…... 5.000 mcg Este producto es distribuido por Inretail Pharma S.A. (Ley 32033) Preguntas frecuentes .faq-grid { display: grid; grid-template-columns: repeat(2, 1fr); gap: 16px; margin: 24px 0; } .faq-card { background: #f8f9fa; border: 1px solid #e9ecef; border-radius: 10px; padding: 20px 24px; } .faq-card h3 { font-size: 16px; font-weight: 600; color: #1a1a1a; margin: 0 0 10px; line-height: 1.4; } .faq-card p { font-size: 14px; color: #555; margin: 0; line-height: 1.7; } @media (max-width: 600px) { .faq-grid { grid-template-columns: 1fr; } } ¿Qué contiene Neurobion 5000? Este producto contiene vitaminas del complejo B en presentación de tabletas recubiertas para administración oral. ¿En qué presentación viene Neurobion 5000? La presentación corresponde a tabletas recubiertas para consumo oral. Este formato es utilizado en productos con vitaminas del complejo B. ¿Cómo se consumen las tabletas recubiertas de Neurobion 5000? Las tabletas recubiertas se administran por vía oral acompañadas de agua. La forma de consumo debe seguir las instrucciones indicadas en el etiquetado. ¿Qué es el complejo B en tabletas recubiertas? El complejo B agrupa distintas vitaminas hidrosolubles presentes en suplementos y productos vitamínicos de administración oral. Vitaminas Lo Mejor de P&G Health Vitamina B Neurobion",digemid_name_inference,true
Mifarma,Pack 03 Nat-B Cápsula Blanda,Pack 03 Nat-B Cápsula Blanda,DE0942,124.90,PEN,available,https://www.mifarma.com.pe/producto/pack-03-nat-b-capsula-blanda/PACKNT80,PACKNT80,MEGA,algolia_public_search,2026-06-08T00:46:26.079609+00:00,,Tiamina Mononitrato (Vitamina B1) 50.00 mg | Riboflavina (Vitamina B2) 50.00 mg | Piridoxina Clorhidrato (Vitamina B6) 50.00 mg | Cianocobalamina (Vitamina B12) 50.00 mcg | Nicotinamida 50.00 mg | Pantotenato de Calcio 50.00 mg | Ácido Fólico 100.00 mcg | Colina | Bitartrato 50.00 mg | Biotina 50.00 mcg | Inositol 50.00 mg Este producto es distribuido por Inretail Pharma S.A. (Ley 32033) Multivitamínicos Suplementos y Vitaminas Packs de Nutrición y Bienestar Vitamina B-Complejo B B6 y B12 Para Adultos,digemid_name_inference,true
Mifarma,Pack 02 Nat-B Cápsula Blanda,Pack 02 Nat-B Cápsula Blanda,DE0942,88.90,PEN,available,https://www.mifarma.com.pe/producto/pack-02-nat-b-capsula-blanda/PACKNT79,PACKNT79,MEGA,algolia_public_search,2026-06-08T00:46:26.079826+00:00,,Tiamina Mononitrato (Vitamina B1) 50.00 mg | Riboflavina (Vitamina B2) 50.00 mg | Piridoxina Clorhidrato (Vitamina B6) 50.00 mg | Cianocobalamina (Vitamina B12) 50.00 mcg | Nicotinamida 50.00 mg | Pantotenato de Calcio 50.00 mg | Ácido Fólico 100.00 mcg | Colina | Bitartrato 50.00 mg | Biotina 50.00 mcg | Inositol 50.00 mg Este producto es distribuido por Inretail Pharma S.A. (Ley 32033) Multivitamínicos Suplementos y Vitaminas Packs de Nutrición y Bienestar Vitamina B-Complejo B B6 y B12 Para Adultos,digemid_name_inference,true
Mifarma,Pack 02 Ultra Complejo B Sunvit Cápsula Blanda,Pack 02 Ultra Complejo B Sunvit Cápsula Blanda,DE4701,69.80,PEN,available,https://www.mifarma.com.pe/producto/pack-02-ultra-complejo-b-sunvit-capsula-blanda/PACKNT441,PACKNT441,SUNVIT,algolia_public_search,2026-06-08T00:46:26.080056+00:00,,"Cada cápsula blanda contiene: Mononitrato de Tiamina (Vitamina B1) 50 mg Bitartrato de Colina 50 mg, Biotina (Vitamina B7) 50 mcg Inositol 50 mg, Riboflavina (Vitamina B2) 50 mg Pantotenato de Calcio (Vitamina B5) 50 mg Clorhidrato de Piridoxina (Vitamina B6) 50 mg Cianocobalamina 1 % triturado (Vitamina B12) 50 mcg Ácido Fólico (Vitamina B9) 100 mcg, Excipientes c.s.p. Este producto es distribuido por Inretail Pharma S.A. (Ley 32033) Vitaminas Suplementos y Vitaminas Packs de Nutrición y Bienestar Vitamina B-Complejo B B6 y B12 Vitamina B",digemid_name_inference,true
Mifarma,Pack 20 Ensure Clinical Líquido Sabor Vainilla,Pack 20 Ensure Clinical Líquido Sabor Vainilla,DE2360,219.30,PEN,available,https://www.mifarma.com.pe/producto/pack-ensure-clinical-liquido-sabor-vainilla-220-ml/PACKNT523,PACKNT523,ENSURE,algolia_public_search,2026-06-08T00:46:26.081035+00:00,,"Agua,almidón hidrolizado de maiz ,sacarosa, ACEITES VEGETALES (aceite de canola, aceite de maiz ),caseinato de sodio, proteína de leche, aislado de proteína de soya, concentradode proteína de suero, MINERALES (citrato de potasio, citrato de sodio, fosfatotribásico de calcio, carbonato de magnesio, cloruro de potasio, sulfatoferroso, sulfato de zinc, sulfato de manganeso, sulfato cúprico, molibdato desodio, yoduro de potasio, cloruro de cromo, selenato de sodio), fructobligosacáridos (FOS), CaHMB (beta- hidroxi beta- metilbutirato de calcio), sabor natural y artificial a vainilla, lecitina de soya(emulsificante), celulosa (estabilizante), coruro de colina, VITAMINAS (ácido ascórbico, acetato de dl- alfla tocoferilo , niacinamida ,pantotenato de calcio, beta caroteno, clorhidrato de piridoxina, clorhidrato detiamina, riboflavina, palmitato de vitamina A, ácido fólico, filoquinona ,vitamina D3, biotina, cianocobalamina), L- camitina ,carboximetilcelulosa de sodio (estabilizante), goma galan ( establizante ).Contiene derivados de leche y derivados de soya. Este producto es distribuido por Inretail Pharma S.A. (Ley 32033) Nutrición completa y balanceada, con 330 Kcal y 20 g de proteína de alta calidad por toma (220 mL). Apoya el manejo nutricional de adultos con pérdida de masa muscular. Con HMB, componente clave que ayuda a promover la salud muscular. Alimentación y nutrición para el adulto mayor con Ensure Clinical Para el manejo nutricional de adultos con trastornos nutricionales y/o pérdida de masa muscular, fuerza y funcionalidad. Esta especialmente formulada para satisfacer las necesidades nutricionales únicas de los adultos de edad avanzada. Suplementos Nutricionales Suplementos / Complementos Suplementos y Vitaminas Packs de Nutrición y Bienestar Nutrición Adulto Packs Bebibles Ensure y Glucerna Adultos Adulto Geriátricos",digemid_name_inference,true
Mifarma,Exelmyo Polvo para suspensión oral,Exelmyo Polvo para suspensión oral,DE4047,149.70,PEN,available,https://www.mifarma.com.pe/producto/exelmyo-polvo-para-suspension-oral/303224,303224,Laboratorios Entema,algolia_public_search,2026-06-08T00:46:26.086142+00:00,,"Myo-inositol, ácido fólico, yodo (yoduro de potasio), zinc (sulfato de zinc monohidrato), colecalciferol (vitamina D3)). Este producto es distribuido por Inretail Pharma S.A. (Ley 32033) Vitaminas y Suplementos Vitaminas Suplementos y Vitaminas Vitamina B-Complejo B B6 y B12 Biotina Vitamina B",digemid_name_inference,true
Mifarma,ROD-B Cápsula blanda,ROD-B Cápsula blanda,DE3638,59.90,PEN,available,https://www.mifarma.com.pe/producto/rod-b-capsula-blanda/816090,816090,ROD-B,algolia_public_search,2026-06-08T00:46:26.087083+00:00,,Cada Cápsula blanda contiene:Tiamina Mononitrato (Vitamina B1) 50 mgRibo?avina (Vitamina B2) 50 mgPiridoxina Clorhidrato (Vitamina B6) 50 mgCianocobalamina (Vitamina B12) 50 mcgNicotinamida (Vitamina B3) 50 mgD-Pantotenato de Calcio (Vitamina B5) 50 mgÁcido Fólico (Vitamina B9) 100 mcgColina Bitartrato 50 mgBiotina 50 mcgInositol 50 mgExcipientes c.s.p. Este producto es distribuido por Inretail Pharma S.A. (Ley 32033) Suplementos / Complementos Suplementos y Vitaminas Vitamina B-Complejo B B6 y B12 Adulto,digemid_name_inference,true
Mifarma,Regenesis Cápsula Blanda,Regenesis Cápsula Blanda,DE2831,56.00,PEN,available,https://www.mifarma.com.pe/producto/regenesis-capsula-blanda/548118,548118,LABORATORIOS LEON FARMA,algolia_public_search,2026-06-08T00:46:26.087295+00:00,,Vitamina B1 1.45mg | Vitamina B2 1.60mg | Vitamina B318.00mg | Vitamina B5 6.00mg| Vitamina B6 2.00mg| Biotina B8 150.00ug| Vitamina B9 500.00ug| Vitamina B12 2.60mg | Vitamina C 60.00mg |Vitamina E 10.05mg|Selenio 59ug |Magnesio 75.00mg |Zinc 10.00mg|Hierro 27.00mg |Cobre 1.00mg |Manganeso 1.00mg|Iodo 200ug | Ácidos grasos Omega 3: Ácido Eicosapentaenoico (EPA) | Ácido Docosahexaenoico (DHA) 160mg Este producto es distribuido por Inretail Pharma S.A. (Ley 32033) Multivitamínicos Suplementos y Vitaminas Omega 3-Fish Oil Para Adultos,digemid_name_inference,true
Mifarma,Redoxon Total Tableta Efervescente Sabor Naranja,Redoxon Total Tableta Efervescente Sabor Naranja,DE4521,43.92,PEN,available,https://www.mifarma.com.pe/producto/redoxon-total-comprimido-efervescente/547424,547424,REDOXON,algolia_public_search,2026-06-08T00:46:26.087554+00:00,,"Fórmula mejorada con vitamina D. Las vitaminas C, D y el zinc contribuyen al funcionamiento normal del sistema inmune. Este producto es distribuido por Inretail Pharma S.A. (Ley 32033) Redoxon® Total es una fórmula mejorada que combina la vitamina C y el Zinc, con un nuevo ingrediente, la vitamina D. Junto con una alimentación adecuada y hábitos saludables, la vitamina D y el Zinc por favor al funcionamiento normal del sistema inmune; la vitamina C contribuye a la formación del colágeno para el funcionamiento normal de la piel. El Zinc contribuye a la protección de las células frente al daño oxidativo. Suplemento con Vitamina C, D y Zinc. Vitaminas Vitamina C",digemid_name_inference,true
Mifarma,Biosil Performance Cápsula,Biosil Performance Cápsula,DE4792,157.90,PEN,available,https://www.mifarma.com.pe/producto/biosil-performance-capsula/309230,309230,BIOSIL,algolia_public_search,2026-06-08T00:46:26.088250+00:00,,"Ingredientes activos: Colina 100 mg (como ch-OSA®), Silicio 5 mg (como parte de ácido ortosilícico estabilizado con colina (ch-OSA®)) y Vitamina C (ácido ascórbico) 30 mg. Este producto es distribuido por Inretail Pharma S.A. (Ley 32033) Cupón INKA20 Suplementos Nutricionales Suplementos y Vitaminas Busca tu Marca de Colágeno Ideal Colágenos",digemid_name_inference,true
Mifarma,Vitagel Joint Active Polvo Oral,Vitagel Joint Active Polvo Oral,DE4024,142.40,PEN,available,https://www.mifarma.com.pe/producto/vitagel-joint-active-polvo-oral/816538,816538,VITAGEL,algolia_public_search,2026-06-08T00:46:26.088519+00:00,,"Colágeno hidrolizado, Acidificante: Ácido Cítrico, Cúrcuma, Maltodextrina, Mezcla de vitaminas y minerales (Fosfato Tricálcico, Carbonato de Magnesio, Ácido L-Ascórbico (Vitamina C), Óxido de Zinc, Manganeso-II-Gluconato, Selenito de Sodio, Colecalciferol (Vitamina D3), Clorhidrato de Piridoxina(Vitamina B6), Aroma, Metilsulfonilmetano (MSM), Estabilizante: Fosfato de dimagnesio 3-hidrato. Contiene Edulcorante: Sucralosa (0,035 g por cada porción de 14 g) |**Bovino. Precauciones: Puede contener rastros de lactosa. Este producto es distribuido por Inretail Pharma S.A. (Ley 32033) Vitagel JOINT ACTIVE es un suplemento dietético con colágeno hidrolizado sabor limón y miel + Cúrcuma, MSM (Metilsulfonilmetano), vitaminas, minerales y edulcorante artificial. Polvo oral. Suplementos Nutricionales Suplementos y Vitaminas Busca tu Marca de Colágeno Ideal Colágenos",digemid_name_inference,true
Mifarma,Vitagel Skin Beauty Polvo Oral,Vitagel Skin Beauty Polvo Oral,DE3829,142.40,PEN,available,https://www.mifarma.com.pe/producto/vitagel-skin-beauty-polvo-oral/816167,816167,VITAGEL,algolia_public_search,2026-06-08T00:46:26.088797+00:00,,"Colágeno hidrolizado (80.1%**), Ácido cítrico (5.07%), Maltodextrina (3.5%), Aroma (3.07%), mezcla de vitaminas y minerales ( Fosfato tricálcico, Carbonato de Magnesio,Ácido L-Ascórbico (Vitamina C), DL-alfa Tocoferilacetato (Vitamina E), Gluconato de Cobre, Óxido de Zinc, Colecalciferol (Vitamina D),Biotina, Ácido Pteroilmonoglutámico (Ácido Fólico)), Metilsulfonilmetano (MSM(1.193%),Extracto de Zanahoria Morada en polvo(1.07%),Ácido Hialurónico (0,89%),Estabilizante: Fosfato de dimagnesio 3-hidrato, Edulcorante: Sucralosa(0,18%)|**Bovino.Puede contener rastros de lactosa. Este producto es distribuido por Inretail Pharma S.A. (Ley 32033) Vitagel® SKIN BEAUTY es un suplemento dietético con colágenohidrolizado sabor frutos rojos + MSM,ácido hialurónico, vitaminas, minerales y edulcorante arti?cial. Polvo oral. Suplementos Nutricionales Suplementos y Vitaminas Busca tu Marca de Colágeno Ideal Colágenos",digemid_name_inference,true
Mifarma,Luminous Skinage Solución oral,Luminous Skinage Solución oral,DE3830,109.90,PEN,available,https://www.mifarma.com.pe/producto/luminous-skinage-solucion-oral/302162,302162,RIOJA NATURE,algolia_public_search,2026-06-08T00:46:26.089047+00:00,,Colágeno hidrolizado bovino 2500 mg Citrato de magnesio 300 mg (45 mg Mg) N-Acetil L cisteína 120 mg Vitamina C 80 mg Ácido hialurónico al 95% 50 mg Extracto de Vitis vinífera 100mg Vitamina A (Betacaroteno al 10%) 47.9mg Citrato de Zinc 31.65 mg DL-Alfatocoferilo acetato al 50% 24mg Licopeno al 10% 20mg Nicotinamida 16mg Selenometionina 11mg L-glutation 10mg Gluconato de cobre 10mg Riboflavina 7.14mg Este producto es distribuido por Inretail Pharma S.A. (Ley 32033) Multivitamínicos Suplementos y Vitaminas Busca tu Marca de Colágeno Ideal Para Adultos,digemid_name_inference,true
Mifarma,Collaflex Beauty Elixir Solución oral,Collaflex Beauty Elixir Solución oral,DE4067,54.90,PEN,available,https://www.mifarma.com.pe/producto/collaflex-beauty-elixir-solucion-oral/816481,816481,COLLAFLEX,algolia_public_search,2026-06-08T00:46:26.089696+00:00,,"Agua purificada, colágeno hidrolizado, vitamina C, concentrado en polvo de semilla de uva (Vitis vinífera), niacina, hialuronato sódico, vitamina E, gluconato de zinc, ácido pantoténico, vitamina B6, riboflavina, vitamina A, selenito sódico, biotina, vitamina B12, conservadores (sorbato potásico y benzoato sódico), edulcorante (sucralosa), regulador de la acidez (ácido cítrico) y aroma. Este producto es distribuido por Inretail Pharma S.A. (Ley 32033) Suplementos Nutricionales Suplementos y Vitaminas Busca tu Marca de Colágeno Ideal Colágenos",digemid_name_inference,true
Mifarma,Sunvit B Complex 100 Tableta,Sunvit B Complex 100 Tableta,DE2708,51.10,PEN,available,https://www.mifarma.com.pe/producto/sunvit-b-complex-100-tableta/816555,816555,SUNVIT,algolia_public_search,2026-06-08T00:46:27.898697+00:00,,"Tiamina 1.5mg Riboflavina 1.7mg Niacina 20mg Vitamina B6 2mg Ácido Fólico 680 mcg Vitamina B12 6mcg Biotina 3 mcg Ácido Pantoténico 10mg Este producto es distribuido por Inretail Pharma S.A. (Ley 32033) Preguntas frecuentes .faq-grid { display: grid; grid-template-columns: repeat(2, 1fr); gap: 16px; margin: 24px 0; } .faq-card { background: #f8f9fa; border: 1px solid #e9ecef; border-radius: 10px; padding: 20px 24px; } .faq-card h3 { font-size: 16px; font-weight: 600; color: #1a1a1a; margin: 0 0 10px; line-height: 1.4; } .faq-card p { font-size: 14px; color: #555; margin: 0; line-height: 1.7; } @media (max-width: 600px) { .faq-grid { grid-template-columns: 1fr; } } ¿Qué contiene Sunvit B Complex 100? Este producto contiene vitaminas del complejo B en presentación de tabletas para administración oral. Las vitaminas del complejo B forman parte de distintos suplementos nutricionales. ¿En qué presentación viene Sunvit B Complex 100? La presentación corresponde a tabletas de consumo oral. Este formato es utilizado en suplementos vitamínicos con vitaminas del complejo B. ¿Cómo se consumen las tabletas de complejo B? Las tabletas se administran por vía oral acompañadas de agua. La forma de consumo debe seguir las indicaciones señaladas en el etiquetado. ¿Qué es el complejo B? El complejo B agrupa distintas vitaminas hidrosolubles utilizadas en suplementos nutricionales. Puede encontrarse en tabletas, cápsulas y otras presentaciones orales. Vitaminas Suplementos y Vitaminas Vitamina B-Complejo B B6 y B12 Vitamina B",digemid_name_inference,true
Mifarma,Sunvit B Complex 50 en Cápsulas,Sunvit B Complex 50 en Cápsulas,DE2992,50.00,PEN,available,https://www.mifarma.com.pe/producto/sunvit-b-complex-50-tableta/816554,816554,SUNVIT,algolia_public_search,2026-06-08T00:46:27.898920+00:00,,Tiamina (Vitamina B1) 50mg Riboflavina (Vitamina B2) 50mg Niacina (Vitamina B3) 50mg Vitamina B 6 50mg Ácido Fólico 680 mcg Vitamina B12 50 mcg Ácido Pantoténico 50mg Biotina 50mg Inositol 50mg Bitartrato de colina 50mg PABA 50mg Este producto es distribuido por Inretail Pharma S.A. (Ley 32033) Vitaminas Suplementos y Vitaminas Vitamina B-Complejo B B6 y B12 Vitamina B,digemid_name_inference,true
Mifarma,Sunvit Vit C 1000mg Tableta,Sunvit Vit C 1000mg Tableta,DE2664,36.90,PEN,available,https://www.mifarma.com.pe/producto/sunvit-vit-c-1000mg-tableta/816533,816533,SUNVIT,algolia_public_search,2026-06-08T00:46:27.900124+00:00,,Vitamina C (Ácido ascórbico) 1000mg Este producto es distribuido por Inretail Pharma S.A. (Ley 32033) Cupón INKA20 Vitaminas Vitamina C,digemid_name_inference,true
Mifarma,Magnesio Vivactiv Energy Tableta Efervescente Sabor Naranja,Magnesio Vivactiv Energy Tableta Efervescente Sabor Naranja,DE4606,15.90,PEN,available,https://www.mifarma.com.pe/producto/vivactiv-energy-efervescente-naranja-20un/548428,548428,VIVACTIV,algolia_public_search,2026-06-08T00:46:27.900298+00:00,,"Vitamina E 10mg. VitamninaB7 (Biotina) 150 ug y Vitamina B9 (Ácido Fólico) 240 ug. Este producto es distribuido por Inretail Pharma S.A. (Ley 32033) Vivactiv + magnesio energy suplemento nutricional efervescente , sin gluten, sin lactosa,sin azúcar y sin preservantes. Minerales Multivitamínicos Suplementos y Vitaminas Lo más Buscado en Citrato y Glicinato de Magnesio Magnesio Para Adultos",digemid_name_inference,true
Mifarma,Junior C Plus Sabor Naranja/Mandarina Tableta Masticable,Junior C Plus Sabor Naranja/Mandarina Tableta Masticable,DE4966,269.00,PEN,available,https://www.mifarma.com.pe/producto/orthomol-junior-c-plus-sabor-naranja-mandarina-tableta/309053,309053,ORTHOMOL,algolia_public_search,2026-06-08T00:46:28.081167+00:00,,"Composición por sobre: Calcio 443,000 mg (37,7%), Magnesio 249,000 mg (66,7%), Vitamina C 55,597 mg (100,0%), Vitamina E 51,000 mg (83,3%), Niacina 43,000 mg (100,0%), Hierro 40,000 mg (66,7%), Ácido pantoténico 1,920 mg (43,0%), Zinc 1,650 mg (50,0%), Citrus bioflavonoides 0,850 mg, Licopeno 0,850 mg, Vitamina A 0,850 mg (66,7%), Vitamina D 0,587 mg (12,7%), Luteína 40 mg, Vitamina B6 20 mg (43,0%), Riboflavina (Vitamina B2) 66,67 mg (50,0%), Manganeso 12 mg (66,7%), Tiamina (Vitamina B1) 5 mg (36,3%), Vitamina K 2 mg (22,3%), Cobre 4 mg (16,7%), Vitamina B12 1 mg (66,7%), Cromo 1 mg (8,3%), Ácido fólico 0,0667 mg (33,3%), Selenio 0,1 mg (6,0%), Biotina 0,0033 mg (66,7%), Yodo 0,2667 mg (11,0%), Molibdeno 0,6 mg (13,3%). Excipientes y otros ingredientes: Sorbitol, Xilitol, Maltodextrina, Dióxido de silicio, Sales cálcicas de ácido ortofosfórico, Ácido cítrico, Sucralosa, Saborizante de naranja, Saborizante de mandarina, Saborizante de mango, Saborizante de naranja sanguina, Acesulfamo K. Este producto es distribuido por Inretail Pharma S.A. (Ley 32033) Orthomol Junior C Plus es un suplemento vitamínico alemán completo para niños. Contiene más de 25 vitaminas y minerales, en las dosis ideales y necesarias para estimular las defensas. Un sobre te proporciona, de manera fácil, completa y confiable, todos los micronutrientes que el cuerpo necesita para fortalecer el sistema inmunológico de nuestros hijos.Tener un sistema inmune óptimo ayuda a prevenir todo tipo de enfermedades y virus. Orthomol cuenta con más de 30 años de experiencia e investigación médica en medicina ortomolecular, siendo líder en Alemania. Multivitamínicos Vitaminas Para Niños Vitamina D",digemid_name_inference,true
Mifarma,Maddre DHA Cápsula Blanda,Maddre DHA Cápsula Blanda,DE2482,65.00,PEN,available,https://www.mifarma.com.pe/producto/maddre-dha-capsula-blanda/529036,529036,Maddre,algolia_public_search,2026-06-08T00:46:28.086204+00:00,,Vitamina C 80mg | Vitamina D3 400UI | Vitamina E 10UI | Vitamina K 35mcg | Vitamina B1 1.4mg | Vitamina B2 1.4mg | Niacinamida 18mg | Vitamina B5 6mg | Vitamina B6 1.90mg | Vitamina B12 1.60mcg | Aceite de soja 487.37mg | Aceite de pescado (DHA y EPA) 300mg | Ácido Fólico 1mg | Cobre 500mcg | Yodo 150mcg | Hierro 45mg | Magnesio 25mg | Selenio 15mcg | Zinc 15mg | Calcio 40mg | Betacaroteno 1.5mg | Cera 18.12mg | Lecitina 13.60mg Este producto es distribuido por Inretail Pharma S.A. (Ley 32033) Cupón INKA20 Vitaminas y Suplementos Multivitamínicos Prenatal Multivitamínico Prenatal,digemid_name_inference,true
Mifarma,Farma D 2000UI Cápsula blanda,Farma D 2000UI Cápsula blanda,DE4254,100.40,PEN,available,https://www.mifarma.com.pe/producto/farma-d-2000-ui-capsula-blanda/247347,247347,Farma D,algolia_public_search,2026-06-08T00:46:28.086321+00:00,,Vitamina D3 2000UI Este producto es distribuido por Inretail Pharma S.A. (Ley 32033) Vitaminas Vitamina D,digemid_name_inference,true
Mifarma,Gestavit DHA Cápsula Blanda,Gestavit DHA Cápsula Blanda,DE1761,70.02,PEN,available,https://www.mifarma.com.pe/producto/gestavit-dha-capsula-blanda/579658,579658,Gestavit,algolia_public_search,2026-06-08T00:46:28.086598+00:00,,"Vitamina A 1.700.000U.I.|Vitamina D3 400U.I.|Vitamina E 10U.I.| Ácido Ascórbico 70mg|Vitamina B1 3mg|Vitamina B2 3.4mg|Nicotiamida 17mg|Vitamina B6 4mg|Ácido Fólico 600mcg|Vitamina B12 2.2mcg|Fumarato Ferroso (equivalente a Hierro) 30mg|Carbonato de calcio (equivalente a Calcio) 125mg|Óxido de Zinc (equivalente a Zinc) 15mg|Ácido Docosahexaenoico ( equivalente a DHA) 150mg. Este producto es distribuido por Inretail Pharma S.A. (Ley 32033) Indicado en la prevención y tratamiento de las deficiencias de hierro y ácido fólico, durante el embarazo, el período de lactancia y otros estados de anemia y como suplemento hematínico durante la infancia. Cupón INKA20 Vitaminas y Suplementos Vitaminas para Adultos Multivitamínicos Prenatal Multivitamínico Prenatal Para Adultos",digemid_name_inference,true
Mifarma,Pack Sunvit B Complex 100 Tableta,Pack Sunvit B Complex 100 Tableta,DE2708,98.40,PEN,available,https://www.mifarma.com.pe/producto/pack-sunvit-b-complex-100-tableta/PACKNT212,PACKNT212,SUNVIT,algolia_public_search,2026-06-08T00:46:28.088695+00:00,,Tiamina 1.5mg Riboflavina 1.7mg Niacina 20mg Vitamina B6 2mg Ácido Fólico 680 mcg Vitamina B12 6mcg Biotina 3 mcg Ácido Pantoténico 10mg Este producto es distribuido por Inretail Pharma S.A. (Ley 32033) Vitaminas Suplementos y Vitaminas Packs de Nutrición y Bienestar Vitamina B-Complejo B B6 y B12 Vitamina B,digemid_name_inference,true
Mifarma,Pack Sunvit B Complex 50 Cápsulas,Pack Sunvit B Complex 50 Cápsulas,DE2992,96.20,PEN,available,https://www.mifarma.com.pe/producto/pack-sunvit-b-complex-50-capsulas/PACKNT211,PACKNT211,SUNVIT,algolia_public_search,2026-06-08T00:46:28.089218+00:00,,Tiamina (Vitamina B1) 50mg Riboflavina (Vitamina B2) 50mg Niacina (Vitamina B3) 50mg Vitamina B 6 50mg Ácido Fólico 680 mcg Vitamina B12 50 mcg Ácido Pantoténico 50mg Biotina 50mg Inositol 50mg Bitartrato de colina 50mg PABA 50mg Este producto es distribuido por Inretail Pharma S.A. (Ley 32033) Vitaminas Suplementos y Vitaminas Packs de Nutrición y Bienestar Vitamina B-Complejo B B6 y B12 Vitamina B,digemid_name_inference,true
Mifarma,Sunvit Vit C 1000mg Tableta,Sunvit Vit C 1000mg Tableta,DE2664,81.50,PEN,available,https://www.mifarma.com.pe/producto/sunvit-vit-c-1000mg-tableta/816285,816285,SUNVIT,algolia_public_search,2026-06-08T00:46:28.090116+00:00,,Vitamina C (Acido ascórbico 1000mg Este producto es distribuido por Inretail Pharma S.A. (Ley 32033) Vitaminas Vitamina C,digemid_name_inference,true
Mifarma,Pack Sunvit Vit C 1000mg Tableta,Pack Sunvit Vit C 1000mg Tableta,DE2664,70.90,PEN,available,https://www.mifarma.com.pe/producto/pack-sunvit-vit-c-1000mg-tableta/PACKNT217,PACKNT217,SUNVIT,algolia_public_search,2026-06-08T00:46:28.090239+00:00,,Vitamina C (Ácido ascórbico) 1000mg Este producto es distribuido por Inretail Pharma S.A. (Ley 32033) Vitaminas Packs de Nutrición y Bienestar Vitamina C,digemid_name_inference,true
Mifarma,Sunvit Calcium Citrate Tableta,Sunvit Calcium Citrate Tableta,DE2792,47.90,PEN,available,https://www.mifarma.com.pe/producto/sunvit-calcium-citrate-tableta/816528,816528,SUNVIT,algolia_public_search,2026-06-08T00:46:28.091622+00:00,,Cada tableta contiene: Vitamina D (como colecalciferol).....10 mcg Citrato de Calcio (equiv. a calcio 315 mg).....1750 mg Este producto es distribuido por Inretail Pharma S.A. (Ley 32033) Vitaminas Vitamina D,digemid_name_inference,true
Mifarma,Pack Sustagen Pro Sabor Vainilla 400Gr y Sustagen Pro Sabor Vainilla 900Gr,Pack Sustagen Pro Sabor Vainilla 400Gr y Sustagen Pro Sabor Vainilla 900Gr,DE3502,155.50,PEN,available,https://www.mifarma.com.pe/producto/pack-sustagen-pro-vainilla-4gr-sustagen-pro-vainilla/PACKNT503,PACKNT503,SUSTAGEN,algolia_public_search,2026-06-08T00:46:28.101022+00:00,,"Nuevo Sustagen Pro Sabor Vainilla: Leche descremada, aceite de coco, sacarosa, maltodextrina,lactosa, fructo-oligosacáridos, galacto-oligosacáridos, sabor natural yartificial a vainilla, citrato de sodio (regulador de acidez, SIN 331i),carbonato de calcio, ácido docosahexaenoico (DHA), citrato de potasio(regulador de acidez, SIN 332), concentrado de proteína de suero, bitartrato de colina, lecitina de soya (emulsionante, SIN 322i), carragenina (espesante, SIN 407), sólidos de jarabe de maíz, sulfato ferroso, óxido de magnesio, acetato de dl-alfa tocoferol, sulfato de zinc, ácido ascórbico, palmitato de ascorbilo (antioxidante, SIN 304), niacinamida, sulfato de manganeso, palmitato de vitamina A, gluconato de cobre, vitamina D3, vitamina K1, clorhidrato de tiamina, clorhidrato de piridoxina, ácido fólico, cloruro de cromo, pantotenato de calcio, selenito de sodio, molibdato de sodio. CONTIENE: LECHE, LACTOSA, PESCADO Y SOYA. Nuevo Sustagen Pro Sabor Vainilla: Leche descremada, aceite de coco, sacarosa, maltodextrina,lactosa, fructo-oligosacáridos, galacto-oligosacáridos, sabor natural yartificial a vainilla, citrato de sodio (regulador de acidez, SIN 331i),carbonato de calcio, ácido docosahexaenoico (DHA), citrato de potasio(regulador de acidez, SIN 332), concentrado de proteína de suero, bitartrato de colina, lecitina de soya (emulsionante, SIN 322i), carragenina (espesante, SIN 407), sólidos de jarabe de maíz, sulfato ferroso, óxido de magnesio, acetato de dl-alfa tocoferol, sulfato de zinc, ácido ascórbico, palmitato de ascorbilo (antioxidante, SIN 304), niacinamida, sulfato de manganeso, palmitato de vitamina A, gluconato de cobre, vitamina D3, vitamina K1, clorhidrato de tiamina, clorhidrato de piridoxina, ácido fólico, cloruro de cromo, pantotenato de calcio, selenito de sodio, molibdato de sodio. CONTIENE: LECHE, LACTOSA, PESCADO Y SOYA. Este producto es distribuido por Inretail Pharma S.A. (Ley 32033) Vitaminas y Suplementos Suplementos Nutricionales Packs de Nutrición y Bienestar Multivitamínico para Bebés Pediátricos",digemid_name_inference,true
Mifarma,Triptofano Plus con Ashwagndha + Rhodiola + Ragnesio Comprimido,Triptofano Plus con Ashwagndha + Rhodiola + Ragnesio Comprimido,DE4966,129.90,PEN,available,https://www.mifarma.com.pe/producto/triptofano-plus-con-ashwagndha-rhodiola/319996,319996,ANA MARIA LA JUSTICIA,algolia_public_search,2026-06-08T00:46:28.104414+00:00,,"Extracto de raíz de Ashwagandha, L-Triptófano, Magnesio, Extracto de raíz de Rhodiola, Vitamina B6 y excipientes. Este producto es distribuido por Inretail Pharma S.A. (Ley 32033) Alimentos Naturales Suplementos y Vitaminas Otros Alimentos Naturales Ayuda a Relajarte y Dormir Mejor",digemid_name_inference,true
Mifarma,Reversal Sabor Frutos Rojos Polvo Oral,Reversal Sabor Frutos Rojos Polvo Oral,DE3443,166.40,PEN,available,https://www.mifarma.com.pe/producto/reversal-frutos-rojos-polvo/318291,318291,REVERSAL,algolia_public_search,2026-06-08T00:46:28.105484+00:00,,"Cada sobre monodosis contiene: CaHMB Hidroximetilbutirato de Calcio 3g, (eq. a 2.4 g de hidroximetilbutirato), Vitamina D3 2000 UI (Colecalciferol), Magnesio base 400 mg (en forma de Carbonato de Magnesio 1660 mg) y excipientes c.s. Este producto es distribuido por Inretail Pharma S.A. (Ley 32033) Reversal Sabor Frutos Rojos, Polvo Oral, es un Suplemento Dietético que contiene Hidroximetilbutirato (HMB), es el metabolito activo del aminoácido Leucina que actúa positivamente sobre la fuerza muscular disminuyendo la degradación proteica y estimulando la síntesis de proteínas. Junto con la Vitamina D3 y el Magnesio ayudan a incrementar la Fuerza, Movilidad y Recuperación muscular. Ayuda a: Incrementa la fuerza muscular. Evitar la pérdida de masa y fuerza muscular asociada a la edad, reposo o sedentarismo -Sarcopenia- Favorecer la síntesis de proteínas en el músculo. Favorecer la movilidad. Acelerar los procesos de recuperación muscular. Su amplio perfil de seguridad permite el tratamiento prolongado. Vitaminas Suplementos / Complementos Nutrición Adulto Adulto Vitamina D",digemid_name_inference,true
Mifarma,Kolgel Cápsulas Duras,Kolgel Cápsulas Duras,DE4190,158.50,PEN,available,https://www.mifarma.com.pe/producto/kolgel-capsulas-duras-30un/304692,304692,KOLGEL,algolia_public_search,2026-06-08T00:46:28.107388+00:00,,Cúrcuma en polvo (Extracto de raíz de Cúrcuma longa); Cápsula dura (Hidroxipropilmetilcelulosa); Vitamina C; Incrementadores del volumen (Celulosa microcristalina); UC-II Cartílago estandarizado de pollo (Colágeno sin desnaturalizar tipo II); Borato sódico; Antiaglutinante (Estearato de magnesio); Vitamina D seca 100.000 UI/g; Pimienta negra en polvo ( Extracto de fruto de Piper nigrum L); Antiaglutinante (Dióxido de silicio coloidal). Este producto es distribuido por Inretail Pharma S.A. (Ley 32033) Suplementos Nutricionales Suplementos y Vitaminas Busca tu Marca de Colágeno Ideal Colágenos,digemid_name_inference,true
Mifarma,Nuevo Sustagen Pro Sabor Vainilla,Nuevo Sustagen Pro Sabor Vainilla,DE3502,106.00,PEN,available,https://www.mifarma.com.pe/producto/nuevo-sustagen-pro-sabor-vainilla/303896,303896,SUSTAGEN,algolia_public_search,2026-06-08T00:46:28.108318+00:00,,"Leche descremada, aceite de coco, sacarosa, maltodextrina,lactosa, fructo-oligosacáridos, galacto-oligosacáridos, sabor natural yartificial a vainilla, citrato de sodio (regulador de acidez, SIN 331i),carbonato de calcio, ácido docosahexaenoico (DHA), citrato de potasio(regulador de acidez, SIN 332), concentrado de proteína de suero, bitartrato de colina, lecitina de soya (emulsionante, SIN 322i), carragenina (espesante, SIN 407), sólidos de jarabe de maíz, sulfato ferroso, óxido de magnesio, acetato de dl-alfa tocoferol, sulfato de zinc, ácido ascórbico, palmitato de ascorbilo (antioxidante, SIN 304), niacinamida, sulfato de manganeso, palmitato de vitamina A, gluconato de cobre, vitamina D3, vitamina K1, clorhidrato de tiamina, clorhidrato de piridoxina, ácido fólico, cloruro de cromo, pantotenato de calcio, selenito de sodio, molibdato de sodio. CONTIENE: LECHE, LACTOSA, PESCADO Y SOYA. Este producto es distribuido por Inretail Pharma S.A. (Ley 32033) Vitaminas y Suplementos Suplementos Nutricionales Multivitamínico para Bebés Pediátricos",digemid_name_inference,true
Mifarma,Nuevo Sustagen Pro Sabor Vainilla,Nuevo Sustagen Pro Sabor Vainilla,DE3502,49.50,PEN,available,https://www.mifarma.com.pe/producto/nuevo-sustagen-pro-sabor-vainilla/303895,303895,SUSTAGEN,algolia_public_search,2026-06-08T00:46:28.108638+00:00,,"Leche descremada, aceite de coco, sacarosa, maltodextrina,lactosa, fructo-oligosacáridos, galacto-oligosacáridos, sabor natural yartificial a vainilla, citrato de sodio (regulador de acidez, SIN 331i),carbonato de calcio, ácido docosahexaenoico (DHA), citrato de potasio(regulador de acidez, SIN 332), concentrado de proteína de suero, bitartrato de colina, lecitina de soya (emulsionante, SIN 322i), carragenina (espesante, SIN 407), sólidos de jarabe de maíz, sulfato ferroso, óxido de magnesio, acetato de dl-alfa tocoferol, sulfato de zinc, ácido ascórbico, palmitato de ascorbilo (antioxidante, SIN 304), niacinamida, sulfato de manganeso, palmitato de vitamina A, gluconato de cobre, vitamina D3, vitamina K1, clorhidrato de tiamina, clorhidrato de piridoxina, ácido fólico, cloruro de cromo, pantotenato de calcio, selenito de sodio, molibdato de sodio. CONTIENE: LECHE, LACTOSA, PESCADO Y SOYA. Este producto es distribuido por Inretail Pharma S.A. (Ley 32033) Vitaminas y Suplementos Suplementos Nutricionales Multivitamínico para Bebés Pediátricos",digemid_name_inference,true
Mifarma,Berocca Performance Comprimido Efervescente,Berocca Performance Comprimido Efervescente,DE3684,30.50,PEN,available,https://www.mifarma.com.pe/producto/berocca-performance-comprimido-efervescente/302300,302300,BAYER,algolia_public_search,2026-06-08T00:46:28.108778+00:00,,"12 vitaminas y minerales esenciales B1, B2, B6, B12, C, Biotina, Niacinamida. Este producto es distribuido por Inretail Pharma S.A. (Ley 32033) Minerales Vitaminas y Suplementos Vitaminas Hierro Vitamina C",digemid_name_inference,true
Mifarma,Cadelius 600mg-1000UI Comprimido bucodispersables,Cadelius 600mg-1000UI Comprimido bucodispersables,DE2250,104.80,PEN,available,https://www.mifarma.com.pe/producto/cadelius-600mg-1000ui-comprimido/558947,558947,ITF FARMACEUTICA PERÚ,algolia_public_search,2026-06-08T00:46:28.110060+00:00,,Calcio 600mg |Vitamina D3 1000UI Este producto es distribuido por Inretail Pharma S.A. (Ley 32033) Minerales Vitaminas Calcio Vitamina D,digemid_name_inference,true
Mifarma,Afitmin Jarabe Suplemento nutricional,Afitmin Jarabe Suplemento nutricional,DE3525,55.00,PEN,available,https://www.mifarma.com.pe/producto/afitmin-jarabe-suplemento-nutricional/302860,302860,CORAL LABORATORIES,algolia_public_search,2026-06-08T00:46:28.230057+00:00,,"L-leucina,L-isoleucina,L-lisina,L-fenilalanina,L-Treonina,L-Metionina,L-Triptofano,L-Valina,Tiamina HCL,Riboflavina,Piridoxina HCL,Nicotinamida,D Pantotenato de calcio, Cianocobalamina,Ácido folico,Ácido ascórbico,Retinol Sintético,Colecalciferol,Acetato de DL-alfa tocoferilo (Vitamina E). Este producto es distribuido por Inretail Pharma S.A. (Ley 32033) Multivitamínicos Para Adultos",digemid_name_inference,true
Mifarma,Citrato de Magnesio Mujer Aguaje Efervescente,Citrato de Magnesio Mujer Aguaje Efervescente,DE4606,28.50,PEN,available,https://www.mifarma.com.pe/producto/citrato-de-magnesio-mujer-aguaje-efervescente/307158,307158,MUJER AGUAJE,algolia_public_search,2026-06-08T00:46:28.454505+00:00,,"Naranja en polvo, mezcla de minerales (citrato de magnesio, citrato de zinc), reguladores de acidez (bicarbonato de sodio SIN 500ii, ácido cítrico SIN 330), edulcorante stevia SIN 960a, saborizantes naranja. Este producto es distribuido por Inretail Pharma S.A. (Ley 32033) Problemas Generales Suplementos y Vitaminas Relajantes Musculares Lo más Buscado en Citrato y Glicinato de Magnesio",digemid_name_inference,true
Mifarma,Megathon Cápsula Blanda,Megathon Cápsula Blanda,DE2535,18.90,PEN,available,https://www.mifarma.com.pe/producto/megathon-capsula-blanda/282655,282655,BONAPHARM,algolia_public_search,2026-06-08T00:46:28.454818+00:00,,Vitamina A (Retinol) 0.600mg | Vitamina E (Acetato de dl-alfa tocoferol) 9mg | Vitamina D3 (Colecalciferol) 0.010mg | Vitamina C (Ácido ascórbico) 40mg | Vitamina B1 (Mononitrato de tiamina) 1.4mg | Vitamina B2 (Riboflavina) 1.6mg | Vitamina B3 (Nicotinamida) 18mg | Vitamina B9 (Ácido fólico) 0.100mg | Vitamina B12 (Cianocobalamina 1 % triturado) 0.001mg | Vitamina B7 (Biotina) 0.030mg | Ácido pantoténico (como Pantotenato de calcio) 5mg | L-carnitina 30mg | Vitamina B6 (Clorhidrato de piridoxina) 2mg | Extracto de Ginseng Siberiano 20mg | dl-metionina 20mg | Hierro (como fumarato ferroso) 17mg | Magnesio (como oxido de magnesio) 68mg | Zinc (como sulfato de zinc monohidrato) 12mg | Yodo (como yoduro de potasio) 150mcg | Cobre (como sulfato cúprico pentahidrato) 2mg | Manganeso (como sulfato de manganeso monohidrato) 3.5mg | Citrobioflavonoides 10mg Este producto es distribuido por Inretail Pharma S.A. (Ley 32033) Multivitamínicos Suplementos / Complementos Adulto Para Adultos,digemid_name_inference,true
Mifarma,Complejo B Cápsula,Complejo B Cápsula,DE4355,40.20,PEN,available,https://www.mifarma.com.pe/producto/complejo-b-capsula/140078,140078,PORTUGAL,algolia_public_search,2026-06-08T00:46:28.454997+00:00,,Cada cápsula contiene: Tia mina mononitrato 2.000mg Riboflavina 2.000mg Nicotinamida 10.00mg Piridoxina clorhidrato 0.125mg Pantotenato de calcio 2.000mg Excipientes c.s. Este producto es distribuido por Inretail Pharma S.A. (Ley 32033) Vitaminas Suplementos y Vitaminas Vitamina B-Complejo B B6 y B12 Vitamina B,digemid_name_inference,true
Mifarma,Fersitol 2000mg-200µg Polvo para Solución Oral,Fersitol 2000mg-200µg Polvo para Solución Oral,DE2214,87.90,PEN,available,https://www.mifarma.com.pe/producto/fersitol-complemento-dietetico-sobres/558945,558945,Fersitol,algolia_public_search,2026-06-08T00:46:28.456214+00:00,,Mio-Inositol 2000 mg | Ácido Fólico 200 ?g Este producto es distribuido por Inretail Pharma S.A. (Ley 32033) Vitaminas Suplementos y Vitaminas Vitamina B-Complejo B B6 y B12 Vitamina B,digemid_name_inference,true
Mifarma,Sunvit Fish Oil 1000 mg Cápsula Blanda,Sunvit Fish Oil 1000 mg Cápsula Blanda,DE4075,55.90,PEN,available,https://www.mifarma.com.pe/producto/sunvit-fish-oil-1000-mg-capsula-blanda/816535,816535,SUNVIT,algolia_public_search,2026-06-08T00:46:28.458065+00:00,,Fish Oil 1000mg contiene : Omega 3 300mg EPA 180mg DHA 120mg Este producto es distribuido por Inretail Pharma S.A. (Ley 32033) Cupón INKA20 Vitaminas para Adultos Suplementos y Vitaminas Omega 3-Fish Oil,digemid_name_inference,true
Mifarma,Colágeno Aguaje & Biotina Mujer Aguaje en Polvo,Colágeno Aguaje & Biotina Mujer Aguaje en Polvo,DE3564,49.90,PEN,available,https://www.mifarma.com.pe/producto/colageno-aguaje-biotina-mujer-aguaje-en-polvo/306898,306898,OLEMART,algolia_public_search,2026-06-08T00:46:28.458421+00:00,,"Colágeno hidrolizado, fruto de aguaje micropulverizado y biotina no contiene preservantes, colorantes ni saborizantes artificiales. Este producto es distribuido por Inretail Pharma S.A. (Ley 32033) Suplementos Nutricionales Suplementos y Vitaminas Busca tu Marca de Colágeno Ideal Colágenos",digemid_name_inference,true
Mifarma,Mujer Aguaje Citrato de Magnesio,Mujer Aguaje Citrato de Magnesio,DE4606,38.50,PEN,available,https://www.mifarma.com.pe/producto/mujer-aguaje-citrato-de-magnesio/304099,304099,MUJER AGUAJE,algolia_public_search,2026-06-08T00:46:28.459355+00:00,,"Citrato de magnesio,valeriana micropulverizada, fruto de cereza pulverizado,toronjil en polvo. No contiene preservantes, colorantes ni saborizantes artificiales. Este producto es distribuido por Inretail Pharma S.A. (Ley 32033) Problemas Generales Cupón INKA20 Suplementos y Vitaminas Relajantes Musculares Lo más Buscado en Citrato y Glicinato de Magnesio",digemid_name_inference,true
Mifarma,Vivactiv magnesio + Zinc Polvo para solución oral,Vivactiv magnesio + Zinc Polvo para solución oral,DE4606,17.90,PEN,unavailable,https://www.mifarma.com.pe/producto/vivactiv-magnesio-zinc-polvo/553951,553951,VIVACTIV,algolia_public_search,2026-06-08T00:46:28.459851+00:00,,Cloruro de Magnesio Hexahidratado 1.86g|Carbonato de Magnesio 0.12g|Óxido de Zinc 0.015g Este producto es distribuido por Inretail Pharma S.A. (Ley 32033) El magnesio y zinc brinda multiples beneficios para el organismo. Minerales Suplementos y Vitaminas Lo más Buscado en Citrato y Glicinato de Magnesio Magnesio Zinc,digemid_name_inference,true
Mifarma,Magnesio + Zinc Vivactiv Tableta Efervescente Sabor Naranja,Magnesio + Zinc Vivactiv Tableta Efervescente Sabor Naranja,DE4606,11.50,PEN,available,https://www.mifarma.com.pe/producto/vivactiv-magnesio-zinc-tableta-efervescente/525915,525915,VIVACTIV,algolia_public_search,2026-06-08T00:46:28.460442+00:00,,"Magnesio 300mg, Zinc 10mg. Este producto es distribuido por Inretail Pharma S.A. (Ley 32033) Vivactiv magnesio + zinc suplemento nutricional efervescente sabor naranja, libre de azúcar y preservantes. Hecho en Alemania. Minerales Cupón INKA20 Suplementos y Vitaminas Lo más Buscado en Citrato y Glicinato de Magnesio Magnesio Zinc",digemid_name_inference,true
Mifarma,Creatine Monohydrate 250g Polvo Oral,Creatine Monohydrate 250g Polvo Oral,DE4546,48.90,PEN,available,https://www.mifarma.com.pe/producto/creatine-monohydrate-250g-polvo-oral/311529,311529,APPLIED NUTRITION,algolia_public_search,2026-06-08T00:46:28.460610+00:00,,Una Cucharada (5g) contiene: Creatina Monohidratada 5g. Este producto es distribuido por Inretail Pharma S.A. (Ley 32033) Promociones en Suplementos y Vitaminas Suplementos Nutricionales Nutrición Deportiva Fitness y Deportivos Creatina más Fuerza en Cada Entrenamiento Deportivos Suplementos Deportivos,digemid_name_inference,true
Mifarma,Creatine Monohydrate 500g Polvo Oral,Creatine Monohydrate 500g Polvo Oral,DE4546,83.90,PEN,available,https://www.mifarma.com.pe/producto/creatine-monohydrate-500g-polvo-oral/311530,311530,APPLIED NUTRITION,algolia_public_search,2026-06-08T00:46:28.460760+00:00,,Una Cucharada (5g) contiene: Creatina Monohidratada 5g. Este producto es distribuido por Inretail Pharma S.A. (Ley 32033) Promociones en Suplementos y Vitaminas Suplementos Nutricionales Nutrición Deportiva Fitness y Deportivos Creatina más Fuerza en Cada Entrenamiento Deportivos Suplementos Deportivos,digemid_name_inference,true
Mifarma,Ferrovit Cápsula Blanda,Ferrovit Cápsula Blanda,DE0941,51.90,PEN,available,https://www.mifarma.com.pe/producto/ferrovit-capsula-blanda/553835,553835,MEGA,algolia_public_search,2026-06-08T00:46:28.463999+00:00,,Fumarato Ferroso 162mg| Cianocobalamina(Vit.B12) 7.5mcg| Ácido fólico 0.75mg Este producto es distribuido por Inretail Pharma S.A. (Ley 32033) Minerales Vitaminas y Suplementos Hierro,digemid_name_inference,true
Mifarma,Regenesis Up,Regenesis Up,DE2831,90.00,PEN,available,https://www.mifarma.com.pe/producto/regenesis-up-capsula-blanda/305171,305171,LABORATORIOS LEON FARMA,algolia_public_search,2026-06-08T00:46:28.638949+00:00,,Cada cápsula contiene: INGREDIENTES EPA DHA Colecalciferol (Vit. D3) Acetato de DL-alfa tocoferilo (Vit. E) Betacaroteno en aceite de girasol Ácido L-ascórbico (Vit. C) Tiamina (Vit. B1) Riboflavina (Vit. B2) Nicotinamida (Vit.B3) Piridoxina (Vit. B6) Cianocobalamina (Vit. B12) L-Metilfolato (ácido fólico) D-Pantotenato cálcico (Vit. B5) D-Biotina Yoduro de potasio Óxido de magnesio Selenito de sodio Sulfato de manganeso monohidrato Sulfato de Zinc Monohidrato L-Triptofano. Este producto es distribuido por Inretail Pharma S.A. (Ley 32033) Nutrición Deportiva Suplementos y Vitaminas Fitness y Deportivos Suplementos Dietéticos Omega 3-Fish Oil,digemid_name_inference,true
Mifarma,Vitybell Cápsula Blanda,Vitybell Cápsula Blanda,DE2583,151.92,PEN,available,https://www.mifarma.com.pe/producto/vitybell-capsulas-blandas/538036,538036,Unimed,algolia_public_search,2026-06-08T00:46:28.641889+00:00,,"SELENIO , COBRE , ZINC , ACIDO PANTOTENICO , RIBOFLAVINA , PIRIDOXINA , NICOTINAMIDA , BIOTINA , CITIDINA 5 , MONOFOSFATO DISODI , URIDINA 5 , FOSFATIDILCOLINA , ETOFENAMATO , TRIFOSFATO TRISODIC , GLICOPIRRONIO , ADRENALINA Este producto es distribuido por Inretail Pharma S.A. (Ley 32033) Multivitamínicos Suplementos / Complementos Adulto Para Adultos",digemid_name_inference,true
Mifarma,Flavia Plus Cápsula Blanda,Flavia Plus Cápsula Blanda,DE2538,120.00,PEN,available,https://www.mifarma.com.pe/producto/flavia-plus-capsula-blanda/529672,529672,ITF FARMACEUTICA PERÚ,algolia_public_search,2026-06-08T00:46:28.642193+00:00,,"Este producto es distribuido por Inretail Pharma S.A. (Ley 32033) Flavia Plus es un complemento dietético que asocia extracto de soja, calcio, vitamina D, vitamina K, así como un complejo de tres vitaminas del grupo B y ácido alfa-linolénico. Suplementos Nutricionales Cuidado de la Mujer Antimenospausico Naturales",digemid_name_inference,true
Mifarma,Ensure Clinical Líquido Sabor Vainilla,Ensure Clinical Líquido Sabor Vainilla,DE2360,12.90,PEN,available,https://www.mifarma.com.pe/producto/ensure-clinical-liquido-sabor-vainilla/271494,271494,ENSURE,algolia_public_search,2026-06-08T00:46:28.642859+00:00,,"Agua,almidón hidrolizado de maíz, sacarosa, ACEITES VEGETALES (aceite de canola, aceite de maíz, caseinato de sodio, proteína de leche, aislado de proteína de soya, concentrado de proteína de suero, MINERALES (citrato de potasio, citrato de sodio, fosfato tribásico de calcio, carbonato de magnesio, cloruro de potasio, sulfato ferroso, sulfato de zinc, sulfato de manganeso, sulfato cúprico, molibdato de sodio, yoduro de potasio, cloruro de cromo, selenato de sodio), fructobligosacáridos (FOS), CaHMB (beta- hidroxi beta- metilbutirato de calcio), sabor natural y artificial a vainilla, lecitina de soya(emulsificante), celulosa (estabilizante), coruro de colina, VITAMINAS (ácido ascórbico, acetato de dl- alfla tocoferilo , niacinamida , pantotenato de calcio, beta caroteno, clorhidrato de piridoxina, clorhidrato de tiamina, riboflavina, palmitato de vitamina A, ácido fólico, vitamina D3, biotina, cianocobalamina), L- camitina , carboximetilcelulosa de sodio (estabilizante), goma galan ( estabilizante ).Contiene derivados de leche y derivados de soya. Este producto es distribuido por Inretail Pharma S.A. (Ley 32033) Nutrición completa y balanceada, con 330 Kcal y 20 g de proteína de alta calidad por toma (220 mL). Apoya el manejo nutricional de adultos con pérdida de masa muscular. Con HMB, componente clave que ayuda a promover la salud muscular. Alimentación y nutrición para el adulto mayor con Ensure Clinical Para el manejo nutricional de adultos con trastornos nutricionales y/o pérdida de masa muscular, fuerza y funcionalidad. Esta especialmente formulada para satisfacer las necesidades nutricionales únicas de los adultos de edad avanzada. Nutrición Pensada en ti y tu Familia Suplementos Nutricionales Suplementos / Complementos Nutrición Adulto Adultos Adulto Geriátricos Ensure",digemid_name_inference,true
Mifarma,Natalben Supra Cápsula,Natalben Supra Cápsula,DE4706,64.02,PEN,available,https://www.mifarma.com.pe/producto/natalben-supra-capsula/578760,578760,ITF FARMACEUTICA PERÚ,algolia_public_search,2026-06-08T00:46:28.643015+00:00,,Este producto es distribuido por Inretail Pharma S.A. (Ley 32033) NATALBEN Supra es un complemento dietético. Vitaminas y Suplementos Multivitamínicos Prenatal Multivitamínico Prenatal,digemid_name_inference,true
Mifarma,Pilexil Cápsulas Blandas - Caja 50 UN,Pilexil Cápsulas Blandas - Caja 50 UN,DE1899,200.00,PEN,available,https://www.mifarma.com.pe/producto/pilexil-capsulas-blandas/555185,555185,BAGÓ,algolia_public_search,2026-06-08T00:46:28.643334+00:00,,"L-Cistina,Hierro,Zinc y 9 vitaminas. Este producto es distribuido por Inretail Pharma S.A. (Ley 32033) Pilexil cápsulas es un fórmula en cápsulas de gelatina blanda que asegura su fácil deglución.Aporta ingredientes como L-Cistina (aminoácido que forma parte de la estructura del cabello),Biotina y Zinc que contribuyen al mantenimiento del cabello en condiciones normales. Suplementos / Complementos Adulto",digemid_name_inference,true
Mifarma,Generador de Colágeno BioSil,Generador de Colágeno BioSil,DE2480,131.90,PEN,available,https://www.mifarma.com.pe/producto/biosil-generador-colageno-avanzado-60un/529237,529237,BIOSIL,algolia_public_search,2026-06-08T00:46:28.647387+00:00,,"Este producto es distribuido por Inretail Pharma S.A. (Ley 32033) Generador de colágeno avanzado. Contribuye en reducir líneas finas y arrugas, espesa y fortalece el cabello, las uñas, promueve huesos y articulaciones saludables. Cupón INKA20 Suplementos Nutricionales Suplementos / Complementos Suplementos y Vitaminas Busca tu Marca de Colágeno Ideal Colágenos",digemid_name_inference,true
Mifarma,Pack Sunvit Fish Oil 1000 mg Cápsula Blanda,Pack Sunvit Fish Oil 1000 mg Cápsula Blanda,DE4075,102.00,PEN,available,https://www.mifarma.com.pe/producto/pack-sunvit-fish-oil-1000-mg-capsula-blanda/PACKNT215,PACKNT215,SUNVIT,algolia_public_search,2026-06-08T00:46:28.647986+00:00,,Fish Oil 1000mg contiene : Omega 3 300mg EPA 180mg DHA 120mg Este producto es distribuido por Inretail Pharma S.A. (Ley 32033) Vitaminas para Adultos Suplementos y Vitaminas Packs de Nutrición y Bienestar Omega 3-Fish Oil,digemid_name_inference,true
Mifarma,Up Omega 3 Ultra Pure Cápsula Blanda,Up Omega 3 Ultra Pure Cápsula Blanda,DE3109,95.40,PEN,available,https://www.mifarma.com.pe/producto/up-omega-3-ultra-pure-capsula-blanda/320055,320055,NEWSCIENCE,algolia_public_search,2026-06-08T00:46:28.648146+00:00,,"Cada cápsula blanda contiene: Aceite de pescado (Anchoveta, Engraulis ringens) 1000 mg equivalente a: EPA (ácido eicosapentaenoico) 400 mg DHA (ácido docosahexaenoico) 200 mg Este producto es distribuido por Inretail Pharma S.A. (Ley 32033) Suplementos Nutricionales Suplementos y Vitaminas Omega 3-Fish Oil Naturales",digemid_name_inference,true
Mifarma,Pack Mujer Aguaje Citrato de Magnesio + Citrato de Potasio,Pack Mujer Aguaje Citrato de Magnesio + Citrato de Potasio,DE4606,76.50,PEN,available,https://www.mifarma.com.pe/producto/pack-mujer-aguaje-citrato-magnesio-citrato-potasio/PACKNT275,PACKNT275,MUJER AGUAJE,algolia_public_search,2026-06-08T00:46:28.650213+00:00,,"Mujer aguaje Citrato de Magnesio: Citrato de magnesio, valeriana micropulverizada, fruto de cereza pulverizado, toronjil en polvo, no contiene preservantes, colorantes ni saborizantes artificiales.Mujer aguaje Citrato de Potasio: Citrato de potasio y limón deshidratado en polvo. Este producto es distribuido por Inretail Pharma S.A. (Ley 32033) Mujer aguaje Citrato de Magnesio:Mujer aguaje Citrato de Potasio: El potasio es un mineral que desempeña un papel crucial en el funcionamiento adecuado de los músculos, los nervios y el ritmo cardíaco. La combinación del ácido cítrico y el potasio da lugar al citrato de potasio, esta unión facilita una mayor absorción y biodisponibilidad de este mineral en el organismo. Problemas Generales Alimentos Naturales Suplementos y Vitaminas Packs de Nutrición y Bienestar Relajantes Musculares Lo más Buscado en Citrato y Glicinato de Magnesio Otros Alimentos Naturales",digemid_name_inference,true
Mifarma,Pack 02 Citrato de Magnesio Mujer Aguaje,Pack 02 Citrato de Magnesio Mujer Aguaje,DE4606,73.90,PEN,available,https://www.mifarma.com.pe/producto/pack-02-citrato-de-magnesio-mujer-aguaje/PACKNT260,PACKNT260,MUJER AGUAJE,algolia_public_search,2026-06-08T00:46:28.650391+00:00,,"Citrato de magnesio,valeriana micropulverizada,fruto de cereza pulverizado,toronjil en polvo,no contiene preservantes,colorantes ni saborizantes artificiales. Este producto es distribuido por Inretail Pharma S.A. (Ley 32033) Problemas Generales Suplementos y Vitaminas Packs de Nutrición y Bienestar Relajantes Musculares Lo más Buscado en Citrato y Glicinato de Magnesio",digemid_name_inference,true
Mifarma,Sunvit Melatonin 1 mg Tableta,Sunvit Melatonin 1 mg Tableta,DE2329,63.90,PEN,available,https://www.mifarma.com.pe/producto/sunvit-melatonin-1-mg-tableta/816532,816532,SUNVIT,algolia_public_search,2026-06-08T00:46:28.651674+00:00,,Melatonina 1 mg Este producto es distribuido por Inretail Pharma S.A. (Ley 32033) Sistema Locomotor Suplementos Nutricionales Suplementos y Vitaminas Sedantes Ayuda a Relajarte y Dormir Mejor Naturales,digemid_name_inference,true
Mifarma,Sunvit L-Carnitine 500 mg Cápsula,Sunvit L-Carnitine 500 mg Cápsula,DE3926,57.40,PEN,available,https://www.mifarma.com.pe/producto/sunvit-l-carnitine-500-mg-capsula/816508,816508,SUNVIT,algolia_public_search,2026-06-08T00:46:28.652497+00:00,,Este producto es distribuido por Inretail Pharma S.A. (Ley 32033) Sistema Nervioso Suplementos Nutricionales Nutrición Deportiva Fitness y Deportivos Suplementos Dietéticos Dietéticos Otros en Sistema Nervioso,digemid_name_inference,true
Mifarma,Sunvit Collagen 500mg Cápsula,Sunvit Collagen 500mg Cápsula,DE1129,54.90,PEN,available,https://www.mifarma.com.pe/producto/sunvit-collagen-500mg-capsula/816503,816503,Sunvit,algolia_public_search,2026-06-08T00:46:28.652954+00:00,,Colágeno hidrolizado 500mg Este producto es distribuido por Inretail Pharma S.A. (Ley 32033) Suplemento dietético Suplementos Nutricionales Suplementos y Vitaminas Busca tu Marca de Colágeno Ideal Colágenos,digemid_name_inference,true
Mifarma,Sunvit Nat Omega 3-6-9 1000mg Cápsulas blanda,Sunvit Nat Omega 3-6-9 1000mg Cápsulas blanda,DE3109,52.40,PEN,available,https://www.mifarma.com.pe/producto/sunvit-nat-omega-3-100mg-capsulas-blanda/816565,816565,SUNVIT,algolia_public_search,2026-06-08T00:46:28.653441+00:00,,Aceite de Sacha Inchi. No contiene preservantes ni aditivos. Este producto es distribuido por Inretail Pharma S.A. (Ley 32033) Multivitamínicos Suplementos y Vitaminas Omega 3-Fish Oil Para Adultos,digemid_name_inference,true
Mifarma,Sunvit Nat Omega 3-6-9 500mg Cápsulas blanda,Sunvit Nat Omega 3-6-9 500mg Cápsulas blanda,DE3109,50.00,PEN,available,https://www.mifarma.com.pe/producto/sunvit-nat-omega-3-500mg-capsulas-blanda/816566,816566,SUNVIT,algolia_public_search,2026-06-08T00:46:28.654057+00:00,,Aceite de Sacha Inchi. No contiene preservantes ni aditivos. Este producto es distribuido por Inretail Pharma S.A. (Ley 32033) Multivitamínicos Suplementos y Vitaminas Omega 3-Fish Oil Para Adultos,digemid_name_inference,true
Mifarma,Gomitas More Beauty Biotina,Gomitas More Beauty Biotina,DE3564,49.50,PEN,unavailable,https://www.mifarma.com.pe/producto/gomitas-more-beauty-biotina/800581,800581,MORE,algolia_public_search,2026-06-08T00:46:28.654845+00:00,,"Agua, Emulsionantes: Jarabe de maltitol (SIN 965(ii)) y Maltitol (SIN 965(i)), Gelatina, Azúcar, Biotina, Regulador de la acidez: Ácido cítrico (SIN 330), Saborizante a Cereza, Sustancia Conservadora: Sorbato de potasio (SIN 202), Edulcorante: Sucralosa (SIN 955), Biotina y Colorantes: Rojo Allura AC (SIN 129) y Azul Brillante FCF (SIN 133). Este producto es distribuido por Inretail Pharma S.A. (Ley 32033) Vitaminas y Suplementos Vitaminas Suplementos y Vitaminas Gomitas Funcionales para Todo Biotina Vitamina B",digemid_name_inference,true
Mifarma,Sunvit Calcium Mag Zinc+D Tableta,Sunvit Calcium Mag Zinc+D Tableta,DE2854,49.50,PEN,available,https://www.mifarma.com.pe/producto/sunvit-calcium-mag-zinc-d-tableta/816526,816526,SUNVIT,algolia_public_search,2026-06-08T00:46:28.654986+00:00,,Vitamina D3 10mcg Calcio 1000mg Magnesio 400 mg Zinc 15 mg Este producto es distribuido por Inretail Pharma S.A. (Ley 32033) Minerales Cupón INKA20 Suplementos / Complementos Otros Minerales Embarazo,digemid_name_inference,true
Mifarma,Glicinato de Magnesio Mujer Aguaje,Glicinato de Magnesio Mujer Aguaje,DE4606,43.00,PEN,available,https://www.mifarma.com.pe/producto/glicinato-de-magnesio-mujer-aguaje/312137,312137,MUJER AGUAJE,algolia_public_search,2026-06-08T00:46:28.655541+00:00,,Glicinato de Magnesio con limón deshidratado. Este producto es distribuido por Inretail Pharma S.A. (Ley 32033) Minerales Cupón INKA20 Suplementos y Vitaminas Lo más Buscado en Citrato y Glicinato de Magnesio Magnesio,digemid_name_inference,true
Mifarma,Sunvit Magnesium 500mg Tableta,Sunvit Magnesium 500mg Tableta,DE1309,42.00,PEN,available,https://www.mifarma.com.pe/producto/sunvit-magnesium-500mg-tableta/816509,816509,SUNVIT,algolia_public_search,2026-06-08T00:46:28.655676+00:00,,Magnesio 500mg Este producto es distribuido por Inretail Pharma S.A. (Ley 32033) Suplemento dietético Vitaminas para Adultos Vitaminas Suplementos y Vitaminas Lo más Buscado en Citrato y Glicinato de Magnesio Vitamina D,digemid_name_inference,true
Mifarma,Sunvit Fish Oil 1000 mg Cápsula Blanda,Sunvit Fish Oil 1000 mg Cápsula Blanda,DE4075,41.50,PEN,available,https://www.mifarma.com.pe/producto/sunvit-fish-oil-1000-mg-capsula-blanda/301557,301557,SUNVIT,algolia_public_search,2026-06-08T00:46:28.656131+00:00,,"Aceite de pescado 1000mgAceites grasos Omega 3 300 mg:-EPA (ácido eicosapentanoico) 180 mg-DHA (ácido docosahexaenoico) 120 mg Este producto es distribuido por Inretail Pharma S.A. (Ley 32033) Sunvit Fish Oil 1000mg, producto natural, hecho en USA, promueve la salud del corazón. Preguntas frecuentes .faq-grid { display: grid; grid-template-columns: repeat(2, 1fr); gap: 16px; margin: 24px 0; } .faq-card { background: #f8f9fa; border: 1px solid #e9ecef; border-radius: 10px; padding: 20px 24px; } .faq-card h3 { font-size: 16px; font-weight: 600; color: #1a1a1a; margin: 0 0 10px; line-height: 1.4; } .faq-card p { font-size: 14px; color: #555; margin: 0; line-height: 1.7; } @media (max-width: 600px) { .faq-grid { grid-template-columns: 1fr; } } ¿Qué contiene Sunvit Fish Oil 1000 mg? Este producto contiene aceite de pescado en cápsulas blandas de administración oral. El fish oil es utilizado en suplementos nutricionales. ¿Cómo se presenta Sunvit Fish Oil? La presentación corresponde a cápsulas blandas para consumo oral. Este formato es utilizado en suplementos con aceite de pescado. ¿Cómo se consumen las cápsulas blandas de fish oil? Las cápsulas blandas se administran por vía oral acompañadas de agua. La forma de consumo debe seguir las indicaciones señaladas en el etiquetado. ¿Qué es el fish oil en suplementos nutricionales? El fish oil o aceite de pescado es un componente utilizado en suplementos nutricionales de administración oral y puede encontrarse en cápsulas blandas. Cupón INKA20 Sistema Circulatorio Vitaminas para Adultos Suplementos y Vitaminas Cardiovasculares Omega 3-Fish Oil",digemid_name_inference,true
Mifarma,Citrato de Magnesio 400mg Cápsula,Citrato de Magnesio 400mg Cápsula,DE4606,39.90,PEN,available,https://www.mifarma.com.pe/producto/citrato-de-magnesio-400mg-capsula/319997,319997,MUJER AGUAJE,algolia_public_search,2026-06-08T00:46:28.657233+00:00,,Cada cápsula contiene: Citrato de magnesio anhidro 400 mg Excipientes: Celulosa microcristalina 145 mg; Sales de Magnesio de ácidos grasos 5 mg. Este producto es distribuido por Inretail Pharma S.A. (Ley 32033) Multivitamínicos Suplementos y Vitaminas Lo más Buscado en Citrato y Glicinato de Magnesio Para Niños,digemid_name_inference,true
Mifarma,Mujer Aguaje Citrato de Magnesio,Mujer Aguaje Citrato de Magnesio,DE4606,37.90,PEN,available,https://www.mifarma.com.pe/producto/mujer-aguaje-citrato-de-magnesio/303338,303338,Mujer Aguaje,algolia_public_search,2026-06-08T00:46:28.657534+00:00,,"Citrato de Magnesio, Valeriana micropulverizada, fruto de cereza pulverizado, toronjil en polvo. No contiene preservantes, colorantes ni saborizantes artificiales. Este producto es distribuido por Inretail Pharma S.A. (Ley 32033) Cupón INKA20 Alimentos Naturales Suplementos y Vitaminas Lo más Buscado en Citrato y Glicinato de Magnesio Otros Alimentos Naturales",digemid_name_inference,true
Mifarma,Sunvit Folic Acid 800 mcg Tableta,Sunvit Folic Acid 800 mcg Tableta,DE0395,33.20,PEN,available,https://www.mifarma.com.pe/producto/sunvit-folic-acid-800-mcg-tableta/816529,816529,SUNVIT,algolia_public_search,2026-06-08T00:46:28.658015+00:00,,Ácido Fólico 1333 mcg Este producto es distribuido por Inretail Pharma S.A. (Ley 32033) Vitaminas y Suplementos Vitaminas Suplementos y Vitaminas Vitamina B-Complejo B B6 y B12 Vitamina B Ácido Fólico,digemid_name_inference,true
Mifarma,Colágeno hidrolizado Aguaje y Biotina - Mujer Cápsulas,Colágeno hidrolizado Aguaje y Biotina - Mujer Cápsulas,DE3564,29.90,PEN,available,https://www.mifarma.com.pe/producto/colageno-hidrolizado-aguaje-y-biotina-mujer-100-capsulas/816096,816096,Mujer Aguaje,algolia_public_search,2026-06-08T00:46:28.658677+00:00,,"Colágeno hidrolizado, Fruto de aguaje micropulverizado y biotina. Este producto es distribuido por Inretail Pharma S.A. (Ley 32033) Aguaje, fruta exótica de la selva peruana rica envitaminas y minerales que se utilizan comosuplemento para mejorar la calidad de vida. Colageno Hidrolizado, suplemento alimenticiopreparado a partir de huesos y cartílagosbovinos. Utilizado para estimular la producciónde colágeno en el organismo, ayudando así amejorar el aspecto de la piel, fortalecer lasarticulaciones, las uñas, los huesos y el cabello.Biotina, vitamina B7. Cupón INKA20 Suplementos Nutricionales Suplementos y Vitaminas Busca tu Marca de Colágeno Ideal Colágenos",digemid_name_inference,true
Mifarma,100% Creatine Monohydrate Kevin Levrone,100% Creatine Monohydrate Kevin Levrone,DE3929,73.00,PEN,available,https://www.mifarma.com.pe/producto/100-creatine-monohydrate-kevin-levrone/306105,306105,KEVIN LEVRONE,algolia_public_search,2026-06-08T00:46:28.833290+00:00,,"Por dosis: Creatina Monohidrato 2.5g Este producto es distribuido por Inretail Pharma S.A. (Ley 32033) Kevin Levrone te acompaña en cada paso hacia tu mejor versión. Formulada con creatina monohidratada de alta calidad, esta línea potencia la fuerza muscular, mejora el rendimiento físico y acelera la recuperación post-entrenamiento. Inspirada en la leyenda del fisicoculturismo, es ideal para quienes entrenan con disciplina, metas claras y actitud imparable. 100% Creatine Monohydrate Kevin Levrone 100% Creatine Monohydrate de Kevin Levrone Signature Series contiene Creatina Monohidratada de grado farmacéutico, libre de doping y testeado para ser consumido por atletas de alto rendimiento sin preocupaciones. La creatina es uno de los suplementos más estudiados y con mayores efectos demostrados por la ciencia. Es uno de los suplementos más efectivos para el rendimiento del ejercicio. Se recomienda el uso de Creatina 100% Monohidratada y Micronizada en adultos, mejorando el rendimiento en ejercicios de alta intensidad y mejorando la construccion muscular. La creatina incrementa el rendimiento relacionado con todas las actividades fisicas, mejorando el rendimiento, durancion y construccion de masa muscular Rendimiento y fuerza Energía superior, con Kevin Levrone Promociones en Suplementos y Vitaminas Fitness y Deportivos Creatina más Fuerza en Cada Entrenamiento Suplementos Deportivos",digemid_name_inference,true
Mifarma,Creatine Unflavored Polvo para Solución Oral,Creatine Unflavored Polvo para Solución Oral,DE4546,135.90,PEN,available,https://www.mifarma.com.pe/producto/creatine-unflavored-polvo-para-solucion-oral/816609,816609,LAB NUTRITION,algolia_public_search,2026-06-08T00:46:28.834276+00:00,,Cada cucharadita (5g) contiene: Creatina Monohidrato 5g Este producto es distribuido por Inretail Pharma S.A. (Ley 32033) Promociones en Suplementos y Vitaminas Nutrición Deportiva Creatina más Fuerza en Cada Entrenamiento Suplementos Deportivos,digemid_name_inference,true
Mifarma,Pack 04 Babylac Pro Colado Banana,Pack 04 Babylac Pro Colado Banana,DE3502,13.50,PEN,available,https://www.mifarma.com.pe/producto/pack-04-babylac-pro-colado-banana/PACKNT287,PACKNT287,BABYLAC,algolia_public_search,2026-06-08T00:46:28.837323+00:00,,"Agua, puré de banano, azúcar, adipato de dialmidón acetilado (SIN 1422) (como agente espesante), ácido cítrico (como regulador de la acidez), ácido ascórbico (como fuente de vitamina C), fosfato de calcio tribásico, bisglicinato de hierro, glicinato de zinc, hidrocloruro de piridoxina y ácido fólico. Este producto es distribuido por Inretail Pharma S.A. (Ley 32033) Suplementos / Complementos Packs de Nutrición y Bienestar Cereales y Compotas",digemid_name_inference,true
Mifarma,Pack 04 Babylac Pro Colado Pera,Pack 04 Babylac Pro Colado Pera,DE3502,13.50,PEN,available,https://www.mifarma.com.pe/producto/pack-04-babylac-pro-colado-pera/PACKNT286,PACKNT286,BABYLAC,algolia_public_search,2026-06-08T00:46:28.837527+00:00,,"Agua, pulpa concentrada de pera, azúcar, adipato de dialmidón acetilado (SIN 1422) (como agente espesante), ácido cítrico (como regulador de la acidez), ácido ascórbico (como fuente de vitamina C), fosfato de calcio tribásico, bisglicinato de hierro, glicinato de zinc, hidrocloruro de piridoxina y ácido fólico. Este producto es distribuido por Inretail Pharma S.A. (Ley 32033) Suplementos / Complementos Packs de Nutrición y Bienestar Cereales y Compotas",digemid_name_inference,true
Mifarma,Pack 04 Babylac Pro Colado Ciruela Pasa,Pack 04 Babylac Pro Colado Ciruela Pasa,DE3502,13.50,PEN,available,https://www.mifarma.com.pe/producto/pack-04-babylac-pro-colado-ciruela-pasa/PACKNT285,PACKNT285,BABYLAC,algolia_public_search,2026-06-08T00:46:28.837713+00:00,,"Agua, pulpa concentrada de ciruela pasa, azúcar, adipato de dialmidónacetilado (SIN 1422) (como agente espesante), ácido cítrico (como regulador de la acidez), fosfato de calcio tribásico, bisglicinato de hierro, glicinato de zinc, hidrocloruro de piridoxina y ácido fólico. Este producto es distribuido por Inretail Pharma S.A. (Ley 32033) Suplementos / Complementos Packs de Nutrición y Bienestar Cereales y Compotas",digemid_name_inference,true
Mifarma,Pack 04 Babylac Pro Colado Melocotón,Pack 04 Babylac Pro Colado Melocotón,DE3502,13.50,PEN,available,https://www.mifarma.com.pe/producto/pack-04-babylac-pro-colado-melocoton/PACKNT284,PACKNT284,BABYLAC,algolia_public_search,2026-06-08T00:46:28.837905+00:00,,"Agua, pulpa concentrada de melocotón, azúcar, adipato de dialmidón acetilado(SIN 1422) (como agente espesante), ácido cítrico (como regulador de la acidez), ácido ascórbico (como fuente de vitamina C), fosfato de calcio tribásico, bisglicinato de hierro, glicinato de zinc, hidrocloruro de piridoxina y ácido fólico. Este producto es distribuido por Inretail Pharma S.A. (Ley 32033) Suplementos / Complementos Packs de Nutrición y Bienestar Cereales y Compotas",digemid_name_inference,true
Mifarma,Pack 04 Babylac Pro Colado Manzana,Pack 04 Babylac Pro Colado Manzana,DE3502,13.50,PEN,available,https://www.mifarma.com.pe/producto/pack-04-babylac-pro-colado-manzana/PACKNT283,PACKNT283,BABYLAC,algolia_public_search,2026-06-08T00:46:28.838095+00:00,,"Agua, pulpa concentrada de manzana, azúcar, adipato de dialmidón acetilado(SIN 1422) (como agente espesante), ácido cítrico (como regulador de la acidez), ácido ascórbico (como fuente de vitamina C), fosfato de calcio tribásico, bisglicinato de hierro, glicinato de zinc, hidrocloruro de piridoxina y ácido fólico. Este producto es distribuido por Inretail Pharma S.A. (Ley 32033) Suplementos / Complementos Packs de Nutrición y Bienestar Cereales y Compotas",digemid_name_inference,true
Mifarma,Previne D Fort - Caja 30 UN,Previne D Fort - Caja 30 UN,DE1279,60.00,PEN,unavailable,https://www.mifarma.com.pe/producto/previne-d-fort/511604,511604,PREVINE,algolia_public_search,2026-06-08T00:46:28.843955+00:00,,Este producto es distribuido por Inretail Pharma S.A. (Ley 32033) Suplementos / Complementos Suplementos Nutricionales Adultos Adulto,digemid_name_inference,true
Mifarma,Caldeval Comprimido Masticable,Caldeval Comprimido Masticable,DE1226,49.30,PEN,available,https://www.mifarma.com.pe/producto/caldeval-comprimido-masticable/131773,131773,SAVAL,algolia_public_search,2026-06-08T00:46:28.844205+00:00,,Calcio 500mg | Vitamina D3 400UI Este producto es distribuido por Inretail Pharma S.A. (Ley 32033) Minerales Suplementos / Complementos Otros Minerales Embarazo,digemid_name_inference,true
Mifarma,"Dinaflex duo 1,5-1,2 g Polvo para solución oral","Dinaflex duo 1,5-1,2 g Polvo para solución oral",DE1507,252.90,PEN,available,https://www.mifarma.com.pe/producto/dinaflex-duo-15-1-2-g-sobre-granulado/123570,123570,DINAFLEX,algolia_public_search,2026-06-08T00:46:28.844328+00:00,,Glucosamina sulfato 1500mg | Condroitín sulfato sódico 1200mg Este producto es distribuido por Inretail Pharma S.A. (Ley 32033) Cupón INKA20 Suplementos Nutricionales Naturales,digemid_name_inference,true
Mifarma,Gestafer Cápsula Blanda,Gestafer Cápsula Blanda,DE2771,53.91,PEN,available,https://www.mifarma.com.pe/producto/gestafer-capsula-blanda/134077,134077,GESTAFER,algolia_public_search,2026-06-08T00:46:28.845183+00:00,,"ACIDO FOLICO 1mg, HIERRO ELEMENTAL 30mg Este producto es distribuido por Inretail Pharma S.A. (Ley 32033) Vitaminas y Suplementos Multivitamínicos Prenatal Multivitamínico Prenatal",digemid_name_inference,true
Mifarma,Pulmocare Sabor Vainilla - Lata 237 ML,Pulmocare Sabor Vainilla - Lata 237 ML,DE1186,20.80,PEN,available,https://www.mifarma.com.pe/producto/pulmocare-sabor-vainilla/115921,115921,ELCAL-D,algolia_public_search,2026-06-08T00:46:28.845901+00:00,,"Este producto es distribuido por Inretail Pharma S.A. (Ley 32033) Indicado para reducir la producción de CO2 , resultante de la enfermedad pulmonar obstructiva crónica EPOC, fibrosis quística o insuficiencia respiratoria. Suplementos Nutricionales Adultos",digemid_name_inference,true
Mifarma,Magnesium Glycinate Plus Cápsula Mason Natural,Magnesium Glycinate Plus Cápsula Mason Natural,DE4966,99.90,PEN,available,https://www.mifarma.com.pe/producto/magnesium-glycinate-plus-capsula-mason-natural/319752,319752,MASON,algolia_public_search,2026-06-08T00:46:28.846286+00:00,,Cada Cápsula contiene: Magnesio (elemental) 120 mg (como Glicinato de Magnesio) Piperina 1 mg Extracto del fruto de pimienta negra (estandarizado a 95% de piperina)(Bioperine). Este producto es distribuido por Inretail Pharma S.A. (Ley 32033) Minerales Suplementos y Vitaminas Lo más Buscado en Citrato y Glicinato de Magnesio Magnesio,digemid_name_inference,true
Mifarma,Exelmyo Plus Cápsula Blanda,Exelmyo Plus Cápsula Blanda,DE4047,159.90,PEN,available,https://www.mifarma.com.pe/producto/exelmyo-plus-capsula-blanda/314029,314029,PLUS,algolia_public_search,2026-06-08T00:46:28.847232+00:00,,Composición: Myo-inositol 600.00 mg EPA 30.00 mg DHA 48.78 mg Vitamina D3 10.00 ug Cromo (picolinato de cromo) equivalente 10.00 ug Zinc (óxido de zinc) 5.00 mg Este producto es distribuido por Inretail Pharma S.A. (Ley 32033) Problemas Generales Suplementos / Complementos Adulto Suplemento Dietario,digemid_name_inference,true
Mifarma,Provide Gold Plus Sugar-Free Berry Solución Oral,Provide Gold Plus Sugar-Free Berry Solución Oral,DE4966,188.00,PEN,available,https://www.mifarma.com.pe/producto/provide-gold-plus-sugar-free-berry-solucion-oral/309069,309069,BARSAND INTERNATIONAL,algolia_public_search,2026-06-08T00:46:28.849433+00:00,,"Ha sido elaborada a base de dipéptidos de colágeno hidrolizado, enriquecido con arginina, triptófano, glutamina y fortificada con BCAA (leucina, isoleucina, valina). Este producto es distribuido por Inretail Pharma S.A. (Ley 32033) Provide Gold Plus, sabor berry, es una proteína líquida, hidrolizada y de alta calidad proteica por su perfil completo de aminoácidos esenciales, contenido de aminoácidos no esenciales y condicionalmente esenciales. Ha sído elaborada a base de dipéptidos de colágeno hidrolizado, enriquecido con arginina, triptófano, glutamina y fortificada con BCAA (leucina, isoleucina, valina). Provide Gold Plus, sabor berry, es una proteína concentrada, de fácil y rápida absorción, en 30 ml aporta 17g de proteína. Provide Gold Plus, sabor berry, es de consistencia líquida espeso, color ambar, sabor y olor caracteristico a berry (mora). Promociones en Suplementos y Vitaminas Suplementos / Complementos Adulto Más Proteinas con Mejores Resultados",digemid_name_inference,true
Mifarma,Orthomol Immun Polvo Para Solución Oral,Orthomol Immun Polvo Para Solución Oral,DE3686,290.00,PEN,available,https://www.mifarma.com.pe/producto/orthomol-immun-polvo-para-solucion-oral/309052,309052,ORTHOMOL,algolia_public_search,2026-06-08T00:46:28.849868+00:00,,"Dextrosa, maltodextrina, acidulante ácido cítrico, L-ascorbato sódico, ácido L-ascórbico, acetato de DL-alfatocoferilo, aroma, estabilizador goma arábiga, gluconato de zinc, gluconato ferroso, nicotinamida, mononitratode tiamina, riboflavina, piridoxina clorhidrato, edulcorante sacarina sódica, D-pantotenato cálcico, mezclade tocoferoles, extracto de cítricos con bioflavonoides (de Citrus sp.), sulfato de manganeso, beta-caroteno,sulfato cúprico, ácido pteroilmonoglutámico, extracto de Tagetes erecta con luteína, acetato de retinilo, licopeno(Solanum lycopersicum), yoduro potásico, D-biotina, cloruro de cromo (III), molibdato sódico, seleniato sódico,filoquinona, cianocobalamina, colecalciferol Este producto es distribuido por Inretail Pharma S.A. (Ley 32033) Orthomol Immun es un suplemento vitamínico alemán completo. Contiene 25 vitaminas y minerales ideales y en las dosis necesarias para estimular las defensas del organismo. Un sobre te da de manera fácil, completa y confiable todos los micronutrientes que tu cuerpo necesita para fortalecer el sistema inmunológico. Tener un óptimo sistema inmune te ayuda a prevenir todo tipo de enfermedades y a afrontar el estrés causante de diversos males, también a vigilar y combatir los daños de agentes patógenos como virus, bacterias, células malignas, entre otras. Orthomol Immun cuenta con más de 30 años de experiencia e investigación médica en medicina orthomolecular, líder en Alemania. Suplementos / Complementos Adulto",digemid_name_inference,true
Mifarma,Biotina 10000 Mcg + Keratina 100 Mg,Biotina 10000 Mcg + Keratina 100 Mg,DE3564,110.90,PEN,available,https://www.mifarma.com.pe/producto/biotin-10000-mcg-plus-keratin-100-mg/308728,308728,MASON,algolia_public_search,2026-06-08T00:46:28.852047+00:00,,"Biotina (d-Biotina) 10,000 mcg Keratina 100 mg Este producto es distribuido por Inretail Pharma S.A. (Ley 32033) La biotina ayuda a mantener saludables el cabello, la piel y las uñas, ayuda a mantener la capacidad del cuerpo para metabolizar nutrientes, contribuye al adecuado metabolismo energético y contribuye al buen funcionamiento del sistema nervioso. La biotina contribuye al mantenimiento de la piel y el cabello en condiciones saludables. Con 10,000 mcg de Biotina en alta potencia. Con biotina y queratina hidrolizada. Sin conservantes, saborizantes artificiales, lácteos, azúcar, almidón, trigo, pescado. Libre de gluten. Vitaminas y Suplementos Vitaminas Biotina Vitamina B",digemid_name_inference,true
Mifarma,Infavit D3 Solución Oral,Infavit D3 Solución Oral,DE3477,47.80,PEN,available,https://www.mifarma.com.pe/producto/infavit-D3-solucion-oral/308345,308345,KEZER-LAB,algolia_public_search,2026-06-08T00:46:28.852405+00:00,,Vitamina D3 (Colecalciferol) Este producto es distribuido por Inretail Pharma S.A. (Ley 32033) Multivitamínicos Suplementos / Complementos Adulto Para Niños,digemid_name_inference,true
Mifarma,Nutrigel advance Sabor neutro Polvo solución Oral,Nutrigel advance Sabor neutro Polvo solución Oral,DE2541,171.50,PEN,available,https://www.mifarma.com.pe/producto/nutrigel-advance-sabor-neutro-polvo-solucion-oral/303419,303419,PROCAPS,algolia_public_search,2026-06-08T00:46:28.853274+00:00,,Colágeno hidrolizado 10gVitamina C 500mgVitamina D3 1000UI Este producto es distribuido por Inretail Pharma S.A. (Ley 32033) Suplementos Nutricionales Suplementos y Vitaminas Busca tu Marca de Colágeno Ideal Colágenos,digemid_name_inference,true
Mifarma,Movisil Duo Polvo para Solución Oral,Movisil Duo Polvo para Solución Oral,DE2870,193.50,PEN,available,https://www.mifarma.com.pe/producto/movisil-duo-polvo-para-solucion-oral/302571,302571,PHARMACROSS,algolia_public_search,2026-06-08T00:46:28.853765+00:00,,Colágeno hidrolizado (Peptan) 10gGlucosamina sulfato (Como Glucosamina Sulfato Cloruro Potásico) 1500 mg Este producto es distribuido por Inretail Pharma S.A. (Ley 32033) Vitaminas para Adultos Suplementos Nutricionales Suplementos y Vitaminas Busca tu Marca de Colágeno Ideal Naturales,digemid_name_inference,true
Mifarma,Dinaflex Duo Polvo para Solución oral,Dinaflex Duo Polvo para Solución oral,DE1507,252.90,PEN,available,https://www.mifarma.com.pe/producto/dinaflex-duo-polvo-para-solucion-oral/302189,302189,ZODIAC,algolia_public_search,2026-06-08T00:46:28.853888+00:00,,"Glucosamina sulfato 1,5mgCondroitín Sulfato Sódico 1,2g Este producto es distribuido por Inretail Pharma S.A. (Ley 32033) Suplementos Nutricionales Naturales",digemid_name_inference,true
Mifarma,Babylac Pro Colado Banana,Babylac Pro Colado Banana,DE3502,3.90,PEN,available,https://www.mifarma.com.pe/producto/babylac-pro-colado-banana/814217,814217,BABYLAC,algolia_public_search,2026-06-08T00:46:28.857918+00:00,,"Agua, puré de banano, azúcar, adipato de dialmidón acetilado (SIN 1422) (como agente espesante), ácido cítrico (como regulador de la acidez), ácido ascórbico (como fuente de vitamina C), fosfato de calcio tribásico, bisglicinato de hierro, glicinato de zinc, hidrocloruro de piridoxina y ácido fólico. Este producto es distribuido por Inretail Pharma S.A. (Ley 32033) Puré de banana en conserva Suplementos / Complementos Cereales y Compotas",digemid_name_inference,true
Mifarma,Babylac Pro Colado Pera,Babylac Pro Colado Pera,DE3502,3.90,PEN,available,https://www.mifarma.com.pe/producto/babylac-pro-colado-pera/814221,814221,BABYLAC,algolia_public_search,2026-06-08T00:46:28.858108+00:00,,"Agua, pulpa concentrada de pera, azúcar, adipato de dialmidón acetilado (SIN 1422) (como agente espesante), ácido cítrico (como regulador de la acidez), ácido ascórbico (como fuente de vitamina C), fosfato de calcio tribásico, bisglicinato de hierro, glicinato de zinc, hidrocloruro de piridoxina y ácido fólico. Este producto es distribuido por Inretail Pharma S.A. (Ley 32033) Puré de pera en conserva Suplementos / Complementos Cereales y Compotas",digemid_name_inference,true
Mifarma,Babylac Pro Colado Ciruela,Babylac Pro Colado Ciruela,DE3502,3.90,PEN,available,https://www.mifarma.com.pe/producto/babylac-pro-colado-ciruela/814218,814218,BABYLAC,algolia_public_search,2026-06-08T00:46:28.858286+00:00,,"Agua, pulpa concentrada de ciruela pasa, azúcar, adipato de dialmidónacetilado (SIN 1422) (como agente espesante), ácido cítrico (como regulador de la acidez), fosfato de calcio tribásico, bisglicinato de hierro, glicinato de zinc, hidrocloruro de piridoxina y ácido fólico. Este producto es distribuido por Inretail Pharma S.A. (Ley 32033) Puré de ciruela en conserva Suplementos / Complementos Cereales y Compotas",digemid_name_inference,true
Mifarma,Babylac Pro Colado Melocotón,Babylac Pro Colado Melocotón,DE3502,3.90,PEN,available,https://www.mifarma.com.pe/producto/babylac-pro-colado-melocoton/814220,814220,BABYLAC,algolia_public_search,2026-06-08T00:46:28.858503+00:00,,"Agua, pulpa concentrada de melocotón, azúcar, adipato de dialmidón acetilado(SIN 1422) (como agente espesante), ácido cítrico (como regulador de la acidez), ácido ascórbico (como fuente de vitamina C), fosfato de calcio tribásico, bisglicinato de hierro, glicinato de zinc, hidrocloruro de piridoxina y ácido fólico. Este producto es distribuido por Inretail Pharma S.A. (Ley 32033) Puré de melocotón en conserva Suplementos / Complementos Cereales y Compotas",digemid_name_inference,true
Mifarma,Babylac Pro Colado Manzana,Babylac Pro Colado Manzana,DE3502,3.90,PEN,available,https://www.mifarma.com.pe/producto/babylac-pro-colado-manzana/814219,814219,BABYLAC,algolia_public_search,2026-06-08T00:46:28.858684+00:00,,"Agua, pulpa concentrada de manzana, azúcar, adipato de dialmidón acetilado(SIN 1422) (como agente espesante), ácido cítrico (como regulador de la acidez), ácido ascórbico (como fuente de vitamina C), fosfato de calcio tribásico, bisglicinato de hierro, glicinato de zinc, hidrocloruro de piridoxina y ácido fólico. Este producto es distribuido por Inretail Pharma S.A. (Ley 32033) Puré de manzana en conserva Suplementos / Complementos Cereales y Compotas",digemid_name_inference,true
Mifarma,Aminoter Complex Polvo Oral,Aminoter Complex Polvo Oral,DE1310,196.20,PEN,available,https://www.mifarma.com.pe/producto/aminoter-complex/800187,800187,AMINOTER,algolia_public_search,2026-06-08T00:46:28.858832+00:00,,"Colágeno Hidrolizado Peptan, L-Cistina, Vitamina B6, Pantotenato de Calcio, Quelato de Zinc, Biotina, Cobre, Ácido fólico, Selenio, Vitamina B12, acidificante (Ácido cítrico), Frutos Rojos Aroma Espesante, edulcorante (Sucralosa, Stevia). Este producto es distribuido por Inretail Pharma S.A. (Ley 32033) Suplementos Nutricionales Adultos",digemid_name_inference,true
Mifarma,Omega 3 Fish Oil Cápsulas Blandas,Omega 3 Fish Oil Cápsulas Blandas,DE3788,75.00,PEN,available,https://www.mifarma.com.pe/producto/omega-3-fish-oil-capsulas-blandas/529721,529721,MASON,algolia_public_search,2026-06-08T00:46:29.049312+00:00,,"Ácidos grasos omega-3 totales 300 mg (Que comprende de: EPA 180 mg y DHA 120 mg contenidos en 1000 mg de aceite de pescado) Este producto es distribuido por Inretail Pharma S.A. (Ley 32033) Preguntas frecuentes .faq-grid {display: grid;grid-template-columns: repeat(2, 1fr);gap: 16px;margin: 24px 0;}.faq-card {background: #f8f9fa;border: 1px solid #e9ecef;border-radius: 10px;padding: 20px 24px;}.faq-card h3 {font-size: 16px;font-weight: 600;color: #1a1a1a;margin: 0 0 10px;line-height: 1.4;}.faq-card p {font-size: 14px;color: #555;margin: 0;line-height: 1.7;}@media (max-width: 600px) {.faq-grid { grid-template-columns: 1fr; }} ¿Qué contiene Omega 3 Fish Oil Cápsulas Blandas? Este producto contiene aceite de pescado en cápsulas blandas. En el PDP se menciona Omega 3 Fish Oil como componente principal. ¿Cuál es la presentación de Omega 3 Fish Oil? La presentación visible corresponde a frasco con 60 cápsulas blandas para consumo oral. ¿Cómo se consumen las cápsulas blandas de Omega 3? Las cápsulas blandas se administran por vía oral acompañadas de agua. La forma de uso debe seguir las indicaciones del etiquetado. ¿Qué caracteriza al aceite de pescado en suplementos? El aceite de pescado es utilizado en suplementos alimenticios que contienen ácidos grasos omega y suele presentarse en cápsulas blandas. Vitaminas para Adultos Suplementos y Vitaminas Omega 3-Fish Oil",digemid_name_inference,true
Mifarma,Blemil Plus Confort Fórmula de Fácil Digestión,Blemil Plus Confort Fórmula de Fácil Digestión,DE4966,97.40,PEN,available,https://www.mifarma.com.pe/producto/blemil-plus-confort-formula-de-facil-digestion/555700,555700,BLEMIL,algolia_public_search,2026-06-08T00:46:29.051198+00:00,,Este producto es distribuido por Inretail Pharma S.A. (Ley 32033) Fórmula de continuación para lactantes de 0 a 6 meses que satisface completamente las necesidades nutritivas del recién nacido sano. Suplementos / Complementos Suplementos Nutricionales Fórmula para Bebés Fórmula Infantil Especial Pediátricos Fórmula Láctea Confort,digemid_name_inference,true
Mifarma,Nepro AP Suspensión Oral Sabor Vainilla - Lata 237 ML,Nepro AP Suspensión Oral Sabor Vainilla - Lata 237 ML,DE2077,20.50,PEN,available,https://www.mifarma.com.pe/producto/nepro-ap-suspension-oral-sabor-vainilla/527906,527906,NEPRO,algolia_public_search,2026-06-08T00:46:29.051336+00:00,,Este producto es distribuido por Inretail Pharma S.A. (Ley 32033) Alimento nutricional para pacientes con enfermedad renal crónica. Suplementos / Complementos Suplementos Nutricionales Fórmula Infantil Especial Pediátricos,digemid_name_inference,true
Mifarma,Maddre DHA Sabor Vainilla,Maddre DHA Sabor Vainilla,DE2482,59.50,PEN,available,https://www.mifarma.com.pe/producto/maddre-dha-sabor-vainilla/554503,554503,MADDRE,algolia_public_search,2026-06-08T00:46:29.052621+00:00,,Este producto es distribuido por Inretail Pharma S.A. (Ley 32033) Indicado en la prevención y el tratamiento de las deficiencias de vitaminas y minerales durante la gestación y lactancia y tratamiento de la anemia del embarazo. Suplementos / Complementos Embarazo,digemid_name_inference,true
Mifarma,Oramin F Cápsula Blanda,Oramin F Cápsula Blanda,DE2006,39.90,PEN,unavailable,https://www.mifarma.com.pe/producto/oramin-f-capsulas-blandas/575705,575705,DROGUERÍA LOS ANDES,algolia_public_search,2026-06-08T00:46:29.054579+00:00,,Ginseng coreano 50.0mg|jalea real 0.0mg|palmitato de retinol 1g|ergocalciferol 2500UI|acetato de di-? tocoferol 400UI|nitrato de tiamina 45.0mg|riboflavina 2.0mg|clorhidrato de piridoxina 2.0mg|ácido ascórbico 100.0mg|nicotinamida 20.0mg|pantotenato de calcio 30.0mg|cianocobalamina 6.0ug|fumarato ferroso 27.38mg|sulfato de cobre 7.86mg|óxido de magnesio 66.34mg|óxido de zinc 5.0mg|fosfato de calcio dibásico anhidro 307.5mg|sulfato de manganeso 3.0mg|sulfato de potasio 18.0mg Este producto es distribuido por Inretail Pharma S.A. (Ley 32033) Multivitamínicos Suplementos / Complementos Adulto Para Adultos,digemid_name_inference,true
Mifarma,Pack Applied Nutrition Iso XP Choco Peanut + Creatine Monohydrate,Pack Applied Nutrition Iso XP Choco Peanut + Creatine Monohydrate,DE4546,415.00,PEN,available,https://www.mifarma.com.pe/producto/pack-iso-xp-choco-peanut-creatine-monohydrate/PACKNT572,PACKNT572,APPLIED NUTRITION,algolia_public_search,2026-06-08T00:46:29.054742+00:00,,Creatine monohydrate polvo oral - Frasco 500 GR: Una Cucharada (5g) contiene: Creatina Monohidratada 5g. Este producto es distribuido por Inretail Pharma S.A. (Ley 32033) Promociones en Suplementos y Vitaminas Packs de Nutrición y Bienestar Más Proteinas con Mejores Resultados,digemid_name_inference,true
Mifarma,Pack ISO - XP Choco Peanut Polvo Oral + 100% Creatine Monohydrate Kevin Levrone,Pack ISO - XP Choco Peanut Polvo Oral + 100% Creatine Monohydrate Kevin Levrone,DE3929,415.00,PEN,available,https://www.mifarma.com.pe/producto/pack-iso-xp-choco-peanut-kevin-levrone/PACKNT530,PACKNT530,APPLIED NUTRITION,algolia_public_search,2026-06-08T00:46:29.054923+00:00,,ISO - XP Choco Peanut Polvo Oral-Frasco 1800 GR: Cada cucharada/porción (2.5 g) contiene:Creatina Monohidrato 2.5g Este producto es distribuido por Inretail Pharma S.A. (Ley 32033) Promociones en Suplementos y Vitaminas Suplementos Nutricionales Nutrición Deportiva Packs de Nutrición y Bienestar Fitness y Deportivos Deportivos Suplementos Deportivos Más Proteinas con Mejores Resultados,digemid_name_inference,true
Mifarma,Pack Applied Nutrition Iso XP Choco Peanut + Creatine Monohydrate,Pack Applied Nutrition Iso XP Choco Peanut + Creatine Monohydrate,DE4546,412.00,PEN,available,https://www.mifarma.com.pe/producto/pack-iso-xp-choco-peanut-creatine-monohydrate/PACKNT568,PACKNT568,APPLIED NUTRITION,algolia_public_search,2026-06-08T00:46:29.055081+00:00,,Creatine monohydrate polvo oral - Frasco 250 GR: Una Cucharada (5g) contiene: Creatina Monohidratada 5g. Este producto es distribuido por Inretail Pharma S.A. (Ley 32033) Promociones en Suplementos y Vitaminas Packs de Nutrición y Bienestar Más Proteinas con Mejores Resultados,digemid_name_inference,true
Mifarma,Pack Applied Nutrition Iso XP Choco Honeycomb + Creatine Monohydrate,Pack Applied Nutrition Iso XP Choco Honeycomb + Creatine Monohydrate,DE4516,389.90,PEN,available,https://www.mifarma.com.pe/producto/pack-iso-xp-choco-honeycomb-creatine-monohydrate/PACKNT567,PACKNT567,APPLIED NUTRITION,algolia_public_search,2026-06-08T00:46:29.055231+00:00,,Creatine monohydrate polvo oral - Frasco 250 GR: Una Cucharada (5g) contiene: Creatina Monohidratada 5g. Este producto es distribuido por Inretail Pharma S.A. (Ley 32033) Promociones en Suplementos y Vitaminas Packs de Nutrición y Bienestar Más Proteinas con Mejores Resultados,digemid_name_inference,true
Mifarma,Pack Applied Nutrition Iso XP Chocolate Dessert + Creatine Monohydrate,Pack Applied Nutrition Iso XP Chocolate Dessert + Creatine Monohydrate,DE4546,389.90,PEN,available,https://www.mifarma.com.pe/producto/pack-iso-xp-chocolate-dessert-creatine-monohydrate/PACKNT566,PACKNT566,APPLIED NUTRITION,algolia_public_search,2026-06-08T00:46:29.055426+00:00,,Iso-xp whey protein isolate chocolate - Pote 1800GR: Una cucharada (25 g) contiene: Proteína (Aislado de proteína de suero de leche) 22.5 g Excipientes c.s.p Creatine monohydrate polvo oral - Frasco 250 GR:Una Cucharada (5g) contiene: Creatina Monohidratada 5g. Este producto es distribuido por Inretail Pharma S.A. (Ley 32033) Promociones en Suplementos y Vitaminas Packs de Nutrición y Bienestar Más Proteinas con Mejores Resultados,digemid_name_inference,true
Mifarma,Pack Applied Nutrition Iso XP Vainilla + Creatine Monohydrate,Pack Applied Nutrition Iso XP Vainilla + Creatine Monohydrate,DE4546,389.90,PEN,available,https://www.mifarma.com.pe/producto/pack-iso-xp-vainilla-creatine-monohydrate/PACKNT565,PACKNT565,APPLIED NUTRITION,algolia_public_search,2026-06-08T00:46:29.055634+00:00,,Iso-xp whey protein isolate vainilla - Pote 1800 GR: Una cucharada (25 g) contiene: Proteína (Aislado de proteína de suero de leche) 23.4 g Excipientes c.s.p Creatine monohydrate - Frasco 250 GR:Una Cucharada (5g) contiene: Creatina Monohidratada 5g. Este producto es distribuido por Inretail Pharma S.A. (Ley 32033) Promociones en Suplementos y Vitaminas Packs de Nutrición y Bienestar Más Proteinas con Mejores Resultados,digemid_name_inference,true
Mifarma,Pack Demolitor Iso Protein Chocolate + Creatina Con Maca,Pack Demolitor Iso Protein Chocolate + Creatina Con Maca,DE3903,289.00,PEN,available,https://www.mifarma.com.pe/producto/pack-demolitor-iso-protein-chocolate-creatina-maca/PACKNT591,PACKNT591,DEMOLITOR,algolia_public_search,2026-06-08T00:46:29.058114+00:00,,Demolitor Creatina Monohidratada con Maca Polvo: Creatina monohidratada 4g Maca negra gelatinizada 1g Este producto es distribuido por Inretail Pharma S.A. (Ley 32033) Promociones en Suplementos y Vitaminas Suplementos Nutricionales Nutrición Deportiva Packs de Nutrición y Bienestar Fitness y Deportivos Deportivos Suplementos Deportivos Más Proteinas con Mejores Resultados,digemid_name_inference,true
Mifarma,ISO- XP 100% Proteína Isolatada Chocolate + 100% Creatine Monohydrate Kevin Levrone,ISO- XP 100% Proteína Isolatada Chocolate + 100% Creatine Monohydrate Kevin Levrone,DE3929,249.90,PEN,available,https://www.mifarma.com.pe/producto/iso-xp-100-proteina-kevin-levrone/PACKNT526,PACKNT526,APPLIED NUTRITION,algolia_public_search,2026-06-08T00:46:29.058719+00:00,,"ISO- XP 100% Proteina isolatada sabor chocolate-Bolsa 1000 GR 100% Whey Protein isolate (Milk) ( emulsified with sunflower lecithin),Cocoa Powder, natural flavour, sweetener (sucralose) 100% Creatine Monohydrate Kevin Levrone-Pote 500 G Cada cucharada/porción (2.5 g) contiene:Creatina Monohidrato 2.5g Este producto es distribuido por Inretail Pharma S.A. (Ley 32033) Promociones en Suplementos y Vitaminas Suplementos Nutricionales Nutrición Deportiva Packs de Nutrición y Bienestar Fitness y Deportivos Deportivos Suplementos Deportivos Más Proteinas con Mejores Resultados",digemid_name_inference,true
Mifarma,Pack 02 Sunvit Gluc 500/Chond 400& MSM Tableta,Pack 02 Sunvit Gluc 500/Chond 400& MSM Tableta,DE2665,172.30,PEN,available,https://www.mifarma.com.pe/producto/pack-02-sunvit-gluc-500-chond-400-msm-tableta/PACKNT406,PACKNT406,SUNVIT,algolia_public_search,2026-06-08T00:46:29.062104+00:00,,Este producto es distribuido por Inretail Pharma S.A. (Ley 32033) Multivitamínicos Suplementos y Vitaminas Packs de Nutrición y Bienestar Antiflamatorio y Antiartrósico Para Adultos,digemid_name_inference,true
Mifarma,Biosil Beauty Cápsula,Biosil Beauty Cápsula,DE2480,167.00,PEN,available,https://www.mifarma.com.pe/producto/biosil-beauty-capsula/320271,320271,BIOSIL,algolia_public_search,2026-06-08T00:46:29.063015+00:00,,"Ch-Osa* (Ácido ortosilícico) 170mg (Cloruro de colina 134mg (Colina 100mg), Agua purificada 30.94mg y Silicio 5mg), Biotina 65mcg Este producto es distribuido por Inretail Pharma S.A. (Ley 32033) Suplementos Nutricionales Suplementos y Vitaminas Busca tu Marca de Colágeno Ideal Colágenos",digemid_name_inference,true
Mifarma,Biosil Adults 50+ Antiox Cápsula,Biosil Adults 50+ Antiox Cápsula,DE4914,167.00,PEN,available,https://www.mifarma.com.pe/producto/biosil-adults-50-antiox-capsula/320270,320270,BIOSIL,algolia_public_search,2026-06-08T00:46:29.063163+00:00,,"Ácido ortosilícico estabilizado con colina (Ch-Osa) 170mg (Cloruro de colina 134mg (colina 100mg), Agua purificada 31mg, Silicio 5mg), selenio de sodio 48 mcg (selenio 20mcg) Este producto es distribuido por Inretail Pharma S.A. (Ley 32033) Suplementos Nutricionales Suplementos y Vitaminas Busca tu Marca de Colágeno Ideal Colágenos",digemid_name_inference,true
Mifarma,BCAA 10:1:1 Blue Raspberry Lab Nutritionn Polvo para Solución Oral,BCAA 10:1:1 Blue Raspberry Lab Nutritionn Polvo para Solución Oral,DE2995,141.90,PEN,available,https://www.mifarma.com.pe/producto/bcaa-10-1-1-blue-raspberry-lab-nutritionn-oral/311527,311527,LAB NUTRITION,algolia_public_search,2026-06-08T00:46:29.064723+00:00,,"INGREDIENTS: Citric Acid, Natural & Artificial Flavors, Malic Acid,, Sodium Citrate, Potassium Chloride, Sucralose, Slicon Dioxide, FD&C Blue #1. Este producto es distribuido por Inretail Pharma S.A. (Ley 32033) Suplementos Nutricionales Nutrición Deportiva Fitness y Deportivos Deportivos Suplementos Deportivos",digemid_name_inference,true
Mifarma,Pack Sunvit Melatonin 1 mg Tableta,Pack Sunvit Melatonin 1 mg Tableta,DE2329,123.00,PEN,available,https://www.mifarma.com.pe/producto/pack-sunvit-melatonin-1-mg-tableta/PACKNT218,PACKNT218,SUNVIT,algolia_public_search,2026-06-08T00:46:29.065866+00:00,,Melatonina 1 mg Este producto es distribuido por Inretail Pharma S.A. (Ley 32033) Sistema Locomotor Suplementos Nutricionales Suplementos y Vitaminas Packs de Nutrición y Bienestar Sedantes Ayuda a Relajarte y Dormir Mejor Naturales,digemid_name_inference,true
Mifarma,Abe Sour Gummy Bear Polvo Oral,Abe Sour Gummy Bear Polvo Oral,DE4811,123.00,PEN,available,https://www.mifarma.com.pe/producto/abe-sour-gummy-bear-polvo-oral/307286,307286,APPLIED NUTRITION,algolia_public_search,2026-06-08T00:46:29.066022+00:00,,"Citrulline Malate, Creatine Monohydrate, Beta-Alanine, Sodium Bicarbonate, Acid (Citric Acid), Silicon Dioxide, Calcium Silicate, Taurine, Caffeine Anhydrous, TheaCrine, Flavouring, Colour (Beetroot Red), Sweetener (Sucralose), Nicotinamide (Vitamin B3), Vitamin B12 (Cyanocobalamin). Este producto es distribuido por Inretail Pharma S.A. (Ley 32033) Suplementos Nutricionales Nutrición Deportiva Fitness y Deportivos Deportivos Suplementos Deportivos",digemid_name_inference,true
Mifarma,Abe Strawberry Mojito Polvo Oral,Abe Strawberry Mojito Polvo Oral,DE4812,123.00,PEN,available,https://www.mifarma.com.pe/producto/abe-strawberry-mojito-polvo-oral/307208,307208,APPLIED NUTRITION,algolia_public_search,2026-06-08T00:46:29.066195+00:00,,"Cada cucharada/porción (10.5 g) contiene: INGREDIENTS: Citrulline Malate, Creatine Monohydrate, Beta-Alanine, Sodium Bicarbonate, Acid (Citric Acid), Silicon Dioxide, Calcium Silicate, Taurine, Caffeine Anhydrous, Methylliberine (as Dynamine®R), TheaCrine, Flavouring, Colour (Beetroot Red), Sweetener (Sucralose), Nicotinamide (Vitamin B3), Vitamin B12 (Cyanocobalamin). Este producto es distribuido por Inretail Pharma S.A. (Ley 32033) Suplementos Nutricionales Nutrición Deportiva Fitness y Deportivos Deportivos Suplementos Deportivos",digemid_name_inference,true
Mifarma,Proteinex Polvo Oral,Proteinex Polvo Oral,DE1739,107.90,PEN,available,https://www.mifarma.com.pe/producto/proteinex-polvo-oral-275g/529781,529781,PROTEINEX,algolia_public_search,2026-06-08T00:46:29.066902+00:00,,Este producto es distribuido por Inretail Pharma S.A. (Ley 32033) Suplementos / Complementos Adulto,digemid_name_inference,true
Mifarma,"Pack 02 Sunvit Naturals Omega 3 1,000mg","Pack 02 Sunvit Naturals Omega 3 1,000mg",DE4734,100.80,PEN,available,https://www.mifarma.com.pe/producto/pack-02-sunvit-naturals-omega-3-1000mg/PACKNT208,PACKNT208,SUNVIT,algolia_public_search,2026-06-08T00:46:29.068365+00:00,,Aceite de Sacha Inchi. No contiene preservantes ni aditivos. Este producto es distribuido por Inretail Pharma S.A. (Ley 32033) Multivitamínicos Suplementos y Vitaminas Packs de Nutrición y Bienestar Omega 3-Fish Oil Para Adultos,digemid_name_inference,true
Mifarma,Pack 02 Sunvit Naturals Omega 3 500mg,Pack 02 Sunvit Naturals Omega 3 500mg,DE3109,96.20,PEN,available,https://www.mifarma.com.pe/producto/pack-02-sunvit-naturals-omega-3-500mg/PACKNT205,PACKNT205,SUNVIT,algolia_public_search,2026-06-08T00:46:29.069358+00:00,,Aceite de Sacha Inchi. No contiene preservantes ni aditivos. Este producto es distribuido por Inretail Pharma S.A. (Ley 32033) Multivitamínicos Suplementos y Vitaminas Packs de Nutrición y Bienestar Omega 3-Fish Oil Para Adultos,digemid_name_inference,true
Mifarma,Pack Sunvit Calcium Mag Zinc+D Tableta,Pack Sunvit Calcium Mag Zinc+D Tableta,DE2854,95.30,PEN,available,https://www.mifarma.com.pe/producto/pack-sunvit-calcium-mag-zinc-d-tableta/PACKNT213,PACKNT213,SUNVIT,algolia_public_search,2026-06-08T00:46:29.069488+00:00,,Vitamina D3 10mcg Calcio 1000mg Magnesio 400 mg Zinc 15 mg Este producto es distribuido por Inretail Pharma S.A. (Ley 32033) Minerales Suplementos / Complementos Packs de Nutrición y Bienestar Otros Minerales Embarazo,digemid_name_inference,true
Mifarma,Pack 02 Sunvit L-Carnitine 500 mg Cápsula,Pack 02 Sunvit L-Carnitine 500 mg Cápsula,DE3926,94.90,PEN,available,https://www.mifarma.com.pe/producto/pack-02-sunvit-l-carnitine-500-mg-capsula/PACKNT399,PACKNT399,SUNVIT,algolia_public_search,2026-06-08T00:46:29.069609+00:00,,Este producto es distribuido por Inretail Pharma S.A. (Ley 32033) Sistema Nervioso Suplementos Nutricionales Nutrición Deportiva Packs de Nutrición y Bienestar Fitness y Deportivos Suplementos Dietéticos Dietéticos Otros en Sistema Nervioso,digemid_name_inference,true
Mifarma,Pack 02 de Gomitas More Beauty Biotina Sabor Cereza,Pack 02 de Gomitas More Beauty Biotina Sabor Cereza,DE3564,90.90,PEN,available,https://www.mifarma.com.pe/producto/pack-02-de-gomitas-more-beauty-biotina/PACKNT72,PACKNT72,COSTA VIVA,algolia_public_search,2026-06-08T00:46:29.071086+00:00,,"Agua, Emulsionantes: Jarabe de maltitol (SIN 965(ii)) y Maltitol (SIN 965(i)), Gelatina, Azúcar, Biotina, Regulador de la acidez: Ácido cítrico (SIN 330), Saborizante a Cereza, Sustancia Conservadora: Sorbato de potasio (SIN 202), Edulcorante: Sucralosa (SIN 955), Biotina y Colorantes: Rojo Allura AC (SIN 129) y Azul Brillante FCF (SIN 133). Este producto es distribuido por Inretail Pharma S.A. (Ley 32033) Vitaminas y Suplementos Vitaminas Suplementos y Vitaminas Packs de Nutrición y Bienestar Gomitas Funcionales para Todo Biotina Vitamina B",digemid_name_inference,true
Mifarma,Sunvit Gluc 500/Chond 400& MSM Tableta,Sunvit Gluc 500/Chond 400& MSM Tableta,DE2665,89.50,PEN,available,https://www.mifarma.com.pe/producto/sunvit-gluc-500-chond-400-msm-tableta/816531,816531,SUNVIT,algolia_public_search,2026-06-08T00:46:29.071870+00:00,,Cada tableta contiene: Sulfato de Glucocsamina 2KCI.....500 mg Sulfato de Condroitina.....400 mg MetilSulfonilMetano.....250 mg Este producto es distribuido por Inretail Pharma S.A. (Ley 32033) Multivitamínicos Suplementos y Vitaminas Antiflamatorio y Antiartrósico Para Adultos,digemid_name_inference,true
Mifarma,Pack 02 Sunvit Magnesio 500mg,Pack 02 Sunvit Magnesio 500mg,DE4606,80.80,PEN,available,https://www.mifarma.com.pe/producto/pack-02-sunvit-magnesio-500mg/PACKNT204,PACKNT204,SUNVIT,algolia_public_search,2026-06-08T00:46:29.241028+00:00,,Magnesio 500mg Este producto es distribuido por Inretail Pharma S.A. (Ley 32033) Suplemento dietético Vitaminas para Adultos Vitaminas Suplementos y Vitaminas Packs de Nutrición y Bienestar Lo más Buscado en Citrato y Glicinato de Magnesio Vitamina D,digemid_name_inference,true
Mifarma,Generador de Colágeno BIOSIL,Generador de Colágeno BIOSIL,DE2480,79.90,PEN,available,https://www.mifarma.com.pe/producto/biosil-generador-colageno-avanzado-30un/529236,529236,BIOSIL,algolia_public_search,2026-06-08T00:46:29.241203+00:00,,Este producto es distribuido por Inretail Pharma S.A. (Ley 32033) Suplemento dietético que contribuye: En reducir líneas finas y arrugas; espesa y fortalece el cabello; fortalece las uñas; promueve huesos y articulaciones saludables. Suplementos Nutricionales Suplementos y Vitaminas Busca tu Marca de Colágeno Ideal Colágenos,digemid_name_inference,true
Mifarma,Pack 02 Sunvit Fish Oil 1000 mg Cápsula Blanda,Pack 02 Sunvit Fish Oil 1000 mg Cápsula Blanda,DE4075,79.90,PEN,available,https://www.mifarma.com.pe/producto/pack-02-sunvit-fish-oil-1000-mg-capsula-blanda/PACKNT393,PACKNT393,SUNVIT,algolia_public_search,2026-06-08T00:46:29.241375+00:00,,Aceite de pescado 1000mgAceites grasos Omega 3 300 mg:-EPA (acido eicosapentanoico) 180 mg-DHA (acido docosahexaenoico) 120 mg Este producto es distribuido por Inretail Pharma S.A. (Ley 32033) Sistema Circulatorio Vitaminas para Adultos Suplementos y Vitaminas Packs de Nutrición y Bienestar Cardiovasculares Omega 3-Fish Oil,digemid_name_inference,true
Mifarma,Fish Oil 1200 mg Cápsulas blanda,Fish Oil 1200 mg Cápsulas blanda,DE4879,76.40,PEN,available,https://www.mifarma.com.pe/producto/fish-oil-1200-mg-capsulas-blanda/800387,800387,NATURE'S BOUNTY,algolia_public_search,2026-06-08T00:46:29.241907+00:00,,Aceite de Pescado 1200 mg (1.2 g) Proporciona 360 mg de Total de Ácidos grasos Omega-3 que comprende: EPA (Ácido Eicosapentaenoico) DHA (ácido docosahexaenoico) Otros Ácidos Grasos Este producto es distribuido por Inretail Pharma S.A. (Ley 32033) *60 Cápsulas Blandas*Suplemento Dietético Vitaminas Sistema Sanguíneo Suplementos y Vitaminas Antianémicos Omega 3-Fish Oil Vitamina D,digemid_name_inference,true
Mifarma,"Omega 3,6, 9 BLAMAC Sacha Inchi 500 mg","Omega 3,6, 9 BLAMAC Sacha Inchi 500 mg",DE4734,69.20,PEN,available,https://www.mifarma.com.pe/producto/suplemento-dietetico/514751,514751,OMEGA,algolia_public_search,2026-06-08T00:46:29.242626+00:00,,"Este producto es distribuido por Inretail Pharma S.A. (Ley 32033) Con un agradable sabor suave y a nuez, nuestro aceite Starseed® Sacha Inchi tiene el mayor contenido de ácidos grasos poliinsaturados de cualquier aceite vegetal, principalmente Omega 3 (ALA). Su contenido natural de tocoferol contribuye a su capacidad antioxidante, lo que lo convierte en uno de los más aceites vegetales omega 3 de larga conservación. Nuestro aceite Starseed® Sacha Inchi es prensado en frío, vegano, crudo, no OGM y sin gluten. Suplementos Nutricionales Suplementos y Vitaminas Omega 3-Fish Oil Naturales",digemid_name_inference,true
Mifarma,Pack 02 Citrato de Magnesio Mujer Aguaje,Pack 02 Citrato de Magnesio Mujer Aguaje,DE4606,68.90,PEN,available,https://www.mifarma.com.pe/producto/pack-02-citrato-de-magnesio-mujer-aguaje/PACKNT349,PACKNT349,MUJER AGUAJE,algolia_public_search,2026-06-08T00:46:29.242815+00:00,,"Mujer aguaje Citrato de Magnesio Citrato de Magnesio,Valeriana micropulverizada,fruto de cereza pulverizado,toronjil en polvo.No contiene preservantes, colorantes ni saborizantes artificiales. Este producto es distribuido por Inretail Pharma S.A. (Ley 32033) Alimentos Naturales Suplementos y Vitaminas Packs de Nutrición y Bienestar Lo más Buscado en Citrato y Glicinato de Magnesio Otros Alimentos Naturales",digemid_name_inference,true
Mifarma,Bisglicinato de Magnesio 694mg Comprimido,Bisglicinato de Magnesio 694mg Comprimido,DE4606,67.90,PEN,available,https://www.mifarma.com.pe/producto/bisglicinato-de-magnesio-694mg-comprimido/320450,320450,DRASANVI,algolia_public_search,2026-06-08T00:46:29.242982+00:00,,"Bisglicinato de magnesio (Magnesio 18%), Agente de carga (Celulosa microcristalina), Agente de carga (Sal magnésica de ácido graso), Antiaglomerante (Dióxido de silicio) Este producto es distribuido por Inretail Pharma S.A. (Ley 32033) Multivitamínicos Suplementos y Vitaminas Lo más Buscado en Citrato y Glicinato de Magnesio Para Niños",digemid_name_inference,true
Mifarma,Sacha Inchi Omega 3-6-9 Amazon Andes,Sacha Inchi Omega 3-6-9 Amazon Andes,DE4734,67.50,PEN,available,https://www.mifarma.com.pe/producto/sacha-inchi-omega-3-6-9-amazon-andes-/800831,800831,AMAZON,algolia_public_search,2026-06-08T00:46:29.243111+00:00,,*Aceite de sacha inchi orgánico. Este producto es distribuido por Inretail Pharma S.A. (Ley 32033) Multivitamínicos Suplementos y Vitaminas Omega 3-Fish Oil Para Adultos,digemid_name_inference,true
Mifarma,Pack Sunvit Folic Acid 800 mcg Tableta,Pack Sunvit Folic Acid 800 mcg Tableta,DE0395,63.90,PEN,available,https://www.mifarma.com.pe/producto/pack-sunvit-folic-acid-800-mcg-tableta/PACKNT214,PACKNT214,SUNVIT,algolia_public_search,2026-06-08T00:46:29.244002+00:00,,Ácido Fólico 1333 mcg Este producto es distribuido por Inretail Pharma S.A. (Ley 32033) Vitaminas y Suplementos Vitaminas Suplementos y Vitaminas Packs de Nutrición y Bienestar Vitamina B-Complejo B B6 y B12 Vitamina B Ácido Fólico,digemid_name_inference,true
Mifarma,Omega 3-6-9 Sacha Inchi Capsulas blandas,Omega 3-6-9 Sacha Inchi Capsulas blandas,DE4734,62.10,PEN,available,https://www.mifarma.com.pe/producto/omega-3-6-9-sacha-inchi-capsulas-blandas/303375,303375,AMAZON,algolia_public_search,2026-06-08T00:46:29.245190+00:00,,"Aceite de Sacha Inchi orgánico 100% NaturalOmega 3:48.19%Omega 6 : 35.86%Omega 9 : 8.35% Este producto es distribuido por Inretail Pharma S.A. (Ley 32033) Preguntas frecuentes .faq-grid { display: grid; grid-template-columns: repeat(2, 1fr); gap: 16px; margin: 24px 0; } .faq-card { background: #f8f9fa; border: 1px solid #e9ecef; border-radius: 10px; padding: 20px 24px; } .faq-card h3 { font-size: 16px; font-weight: 600; color: #1a1a1a; margin: 0 0 10px; line-height: 1.4; } .faq-card p { font-size: 14px; color: #555; margin: 0; line-height: 1.7; } @media (max-width: 600px) { .faq-grid { grid-template-columns: 1fr; } } ¿Qué componentes contiene Omega 3-6-9 Sacha Inchi? Este producto contiene ácidos grasos Omega 3, 6 y 9 a base de sacha inchi en cápsulas blandas para consumo oral. ¿Cuál es la presentación de este suplemento con omegas? La presentación corresponde a cápsulas blandas. Este formato es utilizado en suplementos elaborados con aceites y ácidos grasos. ¿Cómo se consumen las cápsulas blandas de Omega 3-6-9? Las cápsulas se administran por vía oral y pueden acompañarse con agua. Se deben seguir las instrucciones indicadas en el etiquetado. ¿Qué es el sacha inchi utilizado en suplementos? El sacha inchi es una planta conocida por su contenido natural de aceites vegetales y ácidos grasos utilizados en suplementos nutricionales. Suplementos Nutricionales Suplementos y Vitaminas Omega 3-Fish Oil Naturales",digemid_name_inference,true
Mifarma,Magnesio Duo Cápsula,Magnesio Duo Cápsula,DE4606,44.90,PEN,available,https://www.mifarma.com.pe/producto/magnesio-duo-capsula/319668,319668,MUJER AGUAJE,algolia_public_search,2026-06-08T00:46:29.250978+00:00,,"Cada cápsula contiene: Glicinato de magnesio 367.5mg (Eq. a 73.5 mg Magnesio) Oxido de magnesio 90.0mg (Eq. a 54.3mg de Magnesio) Este producto es distribuido por Inretail Pharma S.A. (Ley 32033) Preguntas frecuentes .faq-grid { display: grid; grid-template-columns: repeat(2, 1fr); gap: 16px; margin: 24px 0; } .faq-card { background: #f8f9fa; border: 1px solid #e9ecef; border-radius: 10px; padding: 20px 24px; } .faq-card h3 { font-size: 16px; font-weight: 600; color: #1a1a1a; margin: 0 0 10px; line-height: 1.4; } .faq-card p { font-size: 14px; color: #555; margin: 0; line-height: 1.7; } @media (max-width: 600px) { .faq-grid { grid-template-columns: 1fr; } } ¿Qué contiene Magnesio Duo Cápsula? Este producto contiene magnesio en cápsulas para consumo oral. El magnesio es un mineral presente en suplementos alimenticios. ¿Cómo se presenta Magnesio Duo? La presentación corresponde a cápsulas de administración oral. Este formato es utilizado en suplementos con minerales. ¿Cómo se consumen las cápsulas de magnesio? Las cápsulas se toman por vía oral acompañadas de agua. La forma de consumo debe seguir las indicaciones señaladas en el envase. ¿Cómo conservar este suplemento de magnesio? Se recomienda conservar el producto en un lugar fresco y seco, protegido de la humedad y de la exposición directa al sol. Minerales Suplementos y Vitaminas Lo más Buscado en Citrato y Glicinato de Magnesio Magnesio",digemid_name_inference,true
Mifarma,Folic Acid 800 mcg tableta,Folic Acid 800 mcg tableta,DE-2634,43.00,PEN,available,https://www.mifarma.com.pe/producto/folic-acid-800-mcg-tableta/814328,814328,VITAMINS FOR LIFE,algolia_public_search,2026-06-08T00:46:29.251282+00:00,,Ácido fólico 800 mcg Este producto es distribuido por Inretail Pharma S.A. (Ley 32033) Suplemento dietético RS: DE-2634 Vitaminas y Suplementos Vitaminas Suplementos y Vitaminas Vitamina B-Complejo B B6 y B12 Vitamina B Ácido Fólico,page_or_detail_regex,true
Mifarma,Citrato de Magnesio 531mg Drasanvi Comprimido,Citrato de Magnesio 531mg Drasanvi Comprimido,DE4606,33.90,PEN,available,https://www.mifarma.com.pe/producto/citrato-de-magnesio-531mg-comprimido/320395,320395,DRASANVI,algolia_public_search,2026-06-08T00:46:29.256138+00:00,,"Citrato de magnesio (Magnesio 15,5%) 1062 mg, Celulosa microcristalina (Agente de carga), Sal magnésica de ácido graso (Agente de carga), Dióxido de silicio (Antiaglomerante) Este producto es distribuido por Inretail Pharma S.A. (Ley 32033) Minerales Suplementos y Vitaminas Nutrición Adulto Lo más Buscado en Citrato y Glicinato de Magnesio Magnesio",digemid_name_inference,true
Mifarma,Glutapak R Polvo Oral,Glutapak R Polvo Oral,DE0876,32.90,PEN,available,https://www.mifarma.com.pe/producto/glutapak-r-polvo-oral-15g/529779,529779,GLUTAPAK,algolia_public_search,2026-06-08T00:46:29.256257+00:00,,Este producto es distribuido por Inretail Pharma S.A. (Ley 32033) Suplementos Nutricionales Suplementos / Complementos Dietéticos Diabéticos,digemid_name_inference,true
Mifarma,Abintra Sabor Naranja Polvo Oral,Abintra Sabor Naranja Polvo Oral,DE3405,31.50,PEN,available,https://www.mifarma.com.pe/producto/abintra-sabor-naranja-polvo-oral-27g/307074,307074,ABINTRA,algolia_public_search,2026-06-08T00:46:29.256765+00:00,,"L-ARGININA 7g, L-GLUTAMINA 7g, AISLADO DE PROTEINA DE SUERO DE LECHE 5.49g, MALTODEXTRINA 2g , ACIDO ASCORBIC0 0.5g, SUlFATO DE ZINC 0.0411g, ACETATO DL ALFA TOCOFERIL 0.03g , PALMITATO DE VITAMINA A 0.015g, GLUCONATO DE COBRE 0.014g, HIDROCLORURO DE PIRIDOXINA 0.002g, BETA CAROTENO 0.0007499g SELENITO DE SODIO 0.00015g, CIANOCOBALAMINA 0.000006g. EXCIPIENTES c.s.p. CONTIENE INGREDIENTES DE LECHE Y SOYA, LIBRE DE LACTOSA Y GLUTEN. Este producto es distribuido por Inretail Pharma S.A. (Ley 32033) Suplementos / Complementos Adulto",digemid_name_inference,true
Mifarma,Loción de Magnesio Dr. Pérez-Albela,Loción de Magnesio Dr. Pérez-Albela,DE4606,13.30,PEN,available,https://www.mifarma.com.pe/producto/locion-magnesio-dr-perez-albela/319970,319970,DR. PEREZ-ALBELA,algolia_public_search,2026-06-08T00:46:29.258954+00:00,,"Water, magnesium chloride, glycerin, methyl gluceth-20. Potassium sorbate, aloe barbadensis leaf juice. Este producto es distribuido por Inretail Pharma S.A. (Ley 32033) Minerales Suplementos y Vitaminas Lo más Buscado en Citrato y Glicinato de Magnesio Magnesio",digemid_name_inference,true
Mifarma,Alpha TX9 Fruit Punch Polvo Oral,Alpha TX9 Fruit Punch Polvo Oral,DE4671,71.00,PEN,available,https://www.mifarma.com.pe/producto/alpha-tx9-fruit-punch-polvo-oral/307366,307366,KEVIN LEVRONE,algolia_public_search,2026-06-08T00:46:29.259223+00:00,,"COMPOSICIÓN:Cada 2 cucharadas (12.6 g) contiene: Acido Aspartico 3000 mg Beta Hidroxi Beta Metilbutirato de Calcio 3000 mg L-Arginina 2000 mg L-Ornitina 500 mg Citrato de Magnesio 400 mg Vitamina C 50 mg Zinc 15 mg Coenzima Q10 20 mg Vitamina B6 15 mg Este producto es distribuido por Inretail Pharma S.A. (Ley 32033) El Alpha TX9 es un Test-Booster caracterizado por contener una mezcla de ingredientes seleccionados para optimizar la producción de testosterona natural, mejorar la recuperación, aumentar la masa y potenciar la fuerza y la resistencia. Los 9 ingredientes favorecerán a maximizar el rendimiento físico y desarrollo muscular. Suplementos Nutricionales Nutrición Deportiva Fitness y Deportivos Deportivos Suplementos Deportivos",digemid_name_inference,true
Mifarma,Pack 02 Creatine Monohydrate Kevin Levrone,Pack 02 Creatine Monohydrate Kevin Levrone,DE4546,141.90,PEN,available,https://www.mifarma.com.pe/producto/pack-02-100-creatine-monohydrate-kevin-levrone/PACKNT543,PACKNT543,KEVIN LEVRONE,algolia_public_search,2026-06-08T00:46:29.259540+00:00,,Cada cucharada/porción (2.5 g) contiene:Creatina Monohidrato 2.5g Este producto es distribuido por Inretail Pharma S.A. (Ley 32033) Promociones en Suplementos y Vitaminas Packs de Nutrición y Bienestar Fitness y Deportivos Creatina más Fuerza en Cada Entrenamiento Suplementos Deportivos,digemid_name_inference,true
Mifarma,Pack Colágeno Hidrolizado Aguaje y Biotina Mujer Cápsulas y Colágeno en Polvo,Pack Colágeno Hidrolizado Aguaje y Biotina Mujer Cápsulas y Colágeno en Polvo,DE3564,83.90,PEN,available,https://www.mifarma.com.pe/producto/pack-colageno-hidrolizado-aguaje-capsulas-colageno-polvo/PACKNT502,PACKNT502,MUJER AGUAJE,algolia_public_search,2026-06-08T00:46:29.260068+00:00,,"Colágeno hidrolizado Aguaje y Biotina - Mujer Cápsulas: Colágeno hidrolizado,Fruto de aguaje micropulverizado y biotina Colágeno Aguaje & Biotina Mujer Aguaje en Polvo: Colágeno hidrolizado, fruto de aguaje micropulverizado y biotina no contiene preservantes, colorantes ni saborizantes artificiales. Este producto es distribuido por Inretail Pharma S.A. (Ley 32033) Suplementos Nutricionales Suplementos y Vitaminas Packs de Nutrición y Bienestar Busca tu Marca de Colágeno Ideal Colágenos",digemid_name_inference,true
Mifarma,Pack 03 Colágeno Aguaje Biotina 400mg,Pack 03 Colágeno Aguaje Biotina 400mg,DE3564,89.90,PEN,available,https://www.mifarma.com.pe/producto/pack-03-colageno-aguaje-biotina-400mg/PACKNT113,PACKNT113,BIOLOGISTICA PERÚ,algolia_public_search,2026-06-08T00:46:29.260531+00:00,,"Colágeno hidrolizado,Fruto de aguaje micropulverizado y biotina Este producto es distribuido por Inretail Pharma S.A. (Ley 32033) Aguaje, fruta exótica de la selva peruana rica envitaminas y minerales que se utilizan comosuplemento para mejorar la calidad de vida. Colageno Hidrolizado, suplemento alimenticiopreparado a partir de huesos y cartílagosbovinos. Utilizado para estimular la producciónde colágeno en el organismo, ayudando así amejorar el aspecto de la piel, fortalecer lasarticulaciones, las uñas, los huesos y el cabello.Biotina, vitamina B7. Suplementos Nutricionales Suplementos y Vitaminas Packs de Nutrición y Bienestar Busca tu Marca de Colágeno Ideal Colágenos",digemid_name_inference,true
Mifarma,Pack 02 Colágeno Aguaje Biotina 400mg,Pack 02 Colágeno Aguaje Biotina 400mg,DE3564,64.90,PEN,available,https://www.mifarma.com.pe/producto/pack-02-colageno-aguaje-biotina-400mg/PACKNT150,PACKNT150,BIOLOGISTICA PERÚ,algolia_public_search,2026-06-08T00:46:29.261820+00:00,,"Colágeno hidrolizado,Fruto de aguaje micropulverizado y biotina Este producto es distribuido por Inretail Pharma S.A. (Ley 32033) Aguaje, fruta exótica de la selva peruana rica envitaminas y minerales que se utilizan comosuplemento para mejorar la calidad de vida. Colageno Hidrolizado, suplemento alimenticiopreparado a partir de huesos y cartílagosbovinos. Utilizado para estimular la producciónde colágeno en el organismo, ayudando así amejorar el aspecto de la piel, fortalecer lasarticulaciones, las uñas, los huesos y el cabello.Biotina, vitamina B7. Suplementos Nutricionales Suplementos y Vitaminas Packs de Nutrición y Bienestar Busca tu Marca de Colágeno Ideal Colágenos",digemid_name_inference,true
Mifarma,Pack ISO-XP Whey Protein Isolate Vainilla + 100% Creatine Monohydrate Kevin Levrone,Pack ISO-XP Whey Protein Isolate Vainilla + 100% Creatine Monohydrate Kevin Levrone,DE3929,415.00,PEN,available,https://www.mifarma.com.pe/producto/pack-iso-xp-whey-protein-isolate-kevin-levrone/PACKNT528,PACKNT528,APPLIED NUTRITION,algolia_public_search,2026-06-08T00:46:29.433757+00:00,,ISO-XP Whey Protein Isolate Vainilla-Pote 1800 G Una cucharada (25 g) contiene: Proteína (Aislado de proteína de suero de leche) 23.4 g Excipientes c.s.p 100% Creatine Monohydrate Kevin Levrone-Pote 500 G Cada cucharada/porción (2.5 g) contiene:Creatina Monohidrato 2.5g Este producto es distribuido por Inretail Pharma S.A. (Ley 32033) Promociones en Suplementos y Vitaminas Suplementos Nutricionales Nutrición Deportiva Packs de Nutrición y Bienestar Fitness y Deportivos Deportivos Suplementos Deportivos Más Proteinas con Mejores Resultados,digemid_name_inference,true
Mifarma,ISO-XP Whey Proteína Isolate Chocolate + 100% Creatine Monohydrate Kevin Levrone,ISO-XP Whey Proteína Isolate Chocolate + 100% Creatine Monohydrate Kevin Levrone,DE3929,415.00,PEN,available,https://www.mifarma.com.pe/producto/iso-xp-whey-proteina-isolate-kevin-levrone/PACKNT527,PACKNT527,APPLIED NUTRITION,algolia_public_search,2026-06-08T00:46:29.434006+00:00,,ISO-XP Whey Protein Isolate Chocolate-Pote 1800 G Una cucharada (25 g) contiene: Proteína (Aislado de proteína de suero de leche) 22.5 g Excipientes c.s.p 100% Creatine Monohydrate Kevin Levrone-Pote 500 G Cada cucharada/porción (2.5 g) contiene:Creatina Monohidrato 2.5g Este producto es distribuido por Inretail Pharma S.A. (Ley 32033) Promociones en Suplementos y Vitaminas Suplementos Nutricionales Nutrición Deportiva Packs de Nutrición y Bienestar Fitness y Deportivos Deportivos Suplementos Deportivos Más Proteinas con Mejores Resultados,digemid_name_inference,true
Mifarma,Pack 02 Creatine unflavored Polvo para Solución Oral,Pack 02 Creatine unflavored Polvo para Solución Oral,DE4546,249.90,PEN,available,https://www.mifarma.com.pe/producto/pack-02-creatine-unflavored-polvo-solucion-oral/PACKNT312,PACKNT312,LAB NUTRITION,algolia_public_search,2026-06-08T00:46:29.434734+00:00,,Cada cucharadita (5g) contiene:Creatina Monohidrato 5g Este producto es distribuido por Inretail Pharma S.A. (Ley 32033) Promociones en Suplementos y Vitaminas Nutrición Deportiva Packs de Nutrición y Bienestar Creatina más Fuerza en Cada Entrenamiento Suplementos Deportivos,digemid_name_inference,true
Mifarma,Pack Applied Nutrition Iso XP Choco Honeycomb + Creatine Monohydrate,Pack Applied Nutrition Iso XP Choco Honeycomb + Creatine Monohydrate,DE4516,419.00,PEN,available,https://www.mifarma.com.pe/producto/pack-iso-xp-choco-honeycomb-creatine-monohydrate/PACKNT571,PACKNT571,APPLIED NUTRITION,algolia_public_search,2026-06-08T00:46:29.434895+00:00,,Creatine monohydrate polvo oral - Frasco 500 GR: Una Cucharada (5g) contiene: Creatina Monohidratada 5g. Este producto es distribuido por Inretail Pharma S.A. (Ley 32033) Promociones en Suplementos y Vitaminas Packs de Nutrición y Bienestar Más Proteinas con Mejores Resultados,digemid_name_inference,true
Mifarma,Pack Applied Nutrition Iso XP Chocolate Dessert + Creatine Monohydrate,Pack Applied Nutrition Iso XP Chocolate Dessert + Creatine Monohydrate,DE4546,419.00,PEN,available,https://www.mifarma.com.pe/producto/pack-iso-xp-chocolate-dessert-creatine-monohydrate/PACKNT570,PACKNT570,APPLIED NUTRITION,algolia_public_search,2026-06-08T00:46:29.435101+00:00,,Iso-xp whey protein isolate chocolate - Pote 1800 GR: Una cucharada (25 g) contiene: Proteína (Aislado de proteína de suero de leche) 22.5 g Excipientes c.s.p Creatine monohydrate polvo oral - Frasco 500 GR:Una Cucharada (5g) contiene: Creatina Monohidratada 5g. Este producto es distribuido por Inretail Pharma S.A. (Ley 32033) Promociones en Suplementos y Vitaminas Packs de Nutrición y Bienestar Más Proteinas con Mejores Resultados,digemid_name_inference,true
Mifarma,Pack Applied Nutrition Iso XP Vainilla + Creatine Monohydrate,Pack Applied Nutrition Iso XP Vainilla + Creatine Monohydrate,DE4546,419.00,PEN,available,https://www.mifarma.com.pe/producto/pack-iso-xp-vainilla-creatine-monohydrate/PACKNT569,PACKNT569,APPLIED NUTRITION,algolia_public_search,2026-06-08T00:46:29.435310+00:00,,Iso-xp whey protein isolate vainilla - Pote 1800 GR: Una cucharada (25 g) contiene: Proteína (Aislado de proteína de suero de leche) 23.4 g Excipientes c.s.p Creatine monohydrate 500g polvo oral - Frasco 500 GR:Una Cucharada (5g) contiene: Creatina Monohidratada 5g. Este producto es distribuido por Inretail Pharma S.A. (Ley 32033) Promociones en Suplementos y Vitaminas Packs de Nutrición y Bienestar Más Proteinas con Mejores Resultados,digemid_name_inference,true
Mifarma,Pack 02 Collagen 500MG Sunvit,Pack 02 Collagen 500MG Sunvit,DE1129,99.90,PEN,available,https://www.mifarma.com.pe/producto/pack-02-collagen-500mg-sunvit/PACKNT282,PACKNT282,SUNVIT,algolia_public_search,2026-06-08T00:46:29.443286+00:00,,Colágeno hidrolizado 500mg Este producto es distribuido por Inretail Pharma S.A. (Ley 32033) Suplementos Nutricionales Suplementos y Vitaminas Packs de Nutrición y Bienestar Busca tu Marca de Colágeno Ideal Colágenos,digemid_name_inference,true
Mifarma,100% Hydrolyzed Whey Protein Isolate Milk Chocolate Polvo Oral,100% Hydrolyzed Whey Protein Isolate Milk Chocolate Polvo Oral,DE2905,189.90,PEN,available,https://www.mifarma.com.pe/producto/100-hydrolyzed-whey-protein-isolate-milk-chocolate/311523,311523,LAB NUTRITION,algolia_public_search,2026-06-08T00:46:29.447392+00:00,,"INGREDIENTES: Hydrolyzed Whey Protein Isolate, Natural & Artificial Flavors, Salt, Silicon Dioxide, Xanthan Gum, Sunflower Leithin, Sucralose, Reb A (Stevia).Contains Milk. Este producto es distribuido por Inretail Pharma S.A. (Ley 32033) Promociones en Suplementos y Vitaminas Suplementos Nutricionales Nutrición Deportiva Fitness y Deportivos Proteinas Aisladas a Precio más Bajo Deportivos Suplementos Deportivos Más Proteinas con Mejores Resultados",digemid_name_inference,true
Mifarma,Pack 02 Fish Oil 1000mg Mason Natural,Pack 02 Fish Oil 1000mg Mason Natural,DE4075,150.00,PEN,available,https://www.mifarma.com.pe/producto/pack-02-fish-oil-1000mg-mason-natural/PACKNT137,PACKNT137,MASON,algolia_public_search,2026-06-08T00:46:29.463223+00:00,,"(QUE COMPRENDE DE: EPA 180 MG Y DHA 120 MG CONTENIDOS EN 1000 MG DE ACEITE DE PESCADO) , ÁCIDOS GRASOS OMEGA-3 TOTALES 300 mg Este producto es distribuido por Inretail Pharma S.A. (Ley 32033) Vitaminas para Adultos Suplementos y Vitaminas Packs de Nutrición y Bienestar Omega 3-Fish Oil",digemid_name_inference,true
Mifarma,Tonatrim Plus Capsula blanda,Tonatrim Plus Capsula blanda,DE4966,99.90,PEN,available,https://www.mifarma.com.pe/producto/tonatrim-plus-capsula-blanda/515588,515588,SWISSCAPS ROMANIA,algolia_public_search,2026-06-08T00:46:29.464115+00:00,,Aceite de Cártamo 515.000mgExtracto de Té verde 28.325mg Este producto es distribuido por Inretail Pharma S.A. (Ley 32033) Suplementos Nutricionales Nutrición Deportiva Fitness y Deportivos Suplementos Dietéticos Dietéticos Adelgazantes Naturales,digemid_name_inference,true
Mifarma,Gluconato de Magnesio Mason Tableta,Gluconato de Magnesio Mason Tableta,DE4606,65.70,PEN,available,https://www.mifarma.com.pe/producto/magnesium-gluconate-550mg-tabletas/133420,133420,MASON,algolia_public_search,2026-06-08T00:46:29.637368+00:00,,"Gluconato de magnesio 550 mg Este producto es distribuido por Inretail Pharma S.A. (Ley 32033) El magnesio ayuda a mantener la función muscular adecuada. El magnesio ayuda a disminuir el cansancio y la fatiga. El magnesio contribuye al buen funcionamiento del sistema nervioso y muscular. El magnesio ayuda en el metabolismo energético, la formación de tejidos y el desarrollo óseo. Sin colorantes artificiales, saborizantes artificiales, productos de origen animal, conservantes. Sin azúcar, lácteos, soya, trigo. Libre de gluten. Libre de sodio. Minerales Suplementos y Vitaminas Lo más Buscado en Citrato y Glicinato de Magnesio Magnesio",digemid_name_inference,true
Mifarma,Omega 3 Cápsula Blanda Nutricost,Omega 3 Cápsula Blanda Nutricost,DE4734,192.00,PEN,available,https://www.mifarma.com.pe/producto/omega-3-capsula-blanda-nutricost/327394,327394,NUTRICOST,algolia_public_search,2026-06-08T00:46:29.639842+00:00,,En tres cápsula blandas contiene: Ácidos grasos Omega-3 2500 mg EPA (Ácido eicosapentaenoico) 1200 mg DHA (Ácido docosahexaenoico) 850 mg Otros ácidos grasos Omega-3 450 mg Grasa total 3.5 g Este producto es distribuido por Inretail Pharma S.A. (Ley 32033) Suplementos Nutricionales Naturales,digemid_name_inference,true
Mifarma,Fórmula Infantil Blemil Plus Confort Nutriexpert,Fórmula Infantil Blemil Plus Confort Nutriexpert,DE4966,195.90,PEN,available,https://www.mifarma.com.pe/producto/formula-infantil-blemil-plus-confort-nutriexpert/326657,326657,BLEMIL,algolia_public_search,2026-06-08T00:46:29.640216+00:00,,"Aceite vegetales (aceite de palma, aceite de palmiste, aceite de nabina, aceite de girasol, aceite de girasol alto oleico), leche desnatada, maltodextrina, almidon de maiz, proteinas del suero de la leche, fruxtooligosacaridos de cadena corta y cadena larga, minerales (citrato potasico, cloruro clacico, cloruro potasico, citrato sodico, citrato magnesico, carbonato calcico, fosfato monocalcico, hidroxido fr calcio, sulfato de hierro, sulfato de zinc, sulfato de cobre, yoduro potasico, sulfato de manganeso, selenito sodico), emulgente (lecitina de soya) vitaminas (vitamina C, vitamina E, nicotinamida, pantotenato calcico, vitamina B6, vitamina B1, vitamina A, vitamina B2, acido folico, vitamina K, Biotina, vitamina D, vitamina B12), aceites de pescado (rico en DHA), aceite rico en ARA procedente de mortierella alpina, cloruro de colina, taurina, inositol, nucleotidos (monofosfato de citidina, monofosfato de uridina disodica, monofosfato de adenosina, nomofosfato de inosina disodica, monofosfato de guanosina disodica), antioxidantes (mezcla de tocoferoles, palmitato de ascorbilo), L-carnitina, fermentos lacticos (bifidobacterium infantis, lactobacillus rhamnosus). Este producto es distribuido por Inretail Pharma S.A. (Ley 32033) Suplementos / Complementos Suplementos Nutricionales Fórmula para Bebés Fórmula Infantil Especial Pediátricos Fórmula Láctea Confort",digemid_name_inference,true
Mifarma,Citrato de Magnesio Solgar 200mg Tableta,Citrato de Magnesio Solgar 200mg Tableta,DE4606,159.00,PEN,available,https://www.mifarma.com.pe/producto/citrato-magnesio-solgar-200mg-tableta/321198,321198,SOLGAR,algolia_public_search,2026-06-08T00:46:29.640804+00:00,,Cada tableta contiene: Magnesio 200 mg (como magnesio citrato) Este producto es distribuido por Inretail Pharma S.A. (Ley 32033) Minerales Suplementos y Vitaminas Nutrición Adulto Lo más Buscado en Citrato y Glicinato de Magnesio Magnesio,digemid_name_inference,true
Mifarma,Magnesio Total 5 Comprimido,Magnesio Total 5 Comprimido,DE4652,109.00,PEN,available,https://www.mifarma.com.pe/producto/magnesio-total-5-comprimido/319995,319995,ANA MARIA LA JUSTICIA,algolia_public_search,2026-06-08T00:46:29.641551+00:00,,"Carbonato de magnesio, hidróxido de magnesio, citrato de magnesio, Bisglicinato de magnesio, óxido de magnesio y excipientes. Este producto es distribuido por Inretail Pharma S.A. (Ley 32033) Multivitamínicos Suplementos y Vitaminas Lo más Buscado en Citrato y Glicinato de Magnesio Para Niños",digemid_name_inference,true
Mifarma,Magnesium Citrate Cápsula Blanda Mason Natural,Magnesium Citrate Cápsula Blanda Mason Natural,DE4520,89.90,PEN,available,https://www.mifarma.com.pe/producto/magnesium-citrate-capsula-blanda-mason-natural/319751,319751,MASON,algolia_public_search,2026-06-08T00:46:29.641866+00:00,,Cada cápsula blanda contiene: Magnesio 125mg(Como citrato de magnesio). Este producto es distribuido por Inretail Pharma S.A. (Ley 32033) Minerales Suplementos y Vitaminas Lo más Buscado en Citrato y Glicinato de Magnesio Magnesio,digemid_name_inference,true
Mifarma,Ensure Sabor Vainilla,Ensure Sabor Vainilla,DE1647,83.00,PEN,available,https://www.mifarma.com.pe/producto/ensure-sabor-vainilla/314028,314028,ENSURE,algolia_public_search,2026-06-08T00:46:29.644606+00:00,,"Ingredientes: Almidon hidrolizado de maiz, sacarosa, ACEITES VEGETALES (aceite de girasol alto en oleico, aceite de soya, aceite de canola), proteina lactea, aislado de proteina de soya, oligofructosa (FOS), MINERALES (citrato de sodio, citrato de potasio, cloruro de potasio, cloruro de magnesio, carbonato de calcio, fosfato tricalcico, sulfato de magnesio, sulfato de manganeso, sulfato cuprico, cloruro de cromo, yuduro de potasio, moliibdato de sodio, selenato de sodio), saborizante, VITAMINA (cloruro de colina, acido ascorbico, vitamina E, pantotenato de calcio, niacinamida, clorhidrato de piridoxina, palmitato de vitamina A, riboflavina, clorhidrato de tiamina, acido folico, betacaroteno, filoquinona, biotina, vitamina D3, cianocobalamina), palmitao de ascorbilo (antioxidante), tocoferol concentrado, mezcla (antioxidante). Este producto es distribuido por Inretail Pharma S.A. (Ley 32033) Nutrición Pensada en ti y tu Familia Suplementos / Complementos Suplementos Nutricionales Nutrición Adulto Adultos Adulto Geriátricos Ensure",digemid_name_inference,true
Mifarma,Epadex Cápsula Blanda,Epadex Cápsula Blanda,DE4591,72.90,PEN,available,https://www.mifarma.com.pe/producto/epadex-capsula-blanda/309181,309181,EPADEX,algolia_public_search,2026-06-08T00:46:29.647603+00:00,,EPA:403.00 mg contenidos en 1000 mg de aceite de pescado y 15 mg de Lipinova DHA:204.875 mg contenidos en 1000mg de aceite de pescado y 15 mg de Lipinova. Vitamina B9-Levomefolato de calcio 88.72%: 100.25 μg de ácido fólico Vitamina B12 Cianocobalamina:6.00 μg Este producto es distribuido por Inretail Pharma S.A. (Ley 32033) Suplementos Nutricionales Naturales,digemid_name_inference,true
Mifarma,Provide Gold Plus Sabor Maracuyá,Provide Gold Plus Sabor Maracuyá,DE4966,188.00,PEN,available,https://www.mifarma.com.pe/producto/provide-gold-plus-sugar-free-maracuya-solucion-oral/309070,309070,BARSAND INTERNATIONAL,algolia_public_search,2026-06-08T00:46:29.647776+00:00,,"Ha sido elaborada a base de dipéptidos de colágeno hidrolizado, enriquecido con arginina, triptófano, glutamina y fortificada con BCAA (leucina, isoleucina, valina). Este producto es distribuido por Inretail Pharma S.A. (Ley 32033) Promociones en Suplementos y Vitaminas Suplementos / Complementos Adulto Más Proteinas con Mejores Resultados",digemid_name_inference,true
Mifarma,Provide Gold Plus Sugar-Free Berry Solución Oral,Provide Gold Plus Sugar-Free Berry Solución Oral,DE4966,108.00,PEN,available,https://www.mifarma.com.pe/producto/provide-gold-plus-sugar-free-berry-solucion-oral/309068,309068,BARSAND INTERNATIONAL,algolia_public_search,2026-06-08T00:46:29.647944+00:00,,"Ha sído elaborada a base de dipéptidos de colágeno hidrolizado, enriquecido con arginina, triptófano, glutamina y fortificada con BCAA (leucina, isoleucina, valina). Este producto es distribuido por Inretail Pharma S.A. (Ley 32033) Promociones en Suplementos y Vitaminas Suplementos / Complementos Adulto Más Proteinas con Mejores Resultados",digemid_name_inference,true
Mifarma,Fresubin Original Emulsión Oral,Fresubin Original Emulsión Oral,DE2347,60.00,PEN,available,https://www.mifarma.com.pe/producto/fresubin-original-emulsion-oral/309048,309048,FRESENIUS KABI,algolia_public_search,2026-06-08T00:46:29.648057+00:00,,Este producto es distribuido por Inretail Pharma S.A. (Ley 32033) Suplementos / Complementos Adulto,digemid_name_inference,true
Mifarma,Diben Drink Sabor Frutos Del Bosque Emulsión Oral,Diben Drink Sabor Frutos Del Bosque Emulsión Oral,DE2279,12.50,PEN,available,https://www.mifarma.com.pe/producto/diben-drink-sabor-frutos-del-bosque-emulsion-oral/308510,308510,FRESENIUS KABI,algolia_public_search,2026-06-08T00:46:29.650501+00:00,,"Composición Cada 100 ml contiene: Triturado de Vitaminas (0.100 g): retinol palmitato 0.264 mg (del cual retinol es 0.144 mg), β-caroteno 0.330 mg, colecalciferol 0.002 mg, DL- α –tocoferol acetato 1.080 mg (del cual DL- α –tocoferol 0.725 mg), fitomenadiona 0.016 mg, tiamina clorhidrato 0.412 mg (del cual tiamina 0.324 mg), riboflavina 5 fosfato sódico 0.508 mg (del cual riboflavina 0.400 mg), piridoxina clorhidrato 0.502 mg (del cual piridoxina 0.413 mg), cianocobalamina 0.6 ug, Calcio D-pantotenato 1.496 mg (del cual D pantotenato 1.376 mg), D-biotina 0.009 mg, ácido fólico 0.068 mg, ácido L-ascórbico 30.000 mg. Ácido L-ascórbico 18.000 mg, DL- α –tocoferol acetato (50%) 2.200 mg (del cual DL- α –tocoferol acetato (≥50%) 1.100 mg) , cianocobalamina (0.1%) 0.600 mg (del cual cianocobalamina 0.6 ug), tiamina clorhidrato 0.092 mg (del cual tiamina 0.072 mg). nicotinamida 1.800 mg , maltodextrina (DE- valor: 11-16) 5.690 g , fructosa 1.900 g, tapioca dextrina 7.700 g, caseinato de calcio 3.849 g, concentrado de proteína de suero 0.752 g, concentrado de proteína de leche 4.216 g, citrato tripotásico x 1H2O 0.270 g, Cloruro de sodio 0.061 g, óxido de magnesio light 0.014 g, Fierro III pirofosfato x X H2O 8.400 mg, zinc II sulfato x 7 H2O 4.176 mg, cobre II sulfato 0.761 mg, cloruro de manganeso II x 4H2O 1.390 mg, fluoruro de sodio 0.486 mg, selenito de sodio 16.210 μg, ioduro de potasio 31.854 μg, cloruro de cromo II x 6 H2O 43.452 ug, molibdato de sodio x 2H2O 29.106 μg, tartrato acido de colina 0.059 g, aceite de girasol 1.400 g, aceite de colza 4.210 g, triglicéridos de cadena media 1.220 g, aceite de pescado 0.220 g. Excipientes: maltodextrina, hidróxido de sodio, lecitina de soya, monogliceridos, sabor frutos del bosque, remolacha en polvo, extracto de especies rojas, ciclamato de sodio, sacarina sódica, agua. Este producto es distribuido por Inretail Pharma S.A. (Ley 32033) Suplementos Nutricionales Suplementos / Complementos Dietéticos Diabéticos",digemid_name_inference,true
Mifarma,Diben Drink Sabor Vainilla Emulsión Oral,Diben Drink Sabor Vainilla Emulsión Oral,DE2279,12.50,PEN,available,https://www.mifarma.com.pe/producto/diben-drink-sabor-vainilla-emulsion-oral/308508,308508,FRESENIUS KABI,algolia_public_search,2026-06-08T00:46:29.651210+00:00,,"Composición Cada 100 ml contiene: Triturado de Vitaminas (0.100 g): retinol palmitato 0.264 mg (del cual retinol es 0.144 mg), β-caroteno 0.330 mg, colecalciferol 0.002 mg, DL- α –tocoferol acetato 1.080 mg (del cual DL- α –tocoferol 0.725 mg), fitomenadiona 0.016 mg, tiamina clorhidrato 0.412 mg (del cual tiamina 0.324 mg), riboflavina 5 fosfato sódico 0.508 mg (del cual riboflavina 0.400 mg), piridoxina clorhidrato 0.502 mg (del cual piridoxina 0.413 mg), cianocobalmina 0.6 ug (del cual cianocobalamina 0.6 ug), Calcio D-pantotenato 1.496 mg (del cual D pantotenato 1.376 mg), D-biotina 0.009 mg, ácido fólico 0.068 mg, ácido L-ascórbico 30.000 mg.Ácido L-ascórbico 18.000 mg, DL- α –tocoferol acetato (50%) 2.200 mg (del cual DL- α –tocoferol acetato (≥50%) 1.100 mg) , cianocobalamina (0.1%) 0.600 mg, tiamina clorhidrato 0.092 mg (del cual tiamina 0.072 mg). nicotinamida 1.800 mg , maltodextrina (DE- valor: 11-16) 5.690 g , fructosa 1.900 g, tapioca dextrina 7.700 g, caseinato de calcio 3.849 g, concentrado de proteína de suero 0.752 g, concentrado de proteína de leche 4.216 g, citrato tripotásico x 1H2O 0.270 g, Cloruro de sodio 0.061 g, óxido de magnesio light 0.014 g, Fierro III pirofosfato x X H2O 8.400 mg, zinc II sulfato x 7 H2O 4.176 mg, cobre II sulfato 0.761 mg, cloruro de manganeso II x 4H2O 1.390 mg, fluoruro de sodio 0.486 mg, selenito de sodio 16.210 μg, ioduro de potasio 31.854 μg, cloruro de cromo II x 6 H2O 43.452 ug, molibdato de sodio x 2H2O 29.106 μg, tartrato acido de colina 0.059 g, aceite de girasol 1.400 g, aceite de colza 4.210 g, triglicéridos de cadena media 1.220 g, aceite de pescado 0.220 g. Excipientes: maltodextrina, hidróxido de sodio, lecitina de soya, monogliceridos, sabor vainilla, sabor toffee, ciclamato de sodio, sacarina sódica, agua. Este producto es distribuido por Inretail Pharma S.A. (Ley 32033) Suplementos Nutricionales Suplementos / Complementos Dietéticos Diabéticos",digemid_name_inference,true
Mifarma,Diben Drink Sabor Capuchino Emulsión Oral,Diben Drink Sabor Capuchino Emulsión Oral,DE2279,12.50,PEN,available,https://www.mifarma.com.pe/producto/diben-drink-sabor-capuchino-emulsion-oral/308507,308507,FRESENIUS KABI,algolia_public_search,2026-06-08T00:46:29.651925+00:00,,"Composición Cada 100 ml contiene: Triturado de Vitaminas (0.100 g): retinol palmitato 0.264 mg (del cual retinol es 0.144 mg), β-caroteno 0.330 mg, colecalciferol 0.002 mg, DL- α –tocoferol acetato 1.080 mg (del cual DL- α –tocoferol 0.725 mg), fitomenadiona 0.016 mg, tiamina clorhidrato 0.412 mg (del cual tiamina 0.324 mg), riboflavina 5 fosfato sódico 0.508 mg (del cual riboflavina 0.400 mg), piridoxina clorhidrato 0.502 mg (del cual piridoxina 0.413 mg), cianocobalmina 0.6 ug, Calcio D-pantotenato 1.496 mg (del cual D pantotenato 1.376 mg), D-biotina 0.009 mg, ácido fólico 0.068 mg, ácido L-ascórbico 30.000 mg.Ácido L-ascórbico 18.000 mg, DL- α –tocoferol acetato (50%) 2.200 mg (del cual DL- α –tocoferol acetato (≥50%) 1.100 mg) , cianocobalamina (0.1%) 0.600 mg (del cual cianocobalamina 0.6 ug), tiamina clorhidrato 0.092 mg (del cual tiamina 0.072 mg). nicotinamida 1.800 mg , maltodextrina (DE- valor: 11-16) 5.390 g , fructosa 1.900 g, tapioca dextrina 7.700 g, caseinato de calcio 3.849 g, concentrado de proteína de suero 0.752 g, concentrado de proteína de leche 4.216 g, citrato tripotásico x 1H2O 0.270 g, Cloruro de sodio 0.061 g, óxido de magnesio light 0.014 g, Fierro III pirofosfato x X H2O 8.400 mg, zinc II sulfato x 7 H2O 4.176 mg, cobre II sulfato 0.761 mg, cloruro de manganeso II x 4H2O 1.390 mg, fluoruro de sodio 0.486 mg, selenito de sodio 16.210 μg, ioduro de potasio 31.854 μg, cloruro de cromo II x 6 H2O 43.452 ug, molibdato de sodio x 2H2O 29.106 μg, tartrato acido de colina 0.059 g, aceite de girasol 1.400 g, aceite de colza 4.210 g, triglicéridos de cadena media 1.220 g, aceite de pescado 0.220 g. Excipientes: maltodextrina, hidróxido de sodio, lecitina de soya, monogliceridos, sabor capuchino, sabor caramelo, ciclamato de sodio, sacarina sódica, agua. Este producto es distribuido por Inretail Pharma S.A. (Ley 32033) Suplementos Nutricionales Suplementos / Complementos Dietéticos Diabéticos",digemid_name_inference,true
Mifarma,Supportan Drink Sabor Frutos Tropicales Emulsión Oral,Supportan Drink Sabor Frutos Tropicales Emulsión Oral,DE4316,12.90,PEN,available,https://www.mifarma.com.pe/producto/supportan-drink-sabor-frutos-tropicales-emulsion-oral/308485,308485,FRESENIUS KABI,algolia_public_search,2026-06-08T00:46:29.652685+00:00,,"COMPOSICIÓN: Cada 100 mL contiene: Trituración de vitaminas (0.125 g): - Retinol palmitato (vitamina A) 0.330 mg, (como retinol 0.180 mg), ß- caroteno 0.413 mg, Colecalciferol (vitamina D3) 0.003 mg, DL-α-tocoferol acetato (vitamina E) 1.350 mg (como Tocoferol 0.906 mg), Fitomenadiona (vitamina K1) 0.019 mg, Clorhidrato de tiamina (vitamina B1) 0.515 mg (como tiamina 0.405 mg), Riboflavina-5-fosfato de sodio (vitamina B2) 0.635 mg (como riboflavina 0.500 mg), Clorhidrato de piridoxina (vitamina B6) 0.627 mg (como piridoxina 0.516 mg), Cianocobalamina (vitamina B12) 0.001 mg, Calcio-D-pantotenato 1.870 mg (como D-pantotenato 1.720 mg), D-biotina 0.012 mg, Ácido fólico 0.084 mg, L-ácido ascórbico (vitamina C) 37.500 mg, Maltodextrina 81.641 mg, Nicotinamida 1.800 mg, DL-α-tocopherol acetate, 50% (vitamina E) 3.480 mg, (DL-α-tocopherol acetate (≥ 50%) 1.740 mg almidón modificado, maltodextrina, dióxido de silicio), L-ácido ascórbico (vitamina C) 6.200 mg, ß – caroteno (10%) 1.000 mg (ß – caroteno 0.100mg), Maltodextrina (valor-DE: 15-18) 4.140 g, Maltodextrina (valor-DE: 11-16) 0.423 g, Sucrosa 6.500 g, Proteína de leche 6.143 g, Proteína concentrado de leche 5.417 g, Dextrina de trigo 0.295 g, Inulina (de achicoria) 1.405 g, Citrato de tripotasio x 1H2O 0.243 g, Óxido de magnesio, ligero 0.027 g, Cloruro de sodio 0.050 g, Citrato de trisodio x 2H2O 0.055 g, Dicitrato de magnesio 0.008 g, Pirofosfato de hierro III x XH2O 0.010 g, Sulfato de Zinc II x 7H2O 5.121 mg, Sulfato de cobre II 1.005 mg, Cloruro de manganeso-II x 4H2O 1.945 mg, Fluoruro de sodio 0.608 mg, Selenito de sodio 25.078 μg, Yoduro de potasio 39.587 μg, Cloruro de cromo-III x 6H2O 43.963 μg, Molibdato de sodio x 2H2O 32.004 μg, Triglicéridos de cadena media 1.600 g, Aceite de cártamo 1.400 g, Aceite de girasol 0.800 g, Aceite de pescado 2.867 g, Lecitina de soya 0.050 g, Ácidos grasos mono y diglicéridos 0.100 g, Sabor Tropical 0.281 g, Agua (20°C) 75.500 g. Este producto es distribuido por Inretail Pharma S.A. (Ley 32033) Suplementos / Complementos Adulto",digemid_name_inference,true
Mifarma,Inmunex Plus Vainilla Latte Polvo Oral,Inmunex Plus Vainilla Latte Polvo Oral,DE4966,115.00,PEN,available,https://www.mifarma.com.pe/producto/inmunex-plus-vainilla-latte-polvo-oral-131g/307185,307185,INMUNEX,algolia_public_search,2026-06-08T00:46:29.653575+00:00,,Este producto es distribuido por Inretail Pharma S.A. (Ley 32033) Suplementos / Complementos Adulto,digemid_name_inference,true
Mifarma,Immuvit + Maternal Cápsula Blanda,Immuvit + Maternal Cápsula Blanda,DE4162,59.00,PEN,available,https://www.mifarma.com.pe/producto/immuvit-maternal-capsula-blanda/306575,306575,GARDEN HOUSE,algolia_public_search,2026-06-08T00:46:29.654710+00:00,,Este producto es distribuido por Inretail Pharma S.A. (Ley 32033) Suplementos / Complementos Embarazo,digemid_name_inference,true
Mifarma,Tinku Citrato de Magnesio con camu camu,Tinku Citrato de Magnesio con camu camu,DE4606,69.90,PEN,available,https://www.mifarma.com.pe/producto/tinku-citrato-de-magnesio-con-camu-camu/304698,304698,TINKU,algolia_public_search,2026-06-08T00:46:29.655283+00:00,,"Citrato de magnseio,Harina de camu camu y almidon de maíz. Este producto es distribuido por Inretail Pharma S.A. (Ley 32033) Problemas Generales Suplementos y Vitaminas Relajantes Musculares Lo más Buscado en Citrato y Glicinato de Magnesio",digemid_name_inference,true
Mifarma,Lima naturals Citrato de Magnesio,Lima naturals Citrato de Magnesio,DE4606,43.90,PEN,available,https://www.mifarma.com.pe/producto/lima-naturals-citrato-de-magnesio/303996,303996,OLEMART,algolia_public_search,2026-06-08T00:46:29.656902+00:00,,Citrato de Magnesio con harina de Camu Camu y almidón de maíz Este producto es distribuido por Inretail Pharma S.A. (Ley 32033) Problemas Generales Suplementos y Vitaminas Relajantes Musculares Lo más Buscado en Citrato y Glicinato de Magnesio,digemid_name_inference,true
Mifarma,Sunvit Prenatal Formula Tableta,Sunvit Prenatal Formula Tableta,DE2710,58.90,PEN,available,https://www.mifarma.com.pe/producto/sunvit-prenatal-formula-tableta/816564,816564,SUNVIT,algolia_public_search,2026-06-08T00:46:29.829700+00:00,,Este producto es distribuido por Inretail Pharma S.A. (Ley 32033) Vitaminas y Suplementos Vitaminas Vitamina B Ácido Fólico,digemid_name_inference,true
Mifarma,Prosure Polvo para Suspensión Oral,Prosure Polvo para Suspensión Oral,DE3530,66.50,PEN,available,https://www.mifarma.com.pe/producto/prosure-polvo-para-suspension-oral/814940,814940,ABBOTT,algolia_public_search,2026-06-08T00:46:29.830162+00:00,,"Maltodextrina, caseinato de calcio, sacarosa, aceite depescado, fructooligosacáridos, MINERALES (sulfato de magnesio, fosfato de sodio,cloruro de sodio, citrato de potasio, carbonato de calcio, sulfato de sodio, cloruro depotasio, sulfato de zinc, sulfato de manganeso, sulfato de cobre, cloruro de cromo,molibdato de sodio, yoduro de potasio, selenato de sodio ) , goma arábiga , ACEITESVEGETALES (aceite de coco fraccionado (TCM), aceite de soya, aceite de girasolalto en oleico), hidrolizado de proteína de suero, sabor natural a vainilla y coco, sabornatural tipo caramelo, sabor a canela, lecitina (emulsificante), VITAMINAS (ácidoascórbico, cloruro de colina, palmitato de ascorbilo, vitamina E, mezcla detocoferoles, niacinamida, d-pantotenato de calcio, vitamina D3, vitamina B12, vitaminaA, beta caroteno, biotina, ácido fólico, clorhidrato de piridoxina, clorhidrato de tiamina,ribo-flavina, vitamina K1), polisacárido de soya, taurina y L-carnitina. Este producto es distribuido por Inretail Pharma S.A. (Ley 32033) Suplementos / Complementos Adulto",digemid_name_inference,true
Mifarma,Reversal Frutos Rojos - Frasco 230 g,Reversal Frutos Rojos - Frasco 230 g,DE3443,163.00,PEN,unavailable,https://www.mifarma.com.pe/producto/reversal-frutos-rojos-frasco-230-g/814390,814390,DICOFAR S.R.L,algolia_public_search,2026-06-08T00:46:29.830376+00:00,,"* CaHMB (Beta-hidroxi-beta-metilbutirato de calcio monohidratado), Carbonato de magnesio pesado, Vitamina D3, AGC (Maltodextrina), ACI (Ácido cítrico), EDU (Sucralosa, Estevia), ARO (Aroma frutos rojos) Este producto es distribuido por Inretail Pharma S.A. (Ley 32033) REVERSAL®Suplemento Dietario a base de CaHMB (Beta-hidroxi-beta-metilbutirato de Calcio), Magnesio y Vitamina D3, en polvo para solución oral. Suplementos / Complementos Suplementos Nutricionales Nutrición Adultos Nutrición Adulto Complementos / Suplementos Nutricionales",digemid_name_inference,true
Mifarma,Genacol Original 400mg Cápsula,Genacol Original 400mg Cápsula,DE3219,134.90,PEN,available,https://www.mifarma.com.pe/producto/genacol-original-400mg-capsula/800444,800444,GENACOL,algolia_public_search,2026-06-08T00:46:29.830960+00:00,,CADA CÁPSULA DE GENACOL® ORIGINAL CONTIENE: Colágeno hidrolizado bovino . . . . . . . . . . . . . . 400 mg Este producto es distribuido por Inretail Pharma S.A. (Ley 32033) Suplementos Nutricionales Suplementos y Vitaminas Busca tu Marca de Colágeno Ideal Colágenos,digemid_name_inference,true
Mifarma,AlitraQ Polvo Oral,AlitraQ Polvo Oral,DE2294,205.00,PEN,available,https://www.mifarma.com.pe/producto/alitraq-polvo-oral/565341,565341,ALITRAQ,algolia_public_search,2026-06-08T00:46:29.831960+00:00,,"Maltodextrina, sacarosa, aislado de proteína de soya, ACEITESVEGETALES (aceite de triglicéridos de cadena media (TCM), aceite de girasol alto enoleico), 1-glutamina, fructosa, MINERALES (sulfato de magnesio, citrato de sodio, clorurode potasio, carbonato de calcio, fosfato dibásico de sodio, fosfato dibásico de potasio,fosfato tricálcico ultra micronizado, hidróxido de potasio (regulador de acidez}, cloruro desodio, sulfato ferroso, sulfato de zinc, sulfato de manganeso, sulfato de cobre, cloruro decromo, molibdato de sodio, yoduro de potasio, selenato de sodio), concentrado de proteínade suero, saborizante a crema de vainilla artificial, sabor a caramelo natural y artificial,1-arginina, hidrolizado de proteína de suero, 1-leucina, 1-lisina monoclorhidrato,1-fenilalanina, 1-valina, 1-metionina, 1-isoleucina, 1-treonina, 1-tirosina, VITAMINAS (clorurode colina, ácido ascórbico, palmitato de ascorbilo (función parcial de antioxidante),vitamina E, ácido pantoténico, niacinamida, piridoxina, riboflavina, palmitato de vitamina A,tiamina, ácido fálico, vitamina K1 (filoquinona}, d-biotina, vitamina D3 (colecalciferol),cianocobalamina}, 1-histidina, 1-triptófano, goma xantán (espesante, estabilizador yemulsificante), taurina, 1-carnitina. Puede contener: ascorbato de sodio. Contiene derivados de leche y derivados de soya. Este producto es distribuido por Inretail Pharma S.A. (Ley 32033) Una dieta que contenga ácidos grasos omega puede resultar muy beneficiosa. Los aceites derivados de alimentos ricos en omega, como el pescado, aportan una amplia variedad de nutrientes naturales. Para quienes no disfrutan del pescado en su dieta, recurrir a un suplemento de omega de origen vegetal es una excelente manera de incorporar nutrientes beneficiosos a su día. Las gomitas Omega 3-6-7-9 proporcionan una fuente libre de pescado de ácidos grasos omega 3, 6, 7 y 9 naturales. Dos gomitas veganas aportan 360 mg de un complejo omega de origen vegetal que consta de aceite de linaza orgánico y aceite de fruto de espino amarillo. Suplementos Nutricionales Suplementos / Complementos Nutrición Adulto Adultos Adulto Geriátricos",digemid_name_inference,true
Mifarma,Hepatic Enterex Polvo Oral Vainilla,Hepatic Enterex Polvo Oral Vainilla,DE1234,104.50,PEN,available,https://www.mifarma.com.pe/producto/hepatic-enterex-polvo-oral-vainilla-110g/529773,529773,ENTEREX,algolia_public_search,2026-06-08T00:46:29.833649+00:00,,Este producto es distribuido por Inretail Pharma S.A. (Ley 32033) Suplementos / Complementos Adulto,digemid_name_inference,true
Mifarma,Crecimax Plus Suspensión oral,Crecimax Plus Suspensión oral,DE4966,30.00,PEN,available,https://www.mifarma.com.pe/producto/crecimax-plus-suspension-oral/512646,512646,ROXFARMA,algolia_public_search,2026-06-08T00:46:29.834285+00:00,,Carbonato de calcio 750mg Eqiv.a Ión calcio 300mg Colecalciferol 1 mg Equiv. A Vitamina D3 100 U.I. Hidróxido de magnesio pasta 400mg Equiv. A magnesio 50mg Gluconato de Zinc 52.3 mg Equiv. A zinc 7.5mg Este producto es distribuido por Inretail Pharma S.A. (Ley 32033) Multivitamínicos Suplementos / Complementos Adulto Para Niños,digemid_name_inference,true
Mifarma,Maddre DHA Sabor Chocolate,Maddre DHA Sabor Chocolate,DE2482,59.50,PEN,available,https://www.mifarma.com.pe/producto/maddre-dha-sabor-chocolate/557474,557474,MADDRE,algolia_public_search,2026-06-08T00:46:29.837207+00:00,,Este producto es distribuido por Inretail Pharma S.A. (Ley 32033) Indicado en la prevención y el tratamiento de las deficiencias de vitaminas y minerales durante la gestación y lactancia y tratamiento de la anemia del embarazo. Suplementos / Complementos Embarazo,digemid_name_inference,true
Mifarma,Advanced Collagen Beauty Formula Tableta,Advanced Collagen Beauty Formula Tableta,DE2074,119.90,PEN,available,https://www.mifarma.com.pe/producto/advanced-collagen-beauty-formula-tableta/526372,526372,Nature'S Bounty,algolia_public_search,2026-06-08T00:46:29.837360+00:00,,"Vitamina C (como Ácido ascórbico) 30.00mgBiotina (como d-Biotina) 150mcgCobre (como sulfato cúprico) 1.0mg, Colágeno hidrolizado Este producto es distribuido por Inretail Pharma S.A. (Ley 32033) *Suplemento Dietético Suplementos Nutricionales Suplementos y Vitaminas Busca tu Marca de Colágeno Ideal Colágenos",digemid_name_inference,true
Mifarma,Pack ISO - XP Choco Peanut Polvo Oral y Kevin Levrone 100% Creatina Monohidratada,Pack ISO - XP Choco Peanut Polvo Oral y Kevin Levrone 100% Creatina Monohidratada,DE4551,413.00,PEN,available,https://www.mifarma.com.pe/producto/pack-iso-xp-choco-peanut-polvo-oral-kevin-levrone-creatina/PACKNT506,PACKNT506,APPLIED NUTRITION,algolia_public_search,2026-06-08T00:46:29.838015+00:00,,ISO - XP Choco Peanut Polvo Oral: 0 Kevin Levrone 100% Creatina monohidratada: Creatina Monohidrato 2.5g Este producto es distribuido por Inretail Pharma S.A. (Ley 32033) Multivitamínicos Promociones en Suplementos y Vitaminas Suplementos Nutricionales Nutrición Deportiva Packs de Nutrición y Bienestar Fitness y Deportivos Deportivos Suplementos Deportivos Más Proteinas con Mejores Resultados Para Adultos,digemid_name_inference,true
Mifarma,Pack ISO - XP Choco Honeycomb Polvo Oral y Kevin Levrone 100% Creatina Monohidratada,Pack ISO - XP Choco Honeycomb Polvo Oral y Kevin Levrone 100% Creatina Monohidratada,DE4516,389.90,PEN,available,https://www.mifarma.com.pe/producto/pack-iso-xp-choco-honeycomb-polvo-oral-kevin-levrone-creatina/PACKNT505,PACKNT505,APPLIED NUTRITION,algolia_public_search,2026-06-08T00:46:29.838205+00:00,,ISO - XP Choco Honeycomb Polvo Oral: 0 Kevin Levrone 100% Creatina monohidratada: Creatina Monohidrato 2.5g Este producto es distribuido por Inretail Pharma S.A. (Ley 32033) Multivitamínicos Promociones en Suplementos y Vitaminas Suplementos Nutricionales Nutrición Deportiva Packs de Nutrición y Bienestar Fitness y Deportivos Deportivos Suplementos Deportivos Más Proteinas con Mejores Resultados Para Adultos,digemid_name_inference,true
Mifarma,Pack ISO-XP Whey Protein Isolate Chocolate + Kevin Levrone 100% Creatina Monohidratada,Pack ISO-XP Whey Protein Isolate Chocolate + Kevin Levrone 100% Creatina Monohidratada,DE4739,389.90,PEN,available,https://www.mifarma.com.pe/producto/pack-iso-xp-whey-protein-isolate-kevin-levrone/PACKNT308,PACKNT308,APPLIED NUTRITION,algolia_public_search,2026-06-08T00:46:29.838417+00:00,,ISO-XP Whey Protein Isolate Chocolate: Una cucharada (25 g) contiene: Proteína (Aislado de proteína de suero de leche) 22.5 g Excipientes c.s.p Kevin Levrone 100% Creatina monohidratada:Creatina Monohidrato 2.5g Este producto es distribuido por Inretail Pharma S.A. (Ley 32033) Multivitamínicos Promociones en Suplementos y Vitaminas Suplementos Nutricionales Nutrición Deportiva Packs de Nutrición y Bienestar Fitness y Deportivos Deportivos Suplementos Deportivos Más Proteinas con Mejores Resultados Para Adultos,digemid_name_inference,true
Mifarma,Folic Acid 800 mcg Tableta,Folic Acid 800 mcg Tableta,DE0395,63.90,PEN,available,https://www.mifarma.com.pe/producto/folic-acid-800-mcg-tableta/800383,800383,NATURE'S BOUNTY,algolia_public_search,2026-06-08T00:46:29.842573+00:00,,Ácido Fólico 800 mcg Este producto es distribuido por Inretail Pharma S.A. (Ley 32033) *250 tabletas*Suplemento Dietético Vitaminas y Suplementos Vitaminas Sistema Sanguíneo Suplementos y Vitaminas Vitamina B-Complejo B B6 y B12 Antianémicos Vitamina B Ácido Fólico Vitamina D,digemid_name_inference,true
Mifarma,Pack Dr. Pérez-Albela Mezcla para Infusión Sueño + Mezcla para Infusión Mujer + Loción de Magnesio,Pack Dr. Pérez-Albela Mezcla para Infusión Sueño + Mezcla para Infusión Mujer + Loción de Magnesio,DE4606,56.60,PEN,available,https://www.mifarma.com.pe/producto/pack-dr-perez-albela-sueno-infusion-magnesio/PACKNT788,PACKNT788,DR. PÉREZ-ALBELA,algolia_public_search,2026-06-08T00:46:29.843296+00:00,,"Mezcla para Infusión Sueño Dr. Pérez-Albela:} Toronjil (Melissa o¬cinalis), Pimpinela (Pimpinella anisum), Hierbabuena (Mentha spicata) y Salvia (Salvia o¬cinalis). Mezcla para Infusión Mujer Dr. Pérez-Albela: Menta poleo (Mentha pulegium), Menta piperita (Mentha x piperita), Orégano (Origanum vulgare) y Salvia (Salvia o¬cinalis). Loción de Magnesio Dr. Pérez-Albela: Water, magnesium chloride, glycerin, methyl gluceth-20. Potassium sorbate, aloe barbadensis leaf juice. Este producto es distribuido por Inretail Pharma S.A. (Ley 32033) Suplementos y Vitaminas Packs de Nutrición y Bienestar Lo más Buscado en Citrato y Glicinato de Magnesio",digemid_name_inference,true
Mifarma,Pack Dr. Pérez-Albela Loción de Magnesio + Mezcla para Infusión Sueño,Pack Dr. Pérez-Albela Loción de Magnesio + Mezcla para Infusión Sueño,DE4606,35.40,PEN,available,https://www.mifarma.com.pe/producto/pack-dr-perez-albela-locion-magnesio-infusion/PACKNT786,PACKNT786,DR. PEREZ-ALBELA,algolia_public_search,2026-06-08T00:46:29.843860+00:00,,"Loción de Magnesio Dr. Pérez-Albela: Water, magnesium chloride, glycerin, methyl gluceth-20. Potassium sorbate, aloe barbadensis leaf juice. Mezcla para Infusión Sueño Dr. Pérez-Albela: Toronjil (Melissa o¬cinalis), Pimpinela (Pimpinella anisum), Hierbabuena (Mentha spicata) y Salvia (Salvia o¬cinalis). Este producto es distribuido por Inretail Pharma S.A. (Ley 32033) Suplementos y Vitaminas Packs de Nutrición y Bienestar Lo más Buscado en Citrato y Glicinato de Magnesio",digemid_name_inference,true
Mifarma,Pack Dr. Pérez-Albela Loción Magnesio + Mezcla para Infusión Mujer,Pack Dr. Pérez-Albela Loción Magnesio + Mezcla para Infusión Mujer,DE4606,35.40,PEN,available,https://www.mifarma.com.pe/producto/pack-dr-perez-albela-locion-magnesio-infusion/PACKNT783,PACKNT783,DR. PÉREZ-ALBELA,algolia_public_search,2026-06-08T00:46:29.844066+00:00,,"Mezcla para Infusión Mujer Dr. Pérez-Albela: Menta poleo (Mentha pulegium), Menta piperita (Mentha x piperita), Orégano (Origanum vulgare) y Salvia (Salvia o¬cinalis). Loción de Magnesio Dr. Pérez-Albela: Water, magnesium chloride, glycerin, methyl gluceth-20. Potassium sorbate, aloe barbadensis leaf juice. Este producto es distribuido por Inretail Pharma S.A. (Ley 32033) Suplementos y Vitaminas Packs de Nutrición y Bienestar Lo más Buscado en Citrato y Glicinato de Magnesio",digemid_name_inference,true
Mifarma,Pack 03 Loción Magnesio Dr. Pérez-Albela,Pack 03 Loción Magnesio Dr. Pérez-Albela,DE4606,35.30,PEN,available,https://www.mifarma.com.pe/producto/pack-03-locion-magnesio-dr-perez-albela/PACKNT764,PACKNT764,DR. PEREZ-ALBELA,algolia_public_search,2026-06-08T00:46:29.844226+00:00,,"Water, magnesium chloride, glycerin, methyl gluceth-20. Potassium sorbate, aloe barbadensis leaf juice. Este producto es distribuido por Inretail Pharma S.A. (Ley 32033) Vitaminas para Adultos Suplementos y Vitaminas Packs de Nutrición y Bienestar Lo más Buscado en Citrato y Glicinato de Magnesio",digemid_name_inference,true
Mifarma,Pack 02 Loción Magnesio Dr. Pérez-Albela,Pack 02 Loción Magnesio Dr. Pérez-Albela,DE4606,25.70,PEN,available,https://www.mifarma.com.pe/producto/pack-02-locion-magnesio-dr-perez-albela/PACKNT763,PACKNT763,DR. PEREZ-ALBELA,algolia_public_search,2026-06-08T00:46:29.844382+00:00,,"Water, magnesium chloride, glycerin, methyl gluceth-20. Potassium sorbate, aloe barbadensis leaf juice. Este producto es distribuido por Inretail Pharma S.A. (Ley 32033) Vitaminas para Adultos Suplementos y Vitaminas Packs de Nutrición y Bienestar Lo más Buscado en Citrato y Glicinato de Magnesio",digemid_name_inference,true
Mifarma,Pack ISO - XP Choco Honeycomb Polvo Oral + 100% Creatine Monohydrate Kevin Levrone,Pack ISO - XP Choco Honeycomb Polvo Oral + 100% Creatine Monohydrate Kevin Levrone,DE4516,415.00,PEN,available,https://www.mifarma.com.pe/producto/pack-iso-xp-choco-honeycomb-kevin-levrone/PACKNT529,PACKNT529,APPLIED NUTRITION,algolia_public_search,2026-06-08T00:46:29.844737+00:00,,100% Creatine Monohydrate Kevin Levrone-Pote 500 G: Cada cucharada/porción (2.5 g) contiene:Creatina Monohidrato 2.5g Este producto es distribuido por Inretail Pharma S.A. (Ley 32033) Promociones en Suplementos y Vitaminas Suplementos Nutricionales Nutrición Deportiva Packs de Nutrición y Bienestar Fitness y Deportivos Deportivos Suplementos Deportivos Más Proteinas con Mejores Resultados,digemid_name_inference,true
Mifarma,Pack ISO- XP 100% Proteína Isolatada Vainilla + 100% Creatine Monohydrate Kevin Levrone,Pack ISO- XP 100% Proteína Isolatada Vainilla + 100% Creatine Monohydrate Kevin Levrone,DE3929,404.90,PEN,available,https://www.mifarma.com.pe/producto/pack-iso-xp-100-proteina-kevin-levrone/PACKNT525,PACKNT525,APPLIED NUTRITION,algolia_public_search,2026-06-08T00:46:29.846247+00:00,,"ISO- XP 100% Proteina isolatada sabor vainilla-Bolsa 1000 GR100% Whey Protein isolate (Milk) ( emulsified with sunflower lecithin), natural flavour, sweetener (sucralose) 100% Creatine Monohydrate Kevin Levrone-Pote 500 G Cada cucharada/porción (2.5 g) contiene:Creatina Monohidrato 2.5g Este producto es distribuido por Inretail Pharma S.A. (Ley 32033) Suplementos Nutricionales Nutrición Deportiva Packs de Nutrición y Bienestar Fitness y Deportivos Deportivos Suplementos Deportivos",digemid_name_inference,true
Mifarma,Pack Nuevo Sustagen Pro Sabor Vainilla,Pack Nuevo Sustagen Pro Sabor Vainilla,DE3502,212.00,PEN,available,https://www.mifarma.com.pe/producto/pack-nuevo-sustagen-pro-sabor-vainilla/PACKNT517,PACKNT517,SUSTAGEN,algolia_public_search,2026-06-08T00:46:29.846611+00:00,,"Leche descremada, aceite de coco, sacarosa, maltodextrina,lactosa, fructo-oligosacáridos, galacto-oligosacáridos, sabor natural yartificial a vainilla, citrato de sodio (regulador de acidez, SIN 331i),carbonato de calcio, ácido docosahexaenoico (DHA), citrato de potasio(regulador de acidez, SIN 332), concentrado de proteína de suero, bitartrato de colina, lecitina de soya (emulsionante, SIN 322i), carragenina (espesante, SIN 407), sólidos de jarabe de maíz, sulfato ferroso, óxido de magnesio, acetato de dl-alfa tocoferol, sulfato de zinc, ácido ascórbico, palmitato de ascorbilo (antioxidante, SIN 304), niacinamida, sulfato de manganeso, palmitato de vitamina A, gluconato de cobre, vitamina D3, vitamina K1, clorhidrato de tiamina, clorhidrato de piridoxina, ácido fólico, cloruro de cromo, pantotenato de calcio, selenito de sodio, molibdato de sodio. CONTIENE: LECHE, LACTOSA, PESCADO Y SOYA. Este producto es distribuido por Inretail Pharma S.A. (Ley 32033) Vitaminas y Suplementos Suplementos Nutricionales Packs de Nutrición y Bienestar Multivitamínico para Bebés Pediátricos",digemid_name_inference,true
Mifarma,Pack 02 Folic Acid 800mcg Mason Natural,Pack 02 Folic Acid 800mcg Mason Natural,DE4115,96.80,PEN,available,https://www.mifarma.com.pe/producto/pack-02-folic-acid-800mcg-mason-natural/PACKNT129,PACKNT129,MASON,algolia_public_search,2026-06-08T00:46:30.015396+00:00,,ACIDO FOLICO 800 mcg Este producto es distribuido por Inretail Pharma S.A. (Ley 32033) Vitaminas y Suplementos Vitaminas Suplementos y Vitaminas Packs de Nutrición y Bienestar Vitamina B-Complejo B B6 y B12 Vitamina B Ácido Fólico,digemid_name_inference,true
Mifarma,Triglicéridos de Cadena Media- MCT Solución Oral,Triglicéridos de Cadena Media- MCT Solución Oral,DE2726,165.00,PEN,available,https://www.mifarma.com.pe/producto/medium-chain-triglycerid-solucion-oral/308648,308648,MEDIUM CHAIN TRIGLYCERID,algolia_public_search,2026-06-08T00:46:30.019441+00:00,,Contiene:Acido caprilico 8.7 gAcido caprico 6.3 g Este producto es distribuido por Inretail Pharma S.A. (Ley 32033) Suplementos Nutricionales Nutrición Deportiva Fitness y Deportivos Deportivos Suplementos Deportivos,digemid_name_inference,true
Mifarma,Glucosamine Chondroitin Complex Cápsula,Glucosamine Chondroitin Complex Cápsula,DE3771,79.90,PEN,available,https://www.mifarma.com.pe/producto/glucosamine-chondroitin-complex-capsula/304959,304959,GLUCOSAMINE CHONDROITIN COMPLEX,algolia_public_search,2026-06-08T00:46:30.019832+00:00,,Cada Cápsula contiene: Vitamina C (Como ácido ascórbico) 30 mg Manganeso (Como sulfato de manganeso) 1 mg Glucosamina HCl 334 mg Sulfato de Condroitina 13.5 mg MSM (Metilsulfonilmetano) 202.5 mg Este producto es distribuido por Inretail Pharma S.A. (Ley 32033) Suplementos Nutricionales Naturales,digemid_name_inference,true
