relationship_id,component_id_a,component_name_a,component_id_b,component_name_b,relationship_group,relationship_class,relationship_subclass,mechanism,directionality,evidence_status,evidence_type,evidence_level,recommendation,confidence_level,requires_context
REL_6e3d60100b229c,COMP_80AE44850DC4,Aspirin,COMP_C83325EA1704,Metformin,INTERACCION_VALIDADA,RIESGOSA,efecto_aditivo_peligroso,otro,bidireccional_o_contextual,validada_en_fuentes_estructuradas,direct_structured_interaction,DrugBank interaction + AACT evidence for both components,monitorear_o_consultar_profesional,media_alta_si_fuente_estructurada_y_componentes_mapeados,true
REL_7a7606e454bd0e,COMP_DDC56A4249E5,Ibuprofen,COMP_C83325EA1704,Metformin,INTERACCION_VALIDADA,RIESGOSA,aumenta_concentracion,excrecion,bidireccional_o_contextual,validada_en_fuentes_estructuradas,direct_structured_interaction,DrugBank interaction + AACT evidence for both components,monitorear_o_consultar_profesional,media_alta_si_fuente_estructurada_y_componentes_mapeados,true
REL_0d03aee8a754b2,COMP_A9136ADF22F7,Folic Acid,COMP_C83325EA1704,Metformin,INTERACCION_VALIDADA,RIESGOSA,aumenta_concentracion,excrecion,bidireccional_o_contextual,validada_en_fuentes_estructuradas,direct_structured_interaction,DrugBank interaction + AACT evidence for both components,monitorear_o_consultar_profesional,media_alta_si_fuente_estructurada_y_componentes_mapeados,true
REL_ecfc54ccf16f8e,COMP_C83325EA1704,Metformin,COMP_90AF93FFA118,Naproxen,INTERACCION_VALIDADA,RIESGOSA,aumenta_concentracion,excrecion,bidireccional_o_contextual,validada_en_fuentes_estructuradas,direct_structured_interaction,DrugBank interaction + AACT evidence for both components,monitorear_o_consultar_profesional,media_alta_si_fuente_estructurada_y_componentes_mapeados,true
REL_2a92c162b7e685,COMP_07249C028641,Diclofenac,COMP_C83325EA1704,Metformin,INTERACCION_VALIDADA,RIESGOSA,aumenta_concentracion,excrecion,bidireccional_o_contextual,validada_en_fuentes_estructuradas,direct_structured_interaction,DrugBank interaction + AACT evidence for both components,monitorear_o_consultar_profesional,media_alta_si_fuente_estructurada_y_componentes_mapeados,true
REL_7bbca59cf296ca,COMP_5C76A77D0978,Indomethacin,COMP_C83325EA1704,Metformin,INTERACCION_VALIDADA,RIESGOSA,efecto_aditivo_peligroso,otro,bidireccional_o_contextual,validada_en_fuentes_estructuradas,direct_structured_interaction,DrugBank interaction + AACT evidence for both components,monitorear_o_consultar_profesional,media_alta_si_fuente_estructurada_y_componentes_mapeados,true
REL_76e8d54641bfac,COMP_C83325EA1704,Metformin,COMP_781B4EA1D853,Selenium,INTERACCION_VALIDADA,RIESGOSA,aumenta_concentracion,excrecion,bidireccional_o_contextual,validada_en_fuentes_estructuradas,direct_structured_interaction,DrugBank interaction + AACT evidence for both components,monitorear_o_consultar_profesional,media_alta_si_fuente_estructurada_y_componentes_mapeados,true
REL_ae6c02a71d735d,COMP_C83325EA1704,Metformin,COMP_FB0BFF3E6E21,Vitamin B6,INTERACCION_VALIDADA,RIESGOSA,aumenta_concentracion,excrecion,bidireccional_o_contextual,validada_en_fuentes_estructuradas,direct_structured_interaction,DrugBank interaction + AACT evidence for both components,monitorear_o_consultar_profesional,media_alta_si_fuente_estructurada_y_componentes_mapeados,true
REL_9cc7af5fb35c94,COMP_C83325EA1704,Metformin,COMP_4F4F134A6B55,thiamine,INTERACCION_VALIDADA,RIESGOSA,aumenta_concentracion,concentracion_serica,bidireccional_o_contextual,validada_en_fuentes_estructuradas,direct_structured_interaction,DrugBank interaction + AACT evidence for both components,monitorear_o_consultar_profesional,media_alta_si_fuente_estructurada_y_componentes_mapeados,true
REL_22e4f455d32254,COMP_F3C5987AA984,eicosapentaenoic acid,COMP_C83325EA1704,Metformin,INTERACCION_VALIDADA,RIESGOSA,aumenta_concentracion,excrecion,bidireccional_o_contextual,validada_en_fuentes_estructuradas,direct_structured_interaction,DrugBank interaction + AACT evidence for both components,monitorear_o_consultar_profesional,media_alta_si_fuente_estructurada_y_componentes_mapeados,true
REL_8e70b385ad50e0,COMP_0987F386BB65,Carnitine,COMP_C83325EA1704,Metformin,INTERACCION_VALIDADA,RIESGOSA,aumenta_concentracion,excrecion,bidireccional_o_contextual,validada_en_fuentes_estructuradas,direct_structured_interaction,DrugBank interaction + AACT evidence for both components,monitorear_o_consultar_profesional,media_alta_si_fuente_estructurada_y_componentes_mapeados,true
REL_5616027b3af581,COMP_A204C673A9A2,Choline,COMP_C83325EA1704,Metformin,INTERACCION_VALIDADA,RIESGOSA,aumenta_concentracion,concentracion_serica,bidireccional_o_contextual,validada_en_fuentes_estructuradas,direct_structured_interaction,DrugBank interaction + AACT evidence for both components,monitorear_o_consultar_profesional,media_alta_si_fuente_estructurada_y_componentes_mapeados,true
REL_09f7ba1aa4bad4,COMP_430EB7DE720D,inositol,COMP_C83325EA1704,Metformin,INTERACCION_VALIDADA,RIESGOSA,aumenta_concentracion,excrecion,bidireccional_o_contextual,validada_en_fuentes_estructuradas,direct_structured_interaction,DrugBank interaction + AACT evidence for both components,monitorear_o_consultar_profesional,media_alta_si_fuente_estructurada_y_componentes_mapeados,true
REL_7abf96578954ac,COMP_C83325EA1704,Metformin,COMP_BB2F708BF799,Potassium,INTERACCION_VALIDADA,ANULACION,interferencia_excrecion,excrecion,bidireccional_o_contextual,validada_en_fuentes_estructuradas,direct_structured_interaction,DrugBank interaction + AACT evidence for both components,evitar_combinacion_o_validar_indicacion,media_alta_si_fuente_estructurada_y_componentes_mapeados,true
REL_3d87320a68e465,COMP_C83325EA1704,Metformin,COMP_083D6A6B4B99,Piroxicam,INTERACCION_VALIDADA,RIESGOSA,aumenta_concentracion,excrecion,bidireccional_o_contextual,validada_en_fuentes_estructuradas,direct_structured_interaction,DrugBank interaction + AACT evidence for both components,monitorear_o_consultar_profesional,media_alta_si_fuente_estructurada_y_componentes_mapeados,true
REL_c84ab4563a0aa7,COMP_F64AC3CDE665,Chlorzoxazone,COMP_C83325EA1704,Metformin,INTERACCION_VALIDADA,RIESGOSA,aumenta_concentracion,excrecion,bidireccional_o_contextual,validada_en_fuentes_estructuradas,direct_structured_interaction,DrugBank interaction + AACT evidence for both components,monitorear_o_consultar_profesional,media_alta_si_fuente_estructurada_y_componentes_mapeados,true
REL_00499ad970800f,COMP_C83325EA1704,Metformin,COMP_927588D27E64,dexpanthenol,INTERACCION_VALIDADA,RIESGOSA,aumenta_concentracion,excrecion,bidireccional_o_contextual,validada_en_fuentes_estructuradas,direct_structured_interaction,DrugBank interaction + AACT evidence for both components,monitorear_o_consultar_profesional,media_alta_si_fuente_estructurada_y_componentes_mapeados,true
REL_c3fcf485615f11,COMP_C83325EA1704,Metformin,COMP_87830EC94B25,potassium bicarbonate,INTERACCION_VALIDADA,RIESGOSA,aumenta_concentracion,excrecion,bidireccional_o_contextual,validada_en_fuentes_estructuradas,direct_structured_interaction,DrugBank interaction + AACT evidence for both components,monitorear_o_consultar_profesional,media_alta_si_fuente_estructurada_y_componentes_mapeados,true
REL_e6e882b2079b08,COMP_EF944BAE2602,magnesium hydroxide,COMP_C83325EA1704,Metformin,INTERACCION_VALIDADA,RIESGOSA,aumenta_concentracion,excrecion,bidireccional_o_contextual,validada_en_fuentes_estructuradas,direct_structured_interaction,DrugBank interaction + AACT evidence for both components,monitorear_o_consultar_profesional,media_alta_si_fuente_estructurada_y_componentes_mapeados,true
REL_2297429f12acbb,COMP_6205613132FA,chondroitin sulfates,COMP_C83325EA1704,Metformin,INTERACCION_VALIDADA,RIESGOSA,aumenta_concentracion,excrecion,bidireccional_o_contextual,validada_en_fuentes_estructuradas,direct_structured_interaction,DrugBank interaction + AACT evidence for both components,monitorear_o_consultar_profesional,media_alta_si_fuente_estructurada_y_componentes_mapeados,true
REL_5e45968a7385be,COMP_C83325EA1704,Metformin,COMP_F2F0C67E823A,N-Acetyl Tyrosine,INTERACCION_VALIDADA,RIESGOSA,aumenta_concentracion,excrecion,bidireccional_o_contextual,validada_en_fuentes_estructuradas,direct_structured_interaction,DrugBank interaction + AACT evidence for one component,monitorear_o_consultar_profesional,media_alta_si_fuente_estructurada_y_componentes_mapeados,true
REL_fbb732c272816c,COMP_C83325EA1704,Metformin,COMP_EFF1AE308675,chromic chloride,INTERACCION_VALIDADA,RIESGOSA,aumenta_concentracion,excrecion,bidireccional_o_contextual,validada_en_fuentes_estructuradas,direct_structured_interaction,DrugBank interaction + AACT evidence for one component,monitorear_o_consultar_profesional,media_alta_si_fuente_estructurada_y_componentes_mapeados,true
REL_53cf6b5475191f,COMP_80AE44850DC4,Aspirin,COMP_DDC56A4249E5,Ibuprofen,INTERACCION_VALIDADA,INEFICAZ,reduce_eficacia_terapeutica,sangrado_coagulacion,bidireccional_o_contextual,validada_en_fuentes_estructuradas,direct_structured_interaction,DrugBank interaction + AACT evidence for both components,monitorear_eficacia,media_alta_si_fuente_estructurada_y_componentes_mapeados,true
REL_355a2d8441a467,COMP_80AE44850DC4,Aspirin,COMP_FBAB1F08FFC3,Sildenafil,INTERACCION_VALIDADA,RIESGOSA,aumenta_concentracion,metabolismo,bidireccional_o_contextual,validada_en_fuentes_estructuradas,direct_structured_interaction,DrugBank interaction + AACT evidence for both components,monitorear_o_consultar_profesional,media_alta_si_fuente_estructurada_y_componentes_mapeados,true
REL_4efee447158038,COMP_80AE44850DC4,Aspirin,COMP_8898CFB27A9E,Cannabidiol,INTERACCION_VALIDADA,RIESGOSA,aumenta_concentracion,metabolismo,bidireccional_o_contextual,validada_en_fuentes_estructuradas,direct_structured_interaction,DrugBank interaction + AACT evidence for both components,monitorear_o_consultar_profesional,media_alta_si_fuente_estructurada_y_componentes_mapeados,true
REL_3b8a62827b41ce,COMP_80AE44850DC4,Aspirin,COMP_D4790F9775EF,Vitamin E,INTERACCION_VALIDADA,RIESGOSA,efecto_aditivo_peligroso,sangrado_coagulacion,bidireccional_o_contextual,validada_en_fuentes_estructuradas,direct_structured_interaction,DrugBank interaction + AACT evidence for both components,monitorear_o_consultar_profesional,media_alta_si_fuente_estructurada_y_componentes_mapeados,true
REL_2f53a9273d31db,COMP_80AE44850DC4,Aspirin,COMP_90AF93FFA118,Naproxen,INTERACCION_VALIDADA,INEFICAZ,reduce_eficacia_terapeutica,reduccion_eficacia,bidireccional_o_contextual,validada_en_fuentes_estructuradas,direct_structured_interaction,DrugBank interaction + AACT evidence for both components,monitorear_eficacia,media_alta_si_fuente_estructurada_y_componentes_mapeados,true
REL_270c178ebb2e0c,COMP_80AE44850DC4,Aspirin,COMP_C34D1F3079C8,Omega-3 Fatty Acids,INTERACCION_VALIDADA,RIESGOSA,efecto_aditivo_peligroso,sangrado_coagulacion,bidireccional_o_contextual,validada_en_fuentes_estructuradas,direct_structured_interaction,DrugBank interaction + AACT evidence for both components,monitorear_o_consultar_profesional,media_alta_si_fuente_estructurada_y_componentes_mapeados,true
REL_9cc7382c9c08e4,COMP_80AE44850DC4,Aspirin,COMP_07249C028641,Diclofenac,INTERACCION_VALIDADA,INEFICAZ,reduce_eficacia_terapeutica,reduccion_eficacia,bidireccional_o_contextual,validada_en_fuentes_estructuradas,direct_structured_interaction,DrugBank interaction + AACT evidence for both components,monitorear_eficacia,media_alta_si_fuente_estructurada_y_componentes_mapeados,true
REL_b31e73c9db4c08,COMP_80AE44850DC4,Aspirin,COMP_5C76A77D0978,Indomethacin,INTERACCION_VALIDADA,INEFICAZ,reduce_eficacia_terapeutica,reduccion_eficacia,bidireccional_o_contextual,validada_en_fuentes_estructuradas,direct_structured_interaction,DrugBank interaction + AACT evidence for both components,monitorear_eficacia,media_alta_si_fuente_estructurada_y_componentes_mapeados,true
REL_42cf084d57d089,COMP_80AE44850DC4,Aspirin,COMP_77CD38A13F0B,resveratrol,INTERACCION_VALIDADA,RIESGOSA,efecto_aditivo_peligroso,sangrado_coagulacion,bidireccional_o_contextual,validada_en_fuentes_estructuradas,direct_structured_interaction,DrugBank interaction + AACT evidence for both components,monitorear_o_consultar_profesional,media_alta_si_fuente_estructurada_y_componentes_mapeados,true
REL_29aaf24873db38,COMP_80AE44850DC4,Aspirin,COMP_781B4EA1D853,Selenium,INTERACCION_VALIDADA,RIESGOSA,aumenta_concentracion,excrecion,bidireccional_o_contextual,validada_en_fuentes_estructuradas,direct_structured_interaction,DrugBank interaction + AACT evidence for both components,monitorear_o_consultar_profesional,media_alta_si_fuente_estructurada_y_componentes_mapeados,true
REL_af8d5303fee731,COMP_80AE44850DC4,Aspirin,COMP_FB0BFF3E6E21,Vitamin B6,INTERACCION_VALIDADA,RIESGOSA,aumenta_concentracion,excrecion,bidireccional_o_contextual,validada_en_fuentes_estructuradas,direct_structured_interaction,DrugBank interaction + AACT evidence for both components,monitorear_o_consultar_profesional,media_alta_si_fuente_estructurada_y_componentes_mapeados,true
REL_cd4d0881cbe8e9,COMP_80AE44850DC4,Aspirin,COMP_EE8B9802BAD1,quercetin,INTERACCION_VALIDADA,RIESGOSA,aumenta_concentracion,metabolismo,bidireccional_o_contextual,validada_en_fuentes_estructuradas,direct_structured_interaction,DrugBank interaction + AACT evidence for both components,monitorear_o_consultar_profesional,media_alta_si_fuente_estructurada_y_componentes_mapeados,true
REL_e88fb8bea6e75a,COMP_80AE44850DC4,Aspirin,COMP_160A62BC3CB2,astaxanthin,INTERACCION_VALIDADA,RIESGOSA,efecto_aditivo_peligroso,sangrado_coagulacion,bidireccional_o_contextual,validada_en_fuentes_estructuradas,direct_structured_interaction,DrugBank interaction + AACT evidence for both components,monitorear_o_consultar_profesional,media_alta_si_fuente_estructurada_y_componentes_mapeados,true
REL_1501c49c727f0f,COMP_F3C5987AA984,eicosapentaenoic acid,COMP_80AE44850DC4,Aspirin,INTERACCION_VALIDADA,INEFICAZ,reduce_eficacia_terapeutica,reduccion_eficacia,bidireccional_o_contextual,validada_en_fuentes_estructuradas,direct_structured_interaction,DrugBank interaction + AACT evidence for both components,monitorear_eficacia,media_alta_si_fuente_estructurada_y_componentes_mapeados,true
REL_0e0190e9d5fc85,COMP_80AE44850DC4,Aspirin,COMP_0987F386BB65,Carnitine,INTERACCION_VALIDADA,RIESGOSA,aumenta_concentracion,excrecion,bidireccional_o_contextual,validada_en_fuentes_estructuradas,direct_structured_interaction,DrugBank interaction + AACT evidence for both components,monitorear_o_consultar_profesional,media_alta_si_fuente_estructurada_y_componentes_mapeados,true
REL_84706ab2c67e39,COMP_80AE44850DC4,Aspirin,COMP_E897495403E2,Vardenafil,INTERACCION_VALIDADA,RIESGOSA,aumenta_concentracion,metabolismo,bidireccional_o_contextual,validada_en_fuentes_estructuradas,direct_structured_interaction,DrugBank interaction + AACT evidence for both components,monitorear_o_consultar_profesional,media_alta_si_fuente_estructurada_y_componentes_mapeados,true
REL_426f76630cc532,COMP_80AE44850DC4,Aspirin,COMP_BB2F708BF799,Potassium,INTERACCION_VALIDADA,RIESGOSA,aumenta_concentracion,excrecion,bidireccional_o_contextual,validada_en_fuentes_estructuradas,direct_structured_interaction,DrugBank interaction + AACT evidence for both components,monitorear_o_consultar_profesional,media_alta_si_fuente_estructurada_y_componentes_mapeados,true
REL_16e0cbf35d1938,COMP_80AE44850DC4,Aspirin,COMP_430EB7DE720D,inositol,INTERACCION_VALIDADA,RIESGOSA,aumenta_concentracion,excrecion,bidireccional_o_contextual,validada_en_fuentes_estructuradas,direct_structured_interaction,DrugBank interaction + AACT evidence for both components,monitorear_o_consultar_profesional,media_alta_si_fuente_estructurada_y_componentes_mapeados,true
REL_9219e6a041e7f0,COMP_80AE44850DC4,Aspirin,COMP_083D6A6B4B99,Piroxicam,INTERACCION_VALIDADA,INEFICAZ,reduce_eficacia_terapeutica,reduccion_eficacia,bidireccional_o_contextual,validada_en_fuentes_estructuradas,direct_structured_interaction,DrugBank interaction + AACT evidence for both components,monitorear_eficacia,media_alta_si_fuente_estructurada_y_componentes_mapeados,true
REL_7d2c0a4474c82f,COMP_80AE44850DC4,Aspirin,COMP_3B7058496041,L-Phenylalanine,INTERACCION_VALIDADA,RIESGOSA,efecto_aditivo_peligroso,sangrado_coagulacion,bidireccional_o_contextual,validada_en_fuentes_estructuradas,direct_structured_interaction,DrugBank interaction + AACT evidence for both components,evitar_o_consultar_profesional,media_alta_si_fuente_estructurada_y_componentes_mapeados,true
REL_7f33a1715b656b,COMP_80AE44850DC4,Aspirin,COMP_9FA62B7E567C,citrulline,INTERACCION_VALIDADA,RIESGOSA,aumenta_concentracion,excrecion,bidireccional_o_contextual,validada_en_fuentes_estructuradas,direct_structured_interaction,DrugBank interaction + AACT evidence for both components,monitorear_o_consultar_profesional,media_alta_si_fuente_estructurada_y_componentes_mapeados,true
REL_ad8867db8d1995,COMP_80AE44850DC4,Aspirin,COMP_19D9B817C2B7,Terazosin,INTERACCION_VALIDADA,INEFICAZ,reduce_eficacia_terapeutica,otro,bidireccional_o_contextual,validada_en_fuentes_estructuradas,direct_structured_interaction,DrugBank interaction + AACT evidence for both components,monitorear_eficacia,media_alta_si_fuente_estructurada_y_componentes_mapeados,true
REL_03872b0aed0417,COMP_80AE44850DC4,Aspirin,COMP_09C95935BD2C,sodium citrate,INTERACCION_VALIDADA,RIESGOSA,efecto_aditivo_peligroso,sangrado_coagulacion,bidireccional_o_contextual,validada_en_fuentes_estructuradas,direct_structured_interaction,DrugBank interaction + AACT evidence for both components,monitorear_o_consultar_profesional,media_alta_si_fuente_estructurada_y_componentes_mapeados,true
REL_fea10de1fe0b0d,COMP_80AE44850DC4,Aspirin,COMP_41BF6A84967F,glucosamine,INTERACCION_VALIDADA,RIESGOSA,efecto_aditivo_peligroso,sangrado_coagulacion,bidireccional_o_contextual,validada_en_fuentes_estructuradas,direct_structured_interaction,DrugBank interaction + AACT evidence for both components,monitorear_o_consultar_profesional,media_alta_si_fuente_estructurada_y_componentes_mapeados,true
REL_c8c056cf533ee7,COMP_80AE44850DC4,Aspirin,COMP_F64AC3CDE665,Chlorzoxazone,INTERACCION_VALIDADA,RIESGOSA,aumenta_concentracion,excrecion,bidireccional_o_contextual,validada_en_fuentes_estructuradas,direct_structured_interaction,DrugBank interaction + AACT evidence for both components,monitorear_o_consultar_profesional,media_alta_si_fuente_estructurada_y_componentes_mapeados,true
REL_8abf570ffaebef,COMP_80AE44850DC4,Aspirin,COMP_87830EC94B25,potassium bicarbonate,INTERACCION_VALIDADA,RIESGOSA,efecto_aditivo_peligroso,hiperpotasemia,bidireccional_o_contextual,validada_en_fuentes_estructuradas,direct_structured_interaction,DrugBank interaction + AACT evidence for both components,evitar_o_consultar_profesional,media_alta_si_fuente_estructurada_y_componentes_mapeados,true
REL_11d127f51a9c9a,COMP_80AE44850DC4,Aspirin,COMP_927588D27E64,dexpanthenol,INTERACCION_VALIDADA,RIESGOSA,aumenta_concentracion,excrecion,bidireccional_o_contextual,validada_en_fuentes_estructuradas,direct_structured_interaction,DrugBank interaction + AACT evidence for both components,monitorear_o_consultar_profesional,media_alta_si_fuente_estructurada_y_componentes_mapeados,true
REL_efc7eaaa67bd50,COMP_80AE44850DC4,Aspirin,COMP_D022F9B54612,potassium phosphate,INTERACCION_VALIDADA,RIESGOSA,aumenta_concentracion,concentracion_serica,bidireccional_o_contextual,validada_en_fuentes_estructuradas,direct_structured_interaction,DrugBank interaction + AACT evidence for both components,monitorear_o_consultar_profesional,media_alta_si_fuente_estructurada_y_componentes_mapeados,true
REL_6da208d33d5f04,COMP_80AE44850DC4,Aspirin,COMP_78F37B4F18A6,fish oils,INTERACCION_VALIDADA,RIESGOSA,efecto_aditivo_peligroso,hiperpotasemia,bidireccional_o_contextual,validada_en_fuentes_estructuradas,direct_structured_interaction,DrugBank interaction + AACT evidence for both components,evitar_o_consultar_profesional,media_alta_si_fuente_estructurada_y_componentes_mapeados,true
REL_daa24f8f745c97,COMP_80AE44850DC4,Aspirin,COMP_2AC11FDDB0D2,potassium hydroxide,INTERACCION_VALIDADA,RIESGOSA,efecto_aditivo_peligroso,hiperpotasemia,bidireccional_o_contextual,validada_en_fuentes_estructuradas,direct_structured_interaction,DrugBank interaction + AACT evidence for both components,evitar_o_consultar_profesional,media_alta_si_fuente_estructurada_y_componentes_mapeados,true
REL_2de1123f860050,COMP_80AE44850DC4,Aspirin,COMP_6205613132FA,chondroitin sulfates,INTERACCION_VALIDADA,RIESGOSA,aumenta_concentracion,excrecion,bidireccional_o_contextual,validada_en_fuentes_estructuradas,direct_structured_interaction,DrugBank interaction + AACT evidence for both components,monitorear_o_consultar_profesional,media_alta_si_fuente_estructurada_y_componentes_mapeados,true
REL_0e43596a4a5cfd,COMP_80AE44850DC4,Aspirin,COMP_F2F0C67E823A,N-Acetyl Tyrosine,INTERACCION_VALIDADA,RIESGOSA,aumenta_concentracion,excrecion,bidireccional_o_contextual,validada_en_fuentes_estructuradas,direct_structured_interaction,DrugBank interaction + AACT evidence for one component,monitorear_o_consultar_profesional,media_alta_si_fuente_estructurada_y_componentes_mapeados,true
REL_9296cc4dcc0535,COMP_80AE44850DC4,Aspirin,COMP_EFF1AE308675,chromic chloride,INTERACCION_VALIDADA,RIESGOSA,aumenta_concentracion,excrecion,bidireccional_o_contextual,validada_en_fuentes_estructuradas,direct_structured_interaction,DrugBank interaction + AACT evidence for one component,monitorear_o_consultar_profesional,media_alta_si_fuente_estructurada_y_componentes_mapeados,true
REL_22dfbc0eba33ed,COMP_DDC56A4249E5,Ibuprofen,COMP_FBAB1F08FFC3,Sildenafil,INTERACCION_VALIDADA,RIESGOSA,aumenta_concentracion,metabolismo,bidireccional_o_contextual,validada_en_fuentes_estructuradas,direct_structured_interaction,DrugBank interaction + AACT evidence for both components,monitorear_o_consultar_profesional,media_alta_si_fuente_estructurada_y_componentes_mapeados,true
REL_4c05c5d495f801,COMP_A9136ADF22F7,Folic Acid,COMP_DDC56A4249E5,Ibuprofen,INTERACCION_VALIDADA,RIESGOSA,aumenta_concentracion,excrecion,bidireccional_o_contextual,validada_en_fuentes_estructuradas,direct_structured_interaction,DrugBank interaction + AACT evidence for both components,monitorear_o_consultar_profesional,media_alta_si_fuente_estructurada_y_componentes_mapeados,true
REL_61ccde7ce8d9e7,COMP_DDC56A4249E5,Ibuprofen,COMP_8898CFB27A9E,Cannabidiol,INTERACCION_VALIDADA,RIESGOSA,aumenta_concentracion,metabolismo,bidireccional_o_contextual,validada_en_fuentes_estructuradas,direct_structured_interaction,DrugBank interaction + AACT evidence for both components,monitorear_o_consultar_profesional,media_alta_si_fuente_estructurada_y_componentes_mapeados,true
REL_e0fce4b124121f,COMP_DDC56A4249E5,Ibuprofen,COMP_90AF93FFA118,Naproxen,INTERACCION_VALIDADA,RIESGOSA,efecto_aditivo_peligroso,eventos_adversos,bidireccional_o_contextual,validada_en_fuentes_estructuradas,direct_structured_interaction,DrugBank interaction + AACT evidence for both components,monitorear_o_consultar_profesional,media_alta_si_fuente_estructurada_y_componentes_mapeados,true
REL_29be4ad4993c6a,COMP_07249C028641,Diclofenac,COMP_DDC56A4249E5,Ibuprofen,INTERACCION_VALIDADA,RIESGOSA,efecto_aditivo_peligroso,eventos_adversos,bidireccional_o_contextual,validada_en_fuentes_estructuradas,direct_structured_interaction,DrugBank interaction + AACT evidence for both components,monitorear_o_consultar_profesional,media_alta_si_fuente_estructurada_y_componentes_mapeados,true
REL_599df06d43cad4,COMP_4F582819D2E9,caffeine,COMP_74AC5BE900AC,melatonin,INTERACCION_VALIDADA,RIESGOSA,aumenta_concentracion,metabolismo,bidireccional_o_contextual,validada_en_fuentes_estructuradas,direct_structured_interaction,DrugBank interaction + AACT evidence for both components,monitorear_o_consultar_profesional,media_alta_si_fuente_estructurada_y_componentes_mapeados,true
REL_1161280a9941f1,COMP_DDC56A4249E5,Ibuprofen,COMP_5C76A77D0978,Indomethacin,INTERACCION_VALIDADA,RIESGOSA,efecto_aditivo_peligroso,eventos_adversos,bidireccional_o_contextual,validada_en_fuentes_estructuradas,direct_structured_interaction,DrugBank interaction + AACT evidence for both components,monitorear_o_consultar_profesional,media_alta_si_fuente_estructurada_y_componentes_mapeados,true
REL_55a1926f40ce35,COMP_74AC5BE900AC,melatonin,COMP_8898CFB27A9E,Cannabidiol,INTERACCION_VALIDADA,RIESGOSA,efecto_aditivo_peligroso,eventos_adversos,bidireccional_o_contextual,validada_en_fuentes_estructuradas,direct_structured_interaction,DrugBank interaction + AACT evidence for both components,monitorear_o_consultar_profesional,media_alta_si_fuente_estructurada_y_componentes_mapeados,true
REL_09909b0da9dfef,COMP_DDC56A4249E5,Ibuprofen,COMP_77CD38A13F0B,resveratrol,INTERACCION_VALIDADA,RIESGOSA,efecto_aditivo_peligroso,sangrado_coagulacion,bidireccional_o_contextual,validada_en_fuentes_estructuradas,direct_structured_interaction,DrugBank interaction + AACT evidence for both components,evitar_o_consultar_profesional,media_alta_si_fuente_estructurada_y_componentes_mapeados,true
REL_4353b8097a0b07,COMP_DDC56A4249E5,Ibuprofen,COMP_781B4EA1D853,Selenium,INTERACCION_VALIDADA,RIESGOSA,aumenta_concentracion,excrecion,bidireccional_o_contextual,validada_en_fuentes_estructuradas,direct_structured_interaction,DrugBank interaction + AACT evidence for both components,monitorear_o_consultar_profesional,media_alta_si_fuente_estructurada_y_componentes_mapeados,true
REL_a36abf2c14411a,COMP_DDC56A4249E5,Ibuprofen,COMP_EE8B9802BAD1,quercetin,INTERACCION_VALIDADA,RIESGOSA,aumenta_concentracion,metabolismo,bidireccional_o_contextual,validada_en_fuentes_estructuradas,direct_structured_interaction,DrugBank interaction + AACT evidence for both components,monitorear_o_consultar_profesional,media_alta_si_fuente_estructurada_y_componentes_mapeados,true
REL_b8913f5b5426cb,COMP_74AC5BE900AC,melatonin,COMP_90AF93FFA118,Naproxen,INTERACCION_VALIDADA,RIESGOSA,aumenta_concentracion,metabolismo,bidireccional_o_contextual,validada_en_fuentes_estructuradas,direct_structured_interaction,DrugBank interaction + AACT evidence for both components,monitorear_o_consultar_profesional,media_alta_si_fuente_estructurada_y_componentes_mapeados,true
REL_22389fdb397206,COMP_F3C5987AA984,eicosapentaenoic acid,COMP_DDC56A4249E5,Ibuprofen,INTERACCION_VALIDADA,RIESGOSA,efecto_aditivo_peligroso,eventos_adversos,bidireccional_o_contextual,validada_en_fuentes_estructuradas,direct_structured_interaction,DrugBank interaction + AACT evidence for both components,monitorear_o_consultar_profesional,media_alta_si_fuente_estructurada_y_componentes_mapeados,true
REL_2e14de319f17a5,COMP_0987F386BB65,Carnitine,COMP_DDC56A4249E5,Ibuprofen,INTERACCION_VALIDADA,RIESGOSA,aumenta_concentracion,excrecion,bidireccional_o_contextual,validada_en_fuentes_estructuradas,direct_structured_interaction,DrugBank interaction + AACT evidence for both components,monitorear_o_consultar_profesional,media_alta_si_fuente_estructurada_y_componentes_mapeados,true
REL_09f0cac393f325,COMP_DDC56A4249E5,Ibuprofen,COMP_E897495403E2,Vardenafil,INTERACCION_VALIDADA,RIESGOSA,aumenta_concentracion,metabolismo,bidireccional_o_contextual,validada_en_fuentes_estructuradas,direct_structured_interaction,DrugBank interaction + AACT evidence for both components,monitorear_o_consultar_profesional,media_alta_si_fuente_estructurada_y_componentes_mapeados,true
REL_79972a60ed1077,COMP_DDC56A4249E5,Ibuprofen,COMP_BB2F708BF799,Potassium,INTERACCION_VALIDADA,RIESGOSA,efecto_aditivo_peligroso,hiperpotasemia,bidireccional_o_contextual,validada_en_fuentes_estructuradas,direct_structured_interaction,DrugBank interaction + AACT evidence for both components,evitar_o_consultar_profesional,media_alta_si_fuente_estructurada_y_componentes_mapeados,true
REL_0eaa2b4abeddc9,COMP_DDC56A4249E5,Ibuprofen,COMP_430EB7DE720D,inositol,INTERACCION_VALIDADA,RIESGOSA,aumenta_concentracion,excrecion,bidireccional_o_contextual,validada_en_fuentes_estructuradas,direct_structured_interaction,DrugBank interaction + AACT evidence for both components,monitorear_o_consultar_profesional,media_alta_si_fuente_estructurada_y_componentes_mapeados,true
REL_be7b1b79163f53,COMP_DDC56A4249E5,Ibuprofen,COMP_083D6A6B4B99,Piroxicam,INTERACCION_VALIDADA,RIESGOSA,efecto_aditivo_peligroso,eventos_adversos,bidireccional_o_contextual,validada_en_fuentes_estructuradas,direct_structured_interaction,DrugBank interaction + AACT evidence for both components,monitorear_o_consultar_profesional,media_alta_si_fuente_estructurada_y_componentes_mapeados,true
REL_b67d673db1826d,COMP_9FA62B7E567C,citrulline,COMP_DDC56A4249E5,Ibuprofen,INTERACCION_VALIDADA,RIESGOSA,aumenta_concentracion,excrecion,bidireccional_o_contextual,validada_en_fuentes_estructuradas,direct_structured_interaction,DrugBank interaction + AACT evidence for both components,monitorear_o_consultar_profesional,media_alta_si_fuente_estructurada_y_componentes_mapeados,true
REL_7ee2233b2e4ec2,COMP_DDC56A4249E5,Ibuprofen,COMP_19D9B817C2B7,Terazosin,INTERACCION_VALIDADA,INEFICAZ,reduce_eficacia_terapeutica,reduccion_eficacia,bidireccional_o_contextual,validada_en_fuentes_estructuradas,direct_structured_interaction,DrugBank interaction + AACT evidence for both components,monitorear_eficacia,media_alta_si_fuente_estructurada_y_componentes_mapeados,true
REL_d6ddc84c6b900e,COMP_4F582819D2E9,caffeine,COMP_A9136ADF22F7,Folic Acid,INTERACCION_VALIDADA,RIESGOSA,aumenta_concentracion,excrecion,bidireccional_o_contextual,validada_en_fuentes_estructuradas,direct_structured_interaction,DrugBank interaction + AACT evidence for both components,monitorear_o_consultar_profesional,media_alta_si_fuente_estructurada_y_componentes_mapeados,true
REL_84935276665572,COMP_4F582819D2E9,caffeine,COMP_8898CFB27A9E,Cannabidiol,INTERACCION_VALIDADA,ANULACION,interferencia_excrecion,excrecion,bidireccional_o_contextual,validada_en_fuentes_estructuradas,direct_structured_interaction,DrugBank interaction + AACT evidence for both components,evitar_combinacion_o_validar_indicacion,media_alta_si_fuente_estructurada_y_componentes_mapeados,true
REL_938cdad3136c2f,COMP_F64AC3CDE665,Chlorzoxazone,COMP_DDC56A4249E5,Ibuprofen,INTERACCION_VALIDADA,RIESGOSA,aumenta_concentracion,excrecion,bidireccional_o_contextual,validada_en_fuentes_estructuradas,direct_structured_interaction,DrugBank interaction + AACT evidence for both components,monitorear_o_consultar_profesional,media_alta_si_fuente_estructurada_y_componentes_mapeados,true
REL_f8e3f0f65bea62,COMP_FBAB1F08FFC3,Sildenafil,COMP_8898CFB27A9E,Cannabidiol,INTERACCION_VALIDADA,RIESGOSA,aumenta_concentracion,metabolismo,bidireccional_o_contextual,validada_en_fuentes_estructuradas,direct_structured_interaction,DrugBank interaction + AACT evidence for both components,monitorear_o_consultar_profesional,media_alta_si_fuente_estructurada_y_componentes_mapeados,true
REL_2b269ada38e25e,COMP_A9136ADF22F7,Folic Acid,COMP_8898CFB27A9E,Cannabidiol,INTERACCION_VALIDADA,RIESGOSA,aumenta_concentracion,excrecion,bidireccional_o_contextual,validada_en_fuentes_estructuradas,direct_structured_interaction,DrugBank interaction + AACT evidence for both components,monitorear_o_consultar_profesional,media_alta_si_fuente_estructurada_y_componentes_mapeados,true
REL_38d78256bd370c,COMP_DDC56A4249E5,Ibuprofen,COMP_87830EC94B25,potassium bicarbonate,INTERACCION_VALIDADA,RIESGOSA,efecto_aditivo_peligroso,hiperpotasemia,bidireccional_o_contextual,validada_en_fuentes_estructuradas,direct_structured_interaction,DrugBank interaction + AACT evidence for both components,evitar_o_consultar_profesional,media_alta_si_fuente_estructurada_y_componentes_mapeados,true
REL_e6c119a045d934,COMP_DDC56A4249E5,Ibuprofen,COMP_927588D27E64,dexpanthenol,INTERACCION_VALIDADA,RIESGOSA,aumenta_concentracion,excrecion,bidireccional_o_contextual,validada_en_fuentes_estructuradas,direct_structured_interaction,DrugBank interaction + AACT evidence for both components,monitorear_o_consultar_profesional,media_alta_si_fuente_estructurada_y_componentes_mapeados,true
REL_2241871e37e901,COMP_DDC56A4249E5,Ibuprofen,COMP_EF944BAE2602,magnesium hydroxide,INTERACCION_VALIDADA,RIESGOSA,aumenta_concentracion,excrecion,bidireccional_o_contextual,validada_en_fuentes_estructuradas,direct_structured_interaction,DrugBank interaction + AACT evidence for both components,monitorear_o_consultar_profesional,media_alta_si_fuente_estructurada_y_componentes_mapeados,true
REL_73942f141f481d,COMP_DDC56A4249E5,Ibuprofen,COMP_D022F9B54612,potassium phosphate,INTERACCION_VALIDADA,RIESGOSA,efecto_aditivo_peligroso,hiperpotasemia,bidireccional_o_contextual,validada_en_fuentes_estructuradas,direct_structured_interaction,DrugBank interaction + AACT evidence for both components,evitar_o_consultar_profesional,media_alta_si_fuente_estructurada_y_componentes_mapeados,true
REL_414e7ffb07f500,COMP_DDC56A4249E5,Ibuprofen,COMP_2AC11FDDB0D2,potassium hydroxide,INTERACCION_VALIDADA,RIESGOSA,efecto_aditivo_peligroso,hiperpotasemia,bidireccional_o_contextual,validada_en_fuentes_estructuradas,direct_structured_interaction,DrugBank interaction + AACT evidence for both components,evitar_o_consultar_profesional,media_alta_si_fuente_estructurada_y_componentes_mapeados,true
REL_d9e31dad4c6a83,COMP_78F37B4F18A6,fish oils,COMP_DDC56A4249E5,Ibuprofen,INTERACCION_VALIDADA,RIESGOSA,efecto_aditivo_peligroso,hiperpotasemia,bidireccional_o_contextual,validada_en_fuentes_estructuradas,direct_structured_interaction,DrugBank interaction + AACT evidence for both components,evitar_o_consultar_profesional,media_alta_si_fuente_estructurada_y_componentes_mapeados,true
REL_2f2dfac67f1d91,COMP_DDC56A4249E5,Ibuprofen,COMP_F2F0C67E823A,N-Acetyl Tyrosine,INTERACCION_VALIDADA,RIESGOSA,aumenta_concentracion,excrecion,bidireccional_o_contextual,validada_en_fuentes_estructuradas,direct_structured_interaction,DrugBank interaction + AACT evidence for one component,monitorear_o_consultar_profesional,media_alta_si_fuente_estructurada_y_componentes_mapeados,true
REL_1a242ce1f2213b,COMP_07249C028641,Diclofenac,COMP_74AC5BE900AC,melatonin,INTERACCION_VALIDADA,RIESGOSA,aumenta_concentracion,metabolismo,bidireccional_o_contextual,validada_en_fuentes_estructuradas,direct_structured_interaction,DrugBank interaction + AACT evidence for both components,monitorear_o_consultar_profesional,media_alta_si_fuente_estructurada_y_componentes_mapeados,true
REL_e3e5c08b86e487,COMP_DDC56A4249E5,Ibuprofen,COMP_EFF1AE308675,chromic chloride,INTERACCION_VALIDADA,RIESGOSA,aumenta_concentracion,excrecion,bidireccional_o_contextual,validada_en_fuentes_estructuradas,direct_structured_interaction,DrugBank interaction + AACT evidence for one component,monitorear_o_consultar_profesional,media_alta_si_fuente_estructurada_y_componentes_mapeados,true
REL_1f9b5e602626f7,COMP_5C76A77D0978,Indomethacin,COMP_74AC5BE900AC,melatonin,INTERACCION_VALIDADA,RIESGOSA,aumenta_concentracion,excrecion,bidireccional_o_contextual,validada_en_fuentes_estructuradas,direct_structured_interaction,DrugBank interaction + AACT evidence for both components,monitorear_o_consultar_profesional,media_alta_si_fuente_estructurada_y_componentes_mapeados,true
REL_9545e87c44fab8,COMP_90AF93FFA118,Naproxen,COMP_FBAB1F08FFC3,Sildenafil,INTERACCION_VALIDADA,RIESGOSA,aumenta_concentracion,metabolismo,bidireccional_o_contextual,validada_en_fuentes_estructuradas,direct_structured_interaction,DrugBank interaction + AACT evidence for both components,monitorear_o_consultar_profesional,media_alta_si_fuente_estructurada_y_componentes_mapeados,true
REL_85b7382ad9a0fe,COMP_A9136ADF22F7,Folic Acid,COMP_90AF93FFA118,Naproxen,INTERACCION_VALIDADA,RIESGOSA,aumenta_concentracion,excrecion,bidireccional_o_contextual,validada_en_fuentes_estructuradas,direct_structured_interaction,DrugBank interaction + AACT evidence for both components,monitorear_o_consultar_profesional,media_alta_si_fuente_estructurada_y_componentes_mapeados,true
REL_f1ed8106862602,COMP_90AF93FFA118,Naproxen,COMP_8898CFB27A9E,Cannabidiol,INTERACCION_VALIDADA,RIESGOSA,aumenta_concentracion,metabolismo,bidireccional_o_contextual,validada_en_fuentes_estructuradas,direct_structured_interaction,DrugBank interaction + AACT evidence for both components,monitorear_o_consultar_profesional,media_alta_si_fuente_estructurada_y_componentes_mapeados,true
REL_0a6c16a9746bcf,COMP_74A0D7A91DD6,Aminophylline,COMP_74AC5BE900AC,melatonin,INTERACCION_VALIDADA,RIESGOSA,aumenta_concentracion,metabolismo,bidireccional_o_contextual,validada_en_fuentes_estructuradas,direct_structured_interaction,DrugBank interaction + AACT evidence for both components,monitorear_o_consultar_profesional,media_alta_si_fuente_estructurada_y_componentes_mapeados,true
REL_8316c719c1ade0,COMP_74AC5BE900AC,melatonin,COMP_EE8B9802BAD1,quercetin,INTERACCION_VALIDADA,RIESGOSA,aumenta_concentracion,metabolismo,bidireccional_o_contextual,validada_en_fuentes_estructuradas,direct_structured_interaction,DrugBank interaction + AACT evidence for both components,monitorear_o_consultar_profesional,media_alta_si_fuente_estructurada_y_componentes_mapeados,true
REL_80de726b1eab8b,COMP_4F582819D2E9,caffeine,COMP_07249C028641,Diclofenac,INTERACCION_VALIDADA,RIESGOSA,aumenta_concentracion,metabolismo,bidireccional_o_contextual,validada_en_fuentes_estructuradas,direct_structured_interaction,DrugBank interaction + AACT evidence for both components,monitorear_o_consultar_profesional,media_alta_si_fuente_estructurada_y_componentes_mapeados,true
REL_eb4b86904ac85f,COMP_07249C028641,Diclofenac,COMP_FBAB1F08FFC3,Sildenafil,INTERACCION_VALIDADA,RIESGOSA,aumenta_concentracion,metabolismo,bidireccional_o_contextual,validada_en_fuentes_estructuradas,direct_structured_interaction,DrugBank interaction + AACT evidence for both components,monitorear_o_consultar_profesional,media_alta_si_fuente_estructurada_y_componentes_mapeados,true
REL_2109eb13884cb9,COMP_07249C028641,Diclofenac,COMP_A9136ADF22F7,Folic Acid,INTERACCION_VALIDADA,RIESGOSA,aumenta_concentracion,excrecion,bidireccional_o_contextual,validada_en_fuentes_estructuradas,direct_structured_interaction,DrugBank interaction + AACT evidence for both components,monitorear_o_consultar_profesional,media_alta_si_fuente_estructurada_y_componentes_mapeados,true
REL_73fc22b6437ed7,COMP_74AC5BE900AC,melatonin,COMP_77DD0D7D086D,L-Tryptophan,INTERACCION_VALIDADA,RIESGOSA,efecto_aditivo_peligroso,otro,bidireccional_o_contextual,validada_en_fuentes_estructuradas,direct_structured_interaction,DrugBank interaction + AACT evidence for both components,monitorear_o_consultar_profesional,media_alta_si_fuente_estructurada_y_componentes_mapeados,true
REL_c3c44dd51d0ddf,COMP_07249C028641,Diclofenac,COMP_8898CFB27A9E,Cannabidiol,INTERACCION_VALIDADA,RIESGOSA,aumenta_concentracion,metabolismo,bidireccional_o_contextual,validada_en_fuentes_estructuradas,direct_structured_interaction,DrugBank interaction + AACT evidence for both components,monitorear_o_consultar_profesional,media_alta_si_fuente_estructurada_y_componentes_mapeados,true
REL_4a50ab01319d34,COMP_0987F386BB65,Carnitine,COMP_74AC5BE900AC,melatonin,INTERACCION_VALIDADA,RIESGOSA,aumenta_concentracion,excrecion,bidireccional_o_contextual,validada_en_fuentes_estructuradas,direct_structured_interaction,DrugBank interaction + AACT evidence for both components,monitorear_o_consultar_profesional,media_alta_si_fuente_estructurada_y_componentes_mapeados,true
REL_4728562e2ab494,COMP_9FA62B7E567C,citrulline,COMP_74AC5BE900AC,melatonin,INTERACCION_VALIDADA,RIESGOSA,aumenta_concentracion,excrecion,bidireccional_o_contextual,validada_en_fuentes_estructuradas,direct_structured_interaction,DrugBank interaction + AACT evidence for both components,monitorear_o_consultar_profesional,media_alta_si_fuente_estructurada_y_componentes_mapeados,true
REL_b2a46cac60f00b,COMP_5C76A77D0978,Indomethacin,COMP_FBAB1F08FFC3,Sildenafil,INTERACCION_VALIDADA,RIESGOSA,aumenta_concentracion,metabolismo,bidireccional_o_contextual,validada_en_fuentes_estructuradas,direct_structured_interaction,DrugBank interaction + AACT evidence for both components,monitorear_o_consultar_profesional,media_alta_si_fuente_estructurada_y_componentes_mapeados,true
REL_a09be07fdd8e0c,COMP_F64AC3CDE665,Chlorzoxazone,COMP_74AC5BE900AC,melatonin,INTERACCION_VALIDADA,RIESGOSA,efecto_aditivo_peligroso,otro,bidireccional_o_contextual,validada_en_fuentes_estructuradas,direct_structured_interaction,DrugBank interaction + AACT evidence for both components,monitorear_o_consultar_profesional,media_alta_si_fuente_estructurada_y_componentes_mapeados,true
REL_80dc4279037a93,COMP_A9136ADF22F7,Folic Acid,COMP_5C76A77D0978,Indomethacin,INTERACCION_VALIDADA,RIESGOSA,aumenta_concentracion,excrecion,bidireccional_o_contextual,validada_en_fuentes_estructuradas,direct_structured_interaction,DrugBank interaction + AACT evidence for both components,monitorear_o_consultar_profesional,media_alta_si_fuente_estructurada_y_componentes_mapeados,true
REL_4815dab56d6821,COMP_5C76A77D0978,Indomethacin,COMP_8898CFB27A9E,Cannabidiol,INTERACCION_VALIDADA,RIESGOSA,aumenta_concentracion,metabolismo,bidireccional_o_contextual,validada_en_fuentes_estructuradas,direct_structured_interaction,DrugBank interaction + AACT evidence for both components,monitorear_o_consultar_profesional,media_alta_si_fuente_estructurada_y_componentes_mapeados,true
REL_329d7a1fe140ea,COMP_63F6F6FCAA5F,Doxylamine,COMP_74AC5BE900AC,melatonin,INTERACCION_VALIDADA,RIESGOSA,efecto_aditivo_peligroso,depresion_snc,bidireccional_o_contextual,validada_en_fuentes_estructuradas,direct_structured_interaction,DrugBank interaction + AACT evidence for one component,evitar_o_consultar_profesional,media_alta_si_fuente_estructurada_y_componentes_mapeados,true
REL_4a6e1cfc6b7ca3,COMP_C0B34BF63C02,Galantamine,COMP_FBAB1F08FFC3,Sildenafil,INTERACCION_VALIDADA,RIESGOSA,aumenta_concentracion,metabolismo,bidireccional_o_contextual,validada_en_fuentes_estructuradas,direct_structured_interaction,DrugBank interaction + AACT evidence for both components,monitorear_o_consultar_profesional,media_alta_si_fuente_estructurada_y_componentes_mapeados,true
REL_e357cfb7ca4f4f,COMP_C0B34BF63C02,Galantamine,COMP_8898CFB27A9E,Cannabidiol,INTERACCION_VALIDADA,RIESGOSA,aumenta_concentracion,metabolismo,bidireccional_o_contextual,validada_en_fuentes_estructuradas,direct_structured_interaction,DrugBank interaction + AACT evidence for both components,monitorear_o_consultar_profesional,media_alta_si_fuente_estructurada_y_componentes_mapeados,true
REL_e574cc872bcac2,COMP_07249C028641,Diclofenac,COMP_90AF93FFA118,Naproxen,INTERACCION_VALIDADA,RIESGOSA,efecto_aditivo_peligroso,eventos_adversos,bidireccional_o_contextual,validada_en_fuentes_estructuradas,direct_structured_interaction,DrugBank interaction + AACT evidence for both components,monitorear_o_consultar_profesional,media_alta_si_fuente_estructurada_y_componentes_mapeados,true
REL_91c662c66eef11,COMP_74A0D7A91DD6,Aminophylline,COMP_4F582819D2E9,caffeine,INTERACCION_VALIDADA,RIESGOSA,aumenta_concentracion,metabolismo,bidireccional_o_contextual,validada_en_fuentes_estructuradas,direct_structured_interaction,DrugBank interaction + AACT evidence for both components,monitorear_o_consultar_profesional,media_alta_si_fuente_estructurada_y_componentes_mapeados,true
REL_513225eb4c5abc,COMP_74A0D7A91DD6,Aminophylline,COMP_FBAB1F08FFC3,Sildenafil,INTERACCION_VALIDADA,RIESGOSA,aumenta_concentracion,metabolismo,bidireccional_o_contextual,validada_en_fuentes_estructuradas,direct_structured_interaction,DrugBank interaction + AACT evidence for both components,monitorear_o_consultar_profesional,media_alta_si_fuente_estructurada_y_componentes_mapeados,true
REL_c94d45371995bb,COMP_74A0D7A91DD6,Aminophylline,COMP_8898CFB27A9E,Cannabidiol,INTERACCION_VALIDADA,RIESGOSA,aumenta_concentracion,concentracion_serica,bidireccional_o_contextual,validada_en_fuentes_estructuradas,direct_structured_interaction,DrugBank interaction + AACT evidence for both components,monitorear_o_consultar_profesional,media_alta_si_fuente_estructurada_y_componentes_mapeados,true
REL_95efe7976e9ce5,COMP_4F582819D2E9,caffeine,COMP_EE8B9802BAD1,quercetin,INTERACCION_VALIDADA,RIESGOSA,aumenta_concentracion,metabolismo,bidireccional_o_contextual,validada_en_fuentes_estructuradas,direct_structured_interaction,DrugBank interaction + AACT evidence for both components,monitorear_o_consultar_profesional,media_alta_si_fuente_estructurada_y_componentes_mapeados,true
REL_5d0d71fe370eb7,COMP_EE8B9802BAD1,quercetin,COMP_FBAB1F08FFC3,Sildenafil,INTERACCION_VALIDADA,RIESGOSA,aumenta_concentracion,metabolismo,bidireccional_o_contextual,validada_en_fuentes_estructuradas,direct_structured_interaction,DrugBank interaction + AACT evidence for both components,monitorear_o_consultar_profesional,media_alta_si_fuente_estructurada_y_componentes_mapeados,true
REL_a1abedea6ead48,COMP_A9136ADF22F7,Folic Acid,COMP_EE8B9802BAD1,quercetin,INTERACCION_VALIDADA,RIESGOSA,aumenta_concentracion,excrecion,bidireccional_o_contextual,validada_en_fuentes_estructuradas,direct_structured_interaction,DrugBank interaction + AACT evidence for both components,monitorear_o_consultar_profesional,media_alta_si_fuente_estructurada_y_componentes_mapeados,true
REL_54126fe4dd9709,COMP_EE8B9802BAD1,quercetin,COMP_8898CFB27A9E,Cannabidiol,INTERACCION_VALIDADA,RIESGOSA,aumenta_concentracion,metabolismo,bidireccional_o_contextual,validada_en_fuentes_estructuradas,direct_structured_interaction,DrugBank interaction + AACT evidence for both components,monitorear_o_consultar_profesional,media_alta_si_fuente_estructurada_y_componentes_mapeados,true
REL_899ffed4e76f20,COMP_5C76A77D0978,Indomethacin,COMP_90AF93FFA118,Naproxen,INTERACCION_VALIDADA,RIESGOSA,efecto_aditivo_peligroso,eventos_adversos,bidireccional_o_contextual,validada_en_fuentes_estructuradas,direct_structured_interaction,DrugBank interaction + AACT evidence for both components,monitorear_o_consultar_profesional,media_alta_si_fuente_estructurada_y_componentes_mapeados,true
REL_5a74c51b868cf9,COMP_D4790F9775EF,Vitamin E,COMP_77CD38A13F0B,resveratrol,INTERACCION_VALIDADA,RIESGOSA,efecto_aditivo_peligroso,sangrado_coagulacion,bidireccional_o_contextual,validada_en_fuentes_estructuradas,direct_structured_interaction,DrugBank interaction + AACT evidence for both components,monitorear_o_consultar_profesional,media_alta_si_fuente_estructurada_y_componentes_mapeados,true
REL_16674decad292c,COMP_77DD0D7D086D,L-Tryptophan,COMP_8898CFB27A9E,Cannabidiol,INTERACCION_VALIDADA,RIESGOSA,efecto_aditivo_peligroso,eventos_adversos,bidireccional_o_contextual,validada_en_fuentes_estructuradas,direct_structured_interaction,DrugBank interaction + AACT evidence for both components,monitorear_o_consultar_profesional,media_alta_si_fuente_estructurada_y_componentes_mapeados,true
REL_bb7ef9b53978d7,COMP_90AF93FFA118,Naproxen,COMP_77CD38A13F0B,resveratrol,INTERACCION_VALIDADA,RIESGOSA,efecto_aditivo_peligroso,sangrado_coagulacion,bidireccional_o_contextual,validada_en_fuentes_estructuradas,direct_structured_interaction,DrugBank interaction + AACT evidence for both components,evitar_o_consultar_profesional,media_alta_si_fuente_estructurada_y_componentes_mapeados,true
REL_241d56d85dbb97,COMP_160A62BC3CB2,astaxanthin,COMP_FBAB1F08FFC3,Sildenafil,INTERACCION_VALIDADA,RIESGOSA,efecto_aditivo_peligroso,otro,bidireccional_o_contextual,validada_en_fuentes_estructuradas,direct_structured_interaction,DrugBank interaction + AACT evidence for both components,monitorear_o_consultar_profesional,media_alta_si_fuente_estructurada_y_componentes_mapeados,true
REL_379fd8ba70327a,COMP_FBAB1F08FFC3,Sildenafil,COMP_E897495403E2,Vardenafil,INTERACCION_VALIDADA,RIESGOSA,efecto_aditivo_peligroso,eventos_adversos,bidireccional_o_contextual,validada_en_fuentes_estructuradas,direct_structured_interaction,DrugBank interaction + AACT evidence for both components,monitorear_o_consultar_profesional,media_alta_si_fuente_estructurada_y_componentes_mapeados,true
REL_a851d952d33590,COMP_F3C5987AA984,eicosapentaenoic acid,COMP_8898CFB27A9E,Cannabidiol,INTERACCION_VALIDADA,RIESGOSA,efecto_aditivo_peligroso,otro,bidireccional_o_contextual,validada_en_fuentes_estructuradas,direct_structured_interaction,DrugBank interaction + AACT evidence for both components,monitorear_o_consultar_profesional,media_alta_si_fuente_estructurada_y_componentes_mapeados,true
REL_f0d2d5e9cbe0da,COMP_395A0FE48E1B,5-HTP,COMP_8898CFB27A9E,Cannabidiol,INTERACCION_VALIDADA,RIESGOSA,efecto_aditivo_peligroso,eventos_adversos,bidireccional_o_contextual,validada_en_fuentes_estructuradas,direct_structured_interaction,DrugBank interaction + AACT evidence for both components,monitorear_o_consultar_profesional,media_alta_si_fuente_estructurada_y_componentes_mapeados,true
REL_ff29d5379b6f3c,COMP_E897495403E2,Vardenafil,COMP_8898CFB27A9E,Cannabidiol,INTERACCION_VALIDADA,RIESGOSA,aumenta_concentracion,metabolismo,bidireccional_o_contextual,validada_en_fuentes_estructuradas,direct_structured_interaction,DrugBank interaction + AACT evidence for both components,monitorear_o_consultar_profesional,media_alta_si_fuente_estructurada_y_componentes_mapeados,true
REL_b8e6fc5c76fb7a,COMP_083D6A6B4B99,Piroxicam,COMP_FBAB1F08FFC3,Sildenafil,INTERACCION_VALIDADA,RIESGOSA,aumenta_concentracion,metabolismo,bidireccional_o_contextual,validada_en_fuentes_estructuradas,direct_structured_interaction,DrugBank interaction + AACT evidence for both components,monitorear_o_consultar_profesional,media_alta_si_fuente_estructurada_y_componentes_mapeados,true
REL_fcf2f19eaaf64d,COMP_A9136ADF22F7,Folic Acid,COMP_083D6A6B4B99,Piroxicam,INTERACCION_VALIDADA,RIESGOSA,aumenta_concentracion,excrecion,bidireccional_o_contextual,validada_en_fuentes_estructuradas,direct_structured_interaction,DrugBank interaction + AACT evidence for both components,monitorear_o_consultar_profesional,media_alta_si_fuente_estructurada_y_componentes_mapeados,true
REL_8d52f7d9ca9f8c,COMP_083D6A6B4B99,Piroxicam,COMP_8898CFB27A9E,Cannabidiol,INTERACCION_VALIDADA,RIESGOSA,aumenta_concentracion,metabolismo,bidireccional_o_contextual,validada_en_fuentes_estructuradas,direct_structured_interaction,DrugBank interaction + AACT evidence for both components,monitorear_o_consultar_profesional,media_alta_si_fuente_estructurada_y_componentes_mapeados,true
REL_3ea854c54ff2d2,COMP_19D9B817C2B7,Terazosin,COMP_FBAB1F08FFC3,Sildenafil,INTERACCION_VALIDADA,RIESGOSA,efecto_aditivo_peligroso,hipotension,bidireccional_o_contextual,validada_en_fuentes_estructuradas,direct_structured_interaction,DrugBank interaction + AACT evidence for both components,evitar_o_consultar_profesional,media_alta_si_fuente_estructurada_y_componentes_mapeados,true
REL_0e87e4507df071,COMP_FBAB1F08FFC3,Sildenafil,COMP_03A904101DD4,Black Cohosh,INTERACCION_VALIDADA,RIESGOSA,aumenta_concentracion,metabolismo,bidireccional_o_contextual,validada_en_fuentes_estructuradas,direct_structured_interaction,DrugBank interaction + AACT evidence for both components,monitorear_o_consultar_profesional,media_alta_si_fuente_estructurada_y_componentes_mapeados,true
REL_fc7d8a5a37969c,COMP_19D9B817C2B7,Terazosin,COMP_8898CFB27A9E,Cannabidiol,INTERACCION_VALIDADA,INEFICAZ,reduce_eficacia_terapeutica,otro,bidireccional_o_contextual,validada_en_fuentes_estructuradas,direct_structured_interaction,DrugBank interaction + AACT evidence for both components,monitorear_eficacia,media_alta_si_fuente_estructurada_y_componentes_mapeados,true
REL_1f1bfab2f3c740,COMP_09C95935BD2C,sodium citrate,COMP_FBAB1F08FFC3,Sildenafil,INTERACCION_VALIDADA,RIESGOSA,efecto_aditivo_peligroso,otro,bidireccional_o_contextual,validada_en_fuentes_estructuradas,direct_structured_interaction,DrugBank interaction + AACT evidence for both components,monitorear_o_consultar_profesional,media_alta_si_fuente_estructurada_y_componentes_mapeados,true
REL_e580d6cbfa877a,COMP_4F582819D2E9,caffeine,COMP_F64AC3CDE665,Chlorzoxazone,INTERACCION_VALIDADA,RIESGOSA,aumenta_concentracion,metabolismo,bidireccional_o_contextual,validada_en_fuentes_estructuradas,direct_structured_interaction,DrugBank interaction + AACT evidence for both components,monitorear_o_consultar_profesional,media_alta_si_fuente_estructurada_y_componentes_mapeados,true
REL_c4e6365393cdc9,COMP_F64AC3CDE665,Chlorzoxazone,COMP_FBAB1F08FFC3,Sildenafil,INTERACCION_VALIDADA,RIESGOSA,aumenta_concentracion,metabolismo,bidireccional_o_contextual,validada_en_fuentes_estructuradas,direct_structured_interaction,DrugBank interaction + AACT evidence for both components,monitorear_o_consultar_profesional,media_alta_si_fuente_estructurada_y_componentes_mapeados,true
REL_431117cce89d82,COMP_F64AC3CDE665,Chlorzoxazone,COMP_A9136ADF22F7,Folic Acid,INTERACCION_VALIDADA,RIESGOSA,aumenta_concentracion,excrecion,bidireccional_o_contextual,validada_en_fuentes_estructuradas,direct_structured_interaction,DrugBank interaction + AACT evidence for both components,monitorear_o_consultar_profesional,media_alta_si_fuente_estructurada_y_componentes_mapeados,true
REL_738544c1e2d91f,COMP_F64AC3CDE665,Chlorzoxazone,COMP_8898CFB27A9E,Cannabidiol,INTERACCION_VALIDADA,RIESGOSA,efecto_aditivo_peligroso,eventos_adversos,bidireccional_o_contextual,validada_en_fuentes_estructuradas,direct_structured_interaction,DrugBank interaction + AACT evidence for both components,monitorear_o_consultar_profesional,media_alta_si_fuente_estructurada_y_componentes_mapeados,true
REL_fe0ebd0ef47f79,COMP_90AF93FFA118,Naproxen,COMP_781B4EA1D853,Selenium,INTERACCION_VALIDADA,RIESGOSA,aumenta_concentracion,excrecion,bidireccional_o_contextual,validada_en_fuentes_estructuradas,direct_structured_interaction,DrugBank interaction + AACT evidence for both components,monitorear_o_consultar_profesional,media_alta_si_fuente_estructurada_y_componentes_mapeados,true
REL_7b9331b32e2e41,COMP_A9136ADF22F7,Folic Acid,COMP_F2F0C67E823A,N-Acetyl Tyrosine,INTERACCION_VALIDADA,RIESGOSA,aumenta_concentracion,excrecion,bidireccional_o_contextual,validada_en_fuentes_estructuradas,direct_structured_interaction,DrugBank interaction + AACT evidence for one component,monitorear_o_consultar_profesional,media_alta_si_fuente_estructurada_y_componentes_mapeados,true
REL_82fab5abf82280,COMP_63F6F6FCAA5F,Doxylamine,COMP_8898CFB27A9E,Cannabidiol,INTERACCION_VALIDADA,RIESGOSA,efecto_aditivo_peligroso,depresion_snc,bidireccional_o_contextual,validada_en_fuentes_estructuradas,direct_structured_interaction,DrugBank interaction + AACT evidence for one component,evitar_o_consultar_profesional,media_alta_si_fuente_estructurada_y_componentes_mapeados,true
REL_4e93913a704989,COMP_07249C028641,Diclofenac,COMP_5C76A77D0978,Indomethacin,INTERACCION_VALIDADA,RIESGOSA,efecto_aditivo_peligroso,eventos_adversos,bidireccional_o_contextual,validada_en_fuentes_estructuradas,direct_structured_interaction,DrugBank interaction + AACT evidence for both components,monitorear_o_consultar_profesional,media_alta_si_fuente_estructurada_y_componentes_mapeados,true
REL_fe95ece21cf481,COMP_C34D1F3079C8,Omega-3 Fatty Acids,COMP_77CD38A13F0B,resveratrol,INTERACCION_VALIDADA,RIESGOSA,efecto_aditivo_peligroso,sangrado_coagulacion,bidireccional_o_contextual,validada_en_fuentes_estructuradas,direct_structured_interaction,DrugBank interaction + AACT evidence for both components,monitorear_o_consultar_profesional,media_alta_si_fuente_estructurada_y_componentes_mapeados,true
REL_05dc9001a845f2,COMP_74A0D7A91DD6,Aminophylline,COMP_D4790F9775EF,Vitamin E,INTERACCION_VALIDADA,ANULACION,interferencia_metabolica,metabolismo,bidireccional_o_contextual,validada_en_fuentes_estructuradas,direct_structured_interaction,DrugBank interaction + AACT evidence for both components,evitar_combinacion_o_validar_indicacion,media_alta_si_fuente_estructurada_y_componentes_mapeados,true
REL_4dd187eb488060,COMP_07249C028641,Diclofenac,COMP_77CD38A13F0B,resveratrol,INTERACCION_VALIDADA,RIESGOSA,efecto_aditivo_peligroso,sangrado_coagulacion,bidireccional_o_contextual,validada_en_fuentes_estructuradas,direct_structured_interaction,DrugBank interaction + AACT evidence for both components,evitar_o_consultar_profesional,media_alta_si_fuente_estructurada_y_componentes_mapeados,true
REL_60c3d6f0fb1e1c,COMP_74A0D7A91DD6,Aminophylline,COMP_90AF93FFA118,Naproxen,INTERACCION_VALIDADA,RIESGOSA,aumenta_concentracion,metabolismo,bidireccional_o_contextual,validada_en_fuentes_estructuradas,direct_structured_interaction,DrugBank interaction + AACT evidence for both components,monitorear_o_consultar_profesional,media_alta_si_fuente_estructurada_y_componentes_mapeados,true
REL_fac9740efe1074,COMP_5C76A77D0978,Indomethacin,COMP_83336712C554,Magnesium,INTERACCION_VALIDADA,INEFICAZ,reduce_concentracion,concentracion_serica,bidireccional_o_contextual,validada_en_fuentes_estructuradas,direct_structured_interaction,DrugBank interaction + AACT evidence for both components,monitorear_eficacia,media_alta_si_fuente_estructurada_y_componentes_mapeados,true
REL_7e0881b0cacf78,COMP_90AF93FFA118,Naproxen,COMP_FB0BFF3E6E21,Vitamin B6,INTERACCION_VALIDADA,RIESGOSA,aumenta_concentracion,excrecion,bidireccional_o_contextual,validada_en_fuentes_estructuradas,direct_structured_interaction,DrugBank interaction + AACT evidence for both components,monitorear_o_consultar_profesional,media_alta_si_fuente_estructurada_y_componentes_mapeados,true
REL_3470ef8b6f5b2b,COMP_90AF93FFA118,Naproxen,COMP_EE8B9802BAD1,quercetin,INTERACCION_VALIDADA,RIESGOSA,aumenta_concentracion,metabolismo,bidireccional_o_contextual,validada_en_fuentes_estructuradas,direct_structured_interaction,DrugBank interaction + AACT evidence for both components,monitorear_o_consultar_profesional,media_alta_si_fuente_estructurada_y_componentes_mapeados,true
REL_6400d1663496a9,COMP_07249C028641,Diclofenac,COMP_781B4EA1D853,Selenium,INTERACCION_VALIDADA,RIESGOSA,aumenta_concentracion,excrecion,bidireccional_o_contextual,validada_en_fuentes_estructuradas,direct_structured_interaction,DrugBank interaction + AACT evidence for both components,monitorear_o_consultar_profesional,media_alta_si_fuente_estructurada_y_componentes_mapeados,true
REL_931c88cc1fbb8f,COMP_5C76A77D0978,Indomethacin,COMP_77CD38A13F0B,resveratrol,INTERACCION_VALIDADA,RIESGOSA,efecto_aditivo_peligroso,sangrado_coagulacion,bidireccional_o_contextual,validada_en_fuentes_estructuradas,direct_structured_interaction,DrugBank interaction + AACT evidence for both components,evitar_o_consultar_profesional,media_alta_si_fuente_estructurada_y_componentes_mapeados,true
REL_e80f54cc901338,COMP_90AF93FFA118,Naproxen,COMP_160A62BC3CB2,astaxanthin,INTERACCION_VALIDADA,RIESGOSA,efecto_aditivo_peligroso,sangrado_coagulacion,bidireccional_o_contextual,validada_en_fuentes_estructuradas,direct_structured_interaction,DrugBank interaction + AACT evidence for both components,evitar_o_consultar_profesional,media_alta_si_fuente_estructurada_y_componentes_mapeados,true
REL_3f26e13e03b7b6,COMP_D16D281DE414,magnesium oxide,COMP_90AF93FFA118,Naproxen,INTERACCION_VALIDADA,INEFICAZ,reduce_absorcion,absorcion,bidireccional_o_contextual,validada_en_fuentes_estructuradas,direct_structured_interaction,DrugBank interaction + AACT evidence for both components,separar_dosis_o_monitorear_eficacia,media_alta_si_fuente_estructurada_y_componentes_mapeados,true
REL_6bcec43c6a2ece,COMP_F3C5987AA984,eicosapentaenoic acid,COMP_90AF93FFA118,Naproxen,INTERACCION_VALIDADA,RIESGOSA,efecto_aditivo_peligroso,eventos_adversos,bidireccional_o_contextual,validada_en_fuentes_estructuradas,direct_structured_interaction,DrugBank interaction + AACT evidence for both components,monitorear_o_consultar_profesional,media_alta_si_fuente_estructurada_y_componentes_mapeados,true
REL_975c74e7f15f58,COMP_0987F386BB65,Carnitine,COMP_90AF93FFA118,Naproxen,INTERACCION_VALIDADA,RIESGOSA,aumenta_concentracion,excrecion,bidireccional_o_contextual,validada_en_fuentes_estructuradas,direct_structured_interaction,DrugBank interaction + AACT evidence for both components,monitorear_o_consultar_profesional,media_alta_si_fuente_estructurada_y_componentes_mapeados,true
REL_aaba4e31ae196a,COMP_90AF93FFA118,Naproxen,COMP_E897495403E2,Vardenafil,INTERACCION_VALIDADA,RIESGOSA,aumenta_concentracion,metabolismo,bidireccional_o_contextual,validada_en_fuentes_estructuradas,direct_structured_interaction,DrugBank interaction + AACT evidence for both components,monitorear_o_consultar_profesional,media_alta_si_fuente_estructurada_y_componentes_mapeados,true
REL_aef6f08f8c5f15,COMP_74A0D7A91DD6,Aminophylline,COMP_07249C028641,Diclofenac,INTERACCION_VALIDADA,RIESGOSA,aumenta_concentracion,metabolismo,bidireccional_o_contextual,validada_en_fuentes_estructuradas,direct_structured_interaction,DrugBank interaction + AACT evidence for both components,monitorear_o_consultar_profesional,media_alta_si_fuente_estructurada_y_componentes_mapeados,true
REL_02179b54da5cfe,COMP_90AF93FFA118,Naproxen,COMP_BB2F708BF799,Potassium,INTERACCION_VALIDADA,RIESGOSA,efecto_aditivo_peligroso,hiperpotasemia,bidireccional_o_contextual,validada_en_fuentes_estructuradas,direct_structured_interaction,DrugBank interaction + AACT evidence for both components,evitar_o_consultar_profesional,media_alta_si_fuente_estructurada_y_componentes_mapeados,true
REL_564cb6b8d38069,COMP_430EB7DE720D,inositol,COMP_90AF93FFA118,Naproxen,INTERACCION_VALIDADA,RIESGOSA,aumenta_concentracion,excrecion,bidireccional_o_contextual,validada_en_fuentes_estructuradas,direct_structured_interaction,DrugBank interaction + AACT evidence for both components,monitorear_o_consultar_profesional,media_alta_si_fuente_estructurada_y_componentes_mapeados,true
REL_8f4011713144ab,COMP_90AF93FFA118,Naproxen,COMP_083D6A6B4B99,Piroxicam,INTERACCION_VALIDADA,RIESGOSA,efecto_aditivo_peligroso,eventos_adversos,bidireccional_o_contextual,validada_en_fuentes_estructuradas,direct_structured_interaction,DrugBank interaction + AACT evidence for both components,monitorear_o_consultar_profesional,media_alta_si_fuente_estructurada_y_componentes_mapeados,true
REL_152de2986c0d12,COMP_D4790F9775EF,Vitamin E,COMP_09C95935BD2C,sodium citrate,INTERACCION_VALIDADA,RIESGOSA,efecto_aditivo_peligroso,sangrado_coagulacion,bidireccional_o_contextual,validada_en_fuentes_estructuradas,direct_structured_interaction,DrugBank interaction + AACT evidence for both components,monitorear_o_consultar_profesional,media_alta_si_fuente_estructurada_y_componentes_mapeados,true
REL_fe242c252b5925,COMP_5C76A77D0978,Indomethacin,COMP_586F3B3DE0F3,Riboflavin,INTERACCION_VALIDADA,RIESGOSA,aumenta_concentracion,excrecion,bidireccional_o_contextual,validada_en_fuentes_estructuradas,direct_structured_interaction,DrugBank interaction + AACT evidence for both components,monitorear_o_consultar_profesional,media_alta_si_fuente_estructurada_y_componentes_mapeados,true
REL_cda60224ac235f,COMP_9FA62B7E567C,citrulline,COMP_90AF93FFA118,Naproxen,INTERACCION_VALIDADA,RIESGOSA,aumenta_concentracion,excrecion,bidireccional_o_contextual,validada_en_fuentes_estructuradas,direct_structured_interaction,DrugBank interaction + AACT evidence for both components,monitorear_o_consultar_profesional,media_alta_si_fuente_estructurada_y_componentes_mapeados,true
REL_d1cc476332bbad,COMP_90AF93FFA118,Naproxen,COMP_19D9B817C2B7,Terazosin,INTERACCION_VALIDADA,INEFICAZ,reduce_eficacia_terapeutica,reduccion_eficacia,bidireccional_o_contextual,validada_en_fuentes_estructuradas,direct_structured_interaction,DrugBank interaction + AACT evidence for both components,monitorear_eficacia,media_alta_si_fuente_estructurada_y_componentes_mapeados,true
REL_8d74bf356cfe07,COMP_5C76A77D0978,Indomethacin,COMP_781B4EA1D853,Selenium,INTERACCION_VALIDADA,RIESGOSA,aumenta_concentracion,excrecion,bidireccional_o_contextual,validada_en_fuentes_estructuradas,direct_structured_interaction,DrugBank interaction + AACT evidence for both components,monitorear_o_consultar_profesional,media_alta_si_fuente_estructurada_y_componentes_mapeados,true
REL_54afa382ed4fdc,COMP_07249C028641,Diclofenac,COMP_EE8B9802BAD1,quercetin,INTERACCION_VALIDADA,RIESGOSA,aumenta_concentracion,metabolismo,bidireccional_o_contextual,validada_en_fuentes_estructuradas,direct_structured_interaction,DrugBank interaction + AACT evidence for both components,monitorear_o_consultar_profesional,media_alta_si_fuente_estructurada_y_componentes_mapeados,true
REL_2314d257bd19f2,COMP_90AF93FFA118,Naproxen,COMP_09C95935BD2C,sodium citrate,INTERACCION_VALIDADA,RIESGOSA,efecto_aditivo_peligroso,sangrado_coagulacion,bidireccional_o_contextual,validada_en_fuentes_estructuradas,direct_structured_interaction,DrugBank interaction + AACT evidence for both components,evitar_o_consultar_profesional,media_alta_si_fuente_estructurada_y_componentes_mapeados,true
REL_a1fe1ec802d680,COMP_F64AC3CDE665,Chlorzoxazone,COMP_90AF93FFA118,Naproxen,INTERACCION_VALIDADA,RIESGOSA,aumenta_concentracion,metabolismo,bidireccional_o_contextual,validada_en_fuentes_estructuradas,direct_structured_interaction,DrugBank interaction + AACT evidence for both components,monitorear_o_consultar_profesional,media_alta_si_fuente_estructurada_y_componentes_mapeados,true
REL_f45cac5eda6c7c,COMP_90AF93FFA118,Naproxen,COMP_87830EC94B25,potassium bicarbonate,INTERACCION_VALIDADA,RIESGOSA,efecto_aditivo_peligroso,hiperpotasemia,bidireccional_o_contextual,validada_en_fuentes_estructuradas,direct_structured_interaction,DrugBank interaction + AACT evidence for both components,evitar_o_consultar_profesional,media_alta_si_fuente_estructurada_y_componentes_mapeados,true
REL_53e305c1c08504,COMP_90AF93FFA118,Naproxen,COMP_927588D27E64,dexpanthenol,INTERACCION_VALIDADA,RIESGOSA,aumenta_concentracion,excrecion,bidireccional_o_contextual,validada_en_fuentes_estructuradas,direct_structured_interaction,DrugBank interaction + AACT evidence for both components,monitorear_o_consultar_profesional,media_alta_si_fuente_estructurada_y_componentes_mapeados,true
REL_6824f1976ea4c3,COMP_EF944BAE2602,magnesium hydroxide,COMP_90AF93FFA118,Naproxen,INTERACCION_VALIDADA,INEFICAZ,reduce_absorcion,absorcion,bidireccional_o_contextual,validada_en_fuentes_estructuradas,direct_structured_interaction,DrugBank interaction + AACT evidence for both components,separar_dosis_o_monitorear_eficacia,media_alta_si_fuente_estructurada_y_componentes_mapeados,true
REL_079c476b32dd11,COMP_90AF93FFA118,Naproxen,COMP_D022F9B54612,potassium phosphate,INTERACCION_VALIDADA,RIESGOSA,efecto_aditivo_peligroso,hiperpotasemia,bidireccional_o_contextual,validada_en_fuentes_estructuradas,direct_structured_interaction,DrugBank interaction + AACT evidence for both components,evitar_o_consultar_profesional,media_alta_si_fuente_estructurada_y_componentes_mapeados,true
REL_3fa08280779ba8,COMP_90AF93FFA118,Naproxen,COMP_2AC11FDDB0D2,potassium hydroxide,INTERACCION_VALIDADA,RIESGOSA,efecto_aditivo_peligroso,hiperpotasemia,bidireccional_o_contextual,validada_en_fuentes_estructuradas,direct_structured_interaction,DrugBank interaction + AACT evidence for both components,evitar_o_consultar_profesional,media_alta_si_fuente_estructurada_y_componentes_mapeados,true
REL_ba96bf584485bf,COMP_78F37B4F18A6,fish oils,COMP_90AF93FFA118,Naproxen,INTERACCION_VALIDADA,RIESGOSA,efecto_aditivo_peligroso,hiperpotasemia,bidireccional_o_contextual,validada_en_fuentes_estructuradas,direct_structured_interaction,DrugBank interaction + AACT evidence for both components,evitar_o_consultar_profesional,media_alta_si_fuente_estructurada_y_componentes_mapeados,true
REL_e0eb35a40e9320,COMP_6205613132FA,chondroitin sulfates,COMP_90AF93FFA118,Naproxen,INTERACCION_VALIDADA,RIESGOSA,aumenta_concentracion,excrecion,bidireccional_o_contextual,validada_en_fuentes_estructuradas,direct_structured_interaction,DrugBank interaction + AACT evidence for both components,monitorear_o_consultar_profesional,media_alta_si_fuente_estructurada_y_componentes_mapeados,true
REL_0e0214548f7491,COMP_90AF93FFA118,Naproxen,COMP_F2F0C67E823A,N-Acetyl Tyrosine,INTERACCION_VALIDADA,RIESGOSA,aumenta_concentracion,excrecion,bidireccional_o_contextual,validada_en_fuentes_estructuradas,direct_structured_interaction,DrugBank interaction + AACT evidence for one component,monitorear_o_consultar_profesional,media_alta_si_fuente_estructurada_y_componentes_mapeados,true
REL_46b36098cd2a52,COMP_C34D1F3079C8,Omega-3 Fatty Acids,COMP_160A62BC3CB2,astaxanthin,INTERACCION_VALIDADA,RIESGOSA,efecto_aditivo_peligroso,sangrado_coagulacion,bidireccional_o_contextual,validada_en_fuentes_estructuradas,direct_structured_interaction,DrugBank interaction + AACT evidence for both components,monitorear_o_consultar_profesional,media_alta_si_fuente_estructurada_y_componentes_mapeados,true
REL_b2fa8c859fb61a,COMP_07249C028641,Diclofenac,COMP_160A62BC3CB2,astaxanthin,INTERACCION_VALIDADA,RIESGOSA,efecto_aditivo_peligroso,sangrado_coagulacion,bidireccional_o_contextual,validada_en_fuentes_estructuradas,direct_structured_interaction,DrugBank interaction + AACT evidence for both components,evitar_o_consultar_profesional,media_alta_si_fuente_estructurada_y_componentes_mapeados,true
REL_f33c66c68e4136,COMP_90AF93FFA118,Naproxen,COMP_EFF1AE308675,chromic chloride,INTERACCION_VALIDADA,RIESGOSA,aumenta_concentracion,excrecion,bidireccional_o_contextual,validada_en_fuentes_estructuradas,direct_structured_interaction,DrugBank interaction + AACT evidence for one component,monitorear_o_consultar_profesional,media_alta_si_fuente_estructurada_y_componentes_mapeados,true
REL_6db2b31fabb06c,COMP_F3C5987AA984,eicosapentaenoic acid,COMP_07249C028641,Diclofenac,INTERACCION_VALIDADA,RIESGOSA,efecto_aditivo_peligroso,eventos_adversos,bidireccional_o_contextual,validada_en_fuentes_estructuradas,direct_structured_interaction,DrugBank interaction + AACT evidence for both components,monitorear_o_consultar_profesional,media_alta_si_fuente_estructurada_y_componentes_mapeados,true
REL_4451ce90c2affb,COMP_5C76A77D0978,Indomethacin,COMP_EE8B9802BAD1,quercetin,INTERACCION_VALIDADA,RIESGOSA,aumenta_concentracion,metabolismo,bidireccional_o_contextual,validada_en_fuentes_estructuradas,direct_structured_interaction,DrugBank interaction + AACT evidence for both components,monitorear_o_consultar_profesional,media_alta_si_fuente_estructurada_y_componentes_mapeados,true
REL_4521798bea8be8,COMP_83336712C554,Magnesium,COMP_34FD41E03B30,Calcifediol,INTERACCION_VALIDADA,RIESGOSA,aumenta_concentracion,concentracion_serica,bidireccional_o_contextual,validada_en_fuentes_estructuradas,direct_structured_interaction,DrugBank interaction + AACT evidence for both components,monitorear_o_consultar_profesional,media_alta_si_fuente_estructurada_y_componentes_mapeados,true
REL_10062670ae9c24,COMP_0987F386BB65,Carnitine,COMP_07249C028641,Diclofenac,INTERACCION_VALIDADA,RIESGOSA,aumenta_concentracion,excrecion,bidireccional_o_contextual,validada_en_fuentes_estructuradas,direct_structured_interaction,DrugBank interaction + AACT evidence for both components,monitorear_o_consultar_profesional,media_alta_si_fuente_estructurada_y_componentes_mapeados,true
REL_e182eb19909b4d,COMP_07249C028641,Diclofenac,COMP_E897495403E2,Vardenafil,INTERACCION_VALIDADA,RIESGOSA,aumenta_concentracion,metabolismo,bidireccional_o_contextual,validada_en_fuentes_estructuradas,direct_structured_interaction,DrugBank interaction + AACT evidence for both components,monitorear_o_consultar_profesional,media_alta_si_fuente_estructurada_y_componentes_mapeados,true
REL_1de74dfd76a670,COMP_07249C028641,Diclofenac,COMP_BB2F708BF799,Potassium,INTERACCION_VALIDADA,RIESGOSA,efecto_aditivo_peligroso,hiperpotasemia,bidireccional_o_contextual,validada_en_fuentes_estructuradas,direct_structured_interaction,DrugBank interaction + AACT evidence for both components,evitar_o_consultar_profesional,media_alta_si_fuente_estructurada_y_componentes_mapeados,true
REL_d7541e6fca93d1,COMP_07249C028641,Diclofenac,COMP_430EB7DE720D,inositol,INTERACCION_VALIDADA,RIESGOSA,aumenta_concentracion,excrecion,bidireccional_o_contextual,validada_en_fuentes_estructuradas,direct_structured_interaction,DrugBank interaction + AACT evidence for both components,monitorear_o_consultar_profesional,media_alta_si_fuente_estructurada_y_componentes_mapeados,true
REL_1432fff8a14016,COMP_83336712C554,Magnesium,COMP_5F327BEAED33,psyllium,INTERACCION_VALIDADA,RIESGOSA,efecto_aditivo_peligroso,eventos_adversos,bidireccional_o_contextual,validada_en_fuentes_estructuradas,direct_structured_interaction,DrugBank interaction + AACT evidence for both components,monitorear_o_consultar_profesional,media_alta_si_fuente_estructurada_y_componentes_mapeados,true
REL_adebf437528737,COMP_07249C028641,Diclofenac,COMP_083D6A6B4B99,Piroxicam,INTERACCION_VALIDADA,RIESGOSA,efecto_aditivo_peligroso,eventos_adversos,bidireccional_o_contextual,validada_en_fuentes_estructuradas,direct_structured_interaction,DrugBank interaction + AACT evidence for both components,monitorear_o_consultar_profesional,media_alta_si_fuente_estructurada_y_componentes_mapeados,true
REL_dab5e7ac21b764,COMP_9FA62B7E567C,citrulline,COMP_07249C028641,Diclofenac,INTERACCION_VALIDADA,RIESGOSA,aumenta_concentracion,excrecion,bidireccional_o_contextual,validada_en_fuentes_estructuradas,direct_structured_interaction,DrugBank interaction + AACT evidence for both components,monitorear_o_consultar_profesional,media_alta_si_fuente_estructurada_y_componentes_mapeados,true
REL_43feb64f0b0a04,COMP_07249C028641,Diclofenac,COMP_19D9B817C2B7,Terazosin,INTERACCION_VALIDADA,INEFICAZ,reduce_eficacia_terapeutica,reduccion_eficacia,bidireccional_o_contextual,validada_en_fuentes_estructuradas,direct_structured_interaction,DrugBank interaction + AACT evidence for both components,monitorear_eficacia,media_alta_si_fuente_estructurada_y_componentes_mapeados,true
REL_4fba371526ae98,COMP_C34D1F3079C8,Omega-3 Fatty Acids,COMP_09C95935BD2C,sodium citrate,INTERACCION_VALIDADA,RIESGOSA,efecto_aditivo_peligroso,sangrado_coagulacion,bidireccional_o_contextual,validada_en_fuentes_estructuradas,direct_structured_interaction,DrugBank interaction + AACT evidence for both components,monitorear_o_consultar_profesional,media_alta_si_fuente_estructurada_y_componentes_mapeados,true
REL_61b91558e2ce24,COMP_07249C028641,Diclofenac,COMP_09C95935BD2C,sodium citrate,INTERACCION_VALIDADA,RIESGOSA,efecto_aditivo_peligroso,sangrado_coagulacion,bidireccional_o_contextual,validada_en_fuentes_estructuradas,direct_structured_interaction,DrugBank interaction + AACT evidence for both components,evitar_o_consultar_profesional,media_alta_si_fuente_estructurada_y_componentes_mapeados,true
REL_435424929f7be0,COMP_F64AC3CDE665,Chlorzoxazone,COMP_07249C028641,Diclofenac,INTERACCION_VALIDADA,RIESGOSA,aumenta_concentracion,metabolismo,bidireccional_o_contextual,validada_en_fuentes_estructuradas,direct_structured_interaction,DrugBank interaction + AACT evidence for both components,monitorear_o_consultar_profesional,media_alta_si_fuente_estructurada_y_componentes_mapeados,true
REL_c1df98b2eaf895,COMP_83336712C554,Magnesium,COMP_D16D281DE414,magnesium oxide,INTERACCION_VALIDADA,INEFICAZ,reduce_concentracion,concentracion_serica,bidireccional_o_contextual,validada_en_fuentes_estructuradas,direct_structured_interaction,DrugBank interaction + AACT evidence for both components,monitorear_eficacia,media_alta_si_fuente_estructurada_y_componentes_mapeados,true
REL_7abcdd60c1e87d,COMP_07249C028641,Diclofenac,COMP_87830EC94B25,potassium bicarbonate,INTERACCION_VALIDADA,RIESGOSA,efecto_aditivo_peligroso,hiperpotasemia,bidireccional_o_contextual,validada_en_fuentes_estructuradas,direct_structured_interaction,DrugBank interaction + AACT evidence for both components,evitar_o_consultar_profesional,media_alta_si_fuente_estructurada_y_componentes_mapeados,true
REL_4c559b8f550180,COMP_07249C028641,Diclofenac,COMP_927588D27E64,dexpanthenol,INTERACCION_VALIDADA,RIESGOSA,aumenta_concentracion,excrecion,bidireccional_o_contextual,validada_en_fuentes_estructuradas,direct_structured_interaction,DrugBank interaction + AACT evidence for both components,monitorear_o_consultar_profesional,media_alta_si_fuente_estructurada_y_componentes_mapeados,true
REL_4200d5b22c1b31,COMP_07249C028641,Diclofenac,COMP_EF944BAE2602,magnesium hydroxide,INTERACCION_VALIDADA,RIESGOSA,aumenta_concentracion,excrecion,bidireccional_o_contextual,validada_en_fuentes_estructuradas,direct_structured_interaction,DrugBank interaction + AACT evidence for both components,monitorear_o_consultar_profesional,media_alta_si_fuente_estructurada_y_componentes_mapeados,true
REL_db852ae6ad2e95,COMP_07249C028641,Diclofenac,COMP_D022F9B54612,potassium phosphate,INTERACCION_VALIDADA,RIESGOSA,efecto_aditivo_peligroso,hiperpotasemia,bidireccional_o_contextual,validada_en_fuentes_estructuradas,direct_structured_interaction,DrugBank interaction + AACT evidence for both components,evitar_o_consultar_profesional,media_alta_si_fuente_estructurada_y_componentes_mapeados,true
REL_ed4016bc1a6a69,COMP_07249C028641,Diclofenac,COMP_78F37B4F18A6,fish oils,INTERACCION_VALIDADA,RIESGOSA,efecto_aditivo_peligroso,hiperpotasemia,bidireccional_o_contextual,validada_en_fuentes_estructuradas,direct_structured_interaction,DrugBank interaction + AACT evidence for both components,evitar_o_consultar_profesional,media_alta_si_fuente_estructurada_y_componentes_mapeados,true
REL_cc4fabd1fb833a,COMP_07249C028641,Diclofenac,COMP_2AC11FDDB0D2,potassium hydroxide,INTERACCION_VALIDADA,RIESGOSA,efecto_aditivo_peligroso,hiperpotasemia,bidireccional_o_contextual,validada_en_fuentes_estructuradas,direct_structured_interaction,DrugBank interaction + AACT evidence for both components,evitar_o_consultar_profesional,media_alta_si_fuente_estructurada_y_componentes_mapeados,true
REL_219f3d160b086b,COMP_5C76A77D0978,Indomethacin,COMP_160A62BC3CB2,astaxanthin,INTERACCION_VALIDADA,RIESGOSA,efecto_aditivo_peligroso,sangrado_coagulacion,bidireccional_o_contextual,validada_en_fuentes_estructuradas,direct_structured_interaction,DrugBank interaction + AACT evidence for both components,evitar_o_consultar_profesional,media_alta_si_fuente_estructurada_y_componentes_mapeados,true
REL_b510edd62ff2f5,COMP_6205613132FA,chondroitin sulfates,COMP_07249C028641,Diclofenac,INTERACCION_VALIDADA,RIESGOSA,aumenta_concentracion,excrecion,bidireccional_o_contextual,validada_en_fuentes_estructuradas,direct_structured_interaction,DrugBank interaction + AACT evidence for both components,monitorear_o_consultar_profesional,media_alta_si_fuente_estructurada_y_componentes_mapeados,true
REL_ee607e6d7bfc6a,COMP_07249C028641,Diclofenac,COMP_F2F0C67E823A,N-Acetyl Tyrosine,INTERACCION_VALIDADA,RIESGOSA,aumenta_concentracion,excrecion,bidireccional_o_contextual,validada_en_fuentes_estructuradas,direct_structured_interaction,DrugBank interaction + AACT evidence for one component,monitorear_o_consultar_profesional,media_alta_si_fuente_estructurada_y_componentes_mapeados,true
REL_61317e2df20082,COMP_275450118D60,Calcium,COMP_34FD41E03B30,Calcifediol,INTERACCION_VALIDADA,RIESGOSA,efecto_aditivo_peligroso,eventos_adversos,bidireccional_o_contextual,validada_en_fuentes_estructuradas,direct_structured_interaction,DrugBank interaction + AACT evidence for both components,monitorear_o_consultar_profesional,media_alta_si_fuente_estructurada_y_componentes_mapeados,true
REL_683724af5eb541,COMP_F3C5987AA984,eicosapentaenoic acid,COMP_5C76A77D0978,Indomethacin,INTERACCION_VALIDADA,RIESGOSA,efecto_aditivo_peligroso,eventos_adversos,bidireccional_o_contextual,validada_en_fuentes_estructuradas,direct_structured_interaction,DrugBank interaction + AACT evidence for both components,monitorear_o_consultar_profesional,media_alta_si_fuente_estructurada_y_componentes_mapeados,true
REL_f048c01010a3ad,COMP_160A62BC3CB2,astaxanthin,COMP_77CD38A13F0B,resveratrol,INTERACCION_VALIDADA,RIESGOSA,efecto_aditivo_peligroso,sangrado_coagulacion,bidireccional_o_contextual,validada_en_fuentes_estructuradas,direct_structured_interaction,DrugBank interaction + AACT evidence for both components,evitar_o_consultar_profesional,media_alta_si_fuente_estructurada_y_componentes_mapeados,true
REL_57dbb4a32c7d9f,COMP_0987F386BB65,Carnitine,COMP_5C76A77D0978,Indomethacin,INTERACCION_VALIDADA,RIESGOSA,aumenta_concentracion,excrecion,bidireccional_o_contextual,validada_en_fuentes_estructuradas,direct_structured_interaction,DrugBank interaction + AACT evidence for both components,monitorear_o_consultar_profesional,media_alta_si_fuente_estructurada_y_componentes_mapeados,true
REL_161999f8e8b29c,COMP_5C76A77D0978,Indomethacin,COMP_E897495403E2,Vardenafil,INTERACCION_VALIDADA,RIESGOSA,aumenta_concentracion,metabolismo,bidireccional_o_contextual,validada_en_fuentes_estructuradas,direct_structured_interaction,DrugBank interaction + AACT evidence for both components,monitorear_o_consultar_profesional,media_alta_si_fuente_estructurada_y_componentes_mapeados,true
REL_fa8f6a94a178e8,COMP_CE4756376C75,glycerin,COMP_83336712C554,Magnesium,INTERACCION_VALIDADA,RIESGOSA,efecto_aditivo_peligroso,eventos_adversos,bidireccional_o_contextual,validada_en_fuentes_estructuradas,direct_structured_interaction,DrugBank interaction + AACT evidence for both components,monitorear_o_consultar_profesional,media_alta_si_fuente_estructurada_y_componentes_mapeados,true
REL_bd4730a65feadb,COMP_5C76A77D0978,Indomethacin,COMP_BB2F708BF799,Potassium,INTERACCION_VALIDADA,RIESGOSA,efecto_aditivo_peligroso,hiperpotasemia,bidireccional_o_contextual,validada_en_fuentes_estructuradas,direct_structured_interaction,DrugBank interaction + AACT evidence for both components,evitar_o_consultar_profesional,media_alta_si_fuente_estructurada_y_componentes_mapeados,true
REL_bc61952c3f2d66,COMP_5C76A77D0978,Indomethacin,COMP_430EB7DE720D,inositol,INTERACCION_VALIDADA,RIESGOSA,aumenta_concentracion,excrecion,bidireccional_o_contextual,validada_en_fuentes_estructuradas,direct_structured_interaction,DrugBank interaction + AACT evidence for both components,monitorear_o_consultar_profesional,media_alta_si_fuente_estructurada_y_componentes_mapeados,true
REL_521aebee47954e,COMP_07249C028641,Diclofenac,COMP_EFF1AE308675,chromic chloride,INTERACCION_VALIDADA,RIESGOSA,aumenta_concentracion,excrecion,bidireccional_o_contextual,validada_en_fuentes_estructuradas,direct_structured_interaction,DrugBank interaction + AACT evidence for one component,monitorear_o_consultar_profesional,media_alta_si_fuente_estructurada_y_componentes_mapeados,true
REL_f16a5d3ce2d4fd,COMP_5C76A77D0978,Indomethacin,COMP_083D6A6B4B99,Piroxicam,INTERACCION_VALIDADA,RIESGOSA,efecto_aditivo_peligroso,eventos_adversos,bidireccional_o_contextual,validada_en_fuentes_estructuradas,direct_structured_interaction,DrugBank interaction + AACT evidence for both components,monitorear_o_consultar_profesional,media_alta_si_fuente_estructurada_y_componentes_mapeados,true
REL_10058c0df0289a,COMP_83336712C554,Magnesium,COMP_2A5E005F2DD6,Psyllium husk,INTERACCION_VALIDADA,RIESGOSA,efecto_aditivo_peligroso,eventos_adversos,bidireccional_o_contextual,validada_en_fuentes_estructuradas,direct_structured_interaction,DrugBank interaction + AACT evidence for both components,monitorear_o_consultar_profesional,media_alta_si_fuente_estructurada_y_componentes_mapeados,true
REL_6fc81d6a37371f,COMP_F3C5987AA984,eicosapentaenoic acid,COMP_77CD38A13F0B,resveratrol,INTERACCION_VALIDADA,RIESGOSA,efecto_aditivo_peligroso,sangrado_coagulacion,bidireccional_o_contextual,validada_en_fuentes_estructuradas,direct_structured_interaction,DrugBank interaction + AACT evidence for both components,evitar_o_consultar_profesional,media_alta_si_fuente_estructurada_y_componentes_mapeados,true
REL_94a5e6747ae143,COMP_5C76A77D0978,Indomethacin,COMP_3B7058496041,L-Phenylalanine,INTERACCION_VALIDADA,RIESGOSA,efecto_aditivo_peligroso,eventos_adversos,bidireccional_o_contextual,validada_en_fuentes_estructuradas,direct_structured_interaction,DrugBank interaction + AACT evidence for both components,monitorear_o_consultar_profesional,media_alta_si_fuente_estructurada_y_componentes_mapeados,true
REL_138b55a712fb60,COMP_5C76A77D0978,Indomethacin,COMP_A57F027E154F,thioctic acid,INTERACCION_VALIDADA,RIESGOSA,efecto_aditivo_peligroso,otro,bidireccional_o_contextual,validada_en_fuentes_estructuradas,direct_structured_interaction,DrugBank interaction + AACT evidence for both components,monitorear_o_consultar_profesional,media_alta_si_fuente_estructurada_y_componentes_mapeados,true
REL_7ca303fc458d27,COMP_83336712C554,Magnesium,COMP_927588D27E64,dexpanthenol,INTERACCION_VALIDADA,RIESGOSA,aumenta_concentracion,concentracion_serica,bidireccional_o_contextual,validada_en_fuentes_estructuradas,direct_structured_interaction,DrugBank interaction + AACT evidence for both components,monitorear_o_consultar_profesional,media_alta_si_fuente_estructurada_y_componentes_mapeados,true
REL_59ef2daa1af6a3,COMP_9FA62B7E567C,citrulline,COMP_5C76A77D0978,Indomethacin,INTERACCION_VALIDADA,RIESGOSA,aumenta_concentracion,excrecion,bidireccional_o_contextual,validada_en_fuentes_estructuradas,direct_structured_interaction,DrugBank interaction + AACT evidence for both components,monitorear_o_consultar_profesional,media_alta_si_fuente_estructurada_y_componentes_mapeados,true
REL_aeb9fe14cb8670,COMP_5C76A77D0978,Indomethacin,COMP_19D9B817C2B7,Terazosin,INTERACCION_VALIDADA,INEFICAZ,reduce_eficacia_terapeutica,reduccion_eficacia,bidireccional_o_contextual,validada_en_fuentes_estructuradas,direct_structured_interaction,DrugBank interaction + AACT evidence for both components,monitorear_eficacia,media_alta_si_fuente_estructurada_y_componentes_mapeados,true
REL_b5625d47e8ac45,COMP_83336712C554,Magnesium,COMP_EF944BAE2602,magnesium hydroxide,INTERACCION_VALIDADA,INEFICAZ,reduce_concentracion,concentracion_serica,bidireccional_o_contextual,validada_en_fuentes_estructuradas,direct_structured_interaction,DrugBank interaction + AACT evidence for both components,monitorear_eficacia,media_alta_si_fuente_estructurada_y_componentes_mapeados,true
REL_e9a1bee4ee2654,COMP_5C76A77D0978,Indomethacin,COMP_09C95935BD2C,sodium citrate,INTERACCION_VALIDADA,RIESGOSA,efecto_aditivo_peligroso,sangrado_coagulacion,bidireccional_o_contextual,validada_en_fuentes_estructuradas,direct_structured_interaction,DrugBank interaction + AACT evidence for both components,evitar_o_consultar_profesional,media_alta_si_fuente_estructurada_y_componentes_mapeados,true
REL_646a7a3ed37a38,COMP_083D6A6B4B99,Piroxicam,COMP_77CD38A13F0B,resveratrol,INTERACCION_VALIDADA,RIESGOSA,efecto_aditivo_peligroso,sangrado_coagulacion,bidireccional_o_contextual,validada_en_fuentes_estructuradas,direct_structured_interaction,DrugBank interaction + AACT evidence for both components,evitar_o_consultar_profesional,media_alta_si_fuente_estructurada_y_componentes_mapeados,true
REL_8ee7d835149487,COMP_63F6F6FCAA5F,Doxylamine,COMP_83336712C554,Magnesium,INTERACCION_VALIDADA,INEFICAZ,reduce_eficacia_terapeutica,reduccion_eficacia,bidireccional_o_contextual,validada_en_fuentes_estructuradas,direct_structured_interaction,DrugBank interaction + AACT evidence for one component,monitorear_eficacia,media_alta_si_fuente_estructurada_y_componentes_mapeados,true
REL_544f5a494e99bb,COMP_3B7058496041,L-Phenylalanine,COMP_77CD38A13F0B,resveratrol,INTERACCION_VALIDADA,RIESGOSA,efecto_aditivo_peligroso,sangrado_coagulacion,bidireccional_o_contextual,validada_en_fuentes_estructuradas,direct_structured_interaction,DrugBank interaction + AACT evidence for both components,evitar_o_consultar_profesional,media_alta_si_fuente_estructurada_y_componentes_mapeados,true
REL_cbfb155a962a6e,COMP_F64AC3CDE665,Chlorzoxazone,COMP_5C76A77D0978,Indomethacin,INTERACCION_VALIDADA,RIESGOSA,aumenta_concentracion,excrecion,bidireccional_o_contextual,validada_en_fuentes_estructuradas,direct_structured_interaction,DrugBank interaction + AACT evidence for both components,monitorear_o_consultar_profesional,media_alta_si_fuente_estructurada_y_componentes_mapeados,true
REL_d9c86488acf85c,COMP_5C76A77D0978,Indomethacin,COMP_87830EC94B25,potassium bicarbonate,INTERACCION_VALIDADA,RIESGOSA,efecto_aditivo_peligroso,hiperpotasemia,bidireccional_o_contextual,validada_en_fuentes_estructuradas,direct_structured_interaction,DrugBank interaction + AACT evidence for both components,evitar_o_consultar_profesional,media_alta_si_fuente_estructurada_y_componentes_mapeados,true
REL_620e290bed30fc,COMP_5C76A77D0978,Indomethacin,COMP_927588D27E64,dexpanthenol,INTERACCION_VALIDADA,RIESGOSA,aumenta_concentracion,excrecion,bidireccional_o_contextual,validada_en_fuentes_estructuradas,direct_structured_interaction,DrugBank interaction + AACT evidence for both components,monitorear_o_consultar_profesional,media_alta_si_fuente_estructurada_y_componentes_mapeados,true
REL_896b51b60a769f,COMP_5C76A77D0978,Indomethacin,COMP_EF944BAE2602,magnesium hydroxide,INTERACCION_VALIDADA,RIESGOSA,aumenta_concentracion,excrecion,bidireccional_o_contextual,validada_en_fuentes_estructuradas,direct_structured_interaction,DrugBank interaction + AACT evidence for both components,monitorear_o_consultar_profesional,media_alta_si_fuente_estructurada_y_componentes_mapeados,true
REL_0540cc464e0dac,COMP_5C76A77D0978,Indomethacin,COMP_D022F9B54612,potassium phosphate,INTERACCION_VALIDADA,RIESGOSA,efecto_aditivo_peligroso,hiperpotasemia,bidireccional_o_contextual,validada_en_fuentes_estructuradas,direct_structured_interaction,DrugBank interaction + AACT evidence for both components,evitar_o_consultar_profesional,media_alta_si_fuente_estructurada_y_componentes_mapeados,true
REL_680b5c3380074d,COMP_09C95935BD2C,sodium citrate,COMP_77CD38A13F0B,resveratrol,INTERACCION_VALIDADA,RIESGOSA,efecto_aditivo_peligroso,sangrado_coagulacion,bidireccional_o_contextual,validada_en_fuentes_estructuradas,direct_structured_interaction,DrugBank interaction + AACT evidence for both components,evitar_o_consultar_profesional,media_alta_si_fuente_estructurada_y_componentes_mapeados,true
REL_0495a8050cfbae,COMP_5C76A77D0978,Indomethacin,COMP_2AC11FDDB0D2,potassium hydroxide,INTERACCION_VALIDADA,RIESGOSA,efecto_aditivo_peligroso,hiperpotasemia,bidireccional_o_contextual,validada_en_fuentes_estructuradas,direct_structured_interaction,DrugBank interaction + AACT evidence for both components,evitar_o_consultar_profesional,media_alta_si_fuente_estructurada_y_componentes_mapeados,true
REL_58ffc2be67a0c8,COMP_78F37B4F18A6,fish oils,COMP_5C76A77D0978,Indomethacin,INTERACCION_VALIDADA,RIESGOSA,efecto_aditivo_peligroso,hiperpotasemia,bidireccional_o_contextual,validada_en_fuentes_estructuradas,direct_structured_interaction,DrugBank interaction + AACT evidence for both components,evitar_o_consultar_profesional,media_alta_si_fuente_estructurada_y_componentes_mapeados,true
REL_3bb6391308b28c,COMP_6205613132FA,chondroitin sulfates,COMP_5C76A77D0978,Indomethacin,INTERACCION_VALIDADA,RIESGOSA,aumenta_concentracion,excrecion,bidireccional_o_contextual,validada_en_fuentes_estructuradas,direct_structured_interaction,DrugBank interaction + AACT evidence for both components,monitorear_o_consultar_profesional,media_alta_si_fuente_estructurada_y_componentes_mapeados,true
REL_3e1006ef2f8eea,COMP_41BF6A84967F,glucosamine,COMP_77CD38A13F0B,resveratrol,INTERACCION_VALIDADA,RIESGOSA,efecto_aditivo_peligroso,sangrado_coagulacion,bidireccional_o_contextual,validada_en_fuentes_estructuradas,direct_structured_interaction,DrugBank interaction + AACT evidence for both components,monitorear_o_consultar_profesional,media_alta_si_fuente_estructurada_y_componentes_mapeados,true
REL_adec0a986f7e59,COMP_5C76A77D0978,Indomethacin,COMP_F2F0C67E823A,N-Acetyl Tyrosine,INTERACCION_VALIDADA,RIESGOSA,aumenta_concentracion,excrecion,bidireccional_o_contextual,validada_en_fuentes_estructuradas,direct_structured_interaction,DrugBank interaction + AACT evidence for one component,monitorear_o_consultar_profesional,media_alta_si_fuente_estructurada_y_componentes_mapeados,true
REL_4f06368ec141f4,COMP_74A0D7A91DD6,Aminophylline,COMP_EE8B9802BAD1,quercetin,INTERACCION_VALIDADA,RIESGOSA,aumenta_concentracion,metabolismo,bidireccional_o_contextual,validada_en_fuentes_estructuradas,direct_structured_interaction,DrugBank interaction + AACT evidence for both components,monitorear_o_consultar_profesional,media_alta_si_fuente_estructurada_y_componentes_mapeados,true
REL_1b08ef0e7ca0ab,COMP_85BB18E9E274,ergocalciferol,COMP_34FD41E03B30,Calcifediol,INTERACCION_VALIDADA,RIESGOSA,efecto_aditivo_peligroso,eventos_adversos,bidireccional_o_contextual,validada_en_fuentes_estructuradas,direct_structured_interaction,DrugBank interaction + AACT evidence for both components,monitorear_o_consultar_profesional,media_alta_si_fuente_estructurada_y_componentes_mapeados,true
REL_21cbbeb490c642,COMP_275450118D60,Calcium,COMP_09C95935BD2C,sodium citrate,INTERACCION_VALIDADA,INEFICAZ,reduce_eficacia_terapeutica,reduccion_eficacia,bidireccional_o_contextual,validada_en_fuentes_estructuradas,direct_structured_interaction,DrugBank interaction + AACT evidence for both components,monitorear_eficacia,media_alta_si_fuente_estructurada_y_componentes_mapeados,true
REL_a6ba7b25863d5d,COMP_C0B34BF63C02,Galantamine,COMP_E897495403E2,Vardenafil,INTERACCION_VALIDADA,RIESGOSA,efecto_aditivo_peligroso,prolongacion_qt,bidireccional_o_contextual,validada_en_fuentes_estructuradas,direct_structured_interaction,DrugBank interaction + AACT evidence for both components,evitar_o_consultar_profesional,media_alta_si_fuente_estructurada_y_componentes_mapeados,true
REL_ceacd8eb3c10c6,COMP_5C76A77D0978,Indomethacin,COMP_EFF1AE308675,chromic chloride,INTERACCION_VALIDADA,RIESGOSA,aumenta_concentracion,excrecion,bidireccional_o_contextual,validada_en_fuentes_estructuradas,direct_structured_interaction,DrugBank interaction + AACT evidence for one component,monitorear_o_consultar_profesional,media_alta_si_fuente_estructurada_y_componentes_mapeados,true
REL_f8434b2c9607fe,COMP_C0B34BF63C02,Galantamine,COMP_03A904101DD4,Black Cohosh,INTERACCION_VALIDADA,RIESGOSA,aumenta_concentracion,metabolismo,bidireccional_o_contextual,validada_en_fuentes_estructuradas,direct_structured_interaction,DrugBank interaction + AACT evidence for both components,monitorear_o_consultar_profesional,media_alta_si_fuente_estructurada_y_componentes_mapeados,true
REL_134215c66dff73,COMP_083D6A6B4B99,Piroxicam,COMP_781B4EA1D853,Selenium,INTERACCION_VALIDADA,RIESGOSA,aumenta_concentracion,excrecion,bidireccional_o_contextual,validada_en_fuentes_estructuradas,direct_structured_interaction,DrugBank interaction + AACT evidence for both components,monitorear_o_consultar_profesional,media_alta_si_fuente_estructurada_y_componentes_mapeados,true
REL_1d3cda7fcdb143,COMP_9FA62B7E567C,citrulline,COMP_586F3B3DE0F3,Riboflavin,INTERACCION_VALIDADA,RIESGOSA,aumenta_concentracion,excrecion,bidireccional_o_contextual,validada_en_fuentes_estructuradas,direct_structured_interaction,DrugBank interaction + AACT evidence for both components,monitorear_o_consultar_profesional,media_alta_si_fuente_estructurada_y_componentes_mapeados,true
REL_dcc994137ea338,COMP_F64AC3CDE665,Chlorzoxazone,COMP_C0B34BF63C02,Galantamine,INTERACCION_VALIDADA,RIESGOSA,aumenta_concentracion,metabolismo,bidireccional_o_contextual,validada_en_fuentes_estructuradas,direct_structured_interaction,DrugBank interaction + AACT evidence for both components,monitorear_o_consultar_profesional,media_alta_si_fuente_estructurada_y_componentes_mapeados,true
REL_b2f9a845791c23,COMP_F64AC3CDE665,Chlorzoxazone,COMP_781B4EA1D853,Selenium,INTERACCION_VALIDADA,RIESGOSA,aumenta_concentracion,excrecion,bidireccional_o_contextual,validada_en_fuentes_estructuradas,direct_structured_interaction,DrugBank interaction + AACT evidence for both components,monitorear_o_consultar_profesional,media_alta_si_fuente_estructurada_y_componentes_mapeados,true
REL_3b4dc44fdf5c63,COMP_781B4EA1D853,Selenium,COMP_927588D27E64,dexpanthenol,INTERACCION_VALIDADA,RIESGOSA,aumenta_concentracion,excrecion,bidireccional_o_contextual,validada_en_fuentes_estructuradas,direct_structured_interaction,DrugBank interaction + AACT evidence for both components,monitorear_o_consultar_profesional,media_alta_si_fuente_estructurada_y_componentes_mapeados,true
REL_4d4774bd2cdc23,COMP_781B4EA1D853,Selenium,COMP_87830EC94B25,potassium bicarbonate,INTERACCION_VALIDADA,RIESGOSA,aumenta_concentracion,excrecion,bidireccional_o_contextual,validada_en_fuentes_estructuradas,direct_structured_interaction,DrugBank interaction + AACT evidence for both components,monitorear_o_consultar_profesional,media_alta_si_fuente_estructurada_y_componentes_mapeados,true
REL_c355241a9db147,COMP_EF944BAE2602,magnesium hydroxide,COMP_781B4EA1D853,Selenium,INTERACCION_VALIDADA,RIESGOSA,aumenta_concentracion,excrecion,bidireccional_o_contextual,validada_en_fuentes_estructuradas,direct_structured_interaction,DrugBank interaction + AACT evidence for both components,monitorear_o_consultar_profesional,media_alta_si_fuente_estructurada_y_componentes_mapeados,true
REL_4d030c9d927f83,COMP_63F6F6FCAA5F,Doxylamine,COMP_C0B34BF63C02,Galantamine,INTERACCION_VALIDADA,INEFICAZ,reduce_eficacia_terapeutica,reduccion_eficacia,bidireccional_o_contextual,validada_en_fuentes_estructuradas,direct_structured_interaction,DrugBank interaction + AACT evidence for one component,monitorear_eficacia,media_alta_si_fuente_estructurada_y_componentes_mapeados,true
REL_5ad9908a4073c5,COMP_6205613132FA,chondroitin sulfates,COMP_781B4EA1D853,Selenium,INTERACCION_VALIDADA,RIESGOSA,aumenta_concentracion,excrecion,bidireccional_o_contextual,validada_en_fuentes_estructuradas,direct_structured_interaction,DrugBank interaction + AACT evidence for both components,monitorear_o_consultar_profesional,media_alta_si_fuente_estructurada_y_componentes_mapeados,true
REL_b5d2d6f110fc9f,COMP_781B4EA1D853,Selenium,COMP_F2F0C67E823A,N-Acetyl Tyrosine,INTERACCION_VALIDADA,RIESGOSA,aumenta_concentracion,excrecion,bidireccional_o_contextual,validada_en_fuentes_estructuradas,direct_structured_interaction,DrugBank interaction + AACT evidence for one component,monitorear_o_consultar_profesional,media_alta_si_fuente_estructurada_y_componentes_mapeados,true
REL_20db436a1a60cd,COMP_EE8B9802BAD1,quercetin,COMP_E897495403E2,Vardenafil,INTERACCION_VALIDADA,RIESGOSA,aumenta_concentracion,metabolismo,bidireccional_o_contextual,validada_en_fuentes_estructuradas,direct_structured_interaction,DrugBank interaction + AACT evidence for both components,monitorear_o_consultar_profesional,media_alta_si_fuente_estructurada_y_componentes_mapeados,true
REL_5d39e825d96c64,COMP_083D6A6B4B99,Piroxicam,COMP_FB0BFF3E6E21,Vitamin B6,INTERACCION_VALIDADA,RIESGOSA,aumenta_concentracion,excrecion,bidireccional_o_contextual,validada_en_fuentes_estructuradas,direct_structured_interaction,DrugBank interaction + AACT evidence for both components,monitorear_o_consultar_profesional,media_alta_si_fuente_estructurada_y_componentes_mapeados,true
REL_5cc54a86d65fb7,COMP_85BB18E9E274,ergocalciferol,COMP_EF944BAE2602,magnesium hydroxide,INTERACCION_VALIDADA,RIESGOSA,aumenta_concentracion,concentracion_serica,bidireccional_o_contextual,validada_en_fuentes_estructuradas,direct_structured_interaction,DrugBank interaction + AACT evidence for both components,monitorear_o_consultar_profesional,media_alta_si_fuente_estructurada_y_componentes_mapeados,true
REL_ceb42130f6027b,COMP_083D6A6B4B99,Piroxicam,COMP_EE8B9802BAD1,quercetin,INTERACCION_VALIDADA,RIESGOSA,aumenta_concentracion,metabolismo,bidireccional_o_contextual,validada_en_fuentes_estructuradas,direct_structured_interaction,DrugBank interaction + AACT evidence for both components,monitorear_o_consultar_profesional,media_alta_si_fuente_estructurada_y_componentes_mapeados,true
REL_f88e1453125dfd,COMP_74A0D7A91DD6,Aminophylline,COMP_CE4756376C75,glycerin,INTERACCION_VALIDADA,ANULACION,interferencia_metabolica,metabolismo,bidireccional_o_contextual,validada_en_fuentes_estructuradas,direct_structured_interaction,DrugBank interaction + AACT evidence for both components,evitar_combinacion_o_validar_indicacion,media_alta_si_fuente_estructurada_y_componentes_mapeados,true
REL_ae9eff0d6fa3e6,COMP_74A0D7A91DD6,Aminophylline,COMP_F64AC3CDE665,Chlorzoxazone,INTERACCION_VALIDADA,RIESGOSA,aumenta_concentracion,metabolismo,bidireccional_o_contextual,validada_en_fuentes_estructuradas,direct_structured_interaction,DrugBank interaction + AACT evidence for both components,monitorear_o_consultar_profesional,media_alta_si_fuente_estructurada_y_componentes_mapeados,true
REL_70650c99305d85,COMP_D16D281DE414,magnesium oxide,COMP_34FD41E03B30,Calcifediol,INTERACCION_VALIDADA,RIESGOSA,aumenta_concentracion,concentracion_serica,bidireccional_o_contextual,validada_en_fuentes_estructuradas,direct_structured_interaction,DrugBank interaction + AACT evidence for both components,monitorear_o_consultar_profesional,media_alta_si_fuente_estructurada_y_componentes_mapeados,true
REL_5aa596cf6bafef,COMP_D16D281DE414,magnesium oxide,COMP_5F327BEAED33,psyllium,INTERACCION_VALIDADA,RIESGOSA,efecto_aditivo_peligroso,eventos_adversos,bidireccional_o_contextual,validada_en_fuentes_estructuradas,direct_structured_interaction,DrugBank interaction + AACT evidence for both components,monitorear_o_consultar_profesional,media_alta_si_fuente_estructurada_y_componentes_mapeados,true
REL_8e9e699568c2a7,COMP_F64AC3CDE665,Chlorzoxazone,COMP_EE8B9802BAD1,quercetin,INTERACCION_VALIDADA,RIESGOSA,aumenta_concentracion,metabolismo,bidireccional_o_contextual,validada_en_fuentes_estructuradas,direct_structured_interaction,DrugBank interaction + AACT evidence for both components,monitorear_o_consultar_profesional,media_alta_si_fuente_estructurada_y_componentes_mapeados,true
REL_15eea2766f3acb,COMP_6205613132FA,chondroitin sulfates,COMP_FB0BFF3E6E21,Vitamin B6,INTERACCION_VALIDADA,RIESGOSA,aumenta_concentracion,excrecion,bidireccional_o_contextual,validada_en_fuentes_estructuradas,direct_structured_interaction,DrugBank interaction + AACT evidence for both components,monitorear_o_consultar_profesional,media_alta_si_fuente_estructurada_y_componentes_mapeados,true
REL_b70679f5be4641,COMP_395A0FE48E1B,5-HTP,COMP_77DD0D7D086D,L-Tryptophan,INTERACCION_VALIDADA,RIESGOSA,efecto_aditivo_peligroso,otro,bidireccional_o_contextual,validada_en_fuentes_estructuradas,direct_structured_interaction,DrugBank interaction + AACT evidence for both components,monitorear_o_consultar_profesional,media_alta_si_fuente_estructurada_y_componentes_mapeados,true
REL_f038c9ff343c50,COMP_BB2F708BF799,Potassium,COMP_5F327BEAED33,psyllium,INTERACCION_VALIDADA,RIESGOSA,efecto_aditivo_peligroso,otro,bidireccional_o_contextual,validada_en_fuentes_estructuradas,direct_structured_interaction,DrugBank interaction + AACT evidence for both components,monitorear_o_consultar_profesional,media_alta_si_fuente_estructurada_y_componentes_mapeados,true
REL_1b692289341011,COMP_F2F0C67E823A,N-Acetyl Tyrosine,COMP_FB0BFF3E6E21,Vitamin B6,INTERACCION_VALIDADA,RIESGOSA,aumenta_concentracion,excrecion,bidireccional_o_contextual,validada_en_fuentes_estructuradas,direct_structured_interaction,DrugBank interaction + AACT evidence for one component,monitorear_o_consultar_profesional,media_alta_si_fuente_estructurada_y_componentes_mapeados,true
REL_4bc11b5757cc75,COMP_617A5FCFE130,calcium citrate,COMP_34FD41E03B30,Calcifediol,INTERACCION_VALIDADA,RIESGOSA,efecto_aditivo_peligroso,eventos_adversos,bidireccional_o_contextual,validada_en_fuentes_estructuradas,direct_structured_interaction,DrugBank interaction + AACT evidence for both components,monitorear_o_consultar_profesional,media_alta_si_fuente_estructurada_y_componentes_mapeados,true
REL_8885dca65f885b,COMP_F3C5987AA984,eicosapentaenoic acid,COMP_160A62BC3CB2,astaxanthin,INTERACCION_VALIDADA,RIESGOSA,efecto_aditivo_peligroso,sangrado_coagulacion,bidireccional_o_contextual,validada_en_fuentes_estructuradas,direct_structured_interaction,DrugBank interaction + AACT evidence for both components,evitar_o_consultar_profesional,media_alta_si_fuente_estructurada_y_componentes_mapeados,true
REL_e1936f84928e5b,COMP_9C8556B6BD0A,soybean oil,COMP_160A62BC3CB2,astaxanthin,INTERACCION_VALIDADA,INEFICAZ,reduce_eficacia_terapeutica,reduccion_eficacia,bidireccional_o_contextual,validada_en_fuentes_estructuradas,direct_structured_interaction,DrugBank interaction + AACT evidence for both components,monitorear_eficacia,media_alta_si_fuente_estructurada_y_componentes_mapeados,true
REL_da3773c099f4b5,COMP_0987F386BB65,Carnitine,COMP_160A62BC3CB2,astaxanthin,INTERACCION_VALIDADA,INEFICAZ,reduce_eficacia_terapeutica,reduccion_eficacia,bidireccional_o_contextual,validada_en_fuentes_estructuradas,direct_structured_interaction,DrugBank interaction + AACT evidence for both components,monitorear_eficacia,media_alta_si_fuente_estructurada_y_componentes_mapeados,true
REL_b38fd665be60e9,COMP_083D6A6B4B99,Piroxicam,COMP_160A62BC3CB2,astaxanthin,INTERACCION_VALIDADA,RIESGOSA,efecto_aditivo_peligroso,sangrado_coagulacion,bidireccional_o_contextual,validada_en_fuentes_estructuradas,direct_structured_interaction,DrugBank interaction + AACT evidence for both components,evitar_o_consultar_profesional,media_alta_si_fuente_estructurada_y_componentes_mapeados,true
REL_525de7ac1c6f34,COMP_3B7058496041,L-Phenylalanine,COMP_160A62BC3CB2,astaxanthin,INTERACCION_VALIDADA,RIESGOSA,efecto_aditivo_peligroso,sangrado_coagulacion,bidireccional_o_contextual,validada_en_fuentes_estructuradas,direct_structured_interaction,DrugBank interaction + AACT evidence for both components,evitar_o_consultar_profesional,media_alta_si_fuente_estructurada_y_componentes_mapeados,true
REL_21b6bb8b9f4384,COMP_DF53BB0FF023,calcium phosphate,COMP_34FD41E03B30,Calcifediol,INTERACCION_VALIDADA,RIESGOSA,efecto_aditivo_peligroso,eventos_adversos,bidireccional_o_contextual,validada_en_fuentes_estructuradas,direct_structured_interaction,DrugBank interaction + AACT evidence for both components,monitorear_o_consultar_profesional,media_alta_si_fuente_estructurada_y_componentes_mapeados,true
REL_f496bac3c068e3,COMP_927588D27E64,dexpanthenol,COMP_34FD41E03B30,Calcifediol,INTERACCION_VALIDADA,RIESGOSA,efecto_aditivo_peligroso,eventos_adversos,bidireccional_o_contextual,validada_en_fuentes_estructuradas,direct_structured_interaction,DrugBank interaction + AACT evidence for both components,monitorear_o_consultar_profesional,media_alta_si_fuente_estructurada_y_componentes_mapeados,true
REL_deb46c8c424dcd,COMP_CE4756376C75,glycerin,COMP_5F327BEAED33,psyllium,INTERACCION_VALIDADA,RIESGOSA,efecto_aditivo_peligroso,eventos_adversos,bidireccional_o_contextual,validada_en_fuentes_estructuradas,direct_structured_interaction,DrugBank interaction + AACT evidence for both components,monitorear_o_consultar_profesional,media_alta_si_fuente_estructurada_y_componentes_mapeados,true
REL_9c950bb167391b,COMP_EF944BAE2602,magnesium hydroxide,COMP_34FD41E03B30,Calcifediol,INTERACCION_VALIDADA,RIESGOSA,aumenta_concentracion,concentracion_serica,bidireccional_o_contextual,validada_en_fuentes_estructuradas,direct_structured_interaction,DrugBank interaction + AACT evidence for both components,monitorear_o_consultar_profesional,media_alta_si_fuente_estructurada_y_componentes_mapeados,true
REL_e7992637a8aaa2,COMP_5F327BEAED33,psyllium,COMP_2A5E005F2DD6,Psyllium husk,INTERACCION_VALIDADA,RIESGOSA,efecto_aditivo_peligroso,eventos_adversos,bidireccional_o_contextual,validada_en_fuentes_estructuradas,direct_structured_interaction,DrugBank interaction + AACT evidence for both components,monitorear_o_consultar_profesional,media_alta_si_fuente_estructurada_y_componentes_mapeados,true
REL_abc5e0fdd4eade,COMP_F3C5987AA984,eicosapentaenoic acid,COMP_BB2F708BF799,Potassium,INTERACCION_VALIDADA,RIESGOSA,efecto_aditivo_peligroso,hiperpotasemia,bidireccional_o_contextual,validada_en_fuentes_estructuradas,direct_structured_interaction,DrugBank interaction + AACT evidence for both components,evitar_o_consultar_profesional,media_alta_si_fuente_estructurada_y_componentes_mapeados,true
REL_0a3684a34fd11f,COMP_F3C5987AA984,eicosapentaenoic acid,COMP_430EB7DE720D,inositol,INTERACCION_VALIDADA,RIESGOSA,aumenta_concentracion,excrecion,bidireccional_o_contextual,validada_en_fuentes_estructuradas,direct_structured_interaction,DrugBank interaction + AACT evidence for both components,monitorear_o_consultar_profesional,media_alta_si_fuente_estructurada_y_componentes_mapeados,true
REL_1e9b7cfe4b2da8,COMP_5F327BEAED33,psyllium,COMP_D7EB3863136A,sodium ascorbate,INTERACCION_VALIDADA,RIESGOSA,efecto_aditivo_peligroso,eventos_adversos,bidireccional_o_contextual,validada_en_fuentes_estructuradas,direct_structured_interaction,DrugBank interaction + AACT evidence for both components,monitorear_o_consultar_profesional,media_alta_si_fuente_estructurada_y_componentes_mapeados,true
REL_9d5607c57e203f,COMP_F64AC3CDE665,Chlorzoxazone,COMP_77DD0D7D086D,L-Tryptophan,INTERACCION_VALIDADA,RIESGOSA,efecto_aditivo_peligroso,otro,bidireccional_o_contextual,validada_en_fuentes_estructuradas,direct_structured_interaction,DrugBank interaction + AACT evidence for both components,monitorear_o_consultar_profesional,media_alta_si_fuente_estructurada_y_componentes_mapeados,true
REL_f2ef0061415732,COMP_F3C5987AA984,eicosapentaenoic acid,COMP_083D6A6B4B99,Piroxicam,INTERACCION_VALIDADA,RIESGOSA,efecto_aditivo_peligroso,eventos_adversos,bidireccional_o_contextual,validada_en_fuentes_estructuradas,direct_structured_interaction,DrugBank interaction + AACT evidence for both components,monitorear_o_consultar_profesional,media_alta_si_fuente_estructurada_y_componentes_mapeados,true
REL_7176b49aeb9fec,COMP_0987F386BB65,Carnitine,COMP_430EB7DE720D,inositol,INTERACCION_VALIDADA,RIESGOSA,aumenta_concentracion,excrecion,bidireccional_o_contextual,validada_en_fuentes_estructuradas,direct_structured_interaction,DrugBank interaction + AACT evidence for both components,monitorear_o_consultar_profesional,media_alta_si_fuente_estructurada_y_componentes_mapeados,true
REL_59156b5543307d,COMP_160A62BC3CB2,astaxanthin,COMP_09C95935BD2C,sodium citrate,INTERACCION_VALIDADA,RIESGOSA,efecto_aditivo_peligroso,sangrado_coagulacion,bidireccional_o_contextual,validada_en_fuentes_estructuradas,direct_structured_interaction,DrugBank interaction + AACT evidence for both components,evitar_o_consultar_profesional,media_alta_si_fuente_estructurada_y_componentes_mapeados,true
REL_3fd1bf693d84ca,COMP_EF944BAE2602,magnesium hydroxide,COMP_5F327BEAED33,psyllium,INTERACCION_VALIDADA,RIESGOSA,efecto_aditivo_peligroso,eventos_adversos,bidireccional_o_contextual,validada_en_fuentes_estructuradas,direct_structured_interaction,DrugBank interaction + AACT evidence for both components,monitorear_o_consultar_profesional,media_alta_si_fuente_estructurada_y_componentes_mapeados,true
REL_278a728612f5fe,COMP_0987F386BB65,Carnitine,COMP_BB2F708BF799,Potassium,INTERACCION_VALIDADA,ANULACION,interferencia_excrecion,excrecion,bidireccional_o_contextual,validada_en_fuentes_estructuradas,direct_structured_interaction,DrugBank interaction + AACT evidence for both components,evitar_combinacion_o_validar_indicacion,media_alta_si_fuente_estructurada_y_componentes_mapeados,true
REL_6fba324d261151,COMP_5F327BEAED33,psyllium,COMP_D022F9B54612,potassium phosphate,INTERACCION_VALIDADA,RIESGOSA,efecto_aditivo_peligroso,eventos_adversos,bidireccional_o_contextual,validada_en_fuentes_estructuradas,direct_structured_interaction,DrugBank interaction + AACT evidence for both components,monitorear_o_consultar_profesional,media_alta_si_fuente_estructurada_y_componentes_mapeados,true
REL_84bc92cd75589a,COMP_0987F386BB65,Carnitine,COMP_083D6A6B4B99,Piroxicam,INTERACCION_VALIDADA,RIESGOSA,aumenta_concentracion,excrecion,bidireccional_o_contextual,validada_en_fuentes_estructuradas,direct_structured_interaction,DrugBank interaction + AACT evidence for both components,monitorear_o_consultar_profesional,media_alta_si_fuente_estructurada_y_componentes_mapeados,true
REL_31fbff40e0bc2c,COMP_083D6A6B4B99,Piroxicam,COMP_E897495403E2,Vardenafil,INTERACCION_VALIDADA,RIESGOSA,aumenta_concentracion,metabolismo,bidireccional_o_contextual,validada_en_fuentes_estructuradas,direct_structured_interaction,DrugBank interaction + AACT evidence for both components,monitorear_o_consultar_profesional,media_alta_si_fuente_estructurada_y_componentes_mapeados,true
REL_5accb0161f00b0,COMP_F3C5987AA984,eicosapentaenoic acid,COMP_19D9B817C2B7,Terazosin,INTERACCION_VALIDADA,INEFICAZ,reduce_eficacia_terapeutica,reduccion_eficacia,bidireccional_o_contextual,validada_en_fuentes_estructuradas,direct_structured_interaction,DrugBank interaction + AACT evidence for both components,monitorear_eficacia,media_alta_si_fuente_estructurada_y_componentes_mapeados,true
REL_762c21e2439ce8,COMP_083D6A6B4B99,Piroxicam,COMP_BB2F708BF799,Potassium,INTERACCION_VALIDADA,RIESGOSA,efecto_aditivo_peligroso,hiperpotasemia,bidireccional_o_contextual,validada_en_fuentes_estructuradas,direct_structured_interaction,DrugBank interaction + AACT evidence for both components,evitar_o_consultar_profesional,media_alta_si_fuente_estructurada_y_componentes_mapeados,true
REL_e8e7edb6c15491,COMP_19D9B817C2B7,Terazosin,COMP_E897495403E2,Vardenafil,INTERACCION_VALIDADA,RIESGOSA,efecto_aditivo_peligroso,hipotension,bidireccional_o_contextual,validada_en_fuentes_estructuradas,direct_structured_interaction,DrugBank interaction + AACT evidence for both components,evitar_o_consultar_profesional,media_alta_si_fuente_estructurada_y_componentes_mapeados,true
REL_eba5f8a527b600,COMP_430EB7DE720D,inositol,COMP_083D6A6B4B99,Piroxicam,INTERACCION_VALIDADA,RIESGOSA,aumenta_concentracion,excrecion,bidireccional_o_contextual,validada_en_fuentes_estructuradas,direct_structured_interaction,DrugBank interaction + AACT evidence for both components,monitorear_o_consultar_profesional,media_alta_si_fuente_estructurada_y_componentes_mapeados,true
REL_4606459d8c74f9,COMP_63F6F6FCAA5F,Doxylamine,COMP_5F327BEAED33,psyllium,INTERACCION_VALIDADA,INEFICAZ,reduce_eficacia_terapeutica,reduccion_eficacia,bidireccional_o_contextual,validada_en_fuentes_estructuradas,direct_structured_interaction,DrugBank interaction + AACT evidence for one component,monitorear_eficacia,media_alta_si_fuente_estructurada_y_componentes_mapeados,true
REL_7d1b6a3633a967,COMP_03A904101DD4,Black Cohosh,COMP_E897495403E2,Vardenafil,INTERACCION_VALIDADA,RIESGOSA,aumenta_concentracion,metabolismo,bidireccional_o_contextual,validada_en_fuentes_estructuradas,direct_structured_interaction,DrugBank interaction + AACT evidence for both components,monitorear_o_consultar_profesional,media_alta_si_fuente_estructurada_y_componentes_mapeados,true
REL_401e68c64a99b0,COMP_F3C5987AA984,eicosapentaenoic acid,COMP_09C95935BD2C,sodium citrate,INTERACCION_VALIDADA,RIESGOSA,efecto_aditivo_peligroso,sangrado_coagulacion,bidireccional_o_contextual,validada_en_fuentes_estructuradas,direct_structured_interaction,DrugBank interaction + AACT evidence for both components,evitar_o_consultar_profesional,media_alta_si_fuente_estructurada_y_componentes_mapeados,true
REL_c56eca8736e787,COMP_63F6F6FCAA5F,Doxylamine,COMP_77DD0D7D086D,L-Tryptophan,INTERACCION_VALIDADA,RIESGOSA,efecto_aditivo_peligroso,depresion_snc,bidireccional_o_contextual,validada_en_fuentes_estructuradas,direct_structured_interaction,DrugBank interaction + AACT evidence for one component,evitar_o_consultar_profesional,media_alta_si_fuente_estructurada_y_componentes_mapeados,true
REL_ca76ffeee53c58,COMP_CE4756376C75,glycerin,COMP_D16D281DE414,magnesium oxide,INTERACCION_VALIDADA,INEFICAZ,reduce_eficacia_terapeutica,reduccion_eficacia,bidireccional_o_contextual,validada_en_fuentes_estructuradas,direct_structured_interaction,DrugBank interaction + AACT evidence for both components,monitorear_eficacia,media_alta_si_fuente_estructurada_y_componentes_mapeados,true
REL_7ef231c3ab439c,COMP_9C8556B6BD0A,soybean oil,COMP_09C95935BD2C,sodium citrate,INTERACCION_VALIDADA,INEFICAZ,reduce_eficacia_terapeutica,reduccion_eficacia,bidireccional_o_contextual,validada_en_fuentes_estructuradas,direct_structured_interaction,DrugBank interaction + AACT evidence for both components,monitorear_eficacia,media_alta_si_fuente_estructurada_y_componentes_mapeados,true
REL_945b02b74def8c,COMP_9FA62B7E567C,citrulline,COMP_083D6A6B4B99,Piroxicam,INTERACCION_VALIDADA,RIESGOSA,aumenta_concentracion,excrecion,bidireccional_o_contextual,validada_en_fuentes_estructuradas,direct_structured_interaction,DrugBank interaction + AACT evidence for both components,monitorear_o_consultar_profesional,media_alta_si_fuente_estructurada_y_componentes_mapeados,true
REL_fbbfb2e935d16b,COMP_D16D281DE414,magnesium oxide,COMP_2A5E005F2DD6,Psyllium husk,INTERACCION_VALIDADA,RIESGOSA,efecto_aditivo_peligroso,eventos_adversos,bidireccional_o_contextual,validada_en_fuentes_estructuradas,direct_structured_interaction,DrugBank interaction + AACT evidence for both components,monitorear_o_consultar_profesional,media_alta_si_fuente_estructurada_y_componentes_mapeados,true
REL_290c1238e709d0,COMP_0987F386BB65,Carnitine,COMP_09C95935BD2C,sodium citrate,INTERACCION_VALIDADA,INEFICAZ,reduce_eficacia_terapeutica,reduccion_eficacia,bidireccional_o_contextual,validada_en_fuentes_estructuradas,direct_structured_interaction,DrugBank interaction + AACT evidence for both components,monitorear_eficacia,media_alta_si_fuente_estructurada_y_componentes_mapeados,true
REL_74bae52a6ae874,COMP_083D6A6B4B99,Piroxicam,COMP_19D9B817C2B7,Terazosin,INTERACCION_VALIDADA,INEFICAZ,reduce_eficacia_terapeutica,reduccion_eficacia,bidireccional_o_contextual,validada_en_fuentes_estructuradas,direct_structured_interaction,DrugBank interaction + AACT evidence for both components,monitorear_eficacia,media_alta_si_fuente_estructurada_y_componentes_mapeados,true
REL_473fa09cebf63d,COMP_F3C5987AA984,eicosapentaenoic acid,COMP_F64AC3CDE665,Chlorzoxazone,INTERACCION_VALIDADA,RIESGOSA,aumenta_concentracion,excrecion,bidireccional_o_contextual,validada_en_fuentes_estructuradas,direct_structured_interaction,DrugBank interaction + AACT evidence for both components,monitorear_o_consultar_profesional,media_alta_si_fuente_estructurada_y_componentes_mapeados,true
REL_2dc9948832c995,COMP_D16D281DE414,magnesium oxide,COMP_927588D27E64,dexpanthenol,INTERACCION_VALIDADA,RIESGOSA,aumenta_concentracion,concentracion_serica,bidireccional_o_contextual,validada_en_fuentes_estructuradas,direct_structured_interaction,DrugBank interaction + AACT evidence for both components,monitorear_o_consultar_profesional,media_alta_si_fuente_estructurada_y_componentes_mapeados,true
REL_9c577a9c2be106,COMP_F3C5987AA984,eicosapentaenoic acid,COMP_87830EC94B25,potassium bicarbonate,INTERACCION_VALIDADA,RIESGOSA,efecto_aditivo_peligroso,hiperpotasemia,bidireccional_o_contextual,validada_en_fuentes_estructuradas,direct_structured_interaction,DrugBank interaction + AACT evidence for both components,evitar_o_consultar_profesional,media_alta_si_fuente_estructurada_y_componentes_mapeados,true
REL_cafaa4f2ae4e4a,COMP_395A0FE48E1B,5-HTP,COMP_F64AC3CDE665,Chlorzoxazone,INTERACCION_VALIDADA,RIESGOSA,efecto_aditivo_peligroso,otro,bidireccional_o_contextual,validada_en_fuentes_estructuradas,direct_structured_interaction,DrugBank interaction + AACT evidence for both components,monitorear_o_consultar_profesional,media_alta_si_fuente_estructurada_y_componentes_mapeados,true
REL_678f3cc846c08b,COMP_0987F386BB65,Carnitine,COMP_F64AC3CDE665,Chlorzoxazone,INTERACCION_VALIDADA,RIESGOSA,aumenta_concentracion,excrecion,bidireccional_o_contextual,validada_en_fuentes_estructuradas,direct_structured_interaction,DrugBank interaction + AACT evidence for both components,monitorear_o_consultar_profesional,media_alta_si_fuente_estructurada_y_componentes_mapeados,true
REL_3b9cc7b0539cab,COMP_EF944BAE2602,magnesium hydroxide,COMP_D16D281DE414,magnesium oxide,INTERACCION_VALIDADA,RIESGOSA,efecto_aditivo_peligroso,otro,bidireccional_o_contextual,validada_en_fuentes_estructuradas,direct_structured_interaction,DrugBank interaction + AACT evidence for both components,monitorear_o_consultar_profesional,media_alta_si_fuente_estructurada_y_componentes_mapeados,true
REL_9fca55df5f2960,COMP_083D6A6B4B99,Piroxicam,COMP_09C95935BD2C,sodium citrate,INTERACCION_VALIDADA,RIESGOSA,efecto_aditivo_peligroso,sangrado_coagulacion,bidireccional_o_contextual,validada_en_fuentes_estructuradas,direct_structured_interaction,DrugBank interaction + AACT evidence for both components,evitar_o_consultar_profesional,media_alta_si_fuente_estructurada_y_componentes_mapeados,true
REL_6341511ed8a7be,COMP_F3C5987AA984,eicosapentaenoic acid,COMP_EF944BAE2602,magnesium hydroxide,INTERACCION_VALIDADA,RIESGOSA,aumenta_concentracion,excrecion,bidireccional_o_contextual,validada_en_fuentes_estructuradas,direct_structured_interaction,DrugBank interaction + AACT evidence for both components,monitorear_o_consultar_profesional,media_alta_si_fuente_estructurada_y_componentes_mapeados,true
REL_2d482e722eaac6,COMP_CE4756376C75,glycerin,COMP_BB2F708BF799,Potassium,INTERACCION_VALIDADA,RIESGOSA,efecto_aditivo_peligroso,otro,bidireccional_o_contextual,validada_en_fuentes_estructuradas,direct_structured_interaction,DrugBank interaction + AACT evidence for both components,monitorear_o_consultar_profesional,media_alta_si_fuente_estructurada_y_componentes_mapeados,true
REL_a2c90325061dd3,COMP_D16D281DE414,magnesium oxide,COMP_D022F9B54612,potassium phosphate,INTERACCION_VALIDADA,INEFICAZ,reduce_absorcion,absorcion,bidireccional_o_contextual,validada_en_fuentes_estructuradas,direct_structured_interaction,DrugBank interaction + AACT evidence for both components,separar_dosis_o_monitorear_eficacia,media_alta_si_fuente_estructurada_y_componentes_mapeados,true
REL_f4b1f1135bb45f,COMP_3B7058496041,L-Phenylalanine,COMP_09C95935BD2C,sodium citrate,INTERACCION_VALIDADA,RIESGOSA,efecto_aditivo_peligroso,sangrado_coagulacion,bidireccional_o_contextual,validada_en_fuentes_estructuradas,direct_structured_interaction,DrugBank interaction + AACT evidence for both components,evitar_o_consultar_profesional,media_alta_si_fuente_estructurada_y_componentes_mapeados,true
REL_e4fcdd1461a6b2,COMP_F3C5987AA984,eicosapentaenoic acid,COMP_D022F9B54612,potassium phosphate,INTERACCION_VALIDADA,RIESGOSA,efecto_aditivo_peligroso,hiperpotasemia,bidireccional_o_contextual,validada_en_fuentes_estructuradas,direct_structured_interaction,DrugBank interaction + AACT evidence for both components,evitar_o_consultar_profesional,media_alta_si_fuente_estructurada_y_componentes_mapeados,true
REL_bfb7315b529aec,COMP_0987F386BB65,Carnitine,COMP_927588D27E64,dexpanthenol,INTERACCION_VALIDADA,RIESGOSA,aumenta_concentracion,excrecion,bidireccional_o_contextual,validada_en_fuentes_estructuradas,direct_structured_interaction,DrugBank interaction + AACT evidence for both components,monitorear_o_consultar_profesional,media_alta_si_fuente_estructurada_y_componentes_mapeados,true
REL_d8831d39327087,COMP_0987F386BB65,Carnitine,COMP_87830EC94B25,potassium bicarbonate,INTERACCION_VALIDADA,RIESGOSA,aumenta_concentracion,excrecion,bidireccional_o_contextual,validada_en_fuentes_estructuradas,direct_structured_interaction,DrugBank interaction + AACT evidence for both components,monitorear_o_consultar_profesional,media_alta_si_fuente_estructurada_y_componentes_mapeados,true
REL_5cd13ee168d711,COMP_4289B9E4461E,rutin,COMP_E897495403E2,Vardenafil,INTERACCION_VALIDADA,RIESGOSA,aumenta_concentracion,metabolismo,bidireccional_o_contextual,validada_en_fuentes_estructuradas,direct_structured_interaction,DrugBank interaction + AACT evidence for both components,monitorear_o_consultar_profesional,media_alta_si_fuente_estructurada_y_componentes_mapeados,true
REL_2054be3b418f10,COMP_F64AC3CDE665,Chlorzoxazone,COMP_430EB7DE720D,inositol,INTERACCION_VALIDADA,RIESGOSA,aumenta_concentracion,excrecion,bidireccional_o_contextual,validada_en_fuentes_estructuradas,direct_structured_interaction,DrugBank interaction + AACT evidence for both components,monitorear_o_consultar_profesional,media_alta_si_fuente_estructurada_y_componentes_mapeados,true
REL_1bd5dfef0f1024,COMP_F3C5987AA984,eicosapentaenoic acid,COMP_2AC11FDDB0D2,potassium hydroxide,INTERACCION_VALIDADA,RIESGOSA,efecto_aditivo_peligroso,hiperpotasemia,bidireccional_o_contextual,validada_en_fuentes_estructuradas,direct_structured_interaction,DrugBank interaction + AACT evidence for both components,evitar_o_consultar_profesional,media_alta_si_fuente_estructurada_y_componentes_mapeados,true
REL_3f89c00c63cd4a,COMP_0987F386BB65,Carnitine,COMP_EF944BAE2602,magnesium hydroxide,INTERACCION_VALIDADA,RIESGOSA,aumenta_concentracion,excrecion,bidireccional_o_contextual,validada_en_fuentes_estructuradas,direct_structured_interaction,DrugBank interaction + AACT evidence for both components,monitorear_o_consultar_profesional,media_alta_si_fuente_estructurada_y_componentes_mapeados,true
REL_db64d437e2bccd,COMP_BB2F708BF799,Potassium,COMP_2A5E005F2DD6,Psyllium husk,INTERACCION_VALIDADA,RIESGOSA,efecto_aditivo_peligroso,otro,bidireccional_o_contextual,validada_en_fuentes_estructuradas,direct_structured_interaction,DrugBank interaction + AACT evidence for both components,monitorear_o_consultar_profesional,media_alta_si_fuente_estructurada_y_componentes_mapeados,true
REL_c189680e9246be,COMP_F64AC3CDE665,Chlorzoxazone,COMP_BB2F708BF799,Potassium,INTERACCION_VALIDADA,ANULACION,interferencia_excrecion,excrecion,bidireccional_o_contextual,validada_en_fuentes_estructuradas,direct_structured_interaction,DrugBank interaction + AACT evidence for both components,evitar_combinacion_o_validar_indicacion,media_alta_si_fuente_estructurada_y_componentes_mapeados,true
REL_d1f935c89f5786,COMP_F64AC3CDE665,Chlorzoxazone,COMP_083D6A6B4B99,Piroxicam,INTERACCION_VALIDADA,RIESGOSA,aumenta_concentracion,excrecion,bidireccional_o_contextual,validada_en_fuentes_estructuradas,direct_structured_interaction,DrugBank interaction + AACT evidence for both components,monitorear_o_consultar_profesional,media_alta_si_fuente_estructurada_y_componentes_mapeados,true
REL_5c05ef29055fcd,COMP_F3C5987AA984,eicosapentaenoic acid,COMP_6205613132FA,chondroitin sulfates,INTERACCION_VALIDADA,RIESGOSA,aumenta_concentracion,excrecion,bidireccional_o_contextual,validada_en_fuentes_estructuradas,direct_structured_interaction,DrugBank interaction + AACT evidence for both components,monitorear_o_consultar_profesional,media_alta_si_fuente_estructurada_y_componentes_mapeados,true
REL_0b55d870b4b591,COMP_63F6F6FCAA5F,Doxylamine,COMP_D16D281DE414,magnesium oxide,INTERACCION_VALIDADA,INEFICAZ,reduce_eficacia_terapeutica,reduccion_eficacia,bidireccional_o_contextual,validada_en_fuentes_estructuradas,direct_structured_interaction,DrugBank interaction + AACT evidence for one component,monitorear_eficacia,media_alta_si_fuente_estructurada_y_componentes_mapeados,true
REL_3baaa7baca868e,COMP_BB2F708BF799,Potassium,COMP_87830EC94B25,potassium bicarbonate,INTERACCION_VALIDADA,RIESGOSA,efecto_aditivo_peligroso,hiperpotasemia,bidireccional_o_contextual,validada_en_fuentes_estructuradas,direct_structured_interaction,DrugBank interaction + AACT evidence for both components,evitar_o_consultar_profesional,media_alta_si_fuente_estructurada_y_componentes_mapeados,true
REL_8c19da4c5fc9d4,COMP_430EB7DE720D,inositol,COMP_87830EC94B25,potassium bicarbonate,INTERACCION_VALIDADA,RIESGOSA,aumenta_concentracion,excrecion,bidireccional_o_contextual,validada_en_fuentes_estructuradas,direct_structured_interaction,DrugBank interaction + AACT evidence for both components,monitorear_o_consultar_profesional,media_alta_si_fuente_estructurada_y_componentes_mapeados,true
REL_98e68af7982f43,COMP_BB2F708BF799,Potassium,COMP_D7EB3863136A,sodium ascorbate,INTERACCION_VALIDADA,RIESGOSA,efecto_aditivo_peligroso,otro,bidireccional_o_contextual,validada_en_fuentes_estructuradas,direct_structured_interaction,DrugBank interaction + AACT evidence for both components,monitorear_o_consultar_profesional,media_alta_si_fuente_estructurada_y_componentes_mapeados,true
REL_9609c9452b5636,COMP_A57F027E154F,thioctic acid,COMP_4ABFB4F7511E,ferrous gluconate,INTERACCION_VALIDADA,INEFICAZ,reduce_absorcion,absorcion,bidireccional_o_contextual,validada_en_fuentes_estructuradas,direct_structured_interaction,DrugBank interaction + AACT evidence for both components,separar_dosis_o_monitorear_eficacia,media_alta_si_fuente_estructurada_y_componentes_mapeados,true
REL_75ec8ff8d8f26d,COMP_F3C5987AA984,eicosapentaenoic acid,COMP_F2F0C67E823A,N-Acetyl Tyrosine,INTERACCION_VALIDADA,RIESGOSA,aumenta_concentracion,excrecion,bidireccional_o_contextual,validada_en_fuentes_estructuradas,direct_structured_interaction,DrugBank interaction + AACT evidence for one component,monitorear_o_consultar_profesional,media_alta_si_fuente_estructurada_y_componentes_mapeados,true
REL_b4ca1fb91e4c9b,COMP_083D6A6B4B99,Piroxicam,COMP_87830EC94B25,potassium bicarbonate,INTERACCION_VALIDADA,RIESGOSA,efecto_aditivo_peligroso,hiperpotasemia,bidireccional_o_contextual,validada_en_fuentes_estructuradas,direct_structured_interaction,DrugBank interaction + AACT evidence for both components,evitar_o_consultar_profesional,media_alta_si_fuente_estructurada_y_componentes_mapeados,true
REL_f07c0cdd958a17,COMP_430EB7DE720D,inositol,COMP_EF944BAE2602,magnesium hydroxide,INTERACCION_VALIDADA,RIESGOSA,aumenta_concentracion,excrecion,bidireccional_o_contextual,validada_en_fuentes_estructuradas,direct_structured_interaction,DrugBank interaction + AACT evidence for both components,monitorear_o_consultar_profesional,media_alta_si_fuente_estructurada_y_componentes_mapeados,true
REL_f63bf548035b0a,COMP_0987F386BB65,Carnitine,COMP_6205613132FA,chondroitin sulfates,INTERACCION_VALIDADA,RIESGOSA,aumenta_concentracion,excrecion,bidireccional_o_contextual,validada_en_fuentes_estructuradas,direct_structured_interaction,DrugBank interaction + AACT evidence for both components,monitorear_o_consultar_profesional,media_alta_si_fuente_estructurada_y_componentes_mapeados,true
REL_c271dfdb2281a4,COMP_083D6A6B4B99,Piroxicam,COMP_927588D27E64,dexpanthenol,INTERACCION_VALIDADA,RIESGOSA,aumenta_concentracion,excrecion,bidireccional_o_contextual,validada_en_fuentes_estructuradas,direct_structured_interaction,DrugBank interaction + AACT evidence for both components,monitorear_o_consultar_profesional,media_alta_si_fuente_estructurada_y_componentes_mapeados,true
REL_edfb26c318ae96,COMP_EF944BAE2602,magnesium hydroxide,COMP_BB2F708BF799,Potassium,INTERACCION_VALIDADA,RIESGOSA,efecto_aditivo_peligroso,otro,bidireccional_o_contextual,validada_en_fuentes_estructuradas,direct_structured_interaction,DrugBank interaction + AACT evidence for both components,monitorear_o_consultar_profesional,media_alta_si_fuente_estructurada_y_componentes_mapeados,true
REL_be11ac3566198f,COMP_395A0FE48E1B,5-HTP,COMP_63F6F6FCAA5F,Doxylamine,INTERACCION_VALIDADA,RIESGOSA,efecto_aditivo_peligroso,depresion_snc,bidireccional_o_contextual,validada_en_fuentes_estructuradas,direct_structured_interaction,DrugBank interaction + AACT evidence for one component,evitar_o_consultar_profesional,media_alta_si_fuente_estructurada_y_componentes_mapeados,true
REL_b030d338fbb687,COMP_63F6F6FCAA5F,Doxylamine,COMP_E897495403E2,Vardenafil,INTERACCION_VALIDADA,RIESGOSA,efecto_aditivo_peligroso,prolongacion_qt,bidireccional_o_contextual,validada_en_fuentes_estructuradas,direct_structured_interaction,DrugBank interaction + AACT evidence for one component,evitar_o_consultar_profesional,media_alta_si_fuente_estructurada_y_componentes_mapeados,true
REL_0e1096e15605a5,COMP_BB2F708BF799,Potassium,COMP_D022F9B54612,potassium phosphate,INTERACCION_VALIDADA,RIESGOSA,efecto_aditivo_peligroso,otro,bidireccional_o_contextual,validada_en_fuentes_estructuradas,direct_structured_interaction,DrugBank interaction + AACT evidence for both components,monitorear_o_consultar_profesional,media_alta_si_fuente_estructurada_y_componentes_mapeados,true
REL_5b493b32a51b6f,COMP_EF944BAE2602,magnesium hydroxide,COMP_083D6A6B4B99,Piroxicam,INTERACCION_VALIDADA,RIESGOSA,aumenta_concentracion,excrecion,bidireccional_o_contextual,validada_en_fuentes_estructuradas,direct_structured_interaction,DrugBank interaction + AACT evidence for both components,monitorear_o_consultar_profesional,media_alta_si_fuente_estructurada_y_componentes_mapeados,true
REL_65170500b0cdc7,COMP_0987F386BB65,Carnitine,COMP_F2F0C67E823A,N-Acetyl Tyrosine,INTERACCION_VALIDADA,RIESGOSA,aumenta_concentracion,excrecion,bidireccional_o_contextual,validada_en_fuentes_estructuradas,direct_structured_interaction,DrugBank interaction + AACT evidence for one component,monitorear_o_consultar_profesional,media_alta_si_fuente_estructurada_y_componentes_mapeados,true
REL_5bc959e8a15fa0,COMP_083D6A6B4B99,Piroxicam,COMP_D022F9B54612,potassium phosphate,INTERACCION_VALIDADA,RIESGOSA,efecto_aditivo_peligroso,hiperpotasemia,bidireccional_o_contextual,validada_en_fuentes_estructuradas,direct_structured_interaction,DrugBank interaction + AACT evidence for both components,evitar_o_consultar_profesional,media_alta_si_fuente_estructurada_y_componentes_mapeados,true
REL_5071740894b813,COMP_F64AC3CDE665,Chlorzoxazone,COMP_03A904101DD4,Black Cohosh,INTERACCION_VALIDADA,RIESGOSA,aumenta_concentracion,metabolismo,bidireccional_o_contextual,validada_en_fuentes_estructuradas,direct_structured_interaction,DrugBank interaction + AACT evidence for both components,monitorear_o_consultar_profesional,media_alta_si_fuente_estructurada_y_componentes_mapeados,true
REL_c4a4920aefb696,COMP_083D6A6B4B99,Piroxicam,COMP_2AC11FDDB0D2,potassium hydroxide,INTERACCION_VALIDADA,RIESGOSA,efecto_aditivo_peligroso,hiperpotasemia,bidireccional_o_contextual,validada_en_fuentes_estructuradas,direct_structured_interaction,DrugBank interaction + AACT evidence for both components,evitar_o_consultar_profesional,media_alta_si_fuente_estructurada_y_componentes_mapeados,true
REL_3c091ee4136dd4,COMP_6205613132FA,chondroitin sulfates,COMP_430EB7DE720D,inositol,INTERACCION_VALIDADA,RIESGOSA,aumenta_concentracion,excrecion,bidireccional_o_contextual,validada_en_fuentes_estructuradas,direct_structured_interaction,DrugBank interaction + AACT evidence for both components,monitorear_o_consultar_profesional,media_alta_si_fuente_estructurada_y_componentes_mapeados,true
REL_3ddc31c143a3a8,COMP_78F37B4F18A6,fish oils,COMP_083D6A6B4B99,Piroxicam,INTERACCION_VALIDADA,RIESGOSA,efecto_aditivo_peligroso,hiperpotasemia,bidireccional_o_contextual,validada_en_fuentes_estructuradas,direct_structured_interaction,DrugBank interaction + AACT evidence for both components,evitar_o_consultar_profesional,media_alta_si_fuente_estructurada_y_componentes_mapeados,true
REL_9ecc04778a9ef9,COMP_6205613132FA,chondroitin sulfates,COMP_BB2F708BF799,Potassium,INTERACCION_VALIDADA,ANULACION,interferencia_excrecion,excrecion,bidireccional_o_contextual,validada_en_fuentes_estructuradas,direct_structured_interaction,DrugBank interaction + AACT evidence for both components,evitar_combinacion_o_validar_indicacion,media_alta_si_fuente_estructurada_y_componentes_mapeados,true
REL_3008db1bb0c0a7,COMP_C6E51226AD1B,betaine,COMP_63F6F6FCAA5F,Doxylamine,INTERACCION_VALIDADA,INEFICAZ,reduce_eficacia_terapeutica,reduccion_eficacia,bidireccional_o_contextual,validada_en_fuentes_estructuradas,direct_structured_interaction,DrugBank interaction + AACT evidence for one component,monitorear_eficacia,media_alta_si_fuente_estructurada_y_componentes_mapeados,true
REL_64a9fbf0facc54,COMP_6205613132FA,chondroitin sulfates,COMP_083D6A6B4B99,Piroxicam,INTERACCION_VALIDADA,RIESGOSA,aumenta_concentracion,excrecion,bidireccional_o_contextual,validada_en_fuentes_estructuradas,direct_structured_interaction,DrugBank interaction + AACT evidence for both components,monitorear_o_consultar_profesional,media_alta_si_fuente_estructurada_y_componentes_mapeados,true
REL_80ebd8ad3a5ab8,COMP_927588D27E64,dexpanthenol,COMP_617A5FCFE130,calcium citrate,INTERACCION_VALIDADA,RIESGOSA,efecto_aditivo_peligroso,eventos_adversos,bidireccional_o_contextual,validada_en_fuentes_estructuradas,direct_structured_interaction,DrugBank interaction + AACT evidence for both components,monitorear_o_consultar_profesional,media_alta_si_fuente_estructurada_y_componentes_mapeados,true
REL_511e100a0660ec,COMP_430EB7DE720D,inositol,COMP_F2F0C67E823A,N-Acetyl Tyrosine,INTERACCION_VALIDADA,RIESGOSA,aumenta_concentracion,excrecion,bidireccional_o_contextual,validada_en_fuentes_estructuradas,direct_structured_interaction,DrugBank interaction + AACT evidence for one component,monitorear_o_consultar_profesional,media_alta_si_fuente_estructurada_y_componentes_mapeados,true
REL_4bcff05d96bc15,COMP_BB2F708BF799,Potassium,COMP_F2F0C67E823A,N-Acetyl Tyrosine,INTERACCION_VALIDADA,ANULACION,interferencia_excrecion,excrecion,bidireccional_o_contextual,validada_en_fuentes_estructuradas,direct_structured_interaction,DrugBank interaction + AACT evidence for one component,evitar_combinacion_o_validar_indicacion,media_alta_si_fuente_estructurada_y_componentes_mapeados,true
REL_204c9e1ef582dd,COMP_083D6A6B4B99,Piroxicam,COMP_F2F0C67E823A,N-Acetyl Tyrosine,INTERACCION_VALIDADA,RIESGOSA,aumenta_concentracion,excrecion,bidireccional_o_contextual,validada_en_fuentes_estructuradas,direct_structured_interaction,DrugBank interaction + AACT evidence for one component,monitorear_o_consultar_profesional,media_alta_si_fuente_estructurada_y_componentes_mapeados,true
REL_3ab682aadfd5a3,COMP_CE4756376C75,glycerin,COMP_2A5E005F2DD6,Psyllium husk,INTERACCION_VALIDADA,RIESGOSA,efecto_aditivo_peligroso,eventos_adversos,bidireccional_o_contextual,validada_en_fuentes_estructuradas,direct_structured_interaction,DrugBank interaction + AACT evidence for both components,monitorear_o_consultar_profesional,media_alta_si_fuente_estructurada_y_componentes_mapeados,true
REL_d6b995284dd802,COMP_F64AC3CDE665,Chlorzoxazone,COMP_CE4756376C75,glycerin,INTERACCION_VALIDADA,ANULACION,interferencia_metabolica,metabolismo,bidireccional_o_contextual,validada_en_fuentes_estructuradas,direct_structured_interaction,DrugBank interaction + AACT evidence for both components,evitar_combinacion_o_validar_indicacion,media_alta_si_fuente_estructurada_y_componentes_mapeados,true
REL_79c4825ea166ab,COMP_D022F9B54612,potassium phosphate,COMP_617A5FCFE130,calcium citrate,INTERACCION_VALIDADA,INEFICAZ,reduce_absorcion,absorcion,bidireccional_o_contextual,validada_en_fuentes_estructuradas,direct_structured_interaction,DrugBank interaction + AACT evidence for both components,separar_dosis_o_monitorear_eficacia,media_alta_si_fuente_estructurada_y_componentes_mapeados,true
REL_1937d01a99712e,COMP_CE4756376C75,glycerin,COMP_D7EB3863136A,sodium ascorbate,INTERACCION_VALIDADA,RIESGOSA,efecto_aditivo_peligroso,eventos_adversos,bidireccional_o_contextual,validada_en_fuentes_estructuradas,direct_structured_interaction,DrugBank interaction + AACT evidence for both components,monitorear_o_consultar_profesional,media_alta_si_fuente_estructurada_y_componentes_mapeados,true
REL_b0dc5a79d543a8,COMP_DF53BB0FF023,calcium phosphate,COMP_4ABFB4F7511E,ferrous gluconate,INTERACCION_VALIDADA,INEFICAZ,reduce_absorcion,absorcion,bidireccional_o_contextual,validada_en_fuentes_estructuradas,direct_structured_interaction,DrugBank interaction + AACT evidence for both components,separar_dosis_o_monitorear_eficacia,media_alta_si_fuente_estructurada_y_componentes_mapeados,true
REL_4fe5cde81ce325,COMP_CE4756376C75,glycerin,COMP_EF944BAE2602,magnesium hydroxide,INTERACCION_VALIDADA,INEFICAZ,reduce_eficacia_terapeutica,reduccion_eficacia,bidireccional_o_contextual,validada_en_fuentes_estructuradas,direct_structured_interaction,DrugBank interaction + AACT evidence for both components,monitorear_eficacia,media_alta_si_fuente_estructurada_y_componentes_mapeados,true
REL_069fcdd7549a79,COMP_F3C5987AA984,eicosapentaenoic acid,COMP_EFF1AE308675,chromic chloride,INTERACCION_VALIDADA,RIESGOSA,aumenta_concentracion,excrecion,bidireccional_o_contextual,validada_en_fuentes_estructuradas,direct_structured_interaction,DrugBank interaction + AACT evidence for one component,monitorear_o_consultar_profesional,media_alta_si_fuente_estructurada_y_componentes_mapeados,true
REL_5589ce14a16bfe,COMP_F64AC3CDE665,Chlorzoxazone,COMP_927588D27E64,dexpanthenol,INTERACCION_VALIDADA,RIESGOSA,aumenta_concentracion,excrecion,bidireccional_o_contextual,validada_en_fuentes_estructuradas,direct_structured_interaction,DrugBank interaction + AACT evidence for both components,monitorear_o_consultar_profesional,media_alta_si_fuente_estructurada_y_componentes_mapeados,true
REL_35f9682ba0b4c6,COMP_F64AC3CDE665,Chlorzoxazone,COMP_87830EC94B25,potassium bicarbonate,INTERACCION_VALIDADA,RIESGOSA,aumenta_concentracion,excrecion,bidireccional_o_contextual,validada_en_fuentes_estructuradas,direct_structured_interaction,DrugBank interaction + AACT evidence for both components,monitorear_o_consultar_profesional,media_alta_si_fuente_estructurada_y_componentes_mapeados,true
REL_4394d25c67b52c,COMP_2A5E005F2DD6,Psyllium husk,COMP_D7EB3863136A,sodium ascorbate,INTERACCION_VALIDADA,RIESGOSA,efecto_aditivo_peligroso,eventos_adversos,bidireccional_o_contextual,validada_en_fuentes_estructuradas,direct_structured_interaction,DrugBank interaction + AACT evidence for both components,monitorear_o_consultar_profesional,media_alta_si_fuente_estructurada_y_componentes_mapeados,true
REL_49bba83085ad9c,COMP_CE4756376C75,glycerin,COMP_D022F9B54612,potassium phosphate,INTERACCION_VALIDADA,RIESGOSA,efecto_aditivo_peligroso,eventos_adversos,bidireccional_o_contextual,validada_en_fuentes_estructuradas,direct_structured_interaction,DrugBank interaction + AACT evidence for both components,monitorear_o_consultar_profesional,media_alta_si_fuente_estructurada_y_componentes_mapeados,true
REL_bebcbb96f0573a,COMP_EF944BAE2602,magnesium hydroxide,COMP_4ABFB4F7511E,ferrous gluconate,INTERACCION_VALIDADA,INEFICAZ,reduce_absorcion,absorcion,bidireccional_o_contextual,validada_en_fuentes_estructuradas,direct_structured_interaction,DrugBank interaction + AACT evidence for both components,separar_dosis_o_monitorear_eficacia,media_alta_si_fuente_estructurada_y_componentes_mapeados,true
REL_d818dc8d8bab3b,COMP_F64AC3CDE665,Chlorzoxazone,COMP_EF944BAE2602,magnesium hydroxide,INTERACCION_VALIDADA,RIESGOSA,aumenta_concentracion,excrecion,bidireccional_o_contextual,validada_en_fuentes_estructuradas,direct_structured_interaction,DrugBank interaction + AACT evidence for both components,monitorear_o_consultar_profesional,media_alta_si_fuente_estructurada_y_componentes_mapeados,true
REL_00477df6a84fc2,COMP_EF944BAE2602,magnesium hydroxide,COMP_2A5E005F2DD6,Psyllium husk,INTERACCION_VALIDADA,RIESGOSA,efecto_aditivo_peligroso,eventos_adversos,bidireccional_o_contextual,validada_en_fuentes_estructuradas,direct_structured_interaction,DrugBank interaction + AACT evidence for both components,monitorear_o_consultar_profesional,media_alta_si_fuente_estructurada_y_componentes_mapeados,true
REL_bd5926dda8cb12,COMP_4ABFB4F7511E,ferrous gluconate,COMP_D022F9B54612,potassium phosphate,INTERACCION_VALIDADA,INEFICAZ,reduce_absorcion,absorcion,bidireccional_o_contextual,validada_en_fuentes_estructuradas,direct_structured_interaction,DrugBank interaction + AACT evidence for both components,separar_dosis_o_monitorear_eficacia,media_alta_si_fuente_estructurada_y_componentes_mapeados,true
REL_b6459d2e1faa7a,COMP_CD701F471CDA,pancreatin,COMP_4ABFB4F7511E,ferrous gluconate,INTERACCION_VALIDADA,INEFICAZ,reduce_absorcion,absorcion,bidireccional_o_contextual,validada_en_fuentes_estructuradas,direct_structured_interaction,DrugBank interaction + AACT evidence for both components,separar_dosis_o_monitorear_eficacia,media_alta_si_fuente_estructurada_y_componentes_mapeados,true
REL_3a5764df8e391b,COMP_0987F386BB65,Carnitine,COMP_EFF1AE308675,chromic chloride,INTERACCION_VALIDADA,RIESGOSA,aumenta_concentracion,excrecion,bidireccional_o_contextual,validada_en_fuentes_estructuradas,direct_structured_interaction,DrugBank interaction + AACT evidence for one component,monitorear_o_consultar_profesional,media_alta_si_fuente_estructurada_y_componentes_mapeados,true
REL_fa9f7f83817811,COMP_DF53BB0FF023,calcium phosphate,COMP_927588D27E64,dexpanthenol,INTERACCION_VALIDADA,RIESGOSA,efecto_aditivo_peligroso,eventos_adversos,bidireccional_o_contextual,validada_en_fuentes_estructuradas,direct_structured_interaction,DrugBank interaction + AACT evidence for both components,monitorear_o_consultar_profesional,media_alta_si_fuente_estructurada_y_componentes_mapeados,true
REL_4ed51d1d3e0716,COMP_927588D27E64,dexpanthenol,COMP_87830EC94B25,potassium bicarbonate,INTERACCION_VALIDADA,RIESGOSA,aumenta_concentracion,excrecion,bidireccional_o_contextual,validada_en_fuentes_estructuradas,direct_structured_interaction,DrugBank interaction + AACT evidence for both components,monitorear_o_consultar_profesional,media_alta_si_fuente_estructurada_y_componentes_mapeados,true
REL_6ac1b0d3488fb0,COMP_D022F9B54612,potassium phosphate,COMP_2A5E005F2DD6,Psyllium husk,INTERACCION_VALIDADA,RIESGOSA,efecto_aditivo_peligroso,eventos_adversos,bidireccional_o_contextual,validada_en_fuentes_estructuradas,direct_structured_interaction,DrugBank interaction + AACT evidence for both components,monitorear_o_consultar_profesional,media_alta_si_fuente_estructurada_y_componentes_mapeados,true
REL_64cec6468e93ed,COMP_EF944BAE2602,magnesium hydroxide,COMP_927588D27E64,dexpanthenol,INTERACCION_VALIDADA,RIESGOSA,aumenta_concentracion,concentracion_serica,bidireccional_o_contextual,validada_en_fuentes_estructuradas,direct_structured_interaction,DrugBank interaction + AACT evidence for both components,monitorear_o_consultar_profesional,media_alta_si_fuente_estructurada_y_componentes_mapeados,true
REL_623324d54dc80d,COMP_EF944BAE2602,magnesium hydroxide,COMP_87830EC94B25,potassium bicarbonate,INTERACCION_VALIDADA,RIESGOSA,aumenta_concentracion,excrecion,bidireccional_o_contextual,validada_en_fuentes_estructuradas,direct_structured_interaction,DrugBank interaction + AACT evidence for both components,monitorear_o_consultar_profesional,media_alta_si_fuente_estructurada_y_componentes_mapeados,true
REL_31fd8d9f043f24,COMP_EF944BAE2602,magnesium hydroxide,COMP_D7EB3863136A,sodium ascorbate,INTERACCION_VALIDADA,RIESGOSA,efecto_aditivo_peligroso,eventos_adversos,bidireccional_o_contextual,validada_en_fuentes_estructuradas,direct_structured_interaction,DrugBank interaction + AACT evidence for both components,monitorear_o_consultar_profesional,media_alta_si_fuente_estructurada_y_componentes_mapeados,true
REL_52cfe763fdd5aa,COMP_63F6F6FCAA5F,Doxylamine,COMP_CE4756376C75,glycerin,INTERACCION_VALIDADA,INEFICAZ,reduce_eficacia_terapeutica,reduccion_eficacia,bidireccional_o_contextual,validada_en_fuentes_estructuradas,direct_structured_interaction,DrugBank interaction + AACT evidence for one component,monitorear_eficacia,media_alta_si_fuente_estructurada_y_componentes_mapeados,true
REL_14f9ba741c4468,COMP_87830EC94B25,potassium bicarbonate,COMP_D022F9B54612,potassium phosphate,INTERACCION_VALIDADA,RIESGOSA,efecto_aditivo_peligroso,hiperpotasemia,bidireccional_o_contextual,validada_en_fuentes_estructuradas,direct_structured_interaction,DrugBank interaction + AACT evidence for both components,evitar_o_consultar_profesional,media_alta_si_fuente_estructurada_y_componentes_mapeados,true
REL_5d4e2c523e7ca2,COMP_F64AC3CDE665,Chlorzoxazone,COMP_6205613132FA,chondroitin sulfates,INTERACCION_VALIDADA,RIESGOSA,aumenta_concentracion,excrecion,bidireccional_o_contextual,validada_en_fuentes_estructuradas,direct_structured_interaction,DrugBank interaction + AACT evidence for both components,monitorear_o_consultar_profesional,media_alta_si_fuente_estructurada_y_componentes_mapeados,true
REL_40afa09495e2a4,COMP_D022F9B54612,potassium phosphate,COMP_D7EB3863136A,sodium ascorbate,INTERACCION_VALIDADA,RIESGOSA,efecto_aditivo_peligroso,eventos_adversos,bidireccional_o_contextual,validada_en_fuentes_estructuradas,direct_structured_interaction,DrugBank interaction + AACT evidence for both components,monitorear_o_consultar_profesional,media_alta_si_fuente_estructurada_y_componentes_mapeados,true
REL_02b832612106f1,COMP_DF53BB0FF023,calcium phosphate,COMP_D022F9B54612,potassium phosphate,INTERACCION_VALIDADA,INEFICAZ,reduce_absorcion,absorcion,bidireccional_o_contextual,validada_en_fuentes_estructuradas,direct_structured_interaction,DrugBank interaction + AACT evidence for both components,separar_dosis_o_monitorear_eficacia,media_alta_si_fuente_estructurada_y_componentes_mapeados,true
REL_9894812d4924fb,COMP_78F37B4F18A6,fish oils,COMP_87830EC94B25,potassium bicarbonate,INTERACCION_VALIDADA,RIESGOSA,efecto_aditivo_peligroso,hiperpotasemia,bidireccional_o_contextual,validada_en_fuentes_estructuradas,direct_structured_interaction,DrugBank interaction + AACT evidence for both components,evitar_o_consultar_profesional,media_alta_si_fuente_estructurada_y_componentes_mapeados,true
REL_be92bbe723937b,COMP_87830EC94B25,potassium bicarbonate,COMP_2AC11FDDB0D2,potassium hydroxide,INTERACCION_VALIDADA,RIESGOSA,efecto_aditivo_peligroso,hiperpotasemia,bidireccional_o_contextual,validada_en_fuentes_estructuradas,direct_structured_interaction,DrugBank interaction + AACT evidence for both components,evitar_o_consultar_profesional,media_alta_si_fuente_estructurada_y_componentes_mapeados,true
REL_611adcfe07fb7f,COMP_F64AC3CDE665,Chlorzoxazone,COMP_63F6F6FCAA5F,Doxylamine,INTERACCION_VALIDADA,RIESGOSA,efecto_aditivo_peligroso,depresion_snc,bidireccional_o_contextual,validada_en_fuentes_estructuradas,direct_structured_interaction,DrugBank interaction + AACT evidence for one component,evitar_o_consultar_profesional,media_alta_si_fuente_estructurada_y_componentes_mapeados,true
REL_b72494b77c98e8,COMP_EF944BAE2602,magnesium hydroxide,COMP_D022F9B54612,potassium phosphate,INTERACCION_VALIDADA,INEFICAZ,reduce_absorcion,absorcion,bidireccional_o_contextual,validada_en_fuentes_estructuradas,direct_structured_interaction,DrugBank interaction + AACT evidence for both components,separar_dosis_o_monitorear_eficacia,media_alta_si_fuente_estructurada_y_componentes_mapeados,true
REL_409350b39282fd,COMP_F64AC3CDE665,Chlorzoxazone,COMP_F2F0C67E823A,N-Acetyl Tyrosine,INTERACCION_VALIDADA,RIESGOSA,aumenta_concentracion,excrecion,bidireccional_o_contextual,validada_en_fuentes_estructuradas,direct_structured_interaction,DrugBank interaction + AACT evidence for one component,monitorear_o_consultar_profesional,media_alta_si_fuente_estructurada_y_componentes_mapeados,true
REL_b82c8bae719f0b,COMP_083D6A6B4B99,Piroxicam,COMP_EFF1AE308675,chromic chloride,INTERACCION_VALIDADA,RIESGOSA,aumenta_concentracion,excrecion,bidireccional_o_contextual,validada_en_fuentes_estructuradas,direct_structured_interaction,DrugBank interaction + AACT evidence for one component,monitorear_o_consultar_profesional,media_alta_si_fuente_estructurada_y_componentes_mapeados,true
REL_a3dce2e3af33eb,COMP_63F6F6FCAA5F,Doxylamine,COMP_2A5E005F2DD6,Psyllium husk,INTERACCION_VALIDADA,INEFICAZ,reduce_eficacia_terapeutica,reduccion_eficacia,bidireccional_o_contextual,validada_en_fuentes_estructuradas,direct_structured_interaction,DrugBank interaction + AACT evidence for one component,monitorear_eficacia,media_alta_si_fuente_estructurada_y_componentes_mapeados,true
REL_f9accfa373f9cc,COMP_6205613132FA,chondroitin sulfates,COMP_927588D27E64,dexpanthenol,INTERACCION_VALIDADA,RIESGOSA,aumenta_concentracion,excrecion,bidireccional_o_contextual,validada_en_fuentes_estructuradas,direct_structured_interaction,DrugBank interaction + AACT evidence for both components,monitorear_o_consultar_profesional,media_alta_si_fuente_estructurada_y_componentes_mapeados,true
REL_f9c29cb0b9178a,COMP_6205613132FA,chondroitin sulfates,COMP_87830EC94B25,potassium bicarbonate,INTERACCION_VALIDADA,RIESGOSA,aumenta_concentracion,excrecion,bidireccional_o_contextual,validada_en_fuentes_estructuradas,direct_structured_interaction,DrugBank interaction + AACT evidence for both components,monitorear_o_consultar_profesional,media_alta_si_fuente_estructurada_y_componentes_mapeados,true
REL_07c3f075a511ff,COMP_78F37B4F18A6,fish oils,COMP_D022F9B54612,potassium phosphate,INTERACCION_VALIDADA,RIESGOSA,efecto_aditivo_peligroso,hiperpotasemia,bidireccional_o_contextual,validada_en_fuentes_estructuradas,direct_structured_interaction,DrugBank interaction + AACT evidence for both components,evitar_o_consultar_profesional,media_alta_si_fuente_estructurada_y_componentes_mapeados,true
REL_7462c9686c1c32,COMP_6205613132FA,chondroitin sulfates,COMP_EF944BAE2602,magnesium hydroxide,INTERACCION_VALIDADA,RIESGOSA,aumenta_concentracion,excrecion,bidireccional_o_contextual,validada_en_fuentes_estructuradas,direct_structured_interaction,DrugBank interaction + AACT evidence for both components,monitorear_o_consultar_profesional,media_alta_si_fuente_estructurada_y_componentes_mapeados,true
REL_09abc41e53501b,COMP_F2F0C67E823A,N-Acetyl Tyrosine,COMP_87830EC94B25,potassium bicarbonate,INTERACCION_VALIDADA,RIESGOSA,aumenta_concentracion,excrecion,bidireccional_o_contextual,validada_en_fuentes_estructuradas,direct_structured_interaction,DrugBank interaction + AACT evidence for one component,monitorear_o_consultar_profesional,media_alta_si_fuente_estructurada_y_componentes_mapeados,true
REL_88bc1291128f96,COMP_927588D27E64,dexpanthenol,COMP_F2F0C67E823A,N-Acetyl Tyrosine,INTERACCION_VALIDADA,RIESGOSA,aumenta_concentracion,excrecion,bidireccional_o_contextual,validada_en_fuentes_estructuradas,direct_structured_interaction,DrugBank interaction + AACT evidence for one component,monitorear_o_consultar_profesional,media_alta_si_fuente_estructurada_y_componentes_mapeados,true
REL_7dfa4c29f4d883,COMP_63F6F6FCAA5F,Doxylamine,COMP_D7EB3863136A,sodium ascorbate,INTERACCION_VALIDADA,INEFICAZ,reduce_eficacia_terapeutica,reduccion_eficacia,bidireccional_o_contextual,validada_en_fuentes_estructuradas,direct_structured_interaction,DrugBank interaction + AACT evidence for one component,monitorear_eficacia,media_alta_si_fuente_estructurada_y_componentes_mapeados,true
REL_b81419f6f507da,COMP_78F37B4F18A6,fish oils,COMP_2AC11FDDB0D2,potassium hydroxide,INTERACCION_VALIDADA,RIESGOSA,efecto_aditivo_peligroso,hiperpotasemia,bidireccional_o_contextual,validada_en_fuentes_estructuradas,direct_structured_interaction,DrugBank interaction + AACT evidence for both components,evitar_o_consultar_profesional,media_alta_si_fuente_estructurada_y_componentes_mapeados,true
REL_ffa6627b277f8e,COMP_EF944BAE2602,magnesium hydroxide,COMP_F2F0C67E823A,N-Acetyl Tyrosine,INTERACCION_VALIDADA,RIESGOSA,aumenta_concentracion,excrecion,bidireccional_o_contextual,validada_en_fuentes_estructuradas,direct_structured_interaction,DrugBank interaction + AACT evidence for one component,monitorear_o_consultar_profesional,media_alta_si_fuente_estructurada_y_componentes_mapeados,true
REL_f0a0476411d295,COMP_63F6F6FCAA5F,Doxylamine,COMP_EF944BAE2602,magnesium hydroxide,INTERACCION_VALIDADA,INEFICAZ,reduce_eficacia_terapeutica,reduccion_eficacia,bidireccional_o_contextual,validada_en_fuentes_estructuradas,direct_structured_interaction,DrugBank interaction + AACT evidence for one component,monitorear_eficacia,media_alta_si_fuente_estructurada_y_componentes_mapeados,true
REL_d41a6b53de4095,COMP_63F6F6FCAA5F,Doxylamine,COMP_D022F9B54612,potassium phosphate,INTERACCION_VALIDADA,INEFICAZ,reduce_eficacia_terapeutica,reduccion_eficacia,bidireccional_o_contextual,validada_en_fuentes_estructuradas,direct_structured_interaction,DrugBank interaction + AACT evidence for one component,monitorear_eficacia,media_alta_si_fuente_estructurada_y_componentes_mapeados,true
REL_17879ac033315c,COMP_6205613132FA,chondroitin sulfates,COMP_F2F0C67E823A,N-Acetyl Tyrosine,INTERACCION_VALIDADA,RIESGOSA,aumenta_concentracion,excrecion,bidireccional_o_contextual,validada_en_fuentes_estructuradas,direct_structured_interaction,DrugBank interaction + AACT evidence for one component,monitorear_o_consultar_profesional,media_alta_si_fuente_estructurada_y_componentes_mapeados,true
REL_851c6a74b1c0b3,COMP_F64AC3CDE665,Chlorzoxazone,COMP_EFF1AE308675,chromic chloride,INTERACCION_VALIDADA,RIESGOSA,aumenta_concentracion,excrecion,bidireccional_o_contextual,validada_en_fuentes_estructuradas,direct_structured_interaction,DrugBank interaction + AACT evidence for one component,monitorear_o_consultar_profesional,media_alta_si_fuente_estructurada_y_componentes_mapeados,true
REL_8c3873c373091c,COMP_EFF1AE308675,chromic chloride,COMP_927588D27E64,dexpanthenol,INTERACCION_VALIDADA,RIESGOSA,aumenta_concentracion,excrecion,bidireccional_o_contextual,validada_en_fuentes_estructuradas,direct_structured_interaction,DrugBank interaction + AACT evidence for one component,monitorear_o_consultar_profesional,media_alta_si_fuente_estructurada_y_componentes_mapeados,true
REL_d168f8882db169,COMP_EFF1AE308675,chromic chloride,COMP_87830EC94B25,potassium bicarbonate,INTERACCION_VALIDADA,RIESGOSA,aumenta_concentracion,excrecion,bidireccional_o_contextual,validada_en_fuentes_estructuradas,direct_structured_interaction,DrugBank interaction + AACT evidence for one component,monitorear_o_consultar_profesional,media_alta_si_fuente_estructurada_y_componentes_mapeados,true
REL_7b3e07a48b0189,COMP_6205613132FA,chondroitin sulfates,COMP_EFF1AE308675,chromic chloride,INTERACCION_VALIDADA,RIESGOSA,aumenta_concentracion,excrecion,bidireccional_o_contextual,validada_en_fuentes_estructuradas,direct_structured_interaction,DrugBank interaction + AACT evidence for one component,monitorear_o_consultar_profesional,media_alta_si_fuente_estructurada_y_componentes_mapeados,true
REL_5bcf5f7279613b,COMP_EFF1AE308675,chromic chloride,COMP_F2F0C67E823A,N-Acetyl Tyrosine,INTERACCION_VALIDADA,RIESGOSA,aumenta_concentracion,excrecion,bidireccional_o_contextual,validada_en_fuentes_estructuradas,direct_structured_interaction,DrugBank interaction only,monitorear_o_consultar_profesional,media_alta_si_fuente_estructurada_y_componentes_mapeados,true
REL_09970f95567cc5,COMP_1BCB25859985,Vitamin C,COMP_B6A8F8958154,Iron,RELACION_BENEFICIOSA,BENEFICIOSA,mejora_absorcion,absorcion_hierro_no_hemo,a_facilita_b,validada_en_fuente_institucional,institutional_fact_sheet,institucional_biomedica,puede_ser_util_en_contexto_de_hierro_no_hemo;validar_dosis_y_condicion_clinica,alta_para_mecanismo_general,true
REL_0596b8d8d34c98,COMP_275450118D60,Calcium,COMP_8C56C31FBB78,Vitamin D,RELACION_BENEFICIOSA,BENEFICIOSA,soporte_salud_osea,absorcion_y_homeostasis_calcio,b_facilita_uso_de_a,validada_en_fuente_institucional,institutional_fact_sheet,institucional_biomedica,relacion_util_para_salud_osea;validar_dosis_y_riesgo_de_exceso,alta_para_mecanismo_general,true
REL_ab735025d858fe,COMP_1BCB25859985,Vitamin C,COMP_D4790F9775EF,Vitamin E,RELACION_BIOLOGICA,SOPORTE_ANTIOXIDANTE,regeneracion_antioxidante,redox_antioxidante,a_regenera_b,relacion_biologica_documentada,institutional_fact_sheet,mecanismo_biologico,relacion_biologica_no_recomendacion_directa_de_consumo,media_alta_para_mecanismo,true
REL_c31f53de07f8c3,COMP_06B36D3A8FF3,Vitamin B12,COMP_153CD3CDEDF5,Folate,RELACION_BIOLOGICA,COFACTOR_FUNCIONAL,metabolismo_homocisteina,metabolismo_un_carbono,funcion_compartida,relacion_biologica_documentada,institutional_fact_sheet,mecanismo_biologico,relacion_funcional;evitar_sobreinterpretar_como_sinergia_universal,media_alta_para_mecanismo,true
REL_d7d187410b628a,COMP_0987F386BB65,Carnitine,COMP_1BCB25859985,Vitamin C,RELACION_BIOLOGICA,SOPORTE_METABOLICO,biosintesis_carnitina,biosintesis,a_participa_en_b,relacion_biologica_documentada,institutional_fact_sheet,mecanismo_biologico,relacion_biologica_no_interaccion_clinica_por_si_sola,media_alta_para_mecanismo,true
REL_c8f974d968666e,COMP_153CD3CDEDF5,Folate,COMP_A204C673A9A2,Choline,RELACION_BIOLOGICA,SOPORTE_METABOLICO,donadores_metilo,metabolismo_un_carbono,funcion_compartida,relacion_biologica_documentada,institutional_fact_sheet,mecanismo_biologico,relacion_biologica_no_recomendacion_directa_de_consumo,media_para_mecanismo,true
REL_6dabaa41d6ba42,COMP_275450118D60,Calcium,COMP_8C56C31FBB78,Vitamin D,RELACION_FUNCIONAL,SOPORTE_FUNCIONAL,salud_osea_mineralizacion,homeostasis_mineral_y_matriz_osea,funcion_compartida_por_familia,relacion_funcional_por_familia_documentada,rule_based_functional_family,sintesis_funcional_conservadora,relacion_funcional_para_grafo;requiere_revision_de_dosis_poblacion_y_objetivo,media_baja_para_recomendacion_alta_para_contexto_funcional,true
REL_3c85a5597f61a7,COMP_275450118D60,Calcium,COMP_83336712C554,Magnesium,RELACION_FUNCIONAL,SOPORTE_FUNCIONAL,salud_osea_mineralizacion,homeostasis_mineral_y_matriz_osea,funcion_compartida_por_familia,relacion_funcional_por_familia_documentada,rule_based_functional_family,sintesis_funcional_conservadora,relacion_funcional_para_grafo;requiere_revision_de_dosis_poblacion_y_objetivo,media_baja_para_recomendacion_alta_para_contexto_funcional,true
REL_9b2329276436e8,COMP_275450118D60,Calcium,COMP_64DE5343502D,Vitamin K,RELACION_FUNCIONAL,SOPORTE_FUNCIONAL,salud_osea_mineralizacion,homeostasis_mineral_y_matriz_osea,funcion_compartida_por_familia,relacion_funcional_por_familia_documentada,rule_based_functional_family,sintesis_funcional_conservadora,relacion_funcional_para_grafo;requiere_revision_de_dosis_poblacion_y_objetivo,media_baja_para_recomendacion_alta_para_contexto_funcional,true
REL_1669ce20f9da12,COMP_275450118D60,Calcium,COMP_34BE8499B1C4,Boron,RELACION_FUNCIONAL,SOPORTE_FUNCIONAL,salud_osea_mineralizacion,homeostasis_mineral_y_matriz_osea,funcion_compartida_por_familia,relacion_funcional_por_familia_documentada,rule_based_functional_family,sintesis_funcional_conservadora,relacion_funcional_para_grafo;requiere_revision_de_dosis_poblacion_y_objetivo,media_baja_para_recomendacion_alta_para_contexto_funcional,true
REL_c42707c1626023,COMP_275450118D60,Calcium,COMP_5A57249CE7BC,Phosphorus,RELACION_FUNCIONAL,SOPORTE_FUNCIONAL,salud_osea_mineralizacion,homeostasis_mineral_y_matriz_osea,funcion_compartida_por_familia,relacion_funcional_por_familia_documentada,rule_based_functional_family,sintesis_funcional_conservadora,relacion_funcional_para_grafo;requiere_revision_de_dosis_poblacion_y_objetivo,media_baja_para_recomendacion_alta_para_contexto_funcional,true
REL_b0dd30806f4c3f,COMP_83336712C554,Magnesium,COMP_8C56C31FBB78,Vitamin D,RELACION_FUNCIONAL,SOPORTE_FUNCIONAL,salud_osea_mineralizacion,homeostasis_mineral_y_matriz_osea,funcion_compartida_por_familia,relacion_funcional_por_familia_documentada,rule_based_functional_family,sintesis_funcional_conservadora,relacion_funcional_para_grafo;requiere_revision_de_dosis_poblacion_y_objetivo,media_baja_para_recomendacion_alta_para_contexto_funcional,true
REL_6802c20bcf4704,COMP_64DE5343502D,Vitamin K,COMP_8C56C31FBB78,Vitamin D,RELACION_FUNCIONAL,SOPORTE_FUNCIONAL,salud_osea_mineralizacion,homeostasis_mineral_y_matriz_osea,funcion_compartida_por_familia,relacion_funcional_por_familia_documentada,rule_based_functional_family,sintesis_funcional_conservadora,relacion_funcional_para_grafo;requiere_revision_de_dosis_poblacion_y_objetivo,media_baja_para_recomendacion_alta_para_contexto_funcional,true
REL_81541d4dbd2670,COMP_34BE8499B1C4,Boron,COMP_8C56C31FBB78,Vitamin D,RELACION_FUNCIONAL,SOPORTE_FUNCIONAL,salud_osea_mineralizacion,homeostasis_mineral_y_matriz_osea,funcion_compartida_por_familia,relacion_funcional_por_familia_documentada,rule_based_functional_family,sintesis_funcional_conservadora,relacion_funcional_para_grafo;requiere_revision_de_dosis_poblacion_y_objetivo,media_baja_para_recomendacion_alta_para_contexto_funcional,true
REL_620f90d874830b,COMP_5A57249CE7BC,Phosphorus,COMP_8C56C31FBB78,Vitamin D,RELACION_FUNCIONAL,SOPORTE_FUNCIONAL,salud_osea_mineralizacion,homeostasis_mineral_y_matriz_osea,funcion_compartida_por_familia,relacion_funcional_por_familia_documentada,rule_based_functional_family,sintesis_funcional_conservadora,relacion_funcional_para_grafo;requiere_revision_de_dosis_poblacion_y_objetivo,media_baja_para_recomendacion_alta_para_contexto_funcional,true
REL_3542ae18eb6c80,COMP_64DE5343502D,Vitamin K,COMP_83336712C554,Magnesium,RELACION_FUNCIONAL,SOPORTE_FUNCIONAL,salud_osea_mineralizacion,homeostasis_mineral_y_matriz_osea,funcion_compartida_por_familia,relacion_funcional_por_familia_documentada,rule_based_functional_family,sintesis_funcional_conservadora,relacion_funcional_para_grafo;requiere_revision_de_dosis_poblacion_y_objetivo,media_baja_para_recomendacion_alta_para_contexto_funcional,true
REL_a59ffd63537800,COMP_34BE8499B1C4,Boron,COMP_83336712C554,Magnesium,RELACION_FUNCIONAL,SOPORTE_FUNCIONAL,salud_osea_mineralizacion,homeostasis_mineral_y_matriz_osea,funcion_compartida_por_familia,relacion_funcional_por_familia_documentada,rule_based_functional_family,sintesis_funcional_conservadora,relacion_funcional_para_grafo;requiere_revision_de_dosis_poblacion_y_objetivo,media_baja_para_recomendacion_alta_para_contexto_funcional,true
REL_264f7bf1165d1c,COMP_5A57249CE7BC,Phosphorus,COMP_83336712C554,Magnesium,RELACION_FUNCIONAL,SOPORTE_FUNCIONAL,salud_osea_mineralizacion,homeostasis_mineral_y_matriz_osea,funcion_compartida_por_familia,relacion_funcional_por_familia_documentada,rule_based_functional_family,sintesis_funcional_conservadora,relacion_funcional_para_grafo;requiere_revision_de_dosis_poblacion_y_objetivo,media_baja_para_recomendacion_alta_para_contexto_funcional,true
REL_4767035d52f644,COMP_34BE8499B1C4,Boron,COMP_64DE5343502D,Vitamin K,RELACION_FUNCIONAL,SOPORTE_FUNCIONAL,salud_osea_mineralizacion,homeostasis_mineral_y_matriz_osea,funcion_compartida_por_familia,relacion_funcional_por_familia_documentada,rule_based_functional_family,sintesis_funcional_conservadora,relacion_funcional_para_grafo;requiere_revision_de_dosis_poblacion_y_objetivo,media_baja_para_recomendacion_alta_para_contexto_funcional,true
REL_23b8f5dff5cc4a,COMP_5A57249CE7BC,Phosphorus,COMP_64DE5343502D,Vitamin K,RELACION_FUNCIONAL,SOPORTE_FUNCIONAL,salud_osea_mineralizacion,homeostasis_mineral_y_matriz_osea,funcion_compartida_por_familia,relacion_funcional_por_familia_documentada,rule_based_functional_family,sintesis_funcional_conservadora,relacion_funcional_para_grafo;requiere_revision_de_dosis_poblacion_y_objetivo,media_baja_para_recomendacion_alta_para_contexto_funcional,true
REL_944b402bd90d64,COMP_34BE8499B1C4,Boron,COMP_5A57249CE7BC,Phosphorus,RELACION_FUNCIONAL,SOPORTE_FUNCIONAL,salud_osea_mineralizacion,homeostasis_mineral_y_matriz_osea,funcion_compartida_por_familia,relacion_funcional_por_familia_documentada,rule_based_functional_family,sintesis_funcional_conservadora,relacion_funcional_para_grafo;requiere_revision_de_dosis_poblacion_y_objetivo,media_baja_para_recomendacion_alta_para_contexto_funcional,true
REL_47db5024abdecd,COMP_1BCB25859985,Vitamin C,COMP_D4790F9775EF,Vitamin E,RELACION_FUNCIONAL,SOPORTE_FUNCIONAL,red_antioxidante,defensa_antioxidante_y_estado_redox,funcion_compartida_por_familia,relacion_funcional_por_familia_documentada,rule_based_functional_family,sintesis_funcional_conservadora,relacion_funcional_para_grafo;requiere_revision_de_dosis_poblacion_y_objetivo,media_baja_para_recomendacion_alta_para_contexto_funcional,true
REL_53b2ab3e380758,COMP_1BCB25859985,Vitamin C,COMP_781B4EA1D853,Selenium,RELACION_FUNCIONAL,SOPORTE_FUNCIONAL,red_antioxidante,defensa_antioxidante_y_estado_redox,funcion_compartida_por_familia,relacion_funcional_por_familia_documentada,rule_based_functional_family,sintesis_funcional_conservadora,relacion_funcional_para_grafo;requiere_revision_de_dosis_poblacion_y_objetivo,media_baja_para_recomendacion_alta_para_contexto_funcional,true
REL_9a33992d27a9c5,COMP_1BCB25859985,Vitamin C,COMP_90C4121BAE0C,Vitamin A,RELACION_FUNCIONAL,SOPORTE_FUNCIONAL,red_antioxidante,defensa_antioxidante_y_estado_redox,funcion_compartida_por_familia,relacion_funcional_por_familia_documentada,rule_based_functional_family,sintesis_funcional_conservadora,relacion_funcional_para_grafo;requiere_revision_de_dosis_poblacion_y_objetivo,media_baja_para_recomendacion_alta_para_contexto_funcional,true
REL_7b9579f73bf13a,COMP_1BCB25859985,Vitamin C,COMP_723DBC80CC4E,Zinc,RELACION_FUNCIONAL,SOPORTE_FUNCIONAL,red_antioxidante,defensa_antioxidante_y_estado_redox,funcion_compartida_por_familia,relacion_funcional_por_familia_documentada,rule_based_functional_family,sintesis_funcional_conservadora,relacion_funcional_para_grafo;requiere_revision_de_dosis_poblacion_y_objetivo,media_baja_para_recomendacion_alta_para_contexto_funcional,true
REL_abd2d3bea5f6ff,COMP_1BCB25859985,Vitamin C,COMP_9C5C72058DB1,Copper,RELACION_FUNCIONAL,SOPORTE_FUNCIONAL,red_antioxidante,defensa_antioxidante_y_estado_redox,funcion_compartida_por_familia,relacion_funcional_por_familia_documentada,rule_based_functional_family,sintesis_funcional_conservadora,relacion_funcional_para_grafo;requiere_revision_de_dosis_poblacion_y_objetivo,media_baja_para_recomendacion_alta_para_contexto_funcional,true
REL_7a924bf7de0400,COMP_781B4EA1D853,Selenium,COMP_D4790F9775EF,Vitamin E,RELACION_FUNCIONAL,SOPORTE_FUNCIONAL,red_antioxidante,defensa_antioxidante_y_estado_redox,funcion_compartida_por_familia,relacion_funcional_por_familia_documentada,rule_based_functional_family,sintesis_funcional_conservadora,relacion_funcional_para_grafo;requiere_revision_de_dosis_poblacion_y_objetivo,media_baja_para_recomendacion_alta_para_contexto_funcional,true
REL_b225842adbd608,COMP_90C4121BAE0C,Vitamin A,COMP_D4790F9775EF,Vitamin E,RELACION_FUNCIONAL,SOPORTE_FUNCIONAL,red_antioxidante,defensa_antioxidante_y_estado_redox,funcion_compartida_por_familia,relacion_funcional_por_familia_documentada,rule_based_functional_family,sintesis_funcional_conservadora,relacion_funcional_para_grafo;requiere_revision_de_dosis_poblacion_y_objetivo,media_baja_para_recomendacion_alta_para_contexto_funcional,true
REL_f7cd5d2e61566d,COMP_723DBC80CC4E,Zinc,COMP_D4790F9775EF,Vitamin E,RELACION_FUNCIONAL,SOPORTE_FUNCIONAL,red_antioxidante,defensa_antioxidante_y_estado_redox,funcion_compartida_por_familia,relacion_funcional_por_familia_documentada,rule_based_functional_family,sintesis_funcional_conservadora,relacion_funcional_para_grafo;requiere_revision_de_dosis_poblacion_y_objetivo,media_baja_para_recomendacion_alta_para_contexto_funcional,true
REL_ebf8fefe20425a,COMP_9C5C72058DB1,Copper,COMP_D4790F9775EF,Vitamin E,RELACION_FUNCIONAL,SOPORTE_FUNCIONAL,red_antioxidante,defensa_antioxidante_y_estado_redox,funcion_compartida_por_familia,relacion_funcional_por_familia_documentada,rule_based_functional_family,sintesis_funcional_conservadora,relacion_funcional_para_grafo;requiere_revision_de_dosis_poblacion_y_objetivo,media_baja_para_recomendacion_alta_para_contexto_funcional,true
REL_85769ec8c3dbcd,COMP_781B4EA1D853,Selenium,COMP_90C4121BAE0C,Vitamin A,RELACION_FUNCIONAL,SOPORTE_FUNCIONAL,red_antioxidante,defensa_antioxidante_y_estado_redox,funcion_compartida_por_familia,relacion_funcional_por_familia_documentada,rule_based_functional_family,sintesis_funcional_conservadora,relacion_funcional_para_grafo;requiere_revision_de_dosis_poblacion_y_objetivo,media_baja_para_recomendacion_alta_para_contexto_funcional,true
REL_680f7cd61a0b7b,COMP_723DBC80CC4E,Zinc,COMP_781B4EA1D853,Selenium,RELACION_FUNCIONAL,SOPORTE_FUNCIONAL,red_antioxidante,defensa_antioxidante_y_estado_redox,funcion_compartida_por_familia,relacion_funcional_por_familia_documentada,rule_based_functional_family,sintesis_funcional_conservadora,relacion_funcional_para_grafo;requiere_revision_de_dosis_poblacion_y_objetivo,media_baja_para_recomendacion_alta_para_contexto_funcional,true
REL_d265cacaba0cb4,COMP_781B4EA1D853,Selenium,COMP_9C5C72058DB1,Copper,RELACION_FUNCIONAL,SOPORTE_FUNCIONAL,red_antioxidante,defensa_antioxidante_y_estado_redox,funcion_compartida_por_familia,relacion_funcional_por_familia_documentada,rule_based_functional_family,sintesis_funcional_conservadora,relacion_funcional_para_grafo;requiere_revision_de_dosis_poblacion_y_objetivo,media_baja_para_recomendacion_alta_para_contexto_funcional,true
REL_29df890451de2c,COMP_723DBC80CC4E,Zinc,COMP_90C4121BAE0C,Vitamin A,RELACION_FUNCIONAL,SOPORTE_FUNCIONAL,red_antioxidante,defensa_antioxidante_y_estado_redox,funcion_compartida_por_familia,relacion_funcional_por_familia_documentada,rule_based_functional_family,sintesis_funcional_conservadora,relacion_funcional_para_grafo;requiere_revision_de_dosis_poblacion_y_objetivo,media_baja_para_recomendacion_alta_para_contexto_funcional,true
REL_39b8d758109f82,COMP_90C4121BAE0C,Vitamin A,COMP_9C5C72058DB1,Copper,RELACION_FUNCIONAL,SOPORTE_FUNCIONAL,red_antioxidante,defensa_antioxidante_y_estado_redox,funcion_compartida_por_familia,relacion_funcional_por_familia_documentada,rule_based_functional_family,sintesis_funcional_conservadora,relacion_funcional_para_grafo;requiere_revision_de_dosis_poblacion_y_objetivo,media_baja_para_recomendacion_alta_para_contexto_funcional,true
REL_45992d9b0fdc79,COMP_723DBC80CC4E,Zinc,COMP_9C5C72058DB1,Copper,RELACION_FUNCIONAL,SOPORTE_FUNCIONAL,red_antioxidante,defensa_antioxidante_y_estado_redox,funcion_compartida_por_familia,relacion_funcional_por_familia_documentada,rule_based_functional_family,sintesis_funcional_conservadora,relacion_funcional_para_grafo;requiere_revision_de_dosis_poblacion_y_objetivo,media_baja_para_recomendacion_alta_para_contexto_funcional,true
REL_9ed950cd9834ea,COMP_06B36D3A8FF3,Vitamin B12,COMP_153CD3CDEDF5,Folate,RELACION_FUNCIONAL,SOPORTE_FUNCIONAL,metabolismo_un_carbono_metilacion,metabolismo_un_carbono_y_homocisteina,funcion_compartida_por_familia,relacion_funcional_por_familia_documentada,rule_based_functional_family,sintesis_funcional_conservadora,relacion_funcional_para_grafo;requiere_revision_de_dosis_poblacion_y_objetivo,media_baja_para_recomendacion_alta_para_contexto_funcional,true
REL_b4c8f4723372f3,COMP_153CD3CDEDF5,Folate,COMP_FB0BFF3E6E21,Vitamin B6,RELACION_FUNCIONAL,SOPORTE_FUNCIONAL,metabolismo_un_carbono_metilacion,metabolismo_un_carbono_y_homocisteina,funcion_compartida_por_familia,relacion_funcional_por_familia_documentada,rule_based_functional_family,sintesis_funcional_conservadora,relacion_funcional_para_grafo;requiere_revision_de_dosis_poblacion_y_objetivo,media_baja_para_recomendacion_alta_para_contexto_funcional,true
REL_73a1becf58d07e,COMP_153CD3CDEDF5,Folate,COMP_A204C673A9A2,Choline,RELACION_FUNCIONAL,SOPORTE_FUNCIONAL,metabolismo_un_carbono_metilacion,metabolismo_un_carbono_y_homocisteina,funcion_compartida_por_familia,relacion_funcional_por_familia_documentada,rule_based_functional_family,sintesis_funcional_conservadora,relacion_funcional_para_grafo;requiere_revision_de_dosis_poblacion_y_objetivo,media_baja_para_recomendacion_alta_para_contexto_funcional,true
REL_c3d2f477306c71,COMP_153CD3CDEDF5,Folate,COMP_586F3B3DE0F3,Riboflavin,RELACION_FUNCIONAL,SOPORTE_FUNCIONAL,metabolismo_un_carbono_metilacion,metabolismo_un_carbono_y_homocisteina,funcion_compartida_por_familia,relacion_funcional_por_familia_documentada,rule_based_functional_family,sintesis_funcional_conservadora,relacion_funcional_para_grafo;requiere_revision_de_dosis_poblacion_y_objetivo,media_baja_para_recomendacion_alta_para_contexto_funcional,true
REL_da842025ca25d8,COMP_06B36D3A8FF3,Vitamin B12,COMP_FB0BFF3E6E21,Vitamin B6,RELACION_FUNCIONAL,SOPORTE_FUNCIONAL,metabolismo_un_carbono_metilacion,metabolismo_un_carbono_y_homocisteina,funcion_compartida_por_familia,relacion_funcional_por_familia_documentada,rule_based_functional_family,sintesis_funcional_conservadora,relacion_funcional_para_grafo;requiere_revision_de_dosis_poblacion_y_objetivo,media_baja_para_recomendacion_alta_para_contexto_funcional,true
REL_36ea9ad5188f3c,COMP_06B36D3A8FF3,Vitamin B12,COMP_A204C673A9A2,Choline,RELACION_FUNCIONAL,SOPORTE_FUNCIONAL,metabolismo_un_carbono_metilacion,metabolismo_un_carbono_y_homocisteina,funcion_compartida_por_familia,relacion_funcional_por_familia_documentada,rule_based_functional_family,sintesis_funcional_conservadora,relacion_funcional_para_grafo;requiere_revision_de_dosis_poblacion_y_objetivo,media_baja_para_recomendacion_alta_para_contexto_funcional,true
REL_33515541e8b345,COMP_06B36D3A8FF3,Vitamin B12,COMP_586F3B3DE0F3,Riboflavin,RELACION_FUNCIONAL,SOPORTE_FUNCIONAL,metabolismo_un_carbono_metilacion,metabolismo_un_carbono_y_homocisteina,funcion_compartida_por_familia,relacion_funcional_por_familia_documentada,rule_based_functional_family,sintesis_funcional_conservadora,relacion_funcional_para_grafo;requiere_revision_de_dosis_poblacion_y_objetivo,media_baja_para_recomendacion_alta_para_contexto_funcional,true
REL_343046ca6b30b7,COMP_A204C673A9A2,Choline,COMP_FB0BFF3E6E21,Vitamin B6,RELACION_FUNCIONAL,SOPORTE_FUNCIONAL,metabolismo_un_carbono_metilacion,metabolismo_un_carbono_y_homocisteina,funcion_compartida_por_familia,relacion_funcional_por_familia_documentada,rule_based_functional_family,sintesis_funcional_conservadora,relacion_funcional_para_grafo;requiere_revision_de_dosis_poblacion_y_objetivo,media_baja_para_recomendacion_alta_para_contexto_funcional,true
REL_59bd1b163c235b,COMP_586F3B3DE0F3,Riboflavin,COMP_FB0BFF3E6E21,Vitamin B6,RELACION_FUNCIONAL,SOPORTE_FUNCIONAL,metabolismo_un_carbono_metilacion,metabolismo_un_carbono_y_homocisteina,funcion_compartida_por_familia,relacion_funcional_por_familia_documentada,rule_based_functional_family,sintesis_funcional_conservadora,relacion_funcional_para_grafo;requiere_revision_de_dosis_poblacion_y_objetivo,media_baja_para_recomendacion_alta_para_contexto_funcional,true
REL_e9166ab7e8e82c,COMP_586F3B3DE0F3,Riboflavin,COMP_A204C673A9A2,Choline,RELACION_FUNCIONAL,SOPORTE_FUNCIONAL,metabolismo_un_carbono_metilacion,metabolismo_un_carbono_y_homocisteina,funcion_compartida_por_familia,relacion_funcional_por_familia_documentada,rule_based_functional_family,sintesis_funcional_conservadora,relacion_funcional_para_grafo;requiere_revision_de_dosis_poblacion_y_objetivo,media_baja_para_recomendacion_alta_para_contexto_funcional,true
REL_b2d17fb9acd719,COMP_586F3B3DE0F3,Riboflavin,COMP_713DC9DF42D4,Thiamin,RELACION_FUNCIONAL,SOPORTE_FUNCIONAL,metabolismo_energetico_b_vitaminas,coenzimas_metabolismo_energetico,funcion_compartida_por_familia,relacion_funcional_por_familia_documentada,rule_based_functional_family,sintesis_funcional_conservadora,relacion_funcional_para_grafo;requiere_revision_de_dosis_poblacion_y_objetivo,media_baja_para_recomendacion_alta_para_contexto_funcional,true
REL_cb12d00567e72a,COMP_713DC9DF42D4,Thiamin,COMP_7A51909809FD,Niacin,RELACION_FUNCIONAL,SOPORTE_FUNCIONAL,metabolismo_energetico_b_vitaminas,coenzimas_metabolismo_energetico,funcion_compartida_por_familia,relacion_funcional_por_familia_documentada,rule_based_functional_family,sintesis_funcional_conservadora,relacion_funcional_para_grafo;requiere_revision_de_dosis_poblacion_y_objetivo,media_baja_para_recomendacion_alta_para_contexto_funcional,true
REL_cfff423603bffa,COMP_713DC9DF42D4,Thiamin,COMP_CCEF1C481D8D,Pantothenic Acid,RELACION_FUNCIONAL,SOPORTE_FUNCIONAL,metabolismo_energetico_b_vitaminas,coenzimas_metabolismo_energetico,funcion_compartida_por_familia,relacion_funcional_por_familia_documentada,rule_based_functional_family,sintesis_funcional_conservadora,relacion_funcional_para_grafo;requiere_revision_de_dosis_poblacion_y_objetivo,media_baja_para_recomendacion_alta_para_contexto_funcional,true
REL_e7db36b3251f30,COMP_713DC9DF42D4,Thiamin,COMP_FB0BFF3E6E21,Vitamin B6,RELACION_FUNCIONAL,SOPORTE_FUNCIONAL,metabolismo_energetico_b_vitaminas,coenzimas_metabolismo_energetico,funcion_compartida_por_familia,relacion_funcional_por_familia_documentada,rule_based_functional_family,sintesis_funcional_conservadora,relacion_funcional_para_grafo;requiere_revision_de_dosis_poblacion_y_objetivo,media_baja_para_recomendacion_alta_para_contexto_funcional,true
REL_f01a80f0f7ace9,COMP_641FDABDC956,Biotin,COMP_713DC9DF42D4,Thiamin,RELACION_FUNCIONAL,SOPORTE_FUNCIONAL,metabolismo_energetico_b_vitaminas,coenzimas_metabolismo_energetico,funcion_compartida_por_familia,relacion_funcional_por_familia_documentada,rule_based_functional_family,sintesis_funcional_conservadora,relacion_funcional_para_grafo;requiere_revision_de_dosis_poblacion_y_objetivo,media_baja_para_recomendacion_alta_para_contexto_funcional,true
REL_d13e011c8747b0,COMP_06B36D3A8FF3,Vitamin B12,COMP_713DC9DF42D4,Thiamin,RELACION_FUNCIONAL,SOPORTE_FUNCIONAL,metabolismo_energetico_b_vitaminas,coenzimas_metabolismo_energetico,funcion_compartida_por_familia,relacion_funcional_por_familia_documentada,rule_based_functional_family,sintesis_funcional_conservadora,relacion_funcional_para_grafo;requiere_revision_de_dosis_poblacion_y_objetivo,media_baja_para_recomendacion_alta_para_contexto_funcional,true
REL_1b4a5502afa9e2,COMP_586F3B3DE0F3,Riboflavin,COMP_7A51909809FD,Niacin,RELACION_FUNCIONAL,SOPORTE_FUNCIONAL,metabolismo_energetico_b_vitaminas,coenzimas_metabolismo_energetico,funcion_compartida_por_familia,relacion_funcional_por_familia_documentada,rule_based_functional_family,sintesis_funcional_conservadora,relacion_funcional_para_grafo;requiere_revision_de_dosis_poblacion_y_objetivo,media_baja_para_recomendacion_alta_para_contexto_funcional,true
REL_9699c9e1b923db,COMP_586F3B3DE0F3,Riboflavin,COMP_CCEF1C481D8D,Pantothenic Acid,RELACION_FUNCIONAL,SOPORTE_FUNCIONAL,metabolismo_energetico_b_vitaminas,coenzimas_metabolismo_energetico,funcion_compartida_por_familia,relacion_funcional_por_familia_documentada,rule_based_functional_family,sintesis_funcional_conservadora,relacion_funcional_para_grafo;requiere_revision_de_dosis_poblacion_y_objetivo,media_baja_para_recomendacion_alta_para_contexto_funcional,true
REL_7d9fdb23617b66,COMP_586F3B3DE0F3,Riboflavin,COMP_FB0BFF3E6E21,Vitamin B6,RELACION_FUNCIONAL,SOPORTE_FUNCIONAL,metabolismo_energetico_b_vitaminas,coenzimas_metabolismo_energetico,funcion_compartida_por_familia,relacion_funcional_por_familia_documentada,rule_based_functional_family,sintesis_funcional_conservadora,relacion_funcional_para_grafo;requiere_revision_de_dosis_poblacion_y_objetivo,media_baja_para_recomendacion_alta_para_contexto_funcional,true
REL_6a1b25d3e9c787,COMP_586F3B3DE0F3,Riboflavin,COMP_641FDABDC956,Biotin,RELACION_FUNCIONAL,SOPORTE_FUNCIONAL,metabolismo_energetico_b_vitaminas,coenzimas_metabolismo_energetico,funcion_compartida_por_familia,relacion_funcional_por_familia_documentada,rule_based_functional_family,sintesis_funcional_conservadora,relacion_funcional_para_grafo;requiere_revision_de_dosis_poblacion_y_objetivo,media_baja_para_recomendacion_alta_para_contexto_funcional,true
REL_267092c94dc778,COMP_06B36D3A8FF3,Vitamin B12,COMP_586F3B3DE0F3,Riboflavin,RELACION_FUNCIONAL,SOPORTE_FUNCIONAL,metabolismo_energetico_b_vitaminas,coenzimas_metabolismo_energetico,funcion_compartida_por_familia,relacion_funcional_por_familia_documentada,rule_based_functional_family,sintesis_funcional_conservadora,relacion_funcional_para_grafo;requiere_revision_de_dosis_poblacion_y_objetivo,media_baja_para_recomendacion_alta_para_contexto_funcional,true
REL_fd5881b2901130,COMP_7A51909809FD,Niacin,COMP_CCEF1C481D8D,Pantothenic Acid,RELACION_FUNCIONAL,SOPORTE_FUNCIONAL,metabolismo_energetico_b_vitaminas,coenzimas_metabolismo_energetico,funcion_compartida_por_familia,relacion_funcional_por_familia_documentada,rule_based_functional_family,sintesis_funcional_conservadora,relacion_funcional_para_grafo;requiere_revision_de_dosis_poblacion_y_objetivo,media_baja_para_recomendacion_alta_para_contexto_funcional,true
REL_48ba23dcb13ce1,COMP_7A51909809FD,Niacin,COMP_FB0BFF3E6E21,Vitamin B6,RELACION_FUNCIONAL,SOPORTE_FUNCIONAL,metabolismo_energetico_b_vitaminas,coenzimas_metabolismo_energetico,funcion_compartida_por_familia,relacion_funcional_por_familia_documentada,rule_based_functional_family,sintesis_funcional_conservadora,relacion_funcional_para_grafo;requiere_revision_de_dosis_poblacion_y_objetivo,media_baja_para_recomendacion_alta_para_contexto_funcional,true
REL_13a56776852149,COMP_641FDABDC956,Biotin,COMP_7A51909809FD,Niacin,RELACION_FUNCIONAL,SOPORTE_FUNCIONAL,metabolismo_energetico_b_vitaminas,coenzimas_metabolismo_energetico,funcion_compartida_por_familia,relacion_funcional_por_familia_documentada,rule_based_functional_family,sintesis_funcional_conservadora,relacion_funcional_para_grafo;requiere_revision_de_dosis_poblacion_y_objetivo,media_baja_para_recomendacion_alta_para_contexto_funcional,true
REL_68c3761ad0dbef,COMP_06B36D3A8FF3,Vitamin B12,COMP_7A51909809FD,Niacin,RELACION_FUNCIONAL,SOPORTE_FUNCIONAL,metabolismo_energetico_b_vitaminas,coenzimas_metabolismo_energetico,funcion_compartida_por_familia,relacion_funcional_por_familia_documentada,rule_based_functional_family,sintesis_funcional_conservadora,relacion_funcional_para_grafo;requiere_revision_de_dosis_poblacion_y_objetivo,media_baja_para_recomendacion_alta_para_contexto_funcional,true
REL_58411fa1442cea,COMP_CCEF1C481D8D,Pantothenic Acid,COMP_FB0BFF3E6E21,Vitamin B6,RELACION_FUNCIONAL,SOPORTE_FUNCIONAL,metabolismo_energetico_b_vitaminas,coenzimas_metabolismo_energetico,funcion_compartida_por_familia,relacion_funcional_por_familia_documentada,rule_based_functional_family,sintesis_funcional_conservadora,relacion_funcional_para_grafo;requiere_revision_de_dosis_poblacion_y_objetivo,media_baja_para_recomendacion_alta_para_contexto_funcional,true
REL_7755e3bbcd66c2,COMP_641FDABDC956,Biotin,COMP_CCEF1C481D8D,Pantothenic Acid,RELACION_FUNCIONAL,SOPORTE_FUNCIONAL,metabolismo_energetico_b_vitaminas,coenzimas_metabolismo_energetico,funcion_compartida_por_familia,relacion_funcional_por_familia_documentada,rule_based_functional_family,sintesis_funcional_conservadora,relacion_funcional_para_grafo;requiere_revision_de_dosis_poblacion_y_objetivo,media_baja_para_recomendacion_alta_para_contexto_funcional,true
REL_2fdba4b51ed40b,COMP_06B36D3A8FF3,Vitamin B12,COMP_CCEF1C481D8D,Pantothenic Acid,RELACION_FUNCIONAL,SOPORTE_FUNCIONAL,metabolismo_energetico_b_vitaminas,coenzimas_metabolismo_energetico,funcion_compartida_por_familia,relacion_funcional_por_familia_documentada,rule_based_functional_family,sintesis_funcional_conservadora,relacion_funcional_para_grafo;requiere_revision_de_dosis_poblacion_y_objetivo,media_baja_para_recomendacion_alta_para_contexto_funcional,true
REL_9c544aeb4d89fa,COMP_641FDABDC956,Biotin,COMP_FB0BFF3E6E21,Vitamin B6,RELACION_FUNCIONAL,SOPORTE_FUNCIONAL,metabolismo_energetico_b_vitaminas,coenzimas_metabolismo_energetico,funcion_compartida_por_familia,relacion_funcional_por_familia_documentada,rule_based_functional_family,sintesis_funcional_conservadora,relacion_funcional_para_grafo;requiere_revision_de_dosis_poblacion_y_objetivo,media_baja_para_recomendacion_alta_para_contexto_funcional,true
REL_2c2bb86469783f,COMP_06B36D3A8FF3,Vitamin B12,COMP_FB0BFF3E6E21,Vitamin B6,RELACION_FUNCIONAL,SOPORTE_FUNCIONAL,metabolismo_energetico_b_vitaminas,coenzimas_metabolismo_energetico,funcion_compartida_por_familia,relacion_funcional_por_familia_documentada,rule_based_functional_family,sintesis_funcional_conservadora,relacion_funcional_para_grafo;requiere_revision_de_dosis_poblacion_y_objetivo,media_baja_para_recomendacion_alta_para_contexto_funcional,true
REL_3d5f0cf9a9d869,COMP_06B36D3A8FF3,Vitamin B12,COMP_641FDABDC956,Biotin,RELACION_FUNCIONAL,SOPORTE_FUNCIONAL,metabolismo_energetico_b_vitaminas,coenzimas_metabolismo_energetico,funcion_compartida_por_familia,relacion_funcional_por_familia_documentada,rule_based_functional_family,sintesis_funcional_conservadora,relacion_funcional_para_grafo;requiere_revision_de_dosis_poblacion_y_objetivo,media_baja_para_recomendacion_alta_para_contexto_funcional,true
REL_c6c526f375d929,COMP_275450118D60,Calcium,COMP_83336712C554,Magnesium,RELACION_FUNCIONAL,SOPORTE_FUNCIONAL,electrolitos_funcion_neuromuscular,electrolitos_contraccion_muscular_y_senalizacion,funcion_compartida_por_familia,relacion_funcional_por_familia_documentada,rule_based_functional_family,sintesis_funcional_conservadora,relacion_funcional_para_grafo;requiere_revision_de_dosis_poblacion_y_objetivo,media_baja_para_recomendacion_alta_para_contexto_funcional,true
REL_2378848d54192f,COMP_275450118D60,Calcium,COMP_BB2F708BF799,Potassium,RELACION_FUNCIONAL,SOPORTE_FUNCIONAL,electrolitos_funcion_neuromuscular,electrolitos_contraccion_muscular_y_senalizacion,funcion_compartida_por_familia,relacion_funcional_por_familia_documentada,rule_based_functional_family,sintesis_funcional_conservadora,relacion_funcional_para_grafo;requiere_revision_de_dosis_poblacion_y_objetivo,media_baja_para_recomendacion_alta_para_contexto_funcional,true
REL_61974161c8799f,COMP_83336712C554,Magnesium,COMP_BB2F708BF799,Potassium,RELACION_FUNCIONAL,SOPORTE_FUNCIONAL,electrolitos_funcion_neuromuscular,electrolitos_contraccion_muscular_y_senalizacion,funcion_compartida_por_familia,relacion_funcional_por_familia_documentada,rule_based_functional_family,sintesis_funcional_conservadora,relacion_funcional_para_grafo;requiere_revision_de_dosis_poblacion_y_objetivo,media_baja_para_recomendacion_alta_para_contexto_funcional,true
REL_1f2e754d53f3d1,COMP_0987F386BB65,Carnitine,COMP_0CF063FD7E2B,Coenzyme Q-10,RELACION_FUNCIONAL,SOPORTE_FUNCIONAL,metabolismo_mitocondrial,transporte_acidos_grasos_y_cadena_energia,funcion_compartida_por_familia,relacion_funcional_por_familia_documentada,rule_based_functional_family,sintesis_funcional_conservadora,relacion_funcional_para_grafo;requiere_revision_de_dosis_poblacion_y_objetivo,media_baja_para_recomendacion_alta_para_contexto_funcional,true
REL_20ec72ea5cf635,COMP_0987F386BB65,Carnitine,COMP_586F3B3DE0F3,Riboflavin,RELACION_FUNCIONAL,SOPORTE_FUNCIONAL,metabolismo_mitocondrial,transporte_acidos_grasos_y_cadena_energia,funcion_compartida_por_familia,relacion_funcional_por_familia_documentada,rule_based_functional_family,sintesis_funcional_conservadora,relacion_funcional_para_grafo;requiere_revision_de_dosis_poblacion_y_objetivo,media_baja_para_recomendacion_alta_para_contexto_funcional,true
REL_4572ae97dccea8,COMP_0987F386BB65,Carnitine,COMP_7A51909809FD,Niacin,RELACION_FUNCIONAL,SOPORTE_FUNCIONAL,metabolismo_mitocondrial,transporte_acidos_grasos_y_cadena_energia,funcion_compartida_por_familia,relacion_funcional_por_familia_documentada,rule_based_functional_family,sintesis_funcional_conservadora,relacion_funcional_para_grafo;requiere_revision_de_dosis_poblacion_y_objetivo,media_baja_para_recomendacion_alta_para_contexto_funcional,true
REL_72babf4512948b,COMP_0CF063FD7E2B,Coenzyme Q-10,COMP_586F3B3DE0F3,Riboflavin,RELACION_FUNCIONAL,SOPORTE_FUNCIONAL,metabolismo_mitocondrial,transporte_acidos_grasos_y_cadena_energia,funcion_compartida_por_familia,relacion_funcional_por_familia_documentada,rule_based_functional_family,sintesis_funcional_conservadora,relacion_funcional_para_grafo;requiere_revision_de_dosis_poblacion_y_objetivo,media_baja_para_recomendacion_alta_para_contexto_funcional,true
REL_2dcaf86dc8a665,COMP_0CF063FD7E2B,Coenzyme Q-10,COMP_7A51909809FD,Niacin,RELACION_FUNCIONAL,SOPORTE_FUNCIONAL,metabolismo_mitocondrial,transporte_acidos_grasos_y_cadena_energia,funcion_compartida_por_familia,relacion_funcional_por_familia_documentada,rule_based_functional_family,sintesis_funcional_conservadora,relacion_funcional_para_grafo;requiere_revision_de_dosis_poblacion_y_objetivo,media_baja_para_recomendacion_alta_para_contexto_funcional,true
REL_b61d481870cfe4,COMP_586F3B3DE0F3,Riboflavin,COMP_7A51909809FD,Niacin,RELACION_FUNCIONAL,SOPORTE_FUNCIONAL,metabolismo_mitocondrial,transporte_acidos_grasos_y_cadena_energia,funcion_compartida_por_familia,relacion_funcional_por_familia_documentada,rule_based_functional_family,sintesis_funcional_conservadora,relacion_funcional_para_grafo;requiere_revision_de_dosis_poblacion_y_objetivo,media_baja_para_recomendacion_alta_para_contexto_funcional,true
REL_ed24655cce2128,COMP_506514090324,L-Alanine,COMP_984D98F1A15A,L-Arginine,RELACION_FUNCIONAL,SOPORTE_FUNCIONAL,aminoacidos_metabolismo_nitrogeno,aminoacidos_y_metabolismo_nitrogenado,funcion_compartida_por_familia,relacion_funcional_por_familia_documentada,rule_based_functional_family,sintesis_funcional_conservadora,relacion_funcional_para_grafo;requiere_revision_de_dosis_poblacion_y_objetivo,media_baja_para_recomendacion_alta_para_contexto_funcional,true
REL_661a703c0b1f1d,COMP_506514090324,L-Alanine,COMP_F1466766627A,L-Aspartic Acid,RELACION_FUNCIONAL,SOPORTE_FUNCIONAL,aminoacidos_metabolismo_nitrogeno,aminoacidos_y_metabolismo_nitrogenado,funcion_compartida_por_familia,relacion_funcional_por_familia_documentada,rule_based_functional_family,sintesis_funcional_conservadora,relacion_funcional_para_grafo;requiere_revision_de_dosis_poblacion_y_objetivo,media_baja_para_recomendacion_alta_para_contexto_funcional,true
REL_1d5b59c3364df8,COMP_506514090324,L-Alanine,COMP_D83F496D52EF,D-Aspartic Acid,RELACION_FUNCIONAL,SOPORTE_FUNCIONAL,aminoacidos_metabolismo_nitrogeno,aminoacidos_y_metabolismo_nitrogenado,funcion_compartida_por_familia,relacion_funcional_por_familia_documentada,rule_based_functional_family,sintesis_funcional_conservadora,relacion_funcional_para_grafo;requiere_revision_de_dosis_poblacion_y_objetivo,media_baja_para_recomendacion_alta_para_contexto_funcional,true
REL_8cabc22c93a5d0,COMP_506514090324,L-Alanine,COMP_A8A9B1C9227C,L-Cystine,RELACION_FUNCIONAL,SOPORTE_FUNCIONAL,aminoacidos_metabolismo_nitrogeno,aminoacidos_y_metabolismo_nitrogenado,funcion_compartida_por_familia,relacion_funcional_por_familia_documentada,rule_based_functional_family,sintesis_funcional_conservadora,relacion_funcional_para_grafo;requiere_revision_de_dosis_poblacion_y_objetivo,media_baja_para_recomendacion_alta_para_contexto_funcional,true
REL_f56186431328f9,COMP_506514090324,L-Alanine,COMP_77DD0D7D086D,L-Tryptophan,RELACION_FUNCIONAL,SOPORTE_FUNCIONAL,aminoacidos_metabolismo_nitrogeno,aminoacidos_y_metabolismo_nitrogenado,funcion_compartida_por_familia,relacion_funcional_por_familia_documentada,rule_based_functional_family,sintesis_funcional_conservadora,relacion_funcional_para_grafo;requiere_revision_de_dosis_poblacion_y_objetivo,media_baja_para_recomendacion_alta_para_contexto_funcional,true
REL_71c04c2362af98,COMP_08BA5DE51EF4,L-Ornithine-L-aspartate,COMP_506514090324,L-Alanine,RELACION_FUNCIONAL,SOPORTE_FUNCIONAL,aminoacidos_metabolismo_nitrogeno,aminoacidos_y_metabolismo_nitrogenado,funcion_compartida_por_familia,relacion_funcional_por_familia_documentada,rule_based_functional_family,sintesis_funcional_conservadora,relacion_funcional_para_grafo;requiere_revision_de_dosis_poblacion_y_objetivo,media_baja_para_recomendacion_alta_para_contexto_funcional,true
REL_ae42e3607ae0a1,COMP_0521AD1754CC,L-norvaline,COMP_506514090324,L-Alanine,RELACION_FUNCIONAL,SOPORTE_FUNCIONAL,aminoacidos_metabolismo_nitrogeno,aminoacidos_y_metabolismo_nitrogenado,funcion_compartida_por_familia,relacion_funcional_por_familia_documentada,rule_based_functional_family,sintesis_funcional_conservadora,relacion_funcional_para_grafo;requiere_revision_de_dosis_poblacion_y_objetivo,media_baja_para_recomendacion_alta_para_contexto_funcional,true
REL_dfbb627ea9aaff,COMP_984D98F1A15A,L-Arginine,COMP_F1466766627A,L-Aspartic Acid,RELACION_FUNCIONAL,SOPORTE_FUNCIONAL,aminoacidos_metabolismo_nitrogeno,aminoacidos_y_metabolismo_nitrogenado,funcion_compartida_por_familia,relacion_funcional_por_familia_documentada,rule_based_functional_family,sintesis_funcional_conservadora,relacion_funcional_para_grafo;requiere_revision_de_dosis_poblacion_y_objetivo,media_baja_para_recomendacion_alta_para_contexto_funcional,true
REL_7a13f25f238fcd,COMP_984D98F1A15A,L-Arginine,COMP_D83F496D52EF,D-Aspartic Acid,RELACION_FUNCIONAL,SOPORTE_FUNCIONAL,aminoacidos_metabolismo_nitrogeno,aminoacidos_y_metabolismo_nitrogenado,funcion_compartida_por_familia,relacion_funcional_por_familia_documentada,rule_based_functional_family,sintesis_funcional_conservadora,relacion_funcional_para_grafo;requiere_revision_de_dosis_poblacion_y_objetivo,media_baja_para_recomendacion_alta_para_contexto_funcional,true
REL_a32b90eed790e1,COMP_984D98F1A15A,L-Arginine,COMP_A8A9B1C9227C,L-Cystine,RELACION_FUNCIONAL,SOPORTE_FUNCIONAL,aminoacidos_metabolismo_nitrogeno,aminoacidos_y_metabolismo_nitrogenado,funcion_compartida_por_familia,relacion_funcional_por_familia_documentada,rule_based_functional_family,sintesis_funcional_conservadora,relacion_funcional_para_grafo;requiere_revision_de_dosis_poblacion_y_objetivo,media_baja_para_recomendacion_alta_para_contexto_funcional,true
REL_b0aae6564e8b3b,COMP_77DD0D7D086D,L-Tryptophan,COMP_984D98F1A15A,L-Arginine,RELACION_FUNCIONAL,SOPORTE_FUNCIONAL,aminoacidos_metabolismo_nitrogeno,aminoacidos_y_metabolismo_nitrogenado,funcion_compartida_por_familia,relacion_funcional_por_familia_documentada,rule_based_functional_family,sintesis_funcional_conservadora,relacion_funcional_para_grafo;requiere_revision_de_dosis_poblacion_y_objetivo,media_baja_para_recomendacion_alta_para_contexto_funcional,true
REL_134d327c8b7ce1,COMP_08BA5DE51EF4,L-Ornithine-L-aspartate,COMP_984D98F1A15A,L-Arginine,RELACION_FUNCIONAL,SOPORTE_FUNCIONAL,aminoacidos_metabolismo_nitrogeno,aminoacidos_y_metabolismo_nitrogenado,funcion_compartida_por_familia,relacion_funcional_por_familia_documentada,rule_based_functional_family,sintesis_funcional_conservadora,relacion_funcional_para_grafo;requiere_revision_de_dosis_poblacion_y_objetivo,media_baja_para_recomendacion_alta_para_contexto_funcional,true
REL_ee6ec943aa9678,COMP_0521AD1754CC,L-norvaline,COMP_984D98F1A15A,L-Arginine,RELACION_FUNCIONAL,SOPORTE_FUNCIONAL,aminoacidos_metabolismo_nitrogeno,aminoacidos_y_metabolismo_nitrogenado,funcion_compartida_por_familia,relacion_funcional_por_familia_documentada,rule_based_functional_family,sintesis_funcional_conservadora,relacion_funcional_para_grafo;requiere_revision_de_dosis_poblacion_y_objetivo,media_baja_para_recomendacion_alta_para_contexto_funcional,true
REL_c6ca84cb068330,COMP_D83F496D52EF,D-Aspartic Acid,COMP_F1466766627A,L-Aspartic Acid,RELACION_FUNCIONAL,SOPORTE_FUNCIONAL,aminoacidos_metabolismo_nitrogeno,aminoacidos_y_metabolismo_nitrogenado,funcion_compartida_por_familia,relacion_funcional_por_familia_documentada,rule_based_functional_family,sintesis_funcional_conservadora,relacion_funcional_para_grafo;requiere_revision_de_dosis_poblacion_y_objetivo,media_baja_para_recomendacion_alta_para_contexto_funcional,true
REL_5db1c1a376872d,COMP_A8A9B1C9227C,L-Cystine,COMP_F1466766627A,L-Aspartic Acid,RELACION_FUNCIONAL,SOPORTE_FUNCIONAL,aminoacidos_metabolismo_nitrogeno,aminoacidos_y_metabolismo_nitrogenado,funcion_compartida_por_familia,relacion_funcional_por_familia_documentada,rule_based_functional_family,sintesis_funcional_conservadora,relacion_funcional_para_grafo;requiere_revision_de_dosis_poblacion_y_objetivo,media_baja_para_recomendacion_alta_para_contexto_funcional,true
REL_bc2972b382ab05,COMP_77DD0D7D086D,L-Tryptophan,COMP_F1466766627A,L-Aspartic Acid,RELACION_FUNCIONAL,SOPORTE_FUNCIONAL,aminoacidos_metabolismo_nitrogeno,aminoacidos_y_metabolismo_nitrogenado,funcion_compartida_por_familia,relacion_funcional_por_familia_documentada,rule_based_functional_family,sintesis_funcional_conservadora,relacion_funcional_para_grafo;requiere_revision_de_dosis_poblacion_y_objetivo,media_baja_para_recomendacion_alta_para_contexto_funcional,true
REL_43e67dba9eadfa,COMP_08BA5DE51EF4,L-Ornithine-L-aspartate,COMP_F1466766627A,L-Aspartic Acid,RELACION_FUNCIONAL,SOPORTE_FUNCIONAL,aminoacidos_metabolismo_nitrogeno,aminoacidos_y_metabolismo_nitrogenado,funcion_compartida_por_familia,relacion_funcional_por_familia_documentada,rule_based_functional_family,sintesis_funcional_conservadora,relacion_funcional_para_grafo;requiere_revision_de_dosis_poblacion_y_objetivo,media_baja_para_recomendacion_alta_para_contexto_funcional,true
REL_9880d3703b4513,COMP_0521AD1754CC,L-norvaline,COMP_F1466766627A,L-Aspartic Acid,RELACION_FUNCIONAL,SOPORTE_FUNCIONAL,aminoacidos_metabolismo_nitrogeno,aminoacidos_y_metabolismo_nitrogenado,funcion_compartida_por_familia,relacion_funcional_por_familia_documentada,rule_based_functional_family,sintesis_funcional_conservadora,relacion_funcional_para_grafo;requiere_revision_de_dosis_poblacion_y_objetivo,media_baja_para_recomendacion_alta_para_contexto_funcional,true
REL_a4d11733af7383,COMP_A8A9B1C9227C,L-Cystine,COMP_D83F496D52EF,D-Aspartic Acid,RELACION_FUNCIONAL,SOPORTE_FUNCIONAL,aminoacidos_metabolismo_nitrogeno,aminoacidos_y_metabolismo_nitrogenado,funcion_compartida_por_familia,relacion_funcional_por_familia_documentada,rule_based_functional_family,sintesis_funcional_conservadora,relacion_funcional_para_grafo;requiere_revision_de_dosis_poblacion_y_objetivo,media_baja_para_recomendacion_alta_para_contexto_funcional,true
REL_f014f886fc1c9e,COMP_77DD0D7D086D,L-Tryptophan,COMP_D83F496D52EF,D-Aspartic Acid,RELACION_FUNCIONAL,SOPORTE_FUNCIONAL,aminoacidos_metabolismo_nitrogeno,aminoacidos_y_metabolismo_nitrogenado,funcion_compartida_por_familia,relacion_funcional_por_familia_documentada,rule_based_functional_family,sintesis_funcional_conservadora,relacion_funcional_para_grafo;requiere_revision_de_dosis_poblacion_y_objetivo,media_baja_para_recomendacion_alta_para_contexto_funcional,true
REL_5ff61fb843975c,COMP_08BA5DE51EF4,L-Ornithine-L-aspartate,COMP_D83F496D52EF,D-Aspartic Acid,RELACION_FUNCIONAL,SOPORTE_FUNCIONAL,aminoacidos_metabolismo_nitrogeno,aminoacidos_y_metabolismo_nitrogenado,funcion_compartida_por_familia,relacion_funcional_por_familia_documentada,rule_based_functional_family,sintesis_funcional_conservadora,relacion_funcional_para_grafo;requiere_revision_de_dosis_poblacion_y_objetivo,media_baja_para_recomendacion_alta_para_contexto_funcional,true
REL_6a6b8f47914fd3,COMP_0521AD1754CC,L-norvaline,COMP_D83F496D52EF,D-Aspartic Acid,RELACION_FUNCIONAL,SOPORTE_FUNCIONAL,aminoacidos_metabolismo_nitrogeno,aminoacidos_y_metabolismo_nitrogenado,funcion_compartida_por_familia,relacion_funcional_por_familia_documentada,rule_based_functional_family,sintesis_funcional_conservadora,relacion_funcional_para_grafo;requiere_revision_de_dosis_poblacion_y_objetivo,media_baja_para_recomendacion_alta_para_contexto_funcional,true
REL_545b8e90f445f3,COMP_77DD0D7D086D,L-Tryptophan,COMP_A8A9B1C9227C,L-Cystine,RELACION_FUNCIONAL,SOPORTE_FUNCIONAL,aminoacidos_metabolismo_nitrogeno,aminoacidos_y_metabolismo_nitrogenado,funcion_compartida_por_familia,relacion_funcional_por_familia_documentada,rule_based_functional_family,sintesis_funcional_conservadora,relacion_funcional_para_grafo;requiere_revision_de_dosis_poblacion_y_objetivo,media_baja_para_recomendacion_alta_para_contexto_funcional,true
REL_8ccf9154680b77,COMP_08BA5DE51EF4,L-Ornithine-L-aspartate,COMP_A8A9B1C9227C,L-Cystine,RELACION_FUNCIONAL,SOPORTE_FUNCIONAL,aminoacidos_metabolismo_nitrogeno,aminoacidos_y_metabolismo_nitrogenado,funcion_compartida_por_familia,relacion_funcional_por_familia_documentada,rule_based_functional_family,sintesis_funcional_conservadora,relacion_funcional_para_grafo;requiere_revision_de_dosis_poblacion_y_objetivo,media_baja_para_recomendacion_alta_para_contexto_funcional,true
REL_d0a8613bca5f7f,COMP_0521AD1754CC,L-norvaline,COMP_A8A9B1C9227C,L-Cystine,RELACION_FUNCIONAL,SOPORTE_FUNCIONAL,aminoacidos_metabolismo_nitrogeno,aminoacidos_y_metabolismo_nitrogenado,funcion_compartida_por_familia,relacion_funcional_por_familia_documentada,rule_based_functional_family,sintesis_funcional_conservadora,relacion_funcional_para_grafo;requiere_revision_de_dosis_poblacion_y_objetivo,media_baja_para_recomendacion_alta_para_contexto_funcional,true
REL_9d38f3b398ef6e,COMP_08BA5DE51EF4,L-Ornithine-L-aspartate,COMP_77DD0D7D086D,L-Tryptophan,RELACION_FUNCIONAL,SOPORTE_FUNCIONAL,aminoacidos_metabolismo_nitrogeno,aminoacidos_y_metabolismo_nitrogenado,funcion_compartida_por_familia,relacion_funcional_por_familia_documentada,rule_based_functional_family,sintesis_funcional_conservadora,relacion_funcional_para_grafo;requiere_revision_de_dosis_poblacion_y_objetivo,media_baja_para_recomendacion_alta_para_contexto_funcional,true
REL_af18097f4d9687,COMP_0521AD1754CC,L-norvaline,COMP_77DD0D7D086D,L-Tryptophan,RELACION_FUNCIONAL,SOPORTE_FUNCIONAL,aminoacidos_metabolismo_nitrogeno,aminoacidos_y_metabolismo_nitrogenado,funcion_compartida_por_familia,relacion_funcional_por_familia_documentada,rule_based_functional_family,sintesis_funcional_conservadora,relacion_funcional_para_grafo;requiere_revision_de_dosis_poblacion_y_objetivo,media_baja_para_recomendacion_alta_para_contexto_funcional,true
REL_36cb90d7b3db8d,COMP_0521AD1754CC,L-norvaline,COMP_08BA5DE51EF4,L-Ornithine-L-aspartate,RELACION_FUNCIONAL,SOPORTE_FUNCIONAL,aminoacidos_metabolismo_nitrogeno,aminoacidos_y_metabolismo_nitrogenado,funcion_compartida_por_familia,relacion_funcional_por_familia_documentada,rule_based_functional_family,sintesis_funcional_conservadora,relacion_funcional_para_grafo;requiere_revision_de_dosis_poblacion_y_objetivo,media_baja_para_recomendacion_alta_para_contexto_funcional,true
REL_08e9ea28a0b357,COMP_AE7EE271FD2C,Ashwagandha,COMP_D691B9C2718F,Valerian,RELACION_FUNCIONAL,SOPORTE_FUNCIONAL,botanicos_sueno_animo_snc,sistema_nervioso_sueno_animo,funcion_compartida_por_familia,relacion_funcional_por_familia_documentada,rule_based_functional_family,sintesis_funcional_conservadora,relacion_funcional_para_grafo;requiere_revision_de_dosis_poblacion_y_objetivo,media_baja_para_recomendacion_alta_para_contexto_funcional,true
REL_b20492d55fde28,COMP_395A0FE48E1B,5-HTP,COMP_AE7EE271FD2C,Ashwagandha,RELACION_FUNCIONAL,SOPORTE_FUNCIONAL,botanicos_sueno_animo_snc,sistema_nervioso_sueno_animo,funcion_compartida_por_familia,relacion_funcional_por_familia_documentada,rule_based_functional_family,sintesis_funcional_conservadora,relacion_funcional_para_grafo;requiere_revision_de_dosis_poblacion_y_objetivo,media_baja_para_recomendacion_alta_para_contexto_funcional,true
REL_c7bc6826de05fb,COMP_77DD0D7D086D,L-Tryptophan,COMP_AE7EE271FD2C,Ashwagandha,RELACION_FUNCIONAL,SOPORTE_FUNCIONAL,botanicos_sueno_animo_snc,sistema_nervioso_sueno_animo,funcion_compartida_por_familia,relacion_funcional_por_familia_documentada,rule_based_functional_family,sintesis_funcional_conservadora,relacion_funcional_para_grafo;requiere_revision_de_dosis_poblacion_y_objetivo,media_baja_para_recomendacion_alta_para_contexto_funcional,true
REL_eb829e485e422e,COMP_AE7EE271FD2C,Ashwagandha,COMP_B4152004AA50,Phenibut,RELACION_FUNCIONAL,SOPORTE_FUNCIONAL,botanicos_sueno_animo_snc,sistema_nervioso_sueno_animo,funcion_compartida_por_familia,relacion_funcional_por_familia_documentada,rule_based_functional_family,sintesis_funcional_conservadora,relacion_funcional_para_grafo;requiere_revision_de_dosis_poblacion_y_objetivo,media_baja_para_recomendacion_alta_para_contexto_funcional,true
REL_b763e424d9448d,COMP_A91032FC7521,Kratom,COMP_AE7EE271FD2C,Ashwagandha,RELACION_FUNCIONAL,SOPORTE_FUNCIONAL,botanicos_sueno_animo_snc,sistema_nervioso_sueno_animo,funcion_compartida_por_familia,relacion_funcional_por_familia_documentada,rule_based_functional_family,sintesis_funcional_conservadora,relacion_funcional_para_grafo;requiere_revision_de_dosis_poblacion_y_objetivo,media_baja_para_recomendacion_alta_para_contexto_funcional,true
REL_3c9381703ea707,COMP_395A0FE48E1B,5-HTP,COMP_D691B9C2718F,Valerian,RELACION_FUNCIONAL,SOPORTE_FUNCIONAL,botanicos_sueno_animo_snc,sistema_nervioso_sueno_animo,funcion_compartida_por_familia,relacion_funcional_por_familia_documentada,rule_based_functional_family,sintesis_funcional_conservadora,relacion_funcional_para_grafo;requiere_revision_de_dosis_poblacion_y_objetivo,media_baja_para_recomendacion_alta_para_contexto_funcional,true
REL_270007894cf226,COMP_77DD0D7D086D,L-Tryptophan,COMP_D691B9C2718F,Valerian,RELACION_FUNCIONAL,SOPORTE_FUNCIONAL,botanicos_sueno_animo_snc,sistema_nervioso_sueno_animo,funcion_compartida_por_familia,relacion_funcional_por_familia_documentada,rule_based_functional_family,sintesis_funcional_conservadora,relacion_funcional_para_grafo;requiere_revision_de_dosis_poblacion_y_objetivo,media_baja_para_recomendacion_alta_para_contexto_funcional,true
REL_1e4b1f1bc65502,COMP_B4152004AA50,Phenibut,COMP_D691B9C2718F,Valerian,RELACION_FUNCIONAL,SOPORTE_FUNCIONAL,botanicos_sueno_animo_snc,sistema_nervioso_sueno_animo,funcion_compartida_por_familia,relacion_funcional_por_familia_documentada,rule_based_functional_family,sintesis_funcional_conservadora,relacion_funcional_para_grafo;requiere_revision_de_dosis_poblacion_y_objetivo,media_baja_para_recomendacion_alta_para_contexto_funcional,true
REL_77c87c3bf2eb68,COMP_A91032FC7521,Kratom,COMP_D691B9C2718F,Valerian,RELACION_FUNCIONAL,SOPORTE_FUNCIONAL,botanicos_sueno_animo_snc,sistema_nervioso_sueno_animo,funcion_compartida_por_familia,relacion_funcional_por_familia_documentada,rule_based_functional_family,sintesis_funcional_conservadora,relacion_funcional_para_grafo;requiere_revision_de_dosis_poblacion_y_objetivo,media_baja_para_recomendacion_alta_para_contexto_funcional,true
REL_abc08ecc69f344,COMP_395A0FE48E1B,5-HTP,COMP_77DD0D7D086D,L-Tryptophan,RELACION_FUNCIONAL,SOPORTE_FUNCIONAL,botanicos_sueno_animo_snc,sistema_nervioso_sueno_animo,funcion_compartida_por_familia,relacion_funcional_por_familia_documentada,rule_based_functional_family,sintesis_funcional_conservadora,relacion_funcional_para_grafo;requiere_revision_de_dosis_poblacion_y_objetivo,media_baja_para_recomendacion_alta_para_contexto_funcional,true
REL_d142af267d5bee,COMP_395A0FE48E1B,5-HTP,COMP_B4152004AA50,Phenibut,RELACION_FUNCIONAL,SOPORTE_FUNCIONAL,botanicos_sueno_animo_snc,sistema_nervioso_sueno_animo,funcion_compartida_por_familia,relacion_funcional_por_familia_documentada,rule_based_functional_family,sintesis_funcional_conservadora,relacion_funcional_para_grafo;requiere_revision_de_dosis_poblacion_y_objetivo,media_baja_para_recomendacion_alta_para_contexto_funcional,true
REL_d9f5b68bbf144c,COMP_395A0FE48E1B,5-HTP,COMP_A91032FC7521,Kratom,RELACION_FUNCIONAL,SOPORTE_FUNCIONAL,botanicos_sueno_animo_snc,sistema_nervioso_sueno_animo,funcion_compartida_por_familia,relacion_funcional_por_familia_documentada,rule_based_functional_family,sintesis_funcional_conservadora,relacion_funcional_para_grafo;requiere_revision_de_dosis_poblacion_y_objetivo,media_baja_para_recomendacion_alta_para_contexto_funcional,true
REL_a304ab41f6a11b,COMP_77DD0D7D086D,L-Tryptophan,COMP_B4152004AA50,Phenibut,RELACION_FUNCIONAL,SOPORTE_FUNCIONAL,botanicos_sueno_animo_snc,sistema_nervioso_sueno_animo,funcion_compartida_por_familia,relacion_funcional_por_familia_documentada,rule_based_functional_family,sintesis_funcional_conservadora,relacion_funcional_para_grafo;requiere_revision_de_dosis_poblacion_y_objetivo,media_baja_para_recomendacion_alta_para_contexto_funcional,true
REL_5ea6e1484e46b3,COMP_77DD0D7D086D,L-Tryptophan,COMP_A91032FC7521,Kratom,RELACION_FUNCIONAL,SOPORTE_FUNCIONAL,botanicos_sueno_animo_snc,sistema_nervioso_sueno_animo,funcion_compartida_por_familia,relacion_funcional_por_familia_documentada,rule_based_functional_family,sintesis_funcional_conservadora,relacion_funcional_para_grafo;requiere_revision_de_dosis_poblacion_y_objetivo,media_baja_para_recomendacion_alta_para_contexto_funcional,true
REL_ceab0a28b04d98,COMP_A91032FC7521,Kratom,COMP_B4152004AA50,Phenibut,RELACION_FUNCIONAL,SOPORTE_FUNCIONAL,botanicos_sueno_animo_snc,sistema_nervioso_sueno_animo,funcion_compartida_por_familia,relacion_funcional_por_familia_documentada,rule_based_functional_family,sintesis_funcional_conservadora,relacion_funcional_para_grafo;requiere_revision_de_dosis_poblacion_y_objetivo,media_baja_para_recomendacion_alta_para_contexto_funcional,true
REL_1735f775a20756,COMP_0D4D22F98522,Red yeast rice,COMP_5EF36574B548,Plant stanol esters,RELACION_FUNCIONAL,SOPORTE_FUNCIONAL,cardiometabolico_lipidos_glucosa,lipidos_glucosa_y_salud_cardiometabolica,funcion_compartida_por_familia,relacion_funcional_por_familia_documentada,rule_based_functional_family,sintesis_funcional_conservadora,relacion_funcional_para_grafo;requiere_revision_de_dosis_poblacion_y_objetivo,media_baja_para_recomendacion_alta_para_contexto_funcional,true
REL_d2196840ac3e7e,COMP_0D4D22F98522,Red yeast rice,COMP_252C51860327,Chromium,RELACION_FUNCIONAL,SOPORTE_FUNCIONAL,cardiometabolico_lipidos_glucosa,lipidos_glucosa_y_salud_cardiometabolica,funcion_compartida_por_familia,relacion_funcional_por_familia_documentada,rule_based_functional_family,sintesis_funcional_conservadora,relacion_funcional_para_grafo;requiere_revision_de_dosis_poblacion_y_objetivo,media_baja_para_recomendacion_alta_para_contexto_funcional,true
REL_c7572c7d1204c1,COMP_0D4D22F98522,Red yeast rice,COMP_3F24EA59D864,Chromium Picolinate,RELACION_FUNCIONAL,SOPORTE_FUNCIONAL,cardiometabolico_lipidos_glucosa,lipidos_glucosa_y_salud_cardiometabolica,funcion_compartida_por_familia,relacion_funcional_por_familia_documentada,rule_based_functional_family,sintesis_funcional_conservadora,relacion_funcional_para_grafo;requiere_revision_de_dosis_poblacion_y_objetivo,media_baja_para_recomendacion_alta_para_contexto_funcional,true
REL_d78e25e5d265a4,COMP_0CF063FD7E2B,Coenzyme Q-10,COMP_0D4D22F98522,Red yeast rice,RELACION_FUNCIONAL,SOPORTE_FUNCIONAL,cardiometabolico_lipidos_glucosa,lipidos_glucosa_y_salud_cardiometabolica,funcion_compartida_por_familia,relacion_funcional_por_familia_documentada,rule_based_functional_family,sintesis_funcional_conservadora,relacion_funcional_para_grafo;requiere_revision_de_dosis_poblacion_y_objetivo,media_baja_para_recomendacion_alta_para_contexto_funcional,true
REL_14bd8931125f20,COMP_0D4D22F98522,Red yeast rice,COMP_C34D1F3079C8,Omega-3 Fatty Acids,RELACION_FUNCIONAL,SOPORTE_FUNCIONAL,cardiometabolico_lipidos_glucosa,lipidos_glucosa_y_salud_cardiometabolica,funcion_compartida_por_familia,relacion_funcional_por_familia_documentada,rule_based_functional_family,sintesis_funcional_conservadora,relacion_funcional_para_grafo;requiere_revision_de_dosis_poblacion_y_objetivo,media_baja_para_recomendacion_alta_para_contexto_funcional,true
REL_eefaba7f239501,COMP_0D4D22F98522,Red yeast rice,COMP_2A5E005F2DD6,Psyllium husk,RELACION_FUNCIONAL,SOPORTE_FUNCIONAL,cardiometabolico_lipidos_glucosa,lipidos_glucosa_y_salud_cardiometabolica,funcion_compartida_por_familia,relacion_funcional_por_familia_documentada,rule_based_functional_family,sintesis_funcional_conservadora,relacion_funcional_para_grafo;requiere_revision_de_dosis_poblacion_y_objetivo,media_baja_para_recomendacion_alta_para_contexto_funcional,true
REL_a5abe465df8934,COMP_252C51860327,Chromium,COMP_5EF36574B548,Plant stanol esters,RELACION_FUNCIONAL,SOPORTE_FUNCIONAL,cardiometabolico_lipidos_glucosa,lipidos_glucosa_y_salud_cardiometabolica,funcion_compartida_por_familia,relacion_funcional_por_familia_documentada,rule_based_functional_family,sintesis_funcional_conservadora,relacion_funcional_para_grafo;requiere_revision_de_dosis_poblacion_y_objetivo,media_baja_para_recomendacion_alta_para_contexto_funcional,true
REL_3b42810a012640,COMP_3F24EA59D864,Chromium Picolinate,COMP_5EF36574B548,Plant stanol esters,RELACION_FUNCIONAL,SOPORTE_FUNCIONAL,cardiometabolico_lipidos_glucosa,lipidos_glucosa_y_salud_cardiometabolica,funcion_compartida_por_familia,relacion_funcional_por_familia_documentada,rule_based_functional_family,sintesis_funcional_conservadora,relacion_funcional_para_grafo;requiere_revision_de_dosis_poblacion_y_objetivo,media_baja_para_recomendacion_alta_para_contexto_funcional,true
REL_5dcf56fe811669,COMP_0CF063FD7E2B,Coenzyme Q-10,COMP_5EF36574B548,Plant stanol esters,RELACION_FUNCIONAL,SOPORTE_FUNCIONAL,cardiometabolico_lipidos_glucosa,lipidos_glucosa_y_salud_cardiometabolica,funcion_compartida_por_familia,relacion_funcional_por_familia_documentada,rule_based_functional_family,sintesis_funcional_conservadora,relacion_funcional_para_grafo;requiere_revision_de_dosis_poblacion_y_objetivo,media_baja_para_recomendacion_alta_para_contexto_funcional,true
REL_e2d4837edd2303,COMP_5EF36574B548,Plant stanol esters,COMP_C34D1F3079C8,Omega-3 Fatty Acids,RELACION_FUNCIONAL,SOPORTE_FUNCIONAL,cardiometabolico_lipidos_glucosa,lipidos_glucosa_y_salud_cardiometabolica,funcion_compartida_por_familia,relacion_funcional_por_familia_documentada,rule_based_functional_family,sintesis_funcional_conservadora,relacion_funcional_para_grafo;requiere_revision_de_dosis_poblacion_y_objetivo,media_baja_para_recomendacion_alta_para_contexto_funcional,true
REL_989da1e28db002,COMP_2A5E005F2DD6,Psyllium husk,COMP_5EF36574B548,Plant stanol esters,RELACION_FUNCIONAL,SOPORTE_FUNCIONAL,cardiometabolico_lipidos_glucosa,lipidos_glucosa_y_salud_cardiometabolica,funcion_compartida_por_familia,relacion_funcional_por_familia_documentada,rule_based_functional_family,sintesis_funcional_conservadora,relacion_funcional_para_grafo;requiere_revision_de_dosis_poblacion_y_objetivo,media_baja_para_recomendacion_alta_para_contexto_funcional,true
REL_0464f496be1596,COMP_252C51860327,Chromium,COMP_3F24EA59D864,Chromium Picolinate,RELACION_FUNCIONAL,SOPORTE_FUNCIONAL,cardiometabolico_lipidos_glucosa,lipidos_glucosa_y_salud_cardiometabolica,funcion_compartida_por_familia,relacion_funcional_por_familia_documentada,rule_based_functional_family,sintesis_funcional_conservadora,relacion_funcional_para_grafo;requiere_revision_de_dosis_poblacion_y_objetivo,media_baja_para_recomendacion_alta_para_contexto_funcional,true
REL_10d5a04804b242,COMP_0CF063FD7E2B,Coenzyme Q-10,COMP_252C51860327,Chromium,RELACION_FUNCIONAL,SOPORTE_FUNCIONAL,cardiometabolico_lipidos_glucosa,lipidos_glucosa_y_salud_cardiometabolica,funcion_compartida_por_familia,relacion_funcional_por_familia_documentada,rule_based_functional_family,sintesis_funcional_conservadora,relacion_funcional_para_grafo;requiere_revision_de_dosis_poblacion_y_objetivo,media_baja_para_recomendacion_alta_para_contexto_funcional,true
REL_01592a001aad8b,COMP_252C51860327,Chromium,COMP_C34D1F3079C8,Omega-3 Fatty Acids,RELACION_FUNCIONAL,SOPORTE_FUNCIONAL,cardiometabolico_lipidos_glucosa,lipidos_glucosa_y_salud_cardiometabolica,funcion_compartida_por_familia,relacion_funcional_por_familia_documentada,rule_based_functional_family,sintesis_funcional_conservadora,relacion_funcional_para_grafo;requiere_revision_de_dosis_poblacion_y_objetivo,media_baja_para_recomendacion_alta_para_contexto_funcional,true
REL_76faa5fd979936,COMP_252C51860327,Chromium,COMP_2A5E005F2DD6,Psyllium husk,RELACION_FUNCIONAL,SOPORTE_FUNCIONAL,cardiometabolico_lipidos_glucosa,lipidos_glucosa_y_salud_cardiometabolica,funcion_compartida_por_familia,relacion_funcional_por_familia_documentada,rule_based_functional_family,sintesis_funcional_conservadora,relacion_funcional_para_grafo;requiere_revision_de_dosis_poblacion_y_objetivo,media_baja_para_recomendacion_alta_para_contexto_funcional,true
REL_7c2809cc1471db,COMP_0CF063FD7E2B,Coenzyme Q-10,COMP_3F24EA59D864,Chromium Picolinate,RELACION_FUNCIONAL,SOPORTE_FUNCIONAL,cardiometabolico_lipidos_glucosa,lipidos_glucosa_y_salud_cardiometabolica,funcion_compartida_por_familia,relacion_funcional_por_familia_documentada,rule_based_functional_family,sintesis_funcional_conservadora,relacion_funcional_para_grafo;requiere_revision_de_dosis_poblacion_y_objetivo,media_baja_para_recomendacion_alta_para_contexto_funcional,true
REL_1ff77bac4ddde6,COMP_3F24EA59D864,Chromium Picolinate,COMP_C34D1F3079C8,Omega-3 Fatty Acids,RELACION_FUNCIONAL,SOPORTE_FUNCIONAL,cardiometabolico_lipidos_glucosa,lipidos_glucosa_y_salud_cardiometabolica,funcion_compartida_por_familia,relacion_funcional_por_familia_documentada,rule_based_functional_family,sintesis_funcional_conservadora,relacion_funcional_para_grafo;requiere_revision_de_dosis_poblacion_y_objetivo,media_baja_para_recomendacion_alta_para_contexto_funcional,true
REL_d10df57de9218f,COMP_2A5E005F2DD6,Psyllium husk,COMP_3F24EA59D864,Chromium Picolinate,RELACION_FUNCIONAL,SOPORTE_FUNCIONAL,cardiometabolico_lipidos_glucosa,lipidos_glucosa_y_salud_cardiometabolica,funcion_compartida_por_familia,relacion_funcional_por_familia_documentada,rule_based_functional_family,sintesis_funcional_conservadora,relacion_funcional_para_grafo;requiere_revision_de_dosis_poblacion_y_objetivo,media_baja_para_recomendacion_alta_para_contexto_funcional,true
REL_2b3bee2bd2bae6,COMP_0CF063FD7E2B,Coenzyme Q-10,COMP_C34D1F3079C8,Omega-3 Fatty Acids,RELACION_FUNCIONAL,SOPORTE_FUNCIONAL,cardiometabolico_lipidos_glucosa,lipidos_glucosa_y_salud_cardiometabolica,funcion_compartida_por_familia,relacion_funcional_por_familia_documentada,rule_based_functional_family,sintesis_funcional_conservadora,relacion_funcional_para_grafo;requiere_revision_de_dosis_poblacion_y_objetivo,media_baja_para_recomendacion_alta_para_contexto_funcional,true
REL_a328a96ff6213d,COMP_0CF063FD7E2B,Coenzyme Q-10,COMP_2A5E005F2DD6,Psyllium husk,RELACION_FUNCIONAL,SOPORTE_FUNCIONAL,cardiometabolico_lipidos_glucosa,lipidos_glucosa_y_salud_cardiometabolica,funcion_compartida_por_familia,relacion_funcional_por_familia_documentada,rule_based_functional_family,sintesis_funcional_conservadora,relacion_funcional_para_grafo;requiere_revision_de_dosis_poblacion_y_objetivo,media_baja_para_recomendacion_alta_para_contexto_funcional,true
REL_5cb4c19cbf8652,COMP_2A5E005F2DD6,Psyllium husk,COMP_C34D1F3079C8,Omega-3 Fatty Acids,RELACION_FUNCIONAL,SOPORTE_FUNCIONAL,cardiometabolico_lipidos_glucosa,lipidos_glucosa_y_salud_cardiometabolica,funcion_compartida_por_familia,relacion_funcional_por_familia_documentada,rule_based_functional_family,sintesis_funcional_conservadora,relacion_funcional_para_grafo;requiere_revision_de_dosis_poblacion_y_objetivo,media_baja_para_recomendacion_alta_para_contexto_funcional,true
REL_06c97be37281cc,COMP_2A5E005F2DD6,Psyllium husk,COMP_5030A6666E7D,Probiotics,RELACION_FUNCIONAL,SOPORTE_FUNCIONAL,microbiota_fibra_digestivo,microbiota_fibra_y_salud_digestiva,funcion_compartida_por_familia,relacion_funcional_por_familia_documentada,rule_based_functional_family,sintesis_funcional_conservadora,relacion_funcional_para_grafo;requiere_revision_de_dosis_poblacion_y_objetivo,media_baja_para_recomendacion_alta_para_contexto_funcional,true
REL_a5671dbb81720b,COMP_5030A6666E7D,Probiotics,COMP_5EF36574B548,Plant stanol esters,RELACION_FUNCIONAL,SOPORTE_FUNCIONAL,microbiota_fibra_digestivo,microbiota_fibra_y_salud_digestiva,funcion_compartida_por_familia,relacion_funcional_por_familia_documentada,rule_based_functional_family,sintesis_funcional_conservadora,relacion_funcional_para_grafo;requiere_revision_de_dosis_poblacion_y_objetivo,media_baja_para_recomendacion_alta_para_contexto_funcional,true
REL_2d738a5c90c713,COMP_5030A6666E7D,Probiotics,COMP_E655755F3595,2-Fucosyllactose,RELACION_FUNCIONAL,SOPORTE_FUNCIONAL,microbiota_fibra_digestivo,microbiota_fibra_y_salud_digestiva,funcion_compartida_por_familia,relacion_funcional_por_familia_documentada,rule_based_functional_family,sintesis_funcional_conservadora,relacion_funcional_para_grafo;requiere_revision_de_dosis_poblacion_y_objetivo,media_baja_para_recomendacion_alta_para_contexto_funcional,true
REL_ebb323843c4bab,COMP_2A5E005F2DD6,Psyllium husk,COMP_5EF36574B548,Plant stanol esters,RELACION_FUNCIONAL,SOPORTE_FUNCIONAL,microbiota_fibra_digestivo,microbiota_fibra_y_salud_digestiva,funcion_compartida_por_familia,relacion_funcional_por_familia_documentada,rule_based_functional_family,sintesis_funcional_conservadora,relacion_funcional_para_grafo;requiere_revision_de_dosis_poblacion_y_objetivo,media_baja_para_recomendacion_alta_para_contexto_funcional,true
REL_7cbc02c4f8d48f,COMP_2A5E005F2DD6,Psyllium husk,COMP_E655755F3595,2-Fucosyllactose,RELACION_FUNCIONAL,SOPORTE_FUNCIONAL,microbiota_fibra_digestivo,microbiota_fibra_y_salud_digestiva,funcion_compartida_por_familia,relacion_funcional_por_familia_documentada,rule_based_functional_family,sintesis_funcional_conservadora,relacion_funcional_para_grafo;requiere_revision_de_dosis_poblacion_y_objetivo,media_baja_para_recomendacion_alta_para_contexto_funcional,true
REL_386190f575dcd9,COMP_5EF36574B548,Plant stanol esters,COMP_E655755F3595,2-Fucosyllactose,RELACION_FUNCIONAL,SOPORTE_FUNCIONAL,microbiota_fibra_digestivo,microbiota_fibra_y_salud_digestiva,funcion_compartida_por_familia,relacion_funcional_por_familia_documentada,rule_based_functional_family,sintesis_funcional_conservadora,relacion_funcional_para_grafo;requiere_revision_de_dosis_poblacion_y_objetivo,media_baja_para_recomendacion_alta_para_contexto_funcional,true
REL_baacc68eb77709,COMP_0FB97DF288BD,Andarine,COMP_FFF867F0143C,S-23,RELACION_FUNCIONAL,REVISION_PRIORITARIA,androgenicos_sarms_riesgo_regulatorio,modulacion_hormonal_o_sarm_contextual,funcion_compartida_por_familia,relacion_funcional_por_familia_documentada,rule_based_functional_family,sintesis_funcional_conservadora,relacion_funcional_para_grafo;requiere_revision_de_dosis_poblacion_y_objetivo,media_baja_para_recomendacion_alta_para_contexto_funcional,true
REL_4fa7c32b05e16c,COMP_20A381788462,Ibutamoren,COMP_FFF867F0143C,S-23,RELACION_FUNCIONAL,REVISION_PRIORITARIA,androgenicos_sarms_riesgo_regulatorio,modulacion_hormonal_o_sarm_contextual,funcion_compartida_por_familia,relacion_funcional_por_familia_documentada,rule_based_functional_family,sintesis_funcional_conservadora,relacion_funcional_para_grafo;requiere_revision_de_dosis_poblacion_y_objetivo,media_baja_para_recomendacion_alta_para_contexto_funcional,true
REL_13a9e000198268,COMP_2DC9C37A7500,YK-11,COMP_FFF867F0143C,S-23,RELACION_FUNCIONAL,REVISION_PRIORITARIA,androgenicos_sarms_riesgo_regulatorio,modulacion_hormonal_o_sarm_contextual,funcion_compartida_por_familia,relacion_funcional_por_familia_documentada,rule_based_functional_family,sintesis_funcional_conservadora,relacion_funcional_para_grafo;requiere_revision_de_dosis_poblacion_y_objetivo,media_baja_para_recomendacion_alta_para_contexto_funcional,true
REL_1c41469bccc520,COMP_032357BB73D3,1-androsterone,COMP_FFF867F0143C,S-23,RELACION_FUNCIONAL,REVISION_PRIORITARIA,androgenicos_sarms_riesgo_regulatorio,modulacion_hormonal_o_sarm_contextual,funcion_compartida_por_familia,relacion_funcional_por_familia_documentada,rule_based_functional_family,sintesis_funcional_conservadora,relacion_funcional_para_grafo;requiere_revision_de_dosis_poblacion_y_objetivo,media_baja_para_recomendacion_alta_para_contexto_funcional,true
REL_034c18e85ae1b5,COMP_0FB97DF288BD,Andarine,COMP_20A381788462,Ibutamoren,RELACION_FUNCIONAL,REVISION_PRIORITARIA,androgenicos_sarms_riesgo_regulatorio,modulacion_hormonal_o_sarm_contextual,funcion_compartida_por_familia,relacion_funcional_por_familia_documentada,rule_based_functional_family,sintesis_funcional_conservadora,relacion_funcional_para_grafo;requiere_revision_de_dosis_poblacion_y_objetivo,media_baja_para_recomendacion_alta_para_contexto_funcional,true
REL_b35a01479e5410,COMP_0FB97DF288BD,Andarine,COMP_2DC9C37A7500,YK-11,RELACION_FUNCIONAL,REVISION_PRIORITARIA,androgenicos_sarms_riesgo_regulatorio,modulacion_hormonal_o_sarm_contextual,funcion_compartida_por_familia,relacion_funcional_por_familia_documentada,rule_based_functional_family,sintesis_funcional_conservadora,relacion_funcional_para_grafo;requiere_revision_de_dosis_poblacion_y_objetivo,media_baja_para_recomendacion_alta_para_contexto_funcional,true
REL_d875ba84bc4b2e,COMP_032357BB73D3,1-androsterone,COMP_0FB97DF288BD,Andarine,RELACION_FUNCIONAL,REVISION_PRIORITARIA,androgenicos_sarms_riesgo_regulatorio,modulacion_hormonal_o_sarm_contextual,funcion_compartida_por_familia,relacion_funcional_por_familia_documentada,rule_based_functional_family,sintesis_funcional_conservadora,relacion_funcional_para_grafo;requiere_revision_de_dosis_poblacion_y_objetivo,media_baja_para_recomendacion_alta_para_contexto_funcional,true
REL_4cf5f6ae962390,COMP_20A381788462,Ibutamoren,COMP_2DC9C37A7500,YK-11,RELACION_FUNCIONAL,REVISION_PRIORITARIA,androgenicos_sarms_riesgo_regulatorio,modulacion_hormonal_o_sarm_contextual,funcion_compartida_por_familia,relacion_funcional_por_familia_documentada,rule_based_functional_family,sintesis_funcional_conservadora,relacion_funcional_para_grafo;requiere_revision_de_dosis_poblacion_y_objetivo,media_baja_para_recomendacion_alta_para_contexto_funcional,true
REL_76bf3e3a78945f,COMP_032357BB73D3,1-androsterone,COMP_20A381788462,Ibutamoren,RELACION_FUNCIONAL,REVISION_PRIORITARIA,androgenicos_sarms_riesgo_regulatorio,modulacion_hormonal_o_sarm_contextual,funcion_compartida_por_familia,relacion_funcional_por_familia_documentada,rule_based_functional_family,sintesis_funcional_conservadora,relacion_funcional_para_grafo;requiere_revision_de_dosis_poblacion_y_objetivo,media_baja_para_recomendacion_alta_para_contexto_funcional,true
REL_33ebc69a543218,COMP_032357BB73D3,1-androsterone,COMP_2DC9C37A7500,YK-11,RELACION_FUNCIONAL,REVISION_PRIORITARIA,androgenicos_sarms_riesgo_regulatorio,modulacion_hormonal_o_sarm_contextual,funcion_compartida_por_familia,relacion_funcional_por_familia_documentada,rule_based_functional_family,sintesis_funcional_conservadora,relacion_funcional_para_grafo;requiere_revision_de_dosis_poblacion_y_objetivo,media_baja_para_recomendacion_alta_para_contexto_funcional,true
REL_672fed63c3c6e2,COMP_0CE51AE34B87,Hordenine,COMP_5E42FFB685C7,BMPEA,RELACION_FUNCIONAL,REVISION_PRIORITARIA,estimulantes_adulterantes_snc,estimulantes_snc_o_adulterantes_contextuales,funcion_compartida_por_familia,relacion_funcional_por_familia_documentada,rule_based_functional_family,sintesis_funcional_conservadora,relacion_funcional_para_grafo;requiere_revision_de_dosis_poblacion_y_objetivo,media_baja_para_recomendacion_alta_para_contexto_funcional,true
REL_a525de167c9bc4,COMP_373ABC55A17D,Hordenine HCl,COMP_5E42FFB685C7,BMPEA,RELACION_FUNCIONAL,REVISION_PRIORITARIA,estimulantes_adulterantes_snc,estimulantes_snc_o_adulterantes_contextuales,funcion_compartida_por_familia,relacion_funcional_por_familia_documentada,rule_based_functional_family,sintesis_funcional_conservadora,relacion_funcional_para_grafo;requiere_revision_de_dosis_poblacion_y_objetivo,media_baja_para_recomendacion_alta_para_contexto_funcional,true
REL_79e6e0a198a29e,COMP_1E3F7BC075BD,N-Methyltyramine,COMP_5E42FFB685C7,BMPEA,RELACION_FUNCIONAL,REVISION_PRIORITARIA,estimulantes_adulterantes_snc,estimulantes_snc_o_adulterantes_contextuales,funcion_compartida_por_familia,relacion_funcional_por_familia_documentada,rule_based_functional_family,sintesis_funcional_conservadora,relacion_funcional_para_grafo;requiere_revision_de_dosis_poblacion_y_objetivo,media_baja_para_recomendacion_alta_para_contexto_funcional,true
REL_ba849f4c5d9dd4,COMP_5E42FFB685C7,BMPEA,COMP_8DFF393126A7,2-cyclohexylethanamine,RELACION_FUNCIONAL,REVISION_PRIORITARIA,estimulantes_adulterantes_snc,estimulantes_snc_o_adulterantes_contextuales,funcion_compartida_por_familia,relacion_funcional_por_familia_documentada,rule_based_functional_family,sintesis_funcional_conservadora,relacion_funcional_para_grafo;requiere_revision_de_dosis_poblacion_y_objetivo,media_baja_para_recomendacion_alta_para_contexto_funcional,true
REL_8c2728d51ffd5d,COMP_53333BF9D75A,Dapoxetine,COMP_5E42FFB685C7,BMPEA,RELACION_FUNCIONAL,REVISION_PRIORITARIA,estimulantes_adulterantes_snc,estimulantes_snc_o_adulterantes_contextuales,funcion_compartida_por_familia,relacion_funcional_por_familia_documentada,rule_based_functional_family,sintesis_funcional_conservadora,relacion_funcional_para_grafo;requiere_revision_de_dosis_poblacion_y_objetivo,media_baja_para_recomendacion_alta_para_contexto_funcional,true
REL_43ab66c5f20733,COMP_5E42FFB685C7,BMPEA,COMP_A41ECEBBCFF4,Sulbutiamine,RELACION_FUNCIONAL,REVISION_PRIORITARIA,estimulantes_adulterantes_snc,estimulantes_snc_o_adulterantes_contextuales,funcion_compartida_por_familia,relacion_funcional_por_familia_documentada,rule_based_functional_family,sintesis_funcional_conservadora,relacion_funcional_para_grafo;requiere_revision_de_dosis_poblacion_y_objetivo,media_baja_para_recomendacion_alta_para_contexto_funcional,true
REL_20195f35df4a6b,COMP_0CE51AE34B87,Hordenine,COMP_373ABC55A17D,Hordenine HCl,RELACION_FUNCIONAL,REVISION_PRIORITARIA,estimulantes_adulterantes_snc,estimulantes_snc_o_adulterantes_contextuales,funcion_compartida_por_familia,relacion_funcional_por_familia_documentada,rule_based_functional_family,sintesis_funcional_conservadora,relacion_funcional_para_grafo;requiere_revision_de_dosis_poblacion_y_objetivo,media_baja_para_recomendacion_alta_para_contexto_funcional,true
REL_09ac0719ee47cf,COMP_0CE51AE34B87,Hordenine,COMP_1E3F7BC075BD,N-Methyltyramine,RELACION_FUNCIONAL,REVISION_PRIORITARIA,estimulantes_adulterantes_snc,estimulantes_snc_o_adulterantes_contextuales,funcion_compartida_por_familia,relacion_funcional_por_familia_documentada,rule_based_functional_family,sintesis_funcional_conservadora,relacion_funcional_para_grafo;requiere_revision_de_dosis_poblacion_y_objetivo,media_baja_para_recomendacion_alta_para_contexto_funcional,true
REL_e6a42d97cb8263,COMP_0CE51AE34B87,Hordenine,COMP_8DFF393126A7,2-cyclohexylethanamine,RELACION_FUNCIONAL,REVISION_PRIORITARIA,estimulantes_adulterantes_snc,estimulantes_snc_o_adulterantes_contextuales,funcion_compartida_por_familia,relacion_funcional_por_familia_documentada,rule_based_functional_family,sintesis_funcional_conservadora,relacion_funcional_para_grafo;requiere_revision_de_dosis_poblacion_y_objetivo,media_baja_para_recomendacion_alta_para_contexto_funcional,true
REL_c4ed712dea29ad,COMP_0CE51AE34B87,Hordenine,COMP_53333BF9D75A,Dapoxetine,RELACION_FUNCIONAL,REVISION_PRIORITARIA,estimulantes_adulterantes_snc,estimulantes_snc_o_adulterantes_contextuales,funcion_compartida_por_familia,relacion_funcional_por_familia_documentada,rule_based_functional_family,sintesis_funcional_conservadora,relacion_funcional_para_grafo;requiere_revision_de_dosis_poblacion_y_objetivo,media_baja_para_recomendacion_alta_para_contexto_funcional,true
REL_22bd0796590b15,COMP_0CE51AE34B87,Hordenine,COMP_A41ECEBBCFF4,Sulbutiamine,RELACION_FUNCIONAL,REVISION_PRIORITARIA,estimulantes_adulterantes_snc,estimulantes_snc_o_adulterantes_contextuales,funcion_compartida_por_familia,relacion_funcional_por_familia_documentada,rule_based_functional_family,sintesis_funcional_conservadora,relacion_funcional_para_grafo;requiere_revision_de_dosis_poblacion_y_objetivo,media_baja_para_recomendacion_alta_para_contexto_funcional,true
REL_a9e450ecaa9b97,COMP_1E3F7BC075BD,N-Methyltyramine,COMP_373ABC55A17D,Hordenine HCl,RELACION_FUNCIONAL,REVISION_PRIORITARIA,estimulantes_adulterantes_snc,estimulantes_snc_o_adulterantes_contextuales,funcion_compartida_por_familia,relacion_funcional_por_familia_documentada,rule_based_functional_family,sintesis_funcional_conservadora,relacion_funcional_para_grafo;requiere_revision_de_dosis_poblacion_y_objetivo,media_baja_para_recomendacion_alta_para_contexto_funcional,true
REL_1070607194f8d7,COMP_373ABC55A17D,Hordenine HCl,COMP_8DFF393126A7,2-cyclohexylethanamine,RELACION_FUNCIONAL,REVISION_PRIORITARIA,estimulantes_adulterantes_snc,estimulantes_snc_o_adulterantes_contextuales,funcion_compartida_por_familia,relacion_funcional_por_familia_documentada,rule_based_functional_family,sintesis_funcional_conservadora,relacion_funcional_para_grafo;requiere_revision_de_dosis_poblacion_y_objetivo,media_baja_para_recomendacion_alta_para_contexto_funcional,true
REL_20a59d2fee19b8,COMP_373ABC55A17D,Hordenine HCl,COMP_53333BF9D75A,Dapoxetine,RELACION_FUNCIONAL,REVISION_PRIORITARIA,estimulantes_adulterantes_snc,estimulantes_snc_o_adulterantes_contextuales,funcion_compartida_por_familia,relacion_funcional_por_familia_documentada,rule_based_functional_family,sintesis_funcional_conservadora,relacion_funcional_para_grafo;requiere_revision_de_dosis_poblacion_y_objetivo,media_baja_para_recomendacion_alta_para_contexto_funcional,true
REL_613cae1d06ade6,COMP_373ABC55A17D,Hordenine HCl,COMP_A41ECEBBCFF4,Sulbutiamine,RELACION_FUNCIONAL,REVISION_PRIORITARIA,estimulantes_adulterantes_snc,estimulantes_snc_o_adulterantes_contextuales,funcion_compartida_por_familia,relacion_funcional_por_familia_documentada,rule_based_functional_family,sintesis_funcional_conservadora,relacion_funcional_para_grafo;requiere_revision_de_dosis_poblacion_y_objetivo,media_baja_para_recomendacion_alta_para_contexto_funcional,true
REL_b68edbafb47113,COMP_1E3F7BC075BD,N-Methyltyramine,COMP_8DFF393126A7,2-cyclohexylethanamine,RELACION_FUNCIONAL,REVISION_PRIORITARIA,estimulantes_adulterantes_snc,estimulantes_snc_o_adulterantes_contextuales,funcion_compartida_por_familia,relacion_funcional_por_familia_documentada,rule_based_functional_family,sintesis_funcional_conservadora,relacion_funcional_para_grafo;requiere_revision_de_dosis_poblacion_y_objetivo,media_baja_para_recomendacion_alta_para_contexto_funcional,true
REL_5380b3c7000468,COMP_1E3F7BC075BD,N-Methyltyramine,COMP_53333BF9D75A,Dapoxetine,RELACION_FUNCIONAL,REVISION_PRIORITARIA,estimulantes_adulterantes_snc,estimulantes_snc_o_adulterantes_contextuales,funcion_compartida_por_familia,relacion_funcional_por_familia_documentada,rule_based_functional_family,sintesis_funcional_conservadora,relacion_funcional_para_grafo;requiere_revision_de_dosis_poblacion_y_objetivo,media_baja_para_recomendacion_alta_para_contexto_funcional,true
REL_179191aa47b572,COMP_1E3F7BC075BD,N-Methyltyramine,COMP_A41ECEBBCFF4,Sulbutiamine,RELACION_FUNCIONAL,REVISION_PRIORITARIA,estimulantes_adulterantes_snc,estimulantes_snc_o_adulterantes_contextuales,funcion_compartida_por_familia,relacion_funcional_por_familia_documentada,rule_based_functional_family,sintesis_funcional_conservadora,relacion_funcional_para_grafo;requiere_revision_de_dosis_poblacion_y_objetivo,media_baja_para_recomendacion_alta_para_contexto_funcional,true
REL_c20cac3af181c0,COMP_53333BF9D75A,Dapoxetine,COMP_8DFF393126A7,2-cyclohexylethanamine,RELACION_FUNCIONAL,REVISION_PRIORITARIA,estimulantes_adulterantes_snc,estimulantes_snc_o_adulterantes_contextuales,funcion_compartida_por_familia,relacion_funcional_por_familia_documentada,rule_based_functional_family,sintesis_funcional_conservadora,relacion_funcional_para_grafo;requiere_revision_de_dosis_poblacion_y_objetivo,media_baja_para_recomendacion_alta_para_contexto_funcional,true
REL_c8cc7051e4a0e4,COMP_8DFF393126A7,2-cyclohexylethanamine,COMP_A41ECEBBCFF4,Sulbutiamine,RELACION_FUNCIONAL,REVISION_PRIORITARIA,estimulantes_adulterantes_snc,estimulantes_snc_o_adulterantes_contextuales,funcion_compartida_por_familia,relacion_funcional_por_familia_documentada,rule_based_functional_family,sintesis_funcional_conservadora,relacion_funcional_para_grafo;requiere_revision_de_dosis_poblacion_y_objetivo,media_baja_para_recomendacion_alta_para_contexto_funcional,true
REL_d33827d4a75227,COMP_53333BF9D75A,Dapoxetine,COMP_A41ECEBBCFF4,Sulbutiamine,RELACION_FUNCIONAL,REVISION_PRIORITARIA,estimulantes_adulterantes_snc,estimulantes_snc_o_adulterantes_contextuales,funcion_compartida_por_familia,relacion_funcional_por_familia_documentada,rule_based_functional_family,sintesis_funcional_conservadora,relacion_funcional_para_grafo;requiere_revision_de_dosis_poblacion_y_objetivo,media_baja_para_recomendacion_alta_para_contexto_funcional,true
REL_44ceb9f45649db,COMP_8B57106DD708,Garcinone B,COMP_CFF08FFEB279,Garcinone A,RELACION_FUNCIONAL,SOPORTE_FUNCIONAL,fitoquimicos_botanicos_polifenoles,fitoquimicos_y_extractos_botanicos,funcion_compartida_por_familia,relacion_funcional_por_familia_documentada,rule_based_functional_family,sintesis_funcional_conservadora,relacion_funcional_para_grafo;requiere_revision_de_dosis_poblacion_y_objetivo,media_baja_para_recomendacion_alta_para_contexto_funcional,true
REL_0579bbb2eae9f1,COMP_CFF08FFEB279,Garcinone A,COMP_F23369AA0AA7,Garcinone C,RELACION_FUNCIONAL,SOPORTE_FUNCIONAL,fitoquimicos_botanicos_polifenoles,fitoquimicos_y_extractos_botanicos,funcion_compartida_por_familia,relacion_funcional_por_familia_documentada,rule_based_functional_family,sintesis_funcional_conservadora,relacion_funcional_para_grafo;requiere_revision_de_dosis_poblacion_y_objetivo,media_baja_para_recomendacion_alta_para_contexto_funcional,true
REL_cb5ff907b85221,COMP_1C25CE7A4741,Garcinone D,COMP_CFF08FFEB279,Garcinone A,RELACION_FUNCIONAL,SOPORTE_FUNCIONAL,fitoquimicos_botanicos_polifenoles,fitoquimicos_y_extractos_botanicos,funcion_compartida_por_familia,relacion_funcional_por_familia_documentada,rule_based_functional_family,sintesis_funcional_conservadora,relacion_funcional_para_grafo;requiere_revision_de_dosis_poblacion_y_objetivo,media_baja_para_recomendacion_alta_para_contexto_funcional,true
REL_dca7e2c08a7ba4,COMP_7A9E150360B9,Mulberroside A,COMP_CFF08FFEB279,Garcinone A,RELACION_FUNCIONAL,SOPORTE_FUNCIONAL,fitoquimicos_botanicos_polifenoles,fitoquimicos_y_extractos_botanicos,funcion_compartida_por_familia,relacion_funcional_por_familia_documentada,rule_based_functional_family,sintesis_funcional_conservadora,relacion_funcional_para_grafo;requiere_revision_de_dosis_poblacion_y_objetivo,media_baja_para_recomendacion_alta_para_contexto_funcional,true
REL_d1d7162e538b3b,COMP_047C80284AE3,Schizandrol A,COMP_CFF08FFEB279,Garcinone A,RELACION_FUNCIONAL,SOPORTE_FUNCIONAL,fitoquimicos_botanicos_polifenoles,fitoquimicos_y_extractos_botanicos,funcion_compartida_por_familia,relacion_funcional_por_familia_documentada,rule_based_functional_family,sintesis_funcional_conservadora,relacion_funcional_para_grafo;requiere_revision_de_dosis_poblacion_y_objetivo,media_baja_para_recomendacion_alta_para_contexto_funcional,true
REL_4e09bec167b463,COMP_6159F02338F0,Artepillin-C,COMP_CFF08FFEB279,Garcinone A,RELACION_FUNCIONAL,SOPORTE_FUNCIONAL,fitoquimicos_botanicos_polifenoles,fitoquimicos_y_extractos_botanicos,funcion_compartida_por_familia,relacion_funcional_por_familia_documentada,rule_based_functional_family,sintesis_funcional_conservadora,relacion_funcional_para_grafo;requiere_revision_de_dosis_poblacion_y_objetivo,media_baja_para_recomendacion_alta_para_contexto_funcional,true
REL_9fb0f423e84daf,COMP_4FE72D3747DD,Terpinen-4-ol,COMP_CFF08FFEB279,Garcinone A,RELACION_FUNCIONAL,SOPORTE_FUNCIONAL,fitoquimicos_botanicos_polifenoles,fitoquimicos_y_extractos_botanicos,funcion_compartida_por_familia,relacion_funcional_por_familia_documentada,rule_based_functional_family,sintesis_funcional_conservadora,relacion_funcional_para_grafo;requiere_revision_de_dosis_poblacion_y_objetivo,media_baja_para_recomendacion_alta_para_contexto_funcional,true
REL_7db79641134b70,COMP_AA14F6076A9C,Ginkgolide A,COMP_CFF08FFEB279,Garcinone A,RELACION_FUNCIONAL,SOPORTE_FUNCIONAL,fitoquimicos_botanicos_polifenoles,fitoquimicos_y_extractos_botanicos,funcion_compartida_por_familia,relacion_funcional_por_familia_documentada,rule_based_functional_family,sintesis_funcional_conservadora,relacion_funcional_para_grafo;requiere_revision_de_dosis_poblacion_y_objetivo,media_baja_para_recomendacion_alta_para_contexto_funcional,true
REL_27a128276339e9,COMP_A4A6DFCAC8B5,Ginkgolide B,COMP_CFF08FFEB279,Garcinone A,RELACION_FUNCIONAL,SOPORTE_FUNCIONAL,fitoquimicos_botanicos_polifenoles,fitoquimicos_y_extractos_botanicos,funcion_compartida_por_familia,relacion_funcional_por_familia_documentada,rule_based_functional_family,sintesis_funcional_conservadora,relacion_funcional_para_grafo;requiere_revision_de_dosis_poblacion_y_objetivo,media_baja_para_recomendacion_alta_para_contexto_funcional,true
REL_51be8660984565,COMP_647056DE73FB,Ginkgolide C,COMP_CFF08FFEB279,Garcinone A,RELACION_FUNCIONAL,SOPORTE_FUNCIONAL,fitoquimicos_botanicos_polifenoles,fitoquimicos_y_extractos_botanicos,funcion_compartida_por_familia,relacion_funcional_por_familia_documentada,rule_based_functional_family,sintesis_funcional_conservadora,relacion_funcional_para_grafo;requiere_revision_de_dosis_poblacion_y_objetivo,media_baja_para_recomendacion_alta_para_contexto_funcional,true
REL_6174fdb743eddb,COMP_BB501024A82C,8-Prenylnaringenin,COMP_CFF08FFEB279,Garcinone A,RELACION_FUNCIONAL,SOPORTE_FUNCIONAL,fitoquimicos_botanicos_polifenoles,fitoquimicos_y_extractos_botanicos,funcion_compartida_por_familia,relacion_funcional_por_familia_documentada,rule_based_functional_family,sintesis_funcional_conservadora,relacion_funcional_para_grafo;requiere_revision_de_dosis_poblacion_y_objetivo,media_baja_para_recomendacion_alta_para_contexto_funcional,true
REL_ec9ff92f927d3a,COMP_39D8774E0D26,7-Methoxyflavone,COMP_CFF08FFEB279,Garcinone A,RELACION_FUNCIONAL,SOPORTE_FUNCIONAL,fitoquimicos_botanicos_polifenoles,fitoquimicos_y_extractos_botanicos,funcion_compartida_por_familia,relacion_funcional_por_familia_documentada,rule_based_functional_family,sintesis_funcional_conservadora,relacion_funcional_para_grafo;requiere_revision_de_dosis_poblacion_y_objetivo,media_baja_para_recomendacion_alta_para_contexto_funcional,true
REL_ae46bdd71c7394,COMP_0284497880C2,N-Coumaroyldopamine,COMP_CFF08FFEB279,Garcinone A,RELACION_FUNCIONAL,SOPORTE_FUNCIONAL,fitoquimicos_botanicos_polifenoles,fitoquimicos_y_extractos_botanicos,funcion_compartida_por_familia,relacion_funcional_por_familia_documentada,rule_based_functional_family,sintesis_funcional_conservadora,relacion_funcional_para_grafo;requiere_revision_de_dosis_poblacion_y_objetivo,media_baja_para_recomendacion_alta_para_contexto_funcional,true
REL_39c44b72eff8a5,COMP_2DC742D08803,Comfrey,COMP_CFF08FFEB279,Garcinone A,RELACION_FUNCIONAL,SOPORTE_FUNCIONAL,fitoquimicos_botanicos_polifenoles,fitoquimicos_y_extractos_botanicos,funcion_compartida_por_familia,relacion_funcional_por_familia_documentada,rule_based_functional_family,sintesis_funcional_conservadora,relacion_funcional_para_grafo;requiere_revision_de_dosis_poblacion_y_objetivo,media_baja_para_recomendacion_alta_para_contexto_funcional,true
REL_8817f40b71b2e1,COMP_8B57106DD708,Garcinone B,COMP_F23369AA0AA7,Garcinone C,RELACION_FUNCIONAL,SOPORTE_FUNCIONAL,fitoquimicos_botanicos_polifenoles,fitoquimicos_y_extractos_botanicos,funcion_compartida_por_familia,relacion_funcional_por_familia_documentada,rule_based_functional_family,sintesis_funcional_conservadora,relacion_funcional_para_grafo;requiere_revision_de_dosis_poblacion_y_objetivo,media_baja_para_recomendacion_alta_para_contexto_funcional,true
REL_2d61cb40595198,COMP_1C25CE7A4741,Garcinone D,COMP_8B57106DD708,Garcinone B,RELACION_FUNCIONAL,SOPORTE_FUNCIONAL,fitoquimicos_botanicos_polifenoles,fitoquimicos_y_extractos_botanicos,funcion_compartida_por_familia,relacion_funcional_por_familia_documentada,rule_based_functional_family,sintesis_funcional_conservadora,relacion_funcional_para_grafo;requiere_revision_de_dosis_poblacion_y_objetivo,media_baja_para_recomendacion_alta_para_contexto_funcional,true
REL_ee1297956ae7b7,COMP_7A9E150360B9,Mulberroside A,COMP_8B57106DD708,Garcinone B,RELACION_FUNCIONAL,SOPORTE_FUNCIONAL,fitoquimicos_botanicos_polifenoles,fitoquimicos_y_extractos_botanicos,funcion_compartida_por_familia,relacion_funcional_por_familia_documentada,rule_based_functional_family,sintesis_funcional_conservadora,relacion_funcional_para_grafo;requiere_revision_de_dosis_poblacion_y_objetivo,media_baja_para_recomendacion_alta_para_contexto_funcional,true
REL_51d755c5f74f60,COMP_047C80284AE3,Schizandrol A,COMP_8B57106DD708,Garcinone B,RELACION_FUNCIONAL,SOPORTE_FUNCIONAL,fitoquimicos_botanicos_polifenoles,fitoquimicos_y_extractos_botanicos,funcion_compartida_por_familia,relacion_funcional_por_familia_documentada,rule_based_functional_family,sintesis_funcional_conservadora,relacion_funcional_para_grafo;requiere_revision_de_dosis_poblacion_y_objetivo,media_baja_para_recomendacion_alta_para_contexto_funcional,true
REL_875e6cbd636c43,COMP_6159F02338F0,Artepillin-C,COMP_8B57106DD708,Garcinone B,RELACION_FUNCIONAL,SOPORTE_FUNCIONAL,fitoquimicos_botanicos_polifenoles,fitoquimicos_y_extractos_botanicos,funcion_compartida_por_familia,relacion_funcional_por_familia_documentada,rule_based_functional_family,sintesis_funcional_conservadora,relacion_funcional_para_grafo;requiere_revision_de_dosis_poblacion_y_objetivo,media_baja_para_recomendacion_alta_para_contexto_funcional,true
REL_f573fc01512194,COMP_4FE72D3747DD,Terpinen-4-ol,COMP_8B57106DD708,Garcinone B,RELACION_FUNCIONAL,SOPORTE_FUNCIONAL,fitoquimicos_botanicos_polifenoles,fitoquimicos_y_extractos_botanicos,funcion_compartida_por_familia,relacion_funcional_por_familia_documentada,rule_based_functional_family,sintesis_funcional_conservadora,relacion_funcional_para_grafo;requiere_revision_de_dosis_poblacion_y_objetivo,media_baja_para_recomendacion_alta_para_contexto_funcional,true
REL_bcf2e3af86397c,COMP_8B57106DD708,Garcinone B,COMP_AA14F6076A9C,Ginkgolide A,RELACION_FUNCIONAL,SOPORTE_FUNCIONAL,fitoquimicos_botanicos_polifenoles,fitoquimicos_y_extractos_botanicos,funcion_compartida_por_familia,relacion_funcional_por_familia_documentada,rule_based_functional_family,sintesis_funcional_conservadora,relacion_funcional_para_grafo;requiere_revision_de_dosis_poblacion_y_objetivo,media_baja_para_recomendacion_alta_para_contexto_funcional,true
REL_457a6c3231595a,COMP_8B57106DD708,Garcinone B,COMP_A4A6DFCAC8B5,Ginkgolide B,RELACION_FUNCIONAL,SOPORTE_FUNCIONAL,fitoquimicos_botanicos_polifenoles,fitoquimicos_y_extractos_botanicos,funcion_compartida_por_familia,relacion_funcional_por_familia_documentada,rule_based_functional_family,sintesis_funcional_conservadora,relacion_funcional_para_grafo;requiere_revision_de_dosis_poblacion_y_objetivo,media_baja_para_recomendacion_alta_para_contexto_funcional,true
REL_98ad221b000de9,COMP_647056DE73FB,Ginkgolide C,COMP_8B57106DD708,Garcinone B,RELACION_FUNCIONAL,SOPORTE_FUNCIONAL,fitoquimicos_botanicos_polifenoles,fitoquimicos_y_extractos_botanicos,funcion_compartida_por_familia,relacion_funcional_por_familia_documentada,rule_based_functional_family,sintesis_funcional_conservadora,relacion_funcional_para_grafo;requiere_revision_de_dosis_poblacion_y_objetivo,media_baja_para_recomendacion_alta_para_contexto_funcional,true
REL_df10ec5ce344b5,COMP_8B57106DD708,Garcinone B,COMP_BB501024A82C,8-Prenylnaringenin,RELACION_FUNCIONAL,SOPORTE_FUNCIONAL,fitoquimicos_botanicos_polifenoles,fitoquimicos_y_extractos_botanicos,funcion_compartida_por_familia,relacion_funcional_por_familia_documentada,rule_based_functional_family,sintesis_funcional_conservadora,relacion_funcional_para_grafo;requiere_revision_de_dosis_poblacion_y_objetivo,media_baja_para_recomendacion_alta_para_contexto_funcional,true
REL_41c7d0e8088626,COMP_39D8774E0D26,7-Methoxyflavone,COMP_8B57106DD708,Garcinone B,RELACION_FUNCIONAL,SOPORTE_FUNCIONAL,fitoquimicos_botanicos_polifenoles,fitoquimicos_y_extractos_botanicos,funcion_compartida_por_familia,relacion_funcional_por_familia_documentada,rule_based_functional_family,sintesis_funcional_conservadora,relacion_funcional_para_grafo;requiere_revision_de_dosis_poblacion_y_objetivo,media_baja_para_recomendacion_alta_para_contexto_funcional,true
REL_31315570954d06,COMP_0284497880C2,N-Coumaroyldopamine,COMP_8B57106DD708,Garcinone B,RELACION_FUNCIONAL,SOPORTE_FUNCIONAL,fitoquimicos_botanicos_polifenoles,fitoquimicos_y_extractos_botanicos,funcion_compartida_por_familia,relacion_funcional_por_familia_documentada,rule_based_functional_family,sintesis_funcional_conservadora,relacion_funcional_para_grafo;requiere_revision_de_dosis_poblacion_y_objetivo,media_baja_para_recomendacion_alta_para_contexto_funcional,true
REL_b1469a9b957e3b,COMP_2DC742D08803,Comfrey,COMP_8B57106DD708,Garcinone B,RELACION_FUNCIONAL,SOPORTE_FUNCIONAL,fitoquimicos_botanicos_polifenoles,fitoquimicos_y_extractos_botanicos,funcion_compartida_por_familia,relacion_funcional_por_familia_documentada,rule_based_functional_family,sintesis_funcional_conservadora,relacion_funcional_para_grafo;requiere_revision_de_dosis_poblacion_y_objetivo,media_baja_para_recomendacion_alta_para_contexto_funcional,true
REL_f957a72890c520,COMP_1C25CE7A4741,Garcinone D,COMP_F23369AA0AA7,Garcinone C,RELACION_FUNCIONAL,SOPORTE_FUNCIONAL,fitoquimicos_botanicos_polifenoles,fitoquimicos_y_extractos_botanicos,funcion_compartida_por_familia,relacion_funcional_por_familia_documentada,rule_based_functional_family,sintesis_funcional_conservadora,relacion_funcional_para_grafo;requiere_revision_de_dosis_poblacion_y_objetivo,media_baja_para_recomendacion_alta_para_contexto_funcional,true
REL_8098a9acacc84a,COMP_7A9E150360B9,Mulberroside A,COMP_F23369AA0AA7,Garcinone C,RELACION_FUNCIONAL,SOPORTE_FUNCIONAL,fitoquimicos_botanicos_polifenoles,fitoquimicos_y_extractos_botanicos,funcion_compartida_por_familia,relacion_funcional_por_familia_documentada,rule_based_functional_family,sintesis_funcional_conservadora,relacion_funcional_para_grafo;requiere_revision_de_dosis_poblacion_y_objetivo,media_baja_para_recomendacion_alta_para_contexto_funcional,true
REL_34f1b987bfcd27,COMP_047C80284AE3,Schizandrol A,COMP_F23369AA0AA7,Garcinone C,RELACION_FUNCIONAL,SOPORTE_FUNCIONAL,fitoquimicos_botanicos_polifenoles,fitoquimicos_y_extractos_botanicos,funcion_compartida_por_familia,relacion_funcional_por_familia_documentada,rule_based_functional_family,sintesis_funcional_conservadora,relacion_funcional_para_grafo;requiere_revision_de_dosis_poblacion_y_objetivo,media_baja_para_recomendacion_alta_para_contexto_funcional,true
REL_5cb1f091a44e5a,COMP_6159F02338F0,Artepillin-C,COMP_F23369AA0AA7,Garcinone C,RELACION_FUNCIONAL,SOPORTE_FUNCIONAL,fitoquimicos_botanicos_polifenoles,fitoquimicos_y_extractos_botanicos,funcion_compartida_por_familia,relacion_funcional_por_familia_documentada,rule_based_functional_family,sintesis_funcional_conservadora,relacion_funcional_para_grafo;requiere_revision_de_dosis_poblacion_y_objetivo,media_baja_para_recomendacion_alta_para_contexto_funcional,true
REL_00c38b8e599241,COMP_4FE72D3747DD,Terpinen-4-ol,COMP_F23369AA0AA7,Garcinone C,RELACION_FUNCIONAL,SOPORTE_FUNCIONAL,fitoquimicos_botanicos_polifenoles,fitoquimicos_y_extractos_botanicos,funcion_compartida_por_familia,relacion_funcional_por_familia_documentada,rule_based_functional_family,sintesis_funcional_conservadora,relacion_funcional_para_grafo;requiere_revision_de_dosis_poblacion_y_objetivo,media_baja_para_recomendacion_alta_para_contexto_funcional,true
REL_41195c4974ad61,COMP_AA14F6076A9C,Ginkgolide A,COMP_F23369AA0AA7,Garcinone C,RELACION_FUNCIONAL,SOPORTE_FUNCIONAL,fitoquimicos_botanicos_polifenoles,fitoquimicos_y_extractos_botanicos,funcion_compartida_por_familia,relacion_funcional_por_familia_documentada,rule_based_functional_family,sintesis_funcional_conservadora,relacion_funcional_para_grafo;requiere_revision_de_dosis_poblacion_y_objetivo,media_baja_para_recomendacion_alta_para_contexto_funcional,true
REL_bf5e18e2a0259f,COMP_A4A6DFCAC8B5,Ginkgolide B,COMP_F23369AA0AA7,Garcinone C,RELACION_FUNCIONAL,SOPORTE_FUNCIONAL,fitoquimicos_botanicos_polifenoles,fitoquimicos_y_extractos_botanicos,funcion_compartida_por_familia,relacion_funcional_por_familia_documentada,rule_based_functional_family,sintesis_funcional_conservadora,relacion_funcional_para_grafo;requiere_revision_de_dosis_poblacion_y_objetivo,media_baja_para_recomendacion_alta_para_contexto_funcional,true
REL_7bbe877321c85c,COMP_647056DE73FB,Ginkgolide C,COMP_F23369AA0AA7,Garcinone C,RELACION_FUNCIONAL,SOPORTE_FUNCIONAL,fitoquimicos_botanicos_polifenoles,fitoquimicos_y_extractos_botanicos,funcion_compartida_por_familia,relacion_funcional_por_familia_documentada,rule_based_functional_family,sintesis_funcional_conservadora,relacion_funcional_para_grafo;requiere_revision_de_dosis_poblacion_y_objetivo,media_baja_para_recomendacion_alta_para_contexto_funcional,true
REL_f85ea720ef91ba,COMP_BB501024A82C,8-Prenylnaringenin,COMP_F23369AA0AA7,Garcinone C,RELACION_FUNCIONAL,SOPORTE_FUNCIONAL,fitoquimicos_botanicos_polifenoles,fitoquimicos_y_extractos_botanicos,funcion_compartida_por_familia,relacion_funcional_por_familia_documentada,rule_based_functional_family,sintesis_funcional_conservadora,relacion_funcional_para_grafo;requiere_revision_de_dosis_poblacion_y_objetivo,media_baja_para_recomendacion_alta_para_contexto_funcional,true
REL_430a506e93c24a,COMP_39D8774E0D26,7-Methoxyflavone,COMP_F23369AA0AA7,Garcinone C,RELACION_FUNCIONAL,SOPORTE_FUNCIONAL,fitoquimicos_botanicos_polifenoles,fitoquimicos_y_extractos_botanicos,funcion_compartida_por_familia,relacion_funcional_por_familia_documentada,rule_based_functional_family,sintesis_funcional_conservadora,relacion_funcional_para_grafo;requiere_revision_de_dosis_poblacion_y_objetivo,media_baja_para_recomendacion_alta_para_contexto_funcional,true
REL_d88f559ff39619,COMP_0284497880C2,N-Coumaroyldopamine,COMP_F23369AA0AA7,Garcinone C,RELACION_FUNCIONAL,SOPORTE_FUNCIONAL,fitoquimicos_botanicos_polifenoles,fitoquimicos_y_extractos_botanicos,funcion_compartida_por_familia,relacion_funcional_por_familia_documentada,rule_based_functional_family,sintesis_funcional_conservadora,relacion_funcional_para_grafo;requiere_revision_de_dosis_poblacion_y_objetivo,media_baja_para_recomendacion_alta_para_contexto_funcional,true
REL_6e49e3b0ebcc96,COMP_2DC742D08803,Comfrey,COMP_F23369AA0AA7,Garcinone C,RELACION_FUNCIONAL,SOPORTE_FUNCIONAL,fitoquimicos_botanicos_polifenoles,fitoquimicos_y_extractos_botanicos,funcion_compartida_por_familia,relacion_funcional_por_familia_documentada,rule_based_functional_family,sintesis_funcional_conservadora,relacion_funcional_para_grafo;requiere_revision_de_dosis_poblacion_y_objetivo,media_baja_para_recomendacion_alta_para_contexto_funcional,true
REL_393aeb486b0b3b,COMP_1C25CE7A4741,Garcinone D,COMP_7A9E150360B9,Mulberroside A,RELACION_FUNCIONAL,SOPORTE_FUNCIONAL,fitoquimicos_botanicos_polifenoles,fitoquimicos_y_extractos_botanicos,funcion_compartida_por_familia,relacion_funcional_por_familia_documentada,rule_based_functional_family,sintesis_funcional_conservadora,relacion_funcional_para_grafo;requiere_revision_de_dosis_poblacion_y_objetivo,media_baja_para_recomendacion_alta_para_contexto_funcional,true
REL_c5d6237a4d0295,COMP_047C80284AE3,Schizandrol A,COMP_1C25CE7A4741,Garcinone D,RELACION_FUNCIONAL,SOPORTE_FUNCIONAL,fitoquimicos_botanicos_polifenoles,fitoquimicos_y_extractos_botanicos,funcion_compartida_por_familia,relacion_funcional_por_familia_documentada,rule_based_functional_family,sintesis_funcional_conservadora,relacion_funcional_para_grafo;requiere_revision_de_dosis_poblacion_y_objetivo,media_baja_para_recomendacion_alta_para_contexto_funcional,true
REL_0ea71f4966ce1c,COMP_1C25CE7A4741,Garcinone D,COMP_6159F02338F0,Artepillin-C,RELACION_FUNCIONAL,SOPORTE_FUNCIONAL,fitoquimicos_botanicos_polifenoles,fitoquimicos_y_extractos_botanicos,funcion_compartida_por_familia,relacion_funcional_por_familia_documentada,rule_based_functional_family,sintesis_funcional_conservadora,relacion_funcional_para_grafo;requiere_revision_de_dosis_poblacion_y_objetivo,media_baja_para_recomendacion_alta_para_contexto_funcional,true
REL_7fe493513ad888,COMP_1C25CE7A4741,Garcinone D,COMP_4FE72D3747DD,Terpinen-4-ol,RELACION_FUNCIONAL,SOPORTE_FUNCIONAL,fitoquimicos_botanicos_polifenoles,fitoquimicos_y_extractos_botanicos,funcion_compartida_por_familia,relacion_funcional_por_familia_documentada,rule_based_functional_family,sintesis_funcional_conservadora,relacion_funcional_para_grafo;requiere_revision_de_dosis_poblacion_y_objetivo,media_baja_para_recomendacion_alta_para_contexto_funcional,true
REL_2b4abcd000f42e,COMP_1C25CE7A4741,Garcinone D,COMP_AA14F6076A9C,Ginkgolide A,RELACION_FUNCIONAL,SOPORTE_FUNCIONAL,fitoquimicos_botanicos_polifenoles,fitoquimicos_y_extractos_botanicos,funcion_compartida_por_familia,relacion_funcional_por_familia_documentada,rule_based_functional_family,sintesis_funcional_conservadora,relacion_funcional_para_grafo;requiere_revision_de_dosis_poblacion_y_objetivo,media_baja_para_recomendacion_alta_para_contexto_funcional,true
REL_68252973742e1f,COMP_1C25CE7A4741,Garcinone D,COMP_A4A6DFCAC8B5,Ginkgolide B,RELACION_FUNCIONAL,SOPORTE_FUNCIONAL,fitoquimicos_botanicos_polifenoles,fitoquimicos_y_extractos_botanicos,funcion_compartida_por_familia,relacion_funcional_por_familia_documentada,rule_based_functional_family,sintesis_funcional_conservadora,relacion_funcional_para_grafo;requiere_revision_de_dosis_poblacion_y_objetivo,media_baja_para_recomendacion_alta_para_contexto_funcional,true
REL_12f90a9f640e34,COMP_1C25CE7A4741,Garcinone D,COMP_647056DE73FB,Ginkgolide C,RELACION_FUNCIONAL,SOPORTE_FUNCIONAL,fitoquimicos_botanicos_polifenoles,fitoquimicos_y_extractos_botanicos,funcion_compartida_por_familia,relacion_funcional_por_familia_documentada,rule_based_functional_family,sintesis_funcional_conservadora,relacion_funcional_para_grafo;requiere_revision_de_dosis_poblacion_y_objetivo,media_baja_para_recomendacion_alta_para_contexto_funcional,true
REL_9c1e2fd6a31c4b,COMP_1C25CE7A4741,Garcinone D,COMP_BB501024A82C,8-Prenylnaringenin,RELACION_FUNCIONAL,SOPORTE_FUNCIONAL,fitoquimicos_botanicos_polifenoles,fitoquimicos_y_extractos_botanicos,funcion_compartida_por_familia,relacion_funcional_por_familia_documentada,rule_based_functional_family,sintesis_funcional_conservadora,relacion_funcional_para_grafo;requiere_revision_de_dosis_poblacion_y_objetivo,media_baja_para_recomendacion_alta_para_contexto_funcional,true
REL_90a12dfb02cb0c,COMP_1C25CE7A4741,Garcinone D,COMP_39D8774E0D26,7-Methoxyflavone,RELACION_FUNCIONAL,SOPORTE_FUNCIONAL,fitoquimicos_botanicos_polifenoles,fitoquimicos_y_extractos_botanicos,funcion_compartida_por_familia,relacion_funcional_por_familia_documentada,rule_based_functional_family,sintesis_funcional_conservadora,relacion_funcional_para_grafo;requiere_revision_de_dosis_poblacion_y_objetivo,media_baja_para_recomendacion_alta_para_contexto_funcional,true
REL_e7ebf08656822c,COMP_0284497880C2,N-Coumaroyldopamine,COMP_1C25CE7A4741,Garcinone D,RELACION_FUNCIONAL,SOPORTE_FUNCIONAL,fitoquimicos_botanicos_polifenoles,fitoquimicos_y_extractos_botanicos,funcion_compartida_por_familia,relacion_funcional_por_familia_documentada,rule_based_functional_family,sintesis_funcional_conservadora,relacion_funcional_para_grafo;requiere_revision_de_dosis_poblacion_y_objetivo,media_baja_para_recomendacion_alta_para_contexto_funcional,true
REL_7c2d184dcf2abc,COMP_1C25CE7A4741,Garcinone D,COMP_2DC742D08803,Comfrey,RELACION_FUNCIONAL,SOPORTE_FUNCIONAL,fitoquimicos_botanicos_polifenoles,fitoquimicos_y_extractos_botanicos,funcion_compartida_por_familia,relacion_funcional_por_familia_documentada,rule_based_functional_family,sintesis_funcional_conservadora,relacion_funcional_para_grafo;requiere_revision_de_dosis_poblacion_y_objetivo,media_baja_para_recomendacion_alta_para_contexto_funcional,true
REL_07ac6cdbee58e5,COMP_047C80284AE3,Schizandrol A,COMP_7A9E150360B9,Mulberroside A,RELACION_FUNCIONAL,SOPORTE_FUNCIONAL,fitoquimicos_botanicos_polifenoles,fitoquimicos_y_extractos_botanicos,funcion_compartida_por_familia,relacion_funcional_por_familia_documentada,rule_based_functional_family,sintesis_funcional_conservadora,relacion_funcional_para_grafo;requiere_revision_de_dosis_poblacion_y_objetivo,media_baja_para_recomendacion_alta_para_contexto_funcional,true
REL_fb4e6bfc640fb7,COMP_6159F02338F0,Artepillin-C,COMP_7A9E150360B9,Mulberroside A,RELACION_FUNCIONAL,SOPORTE_FUNCIONAL,fitoquimicos_botanicos_polifenoles,fitoquimicos_y_extractos_botanicos,funcion_compartida_por_familia,relacion_funcional_por_familia_documentada,rule_based_functional_family,sintesis_funcional_conservadora,relacion_funcional_para_grafo;requiere_revision_de_dosis_poblacion_y_objetivo,media_baja_para_recomendacion_alta_para_contexto_funcional,true
REL_c22854dbca73e2,COMP_4FE72D3747DD,Terpinen-4-ol,COMP_7A9E150360B9,Mulberroside A,RELACION_FUNCIONAL,SOPORTE_FUNCIONAL,fitoquimicos_botanicos_polifenoles,fitoquimicos_y_extractos_botanicos,funcion_compartida_por_familia,relacion_funcional_por_familia_documentada,rule_based_functional_family,sintesis_funcional_conservadora,relacion_funcional_para_grafo;requiere_revision_de_dosis_poblacion_y_objetivo,media_baja_para_recomendacion_alta_para_contexto_funcional,true
REL_ee7d7bfacaf6f6,COMP_7A9E150360B9,Mulberroside A,COMP_AA14F6076A9C,Ginkgolide A,RELACION_FUNCIONAL,SOPORTE_FUNCIONAL,fitoquimicos_botanicos_polifenoles,fitoquimicos_y_extractos_botanicos,funcion_compartida_por_familia,relacion_funcional_por_familia_documentada,rule_based_functional_family,sintesis_funcional_conservadora,relacion_funcional_para_grafo;requiere_revision_de_dosis_poblacion_y_objetivo,media_baja_para_recomendacion_alta_para_contexto_funcional,true
REL_efc3e93545befe,COMP_7A9E150360B9,Mulberroside A,COMP_A4A6DFCAC8B5,Ginkgolide B,RELACION_FUNCIONAL,SOPORTE_FUNCIONAL,fitoquimicos_botanicos_polifenoles,fitoquimicos_y_extractos_botanicos,funcion_compartida_por_familia,relacion_funcional_por_familia_documentada,rule_based_functional_family,sintesis_funcional_conservadora,relacion_funcional_para_grafo;requiere_revision_de_dosis_poblacion_y_objetivo,media_baja_para_recomendacion_alta_para_contexto_funcional,true
REL_fca20d0cf2a5db,COMP_647056DE73FB,Ginkgolide C,COMP_7A9E150360B9,Mulberroside A,RELACION_FUNCIONAL,SOPORTE_FUNCIONAL,fitoquimicos_botanicos_polifenoles,fitoquimicos_y_extractos_botanicos,funcion_compartida_por_familia,relacion_funcional_por_familia_documentada,rule_based_functional_family,sintesis_funcional_conservadora,relacion_funcional_para_grafo;requiere_revision_de_dosis_poblacion_y_objetivo,media_baja_para_recomendacion_alta_para_contexto_funcional,true
REL_3b7f0251b0286b,COMP_7A9E150360B9,Mulberroside A,COMP_BB501024A82C,8-Prenylnaringenin,RELACION_FUNCIONAL,SOPORTE_FUNCIONAL,fitoquimicos_botanicos_polifenoles,fitoquimicos_y_extractos_botanicos,funcion_compartida_por_familia,relacion_funcional_por_familia_documentada,rule_based_functional_family,sintesis_funcional_conservadora,relacion_funcional_para_grafo;requiere_revision_de_dosis_poblacion_y_objetivo,media_baja_para_recomendacion_alta_para_contexto_funcional,true
REL_9c482f5a6401dd,COMP_39D8774E0D26,7-Methoxyflavone,COMP_7A9E150360B9,Mulberroside A,RELACION_FUNCIONAL,SOPORTE_FUNCIONAL,fitoquimicos_botanicos_polifenoles,fitoquimicos_y_extractos_botanicos,funcion_compartida_por_familia,relacion_funcional_por_familia_documentada,rule_based_functional_family,sintesis_funcional_conservadora,relacion_funcional_para_grafo;requiere_revision_de_dosis_poblacion_y_objetivo,media_baja_para_recomendacion_alta_para_contexto_funcional,true
REL_83d20756e0d195,COMP_0284497880C2,N-Coumaroyldopamine,COMP_7A9E150360B9,Mulberroside A,RELACION_FUNCIONAL,SOPORTE_FUNCIONAL,fitoquimicos_botanicos_polifenoles,fitoquimicos_y_extractos_botanicos,funcion_compartida_por_familia,relacion_funcional_por_familia_documentada,rule_based_functional_family,sintesis_funcional_conservadora,relacion_funcional_para_grafo;requiere_revision_de_dosis_poblacion_y_objetivo,media_baja_para_recomendacion_alta_para_contexto_funcional,true
REL_7f4a522196eb0d,COMP_2DC742D08803,Comfrey,COMP_7A9E150360B9,Mulberroside A,RELACION_FUNCIONAL,SOPORTE_FUNCIONAL,fitoquimicos_botanicos_polifenoles,fitoquimicos_y_extractos_botanicos,funcion_compartida_por_familia,relacion_funcional_por_familia_documentada,rule_based_functional_family,sintesis_funcional_conservadora,relacion_funcional_para_grafo;requiere_revision_de_dosis_poblacion_y_objetivo,media_baja_para_recomendacion_alta_para_contexto_funcional,true
REL_fc3e9894cda8ee,COMP_047C80284AE3,Schizandrol A,COMP_6159F02338F0,Artepillin-C,RELACION_FUNCIONAL,SOPORTE_FUNCIONAL,fitoquimicos_botanicos_polifenoles,fitoquimicos_y_extractos_botanicos,funcion_compartida_por_familia,relacion_funcional_por_familia_documentada,rule_based_functional_family,sintesis_funcional_conservadora,relacion_funcional_para_grafo;requiere_revision_de_dosis_poblacion_y_objetivo,media_baja_para_recomendacion_alta_para_contexto_funcional,true
REL_6fc62ec05236c5,COMP_047C80284AE3,Schizandrol A,COMP_4FE72D3747DD,Terpinen-4-ol,RELACION_FUNCIONAL,SOPORTE_FUNCIONAL,fitoquimicos_botanicos_polifenoles,fitoquimicos_y_extractos_botanicos,funcion_compartida_por_familia,relacion_funcional_por_familia_documentada,rule_based_functional_family,sintesis_funcional_conservadora,relacion_funcional_para_grafo;requiere_revision_de_dosis_poblacion_y_objetivo,media_baja_para_recomendacion_alta_para_contexto_funcional,true
REL_2b98aa5caf90ac,COMP_047C80284AE3,Schizandrol A,COMP_AA14F6076A9C,Ginkgolide A,RELACION_FUNCIONAL,SOPORTE_FUNCIONAL,fitoquimicos_botanicos_polifenoles,fitoquimicos_y_extractos_botanicos,funcion_compartida_por_familia,relacion_funcional_por_familia_documentada,rule_based_functional_family,sintesis_funcional_conservadora,relacion_funcional_para_grafo;requiere_revision_de_dosis_poblacion_y_objetivo,media_baja_para_recomendacion_alta_para_contexto_funcional,true
REL_de5c7b36cfa326,COMP_047C80284AE3,Schizandrol A,COMP_A4A6DFCAC8B5,Ginkgolide B,RELACION_FUNCIONAL,SOPORTE_FUNCIONAL,fitoquimicos_botanicos_polifenoles,fitoquimicos_y_extractos_botanicos,funcion_compartida_por_familia,relacion_funcional_por_familia_documentada,rule_based_functional_family,sintesis_funcional_conservadora,relacion_funcional_para_grafo;requiere_revision_de_dosis_poblacion_y_objetivo,media_baja_para_recomendacion_alta_para_contexto_funcional,true
REL_bef4bcb923b8c5,COMP_047C80284AE3,Schizandrol A,COMP_647056DE73FB,Ginkgolide C,RELACION_FUNCIONAL,SOPORTE_FUNCIONAL,fitoquimicos_botanicos_polifenoles,fitoquimicos_y_extractos_botanicos,funcion_compartida_por_familia,relacion_funcional_por_familia_documentada,rule_based_functional_family,sintesis_funcional_conservadora,relacion_funcional_para_grafo;requiere_revision_de_dosis_poblacion_y_objetivo,media_baja_para_recomendacion_alta_para_contexto_funcional,true
REL_a3dda4a3b389d2,COMP_047C80284AE3,Schizandrol A,COMP_BB501024A82C,8-Prenylnaringenin,RELACION_FUNCIONAL,SOPORTE_FUNCIONAL,fitoquimicos_botanicos_polifenoles,fitoquimicos_y_extractos_botanicos,funcion_compartida_por_familia,relacion_funcional_por_familia_documentada,rule_based_functional_family,sintesis_funcional_conservadora,relacion_funcional_para_grafo;requiere_revision_de_dosis_poblacion_y_objetivo,media_baja_para_recomendacion_alta_para_contexto_funcional,true
REL_935adc88acd482,COMP_047C80284AE3,Schizandrol A,COMP_39D8774E0D26,7-Methoxyflavone,RELACION_FUNCIONAL,SOPORTE_FUNCIONAL,fitoquimicos_botanicos_polifenoles,fitoquimicos_y_extractos_botanicos,funcion_compartida_por_familia,relacion_funcional_por_familia_documentada,rule_based_functional_family,sintesis_funcional_conservadora,relacion_funcional_para_grafo;requiere_revision_de_dosis_poblacion_y_objetivo,media_baja_para_recomendacion_alta_para_contexto_funcional,true
REL_8fa08dad935867,COMP_0284497880C2,N-Coumaroyldopamine,COMP_047C80284AE3,Schizandrol A,RELACION_FUNCIONAL,SOPORTE_FUNCIONAL,fitoquimicos_botanicos_polifenoles,fitoquimicos_y_extractos_botanicos,funcion_compartida_por_familia,relacion_funcional_por_familia_documentada,rule_based_functional_family,sintesis_funcional_conservadora,relacion_funcional_para_grafo;requiere_revision_de_dosis_poblacion_y_objetivo,media_baja_para_recomendacion_alta_para_contexto_funcional,true
REL_59e15e5e252846,COMP_047C80284AE3,Schizandrol A,COMP_2DC742D08803,Comfrey,RELACION_FUNCIONAL,SOPORTE_FUNCIONAL,fitoquimicos_botanicos_polifenoles,fitoquimicos_y_extractos_botanicos,funcion_compartida_por_familia,relacion_funcional_por_familia_documentada,rule_based_functional_family,sintesis_funcional_conservadora,relacion_funcional_para_grafo;requiere_revision_de_dosis_poblacion_y_objetivo,media_baja_para_recomendacion_alta_para_contexto_funcional,true
REL_8ffa98a2a33751,COMP_4FE72D3747DD,Terpinen-4-ol,COMP_6159F02338F0,Artepillin-C,RELACION_FUNCIONAL,SOPORTE_FUNCIONAL,fitoquimicos_botanicos_polifenoles,fitoquimicos_y_extractos_botanicos,funcion_compartida_por_familia,relacion_funcional_por_familia_documentada,rule_based_functional_family,sintesis_funcional_conservadora,relacion_funcional_para_grafo;requiere_revision_de_dosis_poblacion_y_objetivo,media_baja_para_recomendacion_alta_para_contexto_funcional,true
REL_20193e1dad2b19,COMP_6159F02338F0,Artepillin-C,COMP_AA14F6076A9C,Ginkgolide A,RELACION_FUNCIONAL,SOPORTE_FUNCIONAL,fitoquimicos_botanicos_polifenoles,fitoquimicos_y_extractos_botanicos,funcion_compartida_por_familia,relacion_funcional_por_familia_documentada,rule_based_functional_family,sintesis_funcional_conservadora,relacion_funcional_para_grafo;requiere_revision_de_dosis_poblacion_y_objetivo,media_baja_para_recomendacion_alta_para_contexto_funcional,true
REL_ed0ad0bfd1f1f1,COMP_6159F02338F0,Artepillin-C,COMP_A4A6DFCAC8B5,Ginkgolide B,RELACION_FUNCIONAL,SOPORTE_FUNCIONAL,fitoquimicos_botanicos_polifenoles,fitoquimicos_y_extractos_botanicos,funcion_compartida_por_familia,relacion_funcional_por_familia_documentada,rule_based_functional_family,sintesis_funcional_conservadora,relacion_funcional_para_grafo;requiere_revision_de_dosis_poblacion_y_objetivo,media_baja_para_recomendacion_alta_para_contexto_funcional,true
REL_8e1287470bc3b9,COMP_6159F02338F0,Artepillin-C,COMP_647056DE73FB,Ginkgolide C,RELACION_FUNCIONAL,SOPORTE_FUNCIONAL,fitoquimicos_botanicos_polifenoles,fitoquimicos_y_extractos_botanicos,funcion_compartida_por_familia,relacion_funcional_por_familia_documentada,rule_based_functional_family,sintesis_funcional_conservadora,relacion_funcional_para_grafo;requiere_revision_de_dosis_poblacion_y_objetivo,media_baja_para_recomendacion_alta_para_contexto_funcional,true
REL_9ef883244ef03a,COMP_6159F02338F0,Artepillin-C,COMP_BB501024A82C,8-Prenylnaringenin,RELACION_FUNCIONAL,SOPORTE_FUNCIONAL,fitoquimicos_botanicos_polifenoles,fitoquimicos_y_extractos_botanicos,funcion_compartida_por_familia,relacion_funcional_por_familia_documentada,rule_based_functional_family,sintesis_funcional_conservadora,relacion_funcional_para_grafo;requiere_revision_de_dosis_poblacion_y_objetivo,media_baja_para_recomendacion_alta_para_contexto_funcional,true
REL_f3a534259ca3d0,COMP_39D8774E0D26,7-Methoxyflavone,COMP_6159F02338F0,Artepillin-C,RELACION_FUNCIONAL,SOPORTE_FUNCIONAL,fitoquimicos_botanicos_polifenoles,fitoquimicos_y_extractos_botanicos,funcion_compartida_por_familia,relacion_funcional_por_familia_documentada,rule_based_functional_family,sintesis_funcional_conservadora,relacion_funcional_para_grafo;requiere_revision_de_dosis_poblacion_y_objetivo,media_baja_para_recomendacion_alta_para_contexto_funcional,true
REL_6a719e50e1cfe6,COMP_0284497880C2,N-Coumaroyldopamine,COMP_6159F02338F0,Artepillin-C,RELACION_FUNCIONAL,SOPORTE_FUNCIONAL,fitoquimicos_botanicos_polifenoles,fitoquimicos_y_extractos_botanicos,funcion_compartida_por_familia,relacion_funcional_por_familia_documentada,rule_based_functional_family,sintesis_funcional_conservadora,relacion_funcional_para_grafo;requiere_revision_de_dosis_poblacion_y_objetivo,media_baja_para_recomendacion_alta_para_contexto_funcional,true
REL_550865432e79cb,COMP_2DC742D08803,Comfrey,COMP_6159F02338F0,Artepillin-C,RELACION_FUNCIONAL,SOPORTE_FUNCIONAL,fitoquimicos_botanicos_polifenoles,fitoquimicos_y_extractos_botanicos,funcion_compartida_por_familia,relacion_funcional_por_familia_documentada,rule_based_functional_family,sintesis_funcional_conservadora,relacion_funcional_para_grafo;requiere_revision_de_dosis_poblacion_y_objetivo,media_baja_para_recomendacion_alta_para_contexto_funcional,true
REL_91225b905386fb,COMP_4FE72D3747DD,Terpinen-4-ol,COMP_AA14F6076A9C,Ginkgolide A,RELACION_FUNCIONAL,SOPORTE_FUNCIONAL,fitoquimicos_botanicos_polifenoles,fitoquimicos_y_extractos_botanicos,funcion_compartida_por_familia,relacion_funcional_por_familia_documentada,rule_based_functional_family,sintesis_funcional_conservadora,relacion_funcional_para_grafo;requiere_revision_de_dosis_poblacion_y_objetivo,media_baja_para_recomendacion_alta_para_contexto_funcional,true
REL_e96cd05ffbc515,COMP_4FE72D3747DD,Terpinen-4-ol,COMP_A4A6DFCAC8B5,Ginkgolide B,RELACION_FUNCIONAL,SOPORTE_FUNCIONAL,fitoquimicos_botanicos_polifenoles,fitoquimicos_y_extractos_botanicos,funcion_compartida_por_familia,relacion_funcional_por_familia_documentada,rule_based_functional_family,sintesis_funcional_conservadora,relacion_funcional_para_grafo;requiere_revision_de_dosis_poblacion_y_objetivo,media_baja_para_recomendacion_alta_para_contexto_funcional,true
REL_fbd6ac274681de,COMP_4FE72D3747DD,Terpinen-4-ol,COMP_647056DE73FB,Ginkgolide C,RELACION_FUNCIONAL,SOPORTE_FUNCIONAL,fitoquimicos_botanicos_polifenoles,fitoquimicos_y_extractos_botanicos,funcion_compartida_por_familia,relacion_funcional_por_familia_documentada,rule_based_functional_family,sintesis_funcional_conservadora,relacion_funcional_para_grafo;requiere_revision_de_dosis_poblacion_y_objetivo,media_baja_para_recomendacion_alta_para_contexto_funcional,true
REL_86902e4dc81e8b,COMP_4FE72D3747DD,Terpinen-4-ol,COMP_BB501024A82C,8-Prenylnaringenin,RELACION_FUNCIONAL,SOPORTE_FUNCIONAL,fitoquimicos_botanicos_polifenoles,fitoquimicos_y_extractos_botanicos,funcion_compartida_por_familia,relacion_funcional_por_familia_documentada,rule_based_functional_family,sintesis_funcional_conservadora,relacion_funcional_para_grafo;requiere_revision_de_dosis_poblacion_y_objetivo,media_baja_para_recomendacion_alta_para_contexto_funcional,true
REL_c47999769e0831,COMP_39D8774E0D26,7-Methoxyflavone,COMP_4FE72D3747DD,Terpinen-4-ol,RELACION_FUNCIONAL,SOPORTE_FUNCIONAL,fitoquimicos_botanicos_polifenoles,fitoquimicos_y_extractos_botanicos,funcion_compartida_por_familia,relacion_funcional_por_familia_documentada,rule_based_functional_family,sintesis_funcional_conservadora,relacion_funcional_para_grafo;requiere_revision_de_dosis_poblacion_y_objetivo,media_baja_para_recomendacion_alta_para_contexto_funcional,true
REL_556c9fff72241b,COMP_0284497880C2,N-Coumaroyldopamine,COMP_4FE72D3747DD,Terpinen-4-ol,RELACION_FUNCIONAL,SOPORTE_FUNCIONAL,fitoquimicos_botanicos_polifenoles,fitoquimicos_y_extractos_botanicos,funcion_compartida_por_familia,relacion_funcional_por_familia_documentada,rule_based_functional_family,sintesis_funcional_conservadora,relacion_funcional_para_grafo;requiere_revision_de_dosis_poblacion_y_objetivo,media_baja_para_recomendacion_alta_para_contexto_funcional,true
REL_e14157369f6e4b,COMP_2DC742D08803,Comfrey,COMP_4FE72D3747DD,Terpinen-4-ol,RELACION_FUNCIONAL,SOPORTE_FUNCIONAL,fitoquimicos_botanicos_polifenoles,fitoquimicos_y_extractos_botanicos,funcion_compartida_por_familia,relacion_funcional_por_familia_documentada,rule_based_functional_family,sintesis_funcional_conservadora,relacion_funcional_para_grafo;requiere_revision_de_dosis_poblacion_y_objetivo,media_baja_para_recomendacion_alta_para_contexto_funcional,true
REL_a0dfcafc545520,COMP_A4A6DFCAC8B5,Ginkgolide B,COMP_AA14F6076A9C,Ginkgolide A,RELACION_FUNCIONAL,SOPORTE_FUNCIONAL,fitoquimicos_botanicos_polifenoles,fitoquimicos_y_extractos_botanicos,funcion_compartida_por_familia,relacion_funcional_por_familia_documentada,rule_based_functional_family,sintesis_funcional_conservadora,relacion_funcional_para_grafo;requiere_revision_de_dosis_poblacion_y_objetivo,media_baja_para_recomendacion_alta_para_contexto_funcional,true
REL_7222679f7a5d36,COMP_647056DE73FB,Ginkgolide C,COMP_AA14F6076A9C,Ginkgolide A,RELACION_FUNCIONAL,SOPORTE_FUNCIONAL,fitoquimicos_botanicos_polifenoles,fitoquimicos_y_extractos_botanicos,funcion_compartida_por_familia,relacion_funcional_por_familia_documentada,rule_based_functional_family,sintesis_funcional_conservadora,relacion_funcional_para_grafo;requiere_revision_de_dosis_poblacion_y_objetivo,media_baja_para_recomendacion_alta_para_contexto_funcional,true
REL_b19db90129fbc6,COMP_AA14F6076A9C,Ginkgolide A,COMP_BB501024A82C,8-Prenylnaringenin,RELACION_FUNCIONAL,SOPORTE_FUNCIONAL,fitoquimicos_botanicos_polifenoles,fitoquimicos_y_extractos_botanicos,funcion_compartida_por_familia,relacion_funcional_por_familia_documentada,rule_based_functional_family,sintesis_funcional_conservadora,relacion_funcional_para_grafo;requiere_revision_de_dosis_poblacion_y_objetivo,media_baja_para_recomendacion_alta_para_contexto_funcional,true
REL_7f6cf0ccbb8906,COMP_39D8774E0D26,7-Methoxyflavone,COMP_AA14F6076A9C,Ginkgolide A,RELACION_FUNCIONAL,SOPORTE_FUNCIONAL,fitoquimicos_botanicos_polifenoles,fitoquimicos_y_extractos_botanicos,funcion_compartida_por_familia,relacion_funcional_por_familia_documentada,rule_based_functional_family,sintesis_funcional_conservadora,relacion_funcional_para_grafo;requiere_revision_de_dosis_poblacion_y_objetivo,media_baja_para_recomendacion_alta_para_contexto_funcional,true
REL_d9a6480d600493,COMP_0284497880C2,N-Coumaroyldopamine,COMP_AA14F6076A9C,Ginkgolide A,RELACION_FUNCIONAL,SOPORTE_FUNCIONAL,fitoquimicos_botanicos_polifenoles,fitoquimicos_y_extractos_botanicos,funcion_compartida_por_familia,relacion_funcional_por_familia_documentada,rule_based_functional_family,sintesis_funcional_conservadora,relacion_funcional_para_grafo;requiere_revision_de_dosis_poblacion_y_objetivo,media_baja_para_recomendacion_alta_para_contexto_funcional,true
REL_0a51563eb258e0,COMP_2DC742D08803,Comfrey,COMP_AA14F6076A9C,Ginkgolide A,RELACION_FUNCIONAL,SOPORTE_FUNCIONAL,fitoquimicos_botanicos_polifenoles,fitoquimicos_y_extractos_botanicos,funcion_compartida_por_familia,relacion_funcional_por_familia_documentada,rule_based_functional_family,sintesis_funcional_conservadora,relacion_funcional_para_grafo;requiere_revision_de_dosis_poblacion_y_objetivo,media_baja_para_recomendacion_alta_para_contexto_funcional,true
REL_8a8bab2cf5feef,COMP_647056DE73FB,Ginkgolide C,COMP_A4A6DFCAC8B5,Ginkgolide B,RELACION_FUNCIONAL,SOPORTE_FUNCIONAL,fitoquimicos_botanicos_polifenoles,fitoquimicos_y_extractos_botanicos,funcion_compartida_por_familia,relacion_funcional_por_familia_documentada,rule_based_functional_family,sintesis_funcional_conservadora,relacion_funcional_para_grafo;requiere_revision_de_dosis_poblacion_y_objetivo,media_baja_para_recomendacion_alta_para_contexto_funcional,true
REL_5d528dc6ab7d99,COMP_A4A6DFCAC8B5,Ginkgolide B,COMP_BB501024A82C,8-Prenylnaringenin,RELACION_FUNCIONAL,SOPORTE_FUNCIONAL,fitoquimicos_botanicos_polifenoles,fitoquimicos_y_extractos_botanicos,funcion_compartida_por_familia,relacion_funcional_por_familia_documentada,rule_based_functional_family,sintesis_funcional_conservadora,relacion_funcional_para_grafo;requiere_revision_de_dosis_poblacion_y_objetivo,media_baja_para_recomendacion_alta_para_contexto_funcional,true
REL_3b0bcad1febf0d,COMP_39D8774E0D26,7-Methoxyflavone,COMP_A4A6DFCAC8B5,Ginkgolide B,RELACION_FUNCIONAL,SOPORTE_FUNCIONAL,fitoquimicos_botanicos_polifenoles,fitoquimicos_y_extractos_botanicos,funcion_compartida_por_familia,relacion_funcional_por_familia_documentada,rule_based_functional_family,sintesis_funcional_conservadora,relacion_funcional_para_grafo;requiere_revision_de_dosis_poblacion_y_objetivo,media_baja_para_recomendacion_alta_para_contexto_funcional,true
REL_1021faa2452405,COMP_0284497880C2,N-Coumaroyldopamine,COMP_A4A6DFCAC8B5,Ginkgolide B,RELACION_FUNCIONAL,SOPORTE_FUNCIONAL,fitoquimicos_botanicos_polifenoles,fitoquimicos_y_extractos_botanicos,funcion_compartida_por_familia,relacion_funcional_por_familia_documentada,rule_based_functional_family,sintesis_funcional_conservadora,relacion_funcional_para_grafo;requiere_revision_de_dosis_poblacion_y_objetivo,media_baja_para_recomendacion_alta_para_contexto_funcional,true
REL_8c26ffd3b31397,COMP_2DC742D08803,Comfrey,COMP_A4A6DFCAC8B5,Ginkgolide B,RELACION_FUNCIONAL,SOPORTE_FUNCIONAL,fitoquimicos_botanicos_polifenoles,fitoquimicos_y_extractos_botanicos,funcion_compartida_por_familia,relacion_funcional_por_familia_documentada,rule_based_functional_family,sintesis_funcional_conservadora,relacion_funcional_para_grafo;requiere_revision_de_dosis_poblacion_y_objetivo,media_baja_para_recomendacion_alta_para_contexto_funcional,true
REL_5b321dbad44a48,COMP_647056DE73FB,Ginkgolide C,COMP_BB501024A82C,8-Prenylnaringenin,RELACION_FUNCIONAL,SOPORTE_FUNCIONAL,fitoquimicos_botanicos_polifenoles,fitoquimicos_y_extractos_botanicos,funcion_compartida_por_familia,relacion_funcional_por_familia_documentada,rule_based_functional_family,sintesis_funcional_conservadora,relacion_funcional_para_grafo;requiere_revision_de_dosis_poblacion_y_objetivo,media_baja_para_recomendacion_alta_para_contexto_funcional,true
REL_bfc39624f0950a,COMP_39D8774E0D26,7-Methoxyflavone,COMP_647056DE73FB,Ginkgolide C,RELACION_FUNCIONAL,SOPORTE_FUNCIONAL,fitoquimicos_botanicos_polifenoles,fitoquimicos_y_extractos_botanicos,funcion_compartida_por_familia,relacion_funcional_por_familia_documentada,rule_based_functional_family,sintesis_funcional_conservadora,relacion_funcional_para_grafo;requiere_revision_de_dosis_poblacion_y_objetivo,media_baja_para_recomendacion_alta_para_contexto_funcional,true
REL_f72e5ef8141b9d,COMP_0284497880C2,N-Coumaroyldopamine,COMP_647056DE73FB,Ginkgolide C,RELACION_FUNCIONAL,SOPORTE_FUNCIONAL,fitoquimicos_botanicos_polifenoles,fitoquimicos_y_extractos_botanicos,funcion_compartida_por_familia,relacion_funcional_por_familia_documentada,rule_based_functional_family,sintesis_funcional_conservadora,relacion_funcional_para_grafo;requiere_revision_de_dosis_poblacion_y_objetivo,media_baja_para_recomendacion_alta_para_contexto_funcional,true
REL_fbbbb6020ac7aa,COMP_2DC742D08803,Comfrey,COMP_647056DE73FB,Ginkgolide C,RELACION_FUNCIONAL,SOPORTE_FUNCIONAL,fitoquimicos_botanicos_polifenoles,fitoquimicos_y_extractos_botanicos,funcion_compartida_por_familia,relacion_funcional_por_familia_documentada,rule_based_functional_family,sintesis_funcional_conservadora,relacion_funcional_para_grafo;requiere_revision_de_dosis_poblacion_y_objetivo,media_baja_para_recomendacion_alta_para_contexto_funcional,true
REL_31637b8d0ce00d,COMP_39D8774E0D26,7-Methoxyflavone,COMP_BB501024A82C,8-Prenylnaringenin,RELACION_FUNCIONAL,SOPORTE_FUNCIONAL,fitoquimicos_botanicos_polifenoles,fitoquimicos_y_extractos_botanicos,funcion_compartida_por_familia,relacion_funcional_por_familia_documentada,rule_based_functional_family,sintesis_funcional_conservadora,relacion_funcional_para_grafo;requiere_revision_de_dosis_poblacion_y_objetivo,media_baja_para_recomendacion_alta_para_contexto_funcional,true
REL_6071ade14e7746,COMP_0284497880C2,N-Coumaroyldopamine,COMP_BB501024A82C,8-Prenylnaringenin,RELACION_FUNCIONAL,SOPORTE_FUNCIONAL,fitoquimicos_botanicos_polifenoles,fitoquimicos_y_extractos_botanicos,funcion_compartida_por_familia,relacion_funcional_por_familia_documentada,rule_based_functional_family,sintesis_funcional_conservadora,relacion_funcional_para_grafo;requiere_revision_de_dosis_poblacion_y_objetivo,media_baja_para_recomendacion_alta_para_contexto_funcional,true
REL_b44d356b3b5563,COMP_2DC742D08803,Comfrey,COMP_BB501024A82C,8-Prenylnaringenin,RELACION_FUNCIONAL,SOPORTE_FUNCIONAL,fitoquimicos_botanicos_polifenoles,fitoquimicos_y_extractos_botanicos,funcion_compartida_por_familia,relacion_funcional_por_familia_documentada,rule_based_functional_family,sintesis_funcional_conservadora,relacion_funcional_para_grafo;requiere_revision_de_dosis_poblacion_y_objetivo,media_baja_para_recomendacion_alta_para_contexto_funcional,true
REL_9388e0703a9527,COMP_0284497880C2,N-Coumaroyldopamine,COMP_39D8774E0D26,7-Methoxyflavone,RELACION_FUNCIONAL,SOPORTE_FUNCIONAL,fitoquimicos_botanicos_polifenoles,fitoquimicos_y_extractos_botanicos,funcion_compartida_por_familia,relacion_funcional_por_familia_documentada,rule_based_functional_family,sintesis_funcional_conservadora,relacion_funcional_para_grafo;requiere_revision_de_dosis_poblacion_y_objetivo,media_baja_para_recomendacion_alta_para_contexto_funcional,true
REL_61abdf3f4a00ac,COMP_2DC742D08803,Comfrey,COMP_39D8774E0D26,7-Methoxyflavone,RELACION_FUNCIONAL,SOPORTE_FUNCIONAL,fitoquimicos_botanicos_polifenoles,fitoquimicos_y_extractos_botanicos,funcion_compartida_por_familia,relacion_funcional_por_familia_documentada,rule_based_functional_family,sintesis_funcional_conservadora,relacion_funcional_para_grafo;requiere_revision_de_dosis_poblacion_y_objetivo,media_baja_para_recomendacion_alta_para_contexto_funcional,true
REL_2567f9592f4144,COMP_0284497880C2,N-Coumaroyldopamine,COMP_2DC742D08803,Comfrey,RELACION_FUNCIONAL,SOPORTE_FUNCIONAL,fitoquimicos_botanicos_polifenoles,fitoquimicos_y_extractos_botanicos,funcion_compartida_por_familia,relacion_funcional_por_familia_documentada,rule_based_functional_family,sintesis_funcional_conservadora,relacion_funcional_para_grafo;requiere_revision_de_dosis_poblacion_y_objetivo,media_baja_para_recomendacion_alta_para_contexto_funcional,true
REL_d52100396f858e,COMP_6764BA9410CD,N-Acetylmuramic Acid,COMP_E655755F3595,2-Fucosyllactose,RELACION_FUNCIONAL,SOPORTE_FUNCIONAL,glicanos_azucares_biologicos,glicanos_y_azucares_biologicos,funcion_compartida_por_familia,relacion_funcional_por_familia_documentada,rule_based_functional_family,sintesis_funcional_conservadora,relacion_funcional_para_grafo;requiere_revision_de_dosis_poblacion_y_objetivo,media_baja_para_recomendacion_alta_para_contexto_funcional,true
REL_ba86b2c0db8e54,COMP_E51487E9740F,N-Acetyl Neuraminic acid,COMP_E655755F3595,2-Fucosyllactose,RELACION_FUNCIONAL,SOPORTE_FUNCIONAL,glicanos_azucares_biologicos,glicanos_y_azucares_biologicos,funcion_compartida_por_familia,relacion_funcional_por_familia_documentada,rule_based_functional_family,sintesis_funcional_conservadora,relacion_funcional_para_grafo;requiere_revision_de_dosis_poblacion_y_objetivo,media_baja_para_recomendacion_alta_para_contexto_funcional,true
REL_9a45e68ffb1139,COMP_6943A6FD4CD1,N-acetylgalactosamine,COMP_E655755F3595,2-Fucosyllactose,RELACION_FUNCIONAL,SOPORTE_FUNCIONAL,glicanos_azucares_biologicos,glicanos_y_azucares_biologicos,funcion_compartida_por_familia,relacion_funcional_por_familia_documentada,rule_based_functional_family,sintesis_funcional_conservadora,relacion_funcional_para_grafo;requiere_revision_de_dosis_poblacion_y_objetivo,media_baja_para_recomendacion_alta_para_contexto_funcional,true
REL_5787556b784720,COMP_054B1BE0F420,N-acetylneuraminic acid,COMP_E655755F3595,2-Fucosyllactose,RELACION_FUNCIONAL,SOPORTE_FUNCIONAL,glicanos_azucares_biologicos,glicanos_y_azucares_biologicos,funcion_compartida_por_familia,relacion_funcional_por_familia_documentada,rule_based_functional_family,sintesis_funcional_conservadora,relacion_funcional_para_grafo;requiere_revision_de_dosis_poblacion_y_objetivo,media_baja_para_recomendacion_alta_para_contexto_funcional,true
REL_f4582a975f1470,COMP_6764BA9410CD,N-Acetylmuramic Acid,COMP_E51487E9740F,N-Acetyl Neuraminic acid,RELACION_FUNCIONAL,SOPORTE_FUNCIONAL,glicanos_azucares_biologicos,glicanos_y_azucares_biologicos,funcion_compartida_por_familia,relacion_funcional_por_familia_documentada,rule_based_functional_family,sintesis_funcional_conservadora,relacion_funcional_para_grafo;requiere_revision_de_dosis_poblacion_y_objetivo,media_baja_para_recomendacion_alta_para_contexto_funcional,true
REL_682fc497e9af1c,COMP_6764BA9410CD,N-Acetylmuramic Acid,COMP_6943A6FD4CD1,N-acetylgalactosamine,RELACION_FUNCIONAL,SOPORTE_FUNCIONAL,glicanos_azucares_biologicos,glicanos_y_azucares_biologicos,funcion_compartida_por_familia,relacion_funcional_por_familia_documentada,rule_based_functional_family,sintesis_funcional_conservadora,relacion_funcional_para_grafo;requiere_revision_de_dosis_poblacion_y_objetivo,media_baja_para_recomendacion_alta_para_contexto_funcional,true
REL_06cf9a273b6883,COMP_054B1BE0F420,N-acetylneuraminic acid,COMP_6764BA9410CD,N-Acetylmuramic Acid,RELACION_FUNCIONAL,SOPORTE_FUNCIONAL,glicanos_azucares_biologicos,glicanos_y_azucares_biologicos,funcion_compartida_por_familia,relacion_funcional_por_familia_documentada,rule_based_functional_family,sintesis_funcional_conservadora,relacion_funcional_para_grafo;requiere_revision_de_dosis_poblacion_y_objetivo,media_baja_para_recomendacion_alta_para_contexto_funcional,true
REL_708f45df640735,COMP_6943A6FD4CD1,N-acetylgalactosamine,COMP_E51487E9740F,N-Acetyl Neuraminic acid,RELACION_FUNCIONAL,SOPORTE_FUNCIONAL,glicanos_azucares_biologicos,glicanos_y_azucares_biologicos,funcion_compartida_por_familia,relacion_funcional_por_familia_documentada,rule_based_functional_family,sintesis_funcional_conservadora,relacion_funcional_para_grafo;requiere_revision_de_dosis_poblacion_y_objetivo,media_baja_para_recomendacion_alta_para_contexto_funcional,true
REL_dae47030829f94,COMP_054B1BE0F420,N-acetylneuraminic acid,COMP_E51487E9740F,N-Acetyl Neuraminic acid,RELACION_FUNCIONAL,SOPORTE_FUNCIONAL,glicanos_azucares_biologicos,glicanos_y_azucares_biologicos,funcion_compartida_por_familia,relacion_funcional_por_familia_documentada,rule_based_functional_family,sintesis_funcional_conservadora,relacion_funcional_para_grafo;requiere_revision_de_dosis_poblacion_y_objetivo,media_baja_para_recomendacion_alta_para_contexto_funcional,true
REL_078ff19bb33721,COMP_054B1BE0F420,N-acetylneuraminic acid,COMP_6943A6FD4CD1,N-acetylgalactosamine,RELACION_FUNCIONAL,SOPORTE_FUNCIONAL,glicanos_azucares_biologicos,glicanos_y_azucares_biologicos,funcion_compartida_por_familia,relacion_funcional_por_familia_documentada,rule_based_functional_family,sintesis_funcional_conservadora,relacion_funcional_para_grafo;requiere_revision_de_dosis_poblacion_y_objetivo,media_baja_para_recomendacion_alta_para_contexto_funcional,true
REL_ba45a713e754b2,COMP_0987F386BB65,Carnitine,COMP_FEC6879A2EEE,Acetyl L-Carnitine,RELACION_FUNCIONAL,SOPORTE_FUNCIONAL,derivados_carnitina,familia_carnitina_y_derivados,funcion_compartida_por_familia,relacion_funcional_por_familia_documentada,rule_based_functional_family,sintesis_funcional_conservadora,relacion_funcional_para_grafo;requiere_revision_de_dosis_poblacion_y_objetivo,media_baja_para_recomendacion_alta_para_contexto_funcional,true
REL_f974b041903068,COMP_0987F386BB65,Carnitine,COMP_641008FC6BFE,Acetyl-L-Carnitine,RELACION_FUNCIONAL,SOPORTE_FUNCIONAL,derivados_carnitina,familia_carnitina_y_derivados,funcion_compartida_por_familia,relacion_funcional_por_familia_documentada,rule_based_functional_family,sintesis_funcional_conservadora,relacion_funcional_para_grafo;requiere_revision_de_dosis_poblacion_y_objetivo,media_baja_para_recomendacion_alta_para_contexto_funcional,true
REL_dc2e680c401685,COMP_0987F386BB65,Carnitine,COMP_F5A29301F61D,Propionyl-L-Carnitine,RELACION_FUNCIONAL,SOPORTE_FUNCIONAL,derivados_carnitina,familia_carnitina_y_derivados,funcion_compartida_por_familia,relacion_funcional_por_familia_documentada,rule_based_functional_family,sintesis_funcional_conservadora,relacion_funcional_para_grafo;requiere_revision_de_dosis_poblacion_y_objetivo,media_baja_para_recomendacion_alta_para_contexto_funcional,true
REL_3d63553771cb55,COMP_0987F386BB65,Carnitine,COMP_C68EA4BC057B,Acetyl L-Carnitine Arginate,RELACION_FUNCIONAL,SOPORTE_FUNCIONAL,derivados_carnitina,familia_carnitina_y_derivados,funcion_compartida_por_familia,relacion_funcional_por_familia_documentada,rule_based_functional_family,sintesis_funcional_conservadora,relacion_funcional_para_grafo;requiere_revision_de_dosis_poblacion_y_objetivo,media_baja_para_recomendacion_alta_para_contexto_funcional,true
REL_c796d809d11317,COMP_641008FC6BFE,Acetyl-L-Carnitine,COMP_FEC6879A2EEE,Acetyl L-Carnitine,RELACION_FUNCIONAL,SOPORTE_FUNCIONAL,derivados_carnitina,familia_carnitina_y_derivados,funcion_compartida_por_familia,relacion_funcional_por_familia_documentada,rule_based_functional_family,sintesis_funcional_conservadora,relacion_funcional_para_grafo;requiere_revision_de_dosis_poblacion_y_objetivo,media_baja_para_recomendacion_alta_para_contexto_funcional,true
REL_d445133244cc92,COMP_F5A29301F61D,Propionyl-L-Carnitine,COMP_FEC6879A2EEE,Acetyl L-Carnitine,RELACION_FUNCIONAL,SOPORTE_FUNCIONAL,derivados_carnitina,familia_carnitina_y_derivados,funcion_compartida_por_familia,relacion_funcional_por_familia_documentada,rule_based_functional_family,sintesis_funcional_conservadora,relacion_funcional_para_grafo;requiere_revision_de_dosis_poblacion_y_objetivo,media_baja_para_recomendacion_alta_para_contexto_funcional,true
REL_b20efbf94ae9ca,COMP_C68EA4BC057B,Acetyl L-Carnitine Arginate,COMP_FEC6879A2EEE,Acetyl L-Carnitine,RELACION_FUNCIONAL,SOPORTE_FUNCIONAL,derivados_carnitina,familia_carnitina_y_derivados,funcion_compartida_por_familia,relacion_funcional_por_familia_documentada,rule_based_functional_family,sintesis_funcional_conservadora,relacion_funcional_para_grafo;requiere_revision_de_dosis_poblacion_y_objetivo,media_baja_para_recomendacion_alta_para_contexto_funcional,true
REL_dbd324059c0881,COMP_641008FC6BFE,Acetyl-L-Carnitine,COMP_F5A29301F61D,Propionyl-L-Carnitine,RELACION_FUNCIONAL,SOPORTE_FUNCIONAL,derivados_carnitina,familia_carnitina_y_derivados,funcion_compartida_por_familia,relacion_funcional_por_familia_documentada,rule_based_functional_family,sintesis_funcional_conservadora,relacion_funcional_para_grafo;requiere_revision_de_dosis_poblacion_y_objetivo,media_baja_para_recomendacion_alta_para_contexto_funcional,true
REL_d6b1b3af6042b6,COMP_641008FC6BFE,Acetyl-L-Carnitine,COMP_C68EA4BC057B,Acetyl L-Carnitine Arginate,RELACION_FUNCIONAL,SOPORTE_FUNCIONAL,derivados_carnitina,familia_carnitina_y_derivados,funcion_compartida_por_familia,relacion_funcional_por_familia_documentada,rule_based_functional_family,sintesis_funcional_conservadora,relacion_funcional_para_grafo;requiere_revision_de_dosis_poblacion_y_objetivo,media_baja_para_recomendacion_alta_para_contexto_funcional,true
REL_9c253fc2185e92,COMP_C68EA4BC057B,Acetyl L-Carnitine Arginate,COMP_F5A29301F61D,Propionyl-L-Carnitine,RELACION_FUNCIONAL,SOPORTE_FUNCIONAL,derivados_carnitina,familia_carnitina_y_derivados,funcion_compartida_por_familia,relacion_funcional_por_familia_documentada,rule_based_functional_family,sintesis_funcional_conservadora,relacion_funcional_para_grafo;requiere_revision_de_dosis_poblacion_y_objetivo,media_baja_para_recomendacion_alta_para_contexto_funcional,true
REL_d265795fc496c0,COMP_032357BB73D3,1-androsterone,COMP_60A476CDB0BB,7-oxo-DHEA,RELACION_FUNCIONAL,REVISION_PRIORITARIA,hormonales_deportivos_androgenicos,contexto_hormonal_deportivo_o_sarm,funcion_compartida_por_familia,relacion_funcional_por_familia_documentada,rule_based_functional_family,sintesis_funcional_conservadora,relacion_funcional_para_grafo;requiere_revision_de_dosis_poblacion_y_objetivo,media_baja_para_recomendacion_alta_para_contexto_funcional,true
REL_6441b07f1e50b8,COMP_60A476CDB0BB,7-oxo-DHEA,COMP_E518EA157DDD,Androsterone 3-Acetate,RELACION_FUNCIONAL,REVISION_PRIORITARIA,hormonales_deportivos_androgenicos,contexto_hormonal_deportivo_o_sarm,funcion_compartida_por_familia,relacion_funcional_por_familia_documentada,rule_based_functional_family,sintesis_funcional_conservadora,relacion_funcional_para_grafo;requiere_revision_de_dosis_poblacion_y_objetivo,media_baja_para_recomendacion_alta_para_contexto_funcional,true
REL_5b14502f427e1f,COMP_60A476CDB0BB,7-oxo-DHEA,COMP_FFF867F0143C,S-23,RELACION_FUNCIONAL,REVISION_PRIORITARIA,hormonales_deportivos_androgenicos,contexto_hormonal_deportivo_o_sarm,funcion_compartida_por_familia,relacion_funcional_por_familia_documentada,rule_based_functional_family,sintesis_funcional_conservadora,relacion_funcional_para_grafo;requiere_revision_de_dosis_poblacion_y_objetivo,media_baja_para_recomendacion_alta_para_contexto_funcional,true
REL_5a9f049300b96e,COMP_0FB97DF288BD,Andarine,COMP_60A476CDB0BB,7-oxo-DHEA,RELACION_FUNCIONAL,REVISION_PRIORITARIA,hormonales_deportivos_androgenicos,contexto_hormonal_deportivo_o_sarm,funcion_compartida_por_familia,relacion_funcional_por_familia_documentada,rule_based_functional_family,sintesis_funcional_conservadora,relacion_funcional_para_grafo;requiere_revision_de_dosis_poblacion_y_objetivo,media_baja_para_recomendacion_alta_para_contexto_funcional,true
REL_d2cea9274f2c90,COMP_20A381788462,Ibutamoren,COMP_60A476CDB0BB,7-oxo-DHEA,RELACION_FUNCIONAL,REVISION_PRIORITARIA,hormonales_deportivos_androgenicos,contexto_hormonal_deportivo_o_sarm,funcion_compartida_por_familia,relacion_funcional_por_familia_documentada,rule_based_functional_family,sintesis_funcional_conservadora,relacion_funcional_para_grafo;requiere_revision_de_dosis_poblacion_y_objetivo,media_baja_para_recomendacion_alta_para_contexto_funcional,true
REL_cfc6b86fea4a71,COMP_2DC9C37A7500,YK-11,COMP_60A476CDB0BB,7-oxo-DHEA,RELACION_FUNCIONAL,REVISION_PRIORITARIA,hormonales_deportivos_androgenicos,contexto_hormonal_deportivo_o_sarm,funcion_compartida_por_familia,relacion_funcional_por_familia_documentada,rule_based_functional_family,sintesis_funcional_conservadora,relacion_funcional_para_grafo;requiere_revision_de_dosis_poblacion_y_objetivo,media_baja_para_recomendacion_alta_para_contexto_funcional,true
REL_a57c9804eb0dbe,COMP_60A476CDB0BB,7-oxo-DHEA,COMP_D83F496D52EF,D-Aspartic Acid,RELACION_FUNCIONAL,REVISION_PRIORITARIA,hormonales_deportivos_androgenicos,contexto_hormonal_deportivo_o_sarm,funcion_compartida_por_familia,relacion_funcional_por_familia_documentada,rule_based_functional_family,sintesis_funcional_conservadora,relacion_funcional_para_grafo;requiere_revision_de_dosis_poblacion_y_objetivo,media_baja_para_recomendacion_alta_para_contexto_funcional,true
REL_834b725340b583,COMP_032357BB73D3,1-androsterone,COMP_E518EA157DDD,Androsterone 3-Acetate,RELACION_FUNCIONAL,REVISION_PRIORITARIA,hormonales_deportivos_androgenicos,contexto_hormonal_deportivo_o_sarm,funcion_compartida_por_familia,relacion_funcional_por_familia_documentada,rule_based_functional_family,sintesis_funcional_conservadora,relacion_funcional_para_grafo;requiere_revision_de_dosis_poblacion_y_objetivo,media_baja_para_recomendacion_alta_para_contexto_funcional,true
REL_001b52b3602901,COMP_032357BB73D3,1-androsterone,COMP_FFF867F0143C,S-23,RELACION_FUNCIONAL,REVISION_PRIORITARIA,hormonales_deportivos_androgenicos,contexto_hormonal_deportivo_o_sarm,funcion_compartida_por_familia,relacion_funcional_por_familia_documentada,rule_based_functional_family,sintesis_funcional_conservadora,relacion_funcional_para_grafo;requiere_revision_de_dosis_poblacion_y_objetivo,media_baja_para_recomendacion_alta_para_contexto_funcional,true
REL_930ab9788b3db3,COMP_032357BB73D3,1-androsterone,COMP_0FB97DF288BD,Andarine,RELACION_FUNCIONAL,REVISION_PRIORITARIA,hormonales_deportivos_androgenicos,contexto_hormonal_deportivo_o_sarm,funcion_compartida_por_familia,relacion_funcional_por_familia_documentada,rule_based_functional_family,sintesis_funcional_conservadora,relacion_funcional_para_grafo;requiere_revision_de_dosis_poblacion_y_objetivo,media_baja_para_recomendacion_alta_para_contexto_funcional,true
REL_ccdd46c453b30e,COMP_032357BB73D3,1-androsterone,COMP_20A381788462,Ibutamoren,RELACION_FUNCIONAL,REVISION_PRIORITARIA,hormonales_deportivos_androgenicos,contexto_hormonal_deportivo_o_sarm,funcion_compartida_por_familia,relacion_funcional_por_familia_documentada,rule_based_functional_family,sintesis_funcional_conservadora,relacion_funcional_para_grafo;requiere_revision_de_dosis_poblacion_y_objetivo,media_baja_para_recomendacion_alta_para_contexto_funcional,true
REL_ec168967f1d4b2,COMP_032357BB73D3,1-androsterone,COMP_2DC9C37A7500,YK-11,RELACION_FUNCIONAL,REVISION_PRIORITARIA,hormonales_deportivos_androgenicos,contexto_hormonal_deportivo_o_sarm,funcion_compartida_por_familia,relacion_funcional_por_familia_documentada,rule_based_functional_family,sintesis_funcional_conservadora,relacion_funcional_para_grafo;requiere_revision_de_dosis_poblacion_y_objetivo,media_baja_para_recomendacion_alta_para_contexto_funcional,true
REL_6157ffb295a155,COMP_032357BB73D3,1-androsterone,COMP_D83F496D52EF,D-Aspartic Acid,RELACION_FUNCIONAL,REVISION_PRIORITARIA,hormonales_deportivos_androgenicos,contexto_hormonal_deportivo_o_sarm,funcion_compartida_por_familia,relacion_funcional_por_familia_documentada,rule_based_functional_family,sintesis_funcional_conservadora,relacion_funcional_para_grafo;requiere_revision_de_dosis_poblacion_y_objetivo,media_baja_para_recomendacion_alta_para_contexto_funcional,true
REL_d525c538700f16,COMP_E518EA157DDD,Androsterone 3-Acetate,COMP_FFF867F0143C,S-23,RELACION_FUNCIONAL,REVISION_PRIORITARIA,hormonales_deportivos_androgenicos,contexto_hormonal_deportivo_o_sarm,funcion_compartida_por_familia,relacion_funcional_por_familia_documentada,rule_based_functional_family,sintesis_funcional_conservadora,relacion_funcional_para_grafo;requiere_revision_de_dosis_poblacion_y_objetivo,media_baja_para_recomendacion_alta_para_contexto_funcional,true
REL_622a0cc23ae9e4,COMP_0FB97DF288BD,Andarine,COMP_E518EA157DDD,Androsterone 3-Acetate,RELACION_FUNCIONAL,REVISION_PRIORITARIA,hormonales_deportivos_androgenicos,contexto_hormonal_deportivo_o_sarm,funcion_compartida_por_familia,relacion_funcional_por_familia_documentada,rule_based_functional_family,sintesis_funcional_conservadora,relacion_funcional_para_grafo;requiere_revision_de_dosis_poblacion_y_objetivo,media_baja_para_recomendacion_alta_para_contexto_funcional,true
REL_b5a0aaf9320eb1,COMP_20A381788462,Ibutamoren,COMP_E518EA157DDD,Androsterone 3-Acetate,RELACION_FUNCIONAL,REVISION_PRIORITARIA,hormonales_deportivos_androgenicos,contexto_hormonal_deportivo_o_sarm,funcion_compartida_por_familia,relacion_funcional_por_familia_documentada,rule_based_functional_family,sintesis_funcional_conservadora,relacion_funcional_para_grafo;requiere_revision_de_dosis_poblacion_y_objetivo,media_baja_para_recomendacion_alta_para_contexto_funcional,true
REL_3b1596397ed68e,COMP_2DC9C37A7500,YK-11,COMP_E518EA157DDD,Androsterone 3-Acetate,RELACION_FUNCIONAL,REVISION_PRIORITARIA,hormonales_deportivos_androgenicos,contexto_hormonal_deportivo_o_sarm,funcion_compartida_por_familia,relacion_funcional_por_familia_documentada,rule_based_functional_family,sintesis_funcional_conservadora,relacion_funcional_para_grafo;requiere_revision_de_dosis_poblacion_y_objetivo,media_baja_para_recomendacion_alta_para_contexto_funcional,true
REL_2ae5d7862d6a36,COMP_D83F496D52EF,D-Aspartic Acid,COMP_E518EA157DDD,Androsterone 3-Acetate,RELACION_FUNCIONAL,REVISION_PRIORITARIA,hormonales_deportivos_androgenicos,contexto_hormonal_deportivo_o_sarm,funcion_compartida_por_familia,relacion_funcional_por_familia_documentada,rule_based_functional_family,sintesis_funcional_conservadora,relacion_funcional_para_grafo;requiere_revision_de_dosis_poblacion_y_objetivo,media_baja_para_recomendacion_alta_para_contexto_funcional,true
REL_d9088c55a5482d,COMP_0FB97DF288BD,Andarine,COMP_FFF867F0143C,S-23,RELACION_FUNCIONAL,REVISION_PRIORITARIA,hormonales_deportivos_androgenicos,contexto_hormonal_deportivo_o_sarm,funcion_compartida_por_familia,relacion_funcional_por_familia_documentada,rule_based_functional_family,sintesis_funcional_conservadora,relacion_funcional_para_grafo;requiere_revision_de_dosis_poblacion_y_objetivo,media_baja_para_recomendacion_alta_para_contexto_funcional,true
REL_05cadfebd0e53e,COMP_20A381788462,Ibutamoren,COMP_FFF867F0143C,S-23,RELACION_FUNCIONAL,REVISION_PRIORITARIA,hormonales_deportivos_androgenicos,contexto_hormonal_deportivo_o_sarm,funcion_compartida_por_familia,relacion_funcional_por_familia_documentada,rule_based_functional_family,sintesis_funcional_conservadora,relacion_funcional_para_grafo;requiere_revision_de_dosis_poblacion_y_objetivo,media_baja_para_recomendacion_alta_para_contexto_funcional,true
REL_31d0e530f89ae7,COMP_2DC9C37A7500,YK-11,COMP_FFF867F0143C,S-23,RELACION_FUNCIONAL,REVISION_PRIORITARIA,hormonales_deportivos_androgenicos,contexto_hormonal_deportivo_o_sarm,funcion_compartida_por_familia,relacion_funcional_por_familia_documentada,rule_based_functional_family,sintesis_funcional_conservadora,relacion_funcional_para_grafo;requiere_revision_de_dosis_poblacion_y_objetivo,media_baja_para_recomendacion_alta_para_contexto_funcional,true
REL_891f687a833c61,COMP_D83F496D52EF,D-Aspartic Acid,COMP_FFF867F0143C,S-23,RELACION_FUNCIONAL,REVISION_PRIORITARIA,hormonales_deportivos_androgenicos,contexto_hormonal_deportivo_o_sarm,funcion_compartida_por_familia,relacion_funcional_por_familia_documentada,rule_based_functional_family,sintesis_funcional_conservadora,relacion_funcional_para_grafo;requiere_revision_de_dosis_poblacion_y_objetivo,media_baja_para_recomendacion_alta_para_contexto_funcional,true
REL_f2ed076aa4c38c,COMP_0FB97DF288BD,Andarine,COMP_20A381788462,Ibutamoren,RELACION_FUNCIONAL,REVISION_PRIORITARIA,hormonales_deportivos_androgenicos,contexto_hormonal_deportivo_o_sarm,funcion_compartida_por_familia,relacion_funcional_por_familia_documentada,rule_based_functional_family,sintesis_funcional_conservadora,relacion_funcional_para_grafo;requiere_revision_de_dosis_poblacion_y_objetivo,media_baja_para_recomendacion_alta_para_contexto_funcional,true
REL_53d86cb085347d,COMP_0FB97DF288BD,Andarine,COMP_2DC9C37A7500,YK-11,RELACION_FUNCIONAL,REVISION_PRIORITARIA,hormonales_deportivos_androgenicos,contexto_hormonal_deportivo_o_sarm,funcion_compartida_por_familia,relacion_funcional_por_familia_documentada,rule_based_functional_family,sintesis_funcional_conservadora,relacion_funcional_para_grafo;requiere_revision_de_dosis_poblacion_y_objetivo,media_baja_para_recomendacion_alta_para_contexto_funcional,true
REL_a98a89924f2d8e,COMP_0FB97DF288BD,Andarine,COMP_D83F496D52EF,D-Aspartic Acid,RELACION_FUNCIONAL,REVISION_PRIORITARIA,hormonales_deportivos_androgenicos,contexto_hormonal_deportivo_o_sarm,funcion_compartida_por_familia,relacion_funcional_por_familia_documentada,rule_based_functional_family,sintesis_funcional_conservadora,relacion_funcional_para_grafo;requiere_revision_de_dosis_poblacion_y_objetivo,media_baja_para_recomendacion_alta_para_contexto_funcional,true
REL_5f8dd1b9df24a7,COMP_20A381788462,Ibutamoren,COMP_2DC9C37A7500,YK-11,RELACION_FUNCIONAL,REVISION_PRIORITARIA,hormonales_deportivos_androgenicos,contexto_hormonal_deportivo_o_sarm,funcion_compartida_por_familia,relacion_funcional_por_familia_documentada,rule_based_functional_family,sintesis_funcional_conservadora,relacion_funcional_para_grafo;requiere_revision_de_dosis_poblacion_y_objetivo,media_baja_para_recomendacion_alta_para_contexto_funcional,true
REL_7f9cea48ac38c3,COMP_20A381788462,Ibutamoren,COMP_D83F496D52EF,D-Aspartic Acid,RELACION_FUNCIONAL,REVISION_PRIORITARIA,hormonales_deportivos_androgenicos,contexto_hormonal_deportivo_o_sarm,funcion_compartida_por_familia,relacion_funcional_por_familia_documentada,rule_based_functional_family,sintesis_funcional_conservadora,relacion_funcional_para_grafo;requiere_revision_de_dosis_poblacion_y_objetivo,media_baja_para_recomendacion_alta_para_contexto_funcional,true
REL_bd3185c141e928,COMP_2DC9C37A7500,YK-11,COMP_D83F496D52EF,D-Aspartic Acid,RELACION_FUNCIONAL,REVISION_PRIORITARIA,hormonales_deportivos_androgenicos,contexto_hormonal_deportivo_o_sarm,funcion_compartida_por_familia,relacion_funcional_por_familia_documentada,rule_based_functional_family,sintesis_funcional_conservadora,relacion_funcional_para_grafo;requiere_revision_de_dosis_poblacion_y_objetivo,media_baja_para_recomendacion_alta_para_contexto_funcional,true
REL_6001cb934d54c0,COMP_252C51860327,Chromium,COMP_712492A919C7,Cesium chloride,RELACION_FUNCIONAL,REVISION_PRIORITARIA,minerales_especiales_riesgo_revision,minerales_y_metales_con_contexto_de_seguridad,funcion_compartida_por_familia,relacion_funcional_por_familia_documentada,rule_based_functional_family,sintesis_funcional_conservadora,relacion_funcional_para_grafo;requiere_revision_de_dosis_poblacion_y_objetivo,media_baja_para_recomendacion_alta_para_contexto_funcional,true
REL_e9ab184781825a,COMP_3F24EA59D864,Chromium Picolinate,COMP_712492A919C7,Cesium chloride,RELACION_FUNCIONAL,REVISION_PRIORITARIA,minerales_especiales_riesgo_revision,minerales_y_metales_con_contexto_de_seguridad,funcion_compartida_por_familia,relacion_funcional_por_familia_documentada,rule_based_functional_family,sintesis_funcional_conservadora,relacion_funcional_para_grafo;requiere_revision_de_dosis_poblacion_y_objetivo,media_baja_para_recomendacion_alta_para_contexto_funcional,true
REL_8a8733a94be4b5,COMP_712492A919C7,Cesium chloride,COMP_E388F25D01B8,Cobre,RELACION_FUNCIONAL,REVISION_PRIORITARIA,minerales_especiales_riesgo_revision,minerales_y_metales_con_contexto_de_seguridad,funcion_compartida_por_familia,relacion_funcional_por_familia_documentada,rule_based_functional_family,sintesis_funcional_conservadora,relacion_funcional_para_grafo;requiere_revision_de_dosis_poblacion_y_objetivo,media_baja_para_recomendacion_alta_para_contexto_funcional,true
REL_e6b75dab3aa7e1,COMP_712492A919C7,Cesium chloride,COMP_9C5C72058DB1,Copper,RELACION_FUNCIONAL,REVISION_PRIORITARIA,minerales_especiales_riesgo_revision,minerales_y_metales_con_contexto_de_seguridad,funcion_compartida_por_familia,relacion_funcional_por_familia_documentada,rule_based_functional_family,sintesis_funcional_conservadora,relacion_funcional_para_grafo;requiere_revision_de_dosis_poblacion_y_objetivo,media_baja_para_recomendacion_alta_para_contexto_funcional,true
REL_f5791cd4bd3276,COMP_712492A919C7,Cesium chloride,COMP_723DBC80CC4E,Zinc,RELACION_FUNCIONAL,REVISION_PRIORITARIA,minerales_especiales_riesgo_revision,minerales_y_metales_con_contexto_de_seguridad,funcion_compartida_por_familia,relacion_funcional_por_familia_documentada,rule_based_functional_family,sintesis_funcional_conservadora,relacion_funcional_para_grafo;requiere_revision_de_dosis_poblacion_y_objetivo,media_baja_para_recomendacion_alta_para_contexto_funcional,true
REL_cccde030c9b6f5,COMP_712492A919C7,Cesium chloride,COMP_781B4EA1D853,Selenium,RELACION_FUNCIONAL,REVISION_PRIORITARIA,minerales_especiales_riesgo_revision,minerales_y_metales_con_contexto_de_seguridad,funcion_compartida_por_familia,relacion_funcional_por_familia_documentada,rule_based_functional_family,sintesis_funcional_conservadora,relacion_funcional_para_grafo;requiere_revision_de_dosis_poblacion_y_objetivo,media_baja_para_recomendacion_alta_para_contexto_funcional,true
REL_13c805d1a0268c,COMP_712492A919C7,Cesium chloride,COMP_B6A8F8958154,Iron,RELACION_FUNCIONAL,REVISION_PRIORITARIA,minerales_especiales_riesgo_revision,minerales_y_metales_con_contexto_de_seguridad,funcion_compartida_por_familia,relacion_funcional_por_familia_documentada,rule_based_functional_family,sintesis_funcional_conservadora,relacion_funcional_para_grafo;requiere_revision_de_dosis_poblacion_y_objetivo,media_baja_para_recomendacion_alta_para_contexto_funcional,true
REL_86cf3142aa4eaa,COMP_252C51860327,Chromium,COMP_3F24EA59D864,Chromium Picolinate,RELACION_FUNCIONAL,REVISION_PRIORITARIA,minerales_especiales_riesgo_revision,minerales_y_metales_con_contexto_de_seguridad,funcion_compartida_por_familia,relacion_funcional_por_familia_documentada,rule_based_functional_family,sintesis_funcional_conservadora,relacion_funcional_para_grafo;requiere_revision_de_dosis_poblacion_y_objetivo,media_baja_para_recomendacion_alta_para_contexto_funcional,true
REL_c90301af3e972f,COMP_252C51860327,Chromium,COMP_E388F25D01B8,Cobre,RELACION_FUNCIONAL,REVISION_PRIORITARIA,minerales_especiales_riesgo_revision,minerales_y_metales_con_contexto_de_seguridad,funcion_compartida_por_familia,relacion_funcional_por_familia_documentada,rule_based_functional_family,sintesis_funcional_conservadora,relacion_funcional_para_grafo;requiere_revision_de_dosis_poblacion_y_objetivo,media_baja_para_recomendacion_alta_para_contexto_funcional,true
REL_d42dbaa2c50aef,COMP_252C51860327,Chromium,COMP_9C5C72058DB1,Copper,RELACION_FUNCIONAL,REVISION_PRIORITARIA,minerales_especiales_riesgo_revision,minerales_y_metales_con_contexto_de_seguridad,funcion_compartida_por_familia,relacion_funcional_por_familia_documentada,rule_based_functional_family,sintesis_funcional_conservadora,relacion_funcional_para_grafo;requiere_revision_de_dosis_poblacion_y_objetivo,media_baja_para_recomendacion_alta_para_contexto_funcional,true
REL_80f3413fee75f6,COMP_252C51860327,Chromium,COMP_723DBC80CC4E,Zinc,RELACION_FUNCIONAL,REVISION_PRIORITARIA,minerales_especiales_riesgo_revision,minerales_y_metales_con_contexto_de_seguridad,funcion_compartida_por_familia,relacion_funcional_por_familia_documentada,rule_based_functional_family,sintesis_funcional_conservadora,relacion_funcional_para_grafo;requiere_revision_de_dosis_poblacion_y_objetivo,media_baja_para_recomendacion_alta_para_contexto_funcional,true
REL_995feba88e61db,COMP_252C51860327,Chromium,COMP_781B4EA1D853,Selenium,RELACION_FUNCIONAL,REVISION_PRIORITARIA,minerales_especiales_riesgo_revision,minerales_y_metales_con_contexto_de_seguridad,funcion_compartida_por_familia,relacion_funcional_por_familia_documentada,rule_based_functional_family,sintesis_funcional_conservadora,relacion_funcional_para_grafo;requiere_revision_de_dosis_poblacion_y_objetivo,media_baja_para_recomendacion_alta_para_contexto_funcional,true
REL_3b876d681444c1,COMP_252C51860327,Chromium,COMP_B6A8F8958154,Iron,RELACION_FUNCIONAL,REVISION_PRIORITARIA,minerales_especiales_riesgo_revision,minerales_y_metales_con_contexto_de_seguridad,funcion_compartida_por_familia,relacion_funcional_por_familia_documentada,rule_based_functional_family,sintesis_funcional_conservadora,relacion_funcional_para_grafo;requiere_revision_de_dosis_poblacion_y_objetivo,media_baja_para_recomendacion_alta_para_contexto_funcional,true
REL_308d01f7a6802a,COMP_3F24EA59D864,Chromium Picolinate,COMP_E388F25D01B8,Cobre,RELACION_FUNCIONAL,REVISION_PRIORITARIA,minerales_especiales_riesgo_revision,minerales_y_metales_con_contexto_de_seguridad,funcion_compartida_por_familia,relacion_funcional_por_familia_documentada,rule_based_functional_family,sintesis_funcional_conservadora,relacion_funcional_para_grafo;requiere_revision_de_dosis_poblacion_y_objetivo,media_baja_para_recomendacion_alta_para_contexto_funcional,true
REL_dfaaa4c4598dcf,COMP_3F24EA59D864,Chromium Picolinate,COMP_9C5C72058DB1,Copper,RELACION_FUNCIONAL,REVISION_PRIORITARIA,minerales_especiales_riesgo_revision,minerales_y_metales_con_contexto_de_seguridad,funcion_compartida_por_familia,relacion_funcional_por_familia_documentada,rule_based_functional_family,sintesis_funcional_conservadora,relacion_funcional_para_grafo;requiere_revision_de_dosis_poblacion_y_objetivo,media_baja_para_recomendacion_alta_para_contexto_funcional,true
REL_9b3740400ab414,COMP_3F24EA59D864,Chromium Picolinate,COMP_723DBC80CC4E,Zinc,RELACION_FUNCIONAL,REVISION_PRIORITARIA,minerales_especiales_riesgo_revision,minerales_y_metales_con_contexto_de_seguridad,funcion_compartida_por_familia,relacion_funcional_por_familia_documentada,rule_based_functional_family,sintesis_funcional_conservadora,relacion_funcional_para_grafo;requiere_revision_de_dosis_poblacion_y_objetivo,media_baja_para_recomendacion_alta_para_contexto_funcional,true
REL_f0ec077e79bab5,COMP_3F24EA59D864,Chromium Picolinate,COMP_781B4EA1D853,Selenium,RELACION_FUNCIONAL,REVISION_PRIORITARIA,minerales_especiales_riesgo_revision,minerales_y_metales_con_contexto_de_seguridad,funcion_compartida_por_familia,relacion_funcional_por_familia_documentada,rule_based_functional_family,sintesis_funcional_conservadora,relacion_funcional_para_grafo;requiere_revision_de_dosis_poblacion_y_objetivo,media_baja_para_recomendacion_alta_para_contexto_funcional,true
REL_b90f80a6008a81,COMP_3F24EA59D864,Chromium Picolinate,COMP_B6A8F8958154,Iron,RELACION_FUNCIONAL,REVISION_PRIORITARIA,minerales_especiales_riesgo_revision,minerales_y_metales_con_contexto_de_seguridad,funcion_compartida_por_familia,relacion_funcional_por_familia_documentada,rule_based_functional_family,sintesis_funcional_conservadora,relacion_funcional_para_grafo;requiere_revision_de_dosis_poblacion_y_objetivo,media_baja_para_recomendacion_alta_para_contexto_funcional,true
REL_0ca98a3fed8b7b,COMP_9C5C72058DB1,Copper,COMP_E388F25D01B8,Cobre,RELACION_FUNCIONAL,REVISION_PRIORITARIA,minerales_especiales_riesgo_revision,minerales_y_metales_con_contexto_de_seguridad,funcion_compartida_por_familia,relacion_funcional_por_familia_documentada,rule_based_functional_family,sintesis_funcional_conservadora,relacion_funcional_para_grafo;requiere_revision_de_dosis_poblacion_y_objetivo,media_baja_para_recomendacion_alta_para_contexto_funcional,true
REL_3dcf76e5708e51,COMP_723DBC80CC4E,Zinc,COMP_E388F25D01B8,Cobre,RELACION_FUNCIONAL,REVISION_PRIORITARIA,minerales_especiales_riesgo_revision,minerales_y_metales_con_contexto_de_seguridad,funcion_compartida_por_familia,relacion_funcional_por_familia_documentada,rule_based_functional_family,sintesis_funcional_conservadora,relacion_funcional_para_grafo;requiere_revision_de_dosis_poblacion_y_objetivo,media_baja_para_recomendacion_alta_para_contexto_funcional,true
REL_885ef8d2cee6ad,COMP_781B4EA1D853,Selenium,COMP_E388F25D01B8,Cobre,RELACION_FUNCIONAL,REVISION_PRIORITARIA,minerales_especiales_riesgo_revision,minerales_y_metales_con_contexto_de_seguridad,funcion_compartida_por_familia,relacion_funcional_por_familia_documentada,rule_based_functional_family,sintesis_funcional_conservadora,relacion_funcional_para_grafo;requiere_revision_de_dosis_poblacion_y_objetivo,media_baja_para_recomendacion_alta_para_contexto_funcional,true
REL_77d618e8bcf679,COMP_B6A8F8958154,Iron,COMP_E388F25D01B8,Cobre,RELACION_FUNCIONAL,REVISION_PRIORITARIA,minerales_especiales_riesgo_revision,minerales_y_metales_con_contexto_de_seguridad,funcion_compartida_por_familia,relacion_funcional_por_familia_documentada,rule_based_functional_family,sintesis_funcional_conservadora,relacion_funcional_para_grafo;requiere_revision_de_dosis_poblacion_y_objetivo,media_baja_para_recomendacion_alta_para_contexto_funcional,true
REL_433c1465a6afcb,COMP_723DBC80CC4E,Zinc,COMP_9C5C72058DB1,Copper,RELACION_FUNCIONAL,REVISION_PRIORITARIA,minerales_especiales_riesgo_revision,minerales_y_metales_con_contexto_de_seguridad,funcion_compartida_por_familia,relacion_funcional_por_familia_documentada,rule_based_functional_family,sintesis_funcional_conservadora,relacion_funcional_para_grafo;requiere_revision_de_dosis_poblacion_y_objetivo,media_baja_para_recomendacion_alta_para_contexto_funcional,true
REL_97c1f7244bb6c7,COMP_781B4EA1D853,Selenium,COMP_9C5C72058DB1,Copper,RELACION_FUNCIONAL,REVISION_PRIORITARIA,minerales_especiales_riesgo_revision,minerales_y_metales_con_contexto_de_seguridad,funcion_compartida_por_familia,relacion_funcional_por_familia_documentada,rule_based_functional_family,sintesis_funcional_conservadora,relacion_funcional_para_grafo;requiere_revision_de_dosis_poblacion_y_objetivo,media_baja_para_recomendacion_alta_para_contexto_funcional,true
REL_b4220a05f49a8c,COMP_9C5C72058DB1,Copper,COMP_B6A8F8958154,Iron,RELACION_FUNCIONAL,REVISION_PRIORITARIA,minerales_especiales_riesgo_revision,minerales_y_metales_con_contexto_de_seguridad,funcion_compartida_por_familia,relacion_funcional_por_familia_documentada,rule_based_functional_family,sintesis_funcional_conservadora,relacion_funcional_para_grafo;requiere_revision_de_dosis_poblacion_y_objetivo,media_baja_para_recomendacion_alta_para_contexto_funcional,true
REL_629ba87ea4a571,COMP_723DBC80CC4E,Zinc,COMP_781B4EA1D853,Selenium,RELACION_FUNCIONAL,REVISION_PRIORITARIA,minerales_especiales_riesgo_revision,minerales_y_metales_con_contexto_de_seguridad,funcion_compartida_por_familia,relacion_funcional_por_familia_documentada,rule_based_functional_family,sintesis_funcional_conservadora,relacion_funcional_para_grafo;requiere_revision_de_dosis_poblacion_y_objetivo,media_baja_para_recomendacion_alta_para_contexto_funcional,true
REL_19467ac7061b4c,COMP_723DBC80CC4E,Zinc,COMP_B6A8F8958154,Iron,RELACION_FUNCIONAL,REVISION_PRIORITARIA,minerales_especiales_riesgo_revision,minerales_y_metales_con_contexto_de_seguridad,funcion_compartida_por_familia,relacion_funcional_por_familia_documentada,rule_based_functional_family,sintesis_funcional_conservadora,relacion_funcional_para_grafo;requiere_revision_de_dosis_poblacion_y_objetivo,media_baja_para_recomendacion_alta_para_contexto_funcional,true
REL_cdcf1193993d92,COMP_781B4EA1D853,Selenium,COMP_B6A8F8958154,Iron,RELACION_FUNCIONAL,REVISION_PRIORITARIA,minerales_especiales_riesgo_revision,minerales_y_metales_con_contexto_de_seguridad,funcion_compartida_por_familia,relacion_funcional_por_familia_documentada,rule_based_functional_family,sintesis_funcional_conservadora,relacion_funcional_para_grafo;requiere_revision_de_dosis_poblacion_y_objetivo,media_baja_para_recomendacion_alta_para_contexto_funcional,true
REL_740af037d73a60,COMP_4CC6F23AE151,Rebaudioside A,COMP_84DE4BDCE9AE,S-Methylmethionine,RELACION_FUNCIONAL,SOPORTE_FUNCIONAL,edulcorantes_metabolicos,metabolismo_glucosa_lipidos_o_compuestos_dieteticos,funcion_compartida_por_familia,relacion_funcional_por_familia_documentada,rule_based_functional_family,sintesis_funcional_conservadora,relacion_funcional_para_grafo;requiere_revision_de_dosis_poblacion_y_objetivo,media_baja_para_recomendacion_alta_para_contexto_funcional,true
REL_d49c78d2901b1b,COMP_4CC6F23AE151,Rebaudioside A,COMP_A902DBE453E0,4-hydroxyisoleucine,RELACION_FUNCIONAL,SOPORTE_FUNCIONAL,edulcorantes_metabolicos,metabolismo_glucosa_lipidos_o_compuestos_dieteticos,funcion_compartida_por_familia,relacion_funcional_por_familia_documentada,rule_based_functional_family,sintesis_funcional_conservadora,relacion_funcional_para_grafo;requiere_revision_de_dosis_poblacion_y_objetivo,media_baja_para_recomendacion_alta_para_contexto_funcional,true
REL_0120a09c1c433d,COMP_4CC6F23AE151,Rebaudioside A,COMP_5EF36574B548,Plant stanol esters,RELACION_FUNCIONAL,SOPORTE_FUNCIONAL,edulcorantes_metabolicos,metabolismo_glucosa_lipidos_o_compuestos_dieteticos,funcion_compartida_por_familia,relacion_funcional_por_familia_documentada,rule_based_functional_family,sintesis_funcional_conservadora,relacion_funcional_para_grafo;requiere_revision_de_dosis_poblacion_y_objetivo,media_baja_para_recomendacion_alta_para_contexto_funcional,true
REL_eea204a4f3694f,COMP_252C51860327,Chromium,COMP_4CC6F23AE151,Rebaudioside A,RELACION_FUNCIONAL,SOPORTE_FUNCIONAL,edulcorantes_metabolicos,metabolismo_glucosa_lipidos_o_compuestos_dieteticos,funcion_compartida_por_familia,relacion_funcional_por_familia_documentada,rule_based_functional_family,sintesis_funcional_conservadora,relacion_funcional_para_grafo;requiere_revision_de_dosis_poblacion_y_objetivo,media_baja_para_recomendacion_alta_para_contexto_funcional,true
REL_54b4d0ea2013b3,COMP_84DE4BDCE9AE,S-Methylmethionine,COMP_A902DBE453E0,4-hydroxyisoleucine,RELACION_FUNCIONAL,SOPORTE_FUNCIONAL,edulcorantes_metabolicos,metabolismo_glucosa_lipidos_o_compuestos_dieteticos,funcion_compartida_por_familia,relacion_funcional_por_familia_documentada,rule_based_functional_family,sintesis_funcional_conservadora,relacion_funcional_para_grafo;requiere_revision_de_dosis_poblacion_y_objetivo,media_baja_para_recomendacion_alta_para_contexto_funcional,true
REL_ac078ffc16cd02,COMP_5EF36574B548,Plant stanol esters,COMP_84DE4BDCE9AE,S-Methylmethionine,RELACION_FUNCIONAL,SOPORTE_FUNCIONAL,edulcorantes_metabolicos,metabolismo_glucosa_lipidos_o_compuestos_dieteticos,funcion_compartida_por_familia,relacion_funcional_por_familia_documentada,rule_based_functional_family,sintesis_funcional_conservadora,relacion_funcional_para_grafo;requiere_revision_de_dosis_poblacion_y_objetivo,media_baja_para_recomendacion_alta_para_contexto_funcional,true
REL_fbb68718e9afe6,COMP_252C51860327,Chromium,COMP_84DE4BDCE9AE,S-Methylmethionine,RELACION_FUNCIONAL,SOPORTE_FUNCIONAL,edulcorantes_metabolicos,metabolismo_glucosa_lipidos_o_compuestos_dieteticos,funcion_compartida_por_familia,relacion_funcional_por_familia_documentada,rule_based_functional_family,sintesis_funcional_conservadora,relacion_funcional_para_grafo;requiere_revision_de_dosis_poblacion_y_objetivo,media_baja_para_recomendacion_alta_para_contexto_funcional,true
REL_f0b8c91b592c0e,COMP_5EF36574B548,Plant stanol esters,COMP_A902DBE453E0,4-hydroxyisoleucine,RELACION_FUNCIONAL,SOPORTE_FUNCIONAL,edulcorantes_metabolicos,metabolismo_glucosa_lipidos_o_compuestos_dieteticos,funcion_compartida_por_familia,relacion_funcional_por_familia_documentada,rule_based_functional_family,sintesis_funcional_conservadora,relacion_funcional_para_grafo;requiere_revision_de_dosis_poblacion_y_objetivo,media_baja_para_recomendacion_alta_para_contexto_funcional,true
REL_b48c5f545bfe01,COMP_252C51860327,Chromium,COMP_A902DBE453E0,4-hydroxyisoleucine,RELACION_FUNCIONAL,SOPORTE_FUNCIONAL,edulcorantes_metabolicos,metabolismo_glucosa_lipidos_o_compuestos_dieteticos,funcion_compartida_por_familia,relacion_funcional_por_familia_documentada,rule_based_functional_family,sintesis_funcional_conservadora,relacion_funcional_para_grafo;requiere_revision_de_dosis_poblacion_y_objetivo,media_baja_para_recomendacion_alta_para_contexto_funcional,true
REL_ff9f6800b10682,COMP_252C51860327,Chromium,COMP_5EF36574B548,Plant stanol esters,RELACION_FUNCIONAL,SOPORTE_FUNCIONAL,edulcorantes_metabolicos,metabolismo_glucosa_lipidos_o_compuestos_dieteticos,funcion_compartida_por_familia,relacion_funcional_por_familia_documentada,rule_based_functional_family,sintesis_funcional_conservadora,relacion_funcional_para_grafo;requiere_revision_de_dosis_poblacion_y_objetivo,media_baja_para_recomendacion_alta_para_contexto_funcional,true
REL_b399a1b7517ea1,COMP_252C51860327,Chromium,COMP_3F24EA59D864,Chromium Picolinate,RELACION_DE_NORMALIZACION,NORMALIZACION_COMPONENTE,normalizacion_a_componente_base,normalizacion_limpieza_o_descomposicion_de_nombre,source_name_points_to_base_component,relacion_derivada_por_normalizacion_conservadora,rule_based_name_resolution,normalizacion_interna_auditable,usar_para_limpieza_matching_y_expansion_de_grafo_no_para_recomendacion_clinica,media_para_limpieza_no_clinica,true
REL_23286ac7ab51fa,COMP_153CD3CDEDF5,Folate,COMP_A9136ADF22F7,FolateFolacin,RELACION_DE_NORMALIZACION,NORMALIZACION_COMPONENTE,normalizacion_a_componente_base,normalizacion_limpieza_o_descomposicion_de_nombre,source_name_points_to_base_component,relacion_derivada_por_normalizacion_conservadora,rule_based_name_resolution,normalizacion_interna_auditable,usar_para_limpieza_matching_y_expansion_de_grafo_no_para_recomendacion_clinica,media_para_limpieza_no_clinica,true
REL_67d5154a185305,COMP_1F009B83CDFA,N-methyglycineMagnesium SarcosylateSarcosine HydrochlorideSodium Sarcosinate,COMP_83336712C554,Magnesium,RELACION_DE_NORMALIZACION,NORMALIZACION_COMPONENTE,normalizacion_a_componente_base,normalizacion_limpieza_o_descomposicion_de_nombre,source_name_points_to_base_component,relacion_derivada_por_normalizacion_conservadora,rule_based_name_resolution,normalizacion_interna_auditable,usar_para_limpieza_matching_y_expansion_de_grafo_no_para_recomendacion_clinica,media_para_limpieza_no_clinica,true
REL_01b5c3eeaa52b4,COMP_34FD41E03B30,25-hydroxycholecalciferol25-hydroxy vitamin D3Calcifediol anhydrousDedrogylDelakminDidrogylRayaldee,COMP_8C56C31FBB78,Vitamin D,RELACION_DE_NORMALIZACION,NORMALIZACION_COMPONENTE,normalizacion_a_componente_base,normalizacion_limpieza_o_descomposicion_de_nombre,source_name_points_to_base_component,relacion_derivada_por_normalizacion_conservadora,rule_based_name_resolution,normalizacion_interna_auditable,usar_para_limpieza_matching_y_expansion_de_grafo_no_para_recomendacion_clinica,media_para_limpieza_no_clinica,true
REL_fae79a3e0f8cce,COMP_0987F386BB65,Carnitine,COMP_FEC6879A2EEE,Acetyl L-Carnitine,RELACION_DE_NORMALIZACION,NORMALIZACION_COMPONENTE,normalizacion_a_componente_base,normalizacion_limpieza_o_descomposicion_de_nombre,source_name_points_to_base_component,relacion_derivada_por_normalizacion_conservadora,rule_based_name_resolution,normalizacion_interna_auditable,usar_para_limpieza_matching_y_expansion_de_grafo_no_para_recomendacion_clinica,media_para_limpieza_no_clinica,true
REL_43d2607dedf4ff,COMP_0987F386BB65,Carnitine,COMP_641008FC6BFE,Acetyl-L-Carnitine,RELACION_DE_NORMALIZACION,NORMALIZACION_COMPONENTE,normalizacion_a_componente_base,normalizacion_limpieza_o_descomposicion_de_nombre,source_name_points_to_base_component,relacion_derivada_por_normalizacion_conservadora,rule_based_name_resolution,normalizacion_interna_auditable,usar_para_limpieza_matching_y_expansion_de_grafo_no_para_recomendacion_clinica,media_para_limpieza_no_clinica,true
REL_72bdf74bfc7b3d,COMP_3B7058496041,L-Phenylalanine,COMP_506514090324,L-Alanine,RELACION_DE_NORMALIZACION,NORMALIZACION_COMPONENTE,normalizacion_a_componente_base,normalizacion_limpieza_o_descomposicion_de_nombre,source_name_points_to_base_component,relacion_derivada_por_normalizacion_conservadora,rule_based_name_resolution,normalizacion_interna_auditable,usar_para_limpieza_matching_y_expansion_de_grafo_no_para_recomendacion_clinica,media_para_limpieza_no_clinica,true
REL_7f59093ee9bbbd,COMP_1BCB25859985,Vitamin C,COMP_67B16EEFC42F,Vitamin C (ascorbic acid),RELACION_DE_NORMALIZACION,VARIANTE_O_FORMA,variante_o_forma_de_componente,normalizacion_limpieza_o_descomposicion_de_nombre,source_name_points_to_base_component,relacion_derivada_por_normalizacion_conservadora,rule_based_name_resolution,normalizacion_interna_auditable,usar_para_limpieza_matching_y_expansion_de_grafo_no_para_recomendacion_clinica,media_para_limpieza_no_clinica,true
REL_7ff3eb92865a95,COMP_275450118D60,Calcium,COMP_4FCE8A434A85,Calcium d-Glucarate,RELACION_DE_NORMALIZACION,NORMALIZACION_COMPONENTE,normalizacion_a_componente_base,normalizacion_limpieza_o_descomposicion_de_nombre,source_name_points_to_base_component,relacion_derivada_por_normalizacion_conservadora,rule_based_name_resolution,normalizacion_interna_auditable,usar_para_limpieza_matching_y_expansion_de_grafo_no_para_recomendacion_clinica,media_para_limpieza_no_clinica,true
REL_1bff55166c6ae9,COMP_8C56C31FBB78,Vitamin D,COMP_94DFE28A9A5C,Vitamin D (cholecalciferol),RELACION_DE_NORMALIZACION,VARIANTE_O_FORMA,variante_o_forma_de_componente,normalizacion_limpieza_o_descomposicion_de_nombre,source_name_points_to_base_component,relacion_derivada_por_normalizacion_conservadora,rule_based_name_resolution,normalizacion_interna_auditable,usar_para_limpieza_matching_y_expansion_de_grafo_no_para_recomendacion_clinica,media_para_limpieza_no_clinica,true
REL_e289ff79a0e2aa,COMP_275450118D60,Calcium,COMP_77610D86E61E,calcium ascorbate,RELACION_DE_NORMALIZACION,NORMALIZACION_COMPONENTE,normalizacion_a_componente_base,normalizacion_limpieza_o_descomposicion_de_nombre,source_name_points_to_base_component,relacion_derivada_por_normalizacion_conservadora,rule_based_name_resolution,normalizacion_interna_auditable,usar_para_limpieza_matching_y_expansion_de_grafo_no_para_recomendacion_clinica,media_para_limpieza_no_clinica,true
REL_0f000fcfa0cd80,COMP_275450118D60,Calcium,COMP_617A5FCFE130,calcium citrate,RELACION_DE_NORMALIZACION,NORMALIZACION_COMPONENTE,normalizacion_a_componente_base,normalizacion_limpieza_o_descomposicion_de_nombre,source_name_points_to_base_component,relacion_derivada_por_normalizacion_conservadora,rule_based_name_resolution,normalizacion_interna_auditable,usar_para_limpieza_matching_y_expansion_de_grafo_no_para_recomendacion_clinica,media_para_limpieza_no_clinica,true
REL_6a50b41db35ca5,COMP_275450118D60,Calcium,COMP_99BC971DD201,calcium glycerophosphate,RELACION_DE_NORMALIZACION,NORMALIZACION_COMPONENTE,normalizacion_a_componente_base,normalizacion_limpieza_o_descomposicion_de_nombre,source_name_points_to_base_component,relacion_derivada_por_normalizacion_conservadora,rule_based_name_resolution,normalizacion_interna_auditable,usar_para_limpieza_matching_y_expansion_de_grafo_no_para_recomendacion_clinica,media_para_limpieza_no_clinica,true
REL_2e8d48a0d429db,COMP_275450118D60,Calcium,COMP_DF53BB0FF023,calcium phosphate,RELACION_DE_NORMALIZACION,NORMALIZACION_COMPONENTE,normalizacion_a_componente_base,normalizacion_limpieza_o_descomposicion_de_nombre,source_name_points_to_base_component,relacion_derivada_por_normalizacion_conservadora,rule_based_name_resolution,normalizacion_interna_auditable,usar_para_limpieza_matching_y_expansion_de_grafo_no_para_recomendacion_clinica,media_para_limpieza_no_clinica,true
REL_26ce88facc117d,COMP_39295A952CC9,copper sulfate,COMP_9C5C72058DB1,Copper,RELACION_DE_NORMALIZACION,NORMALIZACION_COMPONENTE,normalizacion_a_componente_base,normalizacion_limpieza_o_descomposicion_de_nombre,source_name_points_to_base_component,relacion_derivada_por_normalizacion_conservadora,rule_based_name_resolution,normalizacion_interna_auditable,usar_para_limpieza_matching_y_expansion_de_grafo_no_para_recomendacion_clinica,media_para_limpieza_no_clinica,true
REL_f1db7ea99e15a4,COMP_83336712C554,Magnesium,COMP_EF944BAE2602,magnesium hydroxide,RELACION_DE_NORMALIZACION,NORMALIZACION_COMPONENTE,normalizacion_a_componente_base,normalizacion_limpieza_o_descomposicion_de_nombre,source_name_points_to_base_component,relacion_derivada_por_normalizacion_conservadora,rule_based_name_resolution,normalizacion_interna_auditable,usar_para_limpieza_matching_y_expansion_de_grafo_no_para_recomendacion_clinica,media_para_limpieza_no_clinica,true
REL_8c5fb3c677e037,COMP_83336712C554,Magnesium,COMP_D16D281DE414,magnesium oxide,RELACION_DE_NORMALIZACION,NORMALIZACION_COMPONENTE,normalizacion_a_componente_base,normalizacion_limpieza_o_descomposicion_de_nombre,source_name_points_to_base_component,relacion_derivada_por_normalizacion_conservadora,rule_based_name_resolution,normalizacion_interna_auditable,usar_para_limpieza_matching_y_expansion_de_grafo_no_para_recomendacion_clinica,media_para_limpieza_no_clinica,true
REL_208ff60a5b5cee,COMP_87830EC94B25,potassium bicarbonate,COMP_BB2F708BF799,Potassium,RELACION_DE_NORMALIZACION,NORMALIZACION_COMPONENTE,normalizacion_a_componente_base,normalizacion_limpieza_o_descomposicion_de_nombre,source_name_points_to_base_component,relacion_derivada_por_normalizacion_conservadora,rule_based_name_resolution,normalizacion_interna_auditable,usar_para_limpieza_matching_y_expansion_de_grafo_no_para_recomendacion_clinica,media_para_limpieza_no_clinica,true
REL_9385a0ef55f62b,COMP_232DFD13C010,potassium citrate,COMP_BB2F708BF799,Potassium,RELACION_DE_NORMALIZACION,NORMALIZACION_COMPONENTE,normalizacion_a_componente_base,normalizacion_limpieza_o_descomposicion_de_nombre,source_name_points_to_base_component,relacion_derivada_por_normalizacion_conservadora,rule_based_name_resolution,normalizacion_interna_auditable,usar_para_limpieza_matching_y_expansion_de_grafo_no_para_recomendacion_clinica,media_para_limpieza_no_clinica,true
REL_d24b650080c60f,COMP_2AC11FDDB0D2,potassium hydroxide,COMP_BB2F708BF799,Potassium,RELACION_DE_NORMALIZACION,NORMALIZACION_COMPONENTE,normalizacion_a_componente_base,normalizacion_limpieza_o_descomposicion_de_nombre,source_name_points_to_base_component,relacion_derivada_por_normalizacion_conservadora,rule_based_name_resolution,normalizacion_interna_auditable,usar_para_limpieza_matching_y_expansion_de_grafo_no_para_recomendacion_clinica,media_para_limpieza_no_clinica,true
REL_99486eca51fd7f,COMP_BB2F708BF799,Potassium,COMP_D022F9B54612,potassium phosphate,RELACION_DE_NORMALIZACION,NORMALIZACION_COMPONENTE,normalizacion_a_componente_base,normalizacion_limpieza_o_descomposicion_de_nombre,source_name_points_to_base_component,relacion_derivada_por_normalizacion_conservadora,rule_based_name_resolution,normalizacion_interna_auditable,usar_para_limpieza_matching_y_expansion_de_grafo_no_para_recomendacion_clinica,media_para_limpieza_no_clinica,true
REL_e4ff0d182713f0,COMP_9C5C72058DB1,Copper,COMP_FF1E37A6313F,sodium copper chlorophyllin,RELACION_DE_NORMALIZACION,NORMALIZACION_COMPONENTE,normalizacion_a_componente_base,normalizacion_limpieza_o_descomposicion_de_nombre,source_name_points_to_base_component,relacion_derivada_por_normalizacion_conservadora,rule_based_name_resolution,normalizacion_interna_auditable,usar_para_limpieza_matching_y_expansion_de_grafo_no_para_recomendacion_clinica,media_para_limpieza_no_clinica,true
REL_347abfb540b099,COMP_4F4F134A6B55,thiamine,COMP_713DC9DF42D4,Thiamin,RELACION_DE_NORMALIZACION,NORMALIZACION_COMPONENTE,normalizacion_a_componente_base,normalizacion_limpieza_o_descomposicion_de_nombre,source_name_points_to_base_component,relacion_derivada_por_normalizacion_conservadora,rule_based_name_resolution,normalizacion_interna_auditable,usar_para_limpieza_matching_y_expansion_de_grafo_no_para_recomendacion_clinica,media_para_limpieza_no_clinica,true
REL_ad683b49e197a5,COMP_3EA9AB091DED,zinc citrate,COMP_723DBC80CC4E,Zinc,RELACION_DE_NORMALIZACION,NORMALIZACION_COMPONENTE,normalizacion_a_componente_base,normalizacion_limpieza_o_descomposicion_de_nombre,source_name_points_to_base_component,relacion_derivada_por_normalizacion_conservadora,rule_based_name_resolution,normalizacion_interna_auditable,usar_para_limpieza_matching_y_expansion_de_grafo_no_para_recomendacion_clinica,media_para_limpieza_no_clinica,true
REL_afcdd81fca0313,COMP_D83F496D52EF,D-Aspartic Acid,COMP_F1466766627A,L-Aspartic Acid,RELACION_DE_NORMALIZACION,NORMALIZACION_COMPONENTE,normalizacion_a_componente_base,normalizacion_limpieza_o_descomposicion_de_nombre,source_name_points_to_base_component,relacion_derivada_por_normalizacion_conservadora,rule_based_name_resolution,normalizacion_interna_auditable,usar_para_limpieza_matching_y_expansion_de_grafo_no_para_recomendacion_clinica,media_para_limpieza_no_clinica,true
REL_98e9dfd9774543,COMP_0987F386BB65,Carnitine,COMP_CF0FF41CA2C6,L-Carnitine,RELACION_DE_NORMALIZACION,NORMALIZACION_COMPONENTE,normalizacion_a_componente_base,normalizacion_limpieza_o_descomposicion_de_nombre,source_name_points_to_base_component,relacion_derivada_por_normalizacion_conservadora,rule_based_name_resolution,normalizacion_interna_auditable,usar_para_limpieza_matching_y_expansion_de_grafo_no_para_recomendacion_clinica,media_para_limpieza_no_clinica,true
REL_47cb1dceafcb37,COMP_1BCB25859985,Vitamin C,COMP_B21F094F0BD9,Vitamin C (Ascorbate),RELACION_DE_NORMALIZACION,VARIANTE_O_FORMA,variante_o_forma_de_componente,normalizacion_limpieza_o_descomposicion_de_nombre,source_name_points_to_base_component,relacion_derivada_por_normalizacion_conservadora,rule_based_name_resolution,normalizacion_interna_auditable,usar_para_limpieza_matching_y_expansion_de_grafo_no_para_recomendacion_clinica,media_para_limpieza_no_clinica,true
REL_d682b02d56ff65,COMP_551DE7CF7504,Vitamin E (alpha-tocopheryl succinate),COMP_D4790F9775EF,Vitamin E,RELACION_DE_NORMALIZACION,VARIANTE_O_FORMA,variante_o_forma_de_componente,normalizacion_limpieza_o_descomposicion_de_nombre,source_name_points_to_base_component,relacion_derivada_por_normalizacion_conservadora,rule_based_name_resolution,normalizacion_interna_auditable,usar_para_limpieza_matching_y_expansion_de_grafo_no_para_recomendacion_clinica,media_para_limpieza_no_clinica,true
REL_5861caf8d94c74,COMP_0CF063FD7E2B,Coenzyme Q-10,COMP_8BB25B9A3BE5,coenzyme Q10,RELACION_DE_NORMALIZACION,NORMALIZACION_COMPONENTE,normalizacion_a_componente_base,normalizacion_limpieza_o_descomposicion_de_nombre,source_name_points_to_base_component,relacion_derivada_por_normalizacion_conservadora,rule_based_name_resolution,normalizacion_interna_auditable,usar_para_limpieza_matching_y_expansion_de_grafo_no_para_recomendacion_clinica,media_para_limpieza_no_clinica,true
REL_aaa53568dd8c21,COMP_83336712C554,Magnesium,COMP_BF9CE150E7A0,magnesium chloride,RELACION_DE_NORMALIZACION,NORMALIZACION_COMPONENTE,normalizacion_a_componente_base,normalizacion_limpieza_o_descomposicion_de_nombre,source_name_points_to_base_component,relacion_derivada_por_normalizacion_conservadora,rule_based_name_resolution,normalizacion_interna_auditable,usar_para_limpieza_matching_y_expansion_de_grafo_no_para_recomendacion_clinica,media_para_limpieza_no_clinica,true
REL_f368fb0cf4ab0c,COMP_7D7AC50FCACD,magnesium sulfate,COMP_83336712C554,Magnesium,RELACION_DE_NORMALIZACION,NORMALIZACION_COMPONENTE,normalizacion_a_componente_base,normalizacion_limpieza_o_descomposicion_de_nombre,source_name_points_to_base_component,relacion_derivada_por_normalizacion_conservadora,rule_based_name_resolution,normalizacion_interna_auditable,usar_para_limpieza_matching_y_expansion_de_grafo_no_para_recomendacion_clinica,media_para_limpieza_no_clinica,true
REL_8d823dfe9dbbfb,COMP_203A2871FE99,potassium iodate,COMP_BB2F708BF799,Potassium,RELACION_DE_NORMALIZACION,NORMALIZACION_COMPONENTE,normalizacion_a_componente_base,normalizacion_limpieza_o_descomposicion_de_nombre,source_name_points_to_base_component,relacion_derivada_por_normalizacion_conservadora,rule_based_name_resolution,normalizacion_interna_auditable,usar_para_limpieza_matching_y_expansion_de_grafo_no_para_recomendacion_clinica,media_para_limpieza_no_clinica,true
REL_1c84928b885ad2,COMP_713DC9DF42D4,Thiamin,COMP_DF3196AB9154,thiamine mononitrate,RELACION_DE_NORMALIZACION,NORMALIZACION_COMPONENTE,normalizacion_a_componente_base,normalizacion_limpieza_o_descomposicion_de_nombre,source_name_points_to_base_component,relacion_derivada_por_normalizacion_conservadora,rule_based_name_resolution,normalizacion_interna_auditable,usar_para_limpieza_matching_y_expansion_de_grafo_no_para_recomendacion_clinica,media_para_limpieza_no_clinica,true
REL_c3b885bd0fb191,COMP_C68EA4BC057B,Acetyl L-Carnitine Arginate,COMP_FEC6879A2EEE,Acetyl L-Carnitine,RELACION_DE_NORMALIZACION,NORMALIZACION_COMPONENTE,normalizacion_a_componente_base,normalizacion_limpieza_o_descomposicion_de_nombre,source_name_points_to_base_component,relacion_derivada_por_normalizacion_conservadora,rule_based_name_resolution,normalizacion_interna_auditable,usar_para_limpieza_matching_y_expansion_de_grafo_no_para_recomendacion_clinica,media_para_limpieza_no_clinica,true
REL_a7b4f89b88c19b,COMP_0987F386BB65,Carnitine,COMP_C68EA4BC057B,Acetyl L-Carnitine Arginate,RELACION_DE_NORMALIZACION,NORMALIZACION_COMPONENTE,normalizacion_a_componente_base,normalizacion_limpieza_o_descomposicion_de_nombre,source_name_points_to_base_component,relacion_derivada_por_normalizacion_conservadora,rule_based_name_resolution,normalizacion_interna_auditable,usar_para_limpieza_matching_y_expansion_de_grafo_no_para_recomendacion_clinica,media_para_limpieza_no_clinica,true
REL_e8909d081934aa,COMP_9C5C72058DB1,Copper,COMP_E388F25D01B8,Cobre,RELACION_DE_NORMALIZACION,NORMALIZACION_COMPONENTE,normalizacion_a_componente_base,normalizacion_limpieza_o_descomposicion_de_nombre,source_name_points_to_base_component,relacion_derivada_por_normalizacion_conservadora,rule_based_name_resolution,normalizacion_interna_auditable,usar_para_limpieza_matching_y_expansion_de_grafo_no_para_recomendacion_clinica,media_para_limpieza_no_clinica,true
REL_cb54d726d720dd,COMP_506514090324,L-Alanine,COMP_875C93F7B7C1,N-Benzoyl-L-Phenylalanine Methyl Ester,RELACION_DE_NORMALIZACION,NORMALIZACION_COMPONENTE,normalizacion_a_componente_base,normalizacion_limpieza_o_descomposicion_de_nombre,source_name_points_to_base_component,relacion_derivada_por_normalizacion_conservadora,rule_based_name_resolution,normalizacion_interna_auditable,usar_para_limpieza_matching_y_expansion_de_grafo_no_para_recomendacion_clinica,media_para_limpieza_no_clinica,true
REL_41c5bbb1fe5573,COMP_0987F386BB65,Carnitine,COMP_F5A29301F61D,Propionyl-L-Carnitine,RELACION_DE_NORMALIZACION,NORMALIZACION_COMPONENTE,normalizacion_a_componente_base,normalizacion_limpieza_o_descomposicion_de_nombre,source_name_points_to_base_component,relacion_derivada_por_normalizacion_conservadora,rule_based_name_resolution,normalizacion_interna_auditable,usar_para_limpieza_matching_y_expansion_de_grafo_no_para_recomendacion_clinica,media_para_limpieza_no_clinica,true
REL_61d5707357bdb3,COMP_29CF8BB2A0B0,Vitamin A (retinyl palmitate),COMP_90C4121BAE0C,Vitamin A,RELACION_DE_NORMALIZACION,VARIANTE_O_FORMA,variante_o_forma_de_componente,normalizacion_limpieza_o_descomposicion_de_nombre,source_name_points_to_base_component,relacion_derivada_por_normalizacion_conservadora,rule_based_name_resolution,normalizacion_interna_auditable,usar_para_limpieza_matching_y_expansion_de_grafo_no_para_recomendacion_clinica,media_para_limpieza_no_clinica,true
REL_20942ecaeaba75,COMP_2F96B476B663,Vitamin D (ergocalciferol),COMP_8C56C31FBB78,Vitamin D,RELACION_DE_NORMALIZACION,VARIANTE_O_FORMA,variante_o_forma_de_componente,normalizacion_limpieza_o_descomposicion_de_nombre,source_name_points_to_base_component,relacion_derivada_por_normalizacion_conservadora,rule_based_name_resolution,normalizacion_interna_auditable,usar_para_limpieza_matching_y_expansion_de_grafo_no_para_recomendacion_clinica,media_para_limpieza_no_clinica,true
REL_42e43cf4c83666,COMP_6BA592407A6A,Vitamin E (alpha-tocopherol),COMP_D4790F9775EF,Vitamin E,RELACION_DE_NORMALIZACION,VARIANTE_O_FORMA,variante_o_forma_de_componente,normalizacion_limpieza_o_descomposicion_de_nombre,source_name_points_to_base_component,relacion_derivada_por_normalizacion_conservadora,rule_based_name_resolution,normalizacion_interna_auditable,usar_para_limpieza_matching_y_expansion_de_grafo_no_para_recomendacion_clinica,media_para_limpieza_no_clinica,true
REL_5aa6bfcf1e73ae,COMP_308C9A7DABF7,Vitamin E (delta tocotrienol),COMP_D4790F9775EF,Vitamin E,RELACION_DE_NORMALIZACION,VARIANTE_O_FORMA,variante_o_forma_de_componente,normalizacion_limpieza_o_descomposicion_de_nombre,source_name_points_to_base_component,relacion_derivada_por_normalizacion_conservadora,rule_based_name_resolution,normalizacion_interna_auditable,usar_para_limpieza_matching_y_expansion_de_grafo_no_para_recomendacion_clinica,media_para_limpieza_no_clinica,true
REL_17b953464af02b,COMP_1CC0C533BD79,Zinc L-Carnosine,COMP_723DBC80CC4E,Zinc,RELACION_DE_NORMALIZACION,NORMALIZACION_COMPONENTE,normalizacion_a_componente_base,normalizacion_limpieza_o_descomposicion_de_nombre,source_name_points_to_base_component,relacion_derivada_por_normalizacion_conservadora,rule_based_name_resolution,normalizacion_interna_auditable,usar_para_limpieza_matching_y_expansion_de_grafo_no_para_recomendacion_clinica,media_para_limpieza_no_clinica,true
REL_d05f647705f9d0,COMP_35A1A59A27EB,Zinc-l-Carnosine,COMP_723DBC80CC4E,Zinc,RELACION_DE_NORMALIZACION,NORMALIZACION_COMPONENTE,normalizacion_a_componente_base,normalizacion_limpieza_o_descomposicion_de_nombre,source_name_points_to_base_component,relacion_derivada_por_normalizacion_conservadora,rule_based_name_resolution,normalizacion_interna_auditable,usar_para_limpieza_matching_y_expansion_de_grafo_no_para_recomendacion_clinica,media_para_limpieza_no_clinica,true
REL_fb1a6d09add925,COMP_08E1F0BC18AB,iron glycinate,COMP_B6A8F8958154,Iron,RELACION_DE_NORMALIZACION,NORMALIZACION_COMPONENTE,normalizacion_a_componente_base,normalizacion_limpieza_o_descomposicion_de_nombre,source_name_points_to_base_component,relacion_derivada_por_normalizacion_conservadora,rule_based_name_resolution,normalizacion_interna_auditable,usar_para_limpieza_matching_y_expansion_de_grafo_no_para_recomendacion_clinica,media_para_limpieza_no_clinica,true
REL_7a3ff67b33af89,COMP_C107F25A9B7D,1-deoxynojirimycin - Adverse effects (PubMed),COMP_E0CDB26702A4,1-deoxynojirimycin,RELACION_DE_NORMALIZACION,REFERENCIA_A_COMPONENTE,pagina_o_contexto_sobre_componente,normalizacion_limpieza_o_descomposicion_de_nombre,source_name_points_to_base_component,relacion_derivada_por_normalizacion_conservadora,rule_based_name_resolution,normalizacion_interna_auditable,usar_para_limpieza_matching_y_expansion_de_grafo_no_para_recomendacion_clinica,media_para_limpieza_no_clinica,true
REL_76e191adc92451,COMP_9DD17ACDB620,1-deoxynojirimycin - Clinical trials (PubMed),COMP_E0CDB26702A4,1-deoxynojirimycin,RELACION_DE_NORMALIZACION,REFERENCIA_A_COMPONENTE,pagina_o_contexto_sobre_componente,normalizacion_limpieza_o_descomposicion_de_nombre,source_name_points_to_base_component,relacion_derivada_por_normalizacion_conservadora,rule_based_name_resolution,normalizacion_interna_auditable,usar_para_limpieza_matching_y_expansion_de_grafo_no_para_recomendacion_clinica,media_para_limpieza_no_clinica,true
REL_c529555708b836,COMP_E0CDB26702A4,1-deoxynojirimycin,COMP_EE7CD1F15F37,1-deoxynojirimycin - Dietary supplement use in human (PubMed),RELACION_DE_NORMALIZACION,REFERENCIA_A_COMPONENTE,pagina_o_contexto_sobre_componente,normalizacion_limpieza_o_descomposicion_de_nombre,source_name_points_to_base_component,relacion_derivada_por_normalizacion_conservadora,rule_based_name_resolution,normalizacion_interna_auditable,usar_para_limpieza_matching_y_expansion_de_grafo_no_para_recomendacion_clinica,media_para_limpieza_no_clinica,true
REL_2f6544a9603e6e,COMP_DA85C2D6FC03,1-deoxynojirimycin - Dose and administration (PubMed),COMP_E0CDB26702A4,1-deoxynojirimycin,RELACION_DE_NORMALIZACION,REFERENCIA_A_COMPONENTE,pagina_o_contexto_sobre_componente,normalizacion_limpieza_o_descomposicion_de_nombre,source_name_points_to_base_component,relacion_derivada_por_normalizacion_conservadora,rule_based_name_resolution,normalizacion_interna_auditable,usar_para_limpieza_matching_y_expansion_de_grafo_no_para_recomendacion_clinica,media_para_limpieza_no_clinica,true
REL_8616ed2a2a508a,COMP_8D1B191F3114,1-deoxynojirimycin - Kinetics (PubMed),COMP_E0CDB26702A4,1-deoxynojirimycin,RELACION_DE_NORMALIZACION,REFERENCIA_A_COMPONENTE,pagina_o_contexto_sobre_componente,normalizacion_limpieza_o_descomposicion_de_nombre,source_name_points_to_base_component,relacion_derivada_por_normalizacion_conservadora,rule_based_name_resolution,normalizacion_interna_auditable,usar_para_limpieza_matching_y_expansion_de_grafo_no_para_recomendacion_clinica,media_para_limpieza_no_clinica,true
REL_808aa482eb9106,COMP_A73ECA6BD555,1-deoxynojirimycin - Mechanism of action (PubMed),COMP_E0CDB26702A4,1-deoxynojirimycin,RELACION_DE_NORMALIZACION,REFERENCIA_A_COMPONENTE,pagina_o_contexto_sobre_componente,normalizacion_limpieza_o_descomposicion_de_nombre,source_name_points_to_base_component,relacion_derivada_por_normalizacion_conservadora,rule_based_name_resolution,normalizacion_interna_auditable,usar_para_limpieza_matching_y_expansion_de_grafo_no_para_recomendacion_clinica,media_para_limpieza_no_clinica,true
REL_3ee86c7c9dc4a1,COMP_95A415505470,1-deoxynojirimycin - Poisoning (PubMed),COMP_E0CDB26702A4,1-deoxynojirimycin,RELACION_DE_NORMALIZACION,REFERENCIA_A_COMPONENTE,pagina_o_contexto_sobre_componente,normalizacion_limpieza_o_descomposicion_de_nombre,source_name_points_to_base_component,relacion_derivada_por_normalizacion_conservadora,rule_based_name_resolution,normalizacion_interna_auditable,usar_para_limpieza_matching_y_expansion_de_grafo_no_para_recomendacion_clinica,media_para_limpieza_no_clinica,true
REL_fc30e0abb13620,COMP_395A0FE48E1B,5-HTP,COMP_428846877F79,5-HTP (MedlinePlus Supplements),RELACION_DE_NORMALIZACION,REFERENCIA_A_COMPONENTE,pagina_o_contexto_sobre_componente,normalizacion_limpieza_o_descomposicion_de_nombre,source_name_points_to_base_component,relacion_derivada_por_normalizacion_conservadora,rule_based_name_resolution,normalizacion_interna_auditable,usar_para_limpieza_matching_y_expansion_de_grafo_no_para_recomendacion_clinica,media_para_limpieza_no_clinica,true
REL_17755a21fb0681,COMP_395A0FE48E1B,5-HTP,COMP_50EB2124F212,5-HTP - Adverse effects (PubMed),RELACION_DE_NORMALIZACION,REFERENCIA_A_COMPONENTE,pagina_o_contexto_sobre_componente,normalizacion_limpieza_o_descomposicion_de_nombre,source_name_points_to_base_component,relacion_derivada_por_normalizacion_conservadora,rule_based_name_resolution,normalizacion_interna_auditable,usar_para_limpieza_matching_y_expansion_de_grafo_no_para_recomendacion_clinica,media_para_limpieza_no_clinica,true
REL_01de4d02146908,COMP_395A0FE48E1B,5-HTP,COMP_699C08A1A675,5-HTP - Clinical trials (PubMed),RELACION_DE_NORMALIZACION,REFERENCIA_A_COMPONENTE,pagina_o_contexto_sobre_componente,normalizacion_limpieza_o_descomposicion_de_nombre,source_name_points_to_base_component,relacion_derivada_por_normalizacion_conservadora,rule_based_name_resolution,normalizacion_interna_auditable,usar_para_limpieza_matching_y_expansion_de_grafo_no_para_recomendacion_clinica,media_para_limpieza_no_clinica,true
REL_7214ad9283b117,COMP_3575BAB39BAB,5-HTP - Dietary supplement use in human (PubMed),COMP_395A0FE48E1B,5-HTP,RELACION_DE_NORMALIZACION,REFERENCIA_A_COMPONENTE,pagina_o_contexto_sobre_componente,normalizacion_limpieza_o_descomposicion_de_nombre,source_name_points_to_base_component,relacion_derivada_por_normalizacion_conservadora,rule_based_name_resolution,normalizacion_interna_auditable,usar_para_limpieza_matching_y_expansion_de_grafo_no_para_recomendacion_clinica,media_para_limpieza_no_clinica,true
REL_01e0dac79d986c,COMP_2FD92C08E6BD,5-HTP - Dose and administration (PubMed),COMP_395A0FE48E1B,5-HTP,RELACION_DE_NORMALIZACION,REFERENCIA_A_COMPONENTE,pagina_o_contexto_sobre_componente,normalizacion_limpieza_o_descomposicion_de_nombre,source_name_points_to_base_component,relacion_derivada_por_normalizacion_conservadora,rule_based_name_resolution,normalizacion_interna_auditable,usar_para_limpieza_matching_y_expansion_de_grafo_no_para_recomendacion_clinica,media_para_limpieza_no_clinica,true
REL_ff8f7939c07668,COMP_395A0FE48E1B,5-HTP,COMP_E33DD8671A13,5-HTP - Kinetics (PubMed),RELACION_DE_NORMALIZACION,REFERENCIA_A_COMPONENTE,pagina_o_contexto_sobre_componente,normalizacion_limpieza_o_descomposicion_de_nombre,source_name_points_to_base_component,relacion_derivada_por_normalizacion_conservadora,rule_based_name_resolution,normalizacion_interna_auditable,usar_para_limpieza_matching_y_expansion_de_grafo_no_para_recomendacion_clinica,media_para_limpieza_no_clinica,true
REL_084ded3cba8bbf,COMP_395A0FE48E1B,5-HTP,COMP_FAA8833B3F61,5-HTP - Mechanism of action (PubMed),RELACION_DE_NORMALIZACION,REFERENCIA_A_COMPONENTE,pagina_o_contexto_sobre_componente,normalizacion_limpieza_o_descomposicion_de_nombre,source_name_points_to_base_component,relacion_derivada_por_normalizacion_conservadora,rule_based_name_resolution,normalizacion_interna_auditable,usar_para_limpieza_matching_y_expansion_de_grafo_no_para_recomendacion_clinica,media_para_limpieza_no_clinica,true
REL_6d1381f3883703,COMP_153CD3CDEDF5,Folate,COMP_593EEAFCAA92,5-methyltetrahydrofolate glucosamine,RELACION_DE_NORMALIZACION,NORMALIZACION_COMPONENTE,normalizacion_a_componente_base,normalizacion_limpieza_o_descomposicion_de_nombre,source_name_points_to_base_component,relacion_derivada_por_normalizacion_conservadora,rule_based_name_resolution,normalizacion_interna_auditable,usar_para_limpieza_matching_y_expansion_de_grafo_no_para_recomendacion_clinica,media_para_limpieza_no_clinica,true
REL_d1688fe16a83c6,COMP_641008FC6BFE,Acetyl-L-Carnitine,COMP_CA37D3781E6D,Acetyl-L-Carnitine Arginate,RELACION_DE_NORMALIZACION,NORMALIZACION_COMPONENTE,normalizacion_a_componente_base,normalizacion_limpieza_o_descomposicion_de_nombre,source_name_points_to_base_component,relacion_derivada_por_normalizacion_conservadora,rule_based_name_resolution,normalizacion_interna_auditable,usar_para_limpieza_matching_y_expansion_de_grafo_no_para_recomendacion_clinica,media_para_limpieza_no_clinica,true
REL_d3c353094dd833,COMP_0987F386BB65,Carnitine,COMP_CA37D3781E6D,Acetyl-L-Carnitine Arginate,RELACION_DE_NORMALIZACION,NORMALIZACION_COMPONENTE,normalizacion_a_componente_base,normalizacion_limpieza_o_descomposicion_de_nombre,source_name_points_to_base_component,relacion_derivada_por_normalizacion_conservadora,rule_based_name_resolution,normalizacion_interna_auditable,usar_para_limpieza_matching_y_expansion_de_grafo_no_para_recomendacion_clinica,media_para_limpieza_no_clinica,true
REL_e910d718d92bc5,COMP_31C68AE0016C,Acetyl-L-Carnitine-L-Arginine,COMP_641008FC6BFE,Acetyl-L-Carnitine,RELACION_DE_NORMALIZACION,NORMALIZACION_COMPONENTE,normalizacion_a_componente_base,normalizacion_limpieza_o_descomposicion_de_nombre,source_name_points_to_base_component,relacion_derivada_por_normalizacion_conservadora,rule_based_name_resolution,normalizacion_interna_auditable,usar_para_limpieza_matching_y_expansion_de_grafo_no_para_recomendacion_clinica,media_para_limpieza_no_clinica,true
REL_6bebcfbf57d303,COMP_0987F386BB65,Carnitine,COMP_31C68AE0016C,Acetyl-L-Carnitine-L-Arginine,RELACION_DE_NORMALIZACION,NORMALIZACION_COMPONENTE,normalizacion_a_componente_base,normalizacion_limpieza_o_descomposicion_de_nombre,source_name_points_to_base_component,relacion_derivada_por_normalizacion_conservadora,rule_based_name_resolution,normalizacion_interna_auditable,usar_para_limpieza_matching_y_expansion_de_grafo_no_para_recomendacion_clinica,media_para_limpieza_no_clinica,true
REL_6310dce011bc8c,COMP_31C68AE0016C,Acetyl-L-Carnitine-L-Arginine,COMP_984D98F1A15A,L-Arginine,RELACION_DE_NORMALIZACION,NORMALIZACION_COMPONENTE,normalizacion_a_componente_base,normalizacion_limpieza_o_descomposicion_de_nombre,source_name_points_to_base_component,relacion_derivada_por_normalizacion_conservadora,rule_based_name_resolution,normalizacion_interna_auditable,usar_para_limpieza_matching_y_expansion_de_grafo_no_para_recomendacion_clinica,media_para_limpieza_no_clinica,true
REL_ef7cc9d7d5b1b7,COMP_506514090324,L-Alanine,COMP_B6328BF6AD9B,Alanine (ClinicalTrials.gov),RELACION_DE_NORMALIZACION,REFERENCIA_A_COMPONENTE,pagina_o_contexto_sobre_componente,normalizacion_limpieza_o_descomposicion_de_nombre,source_name_points_to_base_component,relacion_derivada_por_normalizacion_conservadora,rule_based_name_resolution,normalizacion_interna_auditable,usar_para_limpieza_matching_y_expansion_de_grafo_no_para_recomendacion_clinica,media_para_limpieza_no_clinica,true
REL_b125598b583a9d,COMP_984D98F1A15A,L-Arginine,COMP_C63F6B9C5685,Arginine (ClinicalTrials.gov),RELACION_DE_NORMALIZACION,REFERENCIA_A_COMPONENTE,pagina_o_contexto_sobre_componente,normalizacion_limpieza_o_descomposicion_de_nombre,source_name_points_to_base_component,relacion_derivada_por_normalizacion_conservadora,rule_based_name_resolution,normalizacion_interna_auditable,usar_para_limpieza_matching_y_expansion_de_grafo_no_para_recomendacion_clinica,media_para_limpieza_no_clinica,true
REL_79ae4277d56a5c,COMP_924684EAD6FC,Arginine-L-malate,COMP_984D98F1A15A,L-Arginine,RELACION_DE_NORMALIZACION,NORMALIZACION_COMPONENTE,normalizacion_a_componente_base,normalizacion_limpieza_o_descomposicion_de_nombre,source_name_points_to_base_component,relacion_derivada_por_normalizacion_conservadora,rule_based_name_resolution,normalizacion_interna_auditable,usar_para_limpieza_matching_y_expansion_de_grafo_no_para_recomendacion_clinica,media_para_limpieza_no_clinica,true
REL_550db6c333590e,COMP_665760300D07,Aspartic Acid (ClinicalTrials.gov),COMP_D83F496D52EF,D-Aspartic Acid,RELACION_DE_NORMALIZACION,REFERENCIA_A_COMPONENTE,pagina_o_contexto_sobre_componente,normalizacion_limpieza_o_descomposicion_de_nombre,source_name_points_to_base_component,relacion_derivada_por_normalizacion_conservadora,rule_based_name_resolution,normalizacion_interna_auditable,usar_para_limpieza_matching_y_expansion_de_grafo_no_para_recomendacion_clinica,media_para_limpieza_no_clinica,true
REL_dac4bad41c3581,COMP_34BE8499B1C4,Boron,COMP_DB7EF1974AF3,Boronoethyl L-cysteine,RELACION_DE_NORMALIZACION,NORMALIZACION_COMPONENTE,normalizacion_a_componente_base,normalizacion_limpieza_o_descomposicion_de_nombre,source_name_points_to_base_component,relacion_derivada_por_normalizacion_conservadora,rule_based_name_resolution,normalizacion_interna_auditable,usar_para_limpieza_matching_y_expansion_de_grafo_no_para_recomendacion_clinica,media_para_limpieza_no_clinica,true
REL_bb39c7365e40d1,COMP_4CE84D04B58C,Botanical Dietary Supplements,COMP_B99C08FC77EB,Botanical Dietary Supplements - Background Information,RELACION_DE_NORMALIZACION,NORMALIZACION_COMPONENTE,normalizacion_a_componente_base,normalizacion_limpieza_o_descomposicion_de_nombre,source_name_points_to_base_component,relacion_derivada_por_normalizacion_conservadora,rule_based_name_resolution,normalizacion_interna_auditable,usar_para_limpieza_matching_y_expansion_de_grafo_no_para_recomendacion_clinica,media_para_limpieza_no_clinica,true
REL_5ae0211c67d3ae,COMP_0A00E6B683B4,C-Phycocyanin,COMP_CB1BD45743FA,C-Phycocyanin - Adverse effects (PubMed),RELACION_DE_NORMALIZACION,REFERENCIA_A_COMPONENTE,pagina_o_contexto_sobre_componente,normalizacion_limpieza_o_descomposicion_de_nombre,source_name_points_to_base_component,relacion_derivada_por_normalizacion_conservadora,rule_based_name_resolution,normalizacion_interna_auditable,usar_para_limpieza_matching_y_expansion_de_grafo_no_para_recomendacion_clinica,media_para_limpieza_no_clinica,true
REL_7f94f49dda2574,COMP_0A00E6B683B4,C-Phycocyanin,COMP_539A26883143,C-Phycocyanin - Dietary supplement use in human (PubMed),RELACION_DE_NORMALIZACION,REFERENCIA_A_COMPONENTE,pagina_o_contexto_sobre_componente,normalizacion_limpieza_o_descomposicion_de_nombre,source_name_points_to_base_component,relacion_derivada_por_normalizacion_conservadora,rule_based_name_resolution,normalizacion_interna_auditable,usar_para_limpieza_matching_y_expansion_de_grafo_no_para_recomendacion_clinica,media_para_limpieza_no_clinica,true
REL_c0a430b2ff118a,COMP_0A00E6B683B4,C-Phycocyanin,COMP_4C061D1A9864,C-Phycocyanin - Dose and administration (PubMed),RELACION_DE_NORMALIZACION,REFERENCIA_A_COMPONENTE,pagina_o_contexto_sobre_componente,normalizacion_limpieza_o_descomposicion_de_nombre,source_name_points_to_base_component,relacion_derivada_por_normalizacion_conservadora,rule_based_name_resolution,normalizacion_interna_auditable,usar_para_limpieza_matching_y_expansion_de_grafo_no_para_recomendacion_clinica,media_para_limpieza_no_clinica,true
REL_3f72c4cbe678ac,COMP_0A00E6B683B4,C-Phycocyanin,COMP_46D401E8ADAA,C-Phycocyanin - Kinetics (PubMed),RELACION_DE_NORMALIZACION,REFERENCIA_A_COMPONENTE,pagina_o_contexto_sobre_componente,normalizacion_limpieza_o_descomposicion_de_nombre,source_name_points_to_base_component,relacion_derivada_por_normalizacion_conservadora,rule_based_name_resolution,normalizacion_interna_auditable,usar_para_limpieza_matching_y_expansion_de_grafo_no_para_recomendacion_clinica,media_para_limpieza_no_clinica,true
REL_3d5adddaa6bf93,COMP_0A00E6B683B4,C-Phycocyanin,COMP_7E0B5817EA30,C-Phycocyanin - Mechanism of action (PubMed),RELACION_DE_NORMALIZACION,REFERENCIA_A_COMPONENTE,pagina_o_contexto_sobre_componente,normalizacion_limpieza_o_descomposicion_de_nombre,source_name_points_to_base_component,relacion_derivada_por_normalizacion_conservadora,rule_based_name_resolution,normalizacion_interna_auditable,usar_para_limpieza_matching_y_expansion_de_grafo_no_para_recomendacion_clinica,media_para_limpieza_no_clinica,true
REL_c0f40a0cb008b0,COMP_0A00E6B683B4,C-Phycocyanin,COMP_3364A2CCFE94,C-Phycocyanin - Poisoning (PubMed),RELACION_DE_NORMALIZACION,REFERENCIA_A_COMPONENTE,pagina_o_contexto_sobre_componente,normalizacion_limpieza_o_descomposicion_de_nombre,source_name_points_to_base_component,relacion_derivada_por_normalizacion_conservadora,rule_based_name_resolution,normalizacion_interna_auditable,usar_para_limpieza_matching_y_expansion_de_grafo_no_para_recomendacion_clinica,media_para_limpieza_no_clinica,true
REL_1c4d7264095fba,COMP_275450118D60,Calcium,COMP_2DFCA3F3B048,Calcium 2-aminoethylphosphate,RELACION_DE_NORMALIZACION,NORMALIZACION_COMPONENTE,normalizacion_a_componente_base,normalizacion_limpieza_o_descomposicion_de_nombre,source_name_points_to_base_component,relacion_derivada_por_normalizacion_conservadora,rule_based_name_resolution,normalizacion_interna_auditable,usar_para_limpieza_matching_y_expansion_de_grafo_no_para_recomendacion_clinica,media_para_limpieza_no_clinica,true
REL_fdf77097ddbc31,COMP_275450118D60,Calcium,COMP_7EE92844985A,Calcium in combination with Vitamin D,RELACION_DE_NORMALIZACION,DESCOMPOSICION_COMPONENTE,mezcla_contiene_componente,normalizacion_limpieza_o_descomposicion_de_nombre,source_name_points_to_base_component,relacion_derivada_por_normalizacion_conservadora,rule_based_name_resolution,normalizacion_interna_auditable,usar_para_limpieza_matching_y_expansion_de_grafo_no_para_recomendacion_clinica,media_para_limpieza_no_clinica,true
REL_33f063fc0851e0,COMP_7EE92844985A,Calcium in combination with Vitamin D,COMP_8C56C31FBB78,Vitamin D,RELACION_DE_NORMALIZACION,DESCOMPOSICION_COMPONENTE,mezcla_contiene_componente,normalizacion_limpieza_o_descomposicion_de_nombre,source_name_points_to_base_component,relacion_derivada_por_normalizacion_conservadora,rule_based_name_resolution,normalizacion_interna_auditable,usar_para_limpieza_matching_y_expansion_de_grafo_no_para_recomendacion_clinica,media_para_limpieza_no_clinica,true
REL_d53f664cbd04b6,COMP_0CF063FD7E2B,Coenzyme Q-10,COMP_57B948457F98,"Cancer: Antioxidants Vitamin C, Vitamin E, and Coenzyme Q10 (AHRQ)",RELACION_DE_NORMALIZACION,REFERENCIA_A_COMPONENTE,pagina_o_contexto_sobre_componente,normalizacion_limpieza_o_descomposicion_de_nombre,source_name_points_to_base_component,relacion_derivada_por_normalizacion_conservadora,rule_based_name_resolution,normalizacion_interna_auditable,usar_para_limpieza_matching_y_expansion_de_grafo_no_para_recomendacion_clinica,media_para_limpieza_no_clinica,true
REL_5498dc5c14ca4d,COMP_1BCB25859985,Vitamin C,COMP_57B948457F98,"Cancer: Antioxidants Vitamin C, Vitamin E, and Coenzyme Q10 (AHRQ)",RELACION_DE_NORMALIZACION,REFERENCIA_A_COMPONENTE,pagina_o_contexto_sobre_componente,normalizacion_limpieza_o_descomposicion_de_nombre,source_name_points_to_base_component,relacion_derivada_por_normalizacion_conservadora,rule_based_name_resolution,normalizacion_interna_auditable,usar_para_limpieza_matching_y_expansion_de_grafo_no_para_recomendacion_clinica,media_para_limpieza_no_clinica,true
REL_939097693552f7,COMP_57B948457F98,"Cancer: Antioxidants Vitamin C, Vitamin E, and Coenzyme Q10 (AHRQ)",COMP_D4790F9775EF,Vitamin E,RELACION_DE_NORMALIZACION,REFERENCIA_A_COMPONENTE,pagina_o_contexto_sobre_componente,normalizacion_limpieza_o_descomposicion_de_nombre,source_name_points_to_base_component,relacion_derivada_por_normalizacion_conservadora,rule_based_name_resolution,normalizacion_interna_auditable,usar_para_limpieza_matching_y_expansion_de_grafo_no_para_recomendacion_clinica,media_para_limpieza_no_clinica,true
REL_95b4ee876a1dd3,COMP_0CF063FD7E2B,Coenzyme Q-10,COMP_71A94CF86403,"Cardiovascular Disease: Antioxidants Vitamin C, Vitamin E, and Coenzyme Q10 (AHRQ)",RELACION_DE_NORMALIZACION,REFERENCIA_A_COMPONENTE,pagina_o_contexto_sobre_componente,normalizacion_limpieza_o_descomposicion_de_nombre,source_name_points_to_base_component,relacion_derivada_por_normalizacion_conservadora,rule_based_name_resolution,normalizacion_interna_auditable,usar_para_limpieza_matching_y_expansion_de_grafo_no_para_recomendacion_clinica,media_para_limpieza_no_clinica,true
REL_cacf1e9e271f96,COMP_1BCB25859985,Vitamin C,COMP_71A94CF86403,"Cardiovascular Disease: Antioxidants Vitamin C, Vitamin E, and Coenzyme Q10 (AHRQ)",RELACION_DE_NORMALIZACION,REFERENCIA_A_COMPONENTE,pagina_o_contexto_sobre_componente,normalizacion_limpieza_o_descomposicion_de_nombre,source_name_points_to_base_component,relacion_derivada_por_normalizacion_conservadora,rule_based_name_resolution,normalizacion_interna_auditable,usar_para_limpieza_matching_y_expansion_de_grafo_no_para_recomendacion_clinica,media_para_limpieza_no_clinica,true
REL_89a5ced1563ebc,COMP_71A94CF86403,"Cardiovascular Disease: Antioxidants Vitamin C, Vitamin E, and Coenzyme Q10 (AHRQ)",COMP_D4790F9775EF,Vitamin E,RELACION_DE_NORMALIZACION,REFERENCIA_A_COMPONENTE,pagina_o_contexto_sobre_componente,normalizacion_limpieza_o_descomposicion_de_nombre,source_name_points_to_base_component,relacion_derivada_por_normalizacion_conservadora,rule_based_name_resolution,normalizacion_interna_auditable,usar_para_limpieza_matching_y_expansion_de_grafo_no_para_recomendacion_clinica,media_para_limpieza_no_clinica,true
REL_0fa4a173404a2e,COMP_0987F386BB65,Carnitine,COMP_401293949CEC,Carnitine &mdash; Health Professional Fact Sheet (ODS),RELACION_DE_NORMALIZACION,REFERENCIA_A_COMPONENTE,pagina_o_contexto_sobre_componente,normalizacion_limpieza_o_descomposicion_de_nombre,source_name_points_to_base_component,relacion_derivada_por_normalizacion_conservadora,rule_based_name_resolution,normalizacion_interna_auditable,usar_para_limpieza_matching_y_expansion_de_grafo_no_para_recomendacion_clinica,media_para_limpieza_no_clinica,true
REL_9d377b2122f201,COMP_0987F386BB65,Carnitine,COMP_D83A406217A4,Carnitine (ClinicalTrials.gov),RELACION_DE_NORMALIZACION,REFERENCIA_A_COMPONENTE,pagina_o_contexto_sobre_componente,normalizacion_limpieza_o_descomposicion_de_nombre,source_name_points_to_base_component,relacion_derivada_por_normalizacion_conservadora,rule_based_name_resolution,normalizacion_interna_auditable,usar_para_limpieza_matching_y_expansion_de_grafo_no_para_recomendacion_clinica,media_para_limpieza_no_clinica,true
REL_4179351ac9be33,COMP_2B23C0C8C100,Choline - Colina en espanol,COMP_A204C673A9A2,Choline,RELACION_DE_NORMALIZACION,REFERENCIA_A_COMPONENTE,pagina_o_contexto_sobre_componente,normalizacion_limpieza_o_descomposicion_de_nombre,source_name_points_to_base_component,relacion_derivada_por_normalizacion_conservadora,rule_based_name_resolution,normalizacion_interna_auditable,usar_para_limpieza_matching_y_expansion_de_grafo_no_para_recomendacion_clinica,media_para_limpieza_no_clinica,true
REL_7f3a01045439d1,COMP_0CF063FD7E2B,Coenzyme Q-10,COMP_52EACCC6398B,Coenzyme Q-10 (MedlinePlus Supplements),RELACION_DE_NORMALIZACION,REFERENCIA_A_COMPONENTE,pagina_o_contexto_sobre_componente,normalizacion_limpieza_o_descomposicion_de_nombre,source_name_points_to_base_component,relacion_derivada_por_normalizacion_conservadora,rule_based_name_resolution,normalizacion_interna_auditable,usar_para_limpieza_matching_y_expansion_de_grafo_no_para_recomendacion_clinica,media_para_limpieza_no_clinica,true
REL_d56716eb44a16a,COMP_0CF063FD7E2B,Coenzyme Q-10,COMP_DB0ADC409216,Coenzyme Q10 (ClinicalTrials.gov),RELACION_DE_NORMALIZACION,REFERENCIA_A_COMPONENTE,pagina_o_contexto_sobre_componente,normalizacion_limpieza_o_descomposicion_de_nombre,source_name_points_to_base_component,relacion_derivada_por_normalizacion_conservadora,rule_based_name_resolution,normalizacion_interna_auditable,usar_para_limpieza_matching_y_expansion_de_grafo_no_para_recomendacion_clinica,media_para_limpieza_no_clinica,true
REL_69fdc415cbaacc,COMP_8BB25B9A3BE5,coenzyme Q10,COMP_DB0ADC409216,Coenzyme Q10 (ClinicalTrials.gov),RELACION_DE_NORMALIZACION,REFERENCIA_A_COMPONENTE,pagina_o_contexto_sobre_componente,normalizacion_limpieza_o_descomposicion_de_nombre,source_name_points_to_base_component,relacion_derivada_por_normalizacion_conservadora,rule_based_name_resolution,normalizacion_interna_auditable,usar_para_limpieza_matching_y_expansion_de_grafo_no_para_recomendacion_clinica,media_para_limpieza_no_clinica,true
REL_a11c34d81fbfa8,COMP_0CF063FD7E2B,Coenzyme Q-10,COMP_26A913E0682B,Coenzyme Q10 (PDQ&reg;) - Information for Health Professionals (NCI),RELACION_DE_NORMALIZACION,REFERENCIA_A_COMPONENTE,pagina_o_contexto_sobre_componente,normalizacion_limpieza_o_descomposicion_de_nombre,source_name_points_to_base_component,relacion_derivada_por_normalizacion_conservadora,rule_based_name_resolution,normalizacion_interna_auditable,usar_para_limpieza_matching_y_expansion_de_grafo_no_para_recomendacion_clinica,media_para_limpieza_no_clinica,true
REL_18e844864d7caa,COMP_26A913E0682B,Coenzyme Q10 (PDQ&reg;) - Information for Health Professionals (NCI),COMP_8BB25B9A3BE5,coenzyme Q10,RELACION_DE_NORMALIZACION,REFERENCIA_A_COMPONENTE,pagina_o_contexto_sobre_componente,normalizacion_limpieza_o_descomposicion_de_nombre,source_name_points_to_base_component,relacion_derivada_por_normalizacion_conservadora,rule_based_name_resolution,normalizacion_interna_auditable,usar_para_limpieza_matching_y_expansion_de_grafo_no_para_recomendacion_clinica,media_para_limpieza_no_clinica,true
REL_68c3d447cf90ca,COMP_0CF063FD7E2B,Coenzyme Q-10,COMP_C329DDB8EFC4,Coenzyme Q10 (PDQ&reg;) - Patient Information (NCI),RELACION_DE_NORMALIZACION,REFERENCIA_A_COMPONENTE,pagina_o_contexto_sobre_componente,normalizacion_limpieza_o_descomposicion_de_nombre,source_name_points_to_base_component,relacion_derivada_por_normalizacion_conservadora,rule_based_name_resolution,normalizacion_interna_auditable,usar_para_limpieza_matching_y_expansion_de_grafo_no_para_recomendacion_clinica,media_para_limpieza_no_clinica,true
REL_5edb32e29870ef,COMP_8BB25B9A3BE5,coenzyme Q10,COMP_C329DDB8EFC4,Coenzyme Q10 (PDQ&reg;) - Patient Information (NCI),RELACION_DE_NORMALIZACION,REFERENCIA_A_COMPONENTE,pagina_o_contexto_sobre_componente,normalizacion_limpieza_o_descomposicion_de_nombre,source_name_points_to_base_component,relacion_derivada_por_normalizacion_conservadora,rule_based_name_resolution,normalizacion_interna_auditable,usar_para_limpieza_matching_y_expansion_de_grafo_no_para_recomendacion_clinica,media_para_limpieza_no_clinica,true
REL_2a829901a8a77d,COMP_64DE5343502D,Vitamin K,COMP_EFFA38EF0E84,Coumadin&reg; and Vitamin K (PDF - 39 KB) (ODS),RELACION_DE_NORMALIZACION,DESCOMPOSICION_COMPONENTE,mezcla_contiene_componente,normalizacion_limpieza_o_descomposicion_de_nombre,source_name_points_to_base_component,relacion_derivada_por_normalizacion_conservadora,rule_based_name_resolution,normalizacion_interna_auditable,usar_para_limpieza_matching_y_expansion_de_grafo_no_para_recomendacion_clinica,media_para_limpieza_no_clinica,true
REL_3c1fe88d047f92,COMP_B669E67B8E64,Creatinol-O-Phosphate - Adverse effects (PubMed),COMP_D3AF8CDB7C86,Creatinol-O-Phosphate,RELACION_DE_NORMALIZACION,REFERENCIA_A_COMPONENTE,pagina_o_contexto_sobre_componente,normalizacion_limpieza_o_descomposicion_de_nombre,source_name_points_to_base_component,relacion_derivada_por_normalizacion_conservadora,rule_based_name_resolution,normalizacion_interna_auditable,usar_para_limpieza_matching_y_expansion_de_grafo_no_para_recomendacion_clinica,media_para_limpieza_no_clinica,true
REL_d364e14f567659,COMP_1995BFE967D6,Creatinol-O-Phosphate - Clinical trials (PubMed),COMP_D3AF8CDB7C86,Creatinol-O-Phosphate,RELACION_DE_NORMALIZACION,REFERENCIA_A_COMPONENTE,pagina_o_contexto_sobre_componente,normalizacion_limpieza_o_descomposicion_de_nombre,source_name_points_to_base_component,relacion_derivada_por_normalizacion_conservadora,rule_based_name_resolution,normalizacion_interna_auditable,usar_para_limpieza_matching_y_expansion_de_grafo_no_para_recomendacion_clinica,media_para_limpieza_no_clinica,true
REL_c04980312dec4a,COMP_2EBA3721BAC3,Creatinol-O-Phosphate - Dietary supplement use in human (PubMed),COMP_D3AF8CDB7C86,Creatinol-O-Phosphate,RELACION_DE_NORMALIZACION,REFERENCIA_A_COMPONENTE,pagina_o_contexto_sobre_componente,normalizacion_limpieza_o_descomposicion_de_nombre,source_name_points_to_base_component,relacion_derivada_por_normalizacion_conservadora,rule_based_name_resolution,normalizacion_interna_auditable,usar_para_limpieza_matching_y_expansion_de_grafo_no_para_recomendacion_clinica,media_para_limpieza_no_clinica,true
REL_f2ba9d1b6c5c40,COMP_26798823674B,Creatinol-O-Phosphate - Dose and administration (PubMed),COMP_D3AF8CDB7C86,Creatinol-O-Phosphate,RELACION_DE_NORMALIZACION,REFERENCIA_A_COMPONENTE,pagina_o_contexto_sobre_componente,normalizacion_limpieza_o_descomposicion_de_nombre,source_name_points_to_base_component,relacion_derivada_por_normalizacion_conservadora,rule_based_name_resolution,normalizacion_interna_auditable,usar_para_limpieza_matching_y_expansion_de_grafo_no_para_recomendacion_clinica,media_para_limpieza_no_clinica,true
REL_cc9287624ec4b9,COMP_34DBD8416DCB,Creatinol-O-Phosphate - Mechanism of action (PubMed),COMP_D3AF8CDB7C86,Creatinol-O-Phosphate,RELACION_DE_NORMALIZACION,REFERENCIA_A_COMPONENTE,pagina_o_contexto_sobre_componente,normalizacion_limpieza_o_descomposicion_de_nombre,source_name_points_to_base_component,relacion_derivada_por_normalizacion_conservadora,rule_based_name_resolution,normalizacion_interna_auditable,usar_para_limpieza_matching_y_expansion_de_grafo_no_para_recomendacion_clinica,media_para_limpieza_no_clinica,true
REL_7d221deb9bcccd,COMP_0700580428F5,Cysteine (ClinicalTrials.gov),COMP_AB3E85388234,L-Cysteine,RELACION_DE_NORMALIZACION,REFERENCIA_A_COMPONENTE,pagina_o_contexto_sobre_componente,normalizacion_limpieza_o_descomposicion_de_nombre,source_name_points_to_base_component,relacion_derivada_por_normalizacion_conservadora,rule_based_name_resolution,normalizacion_interna_auditable,usar_para_limpieza_matching_y_expansion_de_grafo_no_para_recomendacion_clinica,media_para_limpieza_no_clinica,true
REL_18c6fe7c0183dd,COMP_287D80063EC5,D-Aspartic Acid - Clinical trials (PubMed),COMP_D83F496D52EF,D-Aspartic Acid,RELACION_DE_NORMALIZACION,REFERENCIA_A_COMPONENTE,pagina_o_contexto_sobre_componente,normalizacion_limpieza_o_descomposicion_de_nombre,source_name_points_to_base_component,relacion_derivada_por_normalizacion_conservadora,rule_based_name_resolution,normalizacion_interna_auditable,usar_para_limpieza_matching_y_expansion_de_grafo_no_para_recomendacion_clinica,media_para_limpieza_no_clinica,true
REL_ce35ab31bbba39,COMP_A571A84AC763,D-Aspartic Acid - Kinetics (PubMed),COMP_D83F496D52EF,D-Aspartic Acid,RELACION_DE_NORMALIZACION,REFERENCIA_A_COMPONENTE,pagina_o_contexto_sobre_componente,normalizacion_limpieza_o_descomposicion_de_nombre,source_name_points_to_base_component,relacion_derivada_por_normalizacion_conservadora,rule_based_name_resolution,normalizacion_interna_auditable,usar_para_limpieza_matching_y_expansion_de_grafo_no_para_recomendacion_clinica,media_para_limpieza_no_clinica,true
REL_b022e986e4e3a7,COMP_188C1979A2EA,D-Aspartic Acid - Mechanism of action (PubMed),COMP_D83F496D52EF,D-Aspartic Acid,RELACION_DE_NORMALIZACION,REFERENCIA_A_COMPONENTE,pagina_o_contexto_sobre_componente,normalizacion_limpieza_o_descomposicion_de_nombre,source_name_points_to_base_component,relacion_derivada_por_normalizacion_conservadora,rule_based_name_resolution,normalizacion_interna_auditable,usar_para_limpieza_matching_y_expansion_de_grafo_no_para_recomendacion_clinica,media_para_limpieza_no_clinica,true
REL_f88be853f9fa13,COMP_04C32B39F909,D-Aspartic Acid - Poisoning (PubMed),COMP_D83F496D52EF,D-Aspartic Acid,RELACION_DE_NORMALIZACION,REFERENCIA_A_COMPONENTE,pagina_o_contexto_sobre_componente,normalizacion_limpieza_o_descomposicion_de_nombre,source_name_points_to_base_component,relacion_derivada_por_normalizacion_conservadora,rule_based_name_resolution,normalizacion_interna_auditable,usar_para_limpieza_matching_y_expansion_de_grafo_no_para_recomendacion_clinica,media_para_limpieza_no_clinica,true
REL_0e0c7e16b7ce48,COMP_361D98DDA531,D-Mannose - Adverse effects (PubMed),COMP_C9188808EB57,D-Mannose,RELACION_DE_NORMALIZACION,REFERENCIA_A_COMPONENTE,pagina_o_contexto_sobre_componente,normalizacion_limpieza_o_descomposicion_de_nombre,source_name_points_to_base_component,relacion_derivada_por_normalizacion_conservadora,rule_based_name_resolution,normalizacion_interna_auditable,usar_para_limpieza_matching_y_expansion_de_grafo_no_para_recomendacion_clinica,media_para_limpieza_no_clinica,true
REL_c15c0a5ab76f6a,COMP_C9188808EB57,D-Mannose,COMP_D8644A846B7B,D-Mannose - Clinical trials (PubMed),RELACION_DE_NORMALIZACION,REFERENCIA_A_COMPONENTE,pagina_o_contexto_sobre_componente,normalizacion_limpieza_o_descomposicion_de_nombre,source_name_points_to_base_component,relacion_derivada_por_normalizacion_conservadora,rule_based_name_resolution,normalizacion_interna_auditable,usar_para_limpieza_matching_y_expansion_de_grafo_no_para_recomendacion_clinica,media_para_limpieza_no_clinica,true
REL_f076da027ebde3,COMP_2C79E1CA73CA,D-Mannose - Dietary supplement use in human (PubMed),COMP_C9188808EB57,D-Mannose,RELACION_DE_NORMALIZACION,REFERENCIA_A_COMPONENTE,pagina_o_contexto_sobre_componente,normalizacion_limpieza_o_descomposicion_de_nombre,source_name_points_to_base_component,relacion_derivada_por_normalizacion_conservadora,rule_based_name_resolution,normalizacion_interna_auditable,usar_para_limpieza_matching_y_expansion_de_grafo_no_para_recomendacion_clinica,media_para_limpieza_no_clinica,true
REL_4a5b6a61a640aa,COMP_A801D7BD16C2,D-Mannose - Dose and administration (PubMed),COMP_C9188808EB57,D-Mannose,RELACION_DE_NORMALIZACION,REFERENCIA_A_COMPONENTE,pagina_o_contexto_sobre_componente,normalizacion_limpieza_o_descomposicion_de_nombre,source_name_points_to_base_component,relacion_derivada_por_normalizacion_conservadora,rule_based_name_resolution,normalizacion_interna_auditable,usar_para_limpieza_matching_y_expansion_de_grafo_no_para_recomendacion_clinica,media_para_limpieza_no_clinica,true
REL_dfff3c3040fe68,COMP_C9188808EB57,D-Mannose,COMP_E0EBEE1F81F6,D-Mannose - Kinetics (PubMed),RELACION_DE_NORMALIZACION,REFERENCIA_A_COMPONENTE,pagina_o_contexto_sobre_componente,normalizacion_limpieza_o_descomposicion_de_nombre,source_name_points_to_base_component,relacion_derivada_por_normalizacion_conservadora,rule_based_name_resolution,normalizacion_interna_auditable,usar_para_limpieza_matching_y_expansion_de_grafo_no_para_recomendacion_clinica,media_para_limpieza_no_clinica,true
REL_2def4237341b6b,COMP_75F0C4A847E2,D-Mannose - Mechanism of action (PubMed),COMP_C9188808EB57,D-Mannose,RELACION_DE_NORMALIZACION,REFERENCIA_A_COMPONENTE,pagina_o_contexto_sobre_componente,normalizacion_limpieza_o_descomposicion_de_nombre,source_name_points_to_base_component,relacion_derivada_por_normalizacion_conservadora,rule_based_name_resolution,normalizacion_interna_auditable,usar_para_limpieza_matching_y_expansion_de_grafo_no_para_recomendacion_clinica,media_para_limpieza_no_clinica,true
REL_ca5edb49f5e411,COMP_624E22B6BDB1,D-Mannose - Poisoning (PubMed),COMP_C9188808EB57,D-Mannose,RELACION_DE_NORMALIZACION,REFERENCIA_A_COMPONENTE,pagina_o_contexto_sobre_componente,normalizacion_limpieza_o_descomposicion_de_nombre,source_name_points_to_base_component,relacion_derivada_por_normalizacion_conservadora,rule_based_name_resolution,normalizacion_interna_auditable,usar_para_limpieza_matching_y_expansion_de_grafo_no_para_recomendacion_clinica,media_para_limpieza_no_clinica,true
REL_704b9917376327,COMP_1E875BCDB9C4,D-Ribose,COMP_F71ADF33520E,D-Ribose - Adverse effects (PubMed),RELACION_DE_NORMALIZACION,REFERENCIA_A_COMPONENTE,pagina_o_contexto_sobre_componente,normalizacion_limpieza_o_descomposicion_de_nombre,source_name_points_to_base_component,relacion_derivada_por_normalizacion_conservadora,rule_based_name_resolution,normalizacion_interna_auditable,usar_para_limpieza_matching_y_expansion_de_grafo_no_para_recomendacion_clinica,media_para_limpieza_no_clinica,true
REL_6b78444cb3fa3b,COMP_1E875BCDB9C4,D-Ribose,COMP_48499C548B54,D-Ribose - Clinical trials (PubMed),RELACION_DE_NORMALIZACION,REFERENCIA_A_COMPONENTE,pagina_o_contexto_sobre_componente,normalizacion_limpieza_o_descomposicion_de_nombre,source_name_points_to_base_component,relacion_derivada_por_normalizacion_conservadora,rule_based_name_resolution,normalizacion_interna_auditable,usar_para_limpieza_matching_y_expansion_de_grafo_no_para_recomendacion_clinica,media_para_limpieza_no_clinica,true
REL_094695bd3ab69b,COMP_1E875BCDB9C4,D-Ribose,COMP_88C793E26C7B,D-Ribose - Dietary supplement use in human (PubMed),RELACION_DE_NORMALIZACION,REFERENCIA_A_COMPONENTE,pagina_o_contexto_sobre_componente,normalizacion_limpieza_o_descomposicion_de_nombre,source_name_points_to_base_component,relacion_derivada_por_normalizacion_conservadora,rule_based_name_resolution,normalizacion_interna_auditable,usar_para_limpieza_matching_y_expansion_de_grafo_no_para_recomendacion_clinica,media_para_limpieza_no_clinica,true
REL_f5dd0fb9f39da0,COMP_1E875BCDB9C4,D-Ribose,COMP_FC770F82FA17,D-Ribose - Dose and administration (PubMed),RELACION_DE_NORMALIZACION,REFERENCIA_A_COMPONENTE,pagina_o_contexto_sobre_componente,normalizacion_limpieza_o_descomposicion_de_nombre,source_name_points_to_base_component,relacion_derivada_por_normalizacion_conservadora,rule_based_name_resolution,normalizacion_interna_auditable,usar_para_limpieza_matching_y_expansion_de_grafo_no_para_recomendacion_clinica,media_para_limpieza_no_clinica,true
REL_850a066dd4bc39,COMP_1E875BCDB9C4,D-Ribose,COMP_F556AC9B0AAA,D-Ribose - Kinetics (PubMed),RELACION_DE_NORMALIZACION,REFERENCIA_A_COMPONENTE,pagina_o_contexto_sobre_componente,normalizacion_limpieza_o_descomposicion_de_nombre,source_name_points_to_base_component,relacion_derivada_por_normalizacion_conservadora,rule_based_name_resolution,normalizacion_interna_auditable,usar_para_limpieza_matching_y_expansion_de_grafo_no_para_recomendacion_clinica,media_para_limpieza_no_clinica,true
REL_e6150b3d87a89c,COMP_1E875BCDB9C4,D-Ribose,COMP_50835512AC55,D-Ribose - Mechanism of action (PubMed),RELACION_DE_NORMALIZACION,REFERENCIA_A_COMPONENTE,pagina_o_contexto_sobre_componente,normalizacion_limpieza_o_descomposicion_de_nombre,source_name_points_to_base_component,relacion_derivada_por_normalizacion_conservadora,rule_based_name_resolution,normalizacion_interna_auditable,usar_para_limpieza_matching_y_expansion_de_grafo_no_para_recomendacion_clinica,media_para_limpieza_no_clinica,true
REL_6283dc21a99ce8,COMP_1E875BCDB9C4,D-Ribose,COMP_C38ADE6B45D6,D-Ribose - Poisoning (PubMed),RELACION_DE_NORMALIZACION,REFERENCIA_A_COMPONENTE,pagina_o_contexto_sobre_componente,normalizacion_limpieza_o_descomposicion_de_nombre,source_name_points_to_base_component,relacion_derivada_por_normalizacion_conservadora,rule_based_name_resolution,normalizacion_interna_auditable,usar_para_limpieza_matching_y_expansion_de_grafo_no_para_recomendacion_clinica,media_para_limpieza_no_clinica,true
REL_efceb8f215f7e6,COMP_1CA22CA2F1C9,D-phenylalanine,COMP_506514090324,L-Alanine,RELACION_DE_NORMALIZACION,NORMALIZACION_COMPONENTE,normalizacion_a_componente_base,normalizacion_limpieza_o_descomposicion_de_nombre,source_name_points_to_base_component,relacion_derivada_por_normalizacion_conservadora,rule_based_name_resolution,normalizacion_interna_auditable,usar_para_limpieza_matching_y_expansion_de_grafo_no_para_recomendacion_clinica,media_para_limpieza_no_clinica,true
REL_ff5908b202b144,COMP_304A2213C001,Dipeptidyl peptidase 4,COMP_54617884DC2B,Dipeptidyl peptidase 4 - Adverse effects (PubMed),RELACION_DE_NORMALIZACION,REFERENCIA_A_COMPONENTE,pagina_o_contexto_sobre_componente,normalizacion_limpieza_o_descomposicion_de_nombre,source_name_points_to_base_component,relacion_derivada_por_normalizacion_conservadora,rule_based_name_resolution,normalizacion_interna_auditable,usar_para_limpieza_matching_y_expansion_de_grafo_no_para_recomendacion_clinica,media_para_limpieza_no_clinica,true
REL_c4a205eaaffc4c,COMP_304A2213C001,Dipeptidyl peptidase 4,COMP_46E916969EE3,Dipeptidyl peptidase 4 - Clinical trials (PubMed),RELACION_DE_NORMALIZACION,REFERENCIA_A_COMPONENTE,pagina_o_contexto_sobre_componente,normalizacion_limpieza_o_descomposicion_de_nombre,source_name_points_to_base_component,relacion_derivada_por_normalizacion_conservadora,rule_based_name_resolution,normalizacion_interna_auditable,usar_para_limpieza_matching_y_expansion_de_grafo_no_para_recomendacion_clinica,media_para_limpieza_no_clinica,true
REL_603ed3f7b422c4,COMP_304A2213C001,Dipeptidyl peptidase 4,COMP_D381394CAF2A,Dipeptidyl peptidase 4 - Contraindications (PubMed),RELACION_DE_NORMALIZACION,REFERENCIA_A_COMPONENTE,pagina_o_contexto_sobre_componente,normalizacion_limpieza_o_descomposicion_de_nombre,source_name_points_to_base_component,relacion_derivada_por_normalizacion_conservadora,rule_based_name_resolution,normalizacion_interna_auditable,usar_para_limpieza_matching_y_expansion_de_grafo_no_para_recomendacion_clinica,media_para_limpieza_no_clinica,true
REL_efc4643960b8c8,COMP_304A2213C001,Dipeptidyl peptidase 4,COMP_7FAEE539FC5B,Dipeptidyl peptidase 4 - Dietary supplement use in human (PubMed),RELACION_DE_NORMALIZACION,REFERENCIA_A_COMPONENTE,pagina_o_contexto_sobre_componente,normalizacion_limpieza_o_descomposicion_de_nombre,source_name_points_to_base_component,relacion_derivada_por_normalizacion_conservadora,rule_based_name_resolution,normalizacion_interna_auditable,usar_para_limpieza_matching_y_expansion_de_grafo_no_para_recomendacion_clinica,media_para_limpieza_no_clinica,true
REL_485c6f6dd411b2,COMP_304A2213C001,Dipeptidyl peptidase 4,COMP_B0B8387CA420,Dipeptidyl peptidase 4 - Dose and administration (PubMed),RELACION_DE_NORMALIZACION,REFERENCIA_A_COMPONENTE,pagina_o_contexto_sobre_componente,normalizacion_limpieza_o_descomposicion_de_nombre,source_name_points_to_base_component,relacion_derivada_por_normalizacion_conservadora,rule_based_name_resolution,normalizacion_interna_auditable,usar_para_limpieza_matching_y_expansion_de_grafo_no_para_recomendacion_clinica,media_para_limpieza_no_clinica,true
REL_375bb7b143ded0,COMP_304A2213C001,Dipeptidyl peptidase 4,COMP_9B5C52C65734,Dipeptidyl peptidase 4 - Kinetics (PubMed),RELACION_DE_NORMALIZACION,REFERENCIA_A_COMPONENTE,pagina_o_contexto_sobre_componente,normalizacion_limpieza_o_descomposicion_de_nombre,source_name_points_to_base_component,relacion_derivada_por_normalizacion_conservadora,rule_based_name_resolution,normalizacion_interna_auditable,usar_para_limpieza_matching_y_expansion_de_grafo_no_para_recomendacion_clinica,media_para_limpieza_no_clinica,true
REL_09ba8efee8210b,COMP_304A2213C001,Dipeptidyl peptidase 4,COMP_CF2A7DA90CDA,Dipeptidyl peptidase 4 - Mechanism of action (PubMed),RELACION_DE_NORMALIZACION,REFERENCIA_A_COMPONENTE,pagina_o_contexto_sobre_componente,normalizacion_limpieza_o_descomposicion_de_nombre,source_name_points_to_base_component,relacion_derivada_por_normalizacion_conservadora,rule_based_name_resolution,normalizacion_interna_auditable,usar_para_limpieza_matching_y_expansion_de_grafo_no_para_recomendacion_clinica,media_para_limpieza_no_clinica,true
REL_a7d6d6a8b52d46,COMP_047EB7813ECF,Dipeptidyl peptidase 4 - Poisoning (PubMed),COMP_304A2213C001,Dipeptidyl peptidase 4,RELACION_DE_NORMALIZACION,REFERENCIA_A_COMPONENTE,pagina_o_contexto_sobre_componente,normalizacion_limpieza_o_descomposicion_de_nombre,source_name_points_to_base_component,relacion_derivada_por_normalizacion_conservadora,rule_based_name_resolution,normalizacion_interna_auditable,usar_para_limpieza_matching_y_expansion_de_grafo_no_para_recomendacion_clinica,media_para_limpieza_no_clinica,true
REL_239a1be6cd8bf4,COMP_82ED92D32287,EPADHAOmega-3 fatty acids,COMP_C34D1F3079C8,Omega-3 Fatty Acids,RELACION_DE_NORMALIZACION,NORMALIZACION_COMPONENTE,normalizacion_a_componente_base,normalizacion_limpieza_o_descomposicion_de_nombre,source_name_points_to_base_component,relacion_derivada_por_normalizacion_conservadora,rule_based_name_resolution,normalizacion_interna_auditable,usar_para_limpieza_matching_y_expansion_de_grafo_no_para_recomendacion_clinica,media_para_limpieza_no_clinica,true
REL_04b82c2789033e,COMP_153CD3CDEDF5,Folate,COMP_7997CA7FB998,Folic Acid in combination with Vitamin B6 and Vitamin B12,RELACION_DE_NORMALIZACION,DESCOMPOSICION_COMPONENTE,mezcla_contiene_componente,normalizacion_limpieza_o_descomposicion_de_nombre,source_name_points_to_base_component,relacion_derivada_por_normalizacion_conservadora,rule_based_name_resolution,normalizacion_interna_auditable,usar_para_limpieza_matching_y_expansion_de_grafo_no_para_recomendacion_clinica,media_para_limpieza_no_clinica,true
REL_04827c53eb3eb2,COMP_7997CA7FB998,Folic Acid in combination with Vitamin B6 and Vitamin B12,COMP_A9136ADF22F7,FolateFolacin,RELACION_DE_NORMALIZACION,DESCOMPOSICION_COMPONENTE,mezcla_contiene_componente,normalizacion_limpieza_o_descomposicion_de_nombre,source_name_points_to_base_component,relacion_derivada_por_normalizacion_conservadora,rule_based_name_resolution,normalizacion_interna_auditable,usar_para_limpieza_matching_y_expansion_de_grafo_no_para_recomendacion_clinica,media_para_limpieza_no_clinica,true
REL_985e347fa5ba4e,COMP_06B36D3A8FF3,Vitamin B12,COMP_7997CA7FB998,Folic Acid in combination with Vitamin B6 and Vitamin B12,RELACION_DE_NORMALIZACION,DESCOMPOSICION_COMPONENTE,mezcla_contiene_componente,normalizacion_limpieza_o_descomposicion_de_nombre,source_name_points_to_base_component,relacion_derivada_por_normalizacion_conservadora,rule_based_name_resolution,normalizacion_interna_auditable,usar_para_limpieza_matching_y_expansion_de_grafo_no_para_recomendacion_clinica,media_para_limpieza_no_clinica,true
REL_9d3f201b68be5e,COMP_7997CA7FB998,Folic Acid in combination with Vitamin B6 and Vitamin B12,COMP_FB0BFF3E6E21,Vitamin B6,RELACION_DE_NORMALIZACION,DESCOMPOSICION_COMPONENTE,mezcla_contiene_componente,normalizacion_limpieza_o_descomposicion_de_nombre,source_name_points_to_base_component,relacion_derivada_por_normalizacion_conservadora,rule_based_name_resolution,normalizacion_interna_auditable,usar_para_limpieza_matching_y_expansion_de_grafo_no_para_recomendacion_clinica,media_para_limpieza_no_clinica,true
REL_b2ecc005ec2f9f,COMP_153CD3CDEDF5,Folate,COMP_7BD555FA54C6,Glucosamine 5-Methyltetrahydrofolate,RELACION_DE_NORMALIZACION,NORMALIZACION_COMPONENTE,normalizacion_a_componente_base,normalizacion_limpieza_o_descomposicion_de_nombre,source_name_points_to_base_component,relacion_derivada_por_normalizacion_conservadora,rule_based_name_resolution,normalizacion_interna_auditable,usar_para_limpieza_matching_y_expansion_de_grafo_no_para_recomendacion_clinica,media_para_limpieza_no_clinica,true
REL_42177bf2453030,COMP_0987F386BB65,Carnitine,COMP_4804AC827090,Glycine propionyl-l-carnitine,RELACION_DE_NORMALIZACION,NORMALIZACION_COMPONENTE,normalizacion_a_componente_base,normalizacion_limpieza_o_descomposicion_de_nombre,source_name_points_to_base_component,relacion_derivada_por_normalizacion_conservadora,rule_based_name_resolution,normalizacion_interna_auditable,usar_para_limpieza_matching_y_expansion_de_grafo_no_para_recomendacion_clinica,media_para_limpieza_no_clinica,true
REL_69c0580647eca1,COMP_4804AC827090,Glycine propionyl-l-carnitine,COMP_F5A29301F61D,Propionyl-L-Carnitine,RELACION_DE_NORMALIZACION,NORMALIZACION_COMPONENTE,normalizacion_a_componente_base,normalizacion_limpieza_o_descomposicion_de_nombre,source_name_points_to_base_component,relacion_derivada_por_normalizacion_conservadora,rule_based_name_resolution,normalizacion_interna_auditable,usar_para_limpieza_matching_y_expansion_de_grafo_no_para_recomendacion_clinica,media_para_limpieza_no_clinica,true
REL_fcd69fb8690bd6,COMP_506514090324,L-Alanine,COMP_7206077EC839,Glycine-alanyl-l-phenylalanine,RELACION_DE_NORMALIZACION,NORMALIZACION_COMPONENTE,normalizacion_a_componente_base,normalizacion_limpieza_o_descomposicion_de_nombre,source_name_points_to_base_component,relacion_derivada_por_normalizacion_conservadora,rule_based_name_resolution,normalizacion_interna_auditable,usar_para_limpieza_matching_y_expansion_de_grafo_no_para_recomendacion_clinica,media_para_limpieza_no_clinica,true
REL_b7a6c8939e7460,COMP_77DD0D7D086D,L-Tryptophan,COMP_81791BEB3F61,Glycine-alanyl-l-tryptophan,RELACION_DE_NORMALIZACION,NORMALIZACION_COMPONENTE,normalizacion_a_componente_base,normalizacion_limpieza_o_descomposicion_de_nombre,source_name_points_to_base_component,relacion_derivada_por_normalizacion_conservadora,rule_based_name_resolution,normalizacion_interna_auditable,usar_para_limpieza_matching_y_expansion_de_grafo_no_para_recomendacion_clinica,media_para_limpieza_no_clinica,true
REL_bcbdd53aa9142c,COMP_093532B7FA53,L-Histidine,COMP_1BE683046F36,Histidine (ClinicalTrials.gov),RELACION_DE_NORMALIZACION,REFERENCIA_A_COMPONENTE,pagina_o_contexto_sobre_componente,normalizacion_limpieza_o_descomposicion_de_nombre,source_name_points_to_base_component,relacion_derivada_por_normalizacion_conservadora,rule_based_name_resolution,normalizacion_interna_auditable,usar_para_limpieza_matching_y_expansion_de_grafo_no_para_recomendacion_clinica,media_para_limpieza_no_clinica,true
REL_996c110624f83b,COMP_0CE51AE34B87,Hordenine,COMP_373ABC55A17D,Hordenine HCl,RELACION_DE_NORMALIZACION,NORMALIZACION_COMPONENTE,normalizacion_a_componente_base,normalizacion_limpieza_o_descomposicion_de_nombre,source_name_points_to_base_component,relacion_derivada_por_normalizacion_conservadora,rule_based_name_resolution,normalizacion_interna_auditable,usar_para_limpieza_matching_y_expansion_de_grafo_no_para_recomendacion_clinica,media_para_limpieza_no_clinica,true
REL_1e1a7adf37def3,COMP_7010109D42C3,Immunoglobulin G - Adverse effects (PubMed),COMP_80E5B375BDE9,Immunoglobulin G,RELACION_DE_NORMALIZACION,REFERENCIA_A_COMPONENTE,pagina_o_contexto_sobre_componente,normalizacion_limpieza_o_descomposicion_de_nombre,source_name_points_to_base_component,relacion_derivada_por_normalizacion_conservadora,rule_based_name_resolution,normalizacion_interna_auditable,usar_para_limpieza_matching_y_expansion_de_grafo_no_para_recomendacion_clinica,media_para_limpieza_no_clinica,true
REL_3613c28b06c40d,COMP_6D7E5FC48DA8,Immunoglobulin G - Clinical trials (PubMed),COMP_80E5B375BDE9,Immunoglobulin G,RELACION_DE_NORMALIZACION,REFERENCIA_A_COMPONENTE,pagina_o_contexto_sobre_componente,normalizacion_limpieza_o_descomposicion_de_nombre,source_name_points_to_base_component,relacion_derivada_por_normalizacion_conservadora,rule_based_name_resolution,normalizacion_interna_auditable,usar_para_limpieza_matching_y_expansion_de_grafo_no_para_recomendacion_clinica,media_para_limpieza_no_clinica,true
REL_feda559177e80f,COMP_0E91B7319504,Immunoglobulin G - Contraindications (PubMed),COMP_80E5B375BDE9,Immunoglobulin G,RELACION_DE_NORMALIZACION,REFERENCIA_A_COMPONENTE,pagina_o_contexto_sobre_componente,normalizacion_limpieza_o_descomposicion_de_nombre,source_name_points_to_base_component,relacion_derivada_por_normalizacion_conservadora,rule_based_name_resolution,normalizacion_interna_auditable,usar_para_limpieza_matching_y_expansion_de_grafo_no_para_recomendacion_clinica,media_para_limpieza_no_clinica,true
REL_e31b041f8c4b3a,COMP_80E5B375BDE9,Immunoglobulin G,COMP_FDB32675B6D6,Immunoglobulin G - Dietary supplement use in human (PubMed),RELACION_DE_NORMALIZACION,REFERENCIA_A_COMPONENTE,pagina_o_contexto_sobre_componente,normalizacion_limpieza_o_descomposicion_de_nombre,source_name_points_to_base_component,relacion_derivada_por_normalizacion_conservadora,rule_based_name_resolution,normalizacion_interna_auditable,usar_para_limpieza_matching_y_expansion_de_grafo_no_para_recomendacion_clinica,media_para_limpieza_no_clinica,true
REL_da09839d625489,COMP_80E5B375BDE9,Immunoglobulin G,COMP_B5178EE30E36,Immunoglobulin G - Dose and administration (PubMed),RELACION_DE_NORMALIZACION,REFERENCIA_A_COMPONENTE,pagina_o_contexto_sobre_componente,normalizacion_limpieza_o_descomposicion_de_nombre,source_name_points_to_base_component,relacion_derivada_por_normalizacion_conservadora,rule_based_name_resolution,normalizacion_interna_auditable,usar_para_limpieza_matching_y_expansion_de_grafo_no_para_recomendacion_clinica,media_para_limpieza_no_clinica,true
REL_c29ab90bb97b83,COMP_77F20AF65949,Immunoglobulin G - Kinetics (PubMed),COMP_80E5B375BDE9,Immunoglobulin G,RELACION_DE_NORMALIZACION,REFERENCIA_A_COMPONENTE,pagina_o_contexto_sobre_componente,normalizacion_limpieza_o_descomposicion_de_nombre,source_name_points_to_base_component,relacion_derivada_por_normalizacion_conservadora,rule_based_name_resolution,normalizacion_interna_auditable,usar_para_limpieza_matching_y_expansion_de_grafo_no_para_recomendacion_clinica,media_para_limpieza_no_clinica,true
REL_7876b1fb904c0d,COMP_5F2E683BD525,Immunoglobulin G - Mechanism of action (PubMed),COMP_80E5B375BDE9,Immunoglobulin G,RELACION_DE_NORMALIZACION,REFERENCIA_A_COMPONENTE,pagina_o_contexto_sobre_componente,normalizacion_limpieza_o_descomposicion_de_nombre,source_name_points_to_base_component,relacion_derivada_por_normalizacion_conservadora,rule_based_name_resolution,normalizacion_interna_auditable,usar_para_limpieza_matching_y_expansion_de_grafo_no_para_recomendacion_clinica,media_para_limpieza_no_clinica,true
REL_04648bf6cee008,COMP_4FEE603B6EEF,Immunoglobulin G - Poisoning (PubMed),COMP_80E5B375BDE9,Immunoglobulin G,RELACION_DE_NORMALIZACION,REFERENCIA_A_COMPONENTE,pagina_o_contexto_sobre_componente,normalizacion_limpieza_o_descomposicion_de_nombre,source_name_points_to_base_component,relacion_derivada_por_normalizacion_conservadora,rule_based_name_resolution,normalizacion_interna_auditable,usar_para_limpieza_matching_y_expansion_de_grafo_no_para_recomendacion_clinica,media_para_limpieza_no_clinica,true
REL_0388682b118243,COMP_1F452EC34FD1,Indole-3-Carbinol (I3C),COMP_63978DB255FE,Indole-3-Carbinol (I3C) - Clinical trials (PubMed),RELACION_DE_NORMALIZACION,REFERENCIA_A_COMPONENTE,pagina_o_contexto_sobre_componente,normalizacion_limpieza_o_descomposicion_de_nombre,source_name_points_to_base_component,relacion_derivada_por_normalizacion_conservadora,rule_based_name_resolution,normalizacion_interna_auditable,usar_para_limpieza_matching_y_expansion_de_grafo_no_para_recomendacion_clinica,media_para_limpieza_no_clinica,true
REL_dc1e158c014f74,COMP_1F452EC34FD1,Indole-3-Carbinol (I3C),COMP_5F2578D048F4,Indole-3-Carbinol (I3C) - Dietary supplement use in human (PubMed),RELACION_DE_NORMALIZACION,REFERENCIA_A_COMPONENTE,pagina_o_contexto_sobre_componente,normalizacion_limpieza_o_descomposicion_de_nombre,source_name_points_to_base_component,relacion_derivada_por_normalizacion_conservadora,rule_based_name_resolution,normalizacion_interna_auditable,usar_para_limpieza_matching_y_expansion_de_grafo_no_para_recomendacion_clinica,media_para_limpieza_no_clinica,true
REL_b26adef1fce8a2,COMP_1F452EC34FD1,Indole-3-Carbinol (I3C),COMP_96CD2D84E964,Indole-3-Carbinol (I3C) - Dose and administration (PubMed),RELACION_DE_NORMALIZACION,REFERENCIA_A_COMPONENTE,pagina_o_contexto_sobre_componente,normalizacion_limpieza_o_descomposicion_de_nombre,source_name_points_to_base_component,relacion_derivada_por_normalizacion_conservadora,rule_based_name_resolution,normalizacion_interna_auditable,usar_para_limpieza_matching_y_expansion_de_grafo_no_para_recomendacion_clinica,media_para_limpieza_no_clinica,true
REL_c6b700cb5b7b4d,COMP_1F452EC34FD1,Indole-3-Carbinol (I3C),COMP_A85CE3268C9E,Indole-3-Carbinol (I3C) - Mechanism of action (PubMed),RELACION_DE_NORMALIZACION,REFERENCIA_A_COMPONENTE,pagina_o_contexto_sobre_componente,normalizacion_limpieza_o_descomposicion_de_nombre,source_name_points_to_base_component,relacion_derivada_por_normalizacion_conservadora,rule_based_name_resolution,normalizacion_interna_auditable,usar_para_limpieza_matching_y_expansion_de_grafo_no_para_recomendacion_clinica,media_para_limpieza_no_clinica,true
REL_59593e809cf1c9,COMP_506514090324,L-Alanine,COMP_B3EF9F059C50,L-Alanine - Adverse effects (PubMed),RELACION_DE_NORMALIZACION,REFERENCIA_A_COMPONENTE,pagina_o_contexto_sobre_componente,normalizacion_limpieza_o_descomposicion_de_nombre,source_name_points_to_base_component,relacion_derivada_por_normalizacion_conservadora,rule_based_name_resolution,normalizacion_interna_auditable,usar_para_limpieza_matching_y_expansion_de_grafo_no_para_recomendacion_clinica,media_para_limpieza_no_clinica,true
REL_6a5ac2b870bede,COMP_506514090324,L-Alanine,COMP_A07A94D014E0,L-Alanine - Clinical trials (PubMed),RELACION_DE_NORMALIZACION,REFERENCIA_A_COMPONENTE,pagina_o_contexto_sobre_componente,normalizacion_limpieza_o_descomposicion_de_nombre,source_name_points_to_base_component,relacion_derivada_por_normalizacion_conservadora,rule_based_name_resolution,normalizacion_interna_auditable,usar_para_limpieza_matching_y_expansion_de_grafo_no_para_recomendacion_clinica,media_para_limpieza_no_clinica,true
REL_dfe7d3896ab234,COMP_506514090324,L-Alanine,COMP_8CF8A6D8C5A3,L-Alanine - Contraindications (PubMed),RELACION_DE_NORMALIZACION,REFERENCIA_A_COMPONENTE,pagina_o_contexto_sobre_componente,normalizacion_limpieza_o_descomposicion_de_nombre,source_name_points_to_base_component,relacion_derivada_por_normalizacion_conservadora,rule_based_name_resolution,normalizacion_interna_auditable,usar_para_limpieza_matching_y_expansion_de_grafo_no_para_recomendacion_clinica,media_para_limpieza_no_clinica,true
REL_d89269508250ca,COMP_506514090324,L-Alanine,COMP_DDB63AF29A0B,L-Alanine - Dietary supplement use in human (PubMed),RELACION_DE_NORMALIZACION,REFERENCIA_A_COMPONENTE,pagina_o_contexto_sobre_componente,normalizacion_limpieza_o_descomposicion_de_nombre,source_name_points_to_base_component,relacion_derivada_por_normalizacion_conservadora,rule_based_name_resolution,normalizacion_interna_auditable,usar_para_limpieza_matching_y_expansion_de_grafo_no_para_recomendacion_clinica,media_para_limpieza_no_clinica,true
REL_17541cb5bd5d1c,COMP_04F66C8F2186,L-Alanine - Dose and administration (PubMed),COMP_506514090324,L-Alanine,RELACION_DE_NORMALIZACION,REFERENCIA_A_COMPONENTE,pagina_o_contexto_sobre_componente,normalizacion_limpieza_o_descomposicion_de_nombre,source_name_points_to_base_component,relacion_derivada_por_normalizacion_conservadora,rule_based_name_resolution,normalizacion_interna_auditable,usar_para_limpieza_matching_y_expansion_de_grafo_no_para_recomendacion_clinica,media_para_limpieza_no_clinica,true
REL_0aaf95bc3dafc0,COMP_506514090324,L-Alanine,COMP_7733ADCEB10B,L-Alanine - Kinetics (PubMed),RELACION_DE_NORMALIZACION,REFERENCIA_A_COMPONENTE,pagina_o_contexto_sobre_componente,normalizacion_limpieza_o_descomposicion_de_nombre,source_name_points_to_base_component,relacion_derivada_por_normalizacion_conservadora,rule_based_name_resolution,normalizacion_interna_auditable,usar_para_limpieza_matching_y_expansion_de_grafo_no_para_recomendacion_clinica,media_para_limpieza_no_clinica,true
REL_2eeaee5f559653,COMP_506514090324,L-Alanine,COMP_8C219873EF65,L-Alanine - Mechanism of action (PubMed),RELACION_DE_NORMALIZACION,REFERENCIA_A_COMPONENTE,pagina_o_contexto_sobre_componente,normalizacion_limpieza_o_descomposicion_de_nombre,source_name_points_to_base_component,relacion_derivada_por_normalizacion_conservadora,rule_based_name_resolution,normalizacion_interna_auditable,usar_para_limpieza_matching_y_expansion_de_grafo_no_para_recomendacion_clinica,media_para_limpieza_no_clinica,true
REL_eb3967924d54d5,COMP_506514090324,L-Alanine,COMP_CF32946BCAAC,L-Alanine - Poisoning (PubMed),RELACION_DE_NORMALIZACION,REFERENCIA_A_COMPONENTE,pagina_o_contexto_sobre_componente,normalizacion_limpieza_o_descomposicion_de_nombre,source_name_points_to_base_component,relacion_derivada_por_normalizacion_conservadora,rule_based_name_resolution,normalizacion_interna_auditable,usar_para_limpieza_matching_y_expansion_de_grafo_no_para_recomendacion_clinica,media_para_limpieza_no_clinica,true
REL_f3301d464bbba2,COMP_984D98F1A15A,L-Arginine,COMP_ACCE3E7A9900,L-Arginine - Adverse effects (PubMed),RELACION_DE_NORMALIZACION,REFERENCIA_A_COMPONENTE,pagina_o_contexto_sobre_componente,normalizacion_limpieza_o_descomposicion_de_nombre,source_name_points_to_base_component,relacion_derivada_por_normalizacion_conservadora,rule_based_name_resolution,normalizacion_interna_auditable,usar_para_limpieza_matching_y_expansion_de_grafo_no_para_recomendacion_clinica,media_para_limpieza_no_clinica,true
REL_4dbf218c8dac5b,COMP_12E6DB0B8543,L-Arginine - Clinical trials (PubMed),COMP_984D98F1A15A,L-Arginine,RELACION_DE_NORMALIZACION,REFERENCIA_A_COMPONENTE,pagina_o_contexto_sobre_componente,normalizacion_limpieza_o_descomposicion_de_nombre,source_name_points_to_base_component,relacion_derivada_por_normalizacion_conservadora,rule_based_name_resolution,normalizacion_interna_auditable,usar_para_limpieza_matching_y_expansion_de_grafo_no_para_recomendacion_clinica,media_para_limpieza_no_clinica,true
REL_62f26f966d6b49,COMP_7EA244BCAC9D,L-Arginine - Contraindications (PubMed),COMP_984D98F1A15A,L-Arginine,RELACION_DE_NORMALIZACION,REFERENCIA_A_COMPONENTE,pagina_o_contexto_sobre_componente,normalizacion_limpieza_o_descomposicion_de_nombre,source_name_points_to_base_component,relacion_derivada_por_normalizacion_conservadora,rule_based_name_resolution,normalizacion_interna_auditable,usar_para_limpieza_matching_y_expansion_de_grafo_no_para_recomendacion_clinica,media_para_limpieza_no_clinica,true
REL_84e0ae8c8fc76d,COMP_464EA970FB3A,L-Arginine - Dietary supplement use in human (PubMed),COMP_984D98F1A15A,L-Arginine,RELACION_DE_NORMALIZACION,REFERENCIA_A_COMPONENTE,pagina_o_contexto_sobre_componente,normalizacion_limpieza_o_descomposicion_de_nombre,source_name_points_to_base_component,relacion_derivada_por_normalizacion_conservadora,rule_based_name_resolution,normalizacion_interna_auditable,usar_para_limpieza_matching_y_expansion_de_grafo_no_para_recomendacion_clinica,media_para_limpieza_no_clinica,true
REL_11e93eb1116eb1,COMP_92620B9523BF,L-Arginine - Dose and administration (PubMed),COMP_984D98F1A15A,L-Arginine,RELACION_DE_NORMALIZACION,REFERENCIA_A_COMPONENTE,pagina_o_contexto_sobre_componente,normalizacion_limpieza_o_descomposicion_de_nombre,source_name_points_to_base_component,relacion_derivada_por_normalizacion_conservadora,rule_based_name_resolution,normalizacion_interna_auditable,usar_para_limpieza_matching_y_expansion_de_grafo_no_para_recomendacion_clinica,media_para_limpieza_no_clinica,true
REL_6acbdb9aac199e,COMP_984D98F1A15A,L-Arginine,COMP_F4FB4FE19C9A,L-Arginine - Kinetics (PubMed),RELACION_DE_NORMALIZACION,REFERENCIA_A_COMPONENTE,pagina_o_contexto_sobre_componente,normalizacion_limpieza_o_descomposicion_de_nombre,source_name_points_to_base_component,relacion_derivada_por_normalizacion_conservadora,rule_based_name_resolution,normalizacion_interna_auditable,usar_para_limpieza_matching_y_expansion_de_grafo_no_para_recomendacion_clinica,media_para_limpieza_no_clinica,true
REL_8add4b6a74062d,COMP_4C41CB52556F,L-Arginine - Mechanism of action (PubMed),COMP_984D98F1A15A,L-Arginine,RELACION_DE_NORMALIZACION,REFERENCIA_A_COMPONENTE,pagina_o_contexto_sobre_componente,normalizacion_limpieza_o_descomposicion_de_nombre,source_name_points_to_base_component,relacion_derivada_por_normalizacion_conservadora,rule_based_name_resolution,normalizacion_interna_auditable,usar_para_limpieza_matching_y_expansion_de_grafo_no_para_recomendacion_clinica,media_para_limpieza_no_clinica,true
REL_07e5f5f628b7aa,COMP_984D98F1A15A,L-Arginine,COMP_C5AFF263E21D,L-Arginine - Poisoning (PubMed),RELACION_DE_NORMALIZACION,REFERENCIA_A_COMPONENTE,pagina_o_contexto_sobre_componente,normalizacion_limpieza_o_descomposicion_de_nombre,source_name_points_to_base_component,relacion_derivada_por_normalizacion_conservadora,rule_based_name_resolution,normalizacion_interna_auditable,usar_para_limpieza_matching_y_expansion_de_grafo_no_para_recomendacion_clinica,media_para_limpieza_no_clinica,true
REL_05503e4b8a3639,COMP_B83B314F4F8F,L-Aspartic Acid - Adverse effects (PubMed),COMP_D83F496D52EF,D-Aspartic Acid,RELACION_DE_NORMALIZACION,REFERENCIA_A_COMPONENTE,pagina_o_contexto_sobre_componente,normalizacion_limpieza_o_descomposicion_de_nombre,source_name_points_to_base_component,relacion_derivada_por_normalizacion_conservadora,rule_based_name_resolution,normalizacion_interna_auditable,usar_para_limpieza_matching_y_expansion_de_grafo_no_para_recomendacion_clinica,media_para_limpieza_no_clinica,true
REL_6d7eab7e3d810f,COMP_B83B314F4F8F,L-Aspartic Acid - Adverse effects (PubMed),COMP_F1466766627A,L-Aspartic Acid,RELACION_DE_NORMALIZACION,REFERENCIA_A_COMPONENTE,pagina_o_contexto_sobre_componente,normalizacion_limpieza_o_descomposicion_de_nombre,source_name_points_to_base_component,relacion_derivada_por_normalizacion_conservadora,rule_based_name_resolution,normalizacion_interna_auditable,usar_para_limpieza_matching_y_expansion_de_grafo_no_para_recomendacion_clinica,media_para_limpieza_no_clinica,true
REL_2b8fa81f2158b6,COMP_1593E03FE1B4,L-Aspartic Acid - Clinical trials (PubMed),COMP_D83F496D52EF,D-Aspartic Acid,RELACION_DE_NORMALIZACION,REFERENCIA_A_COMPONENTE,pagina_o_contexto_sobre_componente,normalizacion_limpieza_o_descomposicion_de_nombre,source_name_points_to_base_component,relacion_derivada_por_normalizacion_conservadora,rule_based_name_resolution,normalizacion_interna_auditable,usar_para_limpieza_matching_y_expansion_de_grafo_no_para_recomendacion_clinica,media_para_limpieza_no_clinica,true
REL_223c0240782b3d,COMP_1593E03FE1B4,L-Aspartic Acid - Clinical trials (PubMed),COMP_F1466766627A,L-Aspartic Acid,RELACION_DE_NORMALIZACION,REFERENCIA_A_COMPONENTE,pagina_o_contexto_sobre_componente,normalizacion_limpieza_o_descomposicion_de_nombre,source_name_points_to_base_component,relacion_derivada_por_normalizacion_conservadora,rule_based_name_resolution,normalizacion_interna_auditable,usar_para_limpieza_matching_y_expansion_de_grafo_no_para_recomendacion_clinica,media_para_limpieza_no_clinica,true
REL_97ee669db7991c,COMP_4C9EE1C8BE59,L-Aspartic Acid - Contraindications (PubMed),COMP_D83F496D52EF,D-Aspartic Acid,RELACION_DE_NORMALIZACION,REFERENCIA_A_COMPONENTE,pagina_o_contexto_sobre_componente,normalizacion_limpieza_o_descomposicion_de_nombre,source_name_points_to_base_component,relacion_derivada_por_normalizacion_conservadora,rule_based_name_resolution,normalizacion_interna_auditable,usar_para_limpieza_matching_y_expansion_de_grafo_no_para_recomendacion_clinica,media_para_limpieza_no_clinica,true
REL_12b10ffca3961c,COMP_4C9EE1C8BE59,L-Aspartic Acid - Contraindications (PubMed),COMP_F1466766627A,L-Aspartic Acid,RELACION_DE_NORMALIZACION,REFERENCIA_A_COMPONENTE,pagina_o_contexto_sobre_componente,normalizacion_limpieza_o_descomposicion_de_nombre,source_name_points_to_base_component,relacion_derivada_por_normalizacion_conservadora,rule_based_name_resolution,normalizacion_interna_auditable,usar_para_limpieza_matching_y_expansion_de_grafo_no_para_recomendacion_clinica,media_para_limpieza_no_clinica,true
REL_8336471493cf35,COMP_301F73B856CB,L-Aspartic Acid - Dietary supplement use in human (PubMed),COMP_D83F496D52EF,D-Aspartic Acid,RELACION_DE_NORMALIZACION,REFERENCIA_A_COMPONENTE,pagina_o_contexto_sobre_componente,normalizacion_limpieza_o_descomposicion_de_nombre,source_name_points_to_base_component,relacion_derivada_por_normalizacion_conservadora,rule_based_name_resolution,normalizacion_interna_auditable,usar_para_limpieza_matching_y_expansion_de_grafo_no_para_recomendacion_clinica,media_para_limpieza_no_clinica,true
REL_d39e1e45aac7bf,COMP_301F73B856CB,L-Aspartic Acid - Dietary supplement use in human (PubMed),COMP_F1466766627A,L-Aspartic Acid,RELACION_DE_NORMALIZACION,REFERENCIA_A_COMPONENTE,pagina_o_contexto_sobre_componente,normalizacion_limpieza_o_descomposicion_de_nombre,source_name_points_to_base_component,relacion_derivada_por_normalizacion_conservadora,rule_based_name_resolution,normalizacion_interna_auditable,usar_para_limpieza_matching_y_expansion_de_grafo_no_para_recomendacion_clinica,media_para_limpieza_no_clinica,true
REL_8c601257bad539,COMP_401D6B018658,L-Aspartic Acid - Dose and administration (PubMed),COMP_D83F496D52EF,D-Aspartic Acid,RELACION_DE_NORMALIZACION,REFERENCIA_A_COMPONENTE,pagina_o_contexto_sobre_componente,normalizacion_limpieza_o_descomposicion_de_nombre,source_name_points_to_base_component,relacion_derivada_por_normalizacion_conservadora,rule_based_name_resolution,normalizacion_interna_auditable,usar_para_limpieza_matching_y_expansion_de_grafo_no_para_recomendacion_clinica,media_para_limpieza_no_clinica,true
REL_0d2d43050d4669,COMP_401D6B018658,L-Aspartic Acid - Dose and administration (PubMed),COMP_F1466766627A,L-Aspartic Acid,RELACION_DE_NORMALIZACION,REFERENCIA_A_COMPONENTE,pagina_o_contexto_sobre_componente,normalizacion_limpieza_o_descomposicion_de_nombre,source_name_points_to_base_component,relacion_derivada_por_normalizacion_conservadora,rule_based_name_resolution,normalizacion_interna_auditable,usar_para_limpieza_matching_y_expansion_de_grafo_no_para_recomendacion_clinica,media_para_limpieza_no_clinica,true
REL_92498e725e3b89,COMP_8EDEE9BC2530,L-Aspartic Acid - Kinetics (PubMed),COMP_D83F496D52EF,D-Aspartic Acid,RELACION_DE_NORMALIZACION,REFERENCIA_A_COMPONENTE,pagina_o_contexto_sobre_componente,normalizacion_limpieza_o_descomposicion_de_nombre,source_name_points_to_base_component,relacion_derivada_por_normalizacion_conservadora,rule_based_name_resolution,normalizacion_interna_auditable,usar_para_limpieza_matching_y_expansion_de_grafo_no_para_recomendacion_clinica,media_para_limpieza_no_clinica,true
REL_63d1fa7f9a8399,COMP_8EDEE9BC2530,L-Aspartic Acid - Kinetics (PubMed),COMP_F1466766627A,L-Aspartic Acid,RELACION_DE_NORMALIZACION,REFERENCIA_A_COMPONENTE,pagina_o_contexto_sobre_componente,normalizacion_limpieza_o_descomposicion_de_nombre,source_name_points_to_base_component,relacion_derivada_por_normalizacion_conservadora,rule_based_name_resolution,normalizacion_interna_auditable,usar_para_limpieza_matching_y_expansion_de_grafo_no_para_recomendacion_clinica,media_para_limpieza_no_clinica,true
REL_8acb2afe123070,COMP_D83F496D52EF,D-Aspartic Acid,COMP_F9ABA7272B90,L-Aspartic Acid - Mechanism of action (PubMed),RELACION_DE_NORMALIZACION,REFERENCIA_A_COMPONENTE,pagina_o_contexto_sobre_componente,normalizacion_limpieza_o_descomposicion_de_nombre,source_name_points_to_base_component,relacion_derivada_por_normalizacion_conservadora,rule_based_name_resolution,normalizacion_interna_auditable,usar_para_limpieza_matching_y_expansion_de_grafo_no_para_recomendacion_clinica,media_para_limpieza_no_clinica,true
REL_af93e2eefff877,COMP_F1466766627A,L-Aspartic Acid,COMP_F9ABA7272B90,L-Aspartic Acid - Mechanism of action (PubMed),RELACION_DE_NORMALIZACION,REFERENCIA_A_COMPONENTE,pagina_o_contexto_sobre_componente,normalizacion_limpieza_o_descomposicion_de_nombre,source_name_points_to_base_component,relacion_derivada_por_normalizacion_conservadora,rule_based_name_resolution,normalizacion_interna_auditable,usar_para_limpieza_matching_y_expansion_de_grafo_no_para_recomendacion_clinica,media_para_limpieza_no_clinica,true
REL_c594d6bcabccac,COMP_4D7B712AD6B1,L-Aspartic Acid - Poisoning (PubMed),COMP_D83F496D52EF,D-Aspartic Acid,RELACION_DE_NORMALIZACION,REFERENCIA_A_COMPONENTE,pagina_o_contexto_sobre_componente,normalizacion_limpieza_o_descomposicion_de_nombre,source_name_points_to_base_component,relacion_derivada_por_normalizacion_conservadora,rule_based_name_resolution,normalizacion_interna_auditable,usar_para_limpieza_matching_y_expansion_de_grafo_no_para_recomendacion_clinica,media_para_limpieza_no_clinica,true
REL_08a703421d5373,COMP_4D7B712AD6B1,L-Aspartic Acid - Poisoning (PubMed),COMP_F1466766627A,L-Aspartic Acid,RELACION_DE_NORMALIZACION,REFERENCIA_A_COMPONENTE,pagina_o_contexto_sobre_componente,normalizacion_limpieza_o_descomposicion_de_nombre,source_name_points_to_base_component,relacion_derivada_por_normalizacion_conservadora,rule_based_name_resolution,normalizacion_interna_auditable,usar_para_limpieza_matching_y_expansion_de_grafo_no_para_recomendacion_clinica,media_para_limpieza_no_clinica,true
REL_3441062b8acc82,COMP_0987F386BB65,Carnitine,COMP_C59F996115EF,L-Carnitine - Adverse effects (PubMed),RELACION_DE_NORMALIZACION,REFERENCIA_A_COMPONENTE,pagina_o_contexto_sobre_componente,normalizacion_limpieza_o_descomposicion_de_nombre,source_name_points_to_base_component,relacion_derivada_por_normalizacion_conservadora,rule_based_name_resolution,normalizacion_interna_auditable,usar_para_limpieza_matching_y_expansion_de_grafo_no_para_recomendacion_clinica,media_para_limpieza_no_clinica,true
REL_d6931c790e5aef,COMP_C59F996115EF,L-Carnitine - Adverse effects (PubMed),COMP_CF0FF41CA2C6,L-Carnitine,RELACION_DE_NORMALIZACION,REFERENCIA_A_COMPONENTE,pagina_o_contexto_sobre_componente,normalizacion_limpieza_o_descomposicion_de_nombre,source_name_points_to_base_component,relacion_derivada_por_normalizacion_conservadora,rule_based_name_resolution,normalizacion_interna_auditable,usar_para_limpieza_matching_y_expansion_de_grafo_no_para_recomendacion_clinica,media_para_limpieza_no_clinica,true
REL_dc92dcbdba55ae,COMP_0987F386BB65,Carnitine,COMP_C1BA2D87C379,L-Carnitine - Clinical trials (PubMed),RELACION_DE_NORMALIZACION,REFERENCIA_A_COMPONENTE,pagina_o_contexto_sobre_componente,normalizacion_limpieza_o_descomposicion_de_nombre,source_name_points_to_base_component,relacion_derivada_por_normalizacion_conservadora,rule_based_name_resolution,normalizacion_interna_auditable,usar_para_limpieza_matching_y_expansion_de_grafo_no_para_recomendacion_clinica,media_para_limpieza_no_clinica,true
REL_7d20498a011964,COMP_C1BA2D87C379,L-Carnitine - Clinical trials (PubMed),COMP_CF0FF41CA2C6,L-Carnitine,RELACION_DE_NORMALIZACION,REFERENCIA_A_COMPONENTE,pagina_o_contexto_sobre_componente,normalizacion_limpieza_o_descomposicion_de_nombre,source_name_points_to_base_component,relacion_derivada_por_normalizacion_conservadora,rule_based_name_resolution,normalizacion_interna_auditable,usar_para_limpieza_matching_y_expansion_de_grafo_no_para_recomendacion_clinica,media_para_limpieza_no_clinica,true
REL_0375e2be813d1c,COMP_0987F386BB65,Carnitine,COMP_83F18EEE78DE,L-Carnitine - Dietary supplement use in human (PubMed),RELACION_DE_NORMALIZACION,REFERENCIA_A_COMPONENTE,pagina_o_contexto_sobre_componente,normalizacion_limpieza_o_descomposicion_de_nombre,source_name_points_to_base_component,relacion_derivada_por_normalizacion_conservadora,rule_based_name_resolution,normalizacion_interna_auditable,usar_para_limpieza_matching_y_expansion_de_grafo_no_para_recomendacion_clinica,media_para_limpieza_no_clinica,true
REL_505313200999f6,COMP_83F18EEE78DE,L-Carnitine - Dietary supplement use in human (PubMed),COMP_CF0FF41CA2C6,L-Carnitine,RELACION_DE_NORMALIZACION,REFERENCIA_A_COMPONENTE,pagina_o_contexto_sobre_componente,normalizacion_limpieza_o_descomposicion_de_nombre,source_name_points_to_base_component,relacion_derivada_por_normalizacion_conservadora,rule_based_name_resolution,normalizacion_interna_auditable,usar_para_limpieza_matching_y_expansion_de_grafo_no_para_recomendacion_clinica,media_para_limpieza_no_clinica,true
REL_261b5d1b9434ee,COMP_0987F386BB65,Carnitine,COMP_8DBC0E84396B,L-Carnitine - Dose and administration (PubMed),RELACION_DE_NORMALIZACION,REFERENCIA_A_COMPONENTE,pagina_o_contexto_sobre_componente,normalizacion_limpieza_o_descomposicion_de_nombre,source_name_points_to_base_component,relacion_derivada_por_normalizacion_conservadora,rule_based_name_resolution,normalizacion_interna_auditable,usar_para_limpieza_matching_y_expansion_de_grafo_no_para_recomendacion_clinica,media_para_limpieza_no_clinica,true
REL_cac5444c130eec,COMP_8DBC0E84396B,L-Carnitine - Dose and administration (PubMed),COMP_CF0FF41CA2C6,L-Carnitine,RELACION_DE_NORMALIZACION,REFERENCIA_A_COMPONENTE,pagina_o_contexto_sobre_componente,normalizacion_limpieza_o_descomposicion_de_nombre,source_name_points_to_base_component,relacion_derivada_por_normalizacion_conservadora,rule_based_name_resolution,normalizacion_interna_auditable,usar_para_limpieza_matching_y_expansion_de_grafo_no_para_recomendacion_clinica,media_para_limpieza_no_clinica,true
REL_e795ced3d8d4ab,COMP_0987F386BB65,Carnitine,COMP_1C77FD026FDF,L-Carnitine - Kinetics (PubMed),RELACION_DE_NORMALIZACION,REFERENCIA_A_COMPONENTE,pagina_o_contexto_sobre_componente,normalizacion_limpieza_o_descomposicion_de_nombre,source_name_points_to_base_component,relacion_derivada_por_normalizacion_conservadora,rule_based_name_resolution,normalizacion_interna_auditable,usar_para_limpieza_matching_y_expansion_de_grafo_no_para_recomendacion_clinica,media_para_limpieza_no_clinica,true
REL_c04637327e5849,COMP_1C77FD026FDF,L-Carnitine - Kinetics (PubMed),COMP_CF0FF41CA2C6,L-Carnitine,RELACION_DE_NORMALIZACION,REFERENCIA_A_COMPONENTE,pagina_o_contexto_sobre_componente,normalizacion_limpieza_o_descomposicion_de_nombre,source_name_points_to_base_component,relacion_derivada_por_normalizacion_conservadora,rule_based_name_resolution,normalizacion_interna_auditable,usar_para_limpieza_matching_y_expansion_de_grafo_no_para_recomendacion_clinica,media_para_limpieza_no_clinica,true
REL_60fe5393062407,COMP_0987F386BB65,Carnitine,COMP_A9679C17BC34,L-Carnitine - Mechanism of action (PubMed),RELACION_DE_NORMALIZACION,REFERENCIA_A_COMPONENTE,pagina_o_contexto_sobre_componente,normalizacion_limpieza_o_descomposicion_de_nombre,source_name_points_to_base_component,relacion_derivada_por_normalizacion_conservadora,rule_based_name_resolution,normalizacion_interna_auditable,usar_para_limpieza_matching_y_expansion_de_grafo_no_para_recomendacion_clinica,media_para_limpieza_no_clinica,true
REL_2398135f7cda2d,COMP_A9679C17BC34,L-Carnitine - Mechanism of action (PubMed),COMP_CF0FF41CA2C6,L-Carnitine,RELACION_DE_NORMALIZACION,REFERENCIA_A_COMPONENTE,pagina_o_contexto_sobre_componente,normalizacion_limpieza_o_descomposicion_de_nombre,source_name_points_to_base_component,relacion_derivada_por_normalizacion_conservadora,rule_based_name_resolution,normalizacion_interna_auditable,usar_para_limpieza_matching_y_expansion_de_grafo_no_para_recomendacion_clinica,media_para_limpieza_no_clinica,true
REL_c21bae61a906db,COMP_0987F386BB65,Carnitine,COMP_8A4AF3360374,L-Carnitine - Poisoning (PubMed),RELACION_DE_NORMALIZACION,REFERENCIA_A_COMPONENTE,pagina_o_contexto_sobre_componente,normalizacion_limpieza_o_descomposicion_de_nombre,source_name_points_to_base_component,relacion_derivada_por_normalizacion_conservadora,rule_based_name_resolution,normalizacion_interna_auditable,usar_para_limpieza_matching_y_expansion_de_grafo_no_para_recomendacion_clinica,media_para_limpieza_no_clinica,true
REL_397408d3ac2089,COMP_8A4AF3360374,L-Carnitine - Poisoning (PubMed),COMP_CF0FF41CA2C6,L-Carnitine,RELACION_DE_NORMALIZACION,REFERENCIA_A_COMPONENTE,pagina_o_contexto_sobre_componente,normalizacion_limpieza_o_descomposicion_de_nombre,source_name_points_to_base_component,relacion_derivada_por_normalizacion_conservadora,rule_based_name_resolution,normalizacion_interna_auditable,usar_para_limpieza_matching_y_expansion_de_grafo_no_para_recomendacion_clinica,media_para_limpieza_no_clinica,true
REL_259c442ef5938d,COMP_AB3E85388234,L-Cysteine,COMP_FDC1821E0897,L-Cysteine - Adverse effects (PubMed),RELACION_DE_NORMALIZACION,REFERENCIA_A_COMPONENTE,pagina_o_contexto_sobre_componente,normalizacion_limpieza_o_descomposicion_de_nombre,source_name_points_to_base_component,relacion_derivada_por_normalizacion_conservadora,rule_based_name_resolution,normalizacion_interna_auditable,usar_para_limpieza_matching_y_expansion_de_grafo_no_para_recomendacion_clinica,media_para_limpieza_no_clinica,true
REL_5e09ccaade7184,COMP_AB3E85388234,L-Cysteine,COMP_F9011E85F341,L-Cysteine - Clinical trials (PubMed),RELACION_DE_NORMALIZACION,REFERENCIA_A_COMPONENTE,pagina_o_contexto_sobre_componente,normalizacion_limpieza_o_descomposicion_de_nombre,source_name_points_to_base_component,relacion_derivada_por_normalizacion_conservadora,rule_based_name_resolution,normalizacion_interna_auditable,usar_para_limpieza_matching_y_expansion_de_grafo_no_para_recomendacion_clinica,media_para_limpieza_no_clinica,true
REL_959da65aae738c,COMP_647BCE247AB2,L-Cysteine - Contraindications (PubMed),COMP_AB3E85388234,L-Cysteine,RELACION_DE_NORMALIZACION,REFERENCIA_A_COMPONENTE,pagina_o_contexto_sobre_componente,normalizacion_limpieza_o_descomposicion_de_nombre,source_name_points_to_base_component,relacion_derivada_por_normalizacion_conservadora,rule_based_name_resolution,normalizacion_interna_auditable,usar_para_limpieza_matching_y_expansion_de_grafo_no_para_recomendacion_clinica,media_para_limpieza_no_clinica,true
REL_dbb2e6f358df17,COMP_02AC48D7EC13,L-Cysteine - Dietary supplement use in human (PubMed),COMP_AB3E85388234,L-Cysteine,RELACION_DE_NORMALIZACION,REFERENCIA_A_COMPONENTE,pagina_o_contexto_sobre_componente,normalizacion_limpieza_o_descomposicion_de_nombre,source_name_points_to_base_component,relacion_derivada_por_normalizacion_conservadora,rule_based_name_resolution,normalizacion_interna_auditable,usar_para_limpieza_matching_y_expansion_de_grafo_no_para_recomendacion_clinica,media_para_limpieza_no_clinica,true
REL_4ef9c3846d2543,COMP_782FBBAB8EE5,L-Cysteine - Dose and administration (PubMed),COMP_AB3E85388234,L-Cysteine,RELACION_DE_NORMALIZACION,REFERENCIA_A_COMPONENTE,pagina_o_contexto_sobre_componente,normalizacion_limpieza_o_descomposicion_de_nombre,source_name_points_to_base_component,relacion_derivada_por_normalizacion_conservadora,rule_based_name_resolution,normalizacion_interna_auditable,usar_para_limpieza_matching_y_expansion_de_grafo_no_para_recomendacion_clinica,media_para_limpieza_no_clinica,true
REL_0fca3507ca2cf8,COMP_5B6C56531E3F,L-Cysteine - Kinetics (PubMed),COMP_AB3E85388234,L-Cysteine,RELACION_DE_NORMALIZACION,REFERENCIA_A_COMPONENTE,pagina_o_contexto_sobre_componente,normalizacion_limpieza_o_descomposicion_de_nombre,source_name_points_to_base_component,relacion_derivada_por_normalizacion_conservadora,rule_based_name_resolution,normalizacion_interna_auditable,usar_para_limpieza_matching_y_expansion_de_grafo_no_para_recomendacion_clinica,media_para_limpieza_no_clinica,true
REL_a9c02e41acac97,COMP_408752E72E11,L-Cysteine - Mechanism of action (PubMed),COMP_AB3E85388234,L-Cysteine,RELACION_DE_NORMALIZACION,REFERENCIA_A_COMPONENTE,pagina_o_contexto_sobre_componente,normalizacion_limpieza_o_descomposicion_de_nombre,source_name_points_to_base_component,relacion_derivada_por_normalizacion_conservadora,rule_based_name_resolution,normalizacion_interna_auditable,usar_para_limpieza_matching_y_expansion_de_grafo_no_para_recomendacion_clinica,media_para_limpieza_no_clinica,true
REL_44e371585c0d0b,COMP_AB3E85388234,L-Cysteine,COMP_F586569589E9,L-Cysteine - Poisoning (PubMed),RELACION_DE_NORMALIZACION,REFERENCIA_A_COMPONENTE,pagina_o_contexto_sobre_componente,normalizacion_limpieza_o_descomposicion_de_nombre,source_name_points_to_base_component,relacion_derivada_por_normalizacion_conservadora,rule_based_name_resolution,normalizacion_interna_auditable,usar_para_limpieza_matching_y_expansion_de_grafo_no_para_recomendacion_clinica,media_para_limpieza_no_clinica,true
REL_bac8fb8ccb482e,COMP_A7EF076D24C2,L-Cystine - Adverse effects (PubMed),COMP_A8A9B1C9227C,L-Cystine,RELACION_DE_NORMALIZACION,REFERENCIA_A_COMPONENTE,pagina_o_contexto_sobre_componente,normalizacion_limpieza_o_descomposicion_de_nombre,source_name_points_to_base_component,relacion_derivada_por_normalizacion_conservadora,rule_based_name_resolution,normalizacion_interna_auditable,usar_para_limpieza_matching_y_expansion_de_grafo_no_para_recomendacion_clinica,media_para_limpieza_no_clinica,true
REL_5d2c77f068147a,COMP_8386C81E12C2,L-Cystine - Clinical trials (PubMed),COMP_A8A9B1C9227C,L-Cystine,RELACION_DE_NORMALIZACION,REFERENCIA_A_COMPONENTE,pagina_o_contexto_sobre_componente,normalizacion_limpieza_o_descomposicion_de_nombre,source_name_points_to_base_component,relacion_derivada_por_normalizacion_conservadora,rule_based_name_resolution,normalizacion_interna_auditable,usar_para_limpieza_matching_y_expansion_de_grafo_no_para_recomendacion_clinica,media_para_limpieza_no_clinica,true
REL_cd90d47a4e804d,COMP_4D857340ECAC,L-Cystine - Dietary supplement use in human (PubMed),COMP_A8A9B1C9227C,L-Cystine,RELACION_DE_NORMALIZACION,REFERENCIA_A_COMPONENTE,pagina_o_contexto_sobre_componente,normalizacion_limpieza_o_descomposicion_de_nombre,source_name_points_to_base_component,relacion_derivada_por_normalizacion_conservadora,rule_based_name_resolution,normalizacion_interna_auditable,usar_para_limpieza_matching_y_expansion_de_grafo_no_para_recomendacion_clinica,media_para_limpieza_no_clinica,true
REL_c50ee7e97386e1,COMP_A8A9B1C9227C,L-Cystine,COMP_F3B068499869,L-Cystine - Dose and administration (PubMed),RELACION_DE_NORMALIZACION,REFERENCIA_A_COMPONENTE,pagina_o_contexto_sobre_componente,normalizacion_limpieza_o_descomposicion_de_nombre,source_name_points_to_base_component,relacion_derivada_por_normalizacion_conservadora,rule_based_name_resolution,normalizacion_interna_auditable,usar_para_limpieza_matching_y_expansion_de_grafo_no_para_recomendacion_clinica,media_para_limpieza_no_clinica,true
REL_3c3afc125b0657,COMP_9A4DA80328F6,L-Cystine - Kinetics (PubMed),COMP_A8A9B1C9227C,L-Cystine,RELACION_DE_NORMALIZACION,REFERENCIA_A_COMPONENTE,pagina_o_contexto_sobre_componente,normalizacion_limpieza_o_descomposicion_de_nombre,source_name_points_to_base_component,relacion_derivada_por_normalizacion_conservadora,rule_based_name_resolution,normalizacion_interna_auditable,usar_para_limpieza_matching_y_expansion_de_grafo_no_para_recomendacion_clinica,media_para_limpieza_no_clinica,true
REL_12bda79bf09777,COMP_7195DF22F834,L-Cystine - Mechanism of action (PubMed),COMP_A8A9B1C9227C,L-Cystine,RELACION_DE_NORMALIZACION,REFERENCIA_A_COMPONENTE,pagina_o_contexto_sobre_componente,normalizacion_limpieza_o_descomposicion_de_nombre,source_name_points_to_base_component,relacion_derivada_por_normalizacion_conservadora,rule_based_name_resolution,normalizacion_interna_auditable,usar_para_limpieza_matching_y_expansion_de_grafo_no_para_recomendacion_clinica,media_para_limpieza_no_clinica,true
REL_5ac9a09f0bcd75,COMP_A8A9B1C9227C,L-Cystine,COMP_CB4FEA3EB7C6,L-Cystine - Poisoning (PubMed),RELACION_DE_NORMALIZACION,REFERENCIA_A_COMPONENTE,pagina_o_contexto_sobre_componente,normalizacion_limpieza_o_descomposicion_de_nombre,source_name_points_to_base_component,relacion_derivada_por_normalizacion_conservadora,rule_based_name_resolution,normalizacion_interna_auditable,usar_para_limpieza_matching_y_expansion_de_grafo_no_para_recomendacion_clinica,media_para_limpieza_no_clinica,true
REL_f6589c683973dc,COMP_AA37A3616376,L-DOPA,COMP_DB5C19E501B4,L-DOPA - Adverse effects (PubMed),RELACION_DE_NORMALIZACION,REFERENCIA_A_COMPONENTE,pagina_o_contexto_sobre_componente,normalizacion_limpieza_o_descomposicion_de_nombre,source_name_points_to_base_component,relacion_derivada_por_normalizacion_conservadora,rule_based_name_resolution,normalizacion_interna_auditable,usar_para_limpieza_matching_y_expansion_de_grafo_no_para_recomendacion_clinica,media_para_limpieza_no_clinica,true
REL_994820d778a92a,COMP_029E7C996E54,L-DOPA - Clinical trials (PubMed),COMP_AA37A3616376,L-DOPA,RELACION_DE_NORMALIZACION,REFERENCIA_A_COMPONENTE,pagina_o_contexto_sobre_componente,normalizacion_limpieza_o_descomposicion_de_nombre,source_name_points_to_base_component,relacion_derivada_por_normalizacion_conservadora,rule_based_name_resolution,normalizacion_interna_auditable,usar_para_limpieza_matching_y_expansion_de_grafo_no_para_recomendacion_clinica,media_para_limpieza_no_clinica,true
REL_ce447dbf3611df,COMP_21AC51480139,L-DOPA - Contraindications (PubMed),COMP_AA37A3616376,L-DOPA,RELACION_DE_NORMALIZACION,REFERENCIA_A_COMPONENTE,pagina_o_contexto_sobre_componente,normalizacion_limpieza_o_descomposicion_de_nombre,source_name_points_to_base_component,relacion_derivada_por_normalizacion_conservadora,rule_based_name_resolution,normalizacion_interna_auditable,usar_para_limpieza_matching_y_expansion_de_grafo_no_para_recomendacion_clinica,media_para_limpieza_no_clinica,true
REL_2f8ea99cce8841,COMP_66EC9228C027,L-DOPA - Dietary supplement use in human (PubMed),COMP_AA37A3616376,L-DOPA,RELACION_DE_NORMALIZACION,REFERENCIA_A_COMPONENTE,pagina_o_contexto_sobre_componente,normalizacion_limpieza_o_descomposicion_de_nombre,source_name_points_to_base_component,relacion_derivada_por_normalizacion_conservadora,rule_based_name_resolution,normalizacion_interna_auditable,usar_para_limpieza_matching_y_expansion_de_grafo_no_para_recomendacion_clinica,media_para_limpieza_no_clinica,true
REL_cfd27484c94c44,COMP_144565E78008,L-DOPA - Dose and administration (PubMed),COMP_AA37A3616376,L-DOPA,RELACION_DE_NORMALIZACION,REFERENCIA_A_COMPONENTE,pagina_o_contexto_sobre_componente,normalizacion_limpieza_o_descomposicion_de_nombre,source_name_points_to_base_component,relacion_derivada_por_normalizacion_conservadora,rule_based_name_resolution,normalizacion_interna_auditable,usar_para_limpieza_matching_y_expansion_de_grafo_no_para_recomendacion_clinica,media_para_limpieza_no_clinica,true
REL_72c677db3eff61,COMP_295208DB21AA,L-DOPA - Kinetics (PubMed),COMP_AA37A3616376,L-DOPA,RELACION_DE_NORMALIZACION,REFERENCIA_A_COMPONENTE,pagina_o_contexto_sobre_componente,normalizacion_limpieza_o_descomposicion_de_nombre,source_name_points_to_base_component,relacion_derivada_por_normalizacion_conservadora,rule_based_name_resolution,normalizacion_interna_auditable,usar_para_limpieza_matching_y_expansion_de_grafo_no_para_recomendacion_clinica,media_para_limpieza_no_clinica,true
REL_09f5f5eac82866,COMP_091741EA8227,L-DOPA - Mechanism of action (PubMed),COMP_AA37A3616376,L-DOPA,RELACION_DE_NORMALIZACION,REFERENCIA_A_COMPONENTE,pagina_o_contexto_sobre_componente,normalizacion_limpieza_o_descomposicion_de_nombre,source_name_points_to_base_component,relacion_derivada_por_normalizacion_conservadora,rule_based_name_resolution,normalizacion_interna_auditable,usar_para_limpieza_matching_y_expansion_de_grafo_no_para_recomendacion_clinica,media_para_limpieza_no_clinica,true
REL_3693244f9c4016,COMP_1B67A73A433E,L-DOPA - Poisoning (PubMed),COMP_AA37A3616376,L-DOPA,RELACION_DE_NORMALIZACION,REFERENCIA_A_COMPONENTE,pagina_o_contexto_sobre_componente,normalizacion_limpieza_o_descomposicion_de_nombre,source_name_points_to_base_component,relacion_derivada_por_normalizacion_conservadora,rule_based_name_resolution,normalizacion_interna_auditable,usar_para_limpieza_matching_y_expansion_de_grafo_no_para_recomendacion_clinica,media_para_limpieza_no_clinica,true
REL_914c90a368b874,COMP_093532B7FA53,L-Histidine,COMP_55783E769609,L-Histidine - Adverse effects (PubMed),RELACION_DE_NORMALIZACION,REFERENCIA_A_COMPONENTE,pagina_o_contexto_sobre_componente,normalizacion_limpieza_o_descomposicion_de_nombre,source_name_points_to_base_component,relacion_derivada_por_normalizacion_conservadora,rule_based_name_resolution,normalizacion_interna_auditable,usar_para_limpieza_matching_y_expansion_de_grafo_no_para_recomendacion_clinica,media_para_limpieza_no_clinica,true
REL_018a4ffdb735c8,COMP_093532B7FA53,L-Histidine,COMP_2ABE887742AF,L-Histidine - Clinical trials (PubMed),RELACION_DE_NORMALIZACION,REFERENCIA_A_COMPONENTE,pagina_o_contexto_sobre_componente,normalizacion_limpieza_o_descomposicion_de_nombre,source_name_points_to_base_component,relacion_derivada_por_normalizacion_conservadora,rule_based_name_resolution,normalizacion_interna_auditable,usar_para_limpieza_matching_y_expansion_de_grafo_no_para_recomendacion_clinica,media_para_limpieza_no_clinica,true
REL_fd0ccb68bfebfd,COMP_093532B7FA53,L-Histidine,COMP_17EEA48008D6,L-Histidine - Contraindications (PubMed),RELACION_DE_NORMALIZACION,REFERENCIA_A_COMPONENTE,pagina_o_contexto_sobre_componente,normalizacion_limpieza_o_descomposicion_de_nombre,source_name_points_to_base_component,relacion_derivada_por_normalizacion_conservadora,rule_based_name_resolution,normalizacion_interna_auditable,usar_para_limpieza_matching_y_expansion_de_grafo_no_para_recomendacion_clinica,media_para_limpieza_no_clinica,true
REL_681e22f98d0c64,COMP_093532B7FA53,L-Histidine,COMP_808D2EFDA7DE,L-Histidine - Dietary supplement use in human (PubMed),RELACION_DE_NORMALIZACION,REFERENCIA_A_COMPONENTE,pagina_o_contexto_sobre_componente,normalizacion_limpieza_o_descomposicion_de_nombre,source_name_points_to_base_component,relacion_derivada_por_normalizacion_conservadora,rule_based_name_resolution,normalizacion_interna_auditable,usar_para_limpieza_matching_y_expansion_de_grafo_no_para_recomendacion_clinica,media_para_limpieza_no_clinica,true
REL_7b67879cd7a4ad,COMP_093532B7FA53,L-Histidine,COMP_8A506222AD49,L-Histidine - Dose and administration (PubMed),RELACION_DE_NORMALIZACION,REFERENCIA_A_COMPONENTE,pagina_o_contexto_sobre_componente,normalizacion_limpieza_o_descomposicion_de_nombre,source_name_points_to_base_component,relacion_derivada_por_normalizacion_conservadora,rule_based_name_resolution,normalizacion_interna_auditable,usar_para_limpieza_matching_y_expansion_de_grafo_no_para_recomendacion_clinica,media_para_limpieza_no_clinica,true
REL_59f143df9fc1c8,COMP_093532B7FA53,L-Histidine,COMP_1C67FCE29078,L-Histidine - Kinetics (PubMed),RELACION_DE_NORMALIZACION,REFERENCIA_A_COMPONENTE,pagina_o_contexto_sobre_componente,normalizacion_limpieza_o_descomposicion_de_nombre,source_name_points_to_base_component,relacion_derivada_por_normalizacion_conservadora,rule_based_name_resolution,normalizacion_interna_auditable,usar_para_limpieza_matching_y_expansion_de_grafo_no_para_recomendacion_clinica,media_para_limpieza_no_clinica,true
REL_0a0d920a464c55,COMP_093532B7FA53,L-Histidine,COMP_A6E2515BA8DD,L-Histidine - Mechanism of action (PubMed),RELACION_DE_NORMALIZACION,REFERENCIA_A_COMPONENTE,pagina_o_contexto_sobre_componente,normalizacion_limpieza_o_descomposicion_de_nombre,source_name_points_to_base_component,relacion_derivada_por_normalizacion_conservadora,rule_based_name_resolution,normalizacion_interna_auditable,usar_para_limpieza_matching_y_expansion_de_grafo_no_para_recomendacion_clinica,media_para_limpieza_no_clinica,true
REL_b4331a239dbaed,COMP_093532B7FA53,L-Histidine,COMP_536FA2F7700A,L-Histidine - Poisoning (PubMed),RELACION_DE_NORMALIZACION,REFERENCIA_A_COMPONENTE,pagina_o_contexto_sobre_componente,normalizacion_limpieza_o_descomposicion_de_nombre,source_name_points_to_base_component,relacion_derivada_por_normalizacion_conservadora,rule_based_name_resolution,normalizacion_interna_auditable,usar_para_limpieza_matching_y_expansion_de_grafo_no_para_recomendacion_clinica,media_para_limpieza_no_clinica,true
REL_858f823c30a9e4,COMP_2F771F3347CF,L-Methionine,COMP_7FAABC55DABD,L-Methionine - Adverse effects (PubMed),RELACION_DE_NORMALIZACION,REFERENCIA_A_COMPONENTE,pagina_o_contexto_sobre_componente,normalizacion_limpieza_o_descomposicion_de_nombre,source_name_points_to_base_component,relacion_derivada_por_normalizacion_conservadora,rule_based_name_resolution,normalizacion_interna_auditable,usar_para_limpieza_matching_y_expansion_de_grafo_no_para_recomendacion_clinica,media_para_limpieza_no_clinica,true
REL_2eb4d781602097,COMP_2F771F3347CF,L-Methionine,COMP_50C04DBD5D75,L-Methionine - Clinical trials (PubMed),RELACION_DE_NORMALIZACION,REFERENCIA_A_COMPONENTE,pagina_o_contexto_sobre_componente,normalizacion_limpieza_o_descomposicion_de_nombre,source_name_points_to_base_component,relacion_derivada_por_normalizacion_conservadora,rule_based_name_resolution,normalizacion_interna_auditable,usar_para_limpieza_matching_y_expansion_de_grafo_no_para_recomendacion_clinica,media_para_limpieza_no_clinica,true
REL_e71fd7cf6e8882,COMP_2F771F3347CF,L-Methionine,COMP_E716F20FB6AE,L-Methionine - Contraindications (PubMed),RELACION_DE_NORMALIZACION,REFERENCIA_A_COMPONENTE,pagina_o_contexto_sobre_componente,normalizacion_limpieza_o_descomposicion_de_nombre,source_name_points_to_base_component,relacion_derivada_por_normalizacion_conservadora,rule_based_name_resolution,normalizacion_interna_auditable,usar_para_limpieza_matching_y_expansion_de_grafo_no_para_recomendacion_clinica,media_para_limpieza_no_clinica,true
REL_e1a3fab3e1b894,COMP_2F771F3347CF,L-Methionine,COMP_C0CADA050A12,L-Methionine - Dietary supplement use in human (PubMed),RELACION_DE_NORMALIZACION,REFERENCIA_A_COMPONENTE,pagina_o_contexto_sobre_componente,normalizacion_limpieza_o_descomposicion_de_nombre,source_name_points_to_base_component,relacion_derivada_por_normalizacion_conservadora,rule_based_name_resolution,normalizacion_interna_auditable,usar_para_limpieza_matching_y_expansion_de_grafo_no_para_recomendacion_clinica,media_para_limpieza_no_clinica,true
REL_4818c876a25fba,COMP_2F771F3347CF,L-Methionine,COMP_3368734164A6,L-Methionine - Dose and administration (PubMed),RELACION_DE_NORMALIZACION,REFERENCIA_A_COMPONENTE,pagina_o_contexto_sobre_componente,normalizacion_limpieza_o_descomposicion_de_nombre,source_name_points_to_base_component,relacion_derivada_por_normalizacion_conservadora,rule_based_name_resolution,normalizacion_interna_auditable,usar_para_limpieza_matching_y_expansion_de_grafo_no_para_recomendacion_clinica,media_para_limpieza_no_clinica,true
REL_67de72a9d042a9,COMP_2F771F3347CF,L-Methionine,COMP_E22DDEA1034E,L-Methionine - Kinetics (PubMed),RELACION_DE_NORMALIZACION,REFERENCIA_A_COMPONENTE,pagina_o_contexto_sobre_componente,normalizacion_limpieza_o_descomposicion_de_nombre,source_name_points_to_base_component,relacion_derivada_por_normalizacion_conservadora,rule_based_name_resolution,normalizacion_interna_auditable,usar_para_limpieza_matching_y_expansion_de_grafo_no_para_recomendacion_clinica,media_para_limpieza_no_clinica,true
REL_c1eb6445f595cf,COMP_1C5BD0BB1D30,L-Methionine - Mechanism of action (PubMed),COMP_2F771F3347CF,L-Methionine,RELACION_DE_NORMALIZACION,REFERENCIA_A_COMPONENTE,pagina_o_contexto_sobre_componente,normalizacion_limpieza_o_descomposicion_de_nombre,source_name_points_to_base_component,relacion_derivada_por_normalizacion_conservadora,rule_based_name_resolution,normalizacion_interna_auditable,usar_para_limpieza_matching_y_expansion_de_grafo_no_para_recomendacion_clinica,media_para_limpieza_no_clinica,true
REL_2862894838d38c,COMP_2F771F3347CF,L-Methionine,COMP_769791349529,L-Methionine - Poisoning (PubMed),RELACION_DE_NORMALIZACION,REFERENCIA_A_COMPONENTE,pagina_o_contexto_sobre_componente,normalizacion_limpieza_o_descomposicion_de_nombre,source_name_points_to_base_component,relacion_derivada_por_normalizacion_conservadora,rule_based_name_resolution,normalizacion_interna_auditable,usar_para_limpieza_matching_y_expansion_de_grafo_no_para_recomendacion_clinica,media_para_limpieza_no_clinica,true
REL_64c9b6039717c9,COMP_506514090324,L-Alanine,COMP_DCD1552C6906,L-Phenylalanine - Adverse effects (PubMed),RELACION_DE_NORMALIZACION,REFERENCIA_A_COMPONENTE,pagina_o_contexto_sobre_componente,normalizacion_limpieza_o_descomposicion_de_nombre,source_name_points_to_base_component,relacion_derivada_por_normalizacion_conservadora,rule_based_name_resolution,normalizacion_interna_auditable,usar_para_limpieza_matching_y_expansion_de_grafo_no_para_recomendacion_clinica,media_para_limpieza_no_clinica,true
REL_aa58a0015fac5b,COMP_3B7058496041,L-Phenylalanine,COMP_DCD1552C6906,L-Phenylalanine - Adverse effects (PubMed),RELACION_DE_NORMALIZACION,REFERENCIA_A_COMPONENTE,pagina_o_contexto_sobre_componente,normalizacion_limpieza_o_descomposicion_de_nombre,source_name_points_to_base_component,relacion_derivada_por_normalizacion_conservadora,rule_based_name_resolution,normalizacion_interna_auditable,usar_para_limpieza_matching_y_expansion_de_grafo_no_para_recomendacion_clinica,media_para_limpieza_no_clinica,true
REL_e60d88677089db,COMP_506514090324,L-Alanine,COMP_997F340316C0,L-Phenylalanine - Clinical trials (PubMed),RELACION_DE_NORMALIZACION,REFERENCIA_A_COMPONENTE,pagina_o_contexto_sobre_componente,normalizacion_limpieza_o_descomposicion_de_nombre,source_name_points_to_base_component,relacion_derivada_por_normalizacion_conservadora,rule_based_name_resolution,normalizacion_interna_auditable,usar_para_limpieza_matching_y_expansion_de_grafo_no_para_recomendacion_clinica,media_para_limpieza_no_clinica,true
REL_a9142a44911aab,COMP_3B7058496041,L-Phenylalanine,COMP_997F340316C0,L-Phenylalanine - Clinical trials (PubMed),RELACION_DE_NORMALIZACION,REFERENCIA_A_COMPONENTE,pagina_o_contexto_sobre_componente,normalizacion_limpieza_o_descomposicion_de_nombre,source_name_points_to_base_component,relacion_derivada_por_normalizacion_conservadora,rule_based_name_resolution,normalizacion_interna_auditable,usar_para_limpieza_matching_y_expansion_de_grafo_no_para_recomendacion_clinica,media_para_limpieza_no_clinica,true
REL_135e24a1e5a85b,COMP_506514090324,L-Alanine,COMP_9D8FA21BD2F3,L-Phenylalanine - Contraindications (PubMed),RELACION_DE_NORMALIZACION,REFERENCIA_A_COMPONENTE,pagina_o_contexto_sobre_componente,normalizacion_limpieza_o_descomposicion_de_nombre,source_name_points_to_base_component,relacion_derivada_por_normalizacion_conservadora,rule_based_name_resolution,normalizacion_interna_auditable,usar_para_limpieza_matching_y_expansion_de_grafo_no_para_recomendacion_clinica,media_para_limpieza_no_clinica,true
REL_892656d423d822,COMP_3B7058496041,L-Phenylalanine,COMP_9D8FA21BD2F3,L-Phenylalanine - Contraindications (PubMed),RELACION_DE_NORMALIZACION,REFERENCIA_A_COMPONENTE,pagina_o_contexto_sobre_componente,normalizacion_limpieza_o_descomposicion_de_nombre,source_name_points_to_base_component,relacion_derivada_por_normalizacion_conservadora,rule_based_name_resolution,normalizacion_interna_auditable,usar_para_limpieza_matching_y_expansion_de_grafo_no_para_recomendacion_clinica,media_para_limpieza_no_clinica,true
REL_e4841f3280f1e0,COMP_506514090324,L-Alanine,COMP_67A273A0758B,L-Phenylalanine - Dietary supplement use in human (PubMed),RELACION_DE_NORMALIZACION,REFERENCIA_A_COMPONENTE,pagina_o_contexto_sobre_componente,normalizacion_limpieza_o_descomposicion_de_nombre,source_name_points_to_base_component,relacion_derivada_por_normalizacion_conservadora,rule_based_name_resolution,normalizacion_interna_auditable,usar_para_limpieza_matching_y_expansion_de_grafo_no_para_recomendacion_clinica,media_para_limpieza_no_clinica,true
REL_629cceae630528,COMP_3B7058496041,L-Phenylalanine,COMP_67A273A0758B,L-Phenylalanine - Dietary supplement use in human (PubMed),RELACION_DE_NORMALIZACION,REFERENCIA_A_COMPONENTE,pagina_o_contexto_sobre_componente,normalizacion_limpieza_o_descomposicion_de_nombre,source_name_points_to_base_component,relacion_derivada_por_normalizacion_conservadora,rule_based_name_resolution,normalizacion_interna_auditable,usar_para_limpieza_matching_y_expansion_de_grafo_no_para_recomendacion_clinica,media_para_limpieza_no_clinica,true
REL_b091b83c368c23,COMP_506514090324,L-Alanine,COMP_E2A885F8770F,L-Phenylalanine - Dose and administration (PubMed),RELACION_DE_NORMALIZACION,REFERENCIA_A_COMPONENTE,pagina_o_contexto_sobre_componente,normalizacion_limpieza_o_descomposicion_de_nombre,source_name_points_to_base_component,relacion_derivada_por_normalizacion_conservadora,rule_based_name_resolution,normalizacion_interna_auditable,usar_para_limpieza_matching_y_expansion_de_grafo_no_para_recomendacion_clinica,media_para_limpieza_no_clinica,true
REL_bacbfba76f890b,COMP_3B7058496041,L-Phenylalanine,COMP_E2A885F8770F,L-Phenylalanine - Dose and administration (PubMed),RELACION_DE_NORMALIZACION,REFERENCIA_A_COMPONENTE,pagina_o_contexto_sobre_componente,normalizacion_limpieza_o_descomposicion_de_nombre,source_name_points_to_base_component,relacion_derivada_por_normalizacion_conservadora,rule_based_name_resolution,normalizacion_interna_auditable,usar_para_limpieza_matching_y_expansion_de_grafo_no_para_recomendacion_clinica,media_para_limpieza_no_clinica,true
REL_f6cf776fc552be,COMP_506514090324,L-Alanine,COMP_BB80BA06AB31,L-Phenylalanine - Kinetics (PubMed),RELACION_DE_NORMALIZACION,REFERENCIA_A_COMPONENTE,pagina_o_contexto_sobre_componente,normalizacion_limpieza_o_descomposicion_de_nombre,source_name_points_to_base_component,relacion_derivada_por_normalizacion_conservadora,rule_based_name_resolution,normalizacion_interna_auditable,usar_para_limpieza_matching_y_expansion_de_grafo_no_para_recomendacion_clinica,media_para_limpieza_no_clinica,true
REL_4aad6a36a3e38d,COMP_3B7058496041,L-Phenylalanine,COMP_BB80BA06AB31,L-Phenylalanine - Kinetics (PubMed),RELACION_DE_NORMALIZACION,REFERENCIA_A_COMPONENTE,pagina_o_contexto_sobre_componente,normalizacion_limpieza_o_descomposicion_de_nombre,source_name_points_to_base_component,relacion_derivada_por_normalizacion_conservadora,rule_based_name_resolution,normalizacion_interna_auditable,usar_para_limpieza_matching_y_expansion_de_grafo_no_para_recomendacion_clinica,media_para_limpieza_no_clinica,true
REL_00f4c07bc10bfb,COMP_30DECC765A9E,L-Phenylalanine - Mechanism of action (PubMed),COMP_506514090324,L-Alanine,RELACION_DE_NORMALIZACION,REFERENCIA_A_COMPONENTE,pagina_o_contexto_sobre_componente,normalizacion_limpieza_o_descomposicion_de_nombre,source_name_points_to_base_component,relacion_derivada_por_normalizacion_conservadora,rule_based_name_resolution,normalizacion_interna_auditable,usar_para_limpieza_matching_y_expansion_de_grafo_no_para_recomendacion_clinica,media_para_limpieza_no_clinica,true
REL_f6d5b79bdf130f,COMP_30DECC765A9E,L-Phenylalanine - Mechanism of action (PubMed),COMP_3B7058496041,L-Phenylalanine,RELACION_DE_NORMALIZACION,REFERENCIA_A_COMPONENTE,pagina_o_contexto_sobre_componente,normalizacion_limpieza_o_descomposicion_de_nombre,source_name_points_to_base_component,relacion_derivada_por_normalizacion_conservadora,rule_based_name_resolution,normalizacion_interna_auditable,usar_para_limpieza_matching_y_expansion_de_grafo_no_para_recomendacion_clinica,media_para_limpieza_no_clinica,true
REL_7dedaa3a90a5df,COMP_506514090324,L-Alanine,COMP_E273EB8E52DE,L-Phenylalanine - Poisoning (PubMed),RELACION_DE_NORMALIZACION,REFERENCIA_A_COMPONENTE,pagina_o_contexto_sobre_componente,normalizacion_limpieza_o_descomposicion_de_nombre,source_name_points_to_base_component,relacion_derivada_por_normalizacion_conservadora,rule_based_name_resolution,normalizacion_interna_auditable,usar_para_limpieza_matching_y_expansion_de_grafo_no_para_recomendacion_clinica,media_para_limpieza_no_clinica,true
REL_1b8f9f57f7f902,COMP_3B7058496041,L-Phenylalanine,COMP_E273EB8E52DE,L-Phenylalanine - Poisoning (PubMed),RELACION_DE_NORMALIZACION,REFERENCIA_A_COMPONENTE,pagina_o_contexto_sobre_componente,normalizacion_limpieza_o_descomposicion_de_nombre,source_name_points_to_base_component,relacion_derivada_por_normalizacion_conservadora,rule_based_name_resolution,normalizacion_interna_auditable,usar_para_limpieza_matching_y_expansion_de_grafo_no_para_recomendacion_clinica,media_para_limpieza_no_clinica,true
REL_36529edc03dc6d,COMP_199911A69596,L-Serine - Adverse effects (PubMed),COMP_AA1931E15528,L-Serine,RELACION_DE_NORMALIZACION,REFERENCIA_A_COMPONENTE,pagina_o_contexto_sobre_componente,normalizacion_limpieza_o_descomposicion_de_nombre,source_name_points_to_base_component,relacion_derivada_por_normalizacion_conservadora,rule_based_name_resolution,normalizacion_interna_auditable,usar_para_limpieza_matching_y_expansion_de_grafo_no_para_recomendacion_clinica,media_para_limpieza_no_clinica,true
REL_8fa4475add3b8a,COMP_6BFF34495544,L-Serine - Clinical trials (PubMed),COMP_AA1931E15528,L-Serine,RELACION_DE_NORMALIZACION,REFERENCIA_A_COMPONENTE,pagina_o_contexto_sobre_componente,normalizacion_limpieza_o_descomposicion_de_nombre,source_name_points_to_base_component,relacion_derivada_por_normalizacion_conservadora,rule_based_name_resolution,normalizacion_interna_auditable,usar_para_limpieza_matching_y_expansion_de_grafo_no_para_recomendacion_clinica,media_para_limpieza_no_clinica,true
REL_5bf62c3b118c30,COMP_633100B094E1,L-Serine - Contraindications (PubMed),COMP_AA1931E15528,L-Serine,RELACION_DE_NORMALIZACION,REFERENCIA_A_COMPONENTE,pagina_o_contexto_sobre_componente,normalizacion_limpieza_o_descomposicion_de_nombre,source_name_points_to_base_component,relacion_derivada_por_normalizacion_conservadora,rule_based_name_resolution,normalizacion_interna_auditable,usar_para_limpieza_matching_y_expansion_de_grafo_no_para_recomendacion_clinica,media_para_limpieza_no_clinica,true
REL_b720605b8df4c3,COMP_24C7D8420487,L-Serine - Dietary supplement use in human (PubMed),COMP_AA1931E15528,L-Serine,RELACION_DE_NORMALIZACION,REFERENCIA_A_COMPONENTE,pagina_o_contexto_sobre_componente,normalizacion_limpieza_o_descomposicion_de_nombre,source_name_points_to_base_component,relacion_derivada_por_normalizacion_conservadora,rule_based_name_resolution,normalizacion_interna_auditable,usar_para_limpieza_matching_y_expansion_de_grafo_no_para_recomendacion_clinica,media_para_limpieza_no_clinica,true
REL_07a90c98bedaec,COMP_AA1931E15528,L-Serine,COMP_EBCA9A8B55FC,L-Serine - Dose and administration (PubMed),RELACION_DE_NORMALIZACION,REFERENCIA_A_COMPONENTE,pagina_o_contexto_sobre_componente,normalizacion_limpieza_o_descomposicion_de_nombre,source_name_points_to_base_component,relacion_derivada_por_normalizacion_conservadora,rule_based_name_resolution,normalizacion_interna_auditable,usar_para_limpieza_matching_y_expansion_de_grafo_no_para_recomendacion_clinica,media_para_limpieza_no_clinica,true
REL_268fadf7d2edd3,COMP_AA1931E15528,L-Serine,COMP_E3451062B73B,L-Serine - Kinetics (PubMed),RELACION_DE_NORMALIZACION,REFERENCIA_A_COMPONENTE,pagina_o_contexto_sobre_componente,normalizacion_limpieza_o_descomposicion_de_nombre,source_name_points_to_base_component,relacion_derivada_por_normalizacion_conservadora,rule_based_name_resolution,normalizacion_interna_auditable,usar_para_limpieza_matching_y_expansion_de_grafo_no_para_recomendacion_clinica,media_para_limpieza_no_clinica,true
REL_7711cac3cdb6b0,COMP_4062AFF67198,L-Serine - Mechanism of action (PubMed),COMP_AA1931E15528,L-Serine,RELACION_DE_NORMALIZACION,REFERENCIA_A_COMPONENTE,pagina_o_contexto_sobre_componente,normalizacion_limpieza_o_descomposicion_de_nombre,source_name_points_to_base_component,relacion_derivada_por_normalizacion_conservadora,rule_based_name_resolution,normalizacion_interna_auditable,usar_para_limpieza_matching_y_expansion_de_grafo_no_para_recomendacion_clinica,media_para_limpieza_no_clinica,true
REL_7ba52b878d8111,COMP_AA1931E15528,L-Serine,COMP_ED01B2307593,L-Serine - Poisoning (PubMed),RELACION_DE_NORMALIZACION,REFERENCIA_A_COMPONENTE,pagina_o_contexto_sobre_componente,normalizacion_limpieza_o_descomposicion_de_nombre,source_name_points_to_base_component,relacion_derivada_por_normalizacion_conservadora,rule_based_name_resolution,normalizacion_interna_auditable,usar_para_limpieza_matching_y_expansion_de_grafo_no_para_recomendacion_clinica,media_para_limpieza_no_clinica,true
REL_d0613c83ba9bc4,COMP_0D07A1D59921,L-Threonine - Adverse effects (PubMed),COMP_BA5D26AD615C,L-Threonine,RELACION_DE_NORMALIZACION,REFERENCIA_A_COMPONENTE,pagina_o_contexto_sobre_componente,normalizacion_limpieza_o_descomposicion_de_nombre,source_name_points_to_base_component,relacion_derivada_por_normalizacion_conservadora,rule_based_name_resolution,normalizacion_interna_auditable,usar_para_limpieza_matching_y_expansion_de_grafo_no_para_recomendacion_clinica,media_para_limpieza_no_clinica,true
REL_59194b642d672b,COMP_552FFBAEE059,L-Threonine - Clinical trials (PubMed),COMP_BA5D26AD615C,L-Threonine,RELACION_DE_NORMALIZACION,REFERENCIA_A_COMPONENTE,pagina_o_contexto_sobre_componente,normalizacion_limpieza_o_descomposicion_de_nombre,source_name_points_to_base_component,relacion_derivada_por_normalizacion_conservadora,rule_based_name_resolution,normalizacion_interna_auditable,usar_para_limpieza_matching_y_expansion_de_grafo_no_para_recomendacion_clinica,media_para_limpieza_no_clinica,true
REL_dad7df45388ecd,COMP_B80C1100801B,L-Threonine - Contraindications (PubMed),COMP_BA5D26AD615C,L-Threonine,RELACION_DE_NORMALIZACION,REFERENCIA_A_COMPONENTE,pagina_o_contexto_sobre_componente,normalizacion_limpieza_o_descomposicion_de_nombre,source_name_points_to_base_component,relacion_derivada_por_normalizacion_conservadora,rule_based_name_resolution,normalizacion_interna_auditable,usar_para_limpieza_matching_y_expansion_de_grafo_no_para_recomendacion_clinica,media_para_limpieza_no_clinica,true
REL_886e864094f44f,COMP_26911CBA8214,L-Threonine - Dietary supplement use in human (PubMed),COMP_BA5D26AD615C,L-Threonine,RELACION_DE_NORMALIZACION,REFERENCIA_A_COMPONENTE,pagina_o_contexto_sobre_componente,normalizacion_limpieza_o_descomposicion_de_nombre,source_name_points_to_base_component,relacion_derivada_por_normalizacion_conservadora,rule_based_name_resolution,normalizacion_interna_auditable,usar_para_limpieza_matching_y_expansion_de_grafo_no_para_recomendacion_clinica,media_para_limpieza_no_clinica,true
REL_541a79861a1b5c,COMP_75B2D0BD3460,L-Threonine - Dose and administration (PubMed),COMP_BA5D26AD615C,L-Threonine,RELACION_DE_NORMALIZACION,REFERENCIA_A_COMPONENTE,pagina_o_contexto_sobre_componente,normalizacion_limpieza_o_descomposicion_de_nombre,source_name_points_to_base_component,relacion_derivada_por_normalizacion_conservadora,rule_based_name_resolution,normalizacion_interna_auditable,usar_para_limpieza_matching_y_expansion_de_grafo_no_para_recomendacion_clinica,media_para_limpieza_no_clinica,true
REL_587cffae10ef62,COMP_95C11665D05F,L-Threonine - Kinetics (PubMed),COMP_BA5D26AD615C,L-Threonine,RELACION_DE_NORMALIZACION,REFERENCIA_A_COMPONENTE,pagina_o_contexto_sobre_componente,normalizacion_limpieza_o_descomposicion_de_nombre,source_name_points_to_base_component,relacion_derivada_por_normalizacion_conservadora,rule_based_name_resolution,normalizacion_interna_auditable,usar_para_limpieza_matching_y_expansion_de_grafo_no_para_recomendacion_clinica,media_para_limpieza_no_clinica,true
REL_4274f282afe889,COMP_8AA75C49ECE8,L-Threonine - Mechanism of action (PubMed),COMP_BA5D26AD615C,L-Threonine,RELACION_DE_NORMALIZACION,REFERENCIA_A_COMPONENTE,pagina_o_contexto_sobre_componente,normalizacion_limpieza_o_descomposicion_de_nombre,source_name_points_to_base_component,relacion_derivada_por_normalizacion_conservadora,rule_based_name_resolution,normalizacion_interna_auditable,usar_para_limpieza_matching_y_expansion_de_grafo_no_para_recomendacion_clinica,media_para_limpieza_no_clinica,true
REL_7566019ad89dbe,COMP_4DFFEC3B3D76,L-Threonine - Poisoning (PubMed),COMP_BA5D26AD615C,L-Threonine,RELACION_DE_NORMALIZACION,REFERENCIA_A_COMPONENTE,pagina_o_contexto_sobre_componente,normalizacion_limpieza_o_descomposicion_de_nombre,source_name_points_to_base_component,relacion_derivada_por_normalizacion_conservadora,rule_based_name_resolution,normalizacion_interna_auditable,usar_para_limpieza_matching_y_expansion_de_grafo_no_para_recomendacion_clinica,media_para_limpieza_no_clinica,true
REL_4b4e6172d74194,COMP_77DD0D7D086D,L-Tryptophan,COMP_7DD7AAD751FD,L-Tryptophan - Adverse effects (PubMed),RELACION_DE_NORMALIZACION,REFERENCIA_A_COMPONENTE,pagina_o_contexto_sobre_componente,normalizacion_limpieza_o_descomposicion_de_nombre,source_name_points_to_base_component,relacion_derivada_por_normalizacion_conservadora,rule_based_name_resolution,normalizacion_interna_auditable,usar_para_limpieza_matching_y_expansion_de_grafo_no_para_recomendacion_clinica,media_para_limpieza_no_clinica,true
REL_2502b069b64b77,COMP_22A3E60C3827,L-Tryptophan - Clinical trials (PubMed),COMP_77DD0D7D086D,L-Tryptophan,RELACION_DE_NORMALIZACION,REFERENCIA_A_COMPONENTE,pagina_o_contexto_sobre_componente,normalizacion_limpieza_o_descomposicion_de_nombre,source_name_points_to_base_component,relacion_derivada_por_normalizacion_conservadora,rule_based_name_resolution,normalizacion_interna_auditable,usar_para_limpieza_matching_y_expansion_de_grafo_no_para_recomendacion_clinica,media_para_limpieza_no_clinica,true
REL_f4e632664410e9,COMP_33FD759EAC5B,L-Tryptophan - Dietary supplement use in human (PubMed),COMP_77DD0D7D086D,L-Tryptophan,RELACION_DE_NORMALIZACION,REFERENCIA_A_COMPONENTE,pagina_o_contexto_sobre_componente,normalizacion_limpieza_o_descomposicion_de_nombre,source_name_points_to_base_component,relacion_derivada_por_normalizacion_conservadora,rule_based_name_resolution,normalizacion_interna_auditable,usar_para_limpieza_matching_y_expansion_de_grafo_no_para_recomendacion_clinica,media_para_limpieza_no_clinica,true
REL_b7db460bbf99d9,COMP_54E307D1993D,L-Tryptophan - Dose and administration (PubMed),COMP_77DD0D7D086D,L-Tryptophan,RELACION_DE_NORMALIZACION,REFERENCIA_A_COMPONENTE,pagina_o_contexto_sobre_componente,normalizacion_limpieza_o_descomposicion_de_nombre,source_name_points_to_base_component,relacion_derivada_por_normalizacion_conservadora,rule_based_name_resolution,normalizacion_interna_auditable,usar_para_limpieza_matching_y_expansion_de_grafo_no_para_recomendacion_clinica,media_para_limpieza_no_clinica,true
REL_fd5070f23dda19,COMP_2A14B2AC8895,L-Tryptophan - Kinetics (PubMed),COMP_77DD0D7D086D,L-Tryptophan,RELACION_DE_NORMALIZACION,REFERENCIA_A_COMPONENTE,pagina_o_contexto_sobre_componente,normalizacion_limpieza_o_descomposicion_de_nombre,source_name_points_to_base_component,relacion_derivada_por_normalizacion_conservadora,rule_based_name_resolution,normalizacion_interna_auditable,usar_para_limpieza_matching_y_expansion_de_grafo_no_para_recomendacion_clinica,media_para_limpieza_no_clinica,true
REL_d39422270ad96e,COMP_77DD0D7D086D,L-Tryptophan,COMP_F402284BF2FC,L-Tryptophan - Mechanism of action (PubMed),RELACION_DE_NORMALIZACION,REFERENCIA_A_COMPONENTE,pagina_o_contexto_sobre_componente,normalizacion_limpieza_o_descomposicion_de_nombre,source_name_points_to_base_component,relacion_derivada_por_normalizacion_conservadora,rule_based_name_resolution,normalizacion_interna_auditable,usar_para_limpieza_matching_y_expansion_de_grafo_no_para_recomendacion_clinica,media_para_limpieza_no_clinica,true
REL_3b4ad5ded5efcb,COMP_77DD0D7D086D,L-Tryptophan,COMP_E097BD47A795,L-Tryptophan - Poisoning (PubMed),RELACION_DE_NORMALIZACION,REFERENCIA_A_COMPONENTE,pagina_o_contexto_sobre_componente,normalizacion_limpieza_o_descomposicion_de_nombre,source_name_points_to_base_component,relacion_derivada_por_normalizacion_conservadora,rule_based_name_resolution,normalizacion_interna_auditable,usar_para_limpieza_matching_y_expansion_de_grafo_no_para_recomendacion_clinica,media_para_limpieza_no_clinica,true
REL_f0e302532d9a54,COMP_05D785D901CF,L-Tyrosine - Adverse effects (PubMed),COMP_118130811685,L-Tyrosine,RELACION_DE_NORMALIZACION,REFERENCIA_A_COMPONENTE,pagina_o_contexto_sobre_componente,normalizacion_limpieza_o_descomposicion_de_nombre,source_name_points_to_base_component,relacion_derivada_por_normalizacion_conservadora,rule_based_name_resolution,normalizacion_interna_auditable,usar_para_limpieza_matching_y_expansion_de_grafo_no_para_recomendacion_clinica,media_para_limpieza_no_clinica,true
REL_e14779ae6ade30,COMP_118130811685,L-Tyrosine,COMP_730BFAB6F516,L-Tyrosine - Clinical trials (PubMed),RELACION_DE_NORMALIZACION,REFERENCIA_A_COMPONENTE,pagina_o_contexto_sobre_componente,normalizacion_limpieza_o_descomposicion_de_nombre,source_name_points_to_base_component,relacion_derivada_por_normalizacion_conservadora,rule_based_name_resolution,normalizacion_interna_auditable,usar_para_limpieza_matching_y_expansion_de_grafo_no_para_recomendacion_clinica,media_para_limpieza_no_clinica,true
REL_341c57d005d268,COMP_118130811685,L-Tyrosine,COMP_4EB404020693,L-Tyrosine - Contraindications (PubMed),RELACION_DE_NORMALIZACION,REFERENCIA_A_COMPONENTE,pagina_o_contexto_sobre_componente,normalizacion_limpieza_o_descomposicion_de_nombre,source_name_points_to_base_component,relacion_derivada_por_normalizacion_conservadora,rule_based_name_resolution,normalizacion_interna_auditable,usar_para_limpieza_matching_y_expansion_de_grafo_no_para_recomendacion_clinica,media_para_limpieza_no_clinica,true
REL_63af5316999c86,COMP_118130811685,L-Tyrosine,COMP_1A06C870C433,L-Tyrosine - Dietary supplement use in human (PubMed),RELACION_DE_NORMALIZACION,REFERENCIA_A_COMPONENTE,pagina_o_contexto_sobre_componente,normalizacion_limpieza_o_descomposicion_de_nombre,source_name_points_to_base_component,relacion_derivada_por_normalizacion_conservadora,rule_based_name_resolution,normalizacion_interna_auditable,usar_para_limpieza_matching_y_expansion_de_grafo_no_para_recomendacion_clinica,media_para_limpieza_no_clinica,true
REL_8549a3f092df8d,COMP_118130811685,L-Tyrosine,COMP_26BE65CCEC1B,L-Tyrosine - Dose and administration (PubMed),RELACION_DE_NORMALIZACION,REFERENCIA_A_COMPONENTE,pagina_o_contexto_sobre_componente,normalizacion_limpieza_o_descomposicion_de_nombre,source_name_points_to_base_component,relacion_derivada_por_normalizacion_conservadora,rule_based_name_resolution,normalizacion_interna_auditable,usar_para_limpieza_matching_y_expansion_de_grafo_no_para_recomendacion_clinica,media_para_limpieza_no_clinica,true
REL_9934213883ec34,COMP_118130811685,L-Tyrosine,COMP_35A9062C7EE1,L-Tyrosine - Kinetics (PubMed),RELACION_DE_NORMALIZACION,REFERENCIA_A_COMPONENTE,pagina_o_contexto_sobre_componente,normalizacion_limpieza_o_descomposicion_de_nombre,source_name_points_to_base_component,relacion_derivada_por_normalizacion_conservadora,rule_based_name_resolution,normalizacion_interna_auditable,usar_para_limpieza_matching_y_expansion_de_grafo_no_para_recomendacion_clinica,media_para_limpieza_no_clinica,true
REL_8e38dae9245de6,COMP_118130811685,L-Tyrosine,COMP_DC4AC9AF4DFD,L-Tyrosine - Mechanism of action (PubMed),RELACION_DE_NORMALIZACION,REFERENCIA_A_COMPONENTE,pagina_o_contexto_sobre_componente,normalizacion_limpieza_o_descomposicion_de_nombre,source_name_points_to_base_component,relacion_derivada_por_normalizacion_conservadora,rule_based_name_resolution,normalizacion_interna_auditable,usar_para_limpieza_matching_y_expansion_de_grafo_no_para_recomendacion_clinica,media_para_limpieza_no_clinica,true
REL_3e8fbc1fa2cdfa,COMP_118130811685,L-Tyrosine,COMP_64528DF73116,L-Tyrosine - Poisoning (PubMed),RELACION_DE_NORMALIZACION,REFERENCIA_A_COMPONENTE,pagina_o_contexto_sobre_componente,normalizacion_limpieza_o_descomposicion_de_nombre,source_name_points_to_base_component,relacion_derivada_por_normalizacion_conservadora,rule_based_name_resolution,normalizacion_interna_auditable,usar_para_limpieza_matching_y_expansion_de_grafo_no_para_recomendacion_clinica,media_para_limpieza_no_clinica,true
REL_387c4618c8b68f,COMP_984D98F1A15A,L-Arginine,COMP_E7865087E9A2,L-arginine (MedlinePlus Supplements),RELACION_DE_NORMALIZACION,REFERENCIA_A_COMPONENTE,pagina_o_contexto_sobre_componente,normalizacion_limpieza_o_descomposicion_de_nombre,source_name_points_to_base_component,relacion_derivada_por_normalizacion_conservadora,rule_based_name_resolution,normalizacion_interna_auditable,usar_para_limpieza_matching_y_expansion_de_grafo_no_para_recomendacion_clinica,media_para_limpieza_no_clinica,true
REL_d80158e50680e4,COMP_83336712C554,Magnesium,COMP_CA93AECBA1C9,Magnesium tanshinoate B,RELACION_DE_NORMALIZACION,NORMALIZACION_COMPONENTE,normalizacion_a_componente_base,normalizacion_limpieza_o_descomposicion_de_nombre,source_name_points_to_base_component,relacion_derivada_por_normalizacion_conservadora,rule_based_name_resolution,normalizacion_interna_auditable,usar_para_limpieza_matching_y_expansion_de_grafo_no_para_recomendacion_clinica,media_para_limpieza_no_clinica,true
REL_c75eb4e48153f0,COMP_A4C0929932D4,N-Methyl-aspartic acid,COMP_D83F496D52EF,D-Aspartic Acid,RELACION_DE_NORMALIZACION,NORMALIZACION_COMPONENTE,normalizacion_a_componente_base,normalizacion_limpieza_o_descomposicion_de_nombre,source_name_points_to_base_component,relacion_derivada_por_normalizacion_conservadora,rule_based_name_resolution,normalizacion_interna_auditable,usar_para_limpieza_matching_y_expansion_de_grafo_no_para_recomendacion_clinica,media_para_limpieza_no_clinica,true
REL_0a608d4b848d4b,COMP_A4C0929932D4,N-Methyl-aspartic acid,COMP_F1466766627A,L-Aspartic Acid,RELACION_DE_NORMALIZACION,NORMALIZACION_COMPONENTE,normalizacion_a_componente_base,normalizacion_limpieza_o_descomposicion_de_nombre,source_name_points_to_base_component,relacion_derivada_por_normalizacion_conservadora,rule_based_name_resolution,normalizacion_interna_auditable,usar_para_limpieza_matching_y_expansion_de_grafo_no_para_recomendacion_clinica,media_para_limpieza_no_clinica,true
REL_a5517fd6aa73cf,COMP_173D0ECE3E4D,N-acetyl phenylalanine,COMP_506514090324,L-Alanine,RELACION_DE_NORMALIZACION,NORMALIZACION_COMPONENTE,normalizacion_a_componente_base,normalizacion_limpieza_o_descomposicion_de_nombre,source_name_points_to_base_component,relacion_derivada_por_normalizacion_conservadora,rule_based_name_resolution,normalizacion_interna_auditable,usar_para_limpieza_matching_y_expansion_de_grafo_no_para_recomendacion_clinica,media_para_limpieza_no_clinica,true
REL_ccaea9c75197e8,COMP_18A7C64368AE,Omega-3 Fatty Acids (ODS),COMP_C34D1F3079C8,Omega-3 Fatty Acids,RELACION_DE_NORMALIZACION,VARIANTE_O_FORMA,variante_o_forma_de_componente,normalizacion_limpieza_o_descomposicion_de_nombre,source_name_points_to_base_component,relacion_derivada_por_normalizacion_conservadora,rule_based_name_resolution,normalizacion_interna_auditable,usar_para_limpieza_matching_y_expansion_de_grafo_no_para_recomendacion_clinica,media_para_limpieza_no_clinica,true
REL_c68c1c26167190,COMP_C34D1F3079C8,Omega-3 Fatty Acids,COMP_FE7C68397213,Omega-3 Fatty Acids - Ácidos grasos Omega-3 en Espanol,RELACION_DE_NORMALIZACION,REFERENCIA_A_COMPONENTE,pagina_o_contexto_sobre_componente,normalizacion_limpieza_o_descomposicion_de_nombre,source_name_points_to_base_component,relacion_derivada_por_normalizacion_conservadora,rule_based_name_resolution,normalizacion_interna_auditable,usar_para_limpieza_matching_y_expansion_de_grafo_no_para_recomendacion_clinica,media_para_limpieza_no_clinica,true
REL_71210714d8e88b,COMP_55D80644AC1D,Ornithine (ClinicalTrials.gov),COMP_E389C1E39F3B,ornithine,RELACION_DE_NORMALIZACION,REFERENCIA_A_COMPONENTE,pagina_o_contexto_sobre_componente,normalizacion_limpieza_o_descomposicion_de_nombre,source_name_points_to_base_component,relacion_derivada_por_normalizacion_conservadora,rule_based_name_resolution,normalizacion_interna_auditable,usar_para_limpieza_matching_y_expansion_de_grafo_no_para_recomendacion_clinica,media_para_limpieza_no_clinica,true
REL_8ba6862c686d5d,COMP_502DA8919F94,Ornithine l-aspartic acid,COMP_D83F496D52EF,D-Aspartic Acid,RELACION_DE_NORMALIZACION,NORMALIZACION_COMPONENTE,normalizacion_a_componente_base,normalizacion_limpieza_o_descomposicion_de_nombre,source_name_points_to_base_component,relacion_derivada_por_normalizacion_conservadora,rule_based_name_resolution,normalizacion_interna_auditable,usar_para_limpieza_matching_y_expansion_de_grafo_no_para_recomendacion_clinica,media_para_limpieza_no_clinica,true
REL_914a40a2b06b92,COMP_502DA8919F94,Ornithine l-aspartic acid,COMP_F1466766627A,L-Aspartic Acid,RELACION_DE_NORMALIZACION,NORMALIZACION_COMPONENTE,normalizacion_a_componente_base,normalizacion_limpieza_o_descomposicion_de_nombre,source_name_points_to_base_component,relacion_derivada_por_normalizacion_conservadora,rule_based_name_resolution,normalizacion_interna_auditable,usar_para_limpieza_matching_y_expansion_de_grafo_no_para_recomendacion_clinica,media_para_limpieza_no_clinica,true
REL_a17c9b692675d9,COMP_506514090324,L-Alanine,COMP_DC50A9AF92F4,Phenylalanine (ClinicalTrials.gov),RELACION_DE_NORMALIZACION,REFERENCIA_A_COMPONENTE,pagina_o_contexto_sobre_componente,normalizacion_limpieza_o_descomposicion_de_nombre,source_name_points_to_base_component,relacion_derivada_por_normalizacion_conservadora,rule_based_name_resolution,normalizacion_interna_auditable,usar_para_limpieza_matching_y_expansion_de_grafo_no_para_recomendacion_clinica,media_para_limpieza_no_clinica,true
REL_443c275385c548,COMP_3B7058496041,L-Phenylalanine,COMP_DC50A9AF92F4,Phenylalanine (ClinicalTrials.gov),RELACION_DE_NORMALIZACION,REFERENCIA_A_COMPONENTE,pagina_o_contexto_sobre_componente,normalizacion_limpieza_o_descomposicion_de_nombre,source_name_points_to_base_component,relacion_derivada_por_normalizacion_conservadora,rule_based_name_resolution,normalizacion_interna_auditable,usar_para_limpieza_matching_y_expansion_de_grafo_no_para_recomendacion_clinica,media_para_limpieza_no_clinica,true
REL_554f267499bb0c,COMP_00D26860E3FF,Riboflavina,COMP_586F3B3DE0F3,Riboflavin,RELACION_DE_NORMALIZACION,NORMALIZACION_COMPONENTE,normalizacion_a_componente_base,normalizacion_limpieza_o_descomposicion_de_nombre,source_name_points_to_base_component,relacion_derivada_por_normalizacion_conservadora,rule_based_name_resolution,normalizacion_interna_auditable,usar_para_limpieza_matching_y_expansion_de_grafo_no_para_recomendacion_clinica,media_para_limpieza_no_clinica,true
REL_6fb1be399181c8,COMP_4409F4404D82,serine,COMP_A69B0704CC58,Serine (ClinicalTrials.gov),RELACION_DE_NORMALIZACION,REFERENCIA_A_COMPONENTE,pagina_o_contexto_sobre_componente,normalizacion_limpieza_o_descomposicion_de_nombre,source_name_points_to_base_component,relacion_derivada_por_normalizacion_conservadora,rule_based_name_resolution,normalizacion_interna_auditable,usar_para_limpieza_matching_y_expansion_de_grafo_no_para_recomendacion_clinica,media_para_limpieza_no_clinica,true
REL_bb142b4f2054a6,COMP_0D2B15E9F9EE,L-Taurine,COMP_28688F7ED192,Taurine (ClinicalTrials.gov),RELACION_DE_NORMALIZACION,REFERENCIA_A_COMPONENTE,pagina_o_contexto_sobre_componente,normalizacion_limpieza_o_descomposicion_de_nombre,source_name_points_to_base_component,relacion_derivada_por_normalizacion_conservadora,rule_based_name_resolution,normalizacion_interna_auditable,usar_para_limpieza_matching_y_expansion_de_grafo_no_para_recomendacion_clinica,media_para_limpieza_no_clinica,true
REL_b58036728728e8,COMP_77DD0D7D086D,L-Tryptophan,COMP_BB878B6649CB,Tryptophan (ClinicalTrials.gov),RELACION_DE_NORMALIZACION,REFERENCIA_A_COMPONENTE,pagina_o_contexto_sobre_componente,normalizacion_limpieza_o_descomposicion_de_nombre,source_name_points_to_base_component,relacion_derivada_por_normalizacion_conservadora,rule_based_name_resolution,normalizacion_interna_auditable,usar_para_limpieza_matching_y_expansion_de_grafo_no_para_recomendacion_clinica,media_para_limpieza_no_clinica,true
REL_f7f3acbf145d1c,COMP_118130811685,L-Tyrosine,COMP_4F5BCEA1CBD5,Tyrosine (ClinicalTrials.gov),RELACION_DE_NORMALIZACION,REFERENCIA_A_COMPONENTE,pagina_o_contexto_sobre_componente,normalizacion_limpieza_o_descomposicion_de_nombre,source_name_points_to_base_component,relacion_derivada_por_normalizacion_conservadora,rule_based_name_resolution,normalizacion_interna_auditable,usar_para_limpieza_matching_y_expansion_de_grafo_no_para_recomendacion_clinica,media_para_limpieza_no_clinica,true
REL_2b0cdfd8e5c0e0,COMP_27B0172BE904,Vitamin A &mdash; Health Professional Fact Sheet (ODS),COMP_90C4121BAE0C,Vitamin A,RELACION_DE_NORMALIZACION,REFERENCIA_A_COMPONENTE,pagina_o_contexto_sobre_componente,normalizacion_limpieza_o_descomposicion_de_nombre,source_name_points_to_base_component,relacion_derivada_por_normalizacion_conservadora,rule_based_name_resolution,normalizacion_interna_auditable,usar_para_limpieza_matching_y_expansion_de_grafo_no_para_recomendacion_clinica,media_para_limpieza_no_clinica,true
REL_8d1526467e307d,COMP_90C4121BAE0C,Vitamin A,COMP_E9F8CF297119,Vitamin A (ClinicalTrials.gov),RELACION_DE_NORMALIZACION,REFERENCIA_A_COMPONENTE,pagina_o_contexto_sobre_componente,normalizacion_limpieza_o_descomposicion_de_nombre,source_name_points_to_base_component,relacion_derivada_por_normalizacion_conservadora,rule_based_name_resolution,normalizacion_interna_auditable,usar_para_limpieza_matching_y_expansion_de_grafo_no_para_recomendacion_clinica,media_para_limpieza_no_clinica,true
REL_a8af99652b69f2,COMP_90C4121BAE0C,Vitamin A,COMP_D24191E77409,Vitamin A (MedlinePlus Supplements),RELACION_DE_NORMALIZACION,REFERENCIA_A_COMPONENTE,pagina_o_contexto_sobre_componente,normalizacion_limpieza_o_descomposicion_de_nombre,source_name_points_to_base_component,relacion_derivada_por_normalizacion_conservadora,rule_based_name_resolution,normalizacion_interna_auditable,usar_para_limpieza_matching_y_expansion_de_grafo_no_para_recomendacion_clinica,media_para_limpieza_no_clinica,true
REL_078b346e258b5f,COMP_90C4121BAE0C,Vitamin A,COMP_DEBBE1E3B0FB,Vitamin A (mixed),RELACION_DE_NORMALIZACION,VARIANTE_O_FORMA,variante_o_forma_de_componente,normalizacion_limpieza_o_descomposicion_de_nombre,source_name_points_to_base_component,relacion_derivada_por_normalizacion_conservadora,rule_based_name_resolution,normalizacion_interna_auditable,usar_para_limpieza_matching_y_expansion_de_grafo_no_para_recomendacion_clinica,media_para_limpieza_no_clinica,true
REL_74d4aaf44abe9f,COMP_031F00EF9AEC,Vitamin A (not specified),COMP_90C4121BAE0C,Vitamin A,RELACION_DE_NORMALIZACION,VARIANTE_O_FORMA,variante_o_forma_de_componente,normalizacion_limpieza_o_descomposicion_de_nombre,source_name_points_to_base_component,relacion_derivada_por_normalizacion_conservadora,rule_based_name_resolution,normalizacion_interna_auditable,usar_para_limpieza_matching_y_expansion_de_grafo_no_para_recomendacion_clinica,media_para_limpieza_no_clinica,true
REL_a9a57f3bd20d5d,COMP_67B33F73A3D5,Vitamin A (retinol acetate),COMP_90C4121BAE0C,Vitamin A,RELACION_DE_NORMALIZACION,VARIANTE_O_FORMA,variante_o_forma_de_componente,normalizacion_limpieza_o_descomposicion_de_nombre,source_name_points_to_base_component,relacion_derivada_por_normalizacion_conservadora,rule_based_name_resolution,normalizacion_interna_auditable,usar_para_limpieza_matching_y_expansion_de_grafo_no_para_recomendacion_clinica,media_para_limpieza_no_clinica,true
REL_f85bcee71139e1,COMP_42698C2988A1,Vitamin A (retinol),COMP_90C4121BAE0C,Vitamin A,RELACION_DE_NORMALIZACION,VARIANTE_O_FORMA,variante_o_forma_de_componente,normalizacion_limpieza_o_descomposicion_de_nombre,source_name_points_to_base_component,relacion_derivada_por_normalizacion_conservadora,rule_based_name_resolution,normalizacion_interna_auditable,usar_para_limpieza_matching_y_expansion_de_grafo_no_para_recomendacion_clinica,media_para_limpieza_no_clinica,true
REL_bd2abf9740c4e3,COMP_13A2EFC692F1,Vitamin A (retinyl acetate),COMP_90C4121BAE0C,Vitamin A,RELACION_DE_NORMALIZACION,VARIANTE_O_FORMA,variante_o_forma_de_componente,normalizacion_limpieza_o_descomposicion_de_nombre,source_name_points_to_base_component,relacion_derivada_por_normalizacion_conservadora,rule_based_name_resolution,normalizacion_interna_auditable,usar_para_limpieza_matching_y_expansion_de_grafo_no_para_recomendacion_clinica,media_para_limpieza_no_clinica,true
REL_49bceeeb63f544,COMP_3B4431445D0B,Vitamin A (retinyl not specified),COMP_90C4121BAE0C,Vitamin A,RELACION_DE_NORMALIZACION,VARIANTE_O_FORMA,variante_o_forma_de_componente,normalizacion_limpieza_o_descomposicion_de_nombre,source_name_points_to_base_component,relacion_derivada_por_normalizacion_conservadora,rule_based_name_resolution,normalizacion_interna_auditable,usar_para_limpieza_matching_y_expansion_de_grafo_no_para_recomendacion_clinica,media_para_limpieza_no_clinica,true
REL_38d92949aa6160,COMP_8526A3C1B5CB,Vitamin A (unspecified),COMP_90C4121BAE0C,Vitamin A,RELACION_DE_NORMALIZACION,VARIANTE_O_FORMA,variante_o_forma_de_componente,normalizacion_limpieza_o_descomposicion_de_nombre,source_name_points_to_base_component,relacion_derivada_por_normalizacion_conservadora,rule_based_name_resolution,normalizacion_interna_auditable,usar_para_limpieza_matching_y_expansion_de_grafo_no_para_recomendacion_clinica,media_para_limpieza_no_clinica,true
REL_cf59afe28d18ca,COMP_90C4121BAE0C,Vitamin A,COMP_F6FDFF8FF044,Vitamin A (vitamin A Palmitate),RELACION_DE_NORMALIZACION,VARIANTE_O_FORMA,variante_o_forma_de_componente,normalizacion_limpieza_o_descomposicion_de_nombre,source_name_points_to_base_component,relacion_derivada_por_normalizacion_conservadora,rule_based_name_resolution,normalizacion_interna_auditable,usar_para_limpieza_matching_y_expansion_de_grafo_no_para_recomendacion_clinica,media_para_limpieza_no_clinica,true
REL_e5c9cd217982b2,COMP_90C4121BAE0C,Vitamin A,COMP_C06249622782,Vitamin A (vitamin A acetate),RELACION_DE_NORMALIZACION,VARIANTE_O_FORMA,variante_o_forma_de_componente,normalizacion_limpieza_o_descomposicion_de_nombre,source_name_points_to_base_component,relacion_derivada_por_normalizacion_conservadora,rule_based_name_resolution,normalizacion_interna_auditable,usar_para_limpieza_matching_y_expansion_de_grafo_no_para_recomendacion_clinica,media_para_limpieza_no_clinica,true
REL_e105957c5416ea,COMP_2FE4AA441E1C,Vitamin A (vitamin A cetate),COMP_90C4121BAE0C,Vitamin A,RELACION_DE_NORMALIZACION,VARIANTE_O_FORMA,variante_o_forma_de_componente,normalizacion_limpieza_o_descomposicion_de_nombre,source_name_points_to_base_component,relacion_derivada_por_normalizacion_conservadora,rule_based_name_resolution,normalizacion_interna_auditable,usar_para_limpieza_matching_y_expansion_de_grafo_no_para_recomendacion_clinica,media_para_limpieza_no_clinica,true
REL_aa560f80aefef9,COMP_501CD7447296,Vitamin A - Adverse effects (PubMed),COMP_90C4121BAE0C,Vitamin A,RELACION_DE_NORMALIZACION,REFERENCIA_A_COMPONENTE,pagina_o_contexto_sobre_componente,normalizacion_limpieza_o_descomposicion_de_nombre,source_name_points_to_base_component,relacion_derivada_por_normalizacion_conservadora,rule_based_name_resolution,normalizacion_interna_auditable,usar_para_limpieza_matching_y_expansion_de_grafo_no_para_recomendacion_clinica,media_para_limpieza_no_clinica,true
REL_55a35aa4cdd613,COMP_155296BB2731,Vitamin A - Clinical trials (PubMed),COMP_90C4121BAE0C,Vitamin A,RELACION_DE_NORMALIZACION,REFERENCIA_A_COMPONENTE,pagina_o_contexto_sobre_componente,normalizacion_limpieza_o_descomposicion_de_nombre,source_name_points_to_base_component,relacion_derivada_por_normalizacion_conservadora,rule_based_name_resolution,normalizacion_interna_auditable,usar_para_limpieza_matching_y_expansion_de_grafo_no_para_recomendacion_clinica,media_para_limpieza_no_clinica,true
REL_5e7f308e7b418f,COMP_5C84079AEA51,Vitamin A - Contraindications (PubMed),COMP_90C4121BAE0C,Vitamin A,RELACION_DE_NORMALIZACION,REFERENCIA_A_COMPONENTE,pagina_o_contexto_sobre_componente,normalizacion_limpieza_o_descomposicion_de_nombre,source_name_points_to_base_component,relacion_derivada_por_normalizacion_conservadora,rule_based_name_resolution,normalizacion_interna_auditable,usar_para_limpieza_matching_y_expansion_de_grafo_no_para_recomendacion_clinica,media_para_limpieza_no_clinica,true
REL_01a66fcffbc731,COMP_90C4121BAE0C,Vitamin A,COMP_96887ECD9D39,Vitamin A - Dietary supplement use in human (PubMed),RELACION_DE_NORMALIZACION,REFERENCIA_A_COMPONENTE,pagina_o_contexto_sobre_componente,normalizacion_limpieza_o_descomposicion_de_nombre,source_name_points_to_base_component,relacion_derivada_por_normalizacion_conservadora,rule_based_name_resolution,normalizacion_interna_auditable,usar_para_limpieza_matching_y_expansion_de_grafo_no_para_recomendacion_clinica,media_para_limpieza_no_clinica,true
REL_62c0fbd1041149,COMP_0E23ACF7EBD2,Vitamin A - Dose and administration (PubMed),COMP_90C4121BAE0C,Vitamin A,RELACION_DE_NORMALIZACION,REFERENCIA_A_COMPONENTE,pagina_o_contexto_sobre_componente,normalizacion_limpieza_o_descomposicion_de_nombre,source_name_points_to_base_component,relacion_derivada_por_normalizacion_conservadora,rule_based_name_resolution,normalizacion_interna_auditable,usar_para_limpieza_matching_y_expansion_de_grafo_no_para_recomendacion_clinica,media_para_limpieza_no_clinica,true
REL_d5601d22c4d589,COMP_90C4121BAE0C,Vitamin A,COMP_C4FC8E1D77C2,Vitamin A - Kinetics (PubMed),RELACION_DE_NORMALIZACION,REFERENCIA_A_COMPONENTE,pagina_o_contexto_sobre_componente,normalizacion_limpieza_o_descomposicion_de_nombre,source_name_points_to_base_component,relacion_derivada_por_normalizacion_conservadora,rule_based_name_resolution,normalizacion_interna_auditable,usar_para_limpieza_matching_y_expansion_de_grafo_no_para_recomendacion_clinica,media_para_limpieza_no_clinica,true
REL_8b565802ffd118,COMP_44BE5F4771DC,Vitamin A - Mechanism of action (PubMed),COMP_90C4121BAE0C,Vitamin A,RELACION_DE_NORMALIZACION,REFERENCIA_A_COMPONENTE,pagina_o_contexto_sobre_componente,normalizacion_limpieza_o_descomposicion_de_nombre,source_name_points_to_base_component,relacion_derivada_por_normalizacion_conservadora,rule_based_name_resolution,normalizacion_interna_auditable,usar_para_limpieza_matching_y_expansion_de_grafo_no_para_recomendacion_clinica,media_para_limpieza_no_clinica,true
REL_924dc82224b71a,COMP_7F7C510E5C51,Vitamin A - Poisoning (PubMed),COMP_90C4121BAE0C,Vitamin A,RELACION_DE_NORMALIZACION,REFERENCIA_A_COMPONENTE,pagina_o_contexto_sobre_componente,normalizacion_limpieza_o_descomposicion_de_nombre,source_name_points_to_base_component,relacion_derivada_por_normalizacion_conservadora,rule_based_name_resolution,normalizacion_interna_auditable,usar_para_limpieza_matching_y_expansion_de_grafo_no_para_recomendacion_clinica,media_para_limpieza_no_clinica,true
REL_68eeab24d2a593,COMP_06B36D3A8FF3,Vitamin B12,COMP_59EB5782C8F2,Vitamin B12 (5-deoxyadenosylcobalamin),RELACION_DE_NORMALIZACION,VARIANTE_O_FORMA,variante_o_forma_de_componente,normalizacion_limpieza_o_descomposicion_de_nombre,source_name_points_to_base_component,relacion_derivada_por_normalizacion_conservadora,rule_based_name_resolution,normalizacion_interna_auditable,usar_para_limpieza_matching_y_expansion_de_grafo_no_para_recomendacion_clinica,media_para_limpieza_no_clinica,true
REL_3ea0247bed836e,COMP_153CD3CDEDF5,Folate,COMP_6207E9211C46,Vitamin B12 in combination with Folic Acid and Vitamin B6,RELACION_DE_NORMALIZACION,DESCOMPOSICION_COMPONENTE,mezcla_contiene_componente,normalizacion_limpieza_o_descomposicion_de_nombre,source_name_points_to_base_component,relacion_derivada_por_normalizacion_conservadora,rule_based_name_resolution,normalizacion_interna_auditable,usar_para_limpieza_matching_y_expansion_de_grafo_no_para_recomendacion_clinica,media_para_limpieza_no_clinica,true
REL_328ae81139ce16,COMP_6207E9211C46,Vitamin B12 in combination with Folic Acid and Vitamin B6,COMP_A9136ADF22F7,FolateFolacin,RELACION_DE_NORMALIZACION,DESCOMPOSICION_COMPONENTE,mezcla_contiene_componente,normalizacion_limpieza_o_descomposicion_de_nombre,source_name_points_to_base_component,relacion_derivada_por_normalizacion_conservadora,rule_based_name_resolution,normalizacion_interna_auditable,usar_para_limpieza_matching_y_expansion_de_grafo_no_para_recomendacion_clinica,media_para_limpieza_no_clinica,true
REL_acb8bca0cc2bd1,COMP_06B36D3A8FF3,Vitamin B12,COMP_6207E9211C46,Vitamin B12 in combination with Folic Acid and Vitamin B6,RELACION_DE_NORMALIZACION,DESCOMPOSICION_COMPONENTE,mezcla_contiene_componente,normalizacion_limpieza_o_descomposicion_de_nombre,source_name_points_to_base_component,relacion_derivada_por_normalizacion_conservadora,rule_based_name_resolution,normalizacion_interna_auditable,usar_para_limpieza_matching_y_expansion_de_grafo_no_para_recomendacion_clinica,media_para_limpieza_no_clinica,true
REL_ddb7c97b00c412,COMP_6207E9211C46,Vitamin B12 in combination with Folic Acid and Vitamin B6,COMP_FB0BFF3E6E21,Vitamin B6,RELACION_DE_NORMALIZACION,DESCOMPOSICION_COMPONENTE,mezcla_contiene_componente,normalizacion_limpieza_o_descomposicion_de_nombre,source_name_points_to_base_component,relacion_derivada_por_normalizacion_conservadora,rule_based_name_resolution,normalizacion_interna_auditable,usar_para_limpieza_matching_y_expansion_de_grafo_no_para_recomendacion_clinica,media_para_limpieza_no_clinica,true
REL_01200491cfd232,COMP_07BB03DA4024,Vitamin B2 (riboflavin 5-phosphate),COMP_586F3B3DE0F3,Riboflavin,RELACION_DE_NORMALIZACION,VARIANTE_O_FORMA,variante_o_forma_de_componente,normalizacion_limpieza_o_descomposicion_de_nombre,source_name_points_to_base_component,relacion_derivada_por_normalizacion_conservadora,rule_based_name_resolution,normalizacion_interna_auditable,usar_para_limpieza_matching_y_expansion_de_grafo_no_para_recomendacion_clinica,media_para_limpieza_no_clinica,true
REL_8e33b89fa8495f,COMP_45168FA6E54D,Vitamin B6 (pridoxal 5-phosphate),COMP_FB0BFF3E6E21,Vitamin B6,RELACION_DE_NORMALIZACION,VARIANTE_O_FORMA,variante_o_forma_de_componente,normalizacion_limpieza_o_descomposicion_de_nombre,source_name_points_to_base_component,relacion_derivada_por_normalizacion_conservadora,rule_based_name_resolution,normalizacion_interna_auditable,usar_para_limpieza_matching_y_expansion_de_grafo_no_para_recomendacion_clinica,media_para_limpieza_no_clinica,true
REL_4594483f15e510,COMP_73F4A93D682E,Vitamin B6 (pyridoxal 5 phosphate),COMP_FB0BFF3E6E21,Vitamin B6,RELACION_DE_NORMALIZACION,VARIANTE_O_FORMA,variante_o_forma_de_componente,normalizacion_limpieza_o_descomposicion_de_nombre,source_name_points_to_base_component,relacion_derivada_por_normalizacion_conservadora,rule_based_name_resolution,normalizacion_interna_auditable,usar_para_limpieza_matching_y_expansion_de_grafo_no_para_recomendacion_clinica,media_para_limpieza_no_clinica,true
REL_57a2a5254714f8,COMP_377E8693D626,Vitamin B6 (pyridoxal 5-phosphate),COMP_FB0BFF3E6E21,Vitamin B6,RELACION_DE_NORMALIZACION,VARIANTE_O_FORMA,variante_o_forma_de_componente,normalizacion_limpieza_o_descomposicion_de_nombre,source_name_points_to_base_component,relacion_derivada_por_normalizacion_conservadora,rule_based_name_resolution,normalizacion_interna_auditable,usar_para_limpieza_matching_y_expansion_de_grafo_no_para_recomendacion_clinica,media_para_limpieza_no_clinica,true
REL_dbf107a956cd24,COMP_1B4E4CAA4984,Vitamin B6 (pyridoxine 5-phosphate),COMP_FB0BFF3E6E21,Vitamin B6,RELACION_DE_NORMALIZACION,VARIANTE_O_FORMA,variante_o_forma_de_componente,normalizacion_limpieza_o_descomposicion_de_nombre,source_name_points_to_base_component,relacion_derivada_por_normalizacion_conservadora,rule_based_name_resolution,normalizacion_interna_auditable,usar_para_limpieza_matching_y_expansion_de_grafo_no_para_recomendacion_clinica,media_para_limpieza_no_clinica,true
REL_a95c3cadd16633,COMP_153CD3CDEDF5,Folate,COMP_DBCA2D96621E,Vitamin B6 in combination with Folic Acid and Vitamin B12,RELACION_DE_NORMALIZACION,DESCOMPOSICION_COMPONENTE,mezcla_contiene_componente,normalizacion_limpieza_o_descomposicion_de_nombre,source_name_points_to_base_component,relacion_derivada_por_normalizacion_conservadora,rule_based_name_resolution,normalizacion_interna_auditable,usar_para_limpieza_matching_y_expansion_de_grafo_no_para_recomendacion_clinica,media_para_limpieza_no_clinica,true
REL_2b47faca0298e9,COMP_A9136ADF22F7,FolateFolacin,COMP_DBCA2D96621E,Vitamin B6 in combination with Folic Acid and Vitamin B12,RELACION_DE_NORMALIZACION,DESCOMPOSICION_COMPONENTE,mezcla_contiene_componente,normalizacion_limpieza_o_descomposicion_de_nombre,source_name_points_to_base_component,relacion_derivada_por_normalizacion_conservadora,rule_based_name_resolution,normalizacion_interna_auditable,usar_para_limpieza_matching_y_expansion_de_grafo_no_para_recomendacion_clinica,media_para_limpieza_no_clinica,true
REL_ba360331cdc68e,COMP_06B36D3A8FF3,Vitamin B12,COMP_DBCA2D96621E,Vitamin B6 in combination with Folic Acid and Vitamin B12,RELACION_DE_NORMALIZACION,DESCOMPOSICION_COMPONENTE,mezcla_contiene_componente,normalizacion_limpieza_o_descomposicion_de_nombre,source_name_points_to_base_component,relacion_derivada_por_normalizacion_conservadora,rule_based_name_resolution,normalizacion_interna_auditable,usar_para_limpieza_matching_y_expansion_de_grafo_no_para_recomendacion_clinica,media_para_limpieza_no_clinica,true
REL_df6c6a36ab8aa4,COMP_DBCA2D96621E,Vitamin B6 in combination with Folic Acid and Vitamin B12,COMP_FB0BFF3E6E21,Vitamin B6,RELACION_DE_NORMALIZACION,DESCOMPOSICION_COMPONENTE,mezcla_contiene_componente,normalizacion_limpieza_o_descomposicion_de_nombre,source_name_points_to_base_component,relacion_derivada_por_normalizacion_conservadora,rule_based_name_resolution,normalizacion_interna_auditable,usar_para_limpieza_matching_y_expansion_de_grafo_no_para_recomendacion_clinica,media_para_limpieza_no_clinica,true
REL_16384c9731e01e,COMP_153CD3CDEDF5,Folate,COMP_423A6C3813A4,Vitamin B9 (5-Methyltetrahydrofolate),RELACION_DE_NORMALIZACION,VARIANTE_O_FORMA,variante_o_forma_de_componente,normalizacion_limpieza_o_descomposicion_de_nombre,source_name_points_to_base_component,relacion_derivada_por_normalizacion_conservadora,rule_based_name_resolution,normalizacion_interna_auditable,usar_para_limpieza_matching_y_expansion_de_grafo_no_para_recomendacion_clinica,media_para_limpieza_no_clinica,true
REL_62329480631829,COMP_0B3D8AAA7A1E,Vitamin C &mdash; Health Professional Fact Sheet (ODS),COMP_1BCB25859985,Vitamin C,RELACION_DE_NORMALIZACION,REFERENCIA_A_COMPONENTE,pagina_o_contexto_sobre_componente,normalizacion_limpieza_o_descomposicion_de_nombre,source_name_points_to_base_component,relacion_derivada_por_normalizacion_conservadora,rule_based_name_resolution,normalizacion_interna_auditable,usar_para_limpieza_matching_y_expansion_de_grafo_no_para_recomendacion_clinica,media_para_limpieza_no_clinica,true
REL_32c123546202c4,COMP_1BCB25859985,Vitamin C,COMP_AC2C15B327E6,Vitamin C &mdash; QuickFacts (ODS),RELACION_DE_NORMALIZACION,REFERENCIA_A_COMPONENTE,pagina_o_contexto_sobre_componente,normalizacion_limpieza_o_descomposicion_de_nombre,source_name_points_to_base_component,relacion_derivada_por_normalizacion_conservadora,rule_based_name_resolution,normalizacion_interna_auditable,usar_para_limpieza_matching_y_expansion_de_grafo_no_para_recomendacion_clinica,media_para_limpieza_no_clinica,true
REL_4474efcff0c023,COMP_1BCB25859985,Vitamin C,COMP_FABEB65125D8,Vitamin C (Ascorbic acid) (MedlinePlus Supplements),RELACION_DE_NORMALIZACION,REFERENCIA_A_COMPONENTE,pagina_o_contexto_sobre_componente,normalizacion_limpieza_o_descomposicion_de_nombre,source_name_points_to_base_component,relacion_derivada_por_normalizacion_conservadora,rule_based_name_resolution,normalizacion_interna_auditable,usar_para_limpieza_matching_y_expansion_de_grafo_no_para_recomendacion_clinica,media_para_limpieza_no_clinica,true
REL_07bcfb42e3abaf,COMP_67B16EEFC42F,Vitamin C (ascorbic acid),COMP_FABEB65125D8,Vitamin C (Ascorbic acid) (MedlinePlus Supplements),RELACION_DE_NORMALIZACION,REFERENCIA_A_COMPONENTE,pagina_o_contexto_sobre_componente,normalizacion_limpieza_o_descomposicion_de_nombre,source_name_points_to_base_component,relacion_derivada_por_normalizacion_conservadora,rule_based_name_resolution,normalizacion_interna_auditable,usar_para_limpieza_matching_y_expansion_de_grafo_no_para_recomendacion_clinica,media_para_limpieza_no_clinica,true
REL_5b4f1961456bf7,COMP_1BCB25859985,Vitamin C,COMP_A51245F69079,Vitamin C (ClinicalTrials.gov),RELACION_DE_NORMALIZACION,REFERENCIA_A_COMPONENTE,pagina_o_contexto_sobre_componente,normalizacion_limpieza_o_descomposicion_de_nombre,source_name_points_to_base_component,relacion_derivada_por_normalizacion_conservadora,rule_based_name_resolution,normalizacion_interna_auditable,usar_para_limpieza_matching_y_expansion_de_grafo_no_para_recomendacion_clinica,media_para_limpieza_no_clinica,true
REL_7b92ab71c2aa04,COMP_151BDAE41837,Vitamin C (ascorbic acid)  - Adverse effects (PubMed),COMP_1BCB25859985,Vitamin C,RELACION_DE_NORMALIZACION,REFERENCIA_A_COMPONENTE,pagina_o_contexto_sobre_componente,normalizacion_limpieza_o_descomposicion_de_nombre,source_name_points_to_base_component,relacion_derivada_por_normalizacion_conservadora,rule_based_name_resolution,normalizacion_interna_auditable,usar_para_limpieza_matching_y_expansion_de_grafo_no_para_recomendacion_clinica,media_para_limpieza_no_clinica,true
REL_974c4735082cd3,COMP_151BDAE41837,Vitamin C (ascorbic acid)  - Adverse effects (PubMed),COMP_67B16EEFC42F,Vitamin C (ascorbic acid),RELACION_DE_NORMALIZACION,REFERENCIA_A_COMPONENTE,pagina_o_contexto_sobre_componente,normalizacion_limpieza_o_descomposicion_de_nombre,source_name_points_to_base_component,relacion_derivada_por_normalizacion_conservadora,rule_based_name_resolution,normalizacion_interna_auditable,usar_para_limpieza_matching_y_expansion_de_grafo_no_para_recomendacion_clinica,media_para_limpieza_no_clinica,true
REL_fcca014848e8e8,COMP_1BCB25859985,Vitamin C,COMP_9D0D85FC1328,Vitamin C (ascorbic acid)  - Clinical trials (PubMed),RELACION_DE_NORMALIZACION,REFERENCIA_A_COMPONENTE,pagina_o_contexto_sobre_componente,normalizacion_limpieza_o_descomposicion_de_nombre,source_name_points_to_base_component,relacion_derivada_por_normalizacion_conservadora,rule_based_name_resolution,normalizacion_interna_auditable,usar_para_limpieza_matching_y_expansion_de_grafo_no_para_recomendacion_clinica,media_para_limpieza_no_clinica,true
REL_49b0fac742cc49,COMP_67B16EEFC42F,Vitamin C (ascorbic acid),COMP_9D0D85FC1328,Vitamin C (ascorbic acid)  - Clinical trials (PubMed),RELACION_DE_NORMALIZACION,REFERENCIA_A_COMPONENTE,pagina_o_contexto_sobre_componente,normalizacion_limpieza_o_descomposicion_de_nombre,source_name_points_to_base_component,relacion_derivada_por_normalizacion_conservadora,rule_based_name_resolution,normalizacion_interna_auditable,usar_para_limpieza_matching_y_expansion_de_grafo_no_para_recomendacion_clinica,media_para_limpieza_no_clinica,true
REL_bba2fb5ef56d00,COMP_1BCB25859985,Vitamin C,COMP_24E35900B107,Vitamin C (ascorbic acid)  - Contraindications (PubMed),RELACION_DE_NORMALIZACION,REFERENCIA_A_COMPONENTE,pagina_o_contexto_sobre_componente,normalizacion_limpieza_o_descomposicion_de_nombre,source_name_points_to_base_component,relacion_derivada_por_normalizacion_conservadora,rule_based_name_resolution,normalizacion_interna_auditable,usar_para_limpieza_matching_y_expansion_de_grafo_no_para_recomendacion_clinica,media_para_limpieza_no_clinica,true
REL_51783419f788b9,COMP_24E35900B107,Vitamin C (ascorbic acid)  - Contraindications (PubMed),COMP_67B16EEFC42F,Vitamin C (ascorbic acid),RELACION_DE_NORMALIZACION,REFERENCIA_A_COMPONENTE,pagina_o_contexto_sobre_componente,normalizacion_limpieza_o_descomposicion_de_nombre,source_name_points_to_base_component,relacion_derivada_por_normalizacion_conservadora,rule_based_name_resolution,normalizacion_interna_auditable,usar_para_limpieza_matching_y_expansion_de_grafo_no_para_recomendacion_clinica,media_para_limpieza_no_clinica,true
REL_8f3b31d4e9ee61,COMP_04CC09E4051F,Vitamin C (ascorbic acid)  - Dietary supplement use in human (PubMed),COMP_1BCB25859985,Vitamin C,RELACION_DE_NORMALIZACION,REFERENCIA_A_COMPONENTE,pagina_o_contexto_sobre_componente,normalizacion_limpieza_o_descomposicion_de_nombre,source_name_points_to_base_component,relacion_derivada_por_normalizacion_conservadora,rule_based_name_resolution,normalizacion_interna_auditable,usar_para_limpieza_matching_y_expansion_de_grafo_no_para_recomendacion_clinica,media_para_limpieza_no_clinica,true
REL_567f3cdf8fb491,COMP_04CC09E4051F,Vitamin C (ascorbic acid)  - Dietary supplement use in human (PubMed),COMP_67B16EEFC42F,Vitamin C (ascorbic acid),RELACION_DE_NORMALIZACION,REFERENCIA_A_COMPONENTE,pagina_o_contexto_sobre_componente,normalizacion_limpieza_o_descomposicion_de_nombre,source_name_points_to_base_component,relacion_derivada_por_normalizacion_conservadora,rule_based_name_resolution,normalizacion_interna_auditable,usar_para_limpieza_matching_y_expansion_de_grafo_no_para_recomendacion_clinica,media_para_limpieza_no_clinica,true
REL_c3f3e7f3e6c377,COMP_1BCB25859985,Vitamin C,COMP_BD1EAC40C464,Vitamin C (ascorbic acid)  - Dose and administration (PubMed),RELACION_DE_NORMALIZACION,REFERENCIA_A_COMPONENTE,pagina_o_contexto_sobre_componente,normalizacion_limpieza_o_descomposicion_de_nombre,source_name_points_to_base_component,relacion_derivada_por_normalizacion_conservadora,rule_based_name_resolution,normalizacion_interna_auditable,usar_para_limpieza_matching_y_expansion_de_grafo_no_para_recomendacion_clinica,media_para_limpieza_no_clinica,true
REL_b4391a399d3c8e,COMP_67B16EEFC42F,Vitamin C (ascorbic acid),COMP_BD1EAC40C464,Vitamin C (ascorbic acid)  - Dose and administration (PubMed),RELACION_DE_NORMALIZACION,REFERENCIA_A_COMPONENTE,pagina_o_contexto_sobre_componente,normalizacion_limpieza_o_descomposicion_de_nombre,source_name_points_to_base_component,relacion_derivada_por_normalizacion_conservadora,rule_based_name_resolution,normalizacion_interna_auditable,usar_para_limpieza_matching_y_expansion_de_grafo_no_para_recomendacion_clinica,media_para_limpieza_no_clinica,true
REL_196aca9af9edba,COMP_1BCB25859985,Vitamin C,COMP_33FFF44CEE87,Vitamin C (ascorbic acid)  - Kinetics (PubMed),RELACION_DE_NORMALIZACION,REFERENCIA_A_COMPONENTE,pagina_o_contexto_sobre_componente,normalizacion_limpieza_o_descomposicion_de_nombre,source_name_points_to_base_component,relacion_derivada_por_normalizacion_conservadora,rule_based_name_resolution,normalizacion_interna_auditable,usar_para_limpieza_matching_y_expansion_de_grafo_no_para_recomendacion_clinica,media_para_limpieza_no_clinica,true
REL_80fe9d212e8580,COMP_33FFF44CEE87,Vitamin C (ascorbic acid)  - Kinetics (PubMed),COMP_67B16EEFC42F,Vitamin C (ascorbic acid),RELACION_DE_NORMALIZACION,REFERENCIA_A_COMPONENTE,pagina_o_contexto_sobre_componente,normalizacion_limpieza_o_descomposicion_de_nombre,source_name_points_to_base_component,relacion_derivada_por_normalizacion_conservadora,rule_based_name_resolution,normalizacion_interna_auditable,usar_para_limpieza_matching_y_expansion_de_grafo_no_para_recomendacion_clinica,media_para_limpieza_no_clinica,true
REL_dbf2f64e8e7afb,COMP_1BCB25859985,Vitamin C,COMP_9FF65BD6F629,Vitamin C (ascorbic acid)  - Mechanism of action (PubMed),RELACION_DE_NORMALIZACION,REFERENCIA_A_COMPONENTE,pagina_o_contexto_sobre_componente,normalizacion_limpieza_o_descomposicion_de_nombre,source_name_points_to_base_component,relacion_derivada_por_normalizacion_conservadora,rule_based_name_resolution,normalizacion_interna_auditable,usar_para_limpieza_matching_y_expansion_de_grafo_no_para_recomendacion_clinica,media_para_limpieza_no_clinica,true
REL_09a9209c18c2c1,COMP_67B16EEFC42F,Vitamin C (ascorbic acid),COMP_9FF65BD6F629,Vitamin C (ascorbic acid)  - Mechanism of action (PubMed),RELACION_DE_NORMALIZACION,REFERENCIA_A_COMPONENTE,pagina_o_contexto_sobre_componente,normalizacion_limpieza_o_descomposicion_de_nombre,source_name_points_to_base_component,relacion_derivada_por_normalizacion_conservadora,rule_based_name_resolution,normalizacion_interna_auditable,usar_para_limpieza_matching_y_expansion_de_grafo_no_para_recomendacion_clinica,media_para_limpieza_no_clinica,true
REL_c4a5415dea4aad,COMP_059566C7552E,Vitamin C (ascorbic acid)  - Poisoning (PubMed),COMP_1BCB25859985,Vitamin C,RELACION_DE_NORMALIZACION,REFERENCIA_A_COMPONENTE,pagina_o_contexto_sobre_componente,normalizacion_limpieza_o_descomposicion_de_nombre,source_name_points_to_base_component,relacion_derivada_por_normalizacion_conservadora,rule_based_name_resolution,normalizacion_interna_auditable,usar_para_limpieza_matching_y_expansion_de_grafo_no_para_recomendacion_clinica,media_para_limpieza_no_clinica,true
REL_b528f83e471ece,COMP_059566C7552E,Vitamin C (ascorbic acid)  - Poisoning (PubMed),COMP_67B16EEFC42F,Vitamin C (ascorbic acid),RELACION_DE_NORMALIZACION,REFERENCIA_A_COMPONENTE,pagina_o_contexto_sobre_componente,normalizacion_limpieza_o_descomposicion_de_nombre,source_name_points_to_base_component,relacion_derivada_por_normalizacion_conservadora,rule_based_name_resolution,normalizacion_interna_auditable,usar_para_limpieza_matching_y_expansion_de_grafo_no_para_recomendacion_clinica,media_para_limpieza_no_clinica,true
REL_62819a21a899fa,COMP_0C067755CD4A,Vitamin C (ascorbic palmitate),COMP_1BCB25859985,Vitamin C,RELACION_DE_NORMALIZACION,VARIANTE_O_FORMA,variante_o_forma_de_componente,normalizacion_limpieza_o_descomposicion_de_nombre,source_name_points_to_base_component,relacion_derivada_por_normalizacion_conservadora,rule_based_name_resolution,normalizacion_interna_auditable,usar_para_limpieza_matching_y_expansion_de_grafo_no_para_recomendacion_clinica,media_para_limpieza_no_clinica,true
REL_c2bd14039c1980,COMP_1709B9FE80D5,Vitamin C (ascorbyl palmitate),COMP_1BCB25859985,Vitamin C,RELACION_DE_NORMALIZACION,VARIANTE_O_FORMA,variante_o_forma_de_componente,normalizacion_limpieza_o_descomposicion_de_nombre,source_name_points_to_base_component,relacion_derivada_por_normalizacion_conservadora,rule_based_name_resolution,normalizacion_interna_auditable,usar_para_limpieza_matching_y_expansion_de_grafo_no_para_recomendacion_clinica,media_para_limpieza_no_clinica,true
REL_12f7d6f77d4858,COMP_275450118D60,Calcium,COMP_EBC8ADEB25D6,Vitamin C (calcium ascorbate),RELACION_DE_NORMALIZACION,VARIANTE_O_FORMA,variante_o_forma_de_componente,normalizacion_limpieza_o_descomposicion_de_nombre,source_name_points_to_base_component,relacion_derivada_por_normalizacion_conservadora,rule_based_name_resolution,normalizacion_interna_auditable,usar_para_limpieza_matching_y_expansion_de_grafo_no_para_recomendacion_clinica,media_para_limpieza_no_clinica,true
REL_e98f5b3311d4ef,COMP_1BCB25859985,Vitamin C,COMP_EBC8ADEB25D6,Vitamin C (calcium ascorbate),RELACION_DE_NORMALIZACION,VARIANTE_O_FORMA,variante_o_forma_de_componente,normalizacion_limpieza_o_descomposicion_de_nombre,source_name_points_to_base_component,relacion_derivada_por_normalizacion_conservadora,rule_based_name_resolution,normalizacion_interna_auditable,usar_para_limpieza_matching_y_expansion_de_grafo_no_para_recomendacion_clinica,media_para_limpieza_no_clinica,true
REL_66c047fa54ec5d,COMP_1BCB25859985,Vitamin C,COMP_ACB5043ED8B9,Vitamin C (mixed ascorbates),RELACION_DE_NORMALIZACION,VARIANTE_O_FORMA,variante_o_forma_de_componente,normalizacion_limpieza_o_descomposicion_de_nombre,source_name_points_to_base_component,relacion_derivada_por_normalizacion_conservadora,rule_based_name_resolution,normalizacion_interna_auditable,usar_para_limpieza_matching_y_expansion_de_grafo_no_para_recomendacion_clinica,media_para_limpieza_no_clinica,true
REL_093e02820e2739,COMP_1BCB25859985,Vitamin C,COMP_A80AD4E6418F,Vitamin C (mixed),RELACION_DE_NORMALIZACION,VARIANTE_O_FORMA,variante_o_forma_de_componente,normalizacion_limpieza_o_descomposicion_de_nombre,source_name_points_to_base_component,relacion_derivada_por_normalizacion_conservadora,rule_based_name_resolution,normalizacion_interna_auditable,usar_para_limpieza_matching_y_expansion_de_grafo_no_para_recomendacion_clinica,media_para_limpieza_no_clinica,true
REL_9aa84ada9ed420,COMP_1BCB25859985,Vitamin C,COMP_D36F97885A09,Vitamin C (not specified),RELACION_DE_NORMALIZACION,VARIANTE_O_FORMA,variante_o_forma_de_componente,normalizacion_limpieza_o_descomposicion_de_nombre,source_name_points_to_base_component,relacion_derivada_por_normalizacion_conservadora,rule_based_name_resolution,normalizacion_interna_auditable,usar_para_limpieza_matching_y_expansion_de_grafo_no_para_recomendacion_clinica,media_para_limpieza_no_clinica,true
REL_f867c376dba5a8,COMP_1BCB25859985,Vitamin C,COMP_6F8C7BC37F96,Vitamin C (sodium ascorbate),RELACION_DE_NORMALIZACION,VARIANTE_O_FORMA,variante_o_forma_de_componente,normalizacion_limpieza_o_descomposicion_de_nombre,source_name_points_to_base_component,relacion_derivada_por_normalizacion_conservadora,rule_based_name_resolution,normalizacion_interna_auditable,usar_para_limpieza_matching_y_expansion_de_grafo_no_para_recomendacion_clinica,media_para_limpieza_no_clinica,true
REL_05b2b7ff7ff9c6,COMP_1BCB25859985,Vitamin C,COMP_FAB3827C67E5,Vitamin C (unspecified),RELACION_DE_NORMALIZACION,VARIANTE_O_FORMA,variante_o_forma_de_componente,normalizacion_limpieza_o_descomposicion_de_nombre,source_name_points_to_base_component,relacion_derivada_por_normalizacion_conservadora,rule_based_name_resolution,normalizacion_interna_auditable,usar_para_limpieza_matching_y_expansion_de_grafo_no_para_recomendacion_clinica,media_para_limpieza_no_clinica,true
REL_7ed0d12901f059,COMP_8C56C31FBB78,Vitamin D,COMP_9B375FC89358,Vitamin D &mdash; Health Professional Fact Sheet (ODS),RELACION_DE_NORMALIZACION,REFERENCIA_A_COMPONENTE,pagina_o_contexto_sobre_componente,normalizacion_limpieza_o_descomposicion_de_nombre,source_name_points_to_base_component,relacion_derivada_por_normalizacion_conservadora,rule_based_name_resolution,normalizacion_interna_auditable,usar_para_limpieza_matching_y_expansion_de_grafo_no_para_recomendacion_clinica,media_para_limpieza_no_clinica,true
REL_0e14d2b27b6e8e,COMP_3FCCCC5C748C,Vitamin D &mdash; QuickFacts (ODS),COMP_8C56C31FBB78,Vitamin D,RELACION_DE_NORMALIZACION,REFERENCIA_A_COMPONENTE,pagina_o_contexto_sobre_componente,normalizacion_limpieza_o_descomposicion_de_nombre,source_name_points_to_base_component,relacion_derivada_por_normalizacion_conservadora,rule_based_name_resolution,normalizacion_interna_auditable,usar_para_limpieza_matching_y_expansion_de_grafo_no_para_recomendacion_clinica,media_para_limpieza_no_clinica,true
REL_33df0d6cb652b5,COMP_8C56C31FBB78,Vitamin D,COMP_F681E903EEA8,Vitamin D (MedlinePlus Supplements),RELACION_DE_NORMALIZACION,REFERENCIA_A_COMPONENTE,pagina_o_contexto_sobre_componente,normalizacion_limpieza_o_descomposicion_de_nombre,source_name_points_to_base_component,relacion_derivada_por_normalizacion_conservadora,rule_based_name_resolution,normalizacion_interna_auditable,usar_para_limpieza_matching_y_expansion_de_grafo_no_para_recomendacion_clinica,media_para_limpieza_no_clinica,true
REL_caf55d27694bc4,COMP_256C8675E70B,Vitamin D (mixed),COMP_8C56C31FBB78,Vitamin D,RELACION_DE_NORMALIZACION,VARIANTE_O_FORMA,variante_o_forma_de_componente,normalizacion_limpieza_o_descomposicion_de_nombre,source_name_points_to_base_component,relacion_derivada_por_normalizacion_conservadora,rule_based_name_resolution,normalizacion_interna_auditable,usar_para_limpieza_matching_y_expansion_de_grafo_no_para_recomendacion_clinica,media_para_limpieza_no_clinica,true
REL_99cb07d539522f,COMP_8C56C31FBB78,Vitamin D,COMP_BBEC02FB78B0,Vitamin D (unspecified),RELACION_DE_NORMALIZACION,VARIANTE_O_FORMA,variante_o_forma_de_componente,normalizacion_limpieza_o_descomposicion_de_nombre,source_name_points_to_base_component,relacion_derivada_por_normalizacion_conservadora,rule_based_name_resolution,normalizacion_interna_auditable,usar_para_limpieza_matching_y_expansion_de_grafo_no_para_recomendacion_clinica,media_para_limpieza_no_clinica,true
REL_c2fc81cf6829da,COMP_8C56C31FBB78,Vitamin D,COMP_B35A3E415E40,Vitamin D - Adverse effects (PubMed),RELACION_DE_NORMALIZACION,REFERENCIA_A_COMPONENTE,pagina_o_contexto_sobre_componente,normalizacion_limpieza_o_descomposicion_de_nombre,source_name_points_to_base_component,relacion_derivada_por_normalizacion_conservadora,rule_based_name_resolution,normalizacion_interna_auditable,usar_para_limpieza_matching_y_expansion_de_grafo_no_para_recomendacion_clinica,media_para_limpieza_no_clinica,true
REL_3bbcc34d595734,COMP_445BA2753D1F,Vitamin D - Clinical trials (PubMed),COMP_8C56C31FBB78,Vitamin D,RELACION_DE_NORMALIZACION,REFERENCIA_A_COMPONENTE,pagina_o_contexto_sobre_componente,normalizacion_limpieza_o_descomposicion_de_nombre,source_name_points_to_base_component,relacion_derivada_por_normalizacion_conservadora,rule_based_name_resolution,normalizacion_interna_auditable,usar_para_limpieza_matching_y_expansion_de_grafo_no_para_recomendacion_clinica,media_para_limpieza_no_clinica,true
REL_71420add754bb1,COMP_8363C992BA02,Vitamin D - Contraindications (PubMed),COMP_8C56C31FBB78,Vitamin D,RELACION_DE_NORMALIZACION,REFERENCIA_A_COMPONENTE,pagina_o_contexto_sobre_componente,normalizacion_limpieza_o_descomposicion_de_nombre,source_name_points_to_base_component,relacion_derivada_por_normalizacion_conservadora,rule_based_name_resolution,normalizacion_interna_auditable,usar_para_limpieza_matching_y_expansion_de_grafo_no_para_recomendacion_clinica,media_para_limpieza_no_clinica,true
REL_25bcf2c6f26c51,COMP_8C56C31FBB78,Vitamin D,COMP_9B953EA8CA8D,Vitamin D - Dietary supplement use in human (PubMed),RELACION_DE_NORMALIZACION,REFERENCIA_A_COMPONENTE,pagina_o_contexto_sobre_componente,normalizacion_limpieza_o_descomposicion_de_nombre,source_name_points_to_base_component,relacion_derivada_por_normalizacion_conservadora,rule_based_name_resolution,normalizacion_interna_auditable,usar_para_limpieza_matching_y_expansion_de_grafo_no_para_recomendacion_clinica,media_para_limpieza_no_clinica,true
REL_17b2c87783bb81,COMP_8C56C31FBB78,Vitamin D,COMP_DF13027E8056,Vitamin D - Dose and administration (PubMed),RELACION_DE_NORMALIZACION,REFERENCIA_A_COMPONENTE,pagina_o_contexto_sobre_componente,normalizacion_limpieza_o_descomposicion_de_nombre,source_name_points_to_base_component,relacion_derivada_por_normalizacion_conservadora,rule_based_name_resolution,normalizacion_interna_auditable,usar_para_limpieza_matching_y_expansion_de_grafo_no_para_recomendacion_clinica,media_para_limpieza_no_clinica,true
REL_c478c41486da37,COMP_8C56C31FBB78,Vitamin D,COMP_CB2286662968,Vitamin D - Kinetics (PubMed),RELACION_DE_NORMALIZACION,REFERENCIA_A_COMPONENTE,pagina_o_contexto_sobre_componente,normalizacion_limpieza_o_descomposicion_de_nombre,source_name_points_to_base_component,relacion_derivada_por_normalizacion_conservadora,rule_based_name_resolution,normalizacion_interna_auditable,usar_para_limpieza_matching_y_expansion_de_grafo_no_para_recomendacion_clinica,media_para_limpieza_no_clinica,true
REL_16f7c6cabf2c0b,COMP_8C56C31FBB78,Vitamin D,COMP_DC95BFFCC242,Vitamin D - Mechanism of action (PubMed),RELACION_DE_NORMALIZACION,REFERENCIA_A_COMPONENTE,pagina_o_contexto_sobre_componente,normalizacion_limpieza_o_descomposicion_de_nombre,source_name_points_to_base_component,relacion_derivada_por_normalizacion_conservadora,rule_based_name_resolution,normalizacion_interna_auditable,usar_para_limpieza_matching_y_expansion_de_grafo_no_para_recomendacion_clinica,media_para_limpieza_no_clinica,true
REL_e5065ebfc304af,COMP_2448A9D98A37,Vitamin D - Poisoning (PubMed),COMP_8C56C31FBB78,Vitamin D,RELACION_DE_NORMALIZACION,REFERENCIA_A_COMPONENTE,pagina_o_contexto_sobre_componente,normalizacion_limpieza_o_descomposicion_de_nombre,source_name_points_to_base_component,relacion_derivada_por_normalizacion_conservadora,rule_based_name_resolution,normalizacion_interna_auditable,usar_para_limpieza_matching_y_expansion_de_grafo_no_para_recomendacion_clinica,media_para_limpieza_no_clinica,true
REL_64aa3e485b7cda,COMP_8432761DDD3C,Vitamin D and Cancer Prevention (NCI),COMP_8C56C31FBB78,Vitamin D,RELACION_DE_NORMALIZACION,VARIANTE_O_FORMA,variante_o_forma_de_componente,normalizacion_limpieza_o_descomposicion_de_nombre,source_name_points_to_base_component,relacion_derivada_por_normalizacion_conservadora,rule_based_name_resolution,normalizacion_interna_auditable,usar_para_limpieza_matching_y_expansion_de_grafo_no_para_recomendacion_clinica,media_para_limpieza_no_clinica,true
REL_5642e5c4e8474b,COMP_275450118D60,Calcium,COMP_2A7C0C77C159,Vitamin D in combination with calcium,RELACION_DE_NORMALIZACION,DESCOMPOSICION_COMPONENTE,mezcla_contiene_componente,normalizacion_limpieza_o_descomposicion_de_nombre,source_name_points_to_base_component,relacion_derivada_por_normalizacion_conservadora,rule_based_name_resolution,normalizacion_interna_auditable,usar_para_limpieza_matching_y_expansion_de_grafo_no_para_recomendacion_clinica,media_para_limpieza_no_clinica,true
REL_6800bbd4efeebf,COMP_2A7C0C77C159,Vitamin D in combination with calcium,COMP_8C56C31FBB78,Vitamin D,RELACION_DE_NORMALIZACION,DESCOMPOSICION_COMPONENTE,mezcla_contiene_componente,normalizacion_limpieza_o_descomposicion_de_nombre,source_name_points_to_base_component,relacion_derivada_por_normalizacion_conservadora,rule_based_name_resolution,normalizacion_interna_auditable,usar_para_limpieza_matching_y_expansion_de_grafo_no_para_recomendacion_clinica,media_para_limpieza_no_clinica,true
REL_f93b215b049704,COMP_418A43B67061,Vitamin E &mdash; Health Professional Fact Sheet (ODS),COMP_D4790F9775EF,Vitamin E,RELACION_DE_NORMALIZACION,REFERENCIA_A_COMPONENTE,pagina_o_contexto_sobre_componente,normalizacion_limpieza_o_descomposicion_de_nombre,source_name_points_to_base_component,relacion_derivada_por_normalizacion_conservadora,rule_based_name_resolution,normalizacion_interna_auditable,usar_para_limpieza_matching_y_expansion_de_grafo_no_para_recomendacion_clinica,media_para_limpieza_no_clinica,true
REL_99775eb8a1b457,COMP_732C108E79AA,Vitamin E &mdash; QuickFacts (ODS),COMP_D4790F9775EF,Vitamin E,RELACION_DE_NORMALIZACION,REFERENCIA_A_COMPONENTE,pagina_o_contexto_sobre_componente,normalizacion_limpieza_o_descomposicion_de_nombre,source_name_points_to_base_component,relacion_derivada_por_normalizacion_conservadora,rule_based_name_resolution,normalizacion_interna_auditable,usar_para_limpieza_matching_y_expansion_de_grafo_no_para_recomendacion_clinica,media_para_limpieza_no_clinica,true
REL_a4793f1a56bc58,COMP_899B7F6DAEDD,Vitamin E (Alpha-Tocomonoenol),COMP_D4790F9775EF,Vitamin E,RELACION_DE_NORMALIZACION,VARIANTE_O_FORMA,variante_o_forma_de_componente,normalizacion_limpieza_o_descomposicion_de_nombre,source_name_points_to_base_component,relacion_derivada_por_normalizacion_conservadora,rule_based_name_resolution,normalizacion_interna_auditable,usar_para_limpieza_matching_y_expansion_de_grafo_no_para_recomendacion_clinica,media_para_limpieza_no_clinica,true
REL_d3637df4f840cc,COMP_0860A11D075A,Vitamin E (ClinicalTrials.gov),COMP_D4790F9775EF,Vitamin E,RELACION_DE_NORMALIZACION,REFERENCIA_A_COMPONENTE,pagina_o_contexto_sobre_componente,normalizacion_limpieza_o_descomposicion_de_nombre,source_name_points_to_base_component,relacion_derivada_por_normalizacion_conservadora,rule_based_name_resolution,normalizacion_interna_auditable,usar_para_limpieza_matching_y_expansion_de_grafo_no_para_recomendacion_clinica,media_para_limpieza_no_clinica,true
REL_63d0b23736261b,COMP_0BC6CAC0AC8B,Vitamin E (Gamma Tocotrienol),COMP_D4790F9775EF,Vitamin E,RELACION_DE_NORMALIZACION,VARIANTE_O_FORMA,variante_o_forma_de_componente,normalizacion_limpieza_o_descomposicion_de_nombre,source_name_points_to_base_component,relacion_derivada_por_normalizacion_conservadora,rule_based_name_resolution,normalizacion_interna_auditable,usar_para_limpieza_matching_y_expansion_de_grafo_no_para_recomendacion_clinica,media_para_limpieza_no_clinica,true
REL_187565ecbbaf4c,COMP_203BD39FD653,Vitamin E (MedlinePlus Supplements),COMP_D4790F9775EF,Vitamin E,RELACION_DE_NORMALIZACION,REFERENCIA_A_COMPONENTE,pagina_o_contexto_sobre_componente,normalizacion_limpieza_o_descomposicion_de_nombre,source_name_points_to_base_component,relacion_derivada_por_normalizacion_conservadora,rule_based_name_resolution,normalizacion_interna_auditable,usar_para_limpieza_matching_y_expansion_de_grafo_no_para_recomendacion_clinica,media_para_limpieza_no_clinica,true
REL_3b2777296f7fbe,COMP_834D28207E7B,Vitamin E (Mixed Tocopherols and Tocotrienols),COMP_D4790F9775EF,Vitamin E,RELACION_DE_NORMALIZACION,VARIANTE_O_FORMA,variante_o_forma_de_componente,normalizacion_limpieza_o_descomposicion_de_nombre,source_name_points_to_base_component,relacion_derivada_por_normalizacion_conservadora,rule_based_name_resolution,normalizacion_interna_auditable,usar_para_limpieza_matching_y_expansion_de_grafo_no_para_recomendacion_clinica,media_para_limpieza_no_clinica,true
REL_560d7d4251f14f,COMP_2D846B1BC2F2,Vitamin E (alpha tocopherol),COMP_D4790F9775EF,Vitamin E,RELACION_DE_NORMALIZACION,VARIANTE_O_FORMA,variante_o_forma_de_componente,normalizacion_limpieza_o_descomposicion_de_nombre,source_name_points_to_base_component,relacion_derivada_por_normalizacion_conservadora,rule_based_name_resolution,normalizacion_interna_auditable,usar_para_limpieza_matching_y_expansion_de_grafo_no_para_recomendacion_clinica,media_para_limpieza_no_clinica,true
REL_8a39c27c12b7d3,COMP_D4790F9775EF,Vitamin E,COMP_DE4F45DAEC3D,Vitamin E (alpha tocopheryl acetate),RELACION_DE_NORMALIZACION,VARIANTE_O_FORMA,variante_o_forma_de_componente,normalizacion_limpieza_o_descomposicion_de_nombre,source_name_points_to_base_component,relacion_derivada_por_normalizacion_conservadora,rule_based_name_resolution,normalizacion_interna_auditable,usar_para_limpieza_matching_y_expansion_de_grafo_no_para_recomendacion_clinica,media_para_limpieza_no_clinica,true
REL_47362e8330e063,COMP_08C4D995C34F,Vitamin E (alpha tocopheryl succinate),COMP_D4790F9775EF,Vitamin E,RELACION_DE_NORMALIZACION,VARIANTE_O_FORMA,variante_o_forma_de_componente,normalizacion_limpieza_o_descomposicion_de_nombre,source_name_points_to_base_component,relacion_derivada_por_normalizacion_conservadora,rule_based_name_resolution,normalizacion_interna_auditable,usar_para_limpieza_matching_y_expansion_de_grafo_no_para_recomendacion_clinica,media_para_limpieza_no_clinica,true
REL_254e82acb0aff6,COMP_57DA6D7E2138,Vitamin E (alpha tocopheryl),COMP_D4790F9775EF,Vitamin E,RELACION_DE_NORMALIZACION,VARIANTE_O_FORMA,variante_o_forma_de_componente,normalizacion_limpieza_o_descomposicion_de_nombre,source_name_points_to_base_component,relacion_derivada_por_normalizacion_conservadora,rule_based_name_resolution,normalizacion_interna_auditable,usar_para_limpieza_matching_y_expansion_de_grafo_no_para_recomendacion_clinica,media_para_limpieza_no_clinica,true
REL_58d29d47ab70c2,COMP_975A48F0CFD1,Vitamin E (alpha tocotrienol),COMP_D4790F9775EF,Vitamin E,RELACION_DE_NORMALIZACION,VARIANTE_O_FORMA,variante_o_forma_de_componente,normalizacion_limpieza_o_descomposicion_de_nombre,source_name_points_to_base_component,relacion_derivada_por_normalizacion_conservadora,rule_based_name_resolution,normalizacion_interna_auditable,usar_para_limpieza_matching_y_expansion_de_grafo_no_para_recomendacion_clinica,media_para_limpieza_no_clinica,true
REL_179e06039c63e9,COMP_1DA8C44431A2,Vitamin E (alpha-tocopherol acetate),COMP_D4790F9775EF,Vitamin E,RELACION_DE_NORMALIZACION,VARIANTE_O_FORMA,variante_o_forma_de_componente,normalizacion_limpieza_o_descomposicion_de_nombre,source_name_points_to_base_component,relacion_derivada_por_normalizacion_conservadora,rule_based_name_resolution,normalizacion_interna_auditable,usar_para_limpieza_matching_y_expansion_de_grafo_no_para_recomendacion_clinica,media_para_limpieza_no_clinica,true
REL_e16b4d18f74e8e,COMP_1E4000A2165A,Vitamin E (alpha-tocopherol succinate),COMP_D4790F9775EF,Vitamin E,RELACION_DE_NORMALIZACION,VARIANTE_O_FORMA,variante_o_forma_de_componente,normalizacion_limpieza_o_descomposicion_de_nombre,source_name_points_to_base_component,relacion_derivada_por_normalizacion_conservadora,rule_based_name_resolution,normalizacion_interna_auditable,usar_para_limpieza_matching_y_expansion_de_grafo_no_para_recomendacion_clinica,media_para_limpieza_no_clinica,true
REL_61780cf44aeeec,COMP_05E95D5BF830,Vitamin E (alpha-tocopheryl acetate),COMP_D4790F9775EF,Vitamin E,RELACION_DE_NORMALIZACION,VARIANTE_O_FORMA,variante_o_forma_de_componente,normalizacion_limpieza_o_descomposicion_de_nombre,source_name_points_to_base_component,relacion_derivada_por_normalizacion_conservadora,rule_based_name_resolution,normalizacion_interna_auditable,usar_para_limpieza_matching_y_expansion_de_grafo_no_para_recomendacion_clinica,media_para_limpieza_no_clinica,true
REL_c5307a65e9486c,COMP_765EC8C9B63B,Vitamin E (alpha-tocopheryl hydrochloride),COMP_D4790F9775EF,Vitamin E,RELACION_DE_NORMALIZACION,VARIANTE_O_FORMA,variante_o_forma_de_componente,normalizacion_limpieza_o_descomposicion_de_nombre,source_name_points_to_base_component,relacion_derivada_por_normalizacion_conservadora,rule_based_name_resolution,normalizacion_interna_auditable,usar_para_limpieza_matching_y_expansion_de_grafo_no_para_recomendacion_clinica,media_para_limpieza_no_clinica,true
REL_96fafc673df50e,COMP_D4790F9775EF,Vitamin E,COMP_F7E2C201BB82,Vitamin E (alpha-tocopheryl polyethylene glycol succinate),RELACION_DE_NORMALIZACION,VARIANTE_O_FORMA,variante_o_forma_de_componente,normalizacion_limpieza_o_descomposicion_de_nombre,source_name_points_to_base_component,relacion_derivada_por_normalizacion_conservadora,rule_based_name_resolution,normalizacion_interna_auditable,usar_para_limpieza_matching_y_expansion_de_grafo_no_para_recomendacion_clinica,media_para_limpieza_no_clinica,true
REL_d993ef51237be9,COMP_80FB9288192C,Vitamin E (beta and delta tocopherols),COMP_D4790F9775EF,Vitamin E,RELACION_DE_NORMALIZACION,VARIANTE_O_FORMA,variante_o_forma_de_componente,normalizacion_limpieza_o_descomposicion_de_nombre,source_name_points_to_base_component,relacion_derivada_por_normalizacion_conservadora,rule_based_name_resolution,normalizacion_interna_auditable,usar_para_limpieza_matching_y_expansion_de_grafo_no_para_recomendacion_clinica,media_para_limpieza_no_clinica,true
REL_2180c27573a56d,COMP_5A316FA3FF05,Vitamin E (beta tocopherol),COMP_D4790F9775EF,Vitamin E,RELACION_DE_NORMALIZACION,VARIANTE_O_FORMA,variante_o_forma_de_componente,normalizacion_limpieza_o_descomposicion_de_nombre,source_name_points_to_base_component,relacion_derivada_por_normalizacion_conservadora,rule_based_name_resolution,normalizacion_interna_auditable,usar_para_limpieza_matching_y_expansion_de_grafo_no_para_recomendacion_clinica,media_para_limpieza_no_clinica,true
REL_af8897ab594fda,COMP_04248BA5EB92,Vitamin E (beta tocotrienol),COMP_D4790F9775EF,Vitamin E,RELACION_DE_NORMALIZACION,VARIANTE_O_FORMA,variante_o_forma_de_componente,normalizacion_limpieza_o_descomposicion_de_nombre,source_name_points_to_base_component,relacion_derivada_por_normalizacion_conservadora,rule_based_name_resolution,normalizacion_interna_auditable,usar_para_limpieza_matching_y_expansion_de_grafo_no_para_recomendacion_clinica,media_para_limpieza_no_clinica,true
REL_fe3fe1015f4666,COMP_3B36B0FD22B2,Vitamin E (beta-tocopherol),COMP_D4790F9775EF,Vitamin E,RELACION_DE_NORMALIZACION,VARIANTE_O_FORMA,variante_o_forma_de_componente,normalizacion_limpieza_o_descomposicion_de_nombre,source_name_points_to_base_component,relacion_derivada_por_normalizacion_conservadora,rule_based_name_resolution,normalizacion_interna_auditable,usar_para_limpieza_matching_y_expansion_de_grafo_no_para_recomendacion_clinica,media_para_limpieza_no_clinica,true
REL_fa1bf88358072a,COMP_88FD0303DC02,Vitamin E (beta-tocotrienol),COMP_D4790F9775EF,Vitamin E,RELACION_DE_NORMALIZACION,VARIANTE_O_FORMA,variante_o_forma_de_componente,normalizacion_limpieza_o_descomposicion_de_nombre,source_name_points_to_base_component,relacion_derivada_por_normalizacion_conservadora,rule_based_name_resolution,normalizacion_interna_auditable,usar_para_limpieza_matching_y_expansion_de_grafo_no_para_recomendacion_clinica,media_para_limpieza_no_clinica,true
REL_fcaac62e5d3ae9,COMP_677F15C1B063,Vitamin E (delta tocopherol),COMP_D4790F9775EF,Vitamin E,RELACION_DE_NORMALIZACION,VARIANTE_O_FORMA,variante_o_forma_de_componente,normalizacion_limpieza_o_descomposicion_de_nombre,source_name_points_to_base_component,relacion_derivada_por_normalizacion_conservadora,rule_based_name_resolution,normalizacion_interna_auditable,usar_para_limpieza_matching_y_expansion_de_grafo_no_para_recomendacion_clinica,media_para_limpieza_no_clinica,true
REL_87d6afc9cf676f,COMP_C37017B50B32,Vitamin E (delta-tocopherol),COMP_D4790F9775EF,Vitamin E,RELACION_DE_NORMALIZACION,VARIANTE_O_FORMA,variante_o_forma_de_componente,normalizacion_limpieza_o_descomposicion_de_nombre,source_name_points_to_base_component,relacion_derivada_por_normalizacion_conservadora,rule_based_name_resolution,normalizacion_interna_auditable,usar_para_limpieza_matching_y_expansion_de_grafo_no_para_recomendacion_clinica,media_para_limpieza_no_clinica,true
REL_55a810f955590e,COMP_A098710AC0D0,Vitamin E (delta-tocotrienol),COMP_D4790F9775EF,Vitamin E,RELACION_DE_NORMALIZACION,VARIANTE_O_FORMA,variante_o_forma_de_componente,normalizacion_limpieza_o_descomposicion_de_nombre,source_name_points_to_base_component,relacion_derivada_por_normalizacion_conservadora,rule_based_name_resolution,normalizacion_interna_auditable,usar_para_limpieza_matching_y_expansion_de_grafo_no_para_recomendacion_clinica,media_para_limpieza_no_clinica,true
REL_28b85870399c1f,COMP_346C0E02FB02,Vitamin E (gamma tocopherol),COMP_D4790F9775EF,Vitamin E,RELACION_DE_NORMALIZACION,VARIANTE_O_FORMA,variante_o_forma_de_componente,normalizacion_limpieza_o_descomposicion_de_nombre,source_name_points_to_base_component,relacion_derivada_por_normalizacion_conservadora,rule_based_name_resolution,normalizacion_interna_auditable,usar_para_limpieza_matching_y_expansion_de_grafo_no_para_recomendacion_clinica,media_para_limpieza_no_clinica,true
REL_400417be34e9cc,COMP_9CDCDE158FF3,Vitamin E (gamma unspecified),COMP_D4790F9775EF,Vitamin E,RELACION_DE_NORMALIZACION,VARIANTE_O_FORMA,variante_o_forma_de_componente,normalizacion_limpieza_o_descomposicion_de_nombre,source_name_points_to_base_component,relacion_derivada_por_normalizacion_conservadora,rule_based_name_resolution,normalizacion_interna_auditable,usar_para_limpieza_matching_y_expansion_de_grafo_no_para_recomendacion_clinica,media_para_limpieza_no_clinica,true
REL_b7be86b04ff3c1,COMP_047F32B7A3C5,Vitamin E (mixed alpha-tocopherol),COMP_D4790F9775EF,Vitamin E,RELACION_DE_NORMALIZACION,VARIANTE_O_FORMA,variante_o_forma_de_componente,normalizacion_limpieza_o_descomposicion_de_nombre,source_name_points_to_base_component,relacion_derivada_por_normalizacion_conservadora,rule_based_name_resolution,normalizacion_interna_auditable,usar_para_limpieza_matching_y_expansion_de_grafo_no_para_recomendacion_clinica,media_para_limpieza_no_clinica,true
REL_a96fdf405f7873,COMP_D4790F9775EF,Vitamin E,COMP_FC28221F8D04,Vitamin E (mixed tocopherols,RELACION_DE_NORMALIZACION,NORMALIZACION_COMPONENTE,normalizacion_a_componente_base,normalizacion_limpieza_o_descomposicion_de_nombre,source_name_points_to_base_component,relacion_derivada_por_normalizacion_conservadora,rule_based_name_resolution,normalizacion_interna_auditable,usar_para_limpieza_matching_y_expansion_de_grafo_no_para_recomendacion_clinica,media_para_limpieza_no_clinica,true
REL_8803636a18ae77,COMP_589560C8FA22,Vitamin E (mixed tocopherols/tocotrienols),COMP_D4790F9775EF,Vitamin E,RELACION_DE_NORMALIZACION,REFERENCIA_A_COMPONENTE,pagina_o_contexto_sobre_componente,normalizacion_limpieza_o_descomposicion_de_nombre,source_name_points_to_base_component,relacion_derivada_por_normalizacion_conservadora,rule_based_name_resolution,normalizacion_interna_auditable,usar_para_limpieza_matching_y_expansion_de_grafo_no_para_recomendacion_clinica,media_para_limpieza_no_clinica,true
REL_88a33fce0df6ee,COMP_6F313CB0D3CB,Vitamin E (mixed tocotrienols),COMP_D4790F9775EF,Vitamin E,RELACION_DE_NORMALIZACION,VARIANTE_O_FORMA,variante_o_forma_de_componente,normalizacion_limpieza_o_descomposicion_de_nombre,source_name_points_to_base_component,relacion_derivada_por_normalizacion_conservadora,rule_based_name_resolution,normalizacion_interna_auditable,usar_para_limpieza_matching_y_expansion_de_grafo_no_para_recomendacion_clinica,media_para_limpieza_no_clinica,true
REL_d45d4330f00ba5,COMP_43311E1B6113,Vitamin E (mixed tocotrienols/tocopherols),COMP_D4790F9775EF,Vitamin E,RELACION_DE_NORMALIZACION,REFERENCIA_A_COMPONENTE,pagina_o_contexto_sobre_componente,normalizacion_limpieza_o_descomposicion_de_nombre,source_name_points_to_base_component,relacion_derivada_por_normalizacion_conservadora,rule_based_name_resolution,normalizacion_interna_auditable,usar_para_limpieza_matching_y_expansion_de_grafo_no_para_recomendacion_clinica,media_para_limpieza_no_clinica,true
REL_b85c0b8d135b04,COMP_9B0490671E3F,Vitamin E (mixed),COMP_D4790F9775EF,Vitamin E,RELACION_DE_NORMALIZACION,VARIANTE_O_FORMA,variante_o_forma_de_componente,normalizacion_limpieza_o_descomposicion_de_nombre,source_name_points_to_base_component,relacion_derivada_por_normalizacion_conservadora,rule_based_name_resolution,normalizacion_interna_auditable,usar_para_limpieza_matching_y_expansion_de_grafo_no_para_recomendacion_clinica,media_para_limpieza_no_clinica,true
REL_6e5b5175fc1f6b,COMP_B98BF9863118,Vitamin E (mixied tocopherols and tocotrienols),COMP_D4790F9775EF,Vitamin E,RELACION_DE_NORMALIZACION,VARIANTE_O_FORMA,variante_o_forma_de_componente,normalizacion_limpieza_o_descomposicion_de_nombre,source_name_points_to_base_component,relacion_derivada_por_normalizacion_conservadora,rule_based_name_resolution,normalizacion_interna_auditable,usar_para_limpieza_matching_y_expansion_de_grafo_no_para_recomendacion_clinica,media_para_limpieza_no_clinica,true
REL_81f217556970be,COMP_07F4E8E85493,Vitamin E (natural tocopherols),COMP_D4790F9775EF,Vitamin E,RELACION_DE_NORMALIZACION,VARIANTE_O_FORMA,variante_o_forma_de_componente,normalizacion_limpieza_o_descomposicion_de_nombre,source_name_points_to_base_component,relacion_derivada_por_normalizacion_conservadora,rule_based_name_resolution,normalizacion_interna_auditable,usar_para_limpieza_matching_y_expansion_de_grafo_no_para_recomendacion_clinica,media_para_limpieza_no_clinica,true
REL_b96a2fe3c68736,COMP_77F461C2C497,Vitamin E (not specified),COMP_D4790F9775EF,Vitamin E,RELACION_DE_NORMALIZACION,VARIANTE_O_FORMA,variante_o_forma_de_componente,normalizacion_limpieza_o_descomposicion_de_nombre,source_name_points_to_base_component,relacion_derivada_por_normalizacion_conservadora,rule_based_name_resolution,normalizacion_interna_auditable,usar_para_limpieza_matching_y_expansion_de_grafo_no_para_recomendacion_clinica,media_para_limpieza_no_clinica,true
REL_f0f59a85783070,COMP_BD1B8B3552C1,Vitamin E (tocofersolan),COMP_D4790F9775EF,Vitamin E,RELACION_DE_NORMALIZACION,VARIANTE_O_FORMA,variante_o_forma_de_componente,normalizacion_limpieza_o_descomposicion_de_nombre,source_name_points_to_base_component,relacion_derivada_por_normalizacion_conservadora,rule_based_name_resolution,normalizacion_interna_auditable,usar_para_limpieza_matching_y_expansion_de_grafo_no_para_recomendacion_clinica,media_para_limpieza_no_clinica,true
REL_b828f7f68b4b72,COMP_CCA1A75A3D35,Vitamin E (tocopherol ascorbyl palmitate),COMP_D4790F9775EF,Vitamin E,RELACION_DE_NORMALIZACION,VARIANTE_O_FORMA,variante_o_forma_de_componente,normalizacion_limpieza_o_descomposicion_de_nombre,source_name_points_to_base_component,relacion_derivada_por_normalizacion_conservadora,rule_based_name_resolution,normalizacion_interna_auditable,usar_para_limpieza_matching_y_expansion_de_grafo_no_para_recomendacion_clinica,media_para_limpieza_no_clinica,true
REL_b0d35c228141ed,COMP_2287AD21B2B7,Vitamin E (tocopherol not specified),COMP_D4790F9775EF,Vitamin E,RELACION_DE_NORMALIZACION,VARIANTE_O_FORMA,variante_o_forma_de_componente,normalizacion_limpieza_o_descomposicion_de_nombre,source_name_points_to_base_component,relacion_derivada_por_normalizacion_conservadora,rule_based_name_resolution,normalizacion_interna_auditable,usar_para_limpieza_matching_y_expansion_de_grafo_no_para_recomendacion_clinica,media_para_limpieza_no_clinica,true
REL_a1f996ae8ebe5e,COMP_6E946AEACC21,Vitamin E (tocopheryl acetate),COMP_D4790F9775EF,Vitamin E,RELACION_DE_NORMALIZACION,VARIANTE_O_FORMA,variante_o_forma_de_componente,normalizacion_limpieza_o_descomposicion_de_nombre,source_name_points_to_base_component,relacion_derivada_por_normalizacion_conservadora,rule_based_name_resolution,normalizacion_interna_auditable,usar_para_limpieza_matching_y_expansion_de_grafo_no_para_recomendacion_clinica,media_para_limpieza_no_clinica,true
REL_4413a97245fc75,COMP_C06530345E11,Vitamin E (tocopheryl succinate),COMP_D4790F9775EF,Vitamin E,RELACION_DE_NORMALIZACION,VARIANTE_O_FORMA,variante_o_forma_de_componente,normalizacion_limpieza_o_descomposicion_de_nombre,source_name_points_to_base_component,relacion_derivada_por_normalizacion_conservadora,rule_based_name_resolution,normalizacion_interna_auditable,usar_para_limpieza_matching_y_expansion_de_grafo_no_para_recomendacion_clinica,media_para_limpieza_no_clinica,true
REL_7e89fc9208aedd,COMP_0402880D05A3,Vitamin E (tocotrienol unspecified),COMP_D4790F9775EF,Vitamin E,RELACION_DE_NORMALIZACION,VARIANTE_O_FORMA,variante_o_forma_de_componente,normalizacion_limpieza_o_descomposicion_de_nombre,source_name_points_to_base_component,relacion_derivada_por_normalizacion_conservadora,rule_based_name_resolution,normalizacion_interna_auditable,usar_para_limpieza_matching_y_expansion_de_grafo_no_para_recomendacion_clinica,media_para_limpieza_no_clinica,true
REL_825082d0103fd3,COMP_3CA61CAD493D,Vitamin E (tocotrienols),COMP_D4790F9775EF,Vitamin E,RELACION_DE_NORMALIZACION,VARIANTE_O_FORMA,variante_o_forma_de_componente,normalizacion_limpieza_o_descomposicion_de_nombre,source_name_points_to_base_component,relacion_derivada_por_normalizacion_conservadora,rule_based_name_resolution,normalizacion_interna_auditable,usar_para_limpieza_matching_y_expansion_de_grafo_no_para_recomendacion_clinica,media_para_limpieza_no_clinica,true
REL_d2f317314fce1d,COMP_C31870A590FD,Vitamin E (unspecified tocopheryl acetate),COMP_D4790F9775EF,Vitamin E,RELACION_DE_NORMALIZACION,VARIANTE_O_FORMA,variante_o_forma_de_componente,normalizacion_limpieza_o_descomposicion_de_nombre,source_name_points_to_base_component,relacion_derivada_por_normalizacion_conservadora,rule_based_name_resolution,normalizacion_interna_auditable,usar_para_limpieza_matching_y_expansion_de_grafo_no_para_recomendacion_clinica,media_para_limpieza_no_clinica,true
REL_48475340fef674,COMP_B08CFDD796A4,Vitamin E (unspecified),COMP_D4790F9775EF,Vitamin E,RELACION_DE_NORMALIZACION,VARIANTE_O_FORMA,variante_o_forma_de_componente,normalizacion_limpieza_o_descomposicion_de_nombre,source_name_points_to_base_component,relacion_derivada_por_normalizacion_conservadora,rule_based_name_resolution,normalizacion_interna_auditable,usar_para_limpieza_matching_y_expansion_de_grafo_no_para_recomendacion_clinica,media_para_limpieza_no_clinica,true
REL_69c584f401f223,COMP_D4790F9775EF,Vitamin E,COMP_E2EBDB81278D,Vitamin E (vitamin E acetate),RELACION_DE_NORMALIZACION,VARIANTE_O_FORMA,variante_o_forma_de_componente,normalizacion_limpieza_o_descomposicion_de_nombre,source_name_points_to_base_component,relacion_derivada_por_normalizacion_conservadora,rule_based_name_resolution,normalizacion_interna_auditable,usar_para_limpieza_matching_y_expansion_de_grafo_no_para_recomendacion_clinica,media_para_limpieza_no_clinica,true
REL_581c841b8b22ab,COMP_D4790F9775EF,Vitamin E,COMP_D71AA36E83BB,Vitamin E - Adverse effects (PubMed),RELACION_DE_NORMALIZACION,REFERENCIA_A_COMPONENTE,pagina_o_contexto_sobre_componente,normalizacion_limpieza_o_descomposicion_de_nombre,source_name_points_to_base_component,relacion_derivada_por_normalizacion_conservadora,rule_based_name_resolution,normalizacion_interna_auditable,usar_para_limpieza_matching_y_expansion_de_grafo_no_para_recomendacion_clinica,media_para_limpieza_no_clinica,true
REL_73376144a1ca75,COMP_7B681914D6DC,Vitamin E - Clinical trials (PubMed),COMP_D4790F9775EF,Vitamin E,RELACION_DE_NORMALIZACION,REFERENCIA_A_COMPONENTE,pagina_o_contexto_sobre_componente,normalizacion_limpieza_o_descomposicion_de_nombre,source_name_points_to_base_component,relacion_derivada_por_normalizacion_conservadora,rule_based_name_resolution,normalizacion_interna_auditable,usar_para_limpieza_matching_y_expansion_de_grafo_no_para_recomendacion_clinica,media_para_limpieza_no_clinica,true
REL_b2d32df51775a8,COMP_68A0785243B0,Vitamin E - Contraindications (PubMed),COMP_D4790F9775EF,Vitamin E,RELACION_DE_NORMALIZACION,REFERENCIA_A_COMPONENTE,pagina_o_contexto_sobre_componente,normalizacion_limpieza_o_descomposicion_de_nombre,source_name_points_to_base_component,relacion_derivada_por_normalizacion_conservadora,rule_based_name_resolution,normalizacion_interna_auditable,usar_para_limpieza_matching_y_expansion_de_grafo_no_para_recomendacion_clinica,media_para_limpieza_no_clinica,true
REL_4c0153d38107b0,COMP_8654D00EA4E6,Vitamin E - Dietary supplement use in human (PubMed),COMP_D4790F9775EF,Vitamin E,RELACION_DE_NORMALIZACION,REFERENCIA_A_COMPONENTE,pagina_o_contexto_sobre_componente,normalizacion_limpieza_o_descomposicion_de_nombre,source_name_points_to_base_component,relacion_derivada_por_normalizacion_conservadora,rule_based_name_resolution,normalizacion_interna_auditable,usar_para_limpieza_matching_y_expansion_de_grafo_no_para_recomendacion_clinica,media_para_limpieza_no_clinica,true
REL_248b62fdd02e43,COMP_2560525AD08C,Vitamin E - Dose and administration (PubMed),COMP_D4790F9775EF,Vitamin E,RELACION_DE_NORMALIZACION,REFERENCIA_A_COMPONENTE,pagina_o_contexto_sobre_componente,normalizacion_limpieza_o_descomposicion_de_nombre,source_name_points_to_base_component,relacion_derivada_por_normalizacion_conservadora,rule_based_name_resolution,normalizacion_interna_auditable,usar_para_limpieza_matching_y_expansion_de_grafo_no_para_recomendacion_clinica,media_para_limpieza_no_clinica,true
REL_da1ef990c69bda,COMP_CAAFFC46B958,Vitamin E - Kinetics (PubMed),COMP_D4790F9775EF,Vitamin E,RELACION_DE_NORMALIZACION,REFERENCIA_A_COMPONENTE,pagina_o_contexto_sobre_componente,normalizacion_limpieza_o_descomposicion_de_nombre,source_name_points_to_base_component,relacion_derivada_por_normalizacion_conservadora,rule_based_name_resolution,normalizacion_interna_auditable,usar_para_limpieza_matching_y_expansion_de_grafo_no_para_recomendacion_clinica,media_para_limpieza_no_clinica,true
REL_46efffccff46a4,COMP_4D94CBCD8B86,Vitamin E - Mechanism of action (PubMed),COMP_D4790F9775EF,Vitamin E,RELACION_DE_NORMALIZACION,REFERENCIA_A_COMPONENTE,pagina_o_contexto_sobre_componente,normalizacion_limpieza_o_descomposicion_de_nombre,source_name_points_to_base_component,relacion_derivada_por_normalizacion_conservadora,rule_based_name_resolution,normalizacion_interna_auditable,usar_para_limpieza_matching_y_expansion_de_grafo_no_para_recomendacion_clinica,media_para_limpieza_no_clinica,true
REL_04d1dc0a9eebfc,COMP_9D6FE64D02EB,Vitamin E - Poisoning (PubMed),COMP_D4790F9775EF,Vitamin E,RELACION_DE_NORMALIZACION,REFERENCIA_A_COMPONENTE,pagina_o_contexto_sobre_componente,normalizacion_limpieza_o_descomposicion_de_nombre,source_name_points_to_base_component,relacion_derivada_por_normalizacion_conservadora,rule_based_name_resolution,normalizacion_interna_auditable,usar_para_limpieza_matching_y_expansion_de_grafo_no_para_recomendacion_clinica,media_para_limpieza_no_clinica,true
REL_eabbb42f28d462,COMP_64DE5343502D,Vitamin K,COMP_89A461DC22AA,Vitamin K (ClinicalTrials.gov),RELACION_DE_NORMALIZACION,REFERENCIA_A_COMPONENTE,pagina_o_contexto_sobre_componente,normalizacion_limpieza_o_descomposicion_de_nombre,source_name_points_to_base_component,relacion_derivada_por_normalizacion_conservadora,rule_based_name_resolution,normalizacion_interna_auditable,usar_para_limpieza_matching_y_expansion_de_grafo_no_para_recomendacion_clinica,media_para_limpieza_no_clinica,true
REL_a45704e6116cb2,COMP_182AD97EF10F,Vitamin K (MedlinePlus Supplements),COMP_64DE5343502D,Vitamin K,RELACION_DE_NORMALIZACION,REFERENCIA_A_COMPONENTE,pagina_o_contexto_sobre_componente,normalizacion_limpieza_o_descomposicion_de_nombre,source_name_points_to_base_component,relacion_derivada_por_normalizacion_conservadora,rule_based_name_resolution,normalizacion_interna_auditable,usar_para_limpieza_matching_y_expansion_de_grafo_no_para_recomendacion_clinica,media_para_limpieza_no_clinica,true
REL_424b3cb43bbf9b,COMP_1576722A0598,Vitamin K (Mixed),COMP_64DE5343502D,Vitamin K,RELACION_DE_NORMALIZACION,VARIANTE_O_FORMA,variante_o_forma_de_componente,normalizacion_limpieza_o_descomposicion_de_nombre,source_name_points_to_base_component,relacion_derivada_por_normalizacion_conservadora,rule_based_name_resolution,normalizacion_interna_auditable,usar_para_limpieza_matching_y_expansion_de_grafo_no_para_recomendacion_clinica,media_para_limpieza_no_clinica,true
REL_8b79f7c812dd4e,COMP_64DE5343502D,Vitamin K,COMP_7CC62498F527,Vitamin K (Phylloquinone),RELACION_DE_NORMALIZACION,VARIANTE_O_FORMA,variante_o_forma_de_componente,normalizacion_limpieza_o_descomposicion_de_nombre,source_name_points_to_base_component,relacion_derivada_por_normalizacion_conservadora,rule_based_name_resolution,normalizacion_interna_auditable,usar_para_limpieza_matching_y_expansion_de_grafo_no_para_recomendacion_clinica,media_para_limpieza_no_clinica,true
REL_1ecbc2114a5893,COMP_64DE5343502D,Vitamin K,COMP_7ABDD99B444F,Vitamin K (menadione),RELACION_DE_NORMALIZACION,VARIANTE_O_FORMA,variante_o_forma_de_componente,normalizacion_limpieza_o_descomposicion_de_nombre,source_name_points_to_base_component,relacion_derivada_por_normalizacion_conservadora,rule_based_name_resolution,normalizacion_interna_auditable,usar_para_limpieza_matching_y_expansion_de_grafo_no_para_recomendacion_clinica,media_para_limpieza_no_clinica,true
REL_bc9b29dc4d1c6c,COMP_64DE5343502D,Vitamin K,COMP_97E1ACD32D53,Vitamin K (menaquinone),RELACION_DE_NORMALIZACION,VARIANTE_O_FORMA,variante_o_forma_de_componente,normalizacion_limpieza_o_descomposicion_de_nombre,source_name_points_to_base_component,relacion_derivada_por_normalizacion_conservadora,rule_based_name_resolution,normalizacion_interna_auditable,usar_para_limpieza_matching_y_expansion_de_grafo_no_para_recomendacion_clinica,media_para_limpieza_no_clinica,true
REL_84930621b0c7ae,COMP_64DE5343502D,Vitamin K,COMP_FDF597D3A1E4,Vitamin K (unspecified),RELACION_DE_NORMALIZACION,VARIANTE_O_FORMA,variante_o_forma_de_componente,normalizacion_limpieza_o_descomposicion_de_nombre,source_name_points_to_base_component,relacion_derivada_por_normalizacion_conservadora,rule_based_name_resolution,normalizacion_interna_auditable,usar_para_limpieza_matching_y_expansion_de_grafo_no_para_recomendacion_clinica,media_para_limpieza_no_clinica,true
REL_716e650778449c,COMP_64DE5343502D,Vitamin K,COMP_9C09E2A9DB4D,Vitamin K - Adverse effects (PubMed),RELACION_DE_NORMALIZACION,REFERENCIA_A_COMPONENTE,pagina_o_contexto_sobre_componente,normalizacion_limpieza_o_descomposicion_de_nombre,source_name_points_to_base_component,relacion_derivada_por_normalizacion_conservadora,rule_based_name_resolution,normalizacion_interna_auditable,usar_para_limpieza_matching_y_expansion_de_grafo_no_para_recomendacion_clinica,media_para_limpieza_no_clinica,true
REL_d6402e39045ffa,COMP_64DE5343502D,Vitamin K,COMP_9D45C71F1419,Vitamin K - Clinical trials (PubMed),RELACION_DE_NORMALIZACION,REFERENCIA_A_COMPONENTE,pagina_o_contexto_sobre_componente,normalizacion_limpieza_o_descomposicion_de_nombre,source_name_points_to_base_component,relacion_derivada_por_normalizacion_conservadora,rule_based_name_resolution,normalizacion_interna_auditable,usar_para_limpieza_matching_y_expansion_de_grafo_no_para_recomendacion_clinica,media_para_limpieza_no_clinica,true
REL_fd0625ad377d48,COMP_64DE5343502D,Vitamin K,COMP_BA78ACACB683,Vitamin K - Contraindications (PubMed),RELACION_DE_NORMALIZACION,REFERENCIA_A_COMPONENTE,pagina_o_contexto_sobre_componente,normalizacion_limpieza_o_descomposicion_de_nombre,source_name_points_to_base_component,relacion_derivada_por_normalizacion_conservadora,rule_based_name_resolution,normalizacion_interna_auditable,usar_para_limpieza_matching_y_expansion_de_grafo_no_para_recomendacion_clinica,media_para_limpieza_no_clinica,true
REL_21d0c980682079,COMP_64DE5343502D,Vitamin K,COMP_A6E9CED532AB,Vitamin K - Dietary supplement use in human (PubMed),RELACION_DE_NORMALIZACION,REFERENCIA_A_COMPONENTE,pagina_o_contexto_sobre_componente,normalizacion_limpieza_o_descomposicion_de_nombre,source_name_points_to_base_component,relacion_derivada_por_normalizacion_conservadora,rule_based_name_resolution,normalizacion_interna_auditable,usar_para_limpieza_matching_y_expansion_de_grafo_no_para_recomendacion_clinica,media_para_limpieza_no_clinica,true
REL_d3653d937efb44,COMP_64DE5343502D,Vitamin K,COMP_F91E779E1766,Vitamin K - Dose and administration (PubMed),RELACION_DE_NORMALIZACION,REFERENCIA_A_COMPONENTE,pagina_o_contexto_sobre_componente,normalizacion_limpieza_o_descomposicion_de_nombre,source_name_points_to_base_component,relacion_derivada_por_normalizacion_conservadora,rule_based_name_resolution,normalizacion_interna_auditable,usar_para_limpieza_matching_y_expansion_de_grafo_no_para_recomendacion_clinica,media_para_limpieza_no_clinica,true
REL_115954e3c19aa3,COMP_64DE5343502D,Vitamin K,COMP_B60F9A93E5E9,Vitamin K - Kinetics (PubMed),RELACION_DE_NORMALIZACION,REFERENCIA_A_COMPONENTE,pagina_o_contexto_sobre_componente,normalizacion_limpieza_o_descomposicion_de_nombre,source_name_points_to_base_component,relacion_derivada_por_normalizacion_conservadora,rule_based_name_resolution,normalizacion_interna_auditable,usar_para_limpieza_matching_y_expansion_de_grafo_no_para_recomendacion_clinica,media_para_limpieza_no_clinica,true
REL_f1fe11c4388f23,COMP_64DE5343502D,Vitamin K,COMP_A122A281C971,Vitamin K - Mechanism of action (PubMed),RELACION_DE_NORMALIZACION,REFERENCIA_A_COMPONENTE,pagina_o_contexto_sobre_componente,normalizacion_limpieza_o_descomposicion_de_nombre,source_name_points_to_base_component,relacion_derivada_por_normalizacion_conservadora,rule_based_name_resolution,normalizacion_interna_auditable,usar_para_limpieza_matching_y_expansion_de_grafo_no_para_recomendacion_clinica,media_para_limpieza_no_clinica,true
REL_cf0e7f8bd02768,COMP_2FE54CF8A7BD,Vitamin K - Poisoning (PubMed),COMP_64DE5343502D,Vitamin K,RELACION_DE_NORMALIZACION,REFERENCIA_A_COMPONENTE,pagina_o_contexto_sobre_componente,normalizacion_limpieza_o_descomposicion_de_nombre,source_name_points_to_base_component,relacion_derivada_por_normalizacion_conservadora,rule_based_name_resolution,normalizacion_interna_auditable,usar_para_limpieza_matching_y_expansion_de_grafo_no_para_recomendacion_clinica,media_para_limpieza_no_clinica,true
REL_3e26f77df06890,COMP_90C4121BAE0C,Vitamin A,COMP_FA5AA7C0E429,Vitamin and Mineral Fact Sheets,RELACION_DE_NORMALIZACION,REFERENCIA_A_COMPONENTE,pagina_o_contexto_sobre_componente,normalizacion_limpieza_o_descomposicion_de_nombre,source_name_points_to_base_component,relacion_derivada_por_normalizacion_conservadora,rule_based_name_resolution,normalizacion_interna_auditable,usar_para_limpieza_matching_y_expansion_de_grafo_no_para_recomendacion_clinica,media_para_limpieza_no_clinica,true
REL_5d7454a2af77ea,COMP_02129A49570D,calcium beta-hydroxy-beta-methylbutyrate,COMP_275450118D60,Calcium,RELACION_DE_NORMALIZACION,NORMALIZACION_COMPONENTE,normalizacion_a_componente_base,normalizacion_limpieza_o_descomposicion_de_nombre,source_name_points_to_base_component,relacion_derivada_por_normalizacion_conservadora,rule_based_name_resolution,normalizacion_interna_auditable,usar_para_limpieza_matching_y_expansion_de_grafo_no_para_recomendacion_clinica,media_para_limpieza_no_clinica,true
REL_751a369c999ff4,COMP_562B8FADBFA2,copper citrate,COMP_9C5C72058DB1,Copper,RELACION_DE_NORMALIZACION,NORMALIZACION_COMPONENTE,normalizacion_a_componente_base,normalizacion_limpieza_o_descomposicion_de_nombre,source_name_points_to_base_component,relacion_derivada_por_normalizacion_conservadora,rule_based_name_resolution,normalizacion_interna_auditable,usar_para_limpieza_matching_y_expansion_de_grafo_no_para_recomendacion_clinica,media_para_limpieza_no_clinica,true
REL_22eb8b8a05c73d,COMP_BB2F708BF799,Potassium,COMP_C6E756F4FDA2,dipotassium phosphate,RELACION_DE_NORMALIZACION,NORMALIZACION_COMPONENTE,normalizacion_a_componente_base,normalizacion_limpieza_o_descomposicion_de_nombre,source_name_points_to_base_component,relacion_derivada_por_normalizacion_conservadora,rule_based_name_resolution,normalizacion_interna_auditable,usar_para_limpieza_matching_y_expansion_de_grafo_no_para_recomendacion_clinica,media_para_limpieza_no_clinica,true
REL_19303d4e10c118,COMP_7644CB8628A7,flavan-3-ols,COMP_84E0A39D2B3F,flavan-3-ols - Clinical trials (PubMed),RELACION_DE_NORMALIZACION,REFERENCIA_A_COMPONENTE,pagina_o_contexto_sobre_componente,normalizacion_limpieza_o_descomposicion_de_nombre,source_name_points_to_base_component,relacion_derivada_por_normalizacion_conservadora,rule_based_name_resolution,normalizacion_interna_auditable,usar_para_limpieza_matching_y_expansion_de_grafo_no_para_recomendacion_clinica,media_para_limpieza_no_clinica,true
REL_07c837751fbe26,COMP_7644CB8628A7,flavan-3-ols,COMP_E53815F4C1C8,flavan-3-ols - Dietary supplement use in human (PubMed),RELACION_DE_NORMALIZACION,REFERENCIA_A_COMPONENTE,pagina_o_contexto_sobre_componente,normalizacion_limpieza_o_descomposicion_de_nombre,source_name_points_to_base_component,relacion_derivada_por_normalizacion_conservadora,rule_based_name_resolution,normalizacion_interna_auditable,usar_para_limpieza_matching_y_expansion_de_grafo_no_para_recomendacion_clinica,media_para_limpieza_no_clinica,true
REL_e31da120c2ad3c,COMP_7644CB8628A7,flavan-3-ols,COMP_CC338A58401F,flavan-3-ols - Dose and administration (PubMed),RELACION_DE_NORMALIZACION,REFERENCIA_A_COMPONENTE,pagina_o_contexto_sobre_componente,normalizacion_limpieza_o_descomposicion_de_nombre,source_name_points_to_base_component,relacion_derivada_por_normalizacion_conservadora,rule_based_name_resolution,normalizacion_interna_auditable,usar_para_limpieza_matching_y_expansion_de_grafo_no_para_recomendacion_clinica,media_para_limpieza_no_clinica,true
REL_6c62e334ea5406,COMP_7644CB8628A7,flavan-3-ols,COMP_B84EF9970045,flavan-3-ols - Kinetics (PubMed),RELACION_DE_NORMALIZACION,REFERENCIA_A_COMPONENTE,pagina_o_contexto_sobre_componente,normalizacion_limpieza_o_descomposicion_de_nombre,source_name_points_to_base_component,relacion_derivada_por_normalizacion_conservadora,rule_based_name_resolution,normalizacion_interna_auditable,usar_para_limpieza_matching_y_expansion_de_grafo_no_para_recomendacion_clinica,media_para_limpieza_no_clinica,true
REL_cf5ee07678c68d,COMP_7644CB8628A7,flavan-3-ols,COMP_E6EFFFEA86D2,flavan-3-ols - Mechanism of action (PubMed),RELACION_DE_NORMALIZACION,REFERENCIA_A_COMPONENTE,pagina_o_contexto_sobre_componente,normalizacion_limpieza_o_descomposicion_de_nombre,source_name_points_to_base_component,relacion_derivada_por_normalizacion_conservadora,rule_based_name_resolution,normalizacion_interna_auditable,usar_para_limpieza_matching_y_expansion_de_grafo_no_para_recomendacion_clinica,media_para_limpieza_no_clinica,true
REL_3b11fb8f26e56b,COMP_0E90F4E1901E,magnesium glycerophosphate,COMP_83336712C554,Magnesium,RELACION_DE_NORMALIZACION,NORMALIZACION_COMPONENTE,normalizacion_a_componente_base,normalizacion_limpieza_o_descomposicion_de_nombre,source_name_points_to_base_component,relacion_derivada_por_normalizacion_conservadora,rule_based_name_resolution,normalizacion_interna_auditable,usar_para_limpieza_matching_y_expansion_de_grafo_no_para_recomendacion_clinica,media_para_limpieza_no_clinica,true
REL_fe718d3fa5116a,COMP_83336712C554,Magnesium,COMP_B34430AC434D,magnesium phosphate,RELACION_DE_NORMALIZACION,NORMALIZACION_COMPONENTE,normalizacion_a_componente_base,normalizacion_limpieza_o_descomposicion_de_nombre,source_name_points_to_base_component,relacion_derivada_por_normalizacion_conservadora,rule_based_name_resolution,normalizacion_interna_auditable,usar_para_limpieza_matching_y_expansion_de_grafo_no_para_recomendacion_clinica,media_para_limpieza_no_clinica,true
REL_571f47176500f9,COMP_586F3B3DE0F3,Riboflavin,COMP_E14EDE2992EB,riboflavin phosphate,RELACION_DE_NORMALIZACION,NORMALIZACION_COMPONENTE,normalizacion_a_componente_base,normalizacion_limpieza_o_descomposicion_de_nombre,source_name_points_to_base_component,relacion_derivada_por_normalizacion_conservadora,rule_based_name_resolution,normalizacion_interna_auditable,usar_para_limpieza_matching_y_expansion_de_grafo_no_para_recomendacion_clinica,media_para_limpieza_no_clinica,true
REL_7ad6ff193d10b9,COMP_032357BB73D3,1-androsterone,COMP_60A476CDB0BB,7-oxo-DHEA,RELACION_FUNCIONAL,REVISION_PRIORITARIA,patron_esteroidal_hormonal_revision,patron_quimico_esteroidal_u_hormonal,familia_quimica_por_patron_textual_con_ancla,relacion_funcional_por_patron_quimico_nombre,rule_based_chemical_name_pattern,baja_confianza_para_clinica_util_para_revision,usar_para_priorizar_revision_no_para_recomendacion_clinica,baja_para_recomendacion_media_para_agrupacion_quimica,true
REL_33ee11e1b2d865,COMP_032357BB73D3,1-androsterone,COMP_E518EA157DDD,Androsterone 3-Acetate,RELACION_FUNCIONAL,REVISION_PRIORITARIA,patron_esteroidal_hormonal_revision,patron_quimico_esteroidal_u_hormonal,familia_quimica_por_patron_textual_con_ancla,relacion_funcional_por_patron_quimico_nombre,rule_based_chemical_name_pattern,baja_confianza_para_clinica_util_para_revision,usar_para_priorizar_revision_no_para_recomendacion_clinica,baja_para_recomendacion_media_para_agrupacion_quimica,true
REL_be12736da8161f,COMP_60A476CDB0BB,7-oxo-DHEA,COMP_E518EA157DDD,Androsterone 3-Acetate,RELACION_FUNCIONAL,REVISION_PRIORITARIA,patron_esteroidal_hormonal_revision,patron_quimico_esteroidal_u_hormonal,familia_quimica_por_patron_textual_con_ancla,relacion_funcional_por_patron_quimico_nombre,rule_based_chemical_name_pattern,baja_confianza_para_clinica_util_para_revision,usar_para_priorizar_revision_no_para_recomendacion_clinica,baja_para_recomendacion_media_para_agrupacion_quimica,true
REL_ac92ae8b39c121,COMP_032357BB73D3,1-androsterone,COMP_EF900489A5EB,""" 7a-methyl-estr-4-en-3,17-dione""",RELACION_FUNCIONAL,REVISION_PRIORITARIA,patron_esteroidal_hormonal_revision,patron_quimico_esteroidal_u_hormonal,familia_quimica_por_patron_textual_con_ancla,relacion_funcional_por_patron_quimico_nombre,rule_based_chemical_name_pattern,baja_confianza_para_clinica_util_para_revision,usar_para_priorizar_revision_no_para_recomendacion_clinica,baja_para_recomendacion_media_para_agrupacion_quimica,true
REL_89311fa9771279,COMP_60A476CDB0BB,7-oxo-DHEA,COMP_EF900489A5EB,""" 7a-methyl-estr-4-en-3,17-dione""",RELACION_FUNCIONAL,REVISION_PRIORITARIA,patron_esteroidal_hormonal_revision,patron_quimico_esteroidal_u_hormonal,familia_quimica_por_patron_textual_con_ancla,relacion_funcional_por_patron_quimico_nombre,rule_based_chemical_name_pattern,baja_confianza_para_clinica_util_para_revision,usar_para_priorizar_revision_no_para_recomendacion_clinica,baja_para_recomendacion_media_para_agrupacion_quimica,true
REL_31596a1faa121a,COMP_032357BB73D3,1-androsterone,COMP_CB17A61AB6AC,"""(25)-D-Spirosta-3,5-Diene""",RELACION_FUNCIONAL,REVISION_PRIORITARIA,patron_esteroidal_hormonal_revision,patron_quimico_esteroidal_u_hormonal,familia_quimica_por_patron_textual_con_ancla,relacion_funcional_por_patron_quimico_nombre,rule_based_chemical_name_pattern,baja_confianza_para_clinica_util_para_revision,usar_para_priorizar_revision_no_para_recomendacion_clinica,baja_para_recomendacion_media_para_agrupacion_quimica,true
REL_426b62a04f5490,COMP_60A476CDB0BB,7-oxo-DHEA,COMP_CB17A61AB6AC,"""(25)-D-Spirosta-3,5-Diene""",RELACION_FUNCIONAL,REVISION_PRIORITARIA,patron_esteroidal_hormonal_revision,patron_quimico_esteroidal_u_hormonal,familia_quimica_por_patron_textual_con_ancla,relacion_funcional_por_patron_quimico_nombre,rule_based_chemical_name_pattern,baja_confianza_para_clinica_util_para_revision,usar_para_priorizar_revision_no_para_recomendacion_clinica,baja_para_recomendacion_media_para_agrupacion_quimica,true
REL_803f59a750a1d1,COMP_032357BB73D3,1-androsterone,COMP_6EC4D276E7DF,"""13-Ethyl-3-Methoxy-Gona-2,5(10)-Diene-17-One""",RELACION_FUNCIONAL,REVISION_PRIORITARIA,patron_esteroidal_hormonal_revision,patron_quimico_esteroidal_u_hormonal,familia_quimica_por_patron_textual_con_ancla,relacion_funcional_por_patron_quimico_nombre,rule_based_chemical_name_pattern,baja_confianza_para_clinica_util_para_revision,usar_para_priorizar_revision_no_para_recomendacion_clinica,baja_para_recomendacion_media_para_agrupacion_quimica,true
REL_f3dba74b2249f2,COMP_60A476CDB0BB,7-oxo-DHEA,COMP_6EC4D276E7DF,"""13-Ethyl-3-Methoxy-Gona-2,5(10)-Diene-17-One""",RELACION_FUNCIONAL,REVISION_PRIORITARIA,patron_esteroidal_hormonal_revision,patron_quimico_esteroidal_u_hormonal,familia_quimica_por_patron_textual_con_ancla,relacion_funcional_por_patron_quimico_nombre,rule_based_chemical_name_pattern,baja_confianza_para_clinica_util_para_revision,usar_para_priorizar_revision_no_para_recomendacion_clinica,baja_para_recomendacion_media_para_agrupacion_quimica,true
REL_0066dee9df90a7,COMP_032357BB73D3,1-androsterone,COMP_B865AEEE5517,"""17 beta-[1-ketoethyl]-androstane-3-one,17a-ol""",RELACION_FUNCIONAL,REVISION_PRIORITARIA,patron_esteroidal_hormonal_revision,patron_quimico_esteroidal_u_hormonal,familia_quimica_por_patron_textual_con_ancla,relacion_funcional_por_patron_quimico_nombre,rule_based_chemical_name_pattern,baja_confianza_para_clinica_util_para_revision,usar_para_priorizar_revision_no_para_recomendacion_clinica,baja_para_recomendacion_media_para_agrupacion_quimica,true
REL_d47a0c91e07fad,COMP_60A476CDB0BB,7-oxo-DHEA,COMP_B865AEEE5517,"""17 beta-[1-ketoethyl]-androstane-3-one,17a-ol""",RELACION_FUNCIONAL,REVISION_PRIORITARIA,patron_esteroidal_hormonal_revision,patron_quimico_esteroidal_u_hormonal,familia_quimica_por_patron_textual_con_ancla,relacion_funcional_por_patron_quimico_nombre,rule_based_chemical_name_pattern,baja_confianza_para_clinica_util_para_revision,usar_para_priorizar_revision_no_para_recomendacion_clinica,baja_para_recomendacion_media_para_agrupacion_quimica,true
REL_8b42d35c4917f5,COMP_032357BB73D3,1-androsterone,COMP_11DAE03ADC5E,"""17 beta-hydroxy 2 alpha,17beta-dimethyl 5 alpha-androstan 3-one azine""",RELACION_FUNCIONAL,REVISION_PRIORITARIA,patron_esteroidal_hormonal_revision,patron_quimico_esteroidal_u_hormonal,familia_quimica_por_patron_textual_con_ancla,relacion_funcional_por_patron_quimico_nombre,rule_based_chemical_name_pattern,baja_confianza_para_clinica_util_para_revision,usar_para_priorizar_revision_no_para_recomendacion_clinica,baja_para_recomendacion_media_para_agrupacion_quimica,true
REL_f06ceae449a494,COMP_11DAE03ADC5E,"""17 beta-hydroxy 2 alpha,17beta-dimethyl 5 alpha-androstan 3-one azine""",COMP_60A476CDB0BB,7-oxo-DHEA,RELACION_FUNCIONAL,REVISION_PRIORITARIA,patron_esteroidal_hormonal_revision,patron_quimico_esteroidal_u_hormonal,familia_quimica_por_patron_textual_con_ancla,relacion_funcional_por_patron_quimico_nombre,rule_based_chemical_name_pattern,baja_confianza_para_clinica_util_para_revision,usar_para_priorizar_revision_no_para_recomendacion_clinica,baja_para_recomendacion_media_para_agrupacion_quimica,true
REL_ecdaf703a16b59,COMP_032357BB73D3,1-androsterone,COMP_3D148658FEFB,"""17b-hydroxy-2a,17b-dimethyl-5a-androstan-3-one-azine""",RELACION_FUNCIONAL,REVISION_PRIORITARIA,patron_esteroidal_hormonal_revision,patron_quimico_esteroidal_u_hormonal,familia_quimica_por_patron_textual_con_ancla,relacion_funcional_por_patron_quimico_nombre,rule_based_chemical_name_pattern,baja_confianza_para_clinica_util_para_revision,usar_para_priorizar_revision_no_para_recomendacion_clinica,baja_para_recomendacion_media_para_agrupacion_quimica,true
REL_ae8bc71ff5d7be,COMP_3D148658FEFB,"""17b-hydroxy-2a,17b-dimethyl-5a-androstan-3-one-azine""",COMP_60A476CDB0BB,7-oxo-DHEA,RELACION_FUNCIONAL,REVISION_PRIORITARIA,patron_esteroidal_hormonal_revision,patron_quimico_esteroidal_u_hormonal,familia_quimica_por_patron_textual_con_ancla,relacion_funcional_por_patron_quimico_nombre,rule_based_chemical_name_pattern,baja_confianza_para_clinica_util_para_revision,usar_para_priorizar_revision_no_para_recomendacion_clinica,baja_para_recomendacion_media_para_agrupacion_quimica,true
REL_5a3333eb466116,COMP_032357BB73D3,1-androsterone,COMP_7F133F411ECB,"""17beta-(1-ketoethyl)-androstane-3-one, 17a-ol""",RELACION_FUNCIONAL,REVISION_PRIORITARIA,patron_esteroidal_hormonal_revision,patron_quimico_esteroidal_u_hormonal,familia_quimica_por_patron_textual_con_ancla,relacion_funcional_por_patron_quimico_nombre,rule_based_chemical_name_pattern,baja_confianza_para_clinica_util_para_revision,usar_para_priorizar_revision_no_para_recomendacion_clinica,baja_para_recomendacion_media_para_agrupacion_quimica,true
REL_c929f1c062feca,COMP_60A476CDB0BB,7-oxo-DHEA,COMP_7F133F411ECB,"""17beta-(1-ketoethyl)-androstane-3-one, 17a-ol""",RELACION_FUNCIONAL,REVISION_PRIORITARIA,patron_esteroidal_hormonal_revision,patron_quimico_esteroidal_u_hormonal,familia_quimica_por_patron_textual_con_ancla,relacion_funcional_por_patron_quimico_nombre,rule_based_chemical_name_pattern,baja_confianza_para_clinica_util_para_revision,usar_para_priorizar_revision_no_para_recomendacion_clinica,baja_para_recomendacion_media_para_agrupacion_quimica,true
REL_9f36daa7ac2bf7,COMP_032357BB73D3,1-androsterone,COMP_1BF96B3C78FF,"""17beta-[{1-Ketoethyl}-androsta-1, 4-diene-3-one,17a-ol]""",RELACION_FUNCIONAL,REVISION_PRIORITARIA,patron_esteroidal_hormonal_revision,patron_quimico_esteroidal_u_hormonal,familia_quimica_por_patron_textual_con_ancla,relacion_funcional_por_patron_quimico_nombre,rule_based_chemical_name_pattern,baja_confianza_para_clinica_util_para_revision,usar_para_priorizar_revision_no_para_recomendacion_clinica,baja_para_recomendacion_media_para_agrupacion_quimica,true
REL_75e93266897b7f,COMP_1BF96B3C78FF,"""17beta-[{1-Ketoethyl}-androsta-1, 4-diene-3-one,17a-ol]""",COMP_60A476CDB0BB,7-oxo-DHEA,RELACION_FUNCIONAL,REVISION_PRIORITARIA,patron_esteroidal_hormonal_revision,patron_quimico_esteroidal_u_hormonal,familia_quimica_por_patron_textual_con_ancla,relacion_funcional_por_patron_quimico_nombre,rule_based_chemical_name_pattern,baja_confianza_para_clinica_util_para_revision,usar_para_priorizar_revision_no_para_recomendacion_clinica,baja_para_recomendacion_media_para_agrupacion_quimica,true
REL_77cfb1d5b191ab,COMP_032357BB73D3,1-androsterone,COMP_D9B8883E9215,"""17beta-hydroxy 2alpha,17alpha-dimethyl 5alpha-androstan 3-one azine""",RELACION_FUNCIONAL,REVISION_PRIORITARIA,patron_esteroidal_hormonal_revision,patron_quimico_esteroidal_u_hormonal,familia_quimica_por_patron_textual_con_ancla,relacion_funcional_por_patron_quimico_nombre,rule_based_chemical_name_pattern,baja_confianza_para_clinica_util_para_revision,usar_para_priorizar_revision_no_para_recomendacion_clinica,baja_para_recomendacion_media_para_agrupacion_quimica,true
REL_d3cff4ccd90fc1,COMP_60A476CDB0BB,7-oxo-DHEA,COMP_D9B8883E9215,"""17beta-hydroxy 2alpha,17alpha-dimethyl 5alpha-androstan 3-one azine""",RELACION_FUNCIONAL,REVISION_PRIORITARIA,patron_esteroidal_hormonal_revision,patron_quimico_esteroidal_u_hormonal,familia_quimica_por_patron_textual_con_ancla,relacion_funcional_por_patron_quimico_nombre,rule_based_chemical_name_pattern,baja_confianza_para_clinica_util_para_revision,usar_para_priorizar_revision_no_para_recomendacion_clinica,baja_para_recomendacion_media_para_agrupacion_quimica,true
REL_9a5da4c2038ad9,COMP_032357BB73D3,1-androsterone,COMP_B82955653BC4,"""2, 17a-dimethyl-17b-hydroxy-5a-androst-2-ene""",RELACION_FUNCIONAL,REVISION_PRIORITARIA,patron_esteroidal_hormonal_revision,patron_quimico_esteroidal_u_hormonal,familia_quimica_por_patron_textual_con_ancla,relacion_funcional_por_patron_quimico_nombre,rule_based_chemical_name_pattern,baja_confianza_para_clinica_util_para_revision,usar_para_priorizar_revision_no_para_recomendacion_clinica,baja_para_recomendacion_media_para_agrupacion_quimica,true
REL_51c1ca65b293b2,COMP_60A476CDB0BB,7-oxo-DHEA,COMP_B82955653BC4,"""2, 17a-dimethyl-17b-hydroxy-5a-androst-2-ene""",RELACION_FUNCIONAL,REVISION_PRIORITARIA,patron_esteroidal_hormonal_revision,patron_quimico_esteroidal_u_hormonal,familia_quimica_por_patron_textual_con_ancla,relacion_funcional_por_patron_quimico_nombre,rule_based_chemical_name_pattern,baja_confianza_para_clinica_util_para_revision,usar_para_priorizar_revision_no_para_recomendacion_clinica,baja_para_recomendacion_media_para_agrupacion_quimica,true
REL_c75442404b96e6,COMP_032357BB73D3,1-androsterone,COMP_AEC04D1E6AAB,"""2, 17a-dimethyl-17b-hydroxy-5a-androstan-1-ene-3-one""",RELACION_FUNCIONAL,REVISION_PRIORITARIA,patron_esteroidal_hormonal_revision,patron_quimico_esteroidal_u_hormonal,familia_quimica_por_patron_textual_con_ancla,relacion_funcional_por_patron_quimico_nombre,rule_based_chemical_name_pattern,baja_confianza_para_clinica_util_para_revision,usar_para_priorizar_revision_no_para_recomendacion_clinica,baja_para_recomendacion_media_para_agrupacion_quimica,true
REL_7065369cd7c0b3,COMP_60A476CDB0BB,7-oxo-DHEA,COMP_AEC04D1E6AAB,"""2, 17a-dimethyl-17b-hydroxy-5a-androstan-1-ene-3-one""",RELACION_FUNCIONAL,REVISION_PRIORITARIA,patron_esteroidal_hormonal_revision,patron_quimico_esteroidal_u_hormonal,familia_quimica_por_patron_textual_con_ancla,relacion_funcional_por_patron_quimico_nombre,rule_based_chemical_name_pattern,baja_confianza_para_clinica_util_para_revision,usar_para_priorizar_revision_no_para_recomendacion_clinica,baja_para_recomendacion_media_para_agrupacion_quimica,true
REL_58807589f98f6d,COMP_032357BB73D3,1-androsterone,COMP_859921AA1CA1,"""25-d-spirosta-3, 5-diene""",RELACION_FUNCIONAL,REVISION_PRIORITARIA,patron_esteroidal_hormonal_revision,patron_quimico_esteroidal_u_hormonal,familia_quimica_por_patron_textual_con_ancla,relacion_funcional_por_patron_quimico_nombre,rule_based_chemical_name_pattern,baja_confianza_para_clinica_util_para_revision,usar_para_priorizar_revision_no_para_recomendacion_clinica,baja_para_recomendacion_media_para_agrupacion_quimica,true
REL_77dad36b96c19e,COMP_60A476CDB0BB,7-oxo-DHEA,COMP_859921AA1CA1,"""25-d-spirosta-3, 5-diene""",RELACION_FUNCIONAL,REVISION_PRIORITARIA,patron_esteroidal_hormonal_revision,patron_quimico_esteroidal_u_hormonal,familia_quimica_por_patron_textual_con_ancla,relacion_funcional_por_patron_quimico_nombre,rule_based_chemical_name_pattern,baja_confianza_para_clinica_util_para_revision,usar_para_priorizar_revision_no_para_recomendacion_clinica,baja_para_recomendacion_media_para_agrupacion_quimica,true
REL_e85c18045f0564,COMP_032357BB73D3,1-androsterone,COMP_47019D83579C,"""26-diol, 5 alpha-furostan-12-one-3 beta, 22, 26-triol""",RELACION_FUNCIONAL,REVISION_PRIORITARIA,patron_esteroidal_hormonal_revision,patron_quimico_esteroidal_u_hormonal,familia_quimica_por_patron_textual_con_ancla,relacion_funcional_por_patron_quimico_nombre,rule_based_chemical_name_pattern,baja_confianza_para_clinica_util_para_revision,usar_para_priorizar_revision_no_para_recomendacion_clinica,baja_para_recomendacion_media_para_agrupacion_quimica,true
REL_51667d8fb65fc6,COMP_47019D83579C,"""26-diol, 5 alpha-furostan-12-one-3 beta, 22, 26-triol""",COMP_60A476CDB0BB,7-oxo-DHEA,RELACION_FUNCIONAL,REVISION_PRIORITARIA,patron_esteroidal_hormonal_revision,patron_quimico_esteroidal_u_hormonal,familia_quimica_por_patron_textual_con_ancla,relacion_funcional_por_patron_quimico_nombre,rule_based_chemical_name_pattern,baja_confianza_para_clinica_util_para_revision,usar_para_priorizar_revision_no_para_recomendacion_clinica,baja_para_recomendacion_media_para_agrupacion_quimica,true
REL_1603004f4458cd,COMP_032357BB73D3,1-androsterone,COMP_8C8FA56FFE5D,"""2a, 17a -dimethyl-5a androstan, 17b-ol 3, 3-azine""",RELACION_FUNCIONAL,REVISION_PRIORITARIA,patron_esteroidal_hormonal_revision,patron_quimico_esteroidal_u_hormonal,familia_quimica_por_patron_textual_con_ancla,relacion_funcional_por_patron_quimico_nombre,rule_based_chemical_name_pattern,baja_confianza_para_clinica_util_para_revision,usar_para_priorizar_revision_no_para_recomendacion_clinica,baja_para_recomendacion_media_para_agrupacion_quimica,true
REL_dfaf76a9b940b8,COMP_60A476CDB0BB,7-oxo-DHEA,COMP_8C8FA56FFE5D,"""2a, 17a -dimethyl-5a androstan, 17b-ol 3, 3-azine""",RELACION_FUNCIONAL,REVISION_PRIORITARIA,patron_esteroidal_hormonal_revision,patron_quimico_esteroidal_u_hormonal,familia_quimica_por_patron_textual_con_ancla,relacion_funcional_por_patron_quimico_nombre,rule_based_chemical_name_pattern,baja_confianza_para_clinica_util_para_revision,usar_para_priorizar_revision_no_para_recomendacion_clinica,baja_para_recomendacion_media_para_agrupacion_quimica,true
REL_fe8e1757ab298f,COMP_032357BB73D3,1-androsterone,COMP_E7487593A8CA,"""2a, 17a-dimethyl-17b-hydroxy-5a-androstan-3-one""",RELACION_FUNCIONAL,REVISION_PRIORITARIA,patron_esteroidal_hormonal_revision,patron_quimico_esteroidal_u_hormonal,familia_quimica_por_patron_textual_con_ancla,relacion_funcional_por_patron_quimico_nombre,rule_based_chemical_name_pattern,baja_confianza_para_clinica_util_para_revision,usar_para_priorizar_revision_no_para_recomendacion_clinica,baja_para_recomendacion_media_para_agrupacion_quimica,true
REL_e6a17eea6c3dba,COMP_60A476CDB0BB,7-oxo-DHEA,COMP_E7487593A8CA,"""2a, 17a-dimethyl-17b-hydroxy-5a-androstan-3-one""",RELACION_FUNCIONAL,REVISION_PRIORITARIA,patron_esteroidal_hormonal_revision,patron_quimico_esteroidal_u_hormonal,familia_quimica_por_patron_textual_con_ancla,relacion_funcional_por_patron_quimico_nombre,rule_based_chemical_name_pattern,baja_confianza_para_clinica_util_para_revision,usar_para_priorizar_revision_no_para_recomendacion_clinica,baja_para_recomendacion_media_para_agrupacion_quimica,true
REL_93763e8b093f6a,COMP_032357BB73D3,1-androsterone,COMP_FF8A02ED51F7,"""4-Androstene-3,6,17-trione""",RELACION_FUNCIONAL,REVISION_PRIORITARIA,patron_esteroidal_hormonal_revision,patron_quimico_esteroidal_u_hormonal,familia_quimica_por_patron_textual_con_ancla,relacion_funcional_por_patron_quimico_nombre,rule_based_chemical_name_pattern,baja_confianza_para_clinica_util_para_revision,usar_para_priorizar_revision_no_para_recomendacion_clinica,baja_para_recomendacion_media_para_agrupacion_quimica,true
REL_b3cba13d0517b5,COMP_60A476CDB0BB,7-oxo-DHEA,COMP_FF8A02ED51F7,"""4-Androstene-3,6,17-trione""",RELACION_FUNCIONAL,REVISION_PRIORITARIA,patron_esteroidal_hormonal_revision,patron_quimico_esteroidal_u_hormonal,familia_quimica_por_patron_textual_con_ancla,relacion_funcional_por_patron_quimico_nombre,rule_based_chemical_name_pattern,baja_confianza_para_clinica_util_para_revision,usar_para_priorizar_revision_no_para_recomendacion_clinica,baja_para_recomendacion_media_para_agrupacion_quimica,true
REL_71850973286359,COMP_032357BB73D3,1-androsterone,COMP_3BE080CC238C,"""5-alpha-furostan-12-one-3 beta, 22, 26-triol""",RELACION_FUNCIONAL,REVISION_PRIORITARIA,patron_esteroidal_hormonal_revision,patron_quimico_esteroidal_u_hormonal,familia_quimica_por_patron_textual_con_ancla,relacion_funcional_por_patron_quimico_nombre,rule_based_chemical_name_pattern,baja_confianza_para_clinica_util_para_revision,usar_para_priorizar_revision_no_para_recomendacion_clinica,baja_para_recomendacion_media_para_agrupacion_quimica,true
REL_7223ddf08dd8d6,COMP_3BE080CC238C,"""5-alpha-furostan-12-one-3 beta, 22, 26-triol""",COMP_60A476CDB0BB,7-oxo-DHEA,RELACION_FUNCIONAL,REVISION_PRIORITARIA,patron_esteroidal_hormonal_revision,patron_quimico_esteroidal_u_hormonal,familia_quimica_por_patron_textual_con_ancla,relacion_funcional_por_patron_quimico_nombre,rule_based_chemical_name_pattern,baja_confianza_para_clinica_util_para_revision,usar_para_priorizar_revision_no_para_recomendacion_clinica,baja_para_recomendacion_media_para_agrupacion_quimica,true
REL_8b063dc9618f9f,COMP_032357BB73D3,1-androsterone,COMP_E103D075D229,"""5-androstene-3alpha,17beta-diol""",RELACION_FUNCIONAL,REVISION_PRIORITARIA,patron_esteroidal_hormonal_revision,patron_quimico_esteroidal_u_hormonal,familia_quimica_por_patron_textual_con_ancla,relacion_funcional_por_patron_quimico_nombre,rule_based_chemical_name_pattern,baja_confianza_para_clinica_util_para_revision,usar_para_priorizar_revision_no_para_recomendacion_clinica,baja_para_recomendacion_media_para_agrupacion_quimica,true
REL_37dda8bf103467,COMP_60A476CDB0BB,7-oxo-DHEA,COMP_E103D075D229,"""5-androstene-3alpha,17beta-diol""",RELACION_FUNCIONAL,REVISION_PRIORITARIA,patron_esteroidal_hormonal_revision,patron_quimico_esteroidal_u_hormonal,familia_quimica_por_patron_textual_con_ancla,relacion_funcional_por_patron_quimico_nombre,rule_based_chemical_name_pattern,baja_confianza_para_clinica_util_para_revision,usar_para_priorizar_revision_no_para_recomendacion_clinica,baja_para_recomendacion_media_para_agrupacion_quimica,true
REL_be24c248cff0ff,COMP_032357BB73D3,1-androsterone,COMP_F7EED34A8871,"""5alpha-spirostan-2alpha,3beta, 5alpha-triol-6-OH""",RELACION_FUNCIONAL,REVISION_PRIORITARIA,patron_esteroidal_hormonal_revision,patron_quimico_esteroidal_u_hormonal,familia_quimica_por_patron_textual_con_ancla,relacion_funcional_por_patron_quimico_nombre,rule_based_chemical_name_pattern,baja_confianza_para_clinica_util_para_revision,usar_para_priorizar_revision_no_para_recomendacion_clinica,baja_para_recomendacion_media_para_agrupacion_quimica,true
REL_372343034e46cb,COMP_60A476CDB0BB,7-oxo-DHEA,COMP_F7EED34A8871,"""5alpha-spirostan-2alpha,3beta, 5alpha-triol-6-OH""",RELACION_FUNCIONAL,REVISION_PRIORITARIA,patron_esteroidal_hormonal_revision,patron_quimico_esteroidal_u_hormonal,familia_quimica_por_patron_textual_con_ancla,relacion_funcional_por_patron_quimico_nombre,rule_based_chemical_name_pattern,baja_confianza_para_clinica_util_para_revision,usar_para_priorizar_revision_no_para_recomendacion_clinica,baja_para_recomendacion_media_para_agrupacion_quimica,true
REL_aa24e9388c874c,COMP_032357BB73D3,1-androsterone,COMP_EB62772247C8,"""7a-alpha-methyl-estra-4-en-3,17-dione""",RELACION_FUNCIONAL,REVISION_PRIORITARIA,patron_esteroidal_hormonal_revision,patron_quimico_esteroidal_u_hormonal,familia_quimica_por_patron_textual_con_ancla,relacion_funcional_por_patron_quimico_nombre,rule_based_chemical_name_pattern,baja_confianza_para_clinica_util_para_revision,usar_para_priorizar_revision_no_para_recomendacion_clinica,baja_para_recomendacion_media_para_agrupacion_quimica,true
REL_f4e18c4d61b857,COMP_60A476CDB0BB,7-oxo-DHEA,COMP_EB62772247C8,"""7a-alpha-methyl-estra-4-en-3,17-dione""",RELACION_FUNCIONAL,REVISION_PRIORITARIA,patron_esteroidal_hormonal_revision,patron_quimico_esteroidal_u_hormonal,familia_quimica_por_patron_textual_con_ancla,relacion_funcional_por_patron_quimico_nombre,rule_based_chemical_name_pattern,baja_confianza_para_clinica_util_para_revision,usar_para_priorizar_revision_no_para_recomendacion_clinica,baja_para_recomendacion_media_para_agrupacion_quimica,true
REL_331867397eddc9,COMP_032357BB73D3,1-androsterone,COMP_04D30394905A,1-Androstenolone,RELACION_FUNCIONAL,REVISION_PRIORITARIA,patron_esteroidal_hormonal_revision,patron_quimico_esteroidal_u_hormonal,familia_quimica_por_patron_textual_con_ancla,relacion_funcional_por_patron_quimico_nombre,rule_based_chemical_name_pattern,baja_confianza_para_clinica_util_para_revision,usar_para_priorizar_revision_no_para_recomendacion_clinica,baja_para_recomendacion_media_para_agrupacion_quimica,true
REL_cf6ef889716951,COMP_04D30394905A,1-Androstenolone,COMP_60A476CDB0BB,7-oxo-DHEA,RELACION_FUNCIONAL,REVISION_PRIORITARIA,patron_esteroidal_hormonal_revision,patron_quimico_esteroidal_u_hormonal,familia_quimica_por_patron_textual_con_ancla,relacion_funcional_por_patron_quimico_nombre,rule_based_chemical_name_pattern,baja_confianza_para_clinica_util_para_revision,usar_para_priorizar_revision_no_para_recomendacion_clinica,baja_para_recomendacion_media_para_agrupacion_quimica,true
REL_fda25d28410290,COMP_032357BB73D3,1-androsterone,COMP_628231444C83,17 alpha methyl 17 beta hydroxy 5 alpha androst 2 ene,RELACION_FUNCIONAL,REVISION_PRIORITARIA,patron_esteroidal_hormonal_revision,patron_quimico_esteroidal_u_hormonal,familia_quimica_por_patron_textual_con_ancla,relacion_funcional_por_patron_quimico_nombre,rule_based_chemical_name_pattern,baja_confianza_para_clinica_util_para_revision,usar_para_priorizar_revision_no_para_recomendacion_clinica,baja_para_recomendacion_media_para_agrupacion_quimica,true
REL_ea2603927b8e93,COMP_60A476CDB0BB,7-oxo-DHEA,COMP_628231444C83,17 alpha methyl 17 beta hydroxy 5 alpha androst 2 ene,RELACION_FUNCIONAL,REVISION_PRIORITARIA,patron_esteroidal_hormonal_revision,patron_quimico_esteroidal_u_hormonal,familia_quimica_por_patron_textual_con_ancla,relacion_funcional_por_patron_quimico_nombre,rule_based_chemical_name_pattern,baja_confianza_para_clinica_util_para_revision,usar_para_priorizar_revision_no_para_recomendacion_clinica,baja_para_recomendacion_media_para_agrupacion_quimica,true
REL_8bc531c5c61166,COMP_032357BB73D3,1-androsterone,COMP_9F78CB66B122,17a-ethyl-estr-5(6)-ene-3B-diol,RELACION_FUNCIONAL,REVISION_PRIORITARIA,patron_esteroidal_hormonal_revision,patron_quimico_esteroidal_u_hormonal,familia_quimica_por_patron_textual_con_ancla,relacion_funcional_por_patron_quimico_nombre,rule_based_chemical_name_pattern,baja_confianza_para_clinica_util_para_revision,usar_para_priorizar_revision_no_para_recomendacion_clinica,baja_para_recomendacion_media_para_agrupacion_quimica,true
REL_efa98d1fa2e773,COMP_60A476CDB0BB,7-oxo-DHEA,COMP_9F78CB66B122,17a-ethyl-estr-5(6)-ene-3B-diol,RELACION_FUNCIONAL,REVISION_PRIORITARIA,patron_esteroidal_hormonal_revision,patron_quimico_esteroidal_u_hormonal,familia_quimica_por_patron_textual_con_ancla,relacion_funcional_por_patron_quimico_nombre,rule_based_chemical_name_pattern,baja_confianza_para_clinica_util_para_revision,usar_para_priorizar_revision_no_para_recomendacion_clinica,baja_para_recomendacion_media_para_agrupacion_quimica,true
REL_4e7b01463e2bd1,COMP_032357BB73D3,1-androsterone,COMP_0BEA4832E928,18-Methylestr-4-en-3-one-17b-ol,RELACION_FUNCIONAL,REVISION_PRIORITARIA,patron_esteroidal_hormonal_revision,patron_quimico_esteroidal_u_hormonal,familia_quimica_por_patron_textual_con_ancla,relacion_funcional_por_patron_quimico_nombre,rule_based_chemical_name_pattern,baja_confianza_para_clinica_util_para_revision,usar_para_priorizar_revision_no_para_recomendacion_clinica,baja_para_recomendacion_media_para_agrupacion_quimica,true
REL_239f1a683144b4,COMP_0BEA4832E928,18-Methylestr-4-en-3-one-17b-ol,COMP_60A476CDB0BB,7-oxo-DHEA,RELACION_FUNCIONAL,REVISION_PRIORITARIA,patron_esteroidal_hormonal_revision,patron_quimico_esteroidal_u_hormonal,familia_quimica_por_patron_textual_con_ancla,relacion_funcional_por_patron_quimico_nombre,rule_based_chemical_name_pattern,baja_confianza_para_clinica_util_para_revision,usar_para_priorizar_revision_no_para_recomendacion_clinica,baja_para_recomendacion_media_para_agrupacion_quimica,true
REL_2c7710b54ff09a,COMP_032357BB73D3,1-androsterone,COMP_25BBBC6CA87E,3-deoxy 7-oxo DHEA,RELACION_FUNCIONAL,REVISION_PRIORITARIA,patron_esteroidal_hormonal_revision,patron_quimico_esteroidal_u_hormonal,familia_quimica_por_patron_textual_con_ancla,relacion_funcional_por_patron_quimico_nombre,rule_based_chemical_name_pattern,baja_confianza_para_clinica_util_para_revision,usar_para_priorizar_revision_no_para_recomendacion_clinica,baja_para_recomendacion_media_para_agrupacion_quimica,true
REL_99c2918be71697,COMP_25BBBC6CA87E,3-deoxy 7-oxo DHEA,COMP_60A476CDB0BB,7-oxo-DHEA,RELACION_FUNCIONAL,REVISION_PRIORITARIA,patron_esteroidal_hormonal_revision,patron_quimico_esteroidal_u_hormonal,familia_quimica_por_patron_textual_con_ancla,relacion_funcional_por_patron_quimico_nombre,rule_based_chemical_name_pattern,baja_confianza_para_clinica_util_para_revision,usar_para_priorizar_revision_no_para_recomendacion_clinica,baja_para_recomendacion_media_para_agrupacion_quimica,true
REL_ca28b9354a4eb0,COMP_032357BB73D3,1-androsterone,COMP_9CC1E7728EB3,3-desoxy-7-KETO-DHEA,RELACION_FUNCIONAL,REVISION_PRIORITARIA,patron_esteroidal_hormonal_revision,patron_quimico_esteroidal_u_hormonal,familia_quimica_por_patron_textual_con_ancla,relacion_funcional_por_patron_quimico_nombre,rule_based_chemical_name_pattern,baja_confianza_para_clinica_util_para_revision,usar_para_priorizar_revision_no_para_recomendacion_clinica,baja_para_recomendacion_media_para_agrupacion_quimica,true
REL_4c47d766e7c200,COMP_60A476CDB0BB,7-oxo-DHEA,COMP_9CC1E7728EB3,3-desoxy-7-KETO-DHEA,RELACION_FUNCIONAL,REVISION_PRIORITARIA,patron_esteroidal_hormonal_revision,patron_quimico_esteroidal_u_hormonal,familia_quimica_por_patron_textual_con_ancla,relacion_funcional_por_patron_quimico_nombre,rule_based_chemical_name_pattern,baja_confianza_para_clinica_util_para_revision,usar_para_priorizar_revision_no_para_recomendacion_clinica,baja_para_recomendacion_media_para_agrupacion_quimica,true
REL_c240e6a52a641e,COMP_032357BB73D3,1-androsterone,COMP_080940CA9663,3-hydroxy-5alpha-androst-1-en-17-one,RELACION_FUNCIONAL,REVISION_PRIORITARIA,patron_esteroidal_hormonal_revision,patron_quimico_esteroidal_u_hormonal,familia_quimica_por_patron_textual_con_ancla,relacion_funcional_por_patron_quimico_nombre,rule_based_chemical_name_pattern,baja_confianza_para_clinica_util_para_revision,usar_para_priorizar_revision_no_para_recomendacion_clinica,baja_para_recomendacion_media_para_agrupacion_quimica,true
REL_f83b741f42167f,COMP_080940CA9663,3-hydroxy-5alpha-androst-1-en-17-one,COMP_60A476CDB0BB,7-oxo-DHEA,RELACION_FUNCIONAL,REVISION_PRIORITARIA,patron_esteroidal_hormonal_revision,patron_quimico_esteroidal_u_hormonal,familia_quimica_por_patron_textual_con_ancla,relacion_funcional_por_patron_quimico_nombre,rule_based_chemical_name_pattern,baja_confianza_para_clinica_util_para_revision,usar_para_priorizar_revision_no_para_recomendacion_clinica,baja_para_recomendacion_media_para_agrupacion_quimica,true
REL_8b1d59960c6cbd,COMP_032357BB73D3,1-androsterone,COMP_6F3C655EC12B,3b-Enanthoxyandrost-1-en-17-one,RELACION_FUNCIONAL,REVISION_PRIORITARIA,patron_esteroidal_hormonal_revision,patron_quimico_esteroidal_u_hormonal,familia_quimica_por_patron_textual_con_ancla,relacion_funcional_por_patron_quimico_nombre,rule_based_chemical_name_pattern,baja_confianza_para_clinica_util_para_revision,usar_para_priorizar_revision_no_para_recomendacion_clinica,baja_para_recomendacion_media_para_agrupacion_quimica,true
REL_cf96f3ff9836e1,COMP_60A476CDB0BB,7-oxo-DHEA,COMP_6F3C655EC12B,3b-Enanthoxyandrost-1-en-17-one,RELACION_FUNCIONAL,REVISION_PRIORITARIA,patron_esteroidal_hormonal_revision,patron_quimico_esteroidal_u_hormonal,familia_quimica_por_patron_textual_con_ancla,relacion_funcional_por_patron_quimico_nombre,rule_based_chemical_name_pattern,baja_confianza_para_clinica_util_para_revision,usar_para_priorizar_revision_no_para_recomendacion_clinica,baja_para_recomendacion_media_para_agrupacion_quimica,true
REL_16e67ac5b4c30d,COMP_032357BB73D3,1-androsterone,COMP_274D56C53330,3beta-hydroxy-5alpha-androst-1-en-17-one,RELACION_FUNCIONAL,REVISION_PRIORITARIA,patron_esteroidal_hormonal_revision,patron_quimico_esteroidal_u_hormonal,familia_quimica_por_patron_textual_con_ancla,relacion_funcional_por_patron_quimico_nombre,rule_based_chemical_name_pattern,baja_confianza_para_clinica_util_para_revision,usar_para_priorizar_revision_no_para_recomendacion_clinica,baja_para_recomendacion_media_para_agrupacion_quimica,true
REL_fcbf07aa3f7fbe,COMP_274D56C53330,3beta-hydroxy-5alpha-androst-1-en-17-one,COMP_60A476CDB0BB,7-oxo-DHEA,RELACION_FUNCIONAL,REVISION_PRIORITARIA,patron_esteroidal_hormonal_revision,patron_quimico_esteroidal_u_hormonal,familia_quimica_por_patron_textual_con_ancla,relacion_funcional_por_patron_quimico_nombre,rule_based_chemical_name_pattern,baja_confianza_para_clinica_util_para_revision,usar_para_priorizar_revision_no_para_recomendacion_clinica,baja_para_recomendacion_media_para_agrupacion_quimica,true
REL_dab0abc659f2ad,COMP_032357BB73D3,1-androsterone,COMP_10F4D5461D7F,4 Androstene 4 chloro 17 alpha methyl 3 beta 17 beta diol,RELACION_FUNCIONAL,REVISION_PRIORITARIA,patron_esteroidal_hormonal_revision,patron_quimico_esteroidal_u_hormonal,familia_quimica_por_patron_textual_con_ancla,relacion_funcional_por_patron_quimico_nombre,rule_based_chemical_name_pattern,baja_confianza_para_clinica_util_para_revision,usar_para_priorizar_revision_no_para_recomendacion_clinica,baja_para_recomendacion_media_para_agrupacion_quimica,true
REL_6bf16097ec557b,COMP_10F4D5461D7F,4 Androstene 4 chloro 17 alpha methyl 3 beta 17 beta diol,COMP_60A476CDB0BB,7-oxo-DHEA,RELACION_FUNCIONAL,REVISION_PRIORITARIA,patron_esteroidal_hormonal_revision,patron_quimico_esteroidal_u_hormonal,familia_quimica_por_patron_textual_con_ancla,relacion_funcional_por_patron_quimico_nombre,rule_based_chemical_name_pattern,baja_confianza_para_clinica_util_para_revision,usar_para_priorizar_revision_no_para_recomendacion_clinica,baja_para_recomendacion_media_para_agrupacion_quimica,true
REL_ccab83796596b1,COMP_032357BB73D3,1-androsterone,COMP_4C5ABA5C7F4F,4-DHEA,RELACION_FUNCIONAL,REVISION_PRIORITARIA,patron_esteroidal_hormonal_revision,patron_quimico_esteroidal_u_hormonal,familia_quimica_por_patron_textual_con_ancla,relacion_funcional_por_patron_quimico_nombre,rule_based_chemical_name_pattern,baja_confianza_para_clinica_util_para_revision,usar_para_priorizar_revision_no_para_recomendacion_clinica,baja_para_recomendacion_media_para_agrupacion_quimica,true
REL_2332f5a69216ba,COMP_4C5ABA5C7F4F,4-DHEA,COMP_60A476CDB0BB,7-oxo-DHEA,RELACION_FUNCIONAL,REVISION_PRIORITARIA,patron_esteroidal_hormonal_revision,patron_quimico_esteroidal_u_hormonal,familia_quimica_por_patron_textual_con_ancla,relacion_funcional_por_patron_quimico_nombre,rule_based_chemical_name_pattern,baja_confianza_para_clinica_util_para_revision,usar_para_priorizar_revision_no_para_recomendacion_clinica,baja_para_recomendacion_media_para_agrupacion_quimica,true
REL_f5292752b1cbae,COMP_032357BB73D3,1-androsterone,COMP_8EFC8564554B,4-Hydroxyandrostenedione,RELACION_FUNCIONAL,REVISION_PRIORITARIA,patron_esteroidal_hormonal_revision,patron_quimico_esteroidal_u_hormonal,familia_quimica_por_patron_textual_con_ancla,relacion_funcional_por_patron_quimico_nombre,rule_based_chemical_name_pattern,baja_confianza_para_clinica_util_para_revision,usar_para_priorizar_revision_no_para_recomendacion_clinica,baja_para_recomendacion_media_para_agrupacion_quimica,true
REL_2885967ad9fc68,COMP_60A476CDB0BB,7-oxo-DHEA,COMP_8EFC8564554B,4-Hydroxyandrostenedione,RELACION_FUNCIONAL,REVISION_PRIORITARIA,patron_esteroidal_hormonal_revision,patron_quimico_esteroidal_u_hormonal,familia_quimica_por_patron_textual_con_ancla,relacion_funcional_por_patron_quimico_nombre,rule_based_chemical_name_pattern,baja_confianza_para_clinica_util_para_revision,usar_para_priorizar_revision_no_para_recomendacion_clinica,baja_para_recomendacion_media_para_agrupacion_quimica,true
REL_9521d3f2e9a1cc,COMP_00F27A1FFDF2,4-androsterone,COMP_032357BB73D3,1-androsterone,RELACION_FUNCIONAL,REVISION_PRIORITARIA,patron_esteroidal_hormonal_revision,patron_quimico_esteroidal_u_hormonal,familia_quimica_por_patron_textual_con_ancla,relacion_funcional_por_patron_quimico_nombre,rule_based_chemical_name_pattern,baja_confianza_para_clinica_util_para_revision,usar_para_priorizar_revision_no_para_recomendacion_clinica,baja_para_recomendacion_media_para_agrupacion_quimica,true
REL_e0a59b31089f41,COMP_00F27A1FFDF2,4-androsterone,COMP_60A476CDB0BB,7-oxo-DHEA,RELACION_FUNCIONAL,REVISION_PRIORITARIA,patron_esteroidal_hormonal_revision,patron_quimico_esteroidal_u_hormonal,familia_quimica_por_patron_textual_con_ancla,relacion_funcional_por_patron_quimico_nombre,rule_based_chemical_name_pattern,baja_confianza_para_clinica_util_para_revision,usar_para_priorizar_revision_no_para_recomendacion_clinica,baja_para_recomendacion_media_para_agrupacion_quimica,true
REL_a36fd11ded59b6,COMP_032357BB73D3,1-androsterone,COMP_3D69A4846F11,5-Alpha-Hydroxy Laxogenin,RELACION_FUNCIONAL,REVISION_PRIORITARIA,patron_esteroidal_hormonal_revision,patron_quimico_esteroidal_u_hormonal,familia_quimica_por_patron_textual_con_ancla,relacion_funcional_por_patron_quimico_nombre,rule_based_chemical_name_pattern,baja_confianza_para_clinica_util_para_revision,usar_para_priorizar_revision_no_para_recomendacion_clinica,baja_para_recomendacion_media_para_agrupacion_quimica,true
REL_944fd979eae8c4,COMP_3D69A4846F11,5-Alpha-Hydroxy Laxogenin,COMP_60A476CDB0BB,7-oxo-DHEA,RELACION_FUNCIONAL,REVISION_PRIORITARIA,patron_esteroidal_hormonal_revision,patron_quimico_esteroidal_u_hormonal,familia_quimica_por_patron_textual_con_ancla,relacion_funcional_por_patron_quimico_nombre,rule_based_chemical_name_pattern,baja_confianza_para_clinica_util_para_revision,usar_para_priorizar_revision_no_para_recomendacion_clinica,baja_para_recomendacion_media_para_agrupacion_quimica,true
REL_9f4c72ee42cd83,COMP_032357BB73D3,1-androsterone,COMP_E5D2E46C8C4F,5-Alpha-Hydroxy-Laxogenin,RELACION_FUNCIONAL,REVISION_PRIORITARIA,patron_esteroidal_hormonal_revision,patron_quimico_esteroidal_u_hormonal,familia_quimica_por_patron_textual_con_ancla,relacion_funcional_por_patron_quimico_nombre,rule_based_chemical_name_pattern,baja_confianza_para_clinica_util_para_revision,usar_para_priorizar_revision_no_para_recomendacion_clinica,baja_para_recomendacion_media_para_agrupacion_quimica,true
REL_0aa9e2c1dea911,COMP_60A476CDB0BB,7-oxo-DHEA,COMP_E5D2E46C8C4F,5-Alpha-Hydroxy-Laxogenin,RELACION_FUNCIONAL,REVISION_PRIORITARIA,patron_esteroidal_hormonal_revision,patron_quimico_esteroidal_u_hormonal,familia_quimica_por_patron_textual_con_ancla,relacion_funcional_por_patron_quimico_nombre,rule_based_chemical_name_pattern,baja_confianza_para_clinica_util_para_revision,usar_para_priorizar_revision_no_para_recomendacion_clinica,baja_para_recomendacion_media_para_agrupacion_quimica,true
REL_8422971788b0f0,COMP_032357BB73D3,1-androsterone,COMP_F8096CCA73C6,5-androsten-3beta-ol-17-one,RELACION_FUNCIONAL,REVISION_PRIORITARIA,patron_esteroidal_hormonal_revision,patron_quimico_esteroidal_u_hormonal,familia_quimica_por_patron_textual_con_ancla,relacion_funcional_por_patron_quimico_nombre,rule_based_chemical_name_pattern,baja_confianza_para_clinica_util_para_revision,usar_para_priorizar_revision_no_para_recomendacion_clinica,baja_para_recomendacion_media_para_agrupacion_quimica,true
REL_6524542c1e67a5,COMP_60A476CDB0BB,7-oxo-DHEA,COMP_F8096CCA73C6,5-androsten-3beta-ol-17-one,RELACION_FUNCIONAL,REVISION_PRIORITARIA,patron_esteroidal_hormonal_revision,patron_quimico_esteroidal_u_hormonal,familia_quimica_por_patron_textual_con_ancla,relacion_funcional_por_patron_quimico_nombre,rule_based_chemical_name_pattern,baja_confianza_para_clinica_util_para_revision,usar_para_priorizar_revision_no_para_recomendacion_clinica,baja_para_recomendacion_media_para_agrupacion_quimica,true
REL_3dd84b001772d5,COMP_032357BB73D3,1-androsterone,COMP_7F8833F6861A,6-Bromoandrostenedione,RELACION_FUNCIONAL,REVISION_PRIORITARIA,patron_esteroidal_hormonal_revision,patron_quimico_esteroidal_u_hormonal,familia_quimica_por_patron_textual_con_ancla,relacion_funcional_por_patron_quimico_nombre,rule_based_chemical_name_pattern,baja_confianza_para_clinica_util_para_revision,usar_para_priorizar_revision_no_para_recomendacion_clinica,baja_para_recomendacion_media_para_agrupacion_quimica,true
REL_fd09c46c217e29,COMP_60A476CDB0BB,7-oxo-DHEA,COMP_7F8833F6861A,6-Bromoandrostenedione,RELACION_FUNCIONAL,REVISION_PRIORITARIA,patron_esteroidal_hormonal_revision,patron_quimico_esteroidal_u_hormonal,familia_quimica_por_patron_textual_con_ancla,relacion_funcional_por_patron_quimico_nombre,rule_based_chemical_name_pattern,baja_confianza_para_clinica_util_para_revision,usar_para_priorizar_revision_no_para_recomendacion_clinica,baja_para_recomendacion_media_para_agrupacion_quimica,true
REL_43130f2dc12cfb,COMP_032357BB73D3,1-androsterone,COMP_1E6F21D1D659,7-Alpha-Hydroxy-DHEA,RELACION_FUNCIONAL,REVISION_PRIORITARIA,patron_esteroidal_hormonal_revision,patron_quimico_esteroidal_u_hormonal,familia_quimica_por_patron_textual_con_ancla,relacion_funcional_por_patron_quimico_nombre,rule_based_chemical_name_pattern,baja_confianza_para_clinica_util_para_revision,usar_para_priorizar_revision_no_para_recomendacion_clinica,baja_para_recomendacion_media_para_agrupacion_quimica,true
REL_bbbdb8597a3be3,COMP_1E6F21D1D659,7-Alpha-Hydroxy-DHEA,COMP_60A476CDB0BB,7-oxo-DHEA,RELACION_FUNCIONAL,REVISION_PRIORITARIA,patron_esteroidal_hormonal_revision,patron_quimico_esteroidal_u_hormonal,familia_quimica_por_patron_textual_con_ancla,relacion_funcional_por_patron_quimico_nombre,rule_based_chemical_name_pattern,baja_confianza_para_clinica_util_para_revision,usar_para_priorizar_revision_no_para_recomendacion_clinica,baja_para_recomendacion_media_para_agrupacion_quimica,true
REL_beaabf138b0094,COMP_032357BB73D3,1-androsterone,COMP_60C39CA7F465,7-Beta-Hydroxy-DHEA,RELACION_FUNCIONAL,REVISION_PRIORITARIA,patron_esteroidal_hormonal_revision,patron_quimico_esteroidal_u_hormonal,familia_quimica_por_patron_textual_con_ancla,relacion_funcional_por_patron_quimico_nombre,rule_based_chemical_name_pattern,baja_confianza_para_clinica_util_para_revision,usar_para_priorizar_revision_no_para_recomendacion_clinica,baja_para_recomendacion_media_para_agrupacion_quimica,true
REL_0c7d8d489e68b5,COMP_60A476CDB0BB,7-oxo-DHEA,COMP_60C39CA7F465,7-Beta-Hydroxy-DHEA,RELACION_FUNCIONAL,REVISION_PRIORITARIA,patron_esteroidal_hormonal_revision,patron_quimico_esteroidal_u_hormonal,familia_quimica_por_patron_textual_con_ancla,relacion_funcional_por_patron_quimico_nombre,rule_based_chemical_name_pattern,baja_confianza_para_clinica_util_para_revision,usar_para_priorizar_revision_no_para_recomendacion_clinica,baja_para_recomendacion_media_para_agrupacion_quimica,true
REL_54b22ec91a4cee,COMP_032357BB73D3,1-androsterone,COMP_58C6A6019EE9,7-Hydroxy-DHEA (unspecified),RELACION_FUNCIONAL,REVISION_PRIORITARIA,patron_esteroidal_hormonal_revision,patron_quimico_esteroidal_u_hormonal,familia_quimica_por_patron_textual_con_ancla,relacion_funcional_por_patron_quimico_nombre,rule_based_chemical_name_pattern,baja_confianza_para_clinica_util_para_revision,usar_para_priorizar_revision_no_para_recomendacion_clinica,baja_para_recomendacion_media_para_agrupacion_quimica,true
REL_abc8d43cacadfd,COMP_58C6A6019EE9,7-Hydroxy-DHEA (unspecified),COMP_60A476CDB0BB,7-oxo-DHEA,RELACION_FUNCIONAL,REVISION_PRIORITARIA,patron_esteroidal_hormonal_revision,patron_quimico_esteroidal_u_hormonal,familia_quimica_por_patron_textual_con_ancla,relacion_funcional_por_patron_quimico_nombre,rule_based_chemical_name_pattern,baja_confianza_para_clinica_util_para_revision,usar_para_priorizar_revision_no_para_recomendacion_clinica,baja_para_recomendacion_media_para_agrupacion_quimica,true
REL_529c40c3b6cc1e,COMP_032357BB73D3,1-androsterone,COMP_DC47479224C9,7-KETO-DHEA,RELACION_FUNCIONAL,REVISION_PRIORITARIA,patron_esteroidal_hormonal_revision,patron_quimico_esteroidal_u_hormonal,familia_quimica_por_patron_textual_con_ancla,relacion_funcional_por_patron_quimico_nombre,rule_based_chemical_name_pattern,baja_confianza_para_clinica_util_para_revision,usar_para_priorizar_revision_no_para_recomendacion_clinica,baja_para_recomendacion_media_para_agrupacion_quimica,true
REL_96b01061efe123,COMP_60A476CDB0BB,7-oxo-DHEA,COMP_DC47479224C9,7-KETO-DHEA,RELACION_FUNCIONAL,REVISION_PRIORITARIA,patron_esteroidal_hormonal_revision,patron_quimico_esteroidal_u_hormonal,familia_quimica_por_patron_textual_con_ancla,relacion_funcional_por_patron_quimico_nombre,rule_based_chemical_name_pattern,baja_confianza_para_clinica_util_para_revision,usar_para_priorizar_revision_no_para_recomendacion_clinica,baja_para_recomendacion_media_para_agrupacion_quimica,true
REL_d13f7176a50c6a,COMP_032357BB73D3,1-androsterone,COMP_1F8950B8DD76,DHEA (Dehydroepiandrosterone) (ClinicalTrials.gov),RELACION_FUNCIONAL,REVISION_PRIORITARIA,patron_esteroidal_hormonal_revision,patron_quimico_esteroidal_u_hormonal,familia_quimica_por_patron_textual_con_ancla,relacion_funcional_por_patron_quimico_nombre,rule_based_chemical_name_pattern,baja_confianza_para_clinica_util_para_revision,usar_para_priorizar_revision_no_para_recomendacion_clinica,baja_para_recomendacion_media_para_agrupacion_quimica,true
REL_d17d6eafc71d35,COMP_1F8950B8DD76,DHEA (Dehydroepiandrosterone) (ClinicalTrials.gov),COMP_60A476CDB0BB,7-oxo-DHEA,RELACION_FUNCIONAL,REVISION_PRIORITARIA,patron_esteroidal_hormonal_revision,patron_quimico_esteroidal_u_hormonal,familia_quimica_por_patron_textual_con_ancla,relacion_funcional_por_patron_quimico_nombre,rule_based_chemical_name_pattern,baja_confianza_para_clinica_util_para_revision,usar_para_priorizar_revision_no_para_recomendacion_clinica,baja_para_recomendacion_media_para_agrupacion_quimica,true
REL_c6806215544e77,COMP_032357BB73D3,1-androsterone,COMP_4A9EE143EFF8,Spirostan-5A-Diol-6-one-3-one,RELACION_FUNCIONAL,REVISION_PRIORITARIA,patron_esteroidal_hormonal_revision,patron_quimico_esteroidal_u_hormonal,familia_quimica_por_patron_textual_con_ancla,relacion_funcional_por_patron_quimico_nombre,rule_based_chemical_name_pattern,baja_confianza_para_clinica_util_para_revision,usar_para_priorizar_revision_no_para_recomendacion_clinica,baja_para_recomendacion_media_para_agrupacion_quimica,true
REL_7ade0138efd065,COMP_4A9EE143EFF8,Spirostan-5A-Diol-6-one-3-one,COMP_60A476CDB0BB,7-oxo-DHEA,RELACION_FUNCIONAL,REVISION_PRIORITARIA,patron_esteroidal_hormonal_revision,patron_quimico_esteroidal_u_hormonal,familia_quimica_por_patron_textual_con_ancla,relacion_funcional_por_patron_quimico_nombre,rule_based_chemical_name_pattern,baja_confianza_para_clinica_util_para_revision,usar_para_priorizar_revision_no_para_recomendacion_clinica,baja_para_recomendacion_media_para_agrupacion_quimica,true
REL_cc7418ef231345,COMP_8B57106DD708,Garcinone B,COMP_AA14F6076A9C,Ginkgolide A,RELACION_FUNCIONAL,SOPORTE_FUNCIONAL,patron_fitoquimico_polifenol,patron_fitoquimico_o_polifenolico,familia_quimica_por_patron_textual_con_ancla,relacion_funcional_por_patron_quimico_nombre,rule_based_chemical_name_pattern,baja_confianza_para_clinica_util_para_revision,usar_para_priorizar_revision_no_para_recomendacion_clinica,baja_para_recomendacion_media_para_agrupacion_quimica,true
REL_52b41eb9655a72,COMP_8B57106DD708,Garcinone B,COMP_CFF08FFEB279,Garcinone A,RELACION_FUNCIONAL,SOPORTE_FUNCIONAL,patron_fitoquimico_polifenol,patron_fitoquimico_o_polifenolico,familia_quimica_por_patron_textual_con_ancla,relacion_funcional_por_patron_quimico_nombre,rule_based_chemical_name_pattern,baja_confianza_para_clinica_util_para_revision,usar_para_priorizar_revision_no_para_recomendacion_clinica,baja_para_recomendacion_media_para_agrupacion_quimica,true
REL_f8f94804925ac9,COMP_047C80284AE3,Schizandrol A,COMP_AA14F6076A9C,Ginkgolide A,RELACION_FUNCIONAL,SOPORTE_FUNCIONAL,patron_fitoquimico_polifenol,patron_fitoquimico_o_polifenolico,familia_quimica_por_patron_textual_con_ancla,relacion_funcional_por_patron_quimico_nombre,rule_based_chemical_name_pattern,baja_confianza_para_clinica_util_para_revision,usar_para_priorizar_revision_no_para_recomendacion_clinica,baja_para_recomendacion_media_para_agrupacion_quimica,true
REL_306bfca459cf92,COMP_047C80284AE3,Schizandrol A,COMP_CFF08FFEB279,Garcinone A,RELACION_FUNCIONAL,SOPORTE_FUNCIONAL,patron_fitoquimico_polifenol,patron_fitoquimico_o_polifenolico,familia_quimica_por_patron_textual_con_ancla,relacion_funcional_por_patron_quimico_nombre,rule_based_chemical_name_pattern,baja_confianza_para_clinica_util_para_revision,usar_para_priorizar_revision_no_para_recomendacion_clinica,baja_para_recomendacion_media_para_agrupacion_quimica,true
REL_391370eb04233d,COMP_38033F50FFA2,soy isoflavones,COMP_AA14F6076A9C,Ginkgolide A,RELACION_FUNCIONAL,SOPORTE_FUNCIONAL,patron_fitoquimico_polifenol,patron_fitoquimico_o_polifenolico,familia_quimica_por_patron_textual_con_ancla,relacion_funcional_por_patron_quimico_nombre,rule_based_chemical_name_pattern,baja_confianza_para_clinica_util_para_revision,usar_para_priorizar_revision_no_para_recomendacion_clinica,baja_para_recomendacion_media_para_agrupacion_quimica,true
REL_d566c198600793,COMP_38033F50FFA2,soy isoflavones,COMP_CFF08FFEB279,Garcinone A,RELACION_FUNCIONAL,SOPORTE_FUNCIONAL,patron_fitoquimico_polifenol,patron_fitoquimico_o_polifenolico,familia_quimica_por_patron_textual_con_ancla,relacion_funcional_por_patron_quimico_nombre,rule_based_chemical_name_pattern,baja_confianza_para_clinica_util_para_revision,usar_para_priorizar_revision_no_para_recomendacion_clinica,baja_para_recomendacion_media_para_agrupacion_quimica,true
REL_f2eb39b52f0735,COMP_83CA0C7AA7C1,3-Isomangostin,COMP_AA14F6076A9C,Ginkgolide A,RELACION_FUNCIONAL,SOPORTE_FUNCIONAL,patron_fitoquimico_polifenol,patron_fitoquimico_o_polifenolico,familia_quimica_por_patron_textual_con_ancla,relacion_funcional_por_patron_quimico_nombre,rule_based_chemical_name_pattern,baja_confianza_para_clinica_util_para_revision,usar_para_priorizar_revision_no_para_recomendacion_clinica,baja_para_recomendacion_media_para_agrupacion_quimica,true
REL_5f81155cd67b07,COMP_83CA0C7AA7C1,3-Isomangostin,COMP_CFF08FFEB279,Garcinone A,RELACION_FUNCIONAL,SOPORTE_FUNCIONAL,patron_fitoquimico_polifenol,patron_fitoquimico_o_polifenolico,familia_quimica_por_patron_textual_con_ancla,relacion_funcional_por_patron_quimico_nombre,rule_based_chemical_name_pattern,baja_confianza_para_clinica_util_para_revision,usar_para_priorizar_revision_no_para_recomendacion_clinica,baja_para_recomendacion_media_para_agrupacion_quimica,true
REL_543d265efb61b9,COMP_39D8774E0D26,7-Methoxyflavone,COMP_AA14F6076A9C,Ginkgolide A,RELACION_FUNCIONAL,SOPORTE_FUNCIONAL,patron_fitoquimico_polifenol,patron_fitoquimico_o_polifenolico,familia_quimica_por_patron_textual_con_ancla,relacion_funcional_por_patron_quimico_nombre,rule_based_chemical_name_pattern,baja_confianza_para_clinica_util_para_revision,usar_para_priorizar_revision_no_para_recomendacion_clinica,baja_para_recomendacion_media_para_agrupacion_quimica,true
REL_3bbfdee0949cab,COMP_39D8774E0D26,7-Methoxyflavone,COMP_CFF08FFEB279,Garcinone A,RELACION_FUNCIONAL,SOPORTE_FUNCIONAL,patron_fitoquimico_polifenol,patron_fitoquimico_o_polifenolico,familia_quimica_por_patron_textual_con_ancla,relacion_funcional_por_patron_quimico_nombre,rule_based_chemical_name_pattern,baja_confianza_para_clinica_util_para_revision,usar_para_priorizar_revision_no_para_recomendacion_clinica,baja_para_recomendacion_media_para_agrupacion_quimica,true
REL_a9d7bde72cbf7d,COMP_AA14F6076A9C,Ginkgolide A,COMP_BB501024A82C,8-Prenylnaringenin,RELACION_FUNCIONAL,SOPORTE_FUNCIONAL,patron_fitoquimico_polifenol,patron_fitoquimico_o_polifenolico,familia_quimica_por_patron_textual_con_ancla,relacion_funcional_por_patron_quimico_nombre,rule_based_chemical_name_pattern,baja_confianza_para_clinica_util_para_revision,usar_para_priorizar_revision_no_para_recomendacion_clinica,baja_para_recomendacion_media_para_agrupacion_quimica,true
REL_1057a640889e33,COMP_BB501024A82C,8-Prenylnaringenin,COMP_CFF08FFEB279,Garcinone A,RELACION_FUNCIONAL,SOPORTE_FUNCIONAL,patron_fitoquimico_polifenol,patron_fitoquimico_o_polifenolico,familia_quimica_por_patron_textual_con_ancla,relacion_funcional_por_patron_quimico_nombre,rule_based_chemical_name_pattern,baja_confianza_para_clinica_util_para_revision,usar_para_priorizar_revision_no_para_recomendacion_clinica,baja_para_recomendacion_media_para_agrupacion_quimica,true
REL_ee40937ae58ba7,COMP_AA14F6076A9C,Ginkgolide A,COMP_E598D183CA25,9-Hydroxy-Alpha-Naphthoflavone,RELACION_FUNCIONAL,SOPORTE_FUNCIONAL,patron_fitoquimico_polifenol,patron_fitoquimico_o_polifenolico,familia_quimica_por_patron_textual_con_ancla,relacion_funcional_por_patron_quimico_nombre,rule_based_chemical_name_pattern,baja_confianza_para_clinica_util_para_revision,usar_para_priorizar_revision_no_para_recomendacion_clinica,baja_para_recomendacion_media_para_agrupacion_quimica,true
REL_a422a05d7baf3e,COMP_CFF08FFEB279,Garcinone A,COMP_E598D183CA25,9-Hydroxy-Alpha-Naphthoflavone,RELACION_FUNCIONAL,SOPORTE_FUNCIONAL,patron_fitoquimico_polifenol,patron_fitoquimico_o_polifenolico,familia_quimica_por_patron_textual_con_ancla,relacion_funcional_por_patron_quimico_nombre,rule_based_chemical_name_pattern,baja_confianza_para_clinica_util_para_revision,usar_para_priorizar_revision_no_para_recomendacion_clinica,baja_para_recomendacion_media_para_agrupacion_quimica,true
REL_3356299c21fbd7,COMP_AA14F6076A9C,Ginkgolide A,COMP_CFF08FFEB279,Garcinone A,RELACION_FUNCIONAL,SOPORTE_FUNCIONAL,patron_fitoquimico_polifenol,patron_fitoquimico_o_polifenolico,familia_quimica_por_patron_textual_con_ancla,relacion_funcional_por_patron_quimico_nombre,rule_based_chemical_name_pattern,baja_confianza_para_clinica_util_para_revision,usar_para_priorizar_revision_no_para_recomendacion_clinica,baja_para_recomendacion_media_para_agrupacion_quimica,true
REL_c084fa517b9528,COMP_AA14F6076A9C,Ginkgolide A,COMP_F23369AA0AA7,Garcinone C,RELACION_FUNCIONAL,SOPORTE_FUNCIONAL,patron_fitoquimico_polifenol,patron_fitoquimico_o_polifenolico,familia_quimica_por_patron_textual_con_ancla,relacion_funcional_por_patron_quimico_nombre,rule_based_chemical_name_pattern,baja_confianza_para_clinica_util_para_revision,usar_para_priorizar_revision_no_para_recomendacion_clinica,baja_para_recomendacion_media_para_agrupacion_quimica,true
REL_cada381d3d14d2,COMP_CFF08FFEB279,Garcinone A,COMP_F23369AA0AA7,Garcinone C,RELACION_FUNCIONAL,SOPORTE_FUNCIONAL,patron_fitoquimico_polifenol,patron_fitoquimico_o_polifenolico,familia_quimica_por_patron_textual_con_ancla,relacion_funcional_por_patron_quimico_nombre,rule_based_chemical_name_pattern,baja_confianza_para_clinica_util_para_revision,usar_para_priorizar_revision_no_para_recomendacion_clinica,baja_para_recomendacion_media_para_agrupacion_quimica,true
REL_487843d6ce6c8e,COMP_1C25CE7A4741,Garcinone D,COMP_AA14F6076A9C,Ginkgolide A,RELACION_FUNCIONAL,SOPORTE_FUNCIONAL,patron_fitoquimico_polifenol,patron_fitoquimico_o_polifenolico,familia_quimica_por_patron_textual_con_ancla,relacion_funcional_por_patron_quimico_nombre,rule_based_chemical_name_pattern,baja_confianza_para_clinica_util_para_revision,usar_para_priorizar_revision_no_para_recomendacion_clinica,baja_para_recomendacion_media_para_agrupacion_quimica,true
REL_da24b44b069976,COMP_1C25CE7A4741,Garcinone D,COMP_CFF08FFEB279,Garcinone A,RELACION_FUNCIONAL,SOPORTE_FUNCIONAL,patron_fitoquimico_polifenol,patron_fitoquimico_o_polifenolico,familia_quimica_por_patron_textual_con_ancla,relacion_funcional_por_patron_quimico_nombre,rule_based_chemical_name_pattern,baja_confianza_para_clinica_util_para_revision,usar_para_priorizar_revision_no_para_recomendacion_clinica,baja_para_recomendacion_media_para_agrupacion_quimica,true
REL_15cd2ea41cbaab,COMP_7A9E150360B9,Mulberroside A,COMP_AA14F6076A9C,Ginkgolide A,RELACION_FUNCIONAL,SOPORTE_FUNCIONAL,patron_fitoquimico_polifenol,patron_fitoquimico_o_polifenolico,familia_quimica_por_patron_textual_con_ancla,relacion_funcional_por_patron_quimico_nombre,rule_based_chemical_name_pattern,baja_confianza_para_clinica_util_para_revision,usar_para_priorizar_revision_no_para_recomendacion_clinica,baja_para_recomendacion_media_para_agrupacion_quimica,true
REL_6ed0def930a47a,COMP_7A9E150360B9,Mulberroside A,COMP_CFF08FFEB279,Garcinone A,RELACION_FUNCIONAL,SOPORTE_FUNCIONAL,patron_fitoquimico_polifenol,patron_fitoquimico_o_polifenolico,familia_quimica_por_patron_textual_con_ancla,relacion_funcional_por_patron_quimico_nombre,rule_based_chemical_name_pattern,baja_confianza_para_clinica_util_para_revision,usar_para_priorizar_revision_no_para_recomendacion_clinica,baja_para_recomendacion_media_para_agrupacion_quimica,true
REL_f935ee22bb2e7b,COMP_0284497880C2,N-Coumaroyldopamine,COMP_AA14F6076A9C,Ginkgolide A,RELACION_FUNCIONAL,SOPORTE_FUNCIONAL,patron_fitoquimico_polifenol,patron_fitoquimico_o_polifenolico,familia_quimica_por_patron_textual_con_ancla,relacion_funcional_por_patron_quimico_nombre,rule_based_chemical_name_pattern,baja_confianza_para_clinica_util_para_revision,usar_para_priorizar_revision_no_para_recomendacion_clinica,baja_para_recomendacion_media_para_agrupacion_quimica,true
REL_b0608c1be4b17f,COMP_0284497880C2,N-Coumaroyldopamine,COMP_CFF08FFEB279,Garcinone A,RELACION_FUNCIONAL,SOPORTE_FUNCIONAL,patron_fitoquimico_polifenol,patron_fitoquimico_o_polifenolico,familia_quimica_por_patron_textual_con_ancla,relacion_funcional_por_patron_quimico_nombre,rule_based_chemical_name_pattern,baja_confianza_para_clinica_util_para_revision,usar_para_priorizar_revision_no_para_recomendacion_clinica,baja_para_recomendacion_media_para_agrupacion_quimica,true
REL_c85dec107b9855,COMP_4FE72D3747DD,Terpinen-4-ol,COMP_AA14F6076A9C,Ginkgolide A,RELACION_FUNCIONAL,SOPORTE_FUNCIONAL,patron_fitoquimico_polifenol,patron_fitoquimico_o_polifenolico,familia_quimica_por_patron_textual_con_ancla,relacion_funcional_por_patron_quimico_nombre,rule_based_chemical_name_pattern,baja_confianza_para_clinica_util_para_revision,usar_para_priorizar_revision_no_para_recomendacion_clinica,baja_para_recomendacion_media_para_agrupacion_quimica,true
REL_24134603c28869,COMP_4FE72D3747DD,Terpinen-4-ol,COMP_CFF08FFEB279,Garcinone A,RELACION_FUNCIONAL,SOPORTE_FUNCIONAL,patron_fitoquimico_polifenol,patron_fitoquimico_o_polifenolico,familia_quimica_por_patron_textual_con_ancla,relacion_funcional_por_patron_quimico_nombre,rule_based_chemical_name_pattern,baja_confianza_para_clinica_util_para_revision,usar_para_priorizar_revision_no_para_recomendacion_clinica,baja_para_recomendacion_media_para_agrupacion_quimica,true
REL_f820bea5e26f95,COMP_7A110958017F,"""1,2-di-galloyl-4,6hexahydroxydiphenoyl-D-glucose""",COMP_AA14F6076A9C,Ginkgolide A,RELACION_FUNCIONAL,SOPORTE_FUNCIONAL,patron_fitoquimico_polifenol,patron_fitoquimico_o_polifenolico,familia_quimica_por_patron_textual_con_ancla,relacion_funcional_por_patron_quimico_nombre,rule_based_chemical_name_pattern,baja_confianza_para_clinica_util_para_revision,usar_para_priorizar_revision_no_para_recomendacion_clinica,baja_para_recomendacion_media_para_agrupacion_quimica,true
REL_cfe5c78d362fb0,COMP_7A110958017F,"""1,2-di-galloyl-4,6hexahydroxydiphenoyl-D-glucose""",COMP_CFF08FFEB279,Garcinone A,RELACION_FUNCIONAL,SOPORTE_FUNCIONAL,patron_fitoquimico_polifenol,patron_fitoquimico_o_polifenolico,familia_quimica_por_patron_textual_con_ancla,relacion_funcional_por_patron_quimico_nombre,rule_based_chemical_name_pattern,baja_confianza_para_clinica_util_para_revision,usar_para_priorizar_revision_no_para_recomendacion_clinica,baja_para_recomendacion_media_para_agrupacion_quimica,true
REL_ff17d9503c43a8,COMP_08569C1B6C44,"""15,16-Dihydrotanshinone I""",COMP_AA14F6076A9C,Ginkgolide A,RELACION_FUNCIONAL,SOPORTE_FUNCIONAL,patron_fitoquimico_polifenol,patron_fitoquimico_o_polifenolico,familia_quimica_por_patron_textual_con_ancla,relacion_funcional_por_patron_quimico_nombre,rule_based_chemical_name_pattern,baja_confianza_para_clinica_util_para_revision,usar_para_priorizar_revision_no_para_recomendacion_clinica,baja_para_recomendacion_media_para_agrupacion_quimica,true
REL_9baf5e1efc45ff,COMP_08569C1B6C44,"""15,16-Dihydrotanshinone I""",COMP_CFF08FFEB279,Garcinone A,RELACION_FUNCIONAL,SOPORTE_FUNCIONAL,patron_fitoquimico_polifenol,patron_fitoquimico_o_polifenolico,familia_quimica_por_patron_textual_con_ancla,relacion_funcional_por_patron_quimico_nombre,rule_based_chemical_name_pattern,baja_confianza_para_clinica_util_para_revision,usar_para_priorizar_revision_no_para_recomendacion_clinica,baja_para_recomendacion_media_para_agrupacion_quimica,true
REL_b87c3e905ec020,COMP_AA14F6076A9C,Ginkgolide A,COMP_F52EBD612606,4'-hydroxy-3'-methoxyisoflavone,RELACION_FUNCIONAL,SOPORTE_FUNCIONAL,patron_fitoquimico_polifenol,patron_fitoquimico_o_polifenolico,familia_quimica_por_patron_textual_con_ancla,relacion_funcional_por_patron_quimico_nombre,rule_based_chemical_name_pattern,baja_confianza_para_clinica_util_para_revision,usar_para_priorizar_revision_no_para_recomendacion_clinica,baja_para_recomendacion_media_para_agrupacion_quimica,true
REL_fc8b45d910dfe7,COMP_CFF08FFEB279,Garcinone A,COMP_F52EBD612606,4'-hydroxy-3'-methoxyisoflavone,RELACION_FUNCIONAL,SOPORTE_FUNCIONAL,patron_fitoquimico_polifenol,patron_fitoquimico_o_polifenolico,familia_quimica_por_patron_textual_con_ancla,relacion_funcional_por_patron_quimico_nombre,rule_based_chemical_name_pattern,baja_confianza_para_clinica_util_para_revision,usar_para_priorizar_revision_no_para_recomendacion_clinica,baja_para_recomendacion_media_para_agrupacion_quimica,true
REL_d0785657c5972e,COMP_4FC394AE1920,4'-hydroxy-3'-methoxyisoflavone-7,COMP_AA14F6076A9C,Ginkgolide A,RELACION_FUNCIONAL,SOPORTE_FUNCIONAL,patron_fitoquimico_polifenol,patron_fitoquimico_o_polifenolico,familia_quimica_por_patron_textual_con_ancla,relacion_funcional_por_patron_quimico_nombre,rule_based_chemical_name_pattern,baja_confianza_para_clinica_util_para_revision,usar_para_priorizar_revision_no_para_recomendacion_clinica,baja_para_recomendacion_media_para_agrupacion_quimica,true
REL_1e3650f7674584,COMP_4FC394AE1920,4'-hydroxy-3'-methoxyisoflavone-7,COMP_CFF08FFEB279,Garcinone A,RELACION_FUNCIONAL,SOPORTE_FUNCIONAL,patron_fitoquimico_polifenol,patron_fitoquimico_o_polifenolico,familia_quimica_por_patron_textual_con_ancla,relacion_funcional_por_patron_quimico_nombre,rule_based_chemical_name_pattern,baja_confianza_para_clinica_util_para_revision,usar_para_priorizar_revision_no_para_recomendacion_clinica,baja_para_recomendacion_media_para_agrupacion_quimica,true
REL_45959b59cc5b36,COMP_AA14F6076A9C,Ginkgolide A,COMP_F639A814E0CD,Garcinone E,RELACION_FUNCIONAL,SOPORTE_FUNCIONAL,patron_fitoquimico_polifenol,patron_fitoquimico_o_polifenolico,familia_quimica_por_patron_textual_con_ancla,relacion_funcional_por_patron_quimico_nombre,rule_based_chemical_name_pattern,baja_confianza_para_clinica_util_para_revision,usar_para_priorizar_revision_no_para_recomendacion_clinica,baja_para_recomendacion_media_para_agrupacion_quimica,true
REL_a068b4c2fb7ad2,COMP_CFF08FFEB279,Garcinone A,COMP_F639A814E0CD,Garcinone E,RELACION_FUNCIONAL,SOPORTE_FUNCIONAL,patron_fitoquimico_polifenol,patron_fitoquimico_o_polifenolico,familia_quimica_por_patron_textual_con_ancla,relacion_funcional_por_patron_quimico_nombre,rule_based_chemical_name_pattern,baja_confianza_para_clinica_util_para_revision,usar_para_priorizar_revision_no_para_recomendacion_clinica,baja_para_recomendacion_media_para_agrupacion_quimica,true
REL_1cbcdd272ea9df,COMP_A4A6DFCAC8B5,Ginkgolide B,COMP_AA14F6076A9C,Ginkgolide A,RELACION_FUNCIONAL,SOPORTE_FUNCIONAL,patron_fitoquimico_polifenol,patron_fitoquimico_o_polifenolico,familia_quimica_por_patron_textual_con_ancla,relacion_funcional_por_patron_quimico_nombre,rule_based_chemical_name_pattern,baja_confianza_para_clinica_util_para_revision,usar_para_priorizar_revision_no_para_recomendacion_clinica,baja_para_recomendacion_media_para_agrupacion_quimica,true
REL_288e915b17dfa9,COMP_A4A6DFCAC8B5,Ginkgolide B,COMP_CFF08FFEB279,Garcinone A,RELACION_FUNCIONAL,SOPORTE_FUNCIONAL,patron_fitoquimico_polifenol,patron_fitoquimico_o_polifenolico,familia_quimica_por_patron_textual_con_ancla,relacion_funcional_por_patron_quimico_nombre,rule_based_chemical_name_pattern,baja_confianza_para_clinica_util_para_revision,usar_para_priorizar_revision_no_para_recomendacion_clinica,baja_para_recomendacion_media_para_agrupacion_quimica,true
REL_e64e7343f10673,COMP_647056DE73FB,Ginkgolide C,COMP_AA14F6076A9C,Ginkgolide A,RELACION_FUNCIONAL,SOPORTE_FUNCIONAL,patron_fitoquimico_polifenol,patron_fitoquimico_o_polifenolico,familia_quimica_por_patron_textual_con_ancla,relacion_funcional_por_patron_quimico_nombre,rule_based_chemical_name_pattern,baja_confianza_para_clinica_util_para_revision,usar_para_priorizar_revision_no_para_recomendacion_clinica,baja_para_recomendacion_media_para_agrupacion_quimica,true
REL_2e7ce75b04d363,COMP_647056DE73FB,Ginkgolide C,COMP_CFF08FFEB279,Garcinone A,RELACION_FUNCIONAL,SOPORTE_FUNCIONAL,patron_fitoquimico_polifenol,patron_fitoquimico_o_polifenolico,familia_quimica_por_patron_textual_con_ancla,relacion_funcional_por_patron_quimico_nombre,rule_based_chemical_name_pattern,baja_confianza_para_clinica_util_para_revision,usar_para_priorizar_revision_no_para_recomendacion_clinica,baja_para_recomendacion_media_para_agrupacion_quimica,true
REL_3763775abe6ac7,COMP_41BF6A84967F,glucosamine,COMP_E655755F3595,2-Fucosyllactose,RELACION_FUNCIONAL,SOPORTE_FUNCIONAL,patron_glicano_azucar_biologico,patron_glicano_azucar_o_glucosido,familia_quimica_por_patron_textual_con_ancla,relacion_funcional_por_patron_quimico_nombre,rule_based_chemical_name_pattern,baja_confianza_para_clinica_util_para_revision,usar_para_priorizar_revision_no_para_recomendacion_clinica,baja_para_recomendacion_media_para_agrupacion_quimica,true
REL_9ab9be2b9e271c,COMP_41BF6A84967F,glucosamine,COMP_E51487E9740F,N-Acetyl Neuraminic acid,RELACION_FUNCIONAL,SOPORTE_FUNCIONAL,patron_glicano_azucar_biologico,patron_glicano_azucar_o_glucosido,familia_quimica_por_patron_textual_con_ancla,relacion_funcional_por_patron_quimico_nombre,rule_based_chemical_name_pattern,baja_confianza_para_clinica_util_para_revision,usar_para_priorizar_revision_no_para_recomendacion_clinica,baja_para_recomendacion_media_para_agrupacion_quimica,true
REL_0e6793ca71d2e5,COMP_186EB4411CDF,lactose,COMP_E655755F3595,2-Fucosyllactose,RELACION_FUNCIONAL,SOPORTE_FUNCIONAL,patron_glicano_azucar_biologico,patron_glicano_azucar_o_glucosido,familia_quimica_por_patron_textual_con_ancla,relacion_funcional_por_patron_quimico_nombre,rule_based_chemical_name_pattern,baja_confianza_para_clinica_util_para_revision,usar_para_priorizar_revision_no_para_recomendacion_clinica,baja_para_recomendacion_media_para_agrupacion_quimica,true
REL_4dc0d7720a2a0d,COMP_186EB4411CDF,lactose,COMP_E51487E9740F,N-Acetyl Neuraminic acid,RELACION_FUNCIONAL,SOPORTE_FUNCIONAL,patron_glicano_azucar_biologico,patron_glicano_azucar_o_glucosido,familia_quimica_por_patron_textual_con_ancla,relacion_funcional_por_patron_quimico_nombre,rule_based_chemical_name_pattern,baja_confianza_para_clinica_util_para_revision,usar_para_priorizar_revision_no_para_recomendacion_clinica,baja_para_recomendacion_media_para_agrupacion_quimica,true
REL_e0319481745d67,COMP_6764BA9410CD,N-Acetylmuramic Acid,COMP_E655755F3595,2-Fucosyllactose,RELACION_FUNCIONAL,SOPORTE_FUNCIONAL,patron_glicano_azucar_biologico,patron_glicano_azucar_o_glucosido,familia_quimica_por_patron_textual_con_ancla,relacion_funcional_por_patron_quimico_nombre,rule_based_chemical_name_pattern,baja_confianza_para_clinica_util_para_revision,usar_para_priorizar_revision_no_para_recomendacion_clinica,baja_para_recomendacion_media_para_agrupacion_quimica,true
REL_6f315c0e9e748d,COMP_6764BA9410CD,N-Acetylmuramic Acid,COMP_E51487E9740F,N-Acetyl Neuraminic acid,RELACION_FUNCIONAL,SOPORTE_FUNCIONAL,patron_glicano_azucar_biologico,patron_glicano_azucar_o_glucosido,familia_quimica_por_patron_textual_con_ancla,relacion_funcional_por_patron_quimico_nombre,rule_based_chemical_name_pattern,baja_confianza_para_clinica_util_para_revision,usar_para_priorizar_revision_no_para_recomendacion_clinica,baja_para_recomendacion_media_para_agrupacion_quimica,true
REL_098d369e6745f8,COMP_7F88B98EB19C,N-acetylglucosamine,COMP_E655755F3595,2-Fucosyllactose,RELACION_FUNCIONAL,SOPORTE_FUNCIONAL,patron_glicano_azucar_biologico,patron_glicano_azucar_o_glucosido,familia_quimica_por_patron_textual_con_ancla,relacion_funcional_por_patron_quimico_nombre,rule_based_chemical_name_pattern,baja_confianza_para_clinica_util_para_revision,usar_para_priorizar_revision_no_para_recomendacion_clinica,baja_para_recomendacion_media_para_agrupacion_quimica,true
REL_cc3b69520f7399,COMP_7F88B98EB19C,N-acetylglucosamine,COMP_E51487E9740F,N-Acetyl Neuraminic acid,RELACION_FUNCIONAL,SOPORTE_FUNCIONAL,patron_glicano_azucar_biologico,patron_glicano_azucar_o_glucosido,familia_quimica_por_patron_textual_con_ancla,relacion_funcional_por_patron_quimico_nombre,rule_based_chemical_name_pattern,baja_confianza_para_clinica_util_para_revision,usar_para_priorizar_revision_no_para_recomendacion_clinica,baja_para_recomendacion_media_para_agrupacion_quimica,true
REL_d51a563671a0db,COMP_1C8BDA56F976,glucosamine hydrochloride,COMP_E655755F3595,2-Fucosyllactose,RELACION_FUNCIONAL,SOPORTE_FUNCIONAL,patron_glicano_azucar_biologico,patron_glicano_azucar_o_glucosido,familia_quimica_por_patron_textual_con_ancla,relacion_funcional_por_patron_quimico_nombre,rule_based_chemical_name_pattern,baja_confianza_para_clinica_util_para_revision,usar_para_priorizar_revision_no_para_recomendacion_clinica,baja_para_recomendacion_media_para_agrupacion_quimica,true
REL_a0cd63b47a68f6,COMP_1C8BDA56F976,glucosamine hydrochloride,COMP_E51487E9740F,N-Acetyl Neuraminic acid,RELACION_FUNCIONAL,SOPORTE_FUNCIONAL,patron_glicano_azucar_biologico,patron_glicano_azucar_o_glucosido,familia_quimica_por_patron_textual_con_ancla,relacion_funcional_por_patron_quimico_nombre,rule_based_chemical_name_pattern,baja_confianza_para_clinica_util_para_revision,usar_para_priorizar_revision_no_para_recomendacion_clinica,baja_para_recomendacion_media_para_agrupacion_quimica,true
REL_d924fdc018d94b,COMP_98DD87A1B642,glucosamine sulfate,COMP_E655755F3595,2-Fucosyllactose,RELACION_FUNCIONAL,SOPORTE_FUNCIONAL,patron_glicano_azucar_biologico,patron_glicano_azucar_o_glucosido,familia_quimica_por_patron_textual_con_ancla,relacion_funcional_por_patron_quimico_nombre,rule_based_chemical_name_pattern,baja_confianza_para_clinica_util_para_revision,usar_para_priorizar_revision_no_para_recomendacion_clinica,baja_para_recomendacion_media_para_agrupacion_quimica,true
REL_3a14942d2d6400,COMP_98DD87A1B642,glucosamine sulfate,COMP_E51487E9740F,N-Acetyl Neuraminic acid,RELACION_FUNCIONAL,SOPORTE_FUNCIONAL,patron_glicano_azucar_biologico,patron_glicano_azucar_o_glucosido,familia_quimica_por_patron_textual_con_ancla,relacion_funcional_por_patron_quimico_nombre,rule_based_chemical_name_pattern,baja_confianza_para_clinica_util_para_revision,usar_para_priorizar_revision_no_para_recomendacion_clinica,baja_para_recomendacion_media_para_agrupacion_quimica,true
REL_c3fbc07409e854,COMP_E51487E9740F,N-Acetyl Neuraminic acid,COMP_E655755F3595,2-Fucosyllactose,RELACION_FUNCIONAL,SOPORTE_FUNCIONAL,patron_glicano_azucar_biologico,patron_glicano_azucar_o_glucosido,familia_quimica_por_patron_textual_con_ancla,relacion_funcional_por_patron_quimico_nombre,rule_based_chemical_name_pattern,baja_confianza_para_clinica_util_para_revision,usar_para_priorizar_revision_no_para_recomendacion_clinica,baja_para_recomendacion_media_para_agrupacion_quimica,true
REL_f8f82f4577fbfc,COMP_6943A6FD4CD1,N-acetylgalactosamine,COMP_E655755F3595,2-Fucosyllactose,RELACION_FUNCIONAL,SOPORTE_FUNCIONAL,patron_glicano_azucar_biologico,patron_glicano_azucar_o_glucosido,familia_quimica_por_patron_textual_con_ancla,relacion_funcional_por_patron_quimico_nombre,rule_based_chemical_name_pattern,baja_confianza_para_clinica_util_para_revision,usar_para_priorizar_revision_no_para_recomendacion_clinica,baja_para_recomendacion_media_para_agrupacion_quimica,true
REL_6dc9f0b13e2514,COMP_6943A6FD4CD1,N-acetylgalactosamine,COMP_E51487E9740F,N-Acetyl Neuraminic acid,RELACION_FUNCIONAL,SOPORTE_FUNCIONAL,patron_glicano_azucar_biologico,patron_glicano_azucar_o_glucosido,familia_quimica_por_patron_textual_con_ancla,relacion_funcional_por_patron_quimico_nombre,rule_based_chemical_name_pattern,baja_confianza_para_clinica_util_para_revision,usar_para_priorizar_revision_no_para_recomendacion_clinica,baja_para_recomendacion_media_para_agrupacion_quimica,true
REL_d3c7359ebf8c61,COMP_054B1BE0F420,N-acetylneuraminic acid,COMP_E655755F3595,2-Fucosyllactose,RELACION_FUNCIONAL,SOPORTE_FUNCIONAL,patron_glicano_azucar_biologico,patron_glicano_azucar_o_glucosido,familia_quimica_por_patron_textual_con_ancla,relacion_funcional_por_patron_quimico_nombre,rule_based_chemical_name_pattern,baja_confianza_para_clinica_util_para_revision,usar_para_priorizar_revision_no_para_recomendacion_clinica,baja_para_recomendacion_media_para_agrupacion_quimica,true
REL_7ea36e679b19c8,COMP_054B1BE0F420,N-acetylneuraminic acid,COMP_E51487E9740F,N-Acetyl Neuraminic acid,RELACION_FUNCIONAL,SOPORTE_FUNCIONAL,patron_glicano_azucar_biologico,patron_glicano_azucar_o_glucosido,familia_quimica_por_patron_textual_con_ancla,relacion_funcional_por_patron_quimico_nombre,rule_based_chemical_name_pattern,baja_confianza_para_clinica_util_para_revision,usar_para_priorizar_revision_no_para_recomendacion_clinica,baja_para_recomendacion_media_para_agrupacion_quimica,true
REL_663191cff1fdf6,COMP_98468F138AE1,"""(2r,3r)-2,3-bis[(4-hydroxy-3-methoxyphenyl)methyl] butane-1,4-diol;(2r,3r,4s,5s,6r)- 6-(hydroxymethyl)oxane-2,3,4,5-tetrol""",COMP_E655755F3595,2-Fucosyllactose,RELACION_FUNCIONAL,SOPORTE_FUNCIONAL,patron_glicano_azucar_biologico,patron_glicano_azucar_o_glucosido,familia_quimica_por_patron_textual_con_ancla,relacion_funcional_por_patron_quimico_nombre,rule_based_chemical_name_pattern,baja_confianza_para_clinica_util_para_revision,usar_para_priorizar_revision_no_para_recomendacion_clinica,baja_para_recomendacion_media_para_agrupacion_quimica,true
REL_88fb0ed72d7e6c,COMP_98468F138AE1,"""(2r,3r)-2,3-bis[(4-hydroxy-3-methoxyphenyl)methyl] butane-1,4-diol;(2r,3r,4s,5s,6r)- 6-(hydroxymethyl)oxane-2,3,4,5-tetrol""",COMP_E51487E9740F,N-Acetyl Neuraminic acid,RELACION_FUNCIONAL,SOPORTE_FUNCIONAL,patron_glicano_azucar_biologico,patron_glicano_azucar_o_glucosido,familia_quimica_por_patron_textual_con_ancla,relacion_funcional_por_patron_quimico_nombre,rule_based_chemical_name_pattern,baja_confianza_para_clinica_util_para_revision,usar_para_priorizar_revision_no_para_recomendacion_clinica,baja_para_recomendacion_media_para_agrupacion_quimica,true
REL_582611256b1cd3,COMP_5BDDF839517E,"""(2r,3r,4s,5s,6r)-6- (hydroxymethyl)oxane-2,3,4,5-tetrol, s)-5-hydroxy-1-(4-hydroxy-3-methoxyphenyl)-3-decanone""",COMP_E655755F3595,2-Fucosyllactose,RELACION_FUNCIONAL,SOPORTE_FUNCIONAL,patron_glicano_azucar_biologico,patron_glicano_azucar_o_glucosido,familia_quimica_por_patron_textual_con_ancla,relacion_funcional_por_patron_quimico_nombre,rule_based_chemical_name_pattern,baja_confianza_para_clinica_util_para_revision,usar_para_priorizar_revision_no_para_recomendacion_clinica,baja_para_recomendacion_media_para_agrupacion_quimica,true
REL_a5b5a2ad8206ff,COMP_5BDDF839517E,"""(2r,3r,4s,5s,6r)-6- (hydroxymethyl)oxane-2,3,4,5-tetrol, s)-5-hydroxy-1-(4-hydroxy-3-methoxyphenyl)-3-decanone""",COMP_E51487E9740F,N-Acetyl Neuraminic acid,RELACION_FUNCIONAL,SOPORTE_FUNCIONAL,patron_glicano_azucar_biologico,patron_glicano_azucar_o_glucosido,familia_quimica_por_patron_textual_con_ancla,relacion_funcional_por_patron_quimico_nombre,rule_based_chemical_name_pattern,baja_confianza_para_clinica_util_para_revision,usar_para_priorizar_revision_no_para_recomendacion_clinica,baja_para_recomendacion_media_para_agrupacion_quimica,true
REL_c301c5069796a2,COMP_7A110958017F,"""1,2-di-galloyl-4,6hexahydroxydiphenoyl-D-glucose""",COMP_E655755F3595,2-Fucosyllactose,RELACION_FUNCIONAL,SOPORTE_FUNCIONAL,patron_glicano_azucar_biologico,patron_glicano_azucar_o_glucosido,familia_quimica_por_patron_textual_con_ancla,relacion_funcional_por_patron_quimico_nombre,rule_based_chemical_name_pattern,baja_confianza_para_clinica_util_para_revision,usar_para_priorizar_revision_no_para_recomendacion_clinica,baja_para_recomendacion_media_para_agrupacion_quimica,true
REL_e13efadbaf37eb,COMP_7A110958017F,"""1,2-di-galloyl-4,6hexahydroxydiphenoyl-D-glucose""",COMP_E51487E9740F,N-Acetyl Neuraminic acid,RELACION_FUNCIONAL,SOPORTE_FUNCIONAL,patron_glicano_azucar_biologico,patron_glicano_azucar_o_glucosido,familia_quimica_por_patron_textual_con_ancla,relacion_funcional_por_patron_quimico_nombre,rule_based_chemical_name_pattern,baja_confianza_para_clinica_util_para_revision,usar_para_priorizar_revision_no_para_recomendacion_clinica,baja_para_recomendacion_media_para_agrupacion_quimica,true
REL_45404ad048fc72,COMP_593EEAFCAA92,5-methyltetrahydrofolate glucosamine,COMP_E655755F3595,2-Fucosyllactose,RELACION_FUNCIONAL,SOPORTE_FUNCIONAL,patron_glicano_azucar_biologico,patron_glicano_azucar_o_glucosido,familia_quimica_por_patron_textual_con_ancla,relacion_funcional_por_patron_quimico_nombre,rule_based_chemical_name_pattern,baja_confianza_para_clinica_util_para_revision,usar_para_priorizar_revision_no_para_recomendacion_clinica,baja_para_recomendacion_media_para_agrupacion_quimica,true
REL_dd7bb41b83252e,COMP_593EEAFCAA92,5-methyltetrahydrofolate glucosamine,COMP_E51487E9740F,N-Acetyl Neuraminic acid,RELACION_FUNCIONAL,SOPORTE_FUNCIONAL,patron_glicano_azucar_biologico,patron_glicano_azucar_o_glucosido,familia_quimica_por_patron_textual_con_ancla,relacion_funcional_por_patron_quimico_nombre,rule_based_chemical_name_pattern,baja_confianza_para_clinica_util_para_revision,usar_para_priorizar_revision_no_para_recomendacion_clinica,baja_para_recomendacion_media_para_agrupacion_quimica,true
REL_23d95ea0da7ee9,COMP_773BB412A7FC,Cyanidin-3-glucoside,COMP_E655755F3595,2-Fucosyllactose,RELACION_FUNCIONAL,SOPORTE_FUNCIONAL,patron_glicano_azucar_biologico,patron_glicano_azucar_o_glucosido,familia_quimica_por_patron_textual_con_ancla,relacion_funcional_por_patron_quimico_nombre,rule_based_chemical_name_pattern,baja_confianza_para_clinica_util_para_revision,usar_para_priorizar_revision_no_para_recomendacion_clinica,baja_para_recomendacion_media_para_agrupacion_quimica,true
REL_89487c598f7715,COMP_773BB412A7FC,Cyanidin-3-glucoside,COMP_E51487E9740F,N-Acetyl Neuraminic acid,RELACION_FUNCIONAL,SOPORTE_FUNCIONAL,patron_glicano_azucar_biologico,patron_glicano_azucar_o_glucosido,familia_quimica_por_patron_textual_con_ancla,relacion_funcional_por_patron_quimico_nombre,rule_based_chemical_name_pattern,baja_confianza_para_clinica_util_para_revision,usar_para_priorizar_revision_no_para_recomendacion_clinica,baja_para_recomendacion_media_para_agrupacion_quimica,true
REL_139fddafcee2ff,COMP_7BD555FA54C6,Glucosamine 5-Methyltetrahydrofolate,COMP_E655755F3595,2-Fucosyllactose,RELACION_FUNCIONAL,SOPORTE_FUNCIONAL,patron_glicano_azucar_biologico,patron_glicano_azucar_o_glucosido,familia_quimica_por_patron_textual_con_ancla,relacion_funcional_por_patron_quimico_nombre,rule_based_chemical_name_pattern,baja_confianza_para_clinica_util_para_revision,usar_para_priorizar_revision_no_para_recomendacion_clinica,baja_para_recomendacion_media_para_agrupacion_quimica,true
REL_0fc0b857edeb87,COMP_7BD555FA54C6,Glucosamine 5-Methyltetrahydrofolate,COMP_E51487E9740F,N-Acetyl Neuraminic acid,RELACION_FUNCIONAL,SOPORTE_FUNCIONAL,patron_glicano_azucar_biologico,patron_glicano_azucar_o_glucosido,familia_quimica_por_patron_textual_con_ancla,relacion_funcional_por_patron_quimico_nombre,rule_based_chemical_name_pattern,baja_confianza_para_clinica_util_para_revision,usar_para_priorizar_revision_no_para_recomendacion_clinica,baja_para_recomendacion_media_para_agrupacion_quimica,true
REL_033823660a21d2,COMP_C0BCA0DCF245,N-Acetyl Galactosamine,COMP_E655755F3595,2-Fucosyllactose,RELACION_FUNCIONAL,SOPORTE_FUNCIONAL,patron_glicano_azucar_biologico,patron_glicano_azucar_o_glucosido,familia_quimica_por_patron_textual_con_ancla,relacion_funcional_por_patron_quimico_nombre,rule_based_chemical_name_pattern,baja_confianza_para_clinica_util_para_revision,usar_para_priorizar_revision_no_para_recomendacion_clinica,baja_para_recomendacion_media_para_agrupacion_quimica,true
REL_fd92699a9b47af,COMP_C0BCA0DCF245,N-Acetyl Galactosamine,COMP_E51487E9740F,N-Acetyl Neuraminic acid,RELACION_FUNCIONAL,SOPORTE_FUNCIONAL,patron_glicano_azucar_biologico,patron_glicano_azucar_o_glucosido,familia_quimica_por_patron_textual_con_ancla,relacion_funcional_por_patron_quimico_nombre,rule_based_chemical_name_pattern,baja_confianza_para_clinica_util_para_revision,usar_para_priorizar_revision_no_para_recomendacion_clinica,baja_para_recomendacion_media_para_agrupacion_quimica,true
REL_cae753b51bdfa8,COMP_85CD731EB791,N-Acetyl Galactosamine 4-sulfate,COMP_E655755F3595,2-Fucosyllactose,RELACION_FUNCIONAL,SOPORTE_FUNCIONAL,patron_glicano_azucar_biologico,patron_glicano_azucar_o_glucosido,familia_quimica_por_patron_textual_con_ancla,relacion_funcional_por_patron_quimico_nombre,rule_based_chemical_name_pattern,baja_confianza_para_clinica_util_para_revision,usar_para_priorizar_revision_no_para_recomendacion_clinica,baja_para_recomendacion_media_para_agrupacion_quimica,true
REL_c2c160e5003f5d,COMP_85CD731EB791,N-Acetyl Galactosamine 4-sulfate,COMP_E51487E9740F,N-Acetyl Neuraminic acid,RELACION_FUNCIONAL,SOPORTE_FUNCIONAL,patron_glicano_azucar_biologico,patron_glicano_azucar_o_glucosido,familia_quimica_por_patron_textual_con_ancla,relacion_funcional_por_patron_quimico_nombre,rule_based_chemical_name_pattern,baja_confianza_para_clinica_util_para_revision,usar_para_priorizar_revision_no_para_recomendacion_clinica,baja_para_recomendacion_media_para_agrupacion_quimica,true
REL_70086e6f9bd4c4,COMP_94157A0271D8,N-Acetyl Glucosamine,COMP_E655755F3595,2-Fucosyllactose,RELACION_FUNCIONAL,SOPORTE_FUNCIONAL,patron_glicano_azucar_biologico,patron_glicano_azucar_o_glucosido,familia_quimica_por_patron_textual_con_ancla,relacion_funcional_por_patron_quimico_nombre,rule_based_chemical_name_pattern,baja_confianza_para_clinica_util_para_revision,usar_para_priorizar_revision_no_para_recomendacion_clinica,baja_para_recomendacion_media_para_agrupacion_quimica,true
REL_bd042d10126035,COMP_94157A0271D8,N-Acetyl Glucosamine,COMP_E51487E9740F,N-Acetyl Neuraminic acid,RELACION_FUNCIONAL,SOPORTE_FUNCIONAL,patron_glicano_azucar_biologico,patron_glicano_azucar_o_glucosido,familia_quimica_por_patron_textual_con_ancla,relacion_funcional_por_patron_quimico_nombre,rule_based_chemical_name_pattern,baja_confianza_para_clinica_util_para_revision,usar_para_priorizar_revision_no_para_recomendacion_clinica,baja_para_recomendacion_media_para_agrupacion_quimica,true
REL_eb35a86b7099f1,COMP_506514090324,L-Alanine,COMP_984D98F1A15A,L-Arginine,RELACION_FUNCIONAL,SOPORTE_FUNCIONAL,patron_aminoacido_peptido,patron_aminoacido_peptido_o_derivado,familia_quimica_por_patron_textual_con_ancla,relacion_funcional_por_patron_quimico_nombre,rule_based_chemical_name_pattern,baja_confianza_para_clinica_util_para_revision,usar_para_priorizar_revision_no_para_recomendacion_clinica,baja_para_recomendacion_media_para_agrupacion_quimica,true
REL_969846ada57f57,COMP_3B7058496041,L-Phenylalanine,COMP_506514090324,L-Alanine,RELACION_FUNCIONAL,SOPORTE_FUNCIONAL,patron_aminoacido_peptido,patron_aminoacido_peptido_o_derivado,familia_quimica_por_patron_textual_con_ancla,relacion_funcional_por_patron_quimico_nombre,rule_based_chemical_name_pattern,baja_confianza_para_clinica_util_para_revision,usar_para_priorizar_revision_no_para_recomendacion_clinica,baja_para_recomendacion_media_para_agrupacion_quimica,true
REL_c3051befbc8f87,COMP_3B7058496041,L-Phenylalanine,COMP_984D98F1A15A,L-Arginine,RELACION_FUNCIONAL,SOPORTE_FUNCIONAL,patron_aminoacido_peptido,patron_aminoacido_peptido_o_derivado,familia_quimica_por_patron_textual_con_ancla,relacion_funcional_por_patron_quimico_nombre,rule_based_chemical_name_pattern,baja_confianza_para_clinica_util_para_revision,usar_para_priorizar_revision_no_para_recomendacion_clinica,baja_para_recomendacion_media_para_agrupacion_quimica,true
REL_8998ab65777cc5,COMP_506514090324,L-Alanine,COMP_77DD0D7D086D,L-Tryptophan,RELACION_FUNCIONAL,SOPORTE_FUNCIONAL,patron_aminoacido_peptido,patron_aminoacido_peptido_o_derivado,familia_quimica_por_patron_textual_con_ancla,relacion_funcional_por_patron_quimico_nombre,rule_based_chemical_name_pattern,baja_confianza_para_clinica_util_para_revision,usar_para_priorizar_revision_no_para_recomendacion_clinica,baja_para_recomendacion_media_para_agrupacion_quimica,true
REL_ea450e3d7353ea,COMP_77DD0D7D086D,L-Tryptophan,COMP_984D98F1A15A,L-Arginine,RELACION_FUNCIONAL,SOPORTE_FUNCIONAL,patron_aminoacido_peptido,patron_aminoacido_peptido_o_derivado,familia_quimica_por_patron_textual_con_ancla,relacion_funcional_por_patron_quimico_nombre,rule_based_chemical_name_pattern,baja_confianza_para_clinica_util_para_revision,usar_para_priorizar_revision_no_para_recomendacion_clinica,baja_para_recomendacion_media_para_agrupacion_quimica,true
REL_cb4a60027e3e70,COMP_506514090324,L-Alanine,COMP_D83F496D52EF,D-Aspartic Acid,RELACION_FUNCIONAL,SOPORTE_FUNCIONAL,patron_aminoacido_peptido,patron_aminoacido_peptido_o_derivado,familia_quimica_por_patron_textual_con_ancla,relacion_funcional_por_patron_quimico_nombre,rule_based_chemical_name_pattern,baja_confianza_para_clinica_util_para_revision,usar_para_priorizar_revision_no_para_recomendacion_clinica,baja_para_recomendacion_media_para_agrupacion_quimica,true
REL_c62951c52b4617,COMP_984D98F1A15A,L-Arginine,COMP_D83F496D52EF,D-Aspartic Acid,RELACION_FUNCIONAL,SOPORTE_FUNCIONAL,patron_aminoacido_peptido,patron_aminoacido_peptido_o_derivado,familia_quimica_por_patron_textual_con_ancla,relacion_funcional_por_patron_quimico_nombre,rule_based_chemical_name_pattern,baja_confianza_para_clinica_util_para_revision,usar_para_priorizar_revision_no_para_recomendacion_clinica,baja_para_recomendacion_media_para_agrupacion_quimica,true
REL_6325177c4943ff,COMP_506514090324,L-Alanine,COMP_A8A9B1C9227C,L-Cystine,RELACION_FUNCIONAL,SOPORTE_FUNCIONAL,patron_aminoacido_peptido,patron_aminoacido_peptido_o_derivado,familia_quimica_por_patron_textual_con_ancla,relacion_funcional_por_patron_quimico_nombre,rule_based_chemical_name_pattern,baja_confianza_para_clinica_util_para_revision,usar_para_priorizar_revision_no_para_recomendacion_clinica,baja_para_recomendacion_media_para_agrupacion_quimica,true
REL_cb3404303d3e1c,COMP_984D98F1A15A,L-Arginine,COMP_A8A9B1C9227C,L-Cystine,RELACION_FUNCIONAL,SOPORTE_FUNCIONAL,patron_aminoacido_peptido,patron_aminoacido_peptido_o_derivado,familia_quimica_por_patron_textual_con_ancla,relacion_funcional_por_patron_quimico_nombre,rule_based_chemical_name_pattern,baja_confianza_para_clinica_util_para_revision,usar_para_priorizar_revision_no_para_recomendacion_clinica,baja_para_recomendacion_media_para_agrupacion_quimica,true
REL_dac2dfd53cfb20,COMP_506514090324,L-Alanine,COMP_A0A4A770D42F,glutamine,RELACION_FUNCIONAL,SOPORTE_FUNCIONAL,patron_aminoacido_peptido,patron_aminoacido_peptido_o_derivado,familia_quimica_por_patron_textual_con_ancla,relacion_funcional_por_patron_quimico_nombre,rule_based_chemical_name_pattern,baja_confianza_para_clinica_util_para_revision,usar_para_priorizar_revision_no_para_recomendacion_clinica,baja_para_recomendacion_media_para_agrupacion_quimica,true
REL_459561a46ca2b3,COMP_984D98F1A15A,L-Arginine,COMP_A0A4A770D42F,glutamine,RELACION_FUNCIONAL,SOPORTE_FUNCIONAL,patron_aminoacido_peptido,patron_aminoacido_peptido_o_derivado,familia_quimica_por_patron_textual_con_ancla,relacion_funcional_por_patron_quimico_nombre,rule_based_chemical_name_pattern,baja_confianza_para_clinica_util_para_revision,usar_para_priorizar_revision_no_para_recomendacion_clinica,baja_para_recomendacion_media_para_agrupacion_quimica,true
REL_b4c57dee3b0dd3,COMP_487092BE6237,isoleucine,COMP_506514090324,L-Alanine,RELACION_FUNCIONAL,SOPORTE_FUNCIONAL,patron_aminoacido_peptido,patron_aminoacido_peptido_o_derivado,familia_quimica_por_patron_textual_con_ancla,relacion_funcional_por_patron_quimico_nombre,rule_based_chemical_name_pattern,baja_confianza_para_clinica_util_para_revision,usar_para_priorizar_revision_no_para_recomendacion_clinica,baja_para_recomendacion_media_para_agrupacion_quimica,true
REL_25af03458660bd,COMP_487092BE6237,isoleucine,COMP_984D98F1A15A,L-Arginine,RELACION_FUNCIONAL,SOPORTE_FUNCIONAL,patron_aminoacido_peptido,patron_aminoacido_peptido_o_derivado,familia_quimica_por_patron_textual_con_ancla,relacion_funcional_por_patron_quimico_nombre,rule_based_chemical_name_pattern,baja_confianza_para_clinica_util_para_revision,usar_para_priorizar_revision_no_para_recomendacion_clinica,baja_para_recomendacion_media_para_agrupacion_quimica,true
REL_958bdb69bc39e1,COMP_506514090324,L-Alanine,COMP_F1466766627A,L-Aspartic Acid,RELACION_FUNCIONAL,SOPORTE_FUNCIONAL,patron_aminoacido_peptido,patron_aminoacido_peptido_o_derivado,familia_quimica_por_patron_textual_con_ancla,relacion_funcional_por_patron_quimico_nombre,rule_based_chemical_name_pattern,baja_confianza_para_clinica_util_para_revision,usar_para_priorizar_revision_no_para_recomendacion_clinica,baja_para_recomendacion_media_para_agrupacion_quimica,true
REL_763a2456479f70,COMP_984D98F1A15A,L-Arginine,COMP_F1466766627A,L-Aspartic Acid,RELACION_FUNCIONAL,SOPORTE_FUNCIONAL,patron_aminoacido_peptido,patron_aminoacido_peptido_o_derivado,familia_quimica_por_patron_textual_con_ancla,relacion_funcional_por_patron_quimico_nombre,rule_based_chemical_name_pattern,baja_confianza_para_clinica_util_para_revision,usar_para_priorizar_revision_no_para_recomendacion_clinica,baja_para_recomendacion_media_para_agrupacion_quimica,true
REL_138b8ff1419e6b,COMP_1E3F7BC075BD,N-Methyltyramine,COMP_506514090324,L-Alanine,RELACION_FUNCIONAL,SOPORTE_FUNCIONAL,patron_aminoacido_peptido,patron_aminoacido_peptido_o_derivado,familia_quimica_por_patron_textual_con_ancla,relacion_funcional_por_patron_quimico_nombre,rule_based_chemical_name_pattern,baja_confianza_para_clinica_util_para_revision,usar_para_priorizar_revision_no_para_recomendacion_clinica,baja_para_recomendacion_media_para_agrupacion_quimica,true
REL_94c32adf6d1de2,COMP_1E3F7BC075BD,N-Methyltyramine,COMP_984D98F1A15A,L-Arginine,RELACION_FUNCIONAL,SOPORTE_FUNCIONAL,patron_aminoacido_peptido,patron_aminoacido_peptido_o_derivado,familia_quimica_por_patron_textual_con_ancla,relacion_funcional_por_patron_quimico_nombre,rule_based_chemical_name_pattern,baja_confianza_para_clinica_util_para_revision,usar_para_priorizar_revision_no_para_recomendacion_clinica,baja_para_recomendacion_media_para_agrupacion_quimica,true
REL_665cf2f5115515,COMP_506514090324,L-Alanine,COMP_A902DBE453E0,4-hydroxyisoleucine,RELACION_FUNCIONAL,SOPORTE_FUNCIONAL,patron_aminoacido_peptido,patron_aminoacido_peptido_o_derivado,familia_quimica_por_patron_textual_con_ancla,relacion_funcional_por_patron_quimico_nombre,rule_based_chemical_name_pattern,baja_confianza_para_clinica_util_para_revision,usar_para_priorizar_revision_no_para_recomendacion_clinica,baja_para_recomendacion_media_para_agrupacion_quimica,true
REL_b6af0ce4aeafee,COMP_984D98F1A15A,L-Arginine,COMP_A902DBE453E0,4-hydroxyisoleucine,RELACION_FUNCIONAL,SOPORTE_FUNCIONAL,patron_aminoacido_peptido,patron_aminoacido_peptido_o_derivado,familia_quimica_por_patron_textual_con_ancla,relacion_funcional_por_patron_quimico_nombre,rule_based_chemical_name_pattern,baja_confianza_para_clinica_util_para_revision,usar_para_priorizar_revision_no_para_recomendacion_clinica,baja_para_recomendacion_media_para_agrupacion_quimica,true
REL_238d5cad6b3e35,COMP_184D7F3CCAA1,Glycyl-L-glutamine,COMP_506514090324,L-Alanine,RELACION_FUNCIONAL,SOPORTE_FUNCIONAL,patron_aminoacido_peptido,patron_aminoacido_peptido_o_derivado,familia_quimica_por_patron_textual_con_ancla,relacion_funcional_por_patron_quimico_nombre,rule_based_chemical_name_pattern,baja_confianza_para_clinica_util_para_revision,usar_para_priorizar_revision_no_para_recomendacion_clinica,baja_para_recomendacion_media_para_agrupacion_quimica,true
REL_c481c35edc23b5,COMP_184D7F3CCAA1,Glycyl-L-glutamine,COMP_984D98F1A15A,L-Arginine,RELACION_FUNCIONAL,SOPORTE_FUNCIONAL,patron_aminoacido_peptido,patron_aminoacido_peptido_o_derivado,familia_quimica_por_patron_textual_con_ancla,relacion_funcional_por_patron_quimico_nombre,rule_based_chemical_name_pattern,baja_confianza_para_clinica_util_para_revision,usar_para_priorizar_revision_no_para_recomendacion_clinica,baja_para_recomendacion_media_para_agrupacion_quimica,true
REL_904883e7ef4f8d,COMP_08BA5DE51EF4,L-Ornithine-L-aspartate,COMP_506514090324,L-Alanine,RELACION_FUNCIONAL,SOPORTE_FUNCIONAL,patron_aminoacido_peptido,patron_aminoacido_peptido_o_derivado,familia_quimica_por_patron_textual_con_ancla,relacion_funcional_por_patron_quimico_nombre,rule_based_chemical_name_pattern,baja_confianza_para_clinica_util_para_revision,usar_para_priorizar_revision_no_para_recomendacion_clinica,baja_para_recomendacion_media_para_agrupacion_quimica,true
REL_10b96d2763c450,COMP_08BA5DE51EF4,L-Ornithine-L-aspartate,COMP_984D98F1A15A,L-Arginine,RELACION_FUNCIONAL,SOPORTE_FUNCIONAL,patron_aminoacido_peptido,patron_aminoacido_peptido_o_derivado,familia_quimica_por_patron_textual_con_ancla,relacion_funcional_por_patron_quimico_nombre,rule_based_chemical_name_pattern,baja_confianza_para_clinica_util_para_revision,usar_para_priorizar_revision_no_para_recomendacion_clinica,baja_para_recomendacion_media_para_agrupacion_quimica,true
REL_719ea160e4a254,COMP_0521AD1754CC,L-norvaline,COMP_506514090324,L-Alanine,RELACION_FUNCIONAL,SOPORTE_FUNCIONAL,patron_aminoacido_peptido,patron_aminoacido_peptido_o_derivado,familia_quimica_por_patron_textual_con_ancla,relacion_funcional_por_patron_quimico_nombre,rule_based_chemical_name_pattern,baja_confianza_para_clinica_util_para_revision,usar_para_priorizar_revision_no_para_recomendacion_clinica,baja_para_recomendacion_media_para_agrupacion_quimica,true
REL_97a4844f77502b,COMP_0521AD1754CC,L-norvaline,COMP_984D98F1A15A,L-Arginine,RELACION_FUNCIONAL,SOPORTE_FUNCIONAL,patron_aminoacido_peptido,patron_aminoacido_peptido_o_derivado,familia_quimica_por_patron_textual_con_ancla,relacion_funcional_por_patron_quimico_nombre,rule_based_chemical_name_pattern,baja_confianza_para_clinica_util_para_revision,usar_para_priorizar_revision_no_para_recomendacion_clinica,baja_para_recomendacion_media_para_agrupacion_quimica,true
REL_9aac68d3fc82fb,COMP_506514090324,L-Alanine,COMP_875C93F7B7C1,N-Benzoyl-L-Phenylalanine Methyl Ester,RELACION_FUNCIONAL,SOPORTE_FUNCIONAL,patron_aminoacido_peptido,patron_aminoacido_peptido_o_derivado,familia_quimica_por_patron_textual_con_ancla,relacion_funcional_por_patron_quimico_nombre,rule_based_chemical_name_pattern,baja_confianza_para_clinica_util_para_revision,usar_para_priorizar_revision_no_para_recomendacion_clinica,baja_para_recomendacion_media_para_agrupacion_quimica,true
REL_4f9644d25159dc,COMP_875C93F7B7C1,N-Benzoyl-L-Phenylalanine Methyl Ester,COMP_984D98F1A15A,L-Arginine,RELACION_FUNCIONAL,SOPORTE_FUNCIONAL,patron_aminoacido_peptido,patron_aminoacido_peptido_o_derivado,familia_quimica_por_patron_textual_con_ancla,relacion_funcional_por_patron_quimico_nombre,rule_based_chemical_name_pattern,baja_confianza_para_clinica_util_para_revision,usar_para_priorizar_revision_no_para_recomendacion_clinica,baja_para_recomendacion_media_para_agrupacion_quimica,true
REL_4c520d2ba38665,COMP_0B8F9512F3CB,alanyl-glutamine,COMP_506514090324,L-Alanine,RELACION_FUNCIONAL,SOPORTE_FUNCIONAL,patron_aminoacido_peptido,patron_aminoacido_peptido_o_derivado,familia_quimica_por_patron_textual_con_ancla,relacion_funcional_por_patron_quimico_nombre,rule_based_chemical_name_pattern,baja_confianza_para_clinica_util_para_revision,usar_para_priorizar_revision_no_para_recomendacion_clinica,baja_para_recomendacion_media_para_agrupacion_quimica,true
REL_63475e25db209f,COMP_0B8F9512F3CB,alanyl-glutamine,COMP_984D98F1A15A,L-Arginine,RELACION_FUNCIONAL,SOPORTE_FUNCIONAL,patron_aminoacido_peptido,patron_aminoacido_peptido_o_derivado,familia_quimica_por_patron_textual_con_ancla,relacion_funcional_por_patron_quimico_nombre,rule_based_chemical_name_pattern,baja_confianza_para_clinica_util_para_revision,usar_para_priorizar_revision_no_para_recomendacion_clinica,baja_para_recomendacion_media_para_agrupacion_quimica,true
REL_36aab7a6b4268d,COMP_31C68AE0016C,Acetyl-L-Carnitine-L-Arginine,COMP_506514090324,L-Alanine,RELACION_FUNCIONAL,SOPORTE_FUNCIONAL,patron_aminoacido_peptido,patron_aminoacido_peptido_o_derivado,familia_quimica_por_patron_textual_con_ancla,relacion_funcional_por_patron_quimico_nombre,rule_based_chemical_name_pattern,baja_confianza_para_clinica_util_para_revision,usar_para_priorizar_revision_no_para_recomendacion_clinica,baja_para_recomendacion_media_para_agrupacion_quimica,true
REL_6e325414a68ee2,COMP_31C68AE0016C,Acetyl-L-Carnitine-L-Arginine,COMP_984D98F1A15A,L-Arginine,RELACION_FUNCIONAL,SOPORTE_FUNCIONAL,patron_aminoacido_peptido,patron_aminoacido_peptido_o_derivado,familia_quimica_por_patron_textual_con_ancla,relacion_funcional_por_patron_quimico_nombre,rule_based_chemical_name_pattern,baja_confianza_para_clinica_util_para_revision,usar_para_priorizar_revision_no_para_recomendacion_clinica,baja_para_recomendacion_media_para_agrupacion_quimica,true
REL_711480b43f65e6,COMP_506514090324,L-Alanine,COMP_B6328BF6AD9B,Alanine (ClinicalTrials.gov),RELACION_FUNCIONAL,SOPORTE_FUNCIONAL,patron_aminoacido_peptido,patron_aminoacido_peptido_o_derivado,familia_quimica_por_patron_textual_con_ancla,relacion_funcional_por_patron_quimico_nombre,rule_based_chemical_name_pattern,baja_confianza_para_clinica_util_para_revision,usar_para_priorizar_revision_no_para_recomendacion_clinica,baja_para_recomendacion_media_para_agrupacion_quimica,true
REL_e39f0c15ed37aa,COMP_984D98F1A15A,L-Arginine,COMP_B6328BF6AD9B,Alanine (ClinicalTrials.gov),RELACION_FUNCIONAL,SOPORTE_FUNCIONAL,patron_aminoacido_peptido,patron_aminoacido_peptido_o_derivado,familia_quimica_por_patron_textual_con_ancla,relacion_funcional_por_patron_quimico_nombre,rule_based_chemical_name_pattern,baja_confianza_para_clinica_util_para_revision,usar_para_priorizar_revision_no_para_recomendacion_clinica,baja_para_recomendacion_media_para_agrupacion_quimica,true
REL_0c87e05f98d271,COMP_506514090324,L-Alanine,COMP_C63F6B9C5685,Arginine (ClinicalTrials.gov),RELACION_FUNCIONAL,SOPORTE_FUNCIONAL,patron_aminoacido_peptido,patron_aminoacido_peptido_o_derivado,familia_quimica_por_patron_textual_con_ancla,relacion_funcional_por_patron_quimico_nombre,rule_based_chemical_name_pattern,baja_confianza_para_clinica_util_para_revision,usar_para_priorizar_revision_no_para_recomendacion_clinica,baja_para_recomendacion_media_para_agrupacion_quimica,true
REL_4628f36bda877f,COMP_984D98F1A15A,L-Arginine,COMP_C63F6B9C5685,Arginine (ClinicalTrials.gov),RELACION_FUNCIONAL,SOPORTE_FUNCIONAL,patron_aminoacido_peptido,patron_aminoacido_peptido_o_derivado,familia_quimica_por_patron_textual_con_ancla,relacion_funcional_por_patron_quimico_nombre,rule_based_chemical_name_pattern,baja_confianza_para_clinica_util_para_revision,usar_para_priorizar_revision_no_para_recomendacion_clinica,baja_para_recomendacion_media_para_agrupacion_quimica,true
REL_adba3d8cf15a9b,COMP_506514090324,L-Alanine,COMP_924684EAD6FC,Arginine-L-malate,RELACION_FUNCIONAL,SOPORTE_FUNCIONAL,patron_aminoacido_peptido,patron_aminoacido_peptido_o_derivado,familia_quimica_por_patron_textual_con_ancla,relacion_funcional_por_patron_quimico_nombre,rule_based_chemical_name_pattern,baja_confianza_para_clinica_util_para_revision,usar_para_priorizar_revision_no_para_recomendacion_clinica,baja_para_recomendacion_media_para_agrupacion_quimica,true
REL_9b3e454f88bae4,COMP_924684EAD6FC,Arginine-L-malate,COMP_984D98F1A15A,L-Arginine,RELACION_FUNCIONAL,SOPORTE_FUNCIONAL,patron_aminoacido_peptido,patron_aminoacido_peptido_o_derivado,familia_quimica_por_patron_textual_con_ancla,relacion_funcional_por_patron_quimico_nombre,rule_based_chemical_name_pattern,baja_confianza_para_clinica_util_para_revision,usar_para_priorizar_revision_no_para_recomendacion_clinica,baja_para_recomendacion_media_para_agrupacion_quimica,true
REL_36211f5f836d9b,COMP_506514090324,L-Alanine,COMP_665760300D07,Aspartic Acid (ClinicalTrials.gov),RELACION_FUNCIONAL,SOPORTE_FUNCIONAL,patron_aminoacido_peptido,patron_aminoacido_peptido_o_derivado,familia_quimica_por_patron_textual_con_ancla,relacion_funcional_por_patron_quimico_nombre,rule_based_chemical_name_pattern,baja_confianza_para_clinica_util_para_revision,usar_para_priorizar_revision_no_para_recomendacion_clinica,baja_para_recomendacion_media_para_agrupacion_quimica,true
REL_2df53948fef25d,COMP_665760300D07,Aspartic Acid (ClinicalTrials.gov),COMP_984D98F1A15A,L-Arginine,RELACION_FUNCIONAL,SOPORTE_FUNCIONAL,patron_aminoacido_peptido,patron_aminoacido_peptido_o_derivado,familia_quimica_por_patron_textual_con_ancla,relacion_funcional_por_patron_quimico_nombre,rule_based_chemical_name_pattern,baja_confianza_para_clinica_util_para_revision,usar_para_priorizar_revision_no_para_recomendacion_clinica,baja_para_recomendacion_media_para_agrupacion_quimica,true
REL_97b15578063d05,COMP_506514090324,L-Alanine,COMP_55477E4B8AAE,Creatyl-L-glutamine,RELACION_FUNCIONAL,SOPORTE_FUNCIONAL,patron_aminoacido_peptido,patron_aminoacido_peptido_o_derivado,familia_quimica_por_patron_textual_con_ancla,relacion_funcional_por_patron_quimico_nombre,rule_based_chemical_name_pattern,baja_confianza_para_clinica_util_para_revision,usar_para_priorizar_revision_no_para_recomendacion_clinica,baja_para_recomendacion_media_para_agrupacion_quimica,true
REL_cbd2c417948ff8,COMP_55477E4B8AAE,Creatyl-L-glutamine,COMP_984D98F1A15A,L-Arginine,RELACION_FUNCIONAL,SOPORTE_FUNCIONAL,patron_aminoacido_peptido,patron_aminoacido_peptido_o_derivado,familia_quimica_por_patron_textual_con_ancla,relacion_funcional_por_patron_quimico_nombre,rule_based_chemical_name_pattern,baja_confianza_para_clinica_util_para_revision,usar_para_priorizar_revision_no_para_recomendacion_clinica,baja_para_recomendacion_media_para_agrupacion_quimica,true
REL_9c6006298a5932,COMP_287D80063EC5,D-Aspartic Acid - Clinical trials (PubMed),COMP_506514090324,L-Alanine,RELACION_FUNCIONAL,SOPORTE_FUNCIONAL,patron_aminoacido_peptido,patron_aminoacido_peptido_o_derivado,familia_quimica_por_patron_textual_con_ancla,relacion_funcional_por_patron_quimico_nombre,rule_based_chemical_name_pattern,baja_confianza_para_clinica_util_para_revision,usar_para_priorizar_revision_no_para_recomendacion_clinica,baja_para_recomendacion_media_para_agrupacion_quimica,true
REL_8972e557f5eac5,COMP_287D80063EC5,D-Aspartic Acid - Clinical trials (PubMed),COMP_984D98F1A15A,L-Arginine,RELACION_FUNCIONAL,SOPORTE_FUNCIONAL,patron_aminoacido_peptido,patron_aminoacido_peptido_o_derivado,familia_quimica_por_patron_textual_con_ancla,relacion_funcional_por_patron_quimico_nombre,rule_based_chemical_name_pattern,baja_confianza_para_clinica_util_para_revision,usar_para_priorizar_revision_no_para_recomendacion_clinica,baja_para_recomendacion_media_para_agrupacion_quimica,true
REL_d25443c981bbf9,COMP_506514090324,L-Alanine,COMP_A571A84AC763,D-Aspartic Acid - Kinetics (PubMed),RELACION_FUNCIONAL,SOPORTE_FUNCIONAL,patron_aminoacido_peptido,patron_aminoacido_peptido_o_derivado,familia_quimica_por_patron_textual_con_ancla,relacion_funcional_por_patron_quimico_nombre,rule_based_chemical_name_pattern,baja_confianza_para_clinica_util_para_revision,usar_para_priorizar_revision_no_para_recomendacion_clinica,baja_para_recomendacion_media_para_agrupacion_quimica,true
REL_7bd550d17b5753,COMP_984D98F1A15A,L-Arginine,COMP_A571A84AC763,D-Aspartic Acid - Kinetics (PubMed),RELACION_FUNCIONAL,SOPORTE_FUNCIONAL,patron_aminoacido_peptido,patron_aminoacido_peptido_o_derivado,familia_quimica_por_patron_textual_con_ancla,relacion_funcional_por_patron_quimico_nombre,rule_based_chemical_name_pattern,baja_confianza_para_clinica_util_para_revision,usar_para_priorizar_revision_no_para_recomendacion_clinica,baja_para_recomendacion_media_para_agrupacion_quimica,true
REL_af914f4bbb3f75,COMP_188C1979A2EA,D-Aspartic Acid - Mechanism of action (PubMed),COMP_506514090324,L-Alanine,RELACION_FUNCIONAL,SOPORTE_FUNCIONAL,patron_aminoacido_peptido,patron_aminoacido_peptido_o_derivado,familia_quimica_por_patron_textual_con_ancla,relacion_funcional_por_patron_quimico_nombre,rule_based_chemical_name_pattern,baja_confianza_para_clinica_util_para_revision,usar_para_priorizar_revision_no_para_recomendacion_clinica,baja_para_recomendacion_media_para_agrupacion_quimica,true
REL_33070023d1048e,COMP_188C1979A2EA,D-Aspartic Acid - Mechanism of action (PubMed),COMP_984D98F1A15A,L-Arginine,RELACION_FUNCIONAL,SOPORTE_FUNCIONAL,patron_aminoacido_peptido,patron_aminoacido_peptido_o_derivado,familia_quimica_por_patron_textual_con_ancla,relacion_funcional_por_patron_quimico_nombre,rule_based_chemical_name_pattern,baja_confianza_para_clinica_util_para_revision,usar_para_priorizar_revision_no_para_recomendacion_clinica,baja_para_recomendacion_media_para_agrupacion_quimica,true
REL_1f9418fcbf6960,COMP_04C32B39F909,D-Aspartic Acid - Poisoning (PubMed),COMP_506514090324,L-Alanine,RELACION_FUNCIONAL,SOPORTE_FUNCIONAL,patron_aminoacido_peptido,patron_aminoacido_peptido_o_derivado,familia_quimica_por_patron_textual_con_ancla,relacion_funcional_por_patron_quimico_nombre,rule_based_chemical_name_pattern,baja_confianza_para_clinica_util_para_revision,usar_para_priorizar_revision_no_para_recomendacion_clinica,baja_para_recomendacion_media_para_agrupacion_quimica,true
REL_d0c0de9f4183cc,COMP_04C32B39F909,D-Aspartic Acid - Poisoning (PubMed),COMP_984D98F1A15A,L-Arginine,RELACION_FUNCIONAL,SOPORTE_FUNCIONAL,patron_aminoacido_peptido,patron_aminoacido_peptido_o_derivado,familia_quimica_por_patron_textual_con_ancla,relacion_funcional_por_patron_quimico_nombre,rule_based_chemical_name_pattern,baja_confianza_para_clinica_util_para_revision,usar_para_priorizar_revision_no_para_recomendacion_clinica,baja_para_recomendacion_media_para_agrupacion_quimica,true
REL_d10ab2a1dec7d5,COMP_1CA22CA2F1C9,D-phenylalanine,COMP_506514090324,L-Alanine,RELACION_FUNCIONAL,SOPORTE_FUNCIONAL,patron_aminoacido_peptido,patron_aminoacido_peptido_o_derivado,familia_quimica_por_patron_textual_con_ancla,relacion_funcional_por_patron_quimico_nombre,rule_based_chemical_name_pattern,baja_confianza_para_clinica_util_para_revision,usar_para_priorizar_revision_no_para_recomendacion_clinica,baja_para_recomendacion_media_para_agrupacion_quimica,true
REL_419ab5ae1f9beb,COMP_1CA22CA2F1C9,D-phenylalanine,COMP_984D98F1A15A,L-Arginine,RELACION_FUNCIONAL,SOPORTE_FUNCIONAL,patron_aminoacido_peptido,patron_aminoacido_peptido_o_derivado,familia_quimica_por_patron_textual_con_ancla,relacion_funcional_por_patron_quimico_nombre,rule_based_chemical_name_pattern,baja_confianza_para_clinica_util_para_revision,usar_para_priorizar_revision_no_para_recomendacion_clinica,baja_para_recomendacion_media_para_agrupacion_quimica,true
REL_90e4aa56189932,COMP_054BACCAAAF9,Glyceryl-L-glutamine,COMP_506514090324,L-Alanine,RELACION_FUNCIONAL,SOPORTE_FUNCIONAL,patron_aminoacido_peptido,patron_aminoacido_peptido_o_derivado,familia_quimica_por_patron_textual_con_ancla,relacion_funcional_por_patron_quimico_nombre,rule_based_chemical_name_pattern,baja_confianza_para_clinica_util_para_revision,usar_para_priorizar_revision_no_para_recomendacion_clinica,baja_para_recomendacion_media_para_agrupacion_quimica,true
REL_abaf896b899159,COMP_054BACCAAAF9,Glyceryl-L-glutamine,COMP_984D98F1A15A,L-Arginine,RELACION_FUNCIONAL,SOPORTE_FUNCIONAL,patron_aminoacido_peptido,patron_aminoacido_peptido_o_derivado,familia_quimica_por_patron_textual_con_ancla,relacion_funcional_por_patron_quimico_nombre,rule_based_chemical_name_pattern,baja_confianza_para_clinica_util_para_revision,usar_para_priorizar_revision_no_para_recomendacion_clinica,baja_para_recomendacion_media_para_agrupacion_quimica,true
REL_e28ffddc0b4dd3,COMP_01EC3F84F35A,Glycine-alanyl-l-isoleucine,COMP_506514090324,L-Alanine,RELACION_FUNCIONAL,SOPORTE_FUNCIONAL,patron_aminoacido_peptido,patron_aminoacido_peptido_o_derivado,familia_quimica_por_patron_textual_con_ancla,relacion_funcional_por_patron_quimico_nombre,rule_based_chemical_name_pattern,baja_confianza_para_clinica_util_para_revision,usar_para_priorizar_revision_no_para_recomendacion_clinica,baja_para_recomendacion_media_para_agrupacion_quimica,true
REL_38bf32b2fb41c7,COMP_01EC3F84F35A,Glycine-alanyl-l-isoleucine,COMP_984D98F1A15A,L-Arginine,RELACION_FUNCIONAL,SOPORTE_FUNCIONAL,patron_aminoacido_peptido,patron_aminoacido_peptido_o_derivado,familia_quimica_por_patron_textual_con_ancla,relacion_funcional_por_patron_quimico_nombre,rule_based_chemical_name_pattern,baja_confianza_para_clinica_util_para_revision,usar_para_priorizar_revision_no_para_recomendacion_clinica,baja_para_recomendacion_media_para_agrupacion_quimica,true
REL_ffe2ebfcff1ca0,COMP_506514090324,L-Alanine,COMP_7206077EC839,Glycine-alanyl-l-phenylalanine,RELACION_FUNCIONAL,SOPORTE_FUNCIONAL,patron_aminoacido_peptido,patron_aminoacido_peptido_o_derivado,familia_quimica_por_patron_textual_con_ancla,relacion_funcional_por_patron_quimico_nombre,rule_based_chemical_name_pattern,baja_confianza_para_clinica_util_para_revision,usar_para_priorizar_revision_no_para_recomendacion_clinica,baja_para_recomendacion_media_para_agrupacion_quimica,true
REL_fa128b0d2bea13,COMP_7206077EC839,Glycine-alanyl-l-phenylalanine,COMP_984D98F1A15A,L-Arginine,RELACION_FUNCIONAL,SOPORTE_FUNCIONAL,patron_aminoacido_peptido,patron_aminoacido_peptido_o_derivado,familia_quimica_por_patron_textual_con_ancla,relacion_funcional_por_patron_quimico_nombre,rule_based_chemical_name_pattern,baja_confianza_para_clinica_util_para_revision,usar_para_priorizar_revision_no_para_recomendacion_clinica,baja_para_recomendacion_media_para_agrupacion_quimica,true
REL_9fd9081c0ec652,COMP_506514090324,L-Alanine,COMP_81791BEB3F61,Glycine-alanyl-l-tryptophan,RELACION_FUNCIONAL,SOPORTE_FUNCIONAL,patron_aminoacido_peptido,patron_aminoacido_peptido_o_derivado,familia_quimica_por_patron_textual_con_ancla,relacion_funcional_por_patron_quimico_nombre,rule_based_chemical_name_pattern,baja_confianza_para_clinica_util_para_revision,usar_para_priorizar_revision_no_para_recomendacion_clinica,baja_para_recomendacion_media_para_agrupacion_quimica,true
REL_a5120261c2f407,COMP_81791BEB3F61,Glycine-alanyl-l-tryptophan,COMP_984D98F1A15A,L-Arginine,RELACION_FUNCIONAL,SOPORTE_FUNCIONAL,patron_aminoacido_peptido,patron_aminoacido_peptido_o_derivado,familia_quimica_por_patron_textual_con_ancla,relacion_funcional_por_patron_quimico_nombre,rule_based_chemical_name_pattern,baja_confianza_para_clinica_util_para_revision,usar_para_priorizar_revision_no_para_recomendacion_clinica,baja_para_recomendacion_media_para_agrupacion_quimica,true
REL_7bf250c7a21806,COMP_506514090324,L-Alanine,COMP_69610B28C23D,Glycine-alanyl-lysine-l-glutamine,RELACION_FUNCIONAL,SOPORTE_FUNCIONAL,patron_aminoacido_peptido,patron_aminoacido_peptido_o_derivado,familia_quimica_por_patron_textual_con_ancla,relacion_funcional_por_patron_quimico_nombre,rule_based_chemical_name_pattern,baja_confianza_para_clinica_util_para_revision,usar_para_priorizar_revision_no_para_recomendacion_clinica,baja_para_recomendacion_media_para_agrupacion_quimica,true
REL_60604c03db74bd,COMP_69610B28C23D,Glycine-alanyl-lysine-l-glutamine,COMP_984D98F1A15A,L-Arginine,RELACION_FUNCIONAL,SOPORTE_FUNCIONAL,patron_aminoacido_peptido,patron_aminoacido_peptido_o_derivado,familia_quimica_por_patron_textual_con_ancla,relacion_funcional_por_patron_quimico_nombre,rule_based_chemical_name_pattern,baja_confianza_para_clinica_util_para_revision,usar_para_priorizar_revision_no_para_recomendacion_clinica,baja_para_recomendacion_media_para_agrupacion_quimica,true
REL_a0ba60f4c5076f,COMP_506514090324,L-Alanine,COMP_5594388BF160,Glycyl-Alanyl-L-Isoleucine,RELACION_FUNCIONAL,SOPORTE_FUNCIONAL,patron_aminoacido_peptido,patron_aminoacido_peptido_o_derivado,familia_quimica_por_patron_textual_con_ancla,relacion_funcional_por_patron_quimico_nombre,rule_based_chemical_name_pattern,baja_confianza_para_clinica_util_para_revision,usar_para_priorizar_revision_no_para_recomendacion_clinica,baja_para_recomendacion_media_para_agrupacion_quimica,true
REL_a1b37d4fc4cbfc,COMP_5594388BF160,Glycyl-Alanyl-L-Isoleucine,COMP_984D98F1A15A,L-Arginine,RELACION_FUNCIONAL,SOPORTE_FUNCIONAL,patron_aminoacido_peptido,patron_aminoacido_peptido_o_derivado,familia_quimica_por_patron_textual_con_ancla,relacion_funcional_por_patron_quimico_nombre,rule_based_chemical_name_pattern,baja_confianza_para_clinica_util_para_revision,usar_para_priorizar_revision_no_para_recomendacion_clinica,baja_para_recomendacion_media_para_agrupacion_quimica,true
REL_096573ca929225,COMP_506514090324,L-Alanine,COMP_B72598F9542A,Glycyl-Alanyl-Lysine-L-Isoleucine,RELACION_FUNCIONAL,SOPORTE_FUNCIONAL,patron_aminoacido_peptido,patron_aminoacido_peptido_o_derivado,familia_quimica_por_patron_textual_con_ancla,relacion_funcional_por_patron_quimico_nombre,rule_based_chemical_name_pattern,baja_confianza_para_clinica_util_para_revision,usar_para_priorizar_revision_no_para_recomendacion_clinica,baja_para_recomendacion_media_para_agrupacion_quimica,true
REL_72589418fb0930,COMP_984D98F1A15A,L-Arginine,COMP_B72598F9542A,Glycyl-Alanyl-Lysine-L-Isoleucine,RELACION_FUNCIONAL,SOPORTE_FUNCIONAL,patron_aminoacido_peptido,patron_aminoacido_peptido_o_derivado,familia_quimica_por_patron_textual_con_ancla,relacion_funcional_por_patron_quimico_nombre,rule_based_chemical_name_pattern,baja_confianza_para_clinica_util_para_revision,usar_para_priorizar_revision_no_para_recomendacion_clinica,baja_para_recomendacion_media_para_agrupacion_quimica,true
REL_789bbccd81f51b,COMP_0821B0F97930,Glycyl-Glutamine-L-Valine,COMP_506514090324,L-Alanine,RELACION_FUNCIONAL,SOPORTE_FUNCIONAL,patron_aminoacido_peptido,patron_aminoacido_peptido_o_derivado,familia_quimica_por_patron_textual_con_ancla,relacion_funcional_por_patron_quimico_nombre,rule_based_chemical_name_pattern,baja_confianza_para_clinica_util_para_revision,usar_para_priorizar_revision_no_para_recomendacion_clinica,baja_para_recomendacion_media_para_agrupacion_quimica,true
REL_b2ec79c6f027a7,COMP_0821B0F97930,Glycyl-Glutamine-L-Valine,COMP_984D98F1A15A,L-Arginine,RELACION_FUNCIONAL,SOPORTE_FUNCIONAL,patron_aminoacido_peptido,patron_aminoacido_peptido_o_derivado,familia_quimica_por_patron_textual_con_ancla,relacion_funcional_por_patron_quimico_nombre,rule_based_chemical_name_pattern,baja_confianza_para_clinica_util_para_revision,usar_para_priorizar_revision_no_para_recomendacion_clinica,baja_para_recomendacion_media_para_agrupacion_quimica,true
REL_e40e6c715844ed,COMP_506514090324,L-Alanine,COMP_B3EF9F059C50,L-Alanine - Adverse effects (PubMed),RELACION_FUNCIONAL,SOPORTE_FUNCIONAL,patron_aminoacido_peptido,patron_aminoacido_peptido_o_derivado,familia_quimica_por_patron_textual_con_ancla,relacion_funcional_por_patron_quimico_nombre,rule_based_chemical_name_pattern,baja_confianza_para_clinica_util_para_revision,usar_para_priorizar_revision_no_para_recomendacion_clinica,baja_para_recomendacion_media_para_agrupacion_quimica,true
REL_6e18fb00c4548f,COMP_984D98F1A15A,L-Arginine,COMP_B3EF9F059C50,L-Alanine - Adverse effects (PubMed),RELACION_FUNCIONAL,SOPORTE_FUNCIONAL,patron_aminoacido_peptido,patron_aminoacido_peptido_o_derivado,familia_quimica_por_patron_textual_con_ancla,relacion_funcional_por_patron_quimico_nombre,rule_based_chemical_name_pattern,baja_confianza_para_clinica_util_para_revision,usar_para_priorizar_revision_no_para_recomendacion_clinica,baja_para_recomendacion_media_para_agrupacion_quimica,true
REL_94bdaf5bcc57ae,COMP_506514090324,L-Alanine,COMP_A07A94D014E0,L-Alanine - Clinical trials (PubMed),RELACION_FUNCIONAL,SOPORTE_FUNCIONAL,patron_aminoacido_peptido,patron_aminoacido_peptido_o_derivado,familia_quimica_por_patron_textual_con_ancla,relacion_funcional_por_patron_quimico_nombre,rule_based_chemical_name_pattern,baja_confianza_para_clinica_util_para_revision,usar_para_priorizar_revision_no_para_recomendacion_clinica,baja_para_recomendacion_media_para_agrupacion_quimica,true
REL_110ca12aa97bef,COMP_984D98F1A15A,L-Arginine,COMP_A07A94D014E0,L-Alanine - Clinical trials (PubMed),RELACION_FUNCIONAL,SOPORTE_FUNCIONAL,patron_aminoacido_peptido,patron_aminoacido_peptido_o_derivado,familia_quimica_por_patron_textual_con_ancla,relacion_funcional_por_patron_quimico_nombre,rule_based_chemical_name_pattern,baja_confianza_para_clinica_util_para_revision,usar_para_priorizar_revision_no_para_recomendacion_clinica,baja_para_recomendacion_media_para_agrupacion_quimica,true
REL_476a5b415178e5,COMP_506514090324,L-Alanine,COMP_8CF8A6D8C5A3,L-Alanine - Contraindications (PubMed),RELACION_FUNCIONAL,SOPORTE_FUNCIONAL,patron_aminoacido_peptido,patron_aminoacido_peptido_o_derivado,familia_quimica_por_patron_textual_con_ancla,relacion_funcional_por_patron_quimico_nombre,rule_based_chemical_name_pattern,baja_confianza_para_clinica_util_para_revision,usar_para_priorizar_revision_no_para_recomendacion_clinica,baja_para_recomendacion_media_para_agrupacion_quimica,true
REL_dbfaa8729c97f7,COMP_8CF8A6D8C5A3,L-Alanine - Contraindications (PubMed),COMP_984D98F1A15A,L-Arginine,RELACION_FUNCIONAL,SOPORTE_FUNCIONAL,patron_aminoacido_peptido,patron_aminoacido_peptido_o_derivado,familia_quimica_por_patron_textual_con_ancla,relacion_funcional_por_patron_quimico_nombre,rule_based_chemical_name_pattern,baja_confianza_para_clinica_util_para_revision,usar_para_priorizar_revision_no_para_recomendacion_clinica,baja_para_recomendacion_media_para_agrupacion_quimica,true
REL_4265fb33601ac2,COMP_506514090324,L-Alanine,COMP_DDB63AF29A0B,L-Alanine - Dietary supplement use in human (PubMed),RELACION_FUNCIONAL,SOPORTE_FUNCIONAL,patron_aminoacido_peptido,patron_aminoacido_peptido_o_derivado,familia_quimica_por_patron_textual_con_ancla,relacion_funcional_por_patron_quimico_nombre,rule_based_chemical_name_pattern,baja_confianza_para_clinica_util_para_revision,usar_para_priorizar_revision_no_para_recomendacion_clinica,baja_para_recomendacion_media_para_agrupacion_quimica,true
REL_b09cb38d85b027,COMP_984D98F1A15A,L-Arginine,COMP_DDB63AF29A0B,L-Alanine - Dietary supplement use in human (PubMed),RELACION_FUNCIONAL,SOPORTE_FUNCIONAL,patron_aminoacido_peptido,patron_aminoacido_peptido_o_derivado,familia_quimica_por_patron_textual_con_ancla,relacion_funcional_por_patron_quimico_nombre,rule_based_chemical_name_pattern,baja_confianza_para_clinica_util_para_revision,usar_para_priorizar_revision_no_para_recomendacion_clinica,baja_para_recomendacion_media_para_agrupacion_quimica,true
REL_022ea409c6b793,COMP_04F66C8F2186,L-Alanine - Dose and administration (PubMed),COMP_506514090324,L-Alanine,RELACION_FUNCIONAL,SOPORTE_FUNCIONAL,patron_aminoacido_peptido,patron_aminoacido_peptido_o_derivado,familia_quimica_por_patron_textual_con_ancla,relacion_funcional_por_patron_quimico_nombre,rule_based_chemical_name_pattern,baja_confianza_para_clinica_util_para_revision,usar_para_priorizar_revision_no_para_recomendacion_clinica,baja_para_recomendacion_media_para_agrupacion_quimica,true
REL_239e84550af601,COMP_04F66C8F2186,L-Alanine - Dose and administration (PubMed),COMP_984D98F1A15A,L-Arginine,RELACION_FUNCIONAL,SOPORTE_FUNCIONAL,patron_aminoacido_peptido,patron_aminoacido_peptido_o_derivado,familia_quimica_por_patron_textual_con_ancla,relacion_funcional_por_patron_quimico_nombre,rule_based_chemical_name_pattern,baja_confianza_para_clinica_util_para_revision,usar_para_priorizar_revision_no_para_recomendacion_clinica,baja_para_recomendacion_media_para_agrupacion_quimica,true
REL_ea8609138b7126,COMP_506514090324,L-Alanine,COMP_7733ADCEB10B,L-Alanine - Kinetics (PubMed),RELACION_FUNCIONAL,SOPORTE_FUNCIONAL,patron_aminoacido_peptido,patron_aminoacido_peptido_o_derivado,familia_quimica_por_patron_textual_con_ancla,relacion_funcional_por_patron_quimico_nombre,rule_based_chemical_name_pattern,baja_confianza_para_clinica_util_para_revision,usar_para_priorizar_revision_no_para_recomendacion_clinica,baja_para_recomendacion_media_para_agrupacion_quimica,true
REL_a7755f94d34763,COMP_7733ADCEB10B,L-Alanine - Kinetics (PubMed),COMP_984D98F1A15A,L-Arginine,RELACION_FUNCIONAL,SOPORTE_FUNCIONAL,patron_aminoacido_peptido,patron_aminoacido_peptido_o_derivado,familia_quimica_por_patron_textual_con_ancla,relacion_funcional_por_patron_quimico_nombre,rule_based_chemical_name_pattern,baja_confianza_para_clinica_util_para_revision,usar_para_priorizar_revision_no_para_recomendacion_clinica,baja_para_recomendacion_media_para_agrupacion_quimica,true
REL_3803916470f197,COMP_506514090324,L-Alanine,COMP_8C219873EF65,L-Alanine - Mechanism of action (PubMed),RELACION_FUNCIONAL,SOPORTE_FUNCIONAL,patron_aminoacido_peptido,patron_aminoacido_peptido_o_derivado,familia_quimica_por_patron_textual_con_ancla,relacion_funcional_por_patron_quimico_nombre,rule_based_chemical_name_pattern,baja_confianza_para_clinica_util_para_revision,usar_para_priorizar_revision_no_para_recomendacion_clinica,baja_para_recomendacion_media_para_agrupacion_quimica,true
REL_58fe348f302e69,COMP_8C219873EF65,L-Alanine - Mechanism of action (PubMed),COMP_984D98F1A15A,L-Arginine,RELACION_FUNCIONAL,SOPORTE_FUNCIONAL,patron_aminoacido_peptido,patron_aminoacido_peptido_o_derivado,familia_quimica_por_patron_textual_con_ancla,relacion_funcional_por_patron_quimico_nombre,rule_based_chemical_name_pattern,baja_confianza_para_clinica_util_para_revision,usar_para_priorizar_revision_no_para_recomendacion_clinica,baja_para_recomendacion_media_para_agrupacion_quimica,true
REL_c6f88b95496572,COMP_506514090324,L-Alanine,COMP_CF32946BCAAC,L-Alanine - Poisoning (PubMed),RELACION_FUNCIONAL,SOPORTE_FUNCIONAL,patron_aminoacido_peptido,patron_aminoacido_peptido_o_derivado,familia_quimica_por_patron_textual_con_ancla,relacion_funcional_por_patron_quimico_nombre,rule_based_chemical_name_pattern,baja_confianza_para_clinica_util_para_revision,usar_para_priorizar_revision_no_para_recomendacion_clinica,baja_para_recomendacion_media_para_agrupacion_quimica,true
REL_03046923fa5231,COMP_984D98F1A15A,L-Arginine,COMP_CF32946BCAAC,L-Alanine - Poisoning (PubMed),RELACION_FUNCIONAL,SOPORTE_FUNCIONAL,patron_aminoacido_peptido,patron_aminoacido_peptido_o_derivado,familia_quimica_por_patron_textual_con_ancla,relacion_funcional_por_patron_quimico_nombre,rule_based_chemical_name_pattern,baja_confianza_para_clinica_util_para_revision,usar_para_priorizar_revision_no_para_recomendacion_clinica,baja_para_recomendacion_media_para_agrupacion_quimica,true
REL_a6d46139e34c05,COMP_506514090324,L-Alanine,COMP_82BFE9BB238F,L-Alanyl-Glutamine,RELACION_FUNCIONAL,SOPORTE_FUNCIONAL,patron_aminoacido_peptido,patron_aminoacido_peptido_o_derivado,familia_quimica_por_patron_textual_con_ancla,relacion_funcional_por_patron_quimico_nombre,rule_based_chemical_name_pattern,baja_confianza_para_clinica_util_para_revision,usar_para_priorizar_revision_no_para_recomendacion_clinica,baja_para_recomendacion_media_para_agrupacion_quimica,true
REL_62d521964dce24,COMP_82BFE9BB238F,L-Alanyl-Glutamine,COMP_984D98F1A15A,L-Arginine,RELACION_FUNCIONAL,SOPORTE_FUNCIONAL,patron_aminoacido_peptido,patron_aminoacido_peptido_o_derivado,familia_quimica_por_patron_textual_con_ancla,relacion_funcional_por_patron_quimico_nombre,rule_based_chemical_name_pattern,baja_confianza_para_clinica_util_para_revision,usar_para_priorizar_revision_no_para_recomendacion_clinica,baja_para_recomendacion_media_para_agrupacion_quimica,true
REL_8a61d90343c07f,COMP_506514090324,L-Alanine,COMP_ACCE3E7A9900,L-Arginine - Adverse effects (PubMed),RELACION_FUNCIONAL,SOPORTE_FUNCIONAL,patron_aminoacido_peptido,patron_aminoacido_peptido_o_derivado,familia_quimica_por_patron_textual_con_ancla,relacion_funcional_por_patron_quimico_nombre,rule_based_chemical_name_pattern,baja_confianza_para_clinica_util_para_revision,usar_para_priorizar_revision_no_para_recomendacion_clinica,baja_para_recomendacion_media_para_agrupacion_quimica,true
REL_dd26e6a9aa8f12,COMP_984D98F1A15A,L-Arginine,COMP_ACCE3E7A9900,L-Arginine - Adverse effects (PubMed),RELACION_FUNCIONAL,SOPORTE_FUNCIONAL,patron_aminoacido_peptido,patron_aminoacido_peptido_o_derivado,familia_quimica_por_patron_textual_con_ancla,relacion_funcional_por_patron_quimico_nombre,rule_based_chemical_name_pattern,baja_confianza_para_clinica_util_para_revision,usar_para_priorizar_revision_no_para_recomendacion_clinica,baja_para_recomendacion_media_para_agrupacion_quimica,true
REL_8282e64038d1df,COMP_12E6DB0B8543,L-Arginine - Clinical trials (PubMed),COMP_506514090324,L-Alanine,RELACION_FUNCIONAL,SOPORTE_FUNCIONAL,patron_aminoacido_peptido,patron_aminoacido_peptido_o_derivado,familia_quimica_por_patron_textual_con_ancla,relacion_funcional_por_patron_quimico_nombre,rule_based_chemical_name_pattern,baja_confianza_para_clinica_util_para_revision,usar_para_priorizar_revision_no_para_recomendacion_clinica,baja_para_recomendacion_media_para_agrupacion_quimica,true
REL_01a5974ead58de,COMP_12E6DB0B8543,L-Arginine - Clinical trials (PubMed),COMP_984D98F1A15A,L-Arginine,RELACION_FUNCIONAL,SOPORTE_FUNCIONAL,patron_aminoacido_peptido,patron_aminoacido_peptido_o_derivado,familia_quimica_por_patron_textual_con_ancla,relacion_funcional_por_patron_quimico_nombre,rule_based_chemical_name_pattern,baja_confianza_para_clinica_util_para_revision,usar_para_priorizar_revision_no_para_recomendacion_clinica,baja_para_recomendacion_media_para_agrupacion_quimica,true
REL_d02fa7e1fb6de2,COMP_506514090324,L-Alanine,COMP_7EA244BCAC9D,L-Arginine - Contraindications (PubMed),RELACION_FUNCIONAL,SOPORTE_FUNCIONAL,patron_aminoacido_peptido,patron_aminoacido_peptido_o_derivado,familia_quimica_por_patron_textual_con_ancla,relacion_funcional_por_patron_quimico_nombre,rule_based_chemical_name_pattern,baja_confianza_para_clinica_util_para_revision,usar_para_priorizar_revision_no_para_recomendacion_clinica,baja_para_recomendacion_media_para_agrupacion_quimica,true
REL_ecc9ec1b29e329,COMP_7EA244BCAC9D,L-Arginine - Contraindications (PubMed),COMP_984D98F1A15A,L-Arginine,RELACION_FUNCIONAL,SOPORTE_FUNCIONAL,patron_aminoacido_peptido,patron_aminoacido_peptido_o_derivado,familia_quimica_por_patron_textual_con_ancla,relacion_funcional_por_patron_quimico_nombre,rule_based_chemical_name_pattern,baja_confianza_para_clinica_util_para_revision,usar_para_priorizar_revision_no_para_recomendacion_clinica,baja_para_recomendacion_media_para_agrupacion_quimica,true
REL_8b1fb1d733b91f,COMP_464EA970FB3A,L-Arginine - Dietary supplement use in human (PubMed),COMP_506514090324,L-Alanine,RELACION_FUNCIONAL,SOPORTE_FUNCIONAL,patron_aminoacido_peptido,patron_aminoacido_peptido_o_derivado,familia_quimica_por_patron_textual_con_ancla,relacion_funcional_por_patron_quimico_nombre,rule_based_chemical_name_pattern,baja_confianza_para_clinica_util_para_revision,usar_para_priorizar_revision_no_para_recomendacion_clinica,baja_para_recomendacion_media_para_agrupacion_quimica,true
REL_be1a2fa880f8fc,COMP_464EA970FB3A,L-Arginine - Dietary supplement use in human (PubMed),COMP_984D98F1A15A,L-Arginine,RELACION_FUNCIONAL,SOPORTE_FUNCIONAL,patron_aminoacido_peptido,patron_aminoacido_peptido_o_derivado,familia_quimica_por_patron_textual_con_ancla,relacion_funcional_por_patron_quimico_nombre,rule_based_chemical_name_pattern,baja_confianza_para_clinica_util_para_revision,usar_para_priorizar_revision_no_para_recomendacion_clinica,baja_para_recomendacion_media_para_agrupacion_quimica,true
REL_b25ef53cfcdf07,COMP_506514090324,L-Alanine,COMP_92620B9523BF,L-Arginine - Dose and administration (PubMed),RELACION_FUNCIONAL,SOPORTE_FUNCIONAL,patron_aminoacido_peptido,patron_aminoacido_peptido_o_derivado,familia_quimica_por_patron_textual_con_ancla,relacion_funcional_por_patron_quimico_nombre,rule_based_chemical_name_pattern,baja_confianza_para_clinica_util_para_revision,usar_para_priorizar_revision_no_para_recomendacion_clinica,baja_para_recomendacion_media_para_agrupacion_quimica,true
REL_e54533e5bc553b,COMP_92620B9523BF,L-Arginine - Dose and administration (PubMed),COMP_984D98F1A15A,L-Arginine,RELACION_FUNCIONAL,SOPORTE_FUNCIONAL,patron_aminoacido_peptido,patron_aminoacido_peptido_o_derivado,familia_quimica_por_patron_textual_con_ancla,relacion_funcional_por_patron_quimico_nombre,rule_based_chemical_name_pattern,baja_confianza_para_clinica_util_para_revision,usar_para_priorizar_revision_no_para_recomendacion_clinica,baja_para_recomendacion_media_para_agrupacion_quimica,true
REL_6baa5e695a7bd5,COMP_506514090324,L-Alanine,COMP_F4FB4FE19C9A,L-Arginine - Kinetics (PubMed),RELACION_FUNCIONAL,SOPORTE_FUNCIONAL,patron_aminoacido_peptido,patron_aminoacido_peptido_o_derivado,familia_quimica_por_patron_textual_con_ancla,relacion_funcional_por_patron_quimico_nombre,rule_based_chemical_name_pattern,baja_confianza_para_clinica_util_para_revision,usar_para_priorizar_revision_no_para_recomendacion_clinica,baja_para_recomendacion_media_para_agrupacion_quimica,true
REL_9c508764114c49,COMP_984D98F1A15A,L-Arginine,COMP_F4FB4FE19C9A,L-Arginine - Kinetics (PubMed),RELACION_FUNCIONAL,SOPORTE_FUNCIONAL,patron_aminoacido_peptido,patron_aminoacido_peptido_o_derivado,familia_quimica_por_patron_textual_con_ancla,relacion_funcional_por_patron_quimico_nombre,rule_based_chemical_name_pattern,baja_confianza_para_clinica_util_para_revision,usar_para_priorizar_revision_no_para_recomendacion_clinica,baja_para_recomendacion_media_para_agrupacion_quimica,true
REL_ef4ffc6e568431,COMP_4C41CB52556F,L-Arginine - Mechanism of action (PubMed),COMP_506514090324,L-Alanine,RELACION_FUNCIONAL,SOPORTE_FUNCIONAL,patron_aminoacido_peptido,patron_aminoacido_peptido_o_derivado,familia_quimica_por_patron_textual_con_ancla,relacion_funcional_por_patron_quimico_nombre,rule_based_chemical_name_pattern,baja_confianza_para_clinica_util_para_revision,usar_para_priorizar_revision_no_para_recomendacion_clinica,baja_para_recomendacion_media_para_agrupacion_quimica,true
REL_862584d8774a77,COMP_4C41CB52556F,L-Arginine - Mechanism of action (PubMed),COMP_984D98F1A15A,L-Arginine,RELACION_FUNCIONAL,SOPORTE_FUNCIONAL,patron_aminoacido_peptido,patron_aminoacido_peptido_o_derivado,familia_quimica_por_patron_textual_con_ancla,relacion_funcional_por_patron_quimico_nombre,rule_based_chemical_name_pattern,baja_confianza_para_clinica_util_para_revision,usar_para_priorizar_revision_no_para_recomendacion_clinica,baja_para_recomendacion_media_para_agrupacion_quimica,true
REL_5547575a9557ac,COMP_506514090324,L-Alanine,COMP_C5AFF263E21D,L-Arginine - Poisoning (PubMed),RELACION_FUNCIONAL,SOPORTE_FUNCIONAL,patron_aminoacido_peptido,patron_aminoacido_peptido_o_derivado,familia_quimica_por_patron_textual_con_ancla,relacion_funcional_por_patron_quimico_nombre,rule_based_chemical_name_pattern,baja_confianza_para_clinica_util_para_revision,usar_para_priorizar_revision_no_para_recomendacion_clinica,baja_para_recomendacion_media_para_agrupacion_quimica,true
REL_5b66685698a831,COMP_984D98F1A15A,L-Arginine,COMP_C5AFF263E21D,L-Arginine - Poisoning (PubMed),RELACION_FUNCIONAL,SOPORTE_FUNCIONAL,patron_aminoacido_peptido,patron_aminoacido_peptido_o_derivado,familia_quimica_por_patron_textual_con_ancla,relacion_funcional_por_patron_quimico_nombre,rule_based_chemical_name_pattern,baja_confianza_para_clinica_util_para_revision,usar_para_priorizar_revision_no_para_recomendacion_clinica,baja_para_recomendacion_media_para_agrupacion_quimica,true
REL_b5e56bd0b34b9d,COMP_506514090324,L-Alanine,COMP_B83B314F4F8F,L-Aspartic Acid - Adverse effects (PubMed),RELACION_FUNCIONAL,SOPORTE_FUNCIONAL,patron_aminoacido_peptido,patron_aminoacido_peptido_o_derivado,familia_quimica_por_patron_textual_con_ancla,relacion_funcional_por_patron_quimico_nombre,rule_based_chemical_name_pattern,baja_confianza_para_clinica_util_para_revision,usar_para_priorizar_revision_no_para_recomendacion_clinica,baja_para_recomendacion_media_para_agrupacion_quimica,true
REL_f358b4df92f4a5,COMP_984D98F1A15A,L-Arginine,COMP_B83B314F4F8F,L-Aspartic Acid - Adverse effects (PubMed),RELACION_FUNCIONAL,SOPORTE_FUNCIONAL,patron_aminoacido_peptido,patron_aminoacido_peptido_o_derivado,familia_quimica_por_patron_textual_con_ancla,relacion_funcional_por_patron_quimico_nombre,rule_based_chemical_name_pattern,baja_confianza_para_clinica_util_para_revision,usar_para_priorizar_revision_no_para_recomendacion_clinica,baja_para_recomendacion_media_para_agrupacion_quimica,true
REL_44b64d43ece00c,COMP_1593E03FE1B4,L-Aspartic Acid - Clinical trials (PubMed),COMP_506514090324,L-Alanine,RELACION_FUNCIONAL,SOPORTE_FUNCIONAL,patron_aminoacido_peptido,patron_aminoacido_peptido_o_derivado,familia_quimica_por_patron_textual_con_ancla,relacion_funcional_por_patron_quimico_nombre,rule_based_chemical_name_pattern,baja_confianza_para_clinica_util_para_revision,usar_para_priorizar_revision_no_para_recomendacion_clinica,baja_para_recomendacion_media_para_agrupacion_quimica,true
REL_df398ab4e5bb06,COMP_1593E03FE1B4,L-Aspartic Acid - Clinical trials (PubMed),COMP_984D98F1A15A,L-Arginine,RELACION_FUNCIONAL,SOPORTE_FUNCIONAL,patron_aminoacido_peptido,patron_aminoacido_peptido_o_derivado,familia_quimica_por_patron_textual_con_ancla,relacion_funcional_por_patron_quimico_nombre,rule_based_chemical_name_pattern,baja_confianza_para_clinica_util_para_revision,usar_para_priorizar_revision_no_para_recomendacion_clinica,baja_para_recomendacion_media_para_agrupacion_quimica,true
REL_bd28e688922e92,COMP_4C9EE1C8BE59,L-Aspartic Acid - Contraindications (PubMed),COMP_506514090324,L-Alanine,RELACION_FUNCIONAL,SOPORTE_FUNCIONAL,patron_aminoacido_peptido,patron_aminoacido_peptido_o_derivado,familia_quimica_por_patron_textual_con_ancla,relacion_funcional_por_patron_quimico_nombre,rule_based_chemical_name_pattern,baja_confianza_para_clinica_util_para_revision,usar_para_priorizar_revision_no_para_recomendacion_clinica,baja_para_recomendacion_media_para_agrupacion_quimica,true
REL_e203f45741a915,COMP_4C9EE1C8BE59,L-Aspartic Acid - Contraindications (PubMed),COMP_984D98F1A15A,L-Arginine,RELACION_FUNCIONAL,SOPORTE_FUNCIONAL,patron_aminoacido_peptido,patron_aminoacido_peptido_o_derivado,familia_quimica_por_patron_textual_con_ancla,relacion_funcional_por_patron_quimico_nombre,rule_based_chemical_name_pattern,baja_confianza_para_clinica_util_para_revision,usar_para_priorizar_revision_no_para_recomendacion_clinica,baja_para_recomendacion_media_para_agrupacion_quimica,true
REL_35dd7177796307,COMP_301F73B856CB,L-Aspartic Acid - Dietary supplement use in human (PubMed),COMP_506514090324,L-Alanine,RELACION_FUNCIONAL,SOPORTE_FUNCIONAL,patron_aminoacido_peptido,patron_aminoacido_peptido_o_derivado,familia_quimica_por_patron_textual_con_ancla,relacion_funcional_por_patron_quimico_nombre,rule_based_chemical_name_pattern,baja_confianza_para_clinica_util_para_revision,usar_para_priorizar_revision_no_para_recomendacion_clinica,baja_para_recomendacion_media_para_agrupacion_quimica,true
REL_2699a2b4ddc1f9,COMP_301F73B856CB,L-Aspartic Acid - Dietary supplement use in human (PubMed),COMP_984D98F1A15A,L-Arginine,RELACION_FUNCIONAL,SOPORTE_FUNCIONAL,patron_aminoacido_peptido,patron_aminoacido_peptido_o_derivado,familia_quimica_por_patron_textual_con_ancla,relacion_funcional_por_patron_quimico_nombre,rule_based_chemical_name_pattern,baja_confianza_para_clinica_util_para_revision,usar_para_priorizar_revision_no_para_recomendacion_clinica,baja_para_recomendacion_media_para_agrupacion_quimica,true
REL_d62176943ade0b,COMP_401D6B018658,L-Aspartic Acid - Dose and administration (PubMed),COMP_506514090324,L-Alanine,RELACION_FUNCIONAL,SOPORTE_FUNCIONAL,patron_aminoacido_peptido,patron_aminoacido_peptido_o_derivado,familia_quimica_por_patron_textual_con_ancla,relacion_funcional_por_patron_quimico_nombre,rule_based_chemical_name_pattern,baja_confianza_para_clinica_util_para_revision,usar_para_priorizar_revision_no_para_recomendacion_clinica,baja_para_recomendacion_media_para_agrupacion_quimica,true
REL_dd241f18c5e384,COMP_401D6B018658,L-Aspartic Acid - Dose and administration (PubMed),COMP_984D98F1A15A,L-Arginine,RELACION_FUNCIONAL,SOPORTE_FUNCIONAL,patron_aminoacido_peptido,patron_aminoacido_peptido_o_derivado,familia_quimica_por_patron_textual_con_ancla,relacion_funcional_por_patron_quimico_nombre,rule_based_chemical_name_pattern,baja_confianza_para_clinica_util_para_revision,usar_para_priorizar_revision_no_para_recomendacion_clinica,baja_para_recomendacion_media_para_agrupacion_quimica,true
REL_b514e849c7b296,COMP_506514090324,L-Alanine,COMP_8EDEE9BC2530,L-Aspartic Acid - Kinetics (PubMed),RELACION_FUNCIONAL,SOPORTE_FUNCIONAL,patron_aminoacido_peptido,patron_aminoacido_peptido_o_derivado,familia_quimica_por_patron_textual_con_ancla,relacion_funcional_por_patron_quimico_nombre,rule_based_chemical_name_pattern,baja_confianza_para_clinica_util_para_revision,usar_para_priorizar_revision_no_para_recomendacion_clinica,baja_para_recomendacion_media_para_agrupacion_quimica,true
REL_b81944928c5939,COMP_8EDEE9BC2530,L-Aspartic Acid - Kinetics (PubMed),COMP_984D98F1A15A,L-Arginine,RELACION_FUNCIONAL,SOPORTE_FUNCIONAL,patron_aminoacido_peptido,patron_aminoacido_peptido_o_derivado,familia_quimica_por_patron_textual_con_ancla,relacion_funcional_por_patron_quimico_nombre,rule_based_chemical_name_pattern,baja_confianza_para_clinica_util_para_revision,usar_para_priorizar_revision_no_para_recomendacion_clinica,baja_para_recomendacion_media_para_agrupacion_quimica,true
REL_e867810e04ebc2,COMP_506514090324,L-Alanine,COMP_F9ABA7272B90,L-Aspartic Acid - Mechanism of action (PubMed),RELACION_FUNCIONAL,SOPORTE_FUNCIONAL,patron_aminoacido_peptido,patron_aminoacido_peptido_o_derivado,familia_quimica_por_patron_textual_con_ancla,relacion_funcional_por_patron_quimico_nombre,rule_based_chemical_name_pattern,baja_confianza_para_clinica_util_para_revision,usar_para_priorizar_revision_no_para_recomendacion_clinica,baja_para_recomendacion_media_para_agrupacion_quimica,true
REL_82344c0cdaeeaf,COMP_984D98F1A15A,L-Arginine,COMP_F9ABA7272B90,L-Aspartic Acid - Mechanism of action (PubMed),RELACION_FUNCIONAL,SOPORTE_FUNCIONAL,patron_aminoacido_peptido,patron_aminoacido_peptido_o_derivado,familia_quimica_por_patron_textual_con_ancla,relacion_funcional_por_patron_quimico_nombre,rule_based_chemical_name_pattern,baja_confianza_para_clinica_util_para_revision,usar_para_priorizar_revision_no_para_recomendacion_clinica,baja_para_recomendacion_media_para_agrupacion_quimica,true
REL_0ef4da0e0dbe48,COMP_4D7B712AD6B1,L-Aspartic Acid - Poisoning (PubMed),COMP_506514090324,L-Alanine,RELACION_FUNCIONAL,SOPORTE_FUNCIONAL,patron_aminoacido_peptido,patron_aminoacido_peptido_o_derivado,familia_quimica_por_patron_textual_con_ancla,relacion_funcional_por_patron_quimico_nombre,rule_based_chemical_name_pattern,baja_confianza_para_clinica_util_para_revision,usar_para_priorizar_revision_no_para_recomendacion_clinica,baja_para_recomendacion_media_para_agrupacion_quimica,true
REL_a6a1d31684b3e7,COMP_4D7B712AD6B1,L-Aspartic Acid - Poisoning (PubMed),COMP_984D98F1A15A,L-Arginine,RELACION_FUNCIONAL,SOPORTE_FUNCIONAL,patron_aminoacido_peptido,patron_aminoacido_peptido_o_derivado,familia_quimica_por_patron_textual_con_ancla,relacion_funcional_por_patron_quimico_nombre,rule_based_chemical_name_pattern,baja_confianza_para_clinica_util_para_revision,usar_para_priorizar_revision_no_para_recomendacion_clinica,baja_para_recomendacion_media_para_agrupacion_quimica,true
REL_a59cae60c63c2b,COMP_506514090324,L-Alanine,COMP_A7EF076D24C2,L-Cystine - Adverse effects (PubMed),RELACION_FUNCIONAL,SOPORTE_FUNCIONAL,patron_aminoacido_peptido,patron_aminoacido_peptido_o_derivado,familia_quimica_por_patron_textual_con_ancla,relacion_funcional_por_patron_quimico_nombre,rule_based_chemical_name_pattern,baja_confianza_para_clinica_util_para_revision,usar_para_priorizar_revision_no_para_recomendacion_clinica,baja_para_recomendacion_media_para_agrupacion_quimica,true
REL_90d3c4ea530993,COMP_984D98F1A15A,L-Arginine,COMP_A7EF076D24C2,L-Cystine - Adverse effects (PubMed),RELACION_FUNCIONAL,SOPORTE_FUNCIONAL,patron_aminoacido_peptido,patron_aminoacido_peptido_o_derivado,familia_quimica_por_patron_textual_con_ancla,relacion_funcional_por_patron_quimico_nombre,rule_based_chemical_name_pattern,baja_confianza_para_clinica_util_para_revision,usar_para_priorizar_revision_no_para_recomendacion_clinica,baja_para_recomendacion_media_para_agrupacion_quimica,true
REL_d97a0fa8e825b9,COMP_506514090324,L-Alanine,COMP_8386C81E12C2,L-Cystine - Clinical trials (PubMed),RELACION_FUNCIONAL,SOPORTE_FUNCIONAL,patron_aminoacido_peptido,patron_aminoacido_peptido_o_derivado,familia_quimica_por_patron_textual_con_ancla,relacion_funcional_por_patron_quimico_nombre,rule_based_chemical_name_pattern,baja_confianza_para_clinica_util_para_revision,usar_para_priorizar_revision_no_para_recomendacion_clinica,baja_para_recomendacion_media_para_agrupacion_quimica,true
REL_ac92943019a33b,COMP_8386C81E12C2,L-Cystine - Clinical trials (PubMed),COMP_984D98F1A15A,L-Arginine,RELACION_FUNCIONAL,SOPORTE_FUNCIONAL,patron_aminoacido_peptido,patron_aminoacido_peptido_o_derivado,familia_quimica_por_patron_textual_con_ancla,relacion_funcional_por_patron_quimico_nombre,rule_based_chemical_name_pattern,baja_confianza_para_clinica_util_para_revision,usar_para_priorizar_revision_no_para_recomendacion_clinica,baja_para_recomendacion_media_para_agrupacion_quimica,true
REL_f9cbf20958b70c,COMP_4D857340ECAC,L-Cystine - Dietary supplement use in human (PubMed),COMP_506514090324,L-Alanine,RELACION_FUNCIONAL,SOPORTE_FUNCIONAL,patron_aminoacido_peptido,patron_aminoacido_peptido_o_derivado,familia_quimica_por_patron_textual_con_ancla,relacion_funcional_por_patron_quimico_nombre,rule_based_chemical_name_pattern,baja_confianza_para_clinica_util_para_revision,usar_para_priorizar_revision_no_para_recomendacion_clinica,baja_para_recomendacion_media_para_agrupacion_quimica,true
REL_cd4496cb782d9b,COMP_4D857340ECAC,L-Cystine - Dietary supplement use in human (PubMed),COMP_984D98F1A15A,L-Arginine,RELACION_FUNCIONAL,SOPORTE_FUNCIONAL,patron_aminoacido_peptido,patron_aminoacido_peptido_o_derivado,familia_quimica_por_patron_textual_con_ancla,relacion_funcional_por_patron_quimico_nombre,rule_based_chemical_name_pattern,baja_confianza_para_clinica_util_para_revision,usar_para_priorizar_revision_no_para_recomendacion_clinica,baja_para_recomendacion_media_para_agrupacion_quimica,true
REL_dcb456219168b7,COMP_506514090324,L-Alanine,COMP_F3B068499869,L-Cystine - Dose and administration (PubMed),RELACION_FUNCIONAL,SOPORTE_FUNCIONAL,patron_aminoacido_peptido,patron_aminoacido_peptido_o_derivado,familia_quimica_por_patron_textual_con_ancla,relacion_funcional_por_patron_quimico_nombre,rule_based_chemical_name_pattern,baja_confianza_para_clinica_util_para_revision,usar_para_priorizar_revision_no_para_recomendacion_clinica,baja_para_recomendacion_media_para_agrupacion_quimica,true
REL_e86433e85a6065,COMP_984D98F1A15A,L-Arginine,COMP_F3B068499869,L-Cystine - Dose and administration (PubMed),RELACION_FUNCIONAL,SOPORTE_FUNCIONAL,patron_aminoacido_peptido,patron_aminoacido_peptido_o_derivado,familia_quimica_por_patron_textual_con_ancla,relacion_funcional_por_patron_quimico_nombre,rule_based_chemical_name_pattern,baja_confianza_para_clinica_util_para_revision,usar_para_priorizar_revision_no_para_recomendacion_clinica,baja_para_recomendacion_media_para_agrupacion_quimica,true
REL_4bcc6a8fbab177,COMP_506514090324,L-Alanine,COMP_9A4DA80328F6,L-Cystine - Kinetics (PubMed),RELACION_FUNCIONAL,SOPORTE_FUNCIONAL,patron_aminoacido_peptido,patron_aminoacido_peptido_o_derivado,familia_quimica_por_patron_textual_con_ancla,relacion_funcional_por_patron_quimico_nombre,rule_based_chemical_name_pattern,baja_confianza_para_clinica_util_para_revision,usar_para_priorizar_revision_no_para_recomendacion_clinica,baja_para_recomendacion_media_para_agrupacion_quimica,true
REL_f456623c7f596e,COMP_984D98F1A15A,L-Arginine,COMP_9A4DA80328F6,L-Cystine - Kinetics (PubMed),RELACION_FUNCIONAL,SOPORTE_FUNCIONAL,patron_aminoacido_peptido,patron_aminoacido_peptido_o_derivado,familia_quimica_por_patron_textual_con_ancla,relacion_funcional_por_patron_quimico_nombre,rule_based_chemical_name_pattern,baja_confianza_para_clinica_util_para_revision,usar_para_priorizar_revision_no_para_recomendacion_clinica,baja_para_recomendacion_media_para_agrupacion_quimica,true
REL_551452827cf6c4,COMP_506514090324,L-Alanine,COMP_7195DF22F834,L-Cystine - Mechanism of action (PubMed),RELACION_FUNCIONAL,SOPORTE_FUNCIONAL,patron_aminoacido_peptido,patron_aminoacido_peptido_o_derivado,familia_quimica_por_patron_textual_con_ancla,relacion_funcional_por_patron_quimico_nombre,rule_based_chemical_name_pattern,baja_confianza_para_clinica_util_para_revision,usar_para_priorizar_revision_no_para_recomendacion_clinica,baja_para_recomendacion_media_para_agrupacion_quimica,true
REL_db45c05428e09a,COMP_7195DF22F834,L-Cystine - Mechanism of action (PubMed),COMP_984D98F1A15A,L-Arginine,RELACION_FUNCIONAL,SOPORTE_FUNCIONAL,patron_aminoacido_peptido,patron_aminoacido_peptido_o_derivado,familia_quimica_por_patron_textual_con_ancla,relacion_funcional_por_patron_quimico_nombre,rule_based_chemical_name_pattern,baja_confianza_para_clinica_util_para_revision,usar_para_priorizar_revision_no_para_recomendacion_clinica,baja_para_recomendacion_media_para_agrupacion_quimica,true
REL_0ffa5d4ff2354c,COMP_506514090324,L-Alanine,COMP_CB4FEA3EB7C6,L-Cystine - Poisoning (PubMed),RELACION_FUNCIONAL,SOPORTE_FUNCIONAL,patron_aminoacido_peptido,patron_aminoacido_peptido_o_derivado,familia_quimica_por_patron_textual_con_ancla,relacion_funcional_por_patron_quimico_nombre,rule_based_chemical_name_pattern,baja_confianza_para_clinica_util_para_revision,usar_para_priorizar_revision_no_para_recomendacion_clinica,baja_para_recomendacion_media_para_agrupacion_quimica,true
REL_ffe42405957a01,COMP_984D98F1A15A,L-Arginine,COMP_CB4FEA3EB7C6,L-Cystine - Poisoning (PubMed),RELACION_FUNCIONAL,SOPORTE_FUNCIONAL,patron_aminoacido_peptido,patron_aminoacido_peptido_o_derivado,familia_quimica_por_patron_textual_con_ancla,relacion_funcional_por_patron_quimico_nombre,rule_based_chemical_name_pattern,baja_confianza_para_clinica_util_para_revision,usar_para_priorizar_revision_no_para_recomendacion_clinica,baja_para_recomendacion_media_para_agrupacion_quimica,true
REL_77d854c2411c86,COMP_2C10A47DCE2A,L-Ornithine,COMP_506514090324,L-Alanine,RELACION_FUNCIONAL,SOPORTE_FUNCIONAL,patron_aminoacido_peptido,patron_aminoacido_peptido_o_derivado,familia_quimica_por_patron_textual_con_ancla,relacion_funcional_por_patron_quimico_nombre,rule_based_chemical_name_pattern,baja_confianza_para_clinica_util_para_revision,usar_para_priorizar_revision_no_para_recomendacion_clinica,baja_para_recomendacion_media_para_agrupacion_quimica,true
REL_60d28ed5264a99,COMP_2C10A47DCE2A,L-Ornithine,COMP_984D98F1A15A,L-Arginine,RELACION_FUNCIONAL,SOPORTE_FUNCIONAL,patron_aminoacido_peptido,patron_aminoacido_peptido_o_derivado,familia_quimica_por_patron_textual_con_ancla,relacion_funcional_por_patron_quimico_nombre,rule_based_chemical_name_pattern,baja_confianza_para_clinica_util_para_revision,usar_para_priorizar_revision_no_para_recomendacion_clinica,baja_para_recomendacion_media_para_agrupacion_quimica,true
REL_de5d47daed4f84,COMP_506514090324,L-Alanine,COMP_DCD1552C6906,L-Phenylalanine - Adverse effects (PubMed),RELACION_FUNCIONAL,SOPORTE_FUNCIONAL,patron_aminoacido_peptido,patron_aminoacido_peptido_o_derivado,familia_quimica_por_patron_textual_con_ancla,relacion_funcional_por_patron_quimico_nombre,rule_based_chemical_name_pattern,baja_confianza_para_clinica_util_para_revision,usar_para_priorizar_revision_no_para_recomendacion_clinica,baja_para_recomendacion_media_para_agrupacion_quimica,true
REL_4aade49d5751ec,COMP_984D98F1A15A,L-Arginine,COMP_DCD1552C6906,L-Phenylalanine - Adverse effects (PubMed),RELACION_FUNCIONAL,SOPORTE_FUNCIONAL,patron_aminoacido_peptido,patron_aminoacido_peptido_o_derivado,familia_quimica_por_patron_textual_con_ancla,relacion_funcional_por_patron_quimico_nombre,rule_based_chemical_name_pattern,baja_confianza_para_clinica_util_para_revision,usar_para_priorizar_revision_no_para_recomendacion_clinica,baja_para_recomendacion_media_para_agrupacion_quimica,true
REL_8a561dff7aba8d,COMP_506514090324,L-Alanine,COMP_997F340316C0,L-Phenylalanine - Clinical trials (PubMed),RELACION_FUNCIONAL,SOPORTE_FUNCIONAL,patron_aminoacido_peptido,patron_aminoacido_peptido_o_derivado,familia_quimica_por_patron_textual_con_ancla,relacion_funcional_por_patron_quimico_nombre,rule_based_chemical_name_pattern,baja_confianza_para_clinica_util_para_revision,usar_para_priorizar_revision_no_para_recomendacion_clinica,baja_para_recomendacion_media_para_agrupacion_quimica,true
REL_a842e22b260f57,COMP_984D98F1A15A,L-Arginine,COMP_997F340316C0,L-Phenylalanine - Clinical trials (PubMed),RELACION_FUNCIONAL,SOPORTE_FUNCIONAL,patron_aminoacido_peptido,patron_aminoacido_peptido_o_derivado,familia_quimica_por_patron_textual_con_ancla,relacion_funcional_por_patron_quimico_nombre,rule_based_chemical_name_pattern,baja_confianza_para_clinica_util_para_revision,usar_para_priorizar_revision_no_para_recomendacion_clinica,baja_para_recomendacion_media_para_agrupacion_quimica,true
REL_d9a6678db0d798,COMP_506514090324,L-Alanine,COMP_9D8FA21BD2F3,L-Phenylalanine - Contraindications (PubMed),RELACION_FUNCIONAL,SOPORTE_FUNCIONAL,patron_aminoacido_peptido,patron_aminoacido_peptido_o_derivado,familia_quimica_por_patron_textual_con_ancla,relacion_funcional_por_patron_quimico_nombre,rule_based_chemical_name_pattern,baja_confianza_para_clinica_util_para_revision,usar_para_priorizar_revision_no_para_recomendacion_clinica,baja_para_recomendacion_media_para_agrupacion_quimica,true
REL_038e51c594c39d,COMP_984D98F1A15A,L-Arginine,COMP_9D8FA21BD2F3,L-Phenylalanine - Contraindications (PubMed),RELACION_FUNCIONAL,SOPORTE_FUNCIONAL,patron_aminoacido_peptido,patron_aminoacido_peptido_o_derivado,familia_quimica_por_patron_textual_con_ancla,relacion_funcional_por_patron_quimico_nombre,rule_based_chemical_name_pattern,baja_confianza_para_clinica_util_para_revision,usar_para_priorizar_revision_no_para_recomendacion_clinica,baja_para_recomendacion_media_para_agrupacion_quimica,true
REL_9660c9fb276f16,COMP_506514090324,L-Alanine,COMP_67A273A0758B,L-Phenylalanine - Dietary supplement use in human (PubMed),RELACION_FUNCIONAL,SOPORTE_FUNCIONAL,patron_aminoacido_peptido,patron_aminoacido_peptido_o_derivado,familia_quimica_por_patron_textual_con_ancla,relacion_funcional_por_patron_quimico_nombre,rule_based_chemical_name_pattern,baja_confianza_para_clinica_util_para_revision,usar_para_priorizar_revision_no_para_recomendacion_clinica,baja_para_recomendacion_media_para_agrupacion_quimica,true
REL_29103bd91db162,COMP_67A273A0758B,L-Phenylalanine - Dietary supplement use in human (PubMed),COMP_984D98F1A15A,L-Arginine,RELACION_FUNCIONAL,SOPORTE_FUNCIONAL,patron_aminoacido_peptido,patron_aminoacido_peptido_o_derivado,familia_quimica_por_patron_textual_con_ancla,relacion_funcional_por_patron_quimico_nombre,rule_based_chemical_name_pattern,baja_confianza_para_clinica_util_para_revision,usar_para_priorizar_revision_no_para_recomendacion_clinica,baja_para_recomendacion_media_para_agrupacion_quimica,true
REL_d73f1bfc7b9140,COMP_506514090324,L-Alanine,COMP_E2A885F8770F,L-Phenylalanine - Dose and administration (PubMed),RELACION_FUNCIONAL,SOPORTE_FUNCIONAL,patron_aminoacido_peptido,patron_aminoacido_peptido_o_derivado,familia_quimica_por_patron_textual_con_ancla,relacion_funcional_por_patron_quimico_nombre,rule_based_chemical_name_pattern,baja_confianza_para_clinica_util_para_revision,usar_para_priorizar_revision_no_para_recomendacion_clinica,baja_para_recomendacion_media_para_agrupacion_quimica,true
REL_8babf1e24353b8,COMP_984D98F1A15A,L-Arginine,COMP_E2A885F8770F,L-Phenylalanine - Dose and administration (PubMed),RELACION_FUNCIONAL,SOPORTE_FUNCIONAL,patron_aminoacido_peptido,patron_aminoacido_peptido_o_derivado,familia_quimica_por_patron_textual_con_ancla,relacion_funcional_por_patron_quimico_nombre,rule_based_chemical_name_pattern,baja_confianza_para_clinica_util_para_revision,usar_para_priorizar_revision_no_para_recomendacion_clinica,baja_para_recomendacion_media_para_agrupacion_quimica,true
REL_787030548d5819,COMP_506514090324,L-Alanine,COMP_BB80BA06AB31,L-Phenylalanine - Kinetics (PubMed),RELACION_FUNCIONAL,SOPORTE_FUNCIONAL,patron_aminoacido_peptido,patron_aminoacido_peptido_o_derivado,familia_quimica_por_patron_textual_con_ancla,relacion_funcional_por_patron_quimico_nombre,rule_based_chemical_name_pattern,baja_confianza_para_clinica_util_para_revision,usar_para_priorizar_revision_no_para_recomendacion_clinica,baja_para_recomendacion_media_para_agrupacion_quimica,true
REL_cddcff1f1aad01,COMP_984D98F1A15A,L-Arginine,COMP_BB80BA06AB31,L-Phenylalanine - Kinetics (PubMed),RELACION_FUNCIONAL,SOPORTE_FUNCIONAL,patron_aminoacido_peptido,patron_aminoacido_peptido_o_derivado,familia_quimica_por_patron_textual_con_ancla,relacion_funcional_por_patron_quimico_nombre,rule_based_chemical_name_pattern,baja_confianza_para_clinica_util_para_revision,usar_para_priorizar_revision_no_para_recomendacion_clinica,baja_para_recomendacion_media_para_agrupacion_quimica,true
REL_35da3c8d4d634f,COMP_30DECC765A9E,L-Phenylalanine - Mechanism of action (PubMed),COMP_506514090324,L-Alanine,RELACION_FUNCIONAL,SOPORTE_FUNCIONAL,patron_aminoacido_peptido,patron_aminoacido_peptido_o_derivado,familia_quimica_por_patron_textual_con_ancla,relacion_funcional_por_patron_quimico_nombre,rule_based_chemical_name_pattern,baja_confianza_para_clinica_util_para_revision,usar_para_priorizar_revision_no_para_recomendacion_clinica,baja_para_recomendacion_media_para_agrupacion_quimica,true
REL_f0f66674877055,COMP_30DECC765A9E,L-Phenylalanine - Mechanism of action (PubMed),COMP_984D98F1A15A,L-Arginine,RELACION_FUNCIONAL,SOPORTE_FUNCIONAL,patron_aminoacido_peptido,patron_aminoacido_peptido_o_derivado,familia_quimica_por_patron_textual_con_ancla,relacion_funcional_por_patron_quimico_nombre,rule_based_chemical_name_pattern,baja_confianza_para_clinica_util_para_revision,usar_para_priorizar_revision_no_para_recomendacion_clinica,baja_para_recomendacion_media_para_agrupacion_quimica,true
REL_46972cb3bb3d80,COMP_506514090324,L-Alanine,COMP_E273EB8E52DE,L-Phenylalanine - Poisoning (PubMed),RELACION_FUNCIONAL,SOPORTE_FUNCIONAL,patron_aminoacido_peptido,patron_aminoacido_peptido_o_derivado,familia_quimica_por_patron_textual_con_ancla,relacion_funcional_por_patron_quimico_nombre,rule_based_chemical_name_pattern,baja_confianza_para_clinica_util_para_revision,usar_para_priorizar_revision_no_para_recomendacion_clinica,baja_para_recomendacion_media_para_agrupacion_quimica,true
REL_60a7ce7b1f9c1b,COMP_984D98F1A15A,L-Arginine,COMP_E273EB8E52DE,L-Phenylalanine - Poisoning (PubMed),RELACION_FUNCIONAL,SOPORTE_FUNCIONAL,patron_aminoacido_peptido,patron_aminoacido_peptido_o_derivado,familia_quimica_por_patron_textual_con_ancla,relacion_funcional_por_patron_quimico_nombre,rule_based_chemical_name_pattern,baja_confianza_para_clinica_util_para_revision,usar_para_priorizar_revision_no_para_recomendacion_clinica,baja_para_recomendacion_media_para_agrupacion_quimica,true
REL_82bf11eca47e1d,COMP_506514090324,L-Alanine,COMP_7DD7AAD751FD,L-Tryptophan - Adverse effects (PubMed),RELACION_FUNCIONAL,SOPORTE_FUNCIONAL,patron_aminoacido_peptido,patron_aminoacido_peptido_o_derivado,familia_quimica_por_patron_textual_con_ancla,relacion_funcional_por_patron_quimico_nombre,rule_based_chemical_name_pattern,baja_confianza_para_clinica_util_para_revision,usar_para_priorizar_revision_no_para_recomendacion_clinica,baja_para_recomendacion_media_para_agrupacion_quimica,true
REL_bcc28df9a7331b,COMP_7DD7AAD751FD,L-Tryptophan - Adverse effects (PubMed),COMP_984D98F1A15A,L-Arginine,RELACION_FUNCIONAL,SOPORTE_FUNCIONAL,patron_aminoacido_peptido,patron_aminoacido_peptido_o_derivado,familia_quimica_por_patron_textual_con_ancla,relacion_funcional_por_patron_quimico_nombre,rule_based_chemical_name_pattern,baja_confianza_para_clinica_util_para_revision,usar_para_priorizar_revision_no_para_recomendacion_clinica,baja_para_recomendacion_media_para_agrupacion_quimica,true
REL_4ea9d1c7fcfab7,COMP_22A3E60C3827,L-Tryptophan - Clinical trials (PubMed),COMP_506514090324,L-Alanine,RELACION_FUNCIONAL,SOPORTE_FUNCIONAL,patron_aminoacido_peptido,patron_aminoacido_peptido_o_derivado,familia_quimica_por_patron_textual_con_ancla,relacion_funcional_por_patron_quimico_nombre,rule_based_chemical_name_pattern,baja_confianza_para_clinica_util_para_revision,usar_para_priorizar_revision_no_para_recomendacion_clinica,baja_para_recomendacion_media_para_agrupacion_quimica,true
REL_65fa2ac624398f,COMP_22A3E60C3827,L-Tryptophan - Clinical trials (PubMed),COMP_984D98F1A15A,L-Arginine,RELACION_FUNCIONAL,SOPORTE_FUNCIONAL,patron_aminoacido_peptido,patron_aminoacido_peptido_o_derivado,familia_quimica_por_patron_textual_con_ancla,relacion_funcional_por_patron_quimico_nombre,rule_based_chemical_name_pattern,baja_confianza_para_clinica_util_para_revision,usar_para_priorizar_revision_no_para_recomendacion_clinica,baja_para_recomendacion_media_para_agrupacion_quimica,true
REL_3291892fa0c657,COMP_33FD759EAC5B,L-Tryptophan - Dietary supplement use in human (PubMed),COMP_506514090324,L-Alanine,RELACION_FUNCIONAL,SOPORTE_FUNCIONAL,patron_aminoacido_peptido,patron_aminoacido_peptido_o_derivado,familia_quimica_por_patron_textual_con_ancla,relacion_funcional_por_patron_quimico_nombre,rule_based_chemical_name_pattern,baja_confianza_para_clinica_util_para_revision,usar_para_priorizar_revision_no_para_recomendacion_clinica,baja_para_recomendacion_media_para_agrupacion_quimica,true
REL_64e2e7886b8325,COMP_33FD759EAC5B,L-Tryptophan - Dietary supplement use in human (PubMed),COMP_984D98F1A15A,L-Arginine,RELACION_FUNCIONAL,SOPORTE_FUNCIONAL,patron_aminoacido_peptido,patron_aminoacido_peptido_o_derivado,familia_quimica_por_patron_textual_con_ancla,relacion_funcional_por_patron_quimico_nombre,rule_based_chemical_name_pattern,baja_confianza_para_clinica_util_para_revision,usar_para_priorizar_revision_no_para_recomendacion_clinica,baja_para_recomendacion_media_para_agrupacion_quimica,true
REL_00587021789ce2,COMP_506514090324,L-Alanine,COMP_54E307D1993D,L-Tryptophan - Dose and administration (PubMed),RELACION_FUNCIONAL,SOPORTE_FUNCIONAL,patron_aminoacido_peptido,patron_aminoacido_peptido_o_derivado,familia_quimica_por_patron_textual_con_ancla,relacion_funcional_por_patron_quimico_nombre,rule_based_chemical_name_pattern,baja_confianza_para_clinica_util_para_revision,usar_para_priorizar_revision_no_para_recomendacion_clinica,baja_para_recomendacion_media_para_agrupacion_quimica,true
REL_705d401b926fef,COMP_54E307D1993D,L-Tryptophan - Dose and administration (PubMed),COMP_984D98F1A15A,L-Arginine,RELACION_FUNCIONAL,SOPORTE_FUNCIONAL,patron_aminoacido_peptido,patron_aminoacido_peptido_o_derivado,familia_quimica_por_patron_textual_con_ancla,relacion_funcional_por_patron_quimico_nombre,rule_based_chemical_name_pattern,baja_confianza_para_clinica_util_para_revision,usar_para_priorizar_revision_no_para_recomendacion_clinica,baja_para_recomendacion_media_para_agrupacion_quimica,true
REL_da621c4bb0d718,COMP_2A14B2AC8895,L-Tryptophan - Kinetics (PubMed),COMP_506514090324,L-Alanine,RELACION_FUNCIONAL,SOPORTE_FUNCIONAL,patron_aminoacido_peptido,patron_aminoacido_peptido_o_derivado,familia_quimica_por_patron_textual_con_ancla,relacion_funcional_por_patron_quimico_nombre,rule_based_chemical_name_pattern,baja_confianza_para_clinica_util_para_revision,usar_para_priorizar_revision_no_para_recomendacion_clinica,baja_para_recomendacion_media_para_agrupacion_quimica,true
REL_5d82ed7e796cbc,COMP_2A14B2AC8895,L-Tryptophan - Kinetics (PubMed),COMP_984D98F1A15A,L-Arginine,RELACION_FUNCIONAL,SOPORTE_FUNCIONAL,patron_aminoacido_peptido,patron_aminoacido_peptido_o_derivado,familia_quimica_por_patron_textual_con_ancla,relacion_funcional_por_patron_quimico_nombre,rule_based_chemical_name_pattern,baja_confianza_para_clinica_util_para_revision,usar_para_priorizar_revision_no_para_recomendacion_clinica,baja_para_recomendacion_media_para_agrupacion_quimica,true
REL_2f02b62252422e,COMP_506514090324,L-Alanine,COMP_F402284BF2FC,L-Tryptophan - Mechanism of action (PubMed),RELACION_FUNCIONAL,SOPORTE_FUNCIONAL,patron_aminoacido_peptido,patron_aminoacido_peptido_o_derivado,familia_quimica_por_patron_textual_con_ancla,relacion_funcional_por_patron_quimico_nombre,rule_based_chemical_name_pattern,baja_confianza_para_clinica_util_para_revision,usar_para_priorizar_revision_no_para_recomendacion_clinica,baja_para_recomendacion_media_para_agrupacion_quimica,true
REL_e19215657c9631,COMP_984D98F1A15A,L-Arginine,COMP_F402284BF2FC,L-Tryptophan - Mechanism of action (PubMed),RELACION_FUNCIONAL,SOPORTE_FUNCIONAL,patron_aminoacido_peptido,patron_aminoacido_peptido_o_derivado,familia_quimica_por_patron_textual_con_ancla,relacion_funcional_por_patron_quimico_nombre,rule_based_chemical_name_pattern,baja_confianza_para_clinica_util_para_revision,usar_para_priorizar_revision_no_para_recomendacion_clinica,baja_para_recomendacion_media_para_agrupacion_quimica,true
REL_1b5cb17020f9b4,COMP_506514090324,L-Alanine,COMP_E097BD47A795,L-Tryptophan - Poisoning (PubMed),RELACION_FUNCIONAL,SOPORTE_FUNCIONAL,patron_aminoacido_peptido,patron_aminoacido_peptido_o_derivado,familia_quimica_por_patron_textual_con_ancla,relacion_funcional_por_patron_quimico_nombre,rule_based_chemical_name_pattern,baja_confianza_para_clinica_util_para_revision,usar_para_priorizar_revision_no_para_recomendacion_clinica,baja_para_recomendacion_media_para_agrupacion_quimica,true
REL_72b074c91a7c98,COMP_984D98F1A15A,L-Arginine,COMP_E097BD47A795,L-Tryptophan - Poisoning (PubMed),RELACION_FUNCIONAL,SOPORTE_FUNCIONAL,patron_aminoacido_peptido,patron_aminoacido_peptido_o_derivado,familia_quimica_por_patron_textual_con_ancla,relacion_funcional_por_patron_quimico_nombre,rule_based_chemical_name_pattern,baja_confianza_para_clinica_util_para_revision,usar_para_priorizar_revision_no_para_recomendacion_clinica,baja_para_recomendacion_media_para_agrupacion_quimica,true
REL_243ae2b7840d01,COMP_506514090324,L-Alanine,COMP_E7865087E9A2,L-arginine (MedlinePlus Supplements),RELACION_FUNCIONAL,SOPORTE_FUNCIONAL,patron_aminoacido_peptido,patron_aminoacido_peptido_o_derivado,familia_quimica_por_patron_textual_con_ancla,relacion_funcional_por_patron_quimico_nombre,rule_based_chemical_name_pattern,baja_confianza_para_clinica_util_para_revision,usar_para_priorizar_revision_no_para_recomendacion_clinica,baja_para_recomendacion_media_para_agrupacion_quimica,true
REL_9e259be54b44a2,COMP_984D98F1A15A,L-Arginine,COMP_E7865087E9A2,L-arginine (MedlinePlus Supplements),RELACION_FUNCIONAL,SOPORTE_FUNCIONAL,patron_aminoacido_peptido,patron_aminoacido_peptido_o_derivado,familia_quimica_por_patron_textual_con_ancla,relacion_funcional_por_patron_quimico_nombre,rule_based_chemical_name_pattern,baja_confianza_para_clinica_util_para_revision,usar_para_priorizar_revision_no_para_recomendacion_clinica,baja_para_recomendacion_media_para_agrupacion_quimica,true
REL_0487b2a8b0c161,COMP_506514090324,L-Alanine,COMP_66335029A27D,Leucyl-L-Isoleucine,RELACION_FUNCIONAL,SOPORTE_FUNCIONAL,patron_aminoacido_peptido,patron_aminoacido_peptido_o_derivado,familia_quimica_por_patron_textual_con_ancla,relacion_funcional_por_patron_quimico_nombre,rule_based_chemical_name_pattern,baja_confianza_para_clinica_util_para_revision,usar_para_priorizar_revision_no_para_recomendacion_clinica,baja_para_recomendacion_media_para_agrupacion_quimica,true
REL_1ced3ef42b64ca,COMP_66335029A27D,Leucyl-L-Isoleucine,COMP_984D98F1A15A,L-Arginine,RELACION_FUNCIONAL,SOPORTE_FUNCIONAL,patron_aminoacido_peptido,patron_aminoacido_peptido_o_derivado,familia_quimica_por_patron_textual_con_ancla,relacion_funcional_por_patron_quimico_nombre,rule_based_chemical_name_pattern,baja_confianza_para_clinica_util_para_revision,usar_para_priorizar_revision_no_para_recomendacion_clinica,baja_para_recomendacion_media_para_agrupacion_quimica,true
REL_9adbcdb68586e7,COMP_506514090324,L-Alanine,COMP_A4C0929932D4,N-Methyl-aspartic acid,RELACION_FUNCIONAL,SOPORTE_FUNCIONAL,patron_aminoacido_peptido,patron_aminoacido_peptido_o_derivado,familia_quimica_por_patron_textual_con_ancla,relacion_funcional_por_patron_quimico_nombre,rule_based_chemical_name_pattern,baja_confianza_para_clinica_util_para_revision,usar_para_priorizar_revision_no_para_recomendacion_clinica,baja_para_recomendacion_media_para_agrupacion_quimica,true
REL_ad3473b94aae60,COMP_984D98F1A15A,L-Arginine,COMP_A4C0929932D4,N-Methyl-aspartic acid,RELACION_FUNCIONAL,SOPORTE_FUNCIONAL,patron_aminoacido_peptido,patron_aminoacido_peptido_o_derivado,familia_quimica_por_patron_textual_con_ancla,relacion_funcional_por_patron_quimico_nombre,rule_based_chemical_name_pattern,baja_confianza_para_clinica_util_para_revision,usar_para_priorizar_revision_no_para_recomendacion_clinica,baja_para_recomendacion_media_para_agrupacion_quimica,true
REL_f4f674700d73c9,COMP_05115800F154,N-acetyl glutamine,COMP_506514090324,L-Alanine,RELACION_FUNCIONAL,SOPORTE_FUNCIONAL,patron_aminoacido_peptido,patron_aminoacido_peptido_o_derivado,familia_quimica_por_patron_textual_con_ancla,relacion_funcional_por_patron_quimico_nombre,rule_based_chemical_name_pattern,baja_confianza_para_clinica_util_para_revision,usar_para_priorizar_revision_no_para_recomendacion_clinica,baja_para_recomendacion_media_para_agrupacion_quimica,true
REL_45855d2a01d67a,COMP_05115800F154,N-acetyl glutamine,COMP_984D98F1A15A,L-Arginine,RELACION_FUNCIONAL,SOPORTE_FUNCIONAL,patron_aminoacido_peptido,patron_aminoacido_peptido_o_derivado,familia_quimica_por_patron_textual_con_ancla,relacion_funcional_por_patron_quimico_nombre,rule_based_chemical_name_pattern,baja_confianza_para_clinica_util_para_revision,usar_para_priorizar_revision_no_para_recomendacion_clinica,baja_para_recomendacion_media_para_agrupacion_quimica,true
REL_700706597290fd,COMP_173D0ECE3E4D,N-acetyl phenylalanine,COMP_506514090324,L-Alanine,RELACION_FUNCIONAL,SOPORTE_FUNCIONAL,patron_aminoacido_peptido,patron_aminoacido_peptido_o_derivado,familia_quimica_por_patron_textual_con_ancla,relacion_funcional_por_patron_quimico_nombre,rule_based_chemical_name_pattern,baja_confianza_para_clinica_util_para_revision,usar_para_priorizar_revision_no_para_recomendacion_clinica,baja_para_recomendacion_media_para_agrupacion_quimica,true
REL_cb0c7d02d3ec81,COMP_173D0ECE3E4D,N-acetyl phenylalanine,COMP_984D98F1A15A,L-Arginine,RELACION_FUNCIONAL,SOPORTE_FUNCIONAL,patron_aminoacido_peptido,patron_aminoacido_peptido_o_derivado,familia_quimica_por_patron_textual_con_ancla,relacion_funcional_por_patron_quimico_nombre,rule_based_chemical_name_pattern,baja_confianza_para_clinica_util_para_revision,usar_para_priorizar_revision_no_para_recomendacion_clinica,baja_para_recomendacion_media_para_agrupacion_quimica,true
REL_5401b772b6dd3f,COMP_506514090324,L-Alanine,COMP_A9918320656A,N-methyl Tyramine,RELACION_FUNCIONAL,SOPORTE_FUNCIONAL,patron_aminoacido_peptido,patron_aminoacido_peptido_o_derivado,familia_quimica_por_patron_textual_con_ancla,relacion_funcional_por_patron_quimico_nombre,rule_based_chemical_name_pattern,baja_confianza_para_clinica_util_para_revision,usar_para_priorizar_revision_no_para_recomendacion_clinica,baja_para_recomendacion_media_para_agrupacion_quimica,true
REL_8fdb4cd4e67997,COMP_984D98F1A15A,L-Arginine,COMP_A9918320656A,N-methyl Tyramine,RELACION_FUNCIONAL,SOPORTE_FUNCIONAL,patron_aminoacido_peptido,patron_aminoacido_peptido_o_derivado,familia_quimica_por_patron_textual_con_ancla,relacion_funcional_por_patron_quimico_nombre,rule_based_chemical_name_pattern,baja_confianza_para_clinica_util_para_revision,usar_para_priorizar_revision_no_para_recomendacion_clinica,baja_para_recomendacion_media_para_agrupacion_quimica,true
REL_48d6c89f6cee34,COMP_506514090324,L-Alanine,COMP_55D80644AC1D,Ornithine (ClinicalTrials.gov),RELACION_FUNCIONAL,SOPORTE_FUNCIONAL,patron_aminoacido_peptido,patron_aminoacido_peptido_o_derivado,familia_quimica_por_patron_textual_con_ancla,relacion_funcional_por_patron_quimico_nombre,rule_based_chemical_name_pattern,baja_confianza_para_clinica_util_para_revision,usar_para_priorizar_revision_no_para_recomendacion_clinica,baja_para_recomendacion_media_para_agrupacion_quimica,true
REL_95303c986e532a,COMP_55D80644AC1D,Ornithine (ClinicalTrials.gov),COMP_984D98F1A15A,L-Arginine,RELACION_FUNCIONAL,SOPORTE_FUNCIONAL,patron_aminoacido_peptido,patron_aminoacido_peptido_o_derivado,familia_quimica_por_patron_textual_con_ancla,relacion_funcional_por_patron_quimico_nombre,rule_based_chemical_name_pattern,baja_confianza_para_clinica_util_para_revision,usar_para_priorizar_revision_no_para_recomendacion_clinica,baja_para_recomendacion_media_para_agrupacion_quimica,true
REL_4b0d629229758c,COMP_502DA8919F94,Ornithine l-aspartic acid,COMP_506514090324,L-Alanine,RELACION_FUNCIONAL,SOPORTE_FUNCIONAL,patron_aminoacido_peptido,patron_aminoacido_peptido_o_derivado,familia_quimica_por_patron_textual_con_ancla,relacion_funcional_por_patron_quimico_nombre,rule_based_chemical_name_pattern,baja_confianza_para_clinica_util_para_revision,usar_para_priorizar_revision_no_para_recomendacion_clinica,baja_para_recomendacion_media_para_agrupacion_quimica,true
REL_a1bb3dbfd966fd,COMP_502DA8919F94,Ornithine l-aspartic acid,COMP_984D98F1A15A,L-Arginine,RELACION_FUNCIONAL,SOPORTE_FUNCIONAL,patron_aminoacido_peptido,patron_aminoacido_peptido_o_derivado,familia_quimica_por_patron_textual_con_ancla,relacion_funcional_por_patron_quimico_nombre,rule_based_chemical_name_pattern,baja_confianza_para_clinica_util_para_revision,usar_para_priorizar_revision_no_para_recomendacion_clinica,baja_para_recomendacion_media_para_agrupacion_quimica,true
REL_c9082265d9f829,COMP_506514090324,L-Alanine,COMP_DC50A9AF92F4,Phenylalanine (ClinicalTrials.gov),RELACION_FUNCIONAL,SOPORTE_FUNCIONAL,patron_aminoacido_peptido,patron_aminoacido_peptido_o_derivado,familia_quimica_por_patron_textual_con_ancla,relacion_funcional_por_patron_quimico_nombre,rule_based_chemical_name_pattern,baja_confianza_para_clinica_util_para_revision,usar_para_priorizar_revision_no_para_recomendacion_clinica,baja_para_recomendacion_media_para_agrupacion_quimica,true
REL_3fff869bda94ea,COMP_984D98F1A15A,L-Arginine,COMP_DC50A9AF92F4,Phenylalanine (ClinicalTrials.gov),RELACION_FUNCIONAL,SOPORTE_FUNCIONAL,patron_aminoacido_peptido,patron_aminoacido_peptido_o_derivado,familia_quimica_por_patron_textual_con_ancla,relacion_funcional_por_patron_quimico_nombre,rule_based_chemical_name_pattern,baja_confianza_para_clinica_util_para_revision,usar_para_priorizar_revision_no_para_recomendacion_clinica,baja_para_recomendacion_media_para_agrupacion_quimica,true
REL_3643b6c43fbdb2,COMP_506514090324,L-Alanine,COMP_BB878B6649CB,Tryptophan (ClinicalTrials.gov),RELACION_FUNCIONAL,SOPORTE_FUNCIONAL,patron_aminoacido_peptido,patron_aminoacido_peptido_o_derivado,familia_quimica_por_patron_textual_con_ancla,relacion_funcional_por_patron_quimico_nombre,rule_based_chemical_name_pattern,baja_confianza_para_clinica_util_para_revision,usar_para_priorizar_revision_no_para_recomendacion_clinica,baja_para_recomendacion_media_para_agrupacion_quimica,true
REL_e75449061a73fa,COMP_984D98F1A15A,L-Arginine,COMP_BB878B6649CB,Tryptophan (ClinicalTrials.gov),RELACION_FUNCIONAL,SOPORTE_FUNCIONAL,patron_aminoacido_peptido,patron_aminoacido_peptido_o_derivado,familia_quimica_por_patron_textual_con_ancla,relacion_funcional_por_patron_quimico_nombre,rule_based_chemical_name_pattern,baja_confianza_para_clinica_util_para_revision,usar_para_priorizar_revision_no_para_recomendacion_clinica,baja_para_recomendacion_media_para_agrupacion_quimica,true
REL_c3d4e746d8ac9f,COMP_506514090324,L-Alanine,COMP_E389C1E39F3B,ornithine,RELACION_FUNCIONAL,SOPORTE_FUNCIONAL,patron_aminoacido_peptido,patron_aminoacido_peptido_o_derivado,familia_quimica_por_patron_textual_con_ancla,relacion_funcional_por_patron_quimico_nombre,rule_based_chemical_name_pattern,baja_confianza_para_clinica_util_para_revision,usar_para_priorizar_revision_no_para_recomendacion_clinica,baja_para_recomendacion_media_para_agrupacion_quimica,true
REL_f477b48bd4e84d,COMP_984D98F1A15A,L-Arginine,COMP_E389C1E39F3B,ornithine,RELACION_FUNCIONAL,SOPORTE_FUNCIONAL,patron_aminoacido_peptido,patron_aminoacido_peptido_o_derivado,familia_quimica_por_patron_textual_con_ancla,relacion_funcional_por_patron_quimico_nombre,rule_based_chemical_name_pattern,baja_confianza_para_clinica_util_para_revision,usar_para_priorizar_revision_no_para_recomendacion_clinica,baja_para_recomendacion_media_para_agrupacion_quimica,true
REL_493646d46573e2,COMP_506514090324,L-Alanine,COMP_EF8643F479A2,ornithine alpha-ketoglutarate,RELACION_FUNCIONAL,SOPORTE_FUNCIONAL,patron_aminoacido_peptido,patron_aminoacido_peptido_o_derivado,familia_quimica_por_patron_textual_con_ancla,relacion_funcional_por_patron_quimico_nombre,rule_based_chemical_name_pattern,baja_confianza_para_clinica_util_para_revision,usar_para_priorizar_revision_no_para_recomendacion_clinica,baja_para_recomendacion_media_para_agrupacion_quimica,true
REL_35de7bf956a4d5,COMP_984D98F1A15A,L-Arginine,COMP_EF8643F479A2,ornithine alpha-ketoglutarate,RELACION_FUNCIONAL,SOPORTE_FUNCIONAL,patron_aminoacido_peptido,patron_aminoacido_peptido_o_derivado,familia_quimica_por_patron_textual_con_ancla,relacion_funcional_por_patron_quimico_nombre,rule_based_chemical_name_pattern,baja_confianza_para_clinica_util_para_revision,usar_para_priorizar_revision_no_para_recomendacion_clinica,baja_para_recomendacion_media_para_agrupacion_quimica,true
REL_7b617f6cb6fe15,COMP_1E3F7BC075BD,N-Methyltyramine,COMP_5E42FFB685C7,BMPEA,RELACION_FUNCIONAL,REVISION_PRIORITARIA,patron_estimulante_amina_xantina,patron_amina_estimulante_o_xantina,familia_quimica_por_patron_textual_con_ancla,relacion_funcional_por_patron_quimico_nombre,rule_based_chemical_name_pattern,baja_confianza_para_clinica_util_para_revision,usar_para_priorizar_revision_no_para_recomendacion_clinica,baja_para_recomendacion_media_para_agrupacion_quimica,true
REL_4aa76354dd5be7,COMP_0CE51AE34B87,Hordenine,COMP_1E3F7BC075BD,N-Methyltyramine,RELACION_FUNCIONAL,REVISION_PRIORITARIA,patron_estimulante_amina_xantina,patron_amina_estimulante_o_xantina,familia_quimica_por_patron_textual_con_ancla,relacion_funcional_por_patron_quimico_nombre,rule_based_chemical_name_pattern,baja_confianza_para_clinica_util_para_revision,usar_para_priorizar_revision_no_para_recomendacion_clinica,baja_para_recomendacion_media_para_agrupacion_quimica,true
REL_43b8a0d1d66ed2,COMP_5E42FFB685C7,BMPEA,COMP_EC5EE34B47A4,"1,3-DMAA1,3-Dimethylamylamine1,3-Dimethylpentylamine4-Methyl-2-hexanamine4-Methyl-2-hexylamineDimethylamylamineGeranamineMethylhexanamineMethylhexanenamine",RELACION_FUNCIONAL,REVISION_PRIORITARIA,patron_estimulante_amina_xantina,patron_amina_estimulante_o_xantina,familia_quimica_por_patron_textual_con_ancla,relacion_funcional_por_patron_quimico_nombre,rule_based_chemical_name_pattern,baja_confianza_para_clinica_util_para_revision,usar_para_priorizar_revision_no_para_recomendacion_clinica,baja_para_recomendacion_media_para_agrupacion_quimica,true
REL_031a65a68243f3,COMP_0CE51AE34B87,Hordenine,COMP_EC5EE34B47A4,"1,3-DMAA1,3-Dimethylamylamine1,3-Dimethylpentylamine4-Methyl-2-hexanamine4-Methyl-2-hexylamineDimethylamylamineGeranamineMethylhexanamineMethylhexanenamine",RELACION_FUNCIONAL,REVISION_PRIORITARIA,patron_estimulante_amina_xantina,patron_amina_estimulante_o_xantina,familia_quimica_por_patron_textual_con_ancla,relacion_funcional_por_patron_quimico_nombre,rule_based_chemical_name_pattern,baja_confianza_para_clinica_util_para_revision,usar_para_priorizar_revision_no_para_recomendacion_clinica,baja_para_recomendacion_media_para_agrupacion_quimica,true
REL_bebdace27081d6,COMP_5E42FFB685C7,BMPEA,COMP_B3340812A3DE,"1,3-Dimethylbutylamine4-Amino-2-Methylpentane Citrate4-Amino Methylpentane CitrateAmperallAMPAMP Citrate4-AMP Citrate4-Methyl-2-Pentanamine",RELACION_FUNCIONAL,REVISION_PRIORITARIA,patron_estimulante_amina_xantina,patron_amina_estimulante_o_xantina,familia_quimica_por_patron_textual_con_ancla,relacion_funcional_por_patron_quimico_nombre,rule_based_chemical_name_pattern,baja_confianza_para_clinica_util_para_revision,usar_para_priorizar_revision_no_para_recomendacion_clinica,baja_para_recomendacion_media_para_agrupacion_quimica,true
REL_93e8da983022d7,COMP_0CE51AE34B87,Hordenine,COMP_B3340812A3DE,"1,3-Dimethylbutylamine4-Amino-2-Methylpentane Citrate4-Amino Methylpentane CitrateAmperallAMPAMP Citrate4-AMP Citrate4-Methyl-2-Pentanamine",RELACION_FUNCIONAL,REVISION_PRIORITARIA,patron_estimulante_amina_xantina,patron_amina_estimulante_o_xantina,familia_quimica_por_patron_textual_con_ancla,relacion_funcional_por_patron_quimico_nombre,rule_based_chemical_name_pattern,baja_confianza_para_clinica_util_para_revision,usar_para_priorizar_revision_no_para_recomendacion_clinica,baja_para_recomendacion_media_para_agrupacion_quimica,true
REL_c8e526a9a8ce42,COMP_5E42FFB685C7,BMPEA,COMP_8DFF393126A7,2-cyclohexylethanamine,RELACION_FUNCIONAL,REVISION_PRIORITARIA,patron_estimulante_amina_xantina,patron_amina_estimulante_o_xantina,familia_quimica_por_patron_textual_con_ancla,relacion_funcional_por_patron_quimico_nombre,rule_based_chemical_name_pattern,baja_confianza_para_clinica_util_para_revision,usar_para_priorizar_revision_no_para_recomendacion_clinica,baja_para_recomendacion_media_para_agrupacion_quimica,true
REL_8abee35cbe75f0,COMP_0CE51AE34B87,Hordenine,COMP_8DFF393126A7,2-cyclohexylethanamine,RELACION_FUNCIONAL,REVISION_PRIORITARIA,patron_estimulante_amina_xantina,patron_amina_estimulante_o_xantina,familia_quimica_por_patron_textual_con_ancla,relacion_funcional_por_patron_quimico_nombre,rule_based_chemical_name_pattern,baja_confianza_para_clinica_util_para_revision,usar_para_priorizar_revision_no_para_recomendacion_clinica,baja_para_recomendacion_media_para_agrupacion_quimica,true
REL_5000a32d18832c,COMP_0CE51AE34B87,Hordenine,COMP_5E42FFB685C7,BMPEA,RELACION_FUNCIONAL,REVISION_PRIORITARIA,patron_estimulante_amina_xantina,patron_amina_estimulante_o_xantina,familia_quimica_por_patron_textual_con_ancla,relacion_funcional_por_patron_quimico_nombre,rule_based_chemical_name_pattern,baja_confianza_para_clinica_util_para_revision,usar_para_priorizar_revision_no_para_recomendacion_clinica,baja_para_recomendacion_media_para_agrupacion_quimica,true
REL_16a62a6bf309c8,COMP_53333BF9D75A,Dapoxetine,COMP_5E42FFB685C7,BMPEA,RELACION_FUNCIONAL,REVISION_PRIORITARIA,patron_estimulante_amina_xantina,patron_amina_estimulante_o_xantina,familia_quimica_por_patron_textual_con_ancla,relacion_funcional_por_patron_quimico_nombre,rule_based_chemical_name_pattern,baja_confianza_para_clinica_util_para_revision,usar_para_priorizar_revision_no_para_recomendacion_clinica,baja_para_recomendacion_media_para_agrupacion_quimica,true
REL_f159c382632567,COMP_0CE51AE34B87,Hordenine,COMP_53333BF9D75A,Dapoxetine,RELACION_FUNCIONAL,REVISION_PRIORITARIA,patron_estimulante_amina_xantina,patron_amina_estimulante_o_xantina,familia_quimica_por_patron_textual_con_ancla,relacion_funcional_por_patron_quimico_nombre,rule_based_chemical_name_pattern,baja_confianza_para_clinica_util_para_revision,usar_para_priorizar_revision_no_para_recomendacion_clinica,baja_para_recomendacion_media_para_agrupacion_quimica,true
REL_b00c69c4b1a6f6,COMP_5E42FFB685C7,BMPEA,COMP_D96AC6A9C8E2,"""1, 3, N-Dipropyl-7-Propargylxanthine""",RELACION_FUNCIONAL,REVISION_PRIORITARIA,patron_estimulante_amina_xantina,patron_amina_estimulante_o_xantina,familia_quimica_por_patron_textual_con_ancla,relacion_funcional_por_patron_quimico_nombre,rule_based_chemical_name_pattern,baja_confianza_para_clinica_util_para_revision,usar_para_priorizar_revision_no_para_recomendacion_clinica,baja_para_recomendacion_media_para_agrupacion_quimica,true
REL_7bbec783e6cb4e,COMP_0CE51AE34B87,Hordenine,COMP_D96AC6A9C8E2,"""1, 3, N-Dipropyl-7-Propargylxanthine""",RELACION_FUNCIONAL,REVISION_PRIORITARIA,patron_estimulante_amina_xantina,patron_amina_estimulante_o_xantina,familia_quimica_por_patron_textual_con_ancla,relacion_funcional_por_patron_quimico_nombre,rule_based_chemical_name_pattern,baja_confianza_para_clinica_util_para_revision,usar_para_priorizar_revision_no_para_recomendacion_clinica,baja_para_recomendacion_media_para_agrupacion_quimica,true
REL_87cd0321b32861,COMP_373ABC55A17D,Hordenine HCl,COMP_5E42FFB685C7,BMPEA,RELACION_FUNCIONAL,REVISION_PRIORITARIA,patron_estimulante_amina_xantina,patron_amina_estimulante_o_xantina,familia_quimica_por_patron_textual_con_ancla,relacion_funcional_por_patron_quimico_nombre,rule_based_chemical_name_pattern,baja_confianza_para_clinica_util_para_revision,usar_para_priorizar_revision_no_para_recomendacion_clinica,baja_para_recomendacion_media_para_agrupacion_quimica,true
REL_654f7511bf0af1,COMP_0CE51AE34B87,Hordenine,COMP_373ABC55A17D,Hordenine HCl,RELACION_FUNCIONAL,REVISION_PRIORITARIA,patron_estimulante_amina_xantina,patron_amina_estimulante_o_xantina,familia_quimica_por_patron_textual_con_ancla,relacion_funcional_por_patron_quimico_nombre,rule_based_chemical_name_pattern,baja_confianza_para_clinica_util_para_revision,usar_para_priorizar_revision_no_para_recomendacion_clinica,baja_para_recomendacion_media_para_agrupacion_quimica,true
REL_a719b3344ad364,COMP_5E42FFB685C7,BMPEA,COMP_A9918320656A,N-methyl Tyramine,RELACION_FUNCIONAL,REVISION_PRIORITARIA,patron_estimulante_amina_xantina,patron_amina_estimulante_o_xantina,familia_quimica_por_patron_textual_con_ancla,relacion_funcional_por_patron_quimico_nombre,rule_based_chemical_name_pattern,baja_confianza_para_clinica_util_para_revision,usar_para_priorizar_revision_no_para_recomendacion_clinica,baja_para_recomendacion_media_para_agrupacion_quimica,true
REL_d57cb7c743ed30,COMP_0CE51AE34B87,Hordenine,COMP_A9918320656A,N-methyl Tyramine,RELACION_FUNCIONAL,REVISION_PRIORITARIA,patron_estimulante_amina_xantina,patron_amina_estimulante_o_xantina,familia_quimica_por_patron_textual_con_ancla,relacion_funcional_por_patron_quimico_nombre,rule_based_chemical_name_pattern,baja_confianza_para_clinica_util_para_revision,usar_para_priorizar_revision_no_para_recomendacion_clinica,baja_para_recomendacion_media_para_agrupacion_quimica,true
