pharmacy,commercial_name,formal_name,registro_sanitario,price,currency,availability,url,sku,brand,source_strategy,scraped_at,stock,component_text,registro_sanitario_source,component_traceable
Farmacia Universal,Vitamina C Injektopas 7.5 g/50 ml Solución Inyectable - Vial 50 ml,Vitamina C Injektopas 7.5 g/50 ml Solución Inyectable 50 ml,EE07171,80.00,PEN,available,https://www.farmaciauniversal.com/vitamina-c-injektopas-75-g50-ml-solucion-inyectable-vial-50-ml/p,9439,Naturmedizin,vtex_catalog_search,2026-06-08T00:46:39.188187+00:00,100,/Medicinas/Cuidado Dermatológico/ /Medicinas/ /2/42/ /2/ Vial 50 ml EE07171 Presentación Registro Sanitario No Si No Producto a Pedido Requiere receta médica Requiere refrigeración 2 Presentación Registro Sanitario Producto a Pedido Requiere receta médica Requiere refrigeración Stock Security Campos Auxiliares Highlight Stock Security De venta con receta médica. Evite automedicarse. Usar según indicaciones de su médico tratante.,vtex_spec_or_regex,false_no_component_match
Farmacia Universal,Propiel Vitamina C 10% Serum - Frasco 50 ml,Propiel Vitamina C 10% Serum 50 ml Precio + Delivery Gratis,NSOC6308024PE,130.00,PEN,available,https://www.farmaciauniversal.com/propiel-vitamina-c-10-serum-frasco-50-ml/p,29686,Propiel,vtex_catalog_search,2026-06-08T00:46:39.188530+00:00,1,"/Dermocosmética/Serums y Ampollas/Antiedad/ /Dermocosmética/Serums y Ampollas/ /Dermocosmética/ /6/174/197/ /6/174/ /6/ Frasco 50 ml NSOC6308024PE Lavarse bien el rostro con agua fría. Toma unas gotas de Propiel Serum y aplícalo uniformemente en rostro y cuello. Deja pasar 3 a 5minutos hasta que se absorba todo el producto en tu piel. Aplica una crema hidratante y realiza masajes de forma ascendente. Finalmente utiliza un buen bloqueador y listo. No usar en piel irritada, con heridas abiertas o si presenta alergia a alguno de los ingredientes. Evitar el contacto con los ojos y suspender su uso en caso de enrojecimiento o irritación. No combinar con retinol o ácidos exfoliantes fuertes. Mantener fuera del alcance de los niños y almacenar en un lugar fresco y oscuro. Presentación Registro Sanitario Modo de uso Precauciones y Contraindicaciones No Producto a Pedido 0 Presentación Registro Sanitario Modo de uso Precauciones y Contraindicaciones Producto a Pedido Stock Security Campos Auxiliares Highlight Stock Security Ilumina y revitaliza tu rostro con nuestro sérum de vitamina C al 10%. Combate las manchas, unifica el tono y estimula la producción de colágeno para una piel más radiante y joven.",vtex_spec_or_regex,false_no_component_match
Farmacia Universal,Aquamarine Loción Corporal con Vitamina E - Frasco 437 ml,Aquamarine Loción Corporal con Vitamina E 437 ml Precio + Delivery Gratis,NSOC6815724PE,20.25,PEN,available,https://www.farmaciauniversal.com/aquamarine-locion-corporal-con-vitamina-e-frasco-437-ml/p,363,Revlon,vtex_catalog_search,2026-06-08T00:46:39.189453+00:00,10,"/Dermocosmética/Cuidado Corporal/Hidratantes Corporales/ /Dermocosmética/Cuidado Corporal/ /Dermocosmética/ /6/175/202/ /6/175/ /6/ Frasco 437 ml NSOC6815724PE Aplicar la loción sobre la piel limpia, extendiendo con masajes suaves hasta su completa absorción. Puede utilizarse diariamente, tantas veces como sea necesario, especialmente después del baño o cuando la piel se sienta seca. Uso externo únicamente. Evitar contacto con ojos y mucosas. Si aparece irritación, enrojecimiento o sensibilidad, suspender el uso. Mantener alejado de niños pequeños y almacenar en un lugar fresco. Presentación Registro Sanitario Modo de uso Precauciones y Contraindicaciones No Producto a Pedido 1 Presentación Registro Sanitario Modo de uso Precauciones y Contraindicaciones Producto a Pedido Stock Security Campos Auxiliares Highlight Stock Security Aquamarine Loción Corporal con Vitamina E es una crema hidratante diseñada para suavizar y nutrir la piel, brindando sensación de frescura y confort. Su fórmula con vitamina E ayuda a mantener la piel humectada durante el día y contribuye a una textura más tersa.",vtex_spec_or_regex,false_no_component_match
Farmacia Universal,Aquamarine Loción Corporal Vitamina A + Colágeno - Frasco 437 ml,Aquamarine Loción Corporal Vitamina A + Colágeno 437 ml Precio + Delivery Gratis,NSOC6596424PE,20.25,PEN,available,https://www.farmaciauniversal.com/aquamarine-locion-corporal-vitamina-a-colageno-frasco-437-ml/p,364,Revlon,vtex_catalog_search,2026-06-08T00:46:39.190002+00:00,10,"/Dermocosmética/Cuidado Corporal/Hidratantes Corporales/ /Dermocosmética/Cuidado Corporal/ /Dermocosmética/ /6/175/202/ /6/175/ /6/ Frasco 437 ml NSOC6596424PE Aplicar generosamente sobre la piel limpia, preferentemente después del baño o la ducha, distribuyendo de manera uniforme en todo el cuerpo hasta su absorción. Evitar el contacto con los ojos. En caso de presentar irritación, suspender su uso. Uso externo. Mantener fuera del alcance de los niños. Presentación Registro Sanitario Modo de uso Precauciones y Contraindicaciones No Producto a Pedido 1 Presentación Registro Sanitario Modo de uso Precauciones y Contraindicaciones Producto a Pedido Stock Security Campos Auxiliares Highlight Stock Security Aquamarine Loción Corporal Vitamina A + Colágeno es una loción formulada con humectantes como vitamina A y colágeno, diseñada para complementar la hidratación diaria de la piel. Su fórmula no grasa se absorbe con facilidad y está orientada a mejorar la apariencia de la piel seca, aportando suavidad y ayudando a mantener la hidratación. Puede integrarse en la rutina diaria para el cuidado de la piel expuesta a factores ambientales, contribuyendo a una sensación de confort y aspecto saludable.",vtex_spec_or_regex,false_no_component_match
Farmacia Universal,Mason Vitamina K2 + D3 Tabletas - Frasco 60 und,Mason Vitamina K2 + D3 Tabletas 60 und Precio + Delivery Gratis,DE5515,74.90,PEN,available,https://www.farmaciauniversal.com/mason-vitamina-k2-d3-tabletas-frasco-60-und/p,31267,Mason Natural,vtex_catalog_search,2026-06-08T00:46:39.190555+00:00,100,"/Vitaminas y Suplementos/Multivitamínicos/Osteoarticulares/ /Vitaminas y Suplementos/Multivitamínicos/ /Vitaminas y Suplementos/ /1/344/354/ /1/344/ /1/ Frasco 60 und Vitamina K2 100 mcg, Calcio 34 mg, Vitamina D3 25 mcg DE5515 Tomar 1 tableta al día, preferiblemente con alimentos. No exceder la dosis diaria recomendada. Este producto no debe utilizarse como sustituto de una dieta equilibrada. Si está embarazada, en periodo de lactancia, tomando alguna medicación o tiene alguna condición médica, consulte a su médico antes de tomar este producto. Presentación Principio Activo Registro Sanitario Modo de uso Precauciones y Contraindicaciones No Producto a Pedido 1 Presentación Principio Activo Registro Sanitario Modo de uso Precauciones y Contraindicaciones Producto a Pedido Stock Security Campos Auxiliares Highlight Stock Security Mason Vitamina K2 + D3 es suplemento que está diseñado para aportar vitamina D3 y vitamina K2, dos nutrientes que trabajan de manera complementaria en el metabolismo del calcio. La vitamina D3 favorece la absorción de calcio a nivel intestinal, mientras que la vitamina K2 contribuye a su adecuada distribución en el organismo, evitando su acumulación en los tejidos inadecuados. Su consumo regular puede ser un aliado en el cuidado de los huesos, dientes y la función cardiovascular dentro de una dieta balanceada.",vtex_spec_or_regex,false_no_component_match
Farmacia Universal,Dermohelp Serum de Vitamina C + Alfa Arbutina - Frasco 30 ml,Dermohelp Serum de Vitamina C + Alfa Arbutina 30 ml Precio + Delivery Gratis,NSOC0852221CO,79.90,PEN,available,https://www.farmaciauniversal.com/dermohelp-serum-de-vitamina-c-alfa-arbutina-frasco-30-ml/p,31784,Dermohelp,vtex_catalog_search,2026-06-08T00:46:39.192537+00:00,1,"/Dermocosmética/Serums y Ampollas/Antipigmentación/ /Dermocosmética/Serums y Ampollas/ /Dermocosmética/ /6/174/198/ /6/174/ /6/ Frasco 30 ml NSOC0852221CO Aplicar 2 a 3 gotas sobre el rostro limpio y seco, por la mañana y/o noche. Extender con movimientos suaves y ascendentes desde el centro del rostro hacia los extremos hasta su completa absorción. Durante el día, complementar siempre con protector solar para potenciar la acción antioxidante y prevenir la pigmentación. Puede aplicarse también en cuello y escote (1 a 2 gotas adicionales). Solo para uso externo. Evitar el contacto directo con los ojos. Si se presenta irritación o enrojecimiento, suspender su uso y consultar a un especialista. Conservar en un lugar fresco y seco, protegido de la luz solar directa. Mantener fuera del alcance de los niños. Presentación Registro Sanitario Modo de uso Precauciones y Contraindicaciones No Producto a Pedido 0 Presentación Registro Sanitario Modo de uso Precauciones y Contraindicaciones Producto a Pedido Stock Security Campos Auxiliares Highlight Stock Security El sérum de Vitamina C + Alfa Arbutina de Dermohelp está formulado para quienes buscan una piel más uniforme y luminosa. Su combinación de antioxidantes puede ayudar a mejorar la apariencia del tono y aportar un acabado revitalizado. Su textura ligera se absorbe con facilidad, integrándose bien en rutinas de día o noche y dejando una sensación fresca y confortable en la piel.",vtex_spec_or_regex,false_no_component_match
Farmacia Universal,"HI Universal Citrato de Magnesio Amalaki, Zinc y Vitamina C - Frasco 330 g","HI Universal Citrato de Magnesio Amalaki, Zinc y Vitamina C 330 g Precio + Delivery Gratis",E4504924NNAHRNT,56.00,PEN,available,https://www.farmaciauniversal.com/hi-universal-citrato-de-magnesio-amalaki-zinc-y-vitamina-c-lata-330-g/p,27575,HI Universal,vtex_catalog_search,2026-06-08T00:46:39.195428+00:00,99999,"/Vitaminas y Suplementos/Minerales y Otros/Magnesio/ /Vitaminas y Suplementos/Minerales y Otros/ /Vitaminas y Suplementos/ /1/10/15/ /1/10/ /1/ Frasco 330 g E4504924NNAHRNT Vierta el contenido de una cucharada de 10gr. en un vaso con agua fría o helada , disuelva y consuma enseguida. Mantener fuera del alcance de los niños. Presentación Registro Sanitario Modo de uso Precauciones y Contraindicaciones No Producto a Pedido 2 Presentación Registro Sanitario Modo de uso Precauciones y Contraindicaciones Producto a Pedido Stock Security Campos Auxiliares Highlight Stock Security El Magnesio es un nutriente que el cuerpo necesita para mantenerse sano ya que es importante para muchos procesos que realiza el cuerpo. Por ejemplo, regula la función de los músculos y el sistema nervioso, los niveles de azúcar en la sangre, y la presión sanguínea. Además, ayuda a formar proteína, masa ósea y ADN (el material genético presente en las células). El Zinc, además del hierro, es el segundo oligoelemento más abundante en el cuerpo y es necesario para numerosos procesos bioquímicos; contribuye al funcionamiento normal del sistema inmunológico. El Amalaki es una fruta que crece principalmente en el Himalaya. Es una gran fuente de vitaminas, minerales, proteínas, fibras y, en especial, destaca su alto contenido en vitamina c, ya que prácticamente es el equivalente a dos docenas de naranjas. La Vitamina C actúa como antioxidante y proteína necesaria para la cicatrización de las heridas, así como contribuye al buen funcionamiento del sistema inmunitario para proteger al cuerpo contra las enfermedades. El Camu Camu es una fruta amazónica que destaca por ser uno de los frutos que brinda mayor cantidad de vitamina C. Su potente función antioxidante permite una mejor absorción del colágeno.",vtex_spec_or_regex,false_no_component_match
Farmacia Universal,Farma D Gotas 200 ui Solución Oral - Frasco 10 ml,Farma D Gotas 200 ui Solución Oral 10 ml Precio + Delivery Gratis,DE3267,55.00,PEN,available,https://www.farmaciauniversal.com/farma-d-gotas-200-ui-solucion-oral-frasco-10-ml/p,26463,Farma D,vtex_catalog_search,2026-06-08T00:46:39.197100+00:00,10,"/Vitaminas y Suplementos/Vitaminas/Vitamina D/ /Vitaminas y Suplementos/Vitaminas/ /Vitaminas y Suplementos/ /1/343/348/ /1/343/ /1/ Frasco 10 ml DE3267 Infantes de 0 meses a 6 meses: 2-4 gotas (400 UI - 800 UI) por día. Infantes de 6 eses a niños de 8 años: 2- 5 gotas (400 UI - 1,000 UI) por día. Debe suspenderse la administración de otros compuestos de Vitamina D y sus derivados, incluyendo los alimentos que puedan estar reforzados con Vitamina D. La Vitamina D3 puede incrementar el grado de hipercalcemia y/o hipercalciuria cuando se administra a pacientes con enfermedades relacionadas con la sobreproducción descontrolada de Calcitriol (p. ej. leucemia, linfoma, sarcoidosis). en estos casos suspender la administración. Tenga cuidado de asegurar la dosis correcta en bebés. Controle la concentración ed calcio en plasma en caso de insuficiencia renal. Presentación Registro Sanitario Modo de uso Precauciones y Contraindicaciones No Producto a Pedido 1 Presentación Registro Sanitario Modo de uso Precauciones y Contraindicaciones Producto a Pedido Stock Security Campos Auxiliares Highlight Stock Security Suplemento dietético D3. Vitamina D3 en gotas para prevención y tratamiento de la hipovitaminosis D.",vtex_spec_or_regex,false_no_component_match
Farmacia Universal,Mucovit Plus Multivitamínico en Gotas - Frasco 15 ml,Mucovit Plus Multivitamínico en Gotas 15 ml Precio + Delivery Gratis,DN0604,33.64,PEN,available,https://www.farmaciauniversal.com/mucovit-plus-multivitaminico-en-gotas-frasco-15-ml/p,28880,Hersil,vtex_catalog_search,2026-06-08T00:46:39.197734+00:00,10,"/Vitaminas y Suplementos/Multivitamínicos/Adultos/ /Vitaminas y Suplementos/Multivitamínicos/ /Vitaminas y Suplementos/ /1/344/350/ /1/344/ /1/ Frasco 15 ml DN0604 Dosis para niños menores de 1 año: 0.75 ml, 1 vez al día. Dosis para niños de 1 a 3 años: 1 ml, 1 vez al día. Dosis para niños de 4 a 8 años: 1.25 ml, 1 vez al día. Mantener fuera del alcance de los niños. Si detecta alguna reacción negativa al consumir este producto, consulte con su médico. Para mayor información, leer el inserto adjunto al producto o consultar con un profesional de la salud. Presentación Registro Sanitario Modo de uso Precauciones y Contraindicaciones No Producto a Pedido 1 Presentación Registro Sanitario Modo de uso Precauciones y Contraindicaciones Producto a Pedido Stock Security Campos Auxiliares Highlight Stock Security Suplemento dietético en gotas.",vtex_spec_or_regex,false_no_component_match
Farmacia Universal,Vital One 50 000 UI Cápsulas Blandas - Caja 4 und,Vital One 50 000 UI Cápsulas Blandas 4 und,EE14179,60.00,PEN,available,https://www.farmaciauniversal.com/vital-one-50-000-ui-capsulas-blandas-caja-4-und/p,31607,Intipharma,vtex_catalog_search,2026-06-08T00:46:39.197904+00:00,10,/Medicinas/Sistema Nervioso/Vitaminas Neuroprotectoras/ /Medicinas/Sistema Nervioso/ /Medicinas/ /2/416/432/ /2/416/ /2/ Caja 4 und Colecalciferol 50 000 UI EE14179 Presentación Principio Activo Registro Sanitario No Si No Producto a Pedido Requiere receta médica Requiere refrigeración 1 Presentación Principio Activo Registro Sanitario Producto a Pedido Requiere receta médica Requiere refrigeración Stock Security Campos Auxiliares Highlight Stock Security,vtex_spec_or_regex,false_no_component_match
Farmacia Universal,Eddad 400 UI Cápsulas Blandas - Caja 30 und,Eddad 400 UI Cápsulas Blandas 30 und Precio + Delivery Gratis,DE1480,50.10,PEN,available,https://www.farmaciauniversal.com/eddad-400-ui-capsulas-blandas-caja-30-und/p,26023,Mega We Care,vtex_catalog_search,2026-06-08T00:46:39.198776+00:00,100,"/Vitaminas y Suplementos/Vitaminas/Vitamina E/ /Vitaminas y Suplementos/Vitaminas/ /Vitaminas y Suplementos/ /1/343/349/ /1/343/ /1/ Caja 30 und DE1480 Adultos, 1 cápsula al día. No administrar en el primer trimestre del embarazo y en caso de usarlo en embarazo y/o lactancia debe evaluarse la relación riesgo-beneficio. El tocoferil se excreta a través de la leche materna. Presentación Registro Sanitario Modo de uso Precauciones y Contraindicaciones No Producto a Pedido 1 Presentación Registro Sanitario Modo de uso Precauciones y Contraindicaciones Producto a Pedido Stock Security Campos Auxiliares Highlight Stock Security Eddad es la vitamina E de composición natural, d-alfa tocoferol acetato, de 400UI en presentación de cápsula blanda.",vtex_spec_or_regex,false_no_component_match
Farmacia Universal,La Naturaleza y tu Salud Harina de Aguaje - Frasco 200 g,La Naturaleza y tu Salud Harina de Aguaje 200 g Precio + Delivery Gratis,D1504923NNALANT,22.00,PEN,available,https://www.farmaciauniversal.com/la-naturaleza-y-tu-salud-harina-de-aguaje-frasco-200-g/p,29092,La Naturaleza y tu Salud,vtex_catalog_search,2026-06-08T00:46:39.199196+00:00,10,"/Productos Saludables/Repostería y Cocina/Harina/ /Productos Saludables/Repostería y Cocina/ /Productos Saludables/ /9/273/284/ /9/273/ /9/ Frasco 200 g D1504923NNALANT Úsalo como harina para tus postres. Disolver una cucharada en tus batidos, yogurts o jugos antes de tus comidas. Evitar su consumo en caso de embarazo o en niños menores de 7 años. Presentación Registro Sanitario Modo de uso Precauciones y Contraindicaciones No Producto a Pedido 1 Presentación Registro Sanitario Modo de uso Precauciones y Contraindicaciones Producto a Pedido Stock Security Campos Auxiliares Highlight Stock Security Tiene altos niveles de vitamina A, C y E. Promueve la salud cardiovascular. Ayuda a equilibrar los niveles hormonales. Ayuda a obtener una piel más saludable. Ayuda a la depuración del hígado.",vtex_spec_or_regex,false_no_component_match
Farmacia Universal,Deferol 50 000 UI Cápsulas Blandas - Caja 2 und,Deferol 50 000 UI Cápsulas Blandas 2 und,EE12674,35.04,PEN,available,https://www.farmaciauniversal.com/deferol-50-000-ui-capsulas-blandas-caja-2-und/p,32225,Unimed,vtex_catalog_search,2026-06-08T00:46:39.199387+00:00,100,/Medicinas/Cuidado Musculoesquelético/Tratamiento Óseo/ /Medicinas/Cuidado Musculoesquelético/ /Medicinas/ /2/390/394/ /2/390/ /2/ Caja 2 und Vitamina D3 50000 UI EE12674 Presentación Principio Activo Registro Sanitario No Si No Producto a Pedido Requiere receta médica Requiere refrigeración 0 Presentación Principio Activo Registro Sanitario Producto a Pedido Requiere receta médica Requiere refrigeración Stock Security Campos Auxiliares Highlight Stock Security,vtex_spec_or_regex,false_no_component_match
Farmacia Universal,Ossiumax 2000 UI Comprimidos - Caja 30 und,Ossiumax 2000 UI Comprimidos 30 und Precio + Delivery Gratis,DE3427,54.90,PEN,available,https://www.farmaciauniversal.com/ossiumax-2000-ui-comprimidos-caja-30-und/p,31734,Pharma Solutions,vtex_catalog_search,2026-06-08T00:46:40.259984+00:00,10,"/Vitaminas y Suplementos/Vitaminas/Vitamina D/ /Vitaminas y Suplementos/Vitaminas/ /Vitaminas y Suplementos/ /1/343/348/ /1/343/ /1/ Caja 30 und DE3427 Adultos, tomar 1 comprimido al día. Los suplementos no deben utilizarse como sustitutos de una dieta equilibrada y un estilo de vida saludable. No superar la dosis recomendada. Mantener fuera del alcance de los niños. Presentación Registro Sanitario Modo de uso Precauciones y Contraindicaciones No Producto a Pedido 0 Presentación Registro Sanitario Modo de uso Precauciones y Contraindicaciones Producto a Pedido Stock Security Campos Auxiliares Highlight Stock Security Ossiumax 2000 UI es un suplemento alimenticio de vitamina D, indicado en situaciones de ingesta dietética insuficiente o cuando se requiere complementar este nutriente. La vitamina D participa en la absorción y utilización del calcio y fósforo, contribuyendo al mantenimiento de los niveles fisiológicos de calcio en sangre, así como al cuidado de huesos y dientes. También interviene en funciones relacionadas con el sistema muscular, el sistema inmunitario y el proceso de división celular, formando parte de la rutina nutricional diaria.",vtex_spec_or_regex,false_no_component_match
Farmacia Universal,Nat D 1000 IU Tabletas - Frasco 60 und,Nat D 1000 IU Tabletas 60 und Precio + Delivery Gratis,DE3457,50.00,PEN,available,https://www.farmaciauniversal.com/nat-d-1000-iu-tabletas-frasco-60-und/p,28548,Mega We Care,vtex_catalog_search,2026-06-08T00:46:40.260797+00:00,10,"/Vitaminas y Suplementos/Vitaminas/Vitamina D/ /Vitaminas y Suplementos/Vitaminas/ /Vitaminas y Suplementos/ /1/343/348/ /1/343/ /1/ Frasco 60 und DE3457 Tomar una tableta al día después del desayuno Consulte a su profesional de la salud antes de usar si usted tiene insuficiencia renal, enfermedad cardíaca, cálculos renales o arteriosclerosis. Presentación Registro Sanitario Modo de uso Precauciones y Contraindicaciones No Producto a Pedido 1 Presentación Registro Sanitario Modo de uso Precauciones y Contraindicaciones Producto a Pedido Stock Security Campos Auxiliares Highlight Stock Security Vitamina D3 de 1000UI. Suplemento vitamínico utilizado en la prevención y tratamiento de la insuficiencia de vitamina D.",vtex_spec_or_regex,false_no_component_match
Farmacia Universal,Benalgin 10000 NF Solución Inyectable + Jeringa Desechable - Caja 1 kit,Benalgin 10000 NF Solución Inyectable + Jeringa Desechable 1 kit,EN07734,27.03,PEN,available,https://www.farmaciauniversal.com/benalgin-10000-nf-solucion-inyectable-jeringa-desechable-caja-1-kit/p,29918,Lusa,vtex_catalog_search,2026-06-08T00:46:40.260987+00:00,10,/Medicinas/Sistema Nervioso/Vitaminas Neuroprotectoras/ /Medicinas/Sistema Nervioso/ /Medicinas/ /2/416/432/ /2/416/ /2/ Caja 1 kit EN07734 Presentación Registro Sanitario No Si No Producto a Pedido Requiere receta médica Requiere refrigeración 1 Presentación Registro Sanitario Producto a Pedido Requiere receta médica Requiere refrigeración Stock Security Campos Auxiliares Highlight Stock Security De venta con receta médica. Evite automedicarse. Usar según indicaciones de su médico tratante.,vtex_spec_or_regex,false_no_component_match
Farmacia Universal,Mucovit HRS Multivitamínico Jarabe - Frasco 110 ml,Mucovit HRS Multivitamínico Jarabe 110 ml Precio + Delivery Gratis,DN0174,37.58,PEN,available,https://www.farmaciauniversal.com/mucovit-hrs-multivitaminico-jarabe-frasco-110-ml/p,11489,Hersil,vtex_catalog_search,2026-06-08T00:46:40.261226+00:00,10,"/Vitaminas y Suplementos/Multivitamínicos/Adultos/ /Vitaminas y Suplementos/Multivitamínicos/ /Vitaminas y Suplementos/ /1/344/350/ /1/344/ /1/ Frasco 110 ml DN0174 Vía oral. Dosis para niños de 2 a 6 años: 10 gotas/día, repartidas en 2 tomas (desayuno y comida). Dosis para adultos y niños mayores de 6 años: 18 gotas/día. Máximo 1 mes. No indicado en menores de 2 años. No usar en menores de 2 años. Hipercalcemia, hipervitaminosis D, osteodistrofia renal con hiperfosfatemia. Altas dosis de vitamina C puede alterar las pruebas de determinación de glucosa en orina. Almacénese a temperatura no mayor de 25 °C. Presentación Registro Sanitario Modo de uso Precauciones y Contraindicaciones No Producto a Pedido 1 Presentación Registro Sanitario Modo de uso Precauciones y Contraindicaciones Producto a Pedido Stock Security Campos Auxiliares Highlight Stock Security Mucovit Jarabe está indicado para las deficiencias vitamínicas que ocurren por mala nutrición, dificultades en la absorción y procesos infecciosos prolongados.",vtex_spec_or_regex,false_no_component_match
Farmacia Universal,Cellskinlab AOX C15 Serum - Frasco 15 ml,Cellskinlab AOX C15 Serum 15 ml Precio + Delivery Gratis,NSOC2829216PE,122.32,PEN,available,https://www.farmaciauniversal.com/cellskinlab-aox-c15-serum-frasco-15-ml/p,5613,Cellskinlab,vtex_catalog_search,2026-06-08T00:46:40.262879+00:00,1,"/Dermocosmética/Serums y Ampollas/Antiedad/ /Dermocosmética/Serums y Ampollas/ /Dermocosmética/ /6/174/197/ /6/174/ /6/ Frasco 15 ml NSOC2829216PE Aplicar Serum AOX C15 en la mañana 3 a 4 gotas en rostro, cuello y escote sobre la piel limpia y seca. Ideal para piel normal y piel sensible. No utilizar en personas alérgicas alguno de sus componentes. En las primeras aplicaciones pudiera sentir sensación de hormigueo en la piel (es normal por diferencia de pH del producto con la piel), si esto persiste, la piel se enrojece o inflama discontinuar su uso. Puede manchar la ropa de color claro lo que se elimina con el lavado. Sólo para uso externo. No utilizar en contorno de ojos. Almacenar protegido del calor y de la luz. Presentación Registro Sanitario Modo de uso Precauciones y Contraindicaciones No Producto a Pedido 0 Presentación Registro Sanitario Modo de uso Precauciones y Contraindicaciones Producto a Pedido Stock Security Campos Auxiliares Highlight Stock Security Serum antioxidante con Citamina C al 15% que evita en forma eficaz los efectos del fotoenvejecimiento. Con Serum AOX C15, tu piel lucirá con menos arrugas, más radiante, con mayor luminosidad y más sana. En su formulación contiene Vitamina C pura al 15% que protege frente al daño producido por los radicales libres generados la radiación UV, y estimula la producción de colágeno. Su PH de 3.5 asegura la mejor absorción del producto en la piel.",vtex_spec_or_regex,false_no_component_match
Farmacia Universal,"Mason Neuro Complex con Ácido Alfa Lipoico, B1, B6 y B12 Tabletas - Frasco 60 und","Mason Neuro Complex con Ácido Alfa Lipoico, B1, B6 y B12 Tabletas 60 und Precio + Delivery Gratis",DE5488,74.90,PEN,available,https://www.farmaciauniversal.com/mason-neuro-complex-con-acido-alfa-lipoico-b1-b6-y-b12-tabletas-frasco-60-und/p,31266,Mason Natural,vtex_catalog_search,2026-06-08T00:46:40.263611+00:00,100,"/Vitaminas y Suplementos/Vitaminas/Vitamina B/ /Vitaminas y Suplementos/Vitaminas/ /Vitaminas y Suplementos/ /1/343/346/ /1/343/ /1/ Frasco 60 und Ácido Alfa Lipoico 50 mg, Vitamina B12 1000 mcg, Vitamina B6 100 mg, Vitamina B1 100 mg DE5488 Tomar 1 tableta al día, preferiblemente con alimentos. No exceder la dosis diaria recomendada. Este producto no debe utilizarse como sustituto de una dieta equilibrada. Si está embarazada, en periodo de lactancia, tomando alguna medicación o tiene alguna condición médica, consulte a su médico antes de tomar este producto Presentación Principio Activo Registro Sanitario Modo de uso Precauciones y Contraindicaciones No Producto a Pedido 1 Presentación Principio Activo Registro Sanitario Modo de uso Precauciones y Contraindicaciones Producto a Pedido Stock Security Campos Auxiliares Highlight Stock Security Mason Neuro Complex es una fórmula que combina ácido alfa lipoico, un antioxidante natural, con vitaminas del complejo B (B1, B6 y B12). Estas vitaminas participan en el metabolismo de carbohidratos, grasas y proteínas, lo que favorece la obtención de energía para el organismo. Además, las vitaminas del complejo B cumplen un rol importante en el mantenimiento del sistema nervioso, mientras que el ácido alfa lipoico puede ayudar a proteger las células frente al daño oxidativo.",vtex_spec_or_regex,false_no_component_match
Farmacia Universal,Tonikón NF Jarabe - Frasco 345 ml,Tonikón NF Jarabe 345 ml Precio + Delivery Gratis,EN07786,30.82,PEN,available,https://www.farmaciauniversal.com/tonikon-nf-jarabe-frasco-345-ml/p,28888,Hersil,vtex_catalog_search,2026-06-08T00:46:40.264702+00:00,10,"/Vitaminas y Suplementos/Minerales y Otros/Hierro/ /Vitaminas y Suplementos/Minerales y Otros/ /Vitaminas y Suplementos/ /1/10/18/ /1/10/ /1/ Frasco 345 ml EN07786 Vía oral. Beber con un vaso de agua, nunca con leche o sus derivados. Administrar 30 minutos antes o 2 horas después de los alimentos. Excepto bajo circunstancias especiales, este producto no deberá ser utilizado en las siguientes condiciones médicas. -Hemocromatosis o Hemoglobinopatías o hemosiderosis u otras anemias refractarias (estospacientes pueden presentar un riesgo por la sobrecarga de hierro; no debe administrarse suplementos de hierro). -Hipersensibilidad al hierro o alguna vitamina del suplemento.-Otras condiciones anémicas, a menos que se acompañe de deficiencia de hierro (algunascondiciones, tales como anemia hemolítica o talasemia, pueden causar almacenamiento y exceso de hierro) -Porfiria cutánea (puede ser causada por la acumulación de hierro en el hígado, así comosobrecarga de hierro). Se deberá considerar el riesgo/beneficio cuando los problemas médicos existan: -Alcoholismo, activo o en remisión (el alcohol puede aumentar la absorción y almacenamientohepático de hierro y su toxicidad). -Inflamaciones del tracto intestinal tales como la enteritis, la colitis, la diverticulitis y las colitisulcerativas o la úlcera péptica. (Pueden ser exacerbadas con las formas orales de hierro). ADVERTENCIAS En pacientes con deficiencia de tiamina las dosis de carga de glucosa pueden precipitar o agravar la encefalopatía de Wernicke, administrar tiamina antes de la glucosa. La administración de niacinamida puede exacerbar hemorragia o glaucoma. Dosis elevadas pueden disminuir la tolerancia a la glucosa, causar hiperuricemia, daño renal, hipotensión o activar un cuadro de úlcera péptica. Antes de administrar Presentación Registro Sanitario Modo de uso Precauciones y Contraindicaciones No Producto a Pedido 1 Presentación Registro Sanitario Modo de uso Precauciones y Contraindicaciones Producto a Pedido Stock Security Campos Auxiliares Highlight Stock Security Tonikón NF es un suplemento dietético diseñado para la prevención y tratamiento integral de diversas condiciones relacionadas con las anemias. Su fórmula especializada aborda específicamente las anemias ferropénicas, tanto agudas como crónicas, proporcionando un enfoque completo para abordar deficiencias de hierro.",vtex_spec_or_regex,false_no_component_match
Farmacia Universal,Basestar 50 000 UI/2.5 ml Solución Oral - Caja 2 und,Basestar 50 000 UI/2.5 ml Solución Oral 2 und,EE12702,100.00,PEN,available,https://www.farmaciauniversal.com/basestar-50-000-ui-25-ml-solucion-oral-caja-2-und/p,31844,LAT Pharma,vtex_catalog_search,2026-06-08T00:46:40.265087+00:00,10,/Vitaminas y Suplementos/Vitaminas/Vitamina D/ /Vitaminas y Suplementos/Vitaminas/ /Vitaminas y Suplementos/ /1/343/348/ /1/343/ /1/ Caja 2 und Colecalciferol 50 000 UI/2.5 ml EE12702 Presentación Principio Activo Registro Sanitario No Producto a Pedido 1 Presentación Principio Activo Registro Sanitario Producto a Pedido Stock Security Campos Auxiliares Highlight Stock Security,vtex_spec_or_regex,false_no_component_match
Farmacia Universal,"Qrasun Citrato de Potasio + Citrato de Magnesio + Vit B1, B6, B12 Mezcla en Polvo - Caja 300 g","Qrasun Citrato de Potasio + Citrato de Magnesio + Vit B1, B6, B12 Mezcla en Polvo 300 g Precio + Delivery Gratis",E4617124NNAHRNT,88.80,PEN,available,https://www.farmaciauniversal.com/qrasun-citrato-de-potasio-citrato-de-magnesio-vit-b1-b6-b12-mezcla-en-polvo-caja-300-g/p,30003,Qrasun,vtex_catalog_search,2026-06-08T00:46:40.265374+00:00,100,"/Vitaminas y Suplementos/Minerales y Otros/Magnesio/ /Vitaminas y Suplementos/Minerales y Otros/ /Vitaminas y Suplementos/ /1/10/15/ /1/10/ /1/ Caja 300 g E4617124NNAHRNT Disolver diariamente el contenido de un stick (10g) en vaso de agua (aprox. 200 - 250 ml) y tomar después del consumo de alimenos o actvidad física. No se utilice si es intolerante o sensible a los ingredientes. Personas con enfermedades crónicas deben consultar a su médico antes de usar cualquier producto. Mujeres embarazadas o en periodo de lactancia, consultar a su médico. Este producto no es un medicamento. Presentación Registro Sanitario Modo de uso Precauciones y Contraindicaciones No Producto a Pedido Limón Sabor 4 Presentación Registro Sanitario Modo de uso Precauciones y Contraindicaciones Producto a Pedido Sabor Stock Security Campos Auxiliares Highlight Filtros Stock Security Disfruta de una nueva manera de cuidar tu bienestar con nuestra fórmula de Qrasun, diseñada para apoyar tu rendimiento físico y vitalidad cada día. Este suplemento combina el poder de los minerales esenciales, como el potasio y el magnesio, junto a vitaminas B1, B6 y B12, en una mezcla perfecta de sabor refrescante a limón que hace que suplementarte sea un placer. Ideal para quienes buscan energía sostenida, reducción de calambres y equilibrio muscular, especialmente durante el esfuerzo físico. Su práctica presentación en sticks de 10g facilita su consumo en cualquier lugar. Solo disuélvelo en agua o en tu bebida favorita y experimenta sus beneficios de inmediato.",vtex_spec_or_regex,false_no_component_match
Farmacia Universal,Redoxitos Total Gomitas Sobres - Caja 10 und,Redoxitos Total Gomitas Sobres 10 und Precio + Delivery Gratis,I6000118ENABYSA,33.00,PEN,available,https://www.farmaciauniversal.com/redoxitos-total-gomitas-sobres-caja-10-und/p,21570,Redoxon,vtex_catalog_search,2026-06-08T00:46:40.265621+00:00,10,"/Cuidado Infantil/Nutrición Infantil/Suplementos Infantiles/ /Cuidado Infantil/Nutrición Infantil/ /Cuidado Infantil/ /5/151/340/ /5/151/ /5/ Caja 10 und I6000118ENABYSA Consumo recomendado por edad: 01 gomita por día para niños de 4 - 8 años. 02 gomitas por día para niños de 9 - 12 años. 03 gomitas por día de 13 años a más. Mantener bien cerrado el envase una vez abierto. Presentación Registro Sanitario Modo de uso Precauciones y Contraindicaciones No Producto a Pedido Presentación Registro Sanitario Modo de uso Precauciones y Contraindicaciones Producto a Pedido Campos Auxiliares Highlight Gomitas masticables, fortificadas con vitaminas C, D y Zinc que ayudan a reforzar el sistema inmune de los niños de forma rica y práctica. Vienen en 3 deliciosos sabores: fresa, naranja y papaya.",vtex_spec_or_regex,false_no_component_match
Farmacia Universal,Numaqula Eye Vitamin Tabletas - Frasco 90 und,Numaqula Eye Vitamin Tabletas 90 und Precio + Delivery Gratis,DE5045,140.00,PEN,available,https://www.farmaciauniversal.com/numaqula-vitamin-tabletas-frasco-90-und/p,30086,Premium Pharma,vtex_catalog_search,2026-06-08T00:46:40.266343+00:00,100,"/Vitaminas y Suplementos/Multivitamínicos/Oftálmicos/ /Vitaminas y Suplementos/Multivitamínicos/ /Vitaminas y Suplementos/ /1/344/356/ /1/344/ /1/ Frasco 90 und DE5045 Tomar tres tabletas una vez al día junto con una comida o según las indicaciones de un profesional de la salud. Consulte con su médico antes de usar este producto si está embarazada o es alérgico a alguno de sus ingredientes. No exceda la dosis diaria recomendada. Este suplemento no debe utilizarse como sustituto de una dieta equilibrada. Manténgalo fuera del alcance de los niños. No lo consuma si el sello de seguridad está roto o falta. Presentación Registro Sanitario Modo de uso Precauciones y Contraindicaciones No Producto a Pedido 1 Presentación Registro Sanitario Modo de uso Precauciones y Contraindicaciones Producto a Pedido Stock Security Campos Auxiliares Highlight Stock Security Suplemento dietético en tabletas diseñado para la salud visual, con una combinación de vitaminas C y E, complejo B y minerales como zinc y cobre, que contribuyen al mantenimiento de la función ocular.",vtex_spec_or_regex,false_no_component_match
Farmacia Universal,Propol Kids Jarabe Sabor Menta - Frasco 120 ml,Propol Kids Jarabe Sabor Menta 120 ml Precio + Delivery Gratis,P2602217NNALBGL,16.80,PEN,available,https://www.farmaciauniversal.com/propol-kids-jarabe-sabor-menta-frasco-120-ml/p,25837,Gilsan Nature,vtex_catalog_search,2026-06-08T00:46:40.266602+00:00,10,"/Medicinas/Gripe, Tos y Congestión/Jarabes para la Tos/ /Medicinas/Gripe, Tos y Congestión/ /Medicinas/ /2/38/49/ /2/38/ /2/ Frasco 120 ml P2602217NNALBGL Tomar un vasito medidor de (15 mL) 03 veces al día, antes de los alimentos. Conservar y almacenar en un lugar fresco y seco. Mantener el envase bien cerrado. Presentación Registro Sanitario Modo de uso Precauciones y Contraindicaciones No No No Producto a Pedido Requiere receta médica Requiere refrigeración Menta Sabor 1 Presentación Registro Sanitario Modo de uso Precauciones y Contraindicaciones Producto a Pedido Requiere receta médica Requiere refrigeración Sabor Stock Security Campos Auxiliares Highlight Filtros Stock Security Con Propóleo, Jengibre, Camu Camu, Miel de Abeja, Vitamina C y Vitamina B12. Contiene propiedades antibacterianas, antiinflamatorias, inmunoestimulantes y antivirales. Coadyuvante en el tratamiento contra infecciones respiratorios. Contiene propiedades cicatrizantes, antioxidantes y ligeramente analgésicas. Eficiente en el tratamiento de alergias, ayuda a la digestión, previene el estreñimiento, Ayuda al crecimiento y refuerza el sistema inmunológico del niño.",vtex_spec_or_regex,false_no_component_match
Farmacia Universal,Gilsan Flextrim en Polvo - Frasco 550 g,Gilsan Flextrim en Polvo 550 g Precio + Delivery Gratis,E4636021NNALBGL,108.54,PEN,available,https://www.farmaciauniversal.com/gilsan-flextrim-en-polvo-frasco-550-g/p,26798,Gilsan Nature,vtex_catalog_search,2026-06-08T00:46:40.267492+00:00,10,"/Vitaminas y Suplementos/Multivitamínicos/Osteoarticulares/ /Vitaminas y Suplementos/Multivitamínicos/ /Vitaminas y Suplementos/ /1/344/354/ /1/344/ /1/ Frasco 550 g E4636021NNALBGL Mezclar 01 cucharada (10 g) al día con agua, bebida o jugo preferido. Conservar y almacenar en un lugar fresco y seco. Mantener el envase bien cerrado. Presentación Registro Sanitario Modo de uso Precauciones y Contraindicaciones No Producto a Pedido 1 Presentación Registro Sanitario Modo de uso Precauciones y Contraindicaciones Producto a Pedido Stock Security Campos Auxiliares Highlight Stock Security Con Camu Camu, Naranja, Cúrcuma, Stevia y Colágeno hidrolizado, Glucosamina, Condroitina de bovino con Vitamina C y D. Sus componentes naturales, minerales y vitamínicos, te ayudan a mejorar el estado y la condición de tu sistema óseo, manteniendo su correcto funcionamiento. Posee propiedades antiinflamatorias naturales, que ayuda a aliviar dolores, calambres, fatiga y rigidez de tu sistema óseo. Aumenta el rendimiento de los músculos y movimientos articulares. Mejora el funcionamiento de los músculos, tendones, articulaciones, ligamentos.",vtex_spec_or_regex,false_no_component_match
Farmacia Universal,Bagovital Inmune Polvo para Solución Oral Sobres - Caja 10 und,Bagovital Inmune Polvo para Solución Oral Sobres 10 und Precio + Delivery Gratis,DE2506,91.70,PEN,available,https://www.farmaciauniversal.com/bagovital-inmune-polvo-para-solucion-oral-sobres-caja-10-und/p,22037,Bagó,vtex_catalog_search,2026-06-08T00:46:40.268743+00:00,10,"/Vitaminas y Suplementos/Multivitamínicos/Adultos/ /Vitaminas y Suplementos/Multivitamínicos/ /Vitaminas y Suplementos/ /1/344/350/ /1/344/ /1/ Caja 10 und DE2506 Tomar 1 sachet diluido en un vaso de agua, jugo o yogurt antes del desayuno durante los 10 prineros días del mes por los 3 meses seguidos para prevenir las enfermedades estacionales No superar la dosis recomendada. No debe usarse como sustituto de una dieta equilibrada. No usar en caso de con hipersensibilidad a algunos de sus componentes. Mantener fuera del alcance de los niños. Presentación Registro Sanitario Modo de uso Precauciones y Contraindicaciones No Producto a Pedido 1 Presentación Registro Sanitario Modo de uso Precauciones y Contraindicaciones Producto a Pedido Stock Security Campos Auxiliares Highlight Stock Security Complemento alimenticio a base de probióticos y prebióticos y Vitamina C. Contribuye a reforzar las defensas del organismo.",vtex_spec_or_regex,false_no_component_match
Farmacia Universal,Mason B12 3000 mcg Tabletas Sublinguales - Frasco 60 und,Mason B12 3000 mcg Tabletas Sublinguales 60 und Precio + Delivery Gratis,DE5508,119.90,PEN,available,https://www.farmaciauniversal.com/mason-b12-3000-mcg-tabletas-sublinguales-frasco-60-und/p,31269,Mason Natural,vtex_catalog_search,2026-06-08T00:46:40.268988+00:00,100,"/Vitaminas y Suplementos/Vitaminas/Vitamina B/ /Vitaminas y Suplementos/Vitaminas/ /Vitaminas y Suplementos/ /1/343/346/ /1/343/ /1/ Frasco 60 und Vitamina B12 300 mcg DE5508 Disolver una tableta sublingual debajo de la lengua al día. No exceder la dosis diaria recomendada. Este producto no debe utilizarse como sustituto de una dieta equilibrada. Si está embarazada, en periodo de lactancia, tomando alguna medicación o tiene alguna condición médica, consulte a su médico antes de tomar este producto. Presentación Principio Activo Registro Sanitario Modo de uso Precauciones y Contraindicaciones No Producto a Pedido 1 Presentación Principio Activo Registro Sanitario Modo de uso Precauciones y Contraindicaciones Producto a Pedido Stock Security Campos Auxiliares Highlight Stock Security Mason B12 3000 mcg es un suplemento aporta vitamina B12 en tabletas sublinguales de alta concentración, lo que facilita una absorción rápida al disolverse debajo de la lengua. La vitamina B12 desempeña un papel clave en la formación normal de glóbulos rojos, en la función neurológica y en el metabolismo energético. También es importante para la síntesis del ADN y el mantenimiento de las funciones cognitivas normales.",vtex_spec_or_regex,false_no_component_match
Farmacia Universal,Basestar 25 000 UI/2.5 ml Solución Oral - Caja 4 und,Basestar 25 000 UI/2.5 ml Solución Oral 4 und,EE12701,110.00,PEN,available,https://www.farmaciauniversal.com/basestar-25-000-ui-25-ml-solucion-oral-caja-4-und/p,31845,LAT Pharma,vtex_catalog_search,2026-06-08T00:46:40.269815+00:00,10,"/Vitaminas y Suplementos/Vitaminas/Vitamina D/ /Vitaminas y Suplementos/Vitaminas/ /Vitaminas y Suplementos/ /1/343/348/ /1/343/ /1/ Caja 4 und Colecalciferol 25 000 UI/2.5 ml, Vitamina D3 EE12701 Presentación Principio Activo Registro Sanitario No Producto a Pedido 1 Presentación Principio Activo Registro Sanitario Producto a Pedido Stock Security Campos Auxiliares Highlight Stock Security",vtex_spec_or_regex,false_no_component_match
Farmacia Universal,Osteovit Max Suspensión Oral Sabor Fresa - Frasco 180 ml,Osteovit Max Suspensión Oral Sabor Fresa 180 ml Precio + Delivery Gratis,DN0342,51.40,PEN,available,https://www.farmaciauniversal.com/osteovit-max-suspension-oral-sabor-fresa-frasco-180-ml/p,24981,Hersil,vtex_catalog_search,2026-06-08T00:46:40.270029+00:00,10,"/Vitaminas y Suplementos/Minerales y Otros/Calcio/ /Vitaminas y Suplementos/Minerales y Otros/ /Vitaminas y Suplementos/ /1/10/16/ /1/10/ /1/ Frasco 180 ml DN0342 Suspensión Oral. Hipercalcemia primaria o secundaria, hipercalciuria o riesgo incrementado de formación de litiasis renal, sarcoidosis, insuficiencia renal cronica, hiperdistrofia renal con hiperfosfatemia. No exceder la dosis indicada por el medico de acuerdo a las caracteristicas del usuario con el peso, estado nutricional entre otros. Conservar en lugar fresco y seco , entre 15 °C y 30 °C. Presentación Registro Sanitario Modo de uso Precauciones y Contraindicaciones No Producto a Pedido 1 Presentación Registro Sanitario Modo de uso Precauciones y Contraindicaciones Producto a Pedido Stock Security Campos Auxiliares Highlight Stock Security Osteovit® MAX está indicado para el tratamiento de aquellos procesos en los cuales sea necesario un aporte adicional de calcio y vitamina D.",vtex_spec_or_regex,false_no_component_match
Farmacia Universal,Osteovit Junior Suspensión Oral Sabor Fresa - Frasco 180 ml,Osteovit Junior Suspensión Oral Sabor Fresa 180 ml Precio + Delivery Gratis,DN0123,40.00,PEN,available,https://www.farmaciauniversal.com/osteovit-junior-suspension-oral-sabor-fresa-frasco-180-ml/p,11430,Hersil,vtex_catalog_search,2026-06-08T00:46:40.270633+00:00,10,"/Vitaminas y Suplementos/Minerales y Otros/Calcio/ /Vitaminas y Suplementos/Minerales y Otros/ /Vitaminas y Suplementos/ /1/10/16/ /1/10/ /1/ Frasco 180 ml DN0123 Vía oral. Para adultos y niños con un peso superior a 40 kg: la dosis recomendada es de 1,5-3 g al día en dosis equivalentes, con un máximo de 6 g al día. En el caso de la enfermedad de Lyme en su estadio 1, la dosis es de 4 g al día durante 10-21 días, y en el estadio 2, la dosis es de 6 g al día durante 10-30 días. Para infecciones por Helicobacter pylori, se sugiere una dosis de 750 mg a 1 g, dos veces al día, junto con otros antibióticos y un inhibidor de bomba de protones, durante 7 días. En el caso de cistitis simple en mujeres, la dosis única recomendada es de 3 g. Hipercalcemia primaria o secundaria, hipercalciuria o riesgo incrementado de formación de litiasis renal, sarcoidosis, insuficiencia renal cronica, hiperdistrofia renal con hiperfosfatemia. Diabetes, gota. Arteriosclerosis o disfunción cardiaca, riesgo de hipercalcemia e hipercolesterolemia. Deshidratación y otros desequilibrios electrolíticos, riesgo de hipercalcemia, hiperpotasemia, etc. Preparaciones con ác. fólico, descartar anemia perniciosa; con Fe y dosis altas de nicotinamida, pueden activar úlcera péptica y agravar enf. hepática; con Mg, en apendicitis o síntomas de la misma, aumenta el riesgo de perforación; con ác. ascórbico, en pacientes con I.R. se pueden formar cálculos. Concomitancia con antiparkinsonianos (levodopa); embarazo: máx. 5.000 UI/día de vit. A.Conservar en lugar fresco y seco , entre 15 °C y 30 °C. Presentación Registro Sanitario Modo de uso Precauciones y Contraindicaciones No Producto a Pedido 1 Presentación Registro Sanitario Modo de uso Precauciones y Contraindicaciones Producto a Pedido Stock Security Campos Auxiliares Highlight Stock Security Osteovit® Junior está indicado para el tratamiento de aquellos procesos en los cuales sea necesario un aporte adicional de calcio y vitamina D.",vtex_spec_or_regex,false_no_component_match
Farmacia Universal,Maxucal D 800 1500 mg + 800 UI Comprimidos - Caja 60 und,Maxucal D 800 1500 mg + 800 UI Comprimidos 60 und Precio + Delivery Gratis,DN0268,140.40,PEN,available,https://www.farmaciauniversal.com/maxucal-d-800-1500-mg-800-ui-comprimidos-caja-60-und/p,10237,Abbott Pharma,vtex_catalog_search,2026-06-08T00:46:40.270926+00:00,10,"/Vitaminas y Suplementos/Vitaminas/Vitamina D/ /Vitaminas y Suplementos/Vitaminas/ /Vitaminas y Suplementos/ /1/343/348/ /1/343/ /1/ Caja 60 und Citrato de calcio 1500 mg, Vitamina D3 800 UI DN0268 Adultos: un comprimido por día de preferencia una o dos horas después de los alimentos. Ingerir los comprimidos sin masticar o disueltos en un vaso llego de agua, jugos o leche, previa agitación No se recomienda en personas con problemas renales graves, niveles altos de calcio en la sangre o antecedentes de cálculos renales. Consultar al médico antes de usarlo si se están tomando otros suplementos, medicamentos, si se encuentra en periodo de embarazo o de lactancia. Presentación Principio Activo Registro Sanitario Modo de uso Precauciones y Contraindicaciones No Producto a Pedido 1 Presentación Principio Activo Registro Sanitario Modo de uso Precauciones y Contraindicaciones Producto a Pedido Stock Security Campos Auxiliares Highlight Stock Security Maxucal D 800 combina calcio y vitamina D3 para ayudar al mantenimiento de huesos y dientes fuertes. Su fórmula contribuye a la absorción eficiente del calcio en el organismo, ideal para personas que necesitan reforzar su salud ósea o prevenir deficiencias de estos nutrientes esenciales.",vtex_spec_or_regex,false_no_component_match
Farmacia Universal,Eliton Forte Jarabe - Frasco 340 ml,Eliton Forte Jarabe 340 ml Precio + Delivery Gratis,DN0646,33.88,PEN,available,https://www.farmaciauniversal.com/eliton-forte-jarabe-frasco-340-ml/p,4689,Elifarma,vtex_catalog_search,2026-06-08T00:46:40.271212+00:00,10,"/Vitaminas y Suplementos/Minerales y Otros/Hierro/ /Vitaminas y Suplementos/Minerales y Otros/ /Vitaminas y Suplementos/ /1/10/18/ /1/10/ /1/ Frasco 340 ml Citrato de Hierro Amoniacal verde 193.553 mg, Nicotinamida 10.000 mg, Vitamina B2 0.625 mg, Vitamina B6 0.500 mg DN0646 Niños a partir de 1 año hasta los 13 años; 2.5 ml (1/2 cucharadita) una vez al día. Niños desde los 14 años y adultos; 5 ml (1 cucharadita) una vez al día. En caso de embarazo y/o lactancia consultar con su médico antes de consumierlo. No exceder la dosis recomendada. Si existen antecedentes de trastornos por exceso de hierro, molestias digestivas persistentes o se usan otros suplementos/medicamentos, se sugiere consultar con un profesional de la salud antes de consumirlo. Mantener fuera del alcance de los niños y conservar según indicaciones del envase. Presentación Principio Activo Registro Sanitario Modo de uso Precauciones y Contraindicaciones No Producto a Pedido 1 Presentación Principio Activo Registro Sanitario Modo de uso Precauciones y Contraindicaciones Producto a Pedido Stock Security Campos Auxiliares Highlight Stock Security Eliton Forte Jarabe es un producto en solución oral que se puede utilizar como apoyo nutricional en situaciones donde se busca complementar el aporte de hierro y vitaminas relacionadas con la formación y el adecuado funcionamiento de los glóbulos rojos, especialmente cuando hay requerimientos aumentados o deficiencia nutricional, según evaluación profesional.",vtex_spec_or_regex,false_no_component_match
Farmacia Universal,Pediasure Bebible Sabor Vainilla - Frasco 220 ml,Pediasure Bebible Vainilla 220 ml Precio + Delivery Gratis,I4550721ENAABLB,11.20,PEN,available,https://www.farmaciauniversal.com/pediasure-bebible-sabor-vainilla-frasco-220-ml/p,25812,Pediasure,vtex_catalog_search,2026-06-08T00:46:40.271484+00:00,100,"/Cuidado Infantil/Nutrición Infantil/Fórmulas Infantiles/ /Cuidado Infantil/Nutrición Infantil/ /Cuidado Infantil/ /5/151/167/ /5/151/ /5/ Frasco 220 ml I4550721ENAABLB Listo para usar. AGITAR BIEN. Una vez abierto, tapar y refrigerar. Desechar si no se utiliza dentro de las 24 horas. Una vez abierto, tapar y refrigerar. Desechar si no se utiliza dentro de las 24 horas. Presentación Registro Sanitario Modo de uso Precauciones y Contraindicaciones No Producto a Pedido Vainilla Frasco 220 ml Sabor Presentaciones 3 Presentación Registro Sanitario Modo de uso Precauciones y Contraindicaciones Producto a Pedido Sabor Presentaciones Stock Security Campos Auxiliares Highlight Filtros Stock Security PediaSure está recomendado para niños: Con patrones de crecimiento por debajo de los de su misma edad. Con requisitos nutricionales y calóricos incrementados. Con desnutrición o ingesta reducida de alimentos por disminución del apetito. Consulte a su médico acerca de las necesidades de alimentación específificas de su. hijo. Con 5 grupos de nutrientes que apoyan el crecimiento y desarrollo.",vtex_spec_or_regex,false_no_component_match
Farmacia Universal,Calcide Forte 1 500 mg + 400 UI Tabletas Recubiertas - Caja 30 und,Calcide Forte 1 500 mg + 400 UI Tabletas Recubiertas 30 und Precio + Delivery Gratis,DN0307,27.90,PEN,available,https://www.farmaciauniversal.com/calcide-forte-1-500-mg-400-ui-tabletas-recubiertas-caja-30-und/p,27187,Intipharma,vtex_catalog_search,2026-06-08T00:46:40.927411+00:00,100,"/Vitaminas y Suplementos/Minerales y Otros/Calcio/ /Vitaminas y Suplementos/Minerales y Otros/ /Vitaminas y Suplementos/ /1/10/16/ /1/10/ /1/ Caja 30 und Citrato de Calcio 1500 mg, Vitamina D3 400 UI DN0307 Adultos: tomar de 1 a 2 cápsula al día. Su uso funcional debe ser supervisado por un profesional de la salud. No exceder la dosis diaria recomendada. Este producto no reemplaza una alimentación balanceada. En caso de embarazo, lactancia o tratamiento médico, consultar previamente con un profesional de la salud. Mantener fuera del alcance de los niños. Presentación Principio Activo Registro Sanitario Modo de uso Precauciones y Contraindicaciones No Producto a Pedido 2 Presentación Principio Activo Registro Sanitario Modo de uso Precauciones y Contraindicaciones Producto a Pedido Stock Security Campos Auxiliares Highlight Stock Security Calcide Forte es un suplemento formulado con citrato de calcio y vitamina D3, diseñado para complementar la ingesta diaria de calcio y vitamina D como parte de una alimentación equilibrada. Su uso está orientado a personas con mayores requerimientos de estos nutrientes, contribuyendo al mantenimiento de la salud ósea cuando se utiliza dentro de un estilo de vida saludable.",vtex_spec_or_regex,false_no_component_match
Farmacia Universal,Isdin Isdinceutics Flavo C Serum - Frasco 30 ml,Isdin Isdinceutics Flavo C Serum 30 ml Precio + Delivery Gratis,NSOC3264517PE,167.92,PEN,available,https://www.farmaciauniversal.com/isdin-isdinceutics-flavo-c-serum-frasco-30-ml/p,21099,Isdin,vtex_catalog_search,2026-06-08T00:46:40.927987+00:00,10,"/Dermocosmética/Serums y Ampollas/Antipigmentación/ /Dermocosmética/Serums y Ampollas/ /Dermocosmética/ /6/174/198/ /6/174/ /6/ Frasco 30 ml NSOC3264517PE Utilizar mañana y/o noche sobre la piel limpia antes del cuidado habitual. Aplicar 5 gotas en la palma de la mano y masajear con la yema de los dedos en rostro, cuello y escote evitando el contorno de los ojos. Uso externo. Mantener el producto fuera del alcance de los niños. Evitar el contacto con ojos y mucosas. En personas con piel sensible es normal observar una ligera irritación en las primeras aplicaciones. En caso de persistir la irritación, suspender el uso y consultar con el dermatólogo. Probado dermatológicamente. No comedogénico. Uso Adulto. Presentación Registro Sanitario Modo de uso Precauciones y Contraindicaciones No Producto a Pedido 0 Presentación Registro Sanitario Modo de uso Precauciones y Contraindicaciones Producto a Pedido Stock Security Campos Auxiliares Highlight Stock Security Potente vitamina C que actúa 10h en tu piel. Serum facial antiedad. Potente combinación de antioxidantes que combate el foto envejecimiento.",vtex_spec_or_regex,false_no_component_match
Farmacia Universal,Gilsan Flexigem Plus en Polvo Sobres - Caja 30 und,Gilsan Flexigem Plus en Polvo Sobres 30 und Precio + Delivery Gratis,E4646518NNALBGL,95.10,PEN,available,https://www.farmaciauniversal.com/gilsan-flexigem-plus-en-polvo-sobres-caja-30-und/p,24915,Gilsan Nature,vtex_catalog_search,2026-06-08T00:46:40.928437+00:00,1,"/Vitaminas y Suplementos/Multivitamínicos/Osteoarticulares/ /Vitaminas y Suplementos/Multivitamínicos/ /Vitaminas y Suplementos/ /1/344/354/ /1/344/ /1/ Caja 30 und E4646518NNALBGL Mezclar 01 sachet (10 g) al día con agua, bebida o jugo preferido. Presentación Registro Sanitario Modo de uso No Producto a Pedido Presentación Registro Sanitario Modo de uso Producto a Pedido Campos Auxiliares Highlight Con Camu Camu, Colágeno hidrolizado, Glucosamina, Calcio y Vitamina D Ayuda a prevenir la osteoporosis, osteoartritis y rigidez de las articulaciones. Ayuda a aliviar dolores articulares, fatigas y calambres musculares. Favorece la conservación de las articulaciones, ligamentos y tendones. Refuerza el funcionamiento de los músculos, tendones y articulaciones. Favorece en fortalecer los huesos, tendones, ligamentos y articulaciones. Mantiene el correcto funcionamiento de nuestro sistema óseo y de todo el tejido conectivo.",vtex_spec_or_regex,false_no_component_match
Farmacia Universal,Caprimida UD Polvo para Suspensión Oral Sobres - Caja 30 und,Caprimida UD Polvo para Suspensión Oral Sobres 30 und Precio + Delivery Gratis,DN0310,97.50,PEN,available,https://www.farmaciauniversal.com/caprimida-ud-polvo-para-suspension-oral-sobres-caja-30-und/p,10256,Abbott Pharma,vtex_catalog_search,2026-06-08T00:46:40.928710+00:00,10,"/Vitaminas y Suplementos/Minerales y Otros/Calcio/ /Vitaminas y Suplementos/Minerales y Otros/ /Vitaminas y Suplementos/ /1/10/16/ /1/10/ /1/ Caja 30 und DN0310 Adultos y ancianos 1 sobre al día. Verter el contenido en un vaso con agua de 150 ml y beber inmediatamente. Se recomienda controlar el nivel de calcio y la función renal. Presentación Registro Sanitario Modo de uso Precauciones y Contraindicaciones No Producto a Pedido 1 Presentación Registro Sanitario Modo de uso Precauciones y Contraindicaciones Producto a Pedido Stock Security Campos Auxiliares Highlight Stock Security Prevención y tratamiento de estados carenciales de calcio que estén asociados a un déficit de vitamina. Coadyuvante en la reparación de fracturas óseas. Coadyuvante en el tratamiento de la osteoporosis de diversas etiologías: senil, inducida por corticosteroides o como consecuencia de una inmovilización.",vtex_spec_or_regex,false_no_component_match
Farmacia Universal,Calcio Plus D Forte 1500 mg + 800 UI Comprimidos Sabor Naranja - Caja 30 und,Calcio Plus D Forte 1500 mg + 800 UI Comprimidos Sabor Naranja 30 und Precio + Delivery Gratis,DN0369,56.10,PEN,available,https://www.farmaciauniversal.com/calcio-plus-d-forte-1500-mg-800-ui-comprimidos-sabor-naranja-caja-30-und/p,31575,Perulab,vtex_catalog_search,2026-06-08T00:46:40.929238+00:00,100,"/Vitaminas y Suplementos/Minerales y Otros/Calcio/ /Vitaminas y Suplementos/Minerales y Otros/ /Vitaminas y Suplementos/ /1/10/16/ /1/10/ /1/ Caja 30 und Citrato de Calcio 1500 mg, Vitamina D3 800 UI DN0369 Administrar por vía oral según indicaciones del envase o recomendación de un profesional de la salud. No exceder la dosis diaria sugerida. No sustituye una alimentación balanceada. El consumo excesivo de calcio puede generar efectos adversos. En caso de embarazo, lactancia o tratamiento médico, consultar previamente con un profesional de la salud. Mantener fuera del alcance de los niños. Presentación Principio Activo Registro Sanitario Modo de uso Precauciones y Contraindicaciones No Producto a Pedido 1 Presentación Principio Activo Registro Sanitario Modo de uso Precauciones y Contraindicaciones Producto a Pedido Stock Security Campos Auxiliares Highlight Stock Security Calcio Plus D Forte combina citrato de calcio y vitamina D3 en comprimidos sabor naranja, formulado para complementar la ingesta diaria de calcio cuando la alimentación no cubre los requerimientos individuales. La vitamina D3 contribuye a la adecuada absorción del calcio, formando parte del cuidado nutricional orientado a la salud ósea dentro de una dieta equilibrada.",vtex_spec_or_regex,false_no_component_match
Farmacia Universal,Adecerol NF Emulsión Bebible - Frasco 10 ml,Adecerol NF Emulsión Bebible 10 ml Precio + Delivery Gratis,DN0662,32.03,PEN,available,https://www.farmaciauniversal.com/adecerol-nf-emulsion-bebible-frasco-10-ml/p,28881,Medifarma,vtex_catalog_search,2026-06-08T00:46:40.929512+00:00,100,"/Vitaminas y Suplementos/Multivitamínicos/Adultos/ /Vitaminas y Suplementos/Multivitamínicos/ /Vitaminas y Suplementos/ /1/344/350/ /1/344/ /1/ Frasco 10 ml Retinol Palmiato 50000 UI, Ergocalciferol 150000 UI, Ácido Ascórbico 1 g DN0662 Se recomienda tomar un frasco ampolla de ADECEROL® Emulsión bebible puro o en un vaso de agua o jugo de fruta cada 2 ó 3 días durante 2 a 3 semanas. El médico puede establecer la dosis según la necesidad del paciente. No usar en pacientes con hipersensibilidad conocida al fármaco o a cualquiera de los componentes de su formulación. Usar con precaución en pacientes con insuficiencia hepática y renal. Presentación Principio Activo Registro Sanitario Modo de uso Precauciones y Contraindicaciones No Producto a Pedido 1 Presentación Principio Activo Registro Sanitario Modo de uso Precauciones y Contraindicaciones Producto a Pedido Stock Security Campos Auxiliares Highlight Stock Security Adecerol Emulsión Bebible, indicado como suplemento de vitaminas A, C y D. La vitamina A es esencial para el funcionamiento normal de la retina.",vtex_spec_or_regex,false_no_component_match
Farmacia Universal,CalCM D 250 mg + 125 UI Tabletas Recubiertas - Caja 30 und,CalCM D 250 mg + 125 UI Tabletas Recubiertas 30 und Precio + Delivery Gratis,DE5198,75.90,PEN,available,https://www.farmaciauniversal.com/calcm-d-250-mg-125-ui-tabletas-recubiertas-caja-30-und/p,31196,Emcure,vtex_catalog_search,2026-06-08T00:46:40.929804+00:00,10,"/Vitaminas y Suplementos/Minerales y Otros/Calcio/ /Vitaminas y Suplementos/Minerales y Otros/ /Vitaminas y Suplementos/ /1/10/16/ /1/10/ /1/ Caja 30 und Ciltrato Malato de Calcio 250 mg, Vitamina D3 125 UI DE5198 Se debe consumir una tableta al día junto con las comidas o según indicación médica. No exceder la dosis diaria recomendada. Este producto está indicado únicamente para adultos. En personas con antecedentes de cálculos renales, insuficiencia renal o hipercalcemia, se debe emplear bajo supervisión médica. Su consumo debe complementarse con una dieta equilibrada. Mantener fuera del alcance de los niños y en un lugar fresco y seco. Presentación Principio Activo Registro Sanitario Modo de uso Precauciones y Contraindicaciones No Producto a Pedido 0 Presentación Principio Activo Registro Sanitario Modo de uso Precauciones y Contraindicaciones Producto a Pedido Stock Security Campos Auxiliares Highlight Stock Security CalCM D 250 mg + 125 UI Tabletas Recubiertas de Emcure Pharma es un suplemento que combina citrato malato de calcio y vitamina D3. Esta fórmula está diseñada para apoyar la adecuada absorción de calcio y el mantenimiento de huesos y dientes fuertes. La vitamina D3 contribuye a mejorar la biodisponibilidad del calcio. Su uso puede ser un complemento útil en personas con mayor necesidad de estos nutrientes, como adultos mayores, mujeres en etapas de riesgo de pérdida ósea o individuos con dietas deficientes en calcio y vitamina D.",vtex_spec_or_regex,false_no_component_match
Farmacia Universal,Gilsan Flexigem Plus en Polvo - Frasco 550 g,Gilsan Flexigem Plus en Polvo 550 g Precio + Delivery Gratis,E4646518NNALBGL,104.64,PEN,available,https://www.farmaciauniversal.com/gilsan-flexigem-plus-en-polvo-frasco-550-g/p,26797,Gilsan Nature,vtex_catalog_search,2026-06-08T00:46:40.930718+00:00,10,"/Vitaminas y Suplementos/Multivitamínicos/Osteoarticulares/ /Vitaminas y Suplementos/Multivitamínicos/ /Vitaminas y Suplementos/ /1/344/354/ /1/344/ /1/ Frasco 550 g E4646518NNALBGL Mezclar 01 cucharada (10 g) al día con agua, bebida o jugo preferido. Conservar y almacenar en un lugar fresco y seco. Mantener el envase bien cerrado. Presentación Registro Sanitario Modo de uso Precauciones y Contraindicaciones No Producto a Pedido 1 Presentación Registro Sanitario Modo de uso Precauciones y Contraindicaciones Producto a Pedido Stock Security Campos Auxiliares Highlight Stock Security Con Camu Camu, Colágeno hidrolizado, Glucosamina, Calcio y Vitamina D Ayuda a prevenir la osteoporosis, osteoartritis y rigidez de las articulaciones. Ayuda a aliviar dolores articulares, fatigas y calambres musculares. Favorece la conservación de las articulaciones, ligamentos y tendones. Refuerza el funcionamiento de los músculos, tendones y articulaciones. Favorece en fortalecer los huesos, tendones, ligamentos y articulaciones. Mantiene el correcto funcionamiento de nuestro sistema óseo y de todo el tejido conectivo.",vtex_spec_or_regex,false_no_component_match
Farmacia Universal,Oxy Grana 500 mg Cápsulas - Frasco 100 und,Oxy Grana 500 mg Cápsulas 100 und Precio + Delivery Gratis,N1206616NLAARSR,107.00,PEN,available,https://www.farmaciauniversal.com/oxy-grana-500-mg-capsulas-frasco-100-und/p,20342,Biomonk,vtex_catalog_search,2026-06-08T00:46:40.930935+00:00,10,"/Vitaminas y Suplementos/Multivitamínicos/Osteoarticulares/ /Vitaminas y Suplementos/Multivitamínicos/ /Vitaminas y Suplementos/ /1/344/354/ /1/344/ /1/ Frasco 100 und N1206616NLAARSR 2 a 3 cápsulas diarias. De preferencia antes de los alimentos. Mantener el envase bien cerrado y conservado en un lugar fresco y seco. Presentación Registro Sanitario Modo de uso Precauciones y Contraindicaciones No Producto a Pedido 1 Presentación Registro Sanitario Modo de uso Precauciones y Contraindicaciones Producto a Pedido Stock Security Campos Auxiliares Highlight Stock Security La granada es un fruto con múltiples propiedades antioxidantes, antinflamatorias y anti proliferativas. En la actualidad se están realizando varios estudios clínicos multicéntricos sobre todo en pacientes con cáncer de próstata para determinar los efectos de la granada en el tratamiento de pacientes con este tumor.",vtex_spec_or_regex,false_no_component_match
Farmacia Universal,Oseoduran 1000 mg + D3 - Caja 30 und,Oseoduran 1000 mg + D3 30 und Precio + Delivery Gratis,DN0162,95.40,PEN,available,https://www.farmaciauniversal.com/oseoduran-1000-mg-d3-caja-30-und/p,10882,Deutsche Pharma,vtex_catalog_search,2026-06-08T00:46:40.931150+00:00,10,"/Vitaminas y Suplementos/Multivitamínicos/Osteoarticulares/ /Vitaminas y Suplementos/Multivitamínicos/ /Vitaminas y Suplementos/ /1/344/354/ /1/344/ /1/ Caja 30 und DN0162 Dosis recomendada: 1 sobre diario. Disolver el contenido del sobre en un vaso con agua. No superar la dosis diaria recomendada. La absorción de calcio puede disminuir en pacientes con aclorhidria o hipoclorhidria a menos que el suplemento sea ingerido con comidas. Consulte a su médico antes de tomar con digitálicos. Presentación Registro Sanitario Modo de uso Precauciones y Contraindicaciones No Producto a Pedido 1 Presentación Registro Sanitario Modo de uso Precauciones y Contraindicaciones Producto a Pedido Stock Security Campos Auxiliares Highlight Stock Security GRANULADO EFERVESCENTE: Granulado efervescente blanquecino o ligeramente amarillo, agridulce. SOLUCIÓN RECONSTITUIDA: Solución clara que se va tornando opalescente.",vtex_spec_or_regex,false_no_component_match
Farmacia Universal,Medihealth Cetopic Crema - Frasco 50 g,Medihealth Cetopic Crema 50 g Precio + Delivery Gratis,NSOC0111100CO,82.20,PEN,available,https://www.farmaciauniversal.com/medihealth-cetopic-crema-frasco-50-g/p,25170,Megalabs,vtex_catalog_search,2026-06-08T00:46:40.932191+00:00,10,"/Dermocosmética/Serums y Ampollas/Antiedad/ /Dermocosmética/Serums y Ampollas/ /Dermocosmética/ /6/174/197/ /6/174/ /6/ Frasco 50 g NSOC0111100CO Aplicar uniformemente sobre la piel limpia en el contorno de ojos, rostro y cuello, por la mañana y noche. Uso externo únicamente. Almacenar a temperatura inferior a 25°C. Evitar el contacto con los ojos. Si se presentan reacciones adversas, suspender su uso y consultar con un médico. Mantener fuera del alcance de los niños. El color puede variar entre amarillo pálido y café claro debido a la vitamina C sin afectar su calidad. Consumir el producto dentro de los 4 meses posteriores a su apertura. Presentación Registro Sanitario Modo de uso Precauciones y Contraindicaciones No Producto a Pedido 0 Presentación Registro Sanitario Modo de uso Precauciones y Contraindicaciones Producto a Pedido Stock Security Campos Auxiliares Highlight Stock Security Medihealth Cetopic crema es una fórmula tópica con vitamina C estable, diseñada para el cuidado de la piel del rostro, contorno de ojos y cuello. Su composición se asocia con la protección frente al estrés oxidativo causado por factores externos como la radiación UV y agresiones ambientales. Además, su base emoliente contiene componentes similares a los factores hidratantes naturales de la piel, lo que puede ayudar a mantener la hidratación, suavidad y apariencia saludable, contribuyendo a reducir signos visibles de resequedad y fotoenvejecimiento.",vtex_spec_or_regex,false_no_component_match
Farmacia Universal,Yumi Gumi Total Diva Gomitas Sabor Cereza - Frasco 50 und,Yumi Gumi Total Diva Gomitas Sabor Cereza 50 und Precio + Delivery Gratis,G7706823NNARBBS,44.90,PEN,available,https://www.farmaciauniversal.com/yumi-gumi-total-diva-gomitas-sabor-cereza-frasco-50-und/p,30746,Yumi Gumi,vtex_catalog_search,2026-06-08T00:46:40.933527+00:00,10,"/Vitaminas y Suplementos/Multivitamínicos/Cabello y Uñas/ /Vitaminas y Suplementos/Multivitamínicos/ /Vitaminas y Suplementos/ /1/344/357/ /1/344/ /1/ Frasco 50 und G7706823NNARBBS Se recomienda consumir 2 gomitas al día, preferiblemente junto con las comidas. Suspender uso si experimenta mal estar. No recomendado para mujeres embarazadas ni en etapa de lactancia. Si se encuentra en tratamiento médico o padece alguna condición de salud, consultar con su médico antes de consumir. Suspender el uso en caso de malestar o reacciones adversas. Mantener fuera del alcance de los niños y almacenar en un lugar fresco y seco. Presentación Registro Sanitario Modo de uso Precauciones y Contraindicaciones No Producto a Pedido Cereza Sabor 0 Presentación Registro Sanitario Modo de uso Precauciones y Contraindicaciones Producto a Pedido Sabor Stock Security Campos Auxiliares Highlight Filtros Stock Security Yumi Gumi Total Diva son gomitas sabor cereza formuladas especialmente para el cuidado de la belleza desde adentro. Su combinación de colágeno, biotina y vitaminas A y D contribuye a fortalecer el cabello, mejorar la resistencia de las uñas y mantener la piel firme e hidratada. Su formato en gomitas hace que el consumo sea agradable, práctico y libre de octógonos, convirtiéndose en un complemento ideal para quienes buscan mantener una apariencia saludable y radiante.",vtex_spec_or_regex,false_no_component_match
Farmacia Universal,Vita Pos 250 UI/g Ungüento Oftálmico - Tubo 5 g,Vita Pos 250 UI/g Ungüento Oftálmico 5 g Precio + Delivery Gratis,DM15390E,79.80,PEN,available,https://www.farmaciauniversal.com/vita-pos-250-ui-g-unguento-oftalmico-tubo-5-g/p,22921,Akorn,vtex_catalog_search,2026-06-08T00:46:40.934248+00:00,1,"/Medicinas/Cuidado Ocular/Gotas Oftálmicas/ /Medicinas/Cuidado Ocular/ /Medicinas/ /2/44/68/ /2/44/ /2/ Tubo 5 g Retinol Palmitato 250 UI/g, Vitamina A 250 UI/g DM15390E Aplicar una pequeña cantidad en el saco conjuntival, siguiendo las indicaciones del médico u oftalmólogo. Generalmente se utiliza antes de dormir. Uso oftálmico. No tocar la punta del tubo con el ojo ni otras superficies. Suspender su uso y consultar al especialista si se presenta irritación persistente. Presentación Principio Activo Registro Sanitario Modo de uso Precauciones y Contraindicaciones No No No Producto a Pedido Requiere receta médica Requiere refrigeración 0 Presentación Principio Activo Registro Sanitario Modo de uso Precauciones y Contraindicaciones Producto a Pedido Requiere receta médica Requiere refrigeración Stock Security Campos Auxiliares Highlight Stock Security Vita Pos Ungüento Oftálmico es un producto formulado con vitamina A, utilizado para el cuidado de la superficie ocular en situaciones de sequedad o alteración de la película lagrimal, según recomendación del profesional de la salud.",vtex_spec_or_regex,false_no_component_match
Farmacia Universal,Vitacose Plus Solución Inyectable - Caja 1 kit,Vitacose Plus Solución Inyectable 1 kit,EN03828,18.05,PEN,available,https://www.farmaciauniversal.com/vitacose-plus-solucion-inyectable-caja-1-kit/p,10738,Cipa,vtex_catalog_search,2026-06-08T00:46:40.934434+00:00,100,"/Medicinas/Sistema Nervioso/Vitaminas Neuroprotectoras/ /Medicinas/Sistema Nervioso/ /Medicinas/ /2/416/432/ /2/416/ /2/ Caja 1 kit Piridoxina clorhidrato 5 mg, Cianocobalamina 1 mg, Ácido fólico 1.05 mg EN03828 Presentación Principio Activo Registro Sanitario No Si No Producto a Pedido Requiere receta médica Requiere refrigeración 1 Presentación Principio Activo Registro Sanitario Producto a Pedido Requiere receta médica Requiere refrigeración Stock Security Campos Auxiliares Highlight Stock Security",vtex_spec_or_regex,false_no_component_match
Farmacia Universal,Topiqua AE Crema - Frasco 250 g,Topiqua AE Crema 250 g Precio + Delivery Gratis,NSOC6472824PE,115.00,PEN,available,https://www.farmaciauniversal.com/topiqua-ae-crema-frasco-250-g/p,30711,Lafage,vtex_catalog_search,2026-06-08T00:46:40.934700+00:00,10,"/Dermocosmética/Cuidado Corporal/Hidratantes Corporales/ /Dermocosmética/Cuidado Corporal/ /Dermocosmética/ /6/175/202/ /6/175/ /6/ Frasco 250 g NSOC6472824PE Aplicar sobre la piel limpia y seca, 1 a 2 veces al día, o según indicación del profesional de salud. Masajear suavemente hasta su total absorción. Solo para uso externo. Evitar el contacto con ojos y mucosas. No aplicar sobre heridas abiertas o piel irritada. En caso de irritación, suspender su uso. Mantener fuera del alcance de los niños. Conservar en lugar fresco y seco. Presentación Registro Sanitario Modo de uso Precauciones y Contraindicaciones No Producto a Pedido 0 Presentación Registro Sanitario Modo de uso Precauciones y Contraindicaciones Producto a Pedido Stock Security Campos Auxiliares Highlight Stock Security Topiqua® AE Crema está formulada con Urea al 10%, Vitamina A (250,000 UI) y Vitamina E al 5%, componentes que ayudan a mantener la piel hidratada y acondicionada. La Vitamina A contribuye con la regeneración natural de la piel, mientras que la Vitamina E, conocida por su acción antioxidante, ayuda a proteger la piel frente a agresiones externas. Esta combinación puede favorecer la suavidad y elasticidad de la piel con uso constante.",vtex_spec_or_regex,false_no_component_match
Farmacia Universal,"Vid Natur Magne Balance Camu Camu, Potasio y Zinc Sobres - Caja 35 und","Vid Natur Magne Balance Camu Camu, Potasio y Zinc Sobres 35 und Precio + Delivery Gratis",I8904423NNEGONT,75.00,PEN,available,https://www.farmaciauniversal.com/vid-natur-magne-balance-camu-camu-potasio-y-zinc-sobres-caja-35-und/p,29008,Vid Natur,vtex_catalog_search,2026-06-08T00:46:40.934941+00:00,10,"/Vitaminas y Suplementos/Minerales y Otros/Magnesio/ /Vitaminas y Suplementos/Minerales y Otros/ /Vitaminas y Suplementos/ /1/10/15/ /1/10/ /1/ Caja 35 und I8904423NNEGONT Mezclar un sobre en un vaso con agua tibia. Mezclar con una cucharita de madera. Consumir este suplemento en las mañanas para una mejor absorción. Evitar consumir en caso de insuficiencia renal o hipotensión. Mantener fuera del alcance de los niños. Presentación Registro Sanitario Modo de uso Precauciones y Contraindicaciones No Producto a Pedido 0 Presentación Registro Sanitario Modo de uso Precauciones y Contraindicaciones Producto a Pedido Stock Security Campos Auxiliares Highlight Stock Security Con Camu Camu, Citrato de magnesio, Potasio y Zinc. Ayuda a regular funciones musculares. Sin gluten, sin maltodextrina, sin azúcar añadida.",vtex_spec_or_regex,false_no_component_match
Farmacia Universal,La Naturaleza y tu Salud Harina de Camu Camu - Frasco 200 g,La Naturaleza y tu Salud Harina de Camu Camu 200 g Precio + Delivery Gratis,D1503323NNALANT,25.00,PEN,available,https://www.farmaciauniversal.com/la-naturaleza-y-tu-salud-harina-de-camu-camu-frasco-200-g/p,29093,La Naturaleza y tu Salud,vtex_catalog_search,2026-06-08T00:46:40.935157+00:00,10,"/Productos Saludables/Repostería y Cocina/Harina/ /Productos Saludables/Repostería y Cocina/ /Productos Saludables/ /9/273/284/ /9/273/ /9/ Frasco 200 g D1503323NNALANT Úsalo como harina para tus postres. Disolver una cucharadita en tus infusiones, extractos o batidos. Evitar su consumo en caso de embarazo o en niños menores de 7 años. Presentación Registro Sanitario Modo de uso Precauciones y Contraindicaciones No Producto a Pedido 1 Presentación Registro Sanitario Modo de uso Precauciones y Contraindicaciones Producto a Pedido Stock Security Campos Auxiliares Highlight Stock Security Poderosa fuente de vitamina C. Efecto antiinflamatorio. Ayuda a eliminar el estrés oxidativo. Fortalece las defensas. Alimento rico en potasio.",vtex_spec_or_regex,false_no_component_match
Farmacia Universal,"Vid Natur Magne Balance Camu Camu, Potasio y Zinc - Frasco 200 g","Vid Natur Magne Balance Camu Camu, Potasio y Zinc 200 g Precio + Delivery Gratis",I8904423NNEGONT,39.00,PEN,available,https://www.farmaciauniversal.com/vid-natur-magne-balance-camu-camu-potasio-y-zinc-frasco-200-g/p,29009,Vid Natur,vtex_catalog_search,2026-06-08T00:46:40.935841+00:00,10,"/Vitaminas y Suplementos/Minerales y Otros/Magnesio/ /Vitaminas y Suplementos/Minerales y Otros/ /Vitaminas y Suplementos/ /1/10/15/ /1/10/ /1/ Frasco 200 g I8904423NNEGONT Llenar la cucharita dosificadora de 5 g y combinar con un vaso con agua tibia. Mezclar con una cucharita de madera. Consumir este suplemento en las mañanas para una mejor absorción. Evitar consumir en caso de insuficiencia renal o hipotensión. Mantener fuera del alcance de los niños. Presentación Registro Sanitario Modo de uso Precauciones y Contraindicaciones No Producto a Pedido 0 Presentación Registro Sanitario Modo de uso Precauciones y Contraindicaciones Producto a Pedido Stock Security Campos Auxiliares Highlight Stock Security Con Camu Camu, Citrato de magnesio, Potasio y Zinc. Ayuda a regular funciones musculares. Sin gluten, sin maltodextrina, sin azúcar añadida.",vtex_spec_or_regex,false_no_component_match
Farmacia Universal,Gelifex Balance Polvo para Solución Oral Sobres - Caja 30 und,Gelifex Balance Polvo para Solución Oral Sobres 30 und Precio + Delivery Gratis,DN0620,125.10,PEN,available,https://www.farmaciauniversal.com/gelifex-balance-polvo-para-solucion-oral-sobres-caja-30-und/p,28722,IQ Farma,vtex_catalog_search,2026-06-08T00:46:40.936400+00:00,10,"/Vitaminas y Suplementos/Minerales y Otros/Colágenos/ /Vitaminas y Suplementos/Minerales y Otros/ /Vitaminas y Suplementos/ /1/10/323/ /1/10/ /1/ Caja 30 und DN0620 Disolver el contenido de un sobre en un vaso con agua (aprox. 200 ml) y consumir una vez al día, preferiblemente junto con las comidas, o según indicación del profesional de la salud. Mantener fuera del alcance de los niños. No superar la dosis diaria recomendada. Este producto no sustituye una dieta variada y equilibrada. No recomendado para mujeres embarazadas o en periodo de lactancia sin supervisión médica. Presentación Registro Sanitario Modo de uso Precauciones y Contraindicaciones No Producto a Pedido 1 Presentación Registro Sanitario Modo de uso Precauciones y Contraindicaciones Producto a Pedido Stock Security Campos Auxiliares Highlight Stock Security Gelifex Balance es un suplemento formulado para el cuidado de las articulaciones, huesos y cartílagos. Su contenido de colágeno hidrolizado tipo II contribuye a mantener la elasticidad y resistencia de los tejidos, mientras que el magnesio favorece la función muscular y ósea. La vitamina C apoya la síntesis natural de colágeno y el ácido hialurónico ayuda a conservar la lubricación articular, promoviendo movilidad y bienestar general.",vtex_spec_or_regex,false_no_component_match
Farmacia Universal,Hidroxaneurín 10000 10 mg/2 ml Solución Inyectable - Caja 1 kit,Hidroxaneurín 10000 10 mg/2 ml Solución Inyectable 1 kit,EN08851,20.66,PEN,available,https://www.farmaciauniversal.com/hidroxaneurin-10000-10-mg-2-ml-solucion-inyectable-caja-1-kit/p,27283,Cipa,vtex_catalog_search,2026-06-08T00:46:40.936817+00:00,100,/Medicinas/Sistema Nervioso/Vitaminas Neuroprotectoras/ /Medicinas/Sistema Nervioso/ /Medicinas/ /2/416/432/ /2/416/ /2/ Caja 1 kit Hidroxocobalamina 10 mg/2 ml EN08851 Presentación Principio Activo Registro Sanitario No Si No Producto a Pedido Requiere receta médica Requiere refrigeración 1 Presentación Principio Activo Registro Sanitario Producto a Pedido Requiere receta médica Requiere refrigeración Stock Security Campos Auxiliares Highlight Stock Security,vtex_spec_or_regex,false_no_component_match
Farmacia Universal,Pack Cellskinlab AOX C15 Serum 15 ml + Phyto Spot 18B 15 ml + Face UV Protect 40 ml,Pack Cellskinlab AOX C15 Serum 15 ml + Phyto Spot 18B 15 ml + Face UV Protect 40 ml Precio + Delivery Gratis,"NSOC2829216PE, NSOC3521418PE, NSOC3332117PE",452.70,PEN,available,https://www.farmaciauniversal.com/pack-cellskinlab-aox-c15-serum-15-ml-phyto-spot-18b-15-ml-face-uv-protect-40-ml/p,99279,Cellskinlab,vtex_catalog_search,2026-06-08T00:46:40.937334+00:00,1,"/Dermocosmética/Packs/ /Dermocosmética/ /6/176/ /6/ Pack Promocional NSOC2829216PE, NSOC3521418PE, NSOC3332117PE Cellskinlab AOX C15 Serum: Aplicar Serum AOX C15 en la mañana 3 a 4 gotas en rostro, cuello y escote sobre la piel limpia y seca. Ideal para piel normal y piel sensible. Cellskinlab Phyto Spot 18-B Serum: Aplicar Phyto Spot 18 - B mañana y noche sobre la piel limpia y seca con suave masaje para que penetre en la piel. La cantidad a aplicar depende de la extensión de la mancha (1 gota alcanza para 4cm²). Phyto Spot 18 - B puede ser aplicarlo solo o complementar el tratamiento con Serum AOX C15, Serum AOX C&E o Serum AOX C&AHA con lo que se consigue una sinergia de acción despigmentante En el día aplicar fotoprotector cada 2 o 3 horas. Cellskinlab Face UV Protect Protector Solar SPF50: Aplicar Face UV Protect cada mañana en las zonas expuestas al sol. Se recomienda aplicar uniformemente antes de exponerse al sol. Reaplicar en el día cada 2 horas para mantener una protección solar adecuada. Cellskinlab AOX C15 Serum: No utilizar en personas alérgicas alguno de sus componentes. En las primeras aplicaciones pudiera sentir sensación de hormigueo en la piel (es normal por diferencia de pH del producto con la piel), si esto persiste, la piel se enrojece o inflama discontinuar su uso. Puede manchar la ropa de color claro lo que se elimina con el lavado. Sólo para uso externo. No utilizar en contorno de ojos. Almacenar protegido del calor y de la luz. Cellskinlab Phyto Spot 18-B Serum: No utilizar en personas alérgicas a alguno de sus componentes. No utilizar durante el embarazo. Solo para uso externo. Conservar en ambiente protegido del calor y de la luz. Cellskinlab Face UV Protect Protector Solar SPF50: Solo para uso externo. En caso de contacto con ojos lavar con abundante agua. Si presenta alguna molestia asociada al producto suspender su uso. Almacenar en un lugar fresco y protegido de la luz. Presentación Registro Sanitario Modo de uso Precauciones y Contraindicaciones No Producto a Pedido Presentación Registro Sanitario Modo de uso Precauciones y Contraindicaciones Producto a Pedido Campos Auxiliares Highlight Cellskinlab AOX C15 Serum Frasco 15 ml Serum antioxidante con Citamina C al 15% que evita en forma eficaz los efectos del fotoenvejecimiento. Con Serum AOX C15, tu piel lucirá con menos arrugas, más radiante, con mayor luminosidad y más sana. En su formulación contiene Vitamina C pura al 15% que protege frente al daño producido por los radicales libres generados la radiación UV, y estimula la producción de colágeno. Su PH de 3.5 asegura la mejor absorción del producto en la piel. Cellskinlab Phyto Spot 18-B Serum Frasco 15 ml Suero despigmentante para control intensivo del melasma y manchas rebeldes. Unifica el tono de la piel, suaviza y mejora su textura con acción antienvejecimiento gracias a la sinergia de sus activos. Contiene Niacinamida al 18% (unifica el tono de piel), Ácido Kójico y Alfa Arbutin al 2% (despigmentantes), Ácido Hialurónico y Vitamina B5. Cellskinlab Face UV Protect Protector Solar SPF50 - Tubo 40 ml Protector solar anti age para el cuidado del rostro. Disminuye los efectos dañinos de los rayos UV (UVB, UVA, IR+, Luz Visible y HEV), ayudando a evitar los signos del fotoenvejecimiento acelerado de la piel. Composición: Physalis Angulata Extract (protege la piel frente al infrarrojo e invisible), Aceite de Girasol (antioxidante y emoliente) y Homosolate (filtro químico con protección UV).",vtex_spec_or_regex,false_no_component_match
Farmacia Universal,Aneurín B12 20000 mcg/2 ml Solución Inyectable - Caja 1 kit,Aneurín B12 20000 mcg/2 ml Solución Inyectable 1 kit,EN08725,30.11,PEN,available,https://www.farmaciauniversal.com/aneurin-b12-20000-mcg-2-ml-solucion-inyectable-caja-1-kit/p,27278,Cipa,vtex_catalog_search,2026-06-08T00:46:40.938041+00:00,10,/Medicinas/Sistema Nervioso/Vitaminas Neuroprotectoras/ /Medicinas/Sistema Nervioso/ /Medicinas/ /2/416/432/ /2/416/ /2/ Caja 1 kit Cianocobalamina 20000 mcg EN08725 Presentación Principio Activo Registro Sanitario No Si No Producto a Pedido Requiere receta médica Requiere refrigeración 1 Presentación Principio Activo Registro Sanitario Producto a Pedido Requiere receta médica Requiere refrigeración Stock Security Campos Auxiliares Highlight Stock Security De venta con receta médica. Evite automedicarse. Usar según indicaciones de su médico tratante.,vtex_spec_or_regex,false_no_component_match
Farmacia Universal,Tres B 5 000 mcg + 100 mg + 100 mg Solución Inyectable - Ampolla 3 ml,Tres B 5 000 mcg + 100 mg + 100 mg Solución Inyectable 3 ml,EN06291,24.01,PEN,available,https://www.farmaciauniversal.com/tres-b-5-000-mcg-100-mg-100-mg-solucion-inyectable-ampolla-3-ml/p,28884,Medifarma,vtex_catalog_search,2026-06-08T00:46:40.938408+00:00,100,"/Medicinas/Sistema Nervioso/Vitaminas Neuroprotectoras/ /Medicinas/Sistema Nervioso/ /Medicinas/ /2/416/432/ /2/416/ /2/ Ampolla 3 ml Cianocobalamina 5000 mcg, Tiamina 100 mg, Piridoxina 100 mg EN06291 Presentación Principio Activo Registro Sanitario No Si Si Producto a Pedido Requiere receta médica Requiere refrigeración 1 Presentación Principio Activo Registro Sanitario Producto a Pedido Requiere receta médica Requiere refrigeración Stock Security Campos Auxiliares Highlight Stock Security",vtex_spec_or_regex,false_no_component_match
Farmacia Universal,Tinku Inositol Cápsulas - Frasco 60 und,Tinku Inositol Cápsulas 60 und Precio + Delivery Gratis,P2829425NNANVSC,55.90,PEN,available,https://www.farmaciauniversal.com/tinku-inositol-capsulas-frasco-60-und/p,32020,Tinku,vtex_catalog_search,2026-06-08T00:46:40.938648+00:00,1,"/Vitaminas y Suplementos/Multivitamínicos/ /Vitaminas y Suplementos/ /1/344/ /1/ Frasco 60 und P2829425NNANVSC Administrar por vía oral, tomando dos cápsulas al día por las mañanas, preferentemente con agua. No indicado para mujeres embarazadas ni en período de lactancia, ni para menores de 18 años. No exceder la dosis diaria recomendada. Los suplementos alimenticios no sustituyen una alimentación equilibrada ni tratamientos médicos. Conservar en un lugar fresco y seco, fuera del alcance de los niños. Presentación Registro Sanitario Modo de uso Precauciones y Contraindicaciones No Producto a Pedido 0 Presentación Registro Sanitario Modo de uso Precauciones y Contraindicaciones Producto a Pedido Stock Security Campos Auxiliares Highlight Stock Security Tinku Inositol es un suplemento alimenticio en cápsulas formulado a base de inositol, reforzado con arándanos, selenio y vitaminas B6 y D.",vtex_spec_or_regex,false_no_component_match
Farmacia Universal,Nat C Yummy Gummyz Gomitas Sabor Mandarina - Caja 25 und,Nat C Yummy Gummyz Gomitas Sabor Mandarina 25 und Precio + Delivery Gratis,G7704317ENAMGLF,33.00,PEN,available,https://www.farmaciauniversal.com/nat-c-yummy-gummyz-gomitas-sabor-mandarina-caja-25-und/p,29286,Mega We Care,vtex_catalog_search,2026-06-08T00:46:40.938837+00:00,1,/Cuidado Infantil/Nutrición Infantil/Suplementos Infantiles/ /Cuidado Infantil/Nutrición Infantil/ /Cuidado Infantil/ /5/151/340/ /5/151/ /5/ Caja 25 und G7704317ENAMGLF Niños mayores de 2 años: una a dos gomitas al día Contiene azúcar Presentación Registro Sanitario Modo de uso Precauciones y Contraindicaciones No Producto a Pedido 0 Presentación Registro Sanitario Modo de uso Precauciones y Contraindicaciones Producto a Pedido Stock Security Campos Auxiliares Highlight Stock Security Caramelos blandos con Vitamina C (30mg por gomita).,vtex_spec_or_regex,false_no_component_match
Farmacia Universal,Milgamma 300 mg Protekt Comprimidos Recubiertos - Caja 30 und,Milgamma 300 mg Protekt Comprimidos Recubiertos 30 und,EE11143,174.00,PEN,available,https://www.farmaciauniversal.com/milgamma-300-mg-protekt-comprimidos-recubiertos-caja-30-und/p,29328,Worwag Pharma,vtex_catalog_search,2026-06-08T00:46:41.911825+00:00,10,/Medicinas/Sistema Nervioso/Vitaminas Neuroprotectoras/ /Medicinas/Sistema Nervioso/ /Medicinas/ /2/416/432/ /2/416/ /2/ Caja 30 und Benfotiamina 300 mg EE11143 Presentación Principio Activo Registro Sanitario No Si No Producto a Pedido Requiere receta médica Requiere refrigeración 0 Presentación Principio Activo Registro Sanitario Producto a Pedido Requiere receta médica Requiere refrigeración Stock Security Campos Auxiliares Highlight Stock Security,vtex_spec_or_regex,false_no_component_match
Farmacia Universal,Ana Maria Lajusticia Aceite de Higado de Bacalao Cápsulas - Frasco 90 und,Ana Maria Lajusticia Aceite de Higado de Bacalao Cápsulas 90 und Precio + Delivery Gratis,DE5323,109.90,PEN,available,https://www.farmaciauniversal.com/ana-maria-lajusticia-aceite-de-higado-de-bacalao-capsulas-frasco-90-und/p,32535,Ana Maria Lajusticia,vtex_catalog_search,2026-06-08T00:46:41.912145+00:00,10,"/Vitaminas y Suplementos/Multivitamínicos/Cardiovasculares/ /Vitaminas y Suplementos/Multivitamínicos/ /Vitaminas y Suplementos/ /1/344/355/ /1/344/ /1/ Frasco 90 und DE5323 Tomar 1 cápsula blanda en el desayuno, 1 en el almuerzo y 1 en la cena, para un total de 3 cápsulas blandas al día. No se recomienda su consumo en caso de hipersensibilidad a alguno de sus componentes. Los suplementos alimenticios no sustituyen una alimentación equilibrada. Mantener fuera del alcance de los niños. Presentación Registro Sanitario Modo de uso Precauciones y Contraindicaciones No Producto a Pedido 0 Presentación Registro Sanitario Modo de uso Precauciones y Contraindicaciones Producto a Pedido Stock Security Campos Auxiliares Highlight Stock Security Ana Maria Lajusticia Aceite de Hígado de Bacalao es un complemento nutricional que aporta ácidos grasos omega-3 EPA y DHA, junto con vitaminas A y D. Los omega-3 contribuyen al funcionamiento normal del corazón, mientras que la vitamina D favorece la absorción y utilización normal del calcio y el fósforo, participando en el mantenimiento de la salud ósea. Además, la vitamina A contribuye al mantenimiento de la visión en condiciones normales y participa en el cuidado de la piel y las mucosas. Su formulación resulta especialmente útil para complementar la alimentación en personas con baja exposición solar o que buscan reforzar su aporte de nutrientes esenciales para la salud cardiovascular, ósea y visual.",vtex_spec_or_regex,false_no_component_match
Farmacia Universal,Cetaphil Optimal Hydration Serum Facial - Frasco 30 ml,Cetaphil Optimal Hydration Serum Facial 30 ml Precio + Delivery Gratis,NSOC0786321CO,135.92,PEN,available,https://www.farmaciauniversal.com/cetaphil-optimal-hydration-serum-facial-frasco-30-ml/p,30543,Cetaphil,vtex_catalog_search,2026-06-08T00:46:41.912405+00:00,1,"/Dermocosmética/Serums y Ampollas/Antiedad/ /Dermocosmética/Serums y Ampollas/ /Dermocosmética/ /6/174/197/ /6/174/ /6/ Frasco 30 ml NSOC0786321CO plicar 1–2 pulsaciones sobre rostro y cuello limpios, mañana y noche, antes de tu crema. Evitar contacto con ojos; en caso de contacto, enjuagar con agua. Suspender su uso si notas irritación persistente. No ingerir. Presentación Registro Sanitario Modo de uso Precauciones y Contraindicaciones No Producto a Pedido Presentación Registro Sanitario Modo de uso Precauciones y Contraindicaciones Producto a Pedido Campos Auxiliares Highlight Este suero ligero está diseñado para piel sensible y deshidratada. Contiene complejo HydroSensitiv (extracto de margarita azul), ácido hialurónico, vitamina B5 y E, y aceite de semilla de girasol, que ayudan a reponer y retener la hidratación durante hasta 48 horas, mejorando la textura y apariencia de la piel",vtex_spec_or_regex,false_no_component_match
Farmacia Universal,Cosheal Vita C Boost Ampoule Serum - Frasco 45 ml,Cosheal Vita C Boost Ampoule Serum 45 ml Precio + Delivery Gratis,NSOC0044825EC,151.90,PEN,available,https://www.farmaciauniversal.com/cosheal-vita-c-boost-ampoule-serum-frasco-45-ml/p,32763,Cosheal,vtex_catalog_search,2026-06-08T00:46:41.912894+00:00,10,"/Dermocosmética/Serums y Ampollas/Antipigmentación/ /Dermocosmética/Serums y Ampollas/ /Dermocosmética/ /6/174/198/ /6/174/ /6/ Frasco 45 ml NSOC0044825EC Aplicar unas gotas y esparcir uniformemente sobre la piel. Suspender el uso del producto si presenta irritación o cualquier reacción desfavorable. No aplicar sobre heridas abiertas o cicatrices recientes. Uso externo. Mantener alejado de los niños. Presentación Registro Sanitario Modo de uso Precauciones y Contraindicaciones No Producto a Pedido 0 Presentación Registro Sanitario Modo de uso Precauciones y Contraindicaciones Producto a Pedido Stock Security Campos Auxiliares Highlight Stock Security Cosheal Vita C Boost Ampoule Serum es un sérum facial formulado para ayudar a combatir la hiperpigmentación, las manchas oscuras y la opacidad de la piel. Su fórmula combina vitamina C y vitamina B3, junto con otros ingredientes que trabajan en conjunto para iluminar, hidratar y mejorar la textura cutánea. Actúa como un cuidado cosmético aclarador que aporta brillo a la piel y ayuda a reducir la hiperpigmentación causada por el daño solar y diversos tipos de acné, incluyendo espinillas, acné quístico y acné hormonal.",vtex_spec_or_regex,false_no_component_match
Farmacia Universal,Creliverol 12 500 mcg Solución Oral - Vial 10 ml,Creliverol 12 500 mcg Solución Oral 10 ml Precio + Delivery Gratis,DN0572,26.61,PEN,available,https://www.farmaciauniversal.com/creliverol-12-500-mcg-solucion-oral-vial-10-ml/p,12504,Medifarma,vtex_catalog_search,2026-06-08T00:46:41.913677+00:00,100,"/Vitaminas y Suplementos/Vitaminas/Vitamina B/ /Vitaminas y Suplementos/Vitaminas/ /Vitaminas y Suplementos/ /1/343/346/ /1/343/ /1/ Vial 10 ml Cianocobalamina 500 mcg DN0572 Adultos y adolescentes a partir de 15 años: 1 vial (10 mL) que equivale a 500 mcg/día. Puede tomarse puro o mezclado con jugo de frutas u otras bebidas. Las dosis se administrarán diaria, interdiaria, semanal o quincenalmente de acuerdo con la naturaleza y severidad de la deficiencia. El médico tratante habrá de establecer la dosis adecuada, así como la duración del tratamiento en cada caso. No utilizar en casos de: Enfermedad de Leber, se ha observado atrofia del nervio óptico rápidamente después de la administración de la vitamina y en que las concentraciones de cianocobalamina se hallan elevadas. Sensibilidad a cianocobalamina o a hidroxicobalamina. ADVERTENCIAS: Respetar la dosis prescrita. No tomar el medicamento con alcohol, con antibióticos ni con colchicina. PRECAUCIONES: Los individuos sensibles a otras cobalaminas (halladas en forma natural, en los alimentos) pueden ser, asimismo, sensibles a vitamina B12. No se han llevado a cabo estudios de Carcinogenicidad en animales o en seres humanos. No se han documentado problemas en seres humanos en el curso del embarazo, la lactancia ni en poblaciones pediátrica y geriátrica. Presentación Principio Activo Registro Sanitario Modo de uso Precauciones y Contraindicaciones No Producto a Pedido 1 Presentación Principio Activo Registro Sanitario Modo de uso Precauciones y Contraindicaciones Producto a Pedido Stock Security Campos Auxiliares Highlight Stock Security Creliverol 12 Solución Oral es un suplemento vitamínico recomendado en casos de deficiencia nutricional o insuficiencia por condiciones específicas. La vitamina B12 actúa como coenzima en funciones metabólicas esenciales, incluyendo el metabolismo de grasas y carbohidratos, así como la síntesis de proteínas. Es fundamental para el crecimiento, la replicación celular, la producción de glóbulos rojos y la formación de mielina, debido a su influencia en el metabolismo de la metionina, el ácido fólico y el ácido malónico. Su rol en el metabolismo celular contribuye al desarrollo corporal, la estimulación del apetito y la prevención o tratamiento de deficiencias de vitamina B12, como la anemia perniciosa.",vtex_spec_or_regex,false_no_component_match
Farmacia Universal,Vitybell Emulsión - Tubo 50 g,Vitybell Emulsión 50 g Precio + Delivery Gratis,NSOC6079823PE,60.00,PEN,available,https://www.farmaciauniversal.com/vitybell-emulsion-tubo-50-g/p,29457,Unimed,vtex_catalog_search,2026-06-08T00:46:41.914245+00:00,10,"/Dermocosmética/Hidratación Facial/Cremas Hidratantes/ /Dermocosmética/Hidratación Facial/ /Dermocosmética/ /6/170/180/ /6/170/ /6/ Tubo 50 g NSOC6079823PE Aplicar Vitybell dos a tres veces al día sobre la piel limpia y seca del rostro o cuerpo, especialmente en zonas con resequedad evidente. Realizar suaves masajes hasta su completa absorción. Procurar tener las manos limpias durante la aplicación. Uso externo únicamente. No aplicar sobre mucosas. Evitar el contacto directo con heridas abiertas. En caso de contacto con los ojos o irritación, enjuagar con abundante agua y suspender el uso. Mantener fuera del alcance de los niños y conservar en un lugar fresco y seco. Presentación Registro Sanitario Modo de uso Precauciones y Contraindicaciones No Producto a Pedido 0 Presentación Registro Sanitario Modo de uso Precauciones y Contraindicaciones Producto a Pedido Stock Security Campos Auxiliares Highlight Stock Security Vitybell Emulsión es una fórmula hidratante y antioxidante desarrollada para el cuidado diario de la piel del rostro y cuerpo. Contiene vitaminas A y E, D-Panthenol, ácido hialurónico, coenzima Q10, aloe vera y omegas 6 y 9, ingredientes que contribuyen a mantener la piel hidratada, suave y con una apariencia saludable. Su tecnología con ingredientes bioactivos y nanoencapsulados favorece una mejor absorción y ayuda a reforzar la barrera cutánea, aportando confort en zonas con resequedad o sensibilidad.",vtex_spec_or_regex,false_no_component_match
Farmacia Universal,TMX MultiFem+ Gomitas Sabor Naranja - Frasco 70 und,TMX MultiFem+ Gomitas Sabor Naranja 70 und Precio + Delivery Gratis,G6615322NNAVDLB,44.10,PEN,available,https://www.farmaciauniversal.com/tmx-multifem-gomitas-sabor-naranja-frasco-70-und/p,32680,TMX,vtex_catalog_search,2026-06-08T00:46:41.914525+00:00,10,"/Vitaminas y Suplementos/Multivitamínicos/Adultos/ /Vitaminas y Suplementos/Multivitamínicos/ /Vitaminas y Suplementos/ /1/344/350/ /1/344/ /1/ Frasco 70 und G6615322NNAVDLB Consumir dos gomitas al día como parte de una alimentación equilibrada o según recomendación profesional. No exceder la dosis recomendada. Los suplementos alimenticios no sustituyen una dieta balanceada ni hábitos de vida saludables. Mantener fuera del alcance de los niños. Conservar en un lugar fresco y seco. Presentación Registro Sanitario Modo de uso Precauciones y Contraindicaciones No Producto a Pedido Naranja Sabor Presentación Registro Sanitario Modo de uso Precauciones y Contraindicaciones Producto a Pedido Sabor Campos Auxiliares Highlight Filtros TMX MultiFem+ Gomitas Sabor Naranja es un multivitamínico especialmente desarrollado para complementar las necesidades nutricionales de la mujer. Su fórmula combina colágeno, vitaminas A, C, D, E y vitaminas del complejo B, nutrientes que contribuyen al bienestar general, el metabolismo energético y el mantenimiento de una piel saludable. Su práctico formato en gomitas facilita el consumo diario de vitaminas esenciales.",vtex_spec_or_regex,false_no_component_match
Farmacia Universal,Infanzia Infavit Multivitamínico Solución Oral - Frasco 30 ml,Infanzia Infavit Multivitamínico Solución Oral 30 ml Precio + Delivery Gratis,DE3450,42.00,PEN,available,https://www.farmaciauniversal.com/infanzia-infavit-multivitaminico-solucion-oral-frasco-30-ml/p,28194,Infanzia,vtex_catalog_search,2026-06-08T00:46:41.914820+00:00,100,"/Cuidado Infantil/Nutrición Infantil/Suplementos Infantiles/ /Cuidado Infantil/Nutrición Infantil/ /Cuidado Infantil/ /5/151/340/ /5/151/ /5/ Frasco 30 ml DE3450 Vía de administración oral. Bebés: la dosis recomendada es de 6 gotas al día o 0.5 ml. del gotero. Niños de 1 a 3 años: la dosis recomendada es de 12 gotas al día o 1 ml. del gotero. Se puede tomar directamente en la boca o diluir en un poco de agua. Agitar antes de usar. Mantener fuera del alcance de los niños. No superar la dosis diaria expresamente recomendada para productos dietéticos. Consumir ante de la fecha de vencimiento indicada en el envase. El uso es indicado para recién nacidos hasta los 3 años de edad, sin embargo, el uso por niños mayores no asociado a ningún riesgo. Presentación Registro Sanitario Modo de uso Precauciones y Contraindicaciones No Producto a Pedido 1 Presentación Registro Sanitario Modo de uso Precauciones y Contraindicaciones Producto a Pedido Stock Security Campos Auxiliares Highlight Stock Security Suplemento dietético, contiene 13 vitaminas esenciales (Vitamina C, Vitamina B3, Vitamina E, Vitamina B5, Vitamina B6, Vitamina B2, Vitamina A, Vitamina B1, Vitamina D3, Vitamina K1, Ácido Fólico, Vitamina H y Vitamina B 12) sin gluten, sin lactosa. Composición: Por mililítro contiene Ácido Ascórbico 55 mg, Rivoflavina 0.99 mg, Acetato de Vitamina A 0.93 mg, Tiamina 20.8 mg, Colecalciferol 0.57 mg, Vitamina K 0.48 mg, Ácido Fólico 0.12 mg, Biotina 0.01 mg, Niacina 11 mg, Acetato de Tocoferol 6.27 mg, Ácido Pantotenico 2.63 mg, Piridoxina 1.04 mg",vtex_spec_or_regex,false_no_component_match
Farmacia Universal,Sesderma C Vit 5 Serum Liposomado - Frasco 30 ml,Sesderma C Vit 5 Serum Liposomado 30 ml Precio + Delivery Gratis,NSOC5514922PE,245.00,PEN,available,https://www.farmaciauniversal.com/sesderma-c-vit-5-serum-liposomado-frasco-30-ml/p,27219,Sesderma,vtex_catalog_search,2026-06-08T00:46:41.915342+00:00,10,"/Dermocosmética/Serums y Ampollas/Antiedad/ /Dermocosmética/Serums y Ampollas/ /Dermocosmética/ /6/174/197/ /6/174/ /6/ Frasco 30 ml NSOC5514922PE Aplicar cuatro gotas sobre rostro, cuello y escote con un suave masaje hasta su completa absorción. Puede utilizarse por la mañana y la noche, antes de aplicar la crema hidratante habitual. Uso externo exclusivamente. Evitar el contacto con los ojos. Mantener fuera del alcance de los niños. Presentación Registro Sanitario Modo de uso Precauciones y Contraindicaciones No Producto a Pedido 0 Presentación Registro Sanitario Modo de uso Precauciones y Contraindicaciones Producto a Pedido Stock Security Campos Auxiliares Highlight Stock Security Sesderma C-VIT 5 Sérum Liposomado combina cinco formas de vitamina C en una fórmula diseñada para aportar luminosidad y vitalidad a la piel. Su composición con centella asiática, ácido hialurónico y proteoglicanos contribuye a mantener la hidratación y elasticidad cutánea, ayudando a que la piel luzca con un aspecto más fresco y uniforme con el uso constante.",vtex_spec_or_regex,false_no_component_match
Farmacia Universal,Sesderma C Vit Serum Liposomado - Frasco 30 ml,Sesderma C Vit Serum Liposomado 30 ml Precio + Delivery Gratis,NSOC2710216PE,220.00,PEN,available,https://www.farmaciauniversal.com/-sesderma-c-vit-serum-liposomado-frasco-30-ml/p,5520,Sesderma,vtex_catalog_search,2026-06-08T00:46:41.916358+00:00,1,"/Dermocosmética/Serums y Ampollas/Antiedad/ /Dermocosmética/Serums y Ampollas/ /Dermocosmética/ /6/174/197/ /6/174/ /6/ Frasco 30 ml NSOC2710216PE Aplicar unas gotas sobre la piel limpia y seca del rostro, antes de la crema hidratante habitual. Puede utilizarse de forma diaria. Uso externo. Evitar el contacto con ojos y mucosas. Suspender su uso si se presenta irritación persistente. Presentación Registro Sanitario Modo de uso Precauciones y Contraindicaciones No Producto a Pedido Presentación Registro Sanitario Modo de uso Precauciones y Contraindicaciones Producto a Pedido Campos Auxiliares Highlight Sesderma C-Vit Serum Liposomado es un serum facial formulado con vitamina C liposomada, orientado a iluminar la piel y mejorar su aspecto dentro de la rutina diaria de cuidado facial. Se utiliza para ayudar a unificar el tono, aportar luminosidad y mejorar la apariencia de la piel apagada o con signos de fatiga.",vtex_spec_or_regex,false_no_component_match
Farmacia Universal,Mira UV Solución Oftálmica - Frasco 10 ml,Mira UV Solución Oftálmica 10 ml Precio + Delivery Gratis,DM27344E,100.00,PEN,available,https://www.farmaciauniversal.com/mira-uv-solucion-oftalmica-frasco-10-ml/p,30085,Premium Pharma,vtex_catalog_search,2026-06-08T00:46:41.916676+00:00,10,"/Medicinas/Cuidado Ocular/Gotas Oftálmicas/ /Medicinas/Cuidado Ocular/ /Medicinas/ /2/44/68/ /2/44/ /2/ Frasco 10 ml DM27344E Para utilizar el producto, abra el envase y retire el tapón protector. Presione suavemente el envase y aplique una o dos gotas en cada ojo, repitiendo si es necesario. Después de cada uso, cierre bien el envase. El producto puede utilizarse hasta tres meses después de la primera apertura y es compatible con lentes de contacto. El producto debe ser utilizado únicamente por una persona. Durante la aplicación, evite que la punta del envase toque el ojo o cualquier otra superficie. Si experimenta algún efecto adverso, suspenda su uso y consulte a un oftalmólogo. Antes de utilizar el producto, lea detenidamente las instrucciones de uso. En casos raros, se han reportado microcalcificaciones corneales en pacientes con patologías previas que usan productos oftálmicos con fosfatos; en estos casos, se recomienda supervisión médica. No mire directamente fuentes de luz intensas como el sol, láseres o máquinas de soldar. Mantenga el producto fuera del alcance de los niños y no deseche el envase en el medio ambiente. Presentación Registro Sanitario Modo de uso Precauciones y Contraindicaciones No No No Producto a Pedido Requiere receta médica Requiere refrigeración 1 Presentación Registro Sanitario Modo de uso Precauciones y Contraindicaciones Producto a Pedido Requiere receta médica Requiere refrigeración Stock Security Campos Auxiliares Highlight Stock Security Solución oftálmica con protección UV, formulada con riboflavina fosfato de sodio 0,05%, vitamina E TPGS, MSM, aminoácidos y ácido hialurónico 0,1%. Su combinación de ingredientes ayuda a hidratar, proteger y mantener la salud ocular.",vtex_spec_or_regex,false_no_component_match
Farmacia Universal,Full Vat Solución Oral - Caja 3 und (20 ml c/u),Full Vat Solución Oral 3 und (20 ml c/u) Precio + Delivery Gratis,DE5362,36.00,PEN,available,https://www.farmaciauniversal.com/full-vat-solucion-oral-caja-3-und-20-ml-c-u/p,32302,Dropesac,vtex_catalog_search,2026-06-08T00:46:41.918003+00:00,10,"/Vitaminas y Suplementos/Multivitamínicos/Adultos/ /Vitaminas y Suplementos/Multivitamínicos/ /Vitaminas y Suplementos/ /1/344/350/ /1/344/ /1/ Caja 3 und (20 ml c/u) DE5362 Consumir por vía oral según las indicaciones del envase o recomendación de un profesional de salud. Puede ingerirse directamente. No exceder la dosis recomendada. Los suplementos vitamínicos no sustituyen una alimentación balanceada ni hábitos saludables. Consultar con un profesional de salud en caso de embarazo, lactancia o si recibe tratamiento médico. Mantener fuera del alcance de los niños. Presentación Registro Sanitario Modo de uso Precauciones y Contraindicaciones No Producto a Pedido 0 Presentación Registro Sanitario Modo de uso Precauciones y Contraindicaciones Producto a Pedido Stock Security Campos Auxiliares Highlight Stock Security Full Vat Solución Oral es un suplemento multivitamínico en formato líquido práctico y fácil de consumir, formulado con vitaminas y minerales que complementan la alimentación diaria. Su combinación de vitaminas del complejo B, vitamina C, vitamina D3 y zinc está orientada a acompañar el metabolismo energético y el bienestar general del organismo, especialmente en etapas de desgaste físico, rutinas exigentes o actividades de alta demanda diaria. Su presentación individual facilita el consumo en cualquier momento y lugar.",vtex_spec_or_regex,false_no_component_match
Farmacia Universal,Biotinol 300 mcg/10 ml Solución Oral - Frasco 10 ml,Biotinol 300 mcg/10 ml Solución Oral 10 ml Precio + Delivery Gratis,DN0701,35.38,PEN,available,https://www.farmaciauniversal.com/biotinol-300-mcg-10-ml-solucion-oral-frasco-10-ml/p,30075,Medifarma,vtex_catalog_search,2026-06-08T00:46:41.918231+00:00,100,"/Vitaminas y Suplementos/Vitaminas/Vitamina B/ /Vitaminas y Suplementos/Vitaminas/ /Vitaminas y Suplementos/ /1/343/346/ /1/343/ /1/ Frasco 10 ml Biotina 300 mcg/10 ml DN0701 No exceder la dosis recomendada. Mantener fuera del alcance de los niños. Consultar al médico en caso de embarazo, lactancia o enfermedades preexistentes. Conservar en un lugar fresco y seco. Presentación Principio Activo Registro Sanitario Precauciones y Contraindicaciones No Producto a Pedido 1 Presentación Principio Activo Registro Sanitario Precauciones y Contraindicaciones Producto a Pedido Stock Security Campos Auxiliares Highlight Stock Security Biotinol es una solución oral que contiene biotina, una vitamina del complejo B esencial para el metabolismo. La biotina contribuye al mantenimiento de cabello, piel y uñas saludables. Está indicada para casos de deficiencia de biotina o como complemento en situaciones que requieren aporte adicional de esta vitamina.",vtex_spec_or_regex,false_no_component_match
Farmacia Universal,Sherfarma Completo B Solución Oral - Frasco 120 ml,Sherfarma Completo B Solución Oral 120 ml Precio + Delivery Gratis,DN0188,8.00,PEN,available,https://www.farmaciauniversal.com/sherfarma-completo-b-solucion-oral-frasco-120-ml/p,28817,Sherfarma,vtex_catalog_search,2026-06-08T00:46:41.918485+00:00,100,"/Vitaminas y Suplementos/Vitaminas/Vitamina B/ /Vitaminas y Suplementos/Vitaminas/ /Vitaminas y Suplementos/ /1/343/346/ /1/343/ /1/ Frasco 120 ml Complejo B DN0188 Como suplemento dietético, consumir 1 vasito de 15 ml al día o según recomendación de un profesional de salud. No superar la dosis diaria recomendada. Los suplementos alimenticios no sustituyen una dieta equilibrada. Este producto contiene sorbitol; personas con intolerancia hereditaria a la fructosa no deben consumirlo. Mantener fuera del alcance de los niños y conservar en un lugar fresco, seco y protegido de la luz. Presentación Principio Activo Registro Sanitario Modo de uso Precauciones y Contraindicaciones No Producto a Pedido 0 Presentación Principio Activo Registro Sanitario Modo de uso Precauciones y Contraindicaciones Producto a Pedido Stock Security Campos Auxiliares Highlight Stock Security Sherfarma Completo B Solución Oral es un suplemento formulado con complejo B, orientado a complementar la alimentación diaria y aportar vitaminas que participan en diferentes funciones metabólicas del organismo. Su presentación líquida facilita el consumo diario y resulta práctica para complementar rutinas de bienestar y nutrición.",vtex_spec_or_regex,false_no_component_match
Farmacia Universal,OFS Suplemento en Polvo Sabor Vainilla - Frasco 440 g,OFS Suplemento en Polvo Sabor Vainilla 440 g Precio + Delivery Gratis,P2915024NNAATPR,99.90,PEN,available,https://www.farmaciauniversal.com/ofs-suplemento-nutricional-sabor-vainilla-lata-440-g/p,7642,Blauzen,vtex_catalog_search,2026-06-08T00:46:41.918761+00:00,100,"/Vitaminas y Suplementos/Suplementos Nutricionales/Fórmulas para Adultos/ /Vitaminas y Suplementos/Suplementos Nutricionales/ /Vitaminas y Suplementos/ /1/12/28/ /1/12/ /1/ Frasco 440 g P2915024NNAATPR Vierta 2 cucharas medidoras (26g) en 100ml o 3 cucharas medidoras (39g) en 150 ml de agua fría o tibia no mayor a 35ºC, mezcle hasta disolver completamente. Puede observarse algunos pigmentos oscuros correspondientes a las fuentes de hierro y/o linaza. La cuchara medidora viene incluida en el envase. Se recomienda acompañar con una alimentación saludable y un estilo de vida activo. Mantener fuera del alcance de los niños. No indicado en nutrición parenteral. Presentación Registro Sanitario Modo de uso Precauciones y Contraindicaciones No Producto a Pedido Vainilla Frasco 440 g Sabor Presentaciones 2 Presentación Registro Sanitario Modo de uso Precauciones y Contraindicaciones Producto a Pedido Sabor Presentaciones Stock Security Campos Auxiliares Highlight Filtros Stock Security OFS® es un suplemento nutricional con nutrientes que ayudan a fortalecer el sistema inmunológico y muscular. Contiene proteínas de alto valor biológico y fácil digestibilidad, L-glutamina, carbohidratos, vitaminas y minerales antioxidantes. Libre de gluten, leche en polvo, caseína, colorantes, preservantes, azúcar; ni lactosa adicionada.",vtex_spec_or_regex,false_no_component_match
Farmacia Universal,Topiqua AE Emulsión - Frasco 250 g,Topiqua AE Emulsión 250 g Precio + Delivery Gratis,NSOC6446424PE,115.00,PEN,available,https://www.farmaciauniversal.com/topiqua-ae-emulsion-frasco-250-g/p,30712,Lafage,vtex_catalog_search,2026-06-08T00:46:41.919235+00:00,10,"/Dermocosmética/Cuidado Corporal/Hidratantes Corporales/ /Dermocosmética/Cuidado Corporal/ /Dermocosmética/ /6/175/202/ /6/175/ /6/ Frasco 250 g NSOC6446424PE Aplicar generosamente sobre la piel limpia una o dos veces al día, especialmente en áreas con resequedad. Masajear hasta su completa absorción. Evitar el contacto con ojos, mucosas o piel lesionada. En caso de irritación, enrojecimiento o reacción desfavorable, suspender su uso y consultar con un profesional de salud. Mantener fuera del alcance de los niños. Presentación Registro Sanitario Modo de uso Precauciones y Contraindicaciones No Producto a Pedido 0 Presentación Registro Sanitario Modo de uso Precauciones y Contraindicaciones Producto a Pedido Stock Security Campos Auxiliares Highlight Stock Security Topiqua® AE Emulsión combina Urea 10%, Vitamina A y Vitamina E en una presentación de textura más ligera, ideal para grandes zonas del cuerpo. Esta fórmula ayuda a mantener la hidratación, contribuyendo a mejorar la textura de la piel seca o áspera. Su uso frecuente puede ayudar a fortalecer la barrera cutánea y brindar una sensación de suavidad y confort.",vtex_spec_or_regex,false_no_component_match
Farmacia Universal,Reversal Polvo Oral Sabor Frutos Rojos Sobres - Caja 30 und,Reversal Polvo Oral Sabor Frutos Rojos Sobres 30 und Precio + Delivery Gratis,DE5351,159.90,PEN,available,https://www.farmaciauniversal.com/reversal-polvo-oral-sabor-frutos-rojos-sobres-caja-30-und/p,31554,Lafage,vtex_catalog_search,2026-06-08T00:46:41.920482+00:00,10,"/Vitaminas y Suplementos/Suplementos Nutricionales/Fórmulas para Adultos/ /Vitaminas y Suplementos/Suplementos Nutricionales/ /Vitaminas y Suplementos/ /1/12/28/ /1/12/ /1/ Caja 30 und Vitamina D3 2000 UI, Magnesio 400 mg, CaHMB 3g DE5351 Disolver el contenido de un sobre en un vaso con agua a temperatura ambiente, agitar hasta mezclar e ingerir una vez al día. Se recomienda consumir según indicación médica o nutricional. Consulte con un profesional de salud antes de usar si presenta alergia a alguno de los componentes. No preparar en bebidas gasificadas o alcohólicas. No usar si el sobre está dañado o vencido. Evitar el consumo durante embarazo, lactancia o en menores de 12 años. Mantener fuera del alcance de los niños y protegido de la luz. Presentación Principio Activo Registro Sanitario Modo de uso Precauciones y Contraindicaciones No Producto a Pedido Frutos Rojos Sabor Presentación Principio Activo Registro Sanitario Modo de uso Precauciones y Contraindicaciones Producto a Pedido Sabor Campos Auxiliares Highlight Filtros Reversal Sabor Frutos Rojos es un suplemento dietético en polvo que combina Hidroximetilbutirato (HMB) con Vitamina D3 y Magnesio. Esta formulación está orientada a complementar la nutrición diaria de adultos, apoyando el mantenimiento de la masa muscular y la recuperación tras la actividad física. Su sabor a frutos rojos lo hace agradable y fácil de incorporar a la rutina diaria.",vtex_spec_or_regex,false_no_component_match
Farmacia Universal,OFS Instantanizado Optimun Food Support - Frasco 440 g,OFS Instantanizado Optimun Food Support 440 g Precio + Delivery Gratis,P2913524NNAATPR,109.00,PEN,available,https://www.farmaciauniversal.com/ofs-instantanizado-optimun-food-support-frasco-440-g/p,28971,Blauzen,vtex_catalog_search,2026-06-08T00:46:41.920813+00:00,100,"/Vitaminas y Suplementos/Suplementos Nutricionales/Fórmulas para Adultos/ /Vitaminas y Suplementos/Suplementos Nutricionales/ /Vitaminas y Suplementos/ /1/12/28/ /1/12/ /1/ Frasco 440 g P2913524NNAATPR Vierta 2 medidas (26g) con 100 ml de agua para una nutrición estándar o 3 medidas (39g) con 150 ml de agua (fría o tibia, no mayor a 35°) para un mayor aporte nutricional. Mezcle hasta disolver completamente. Ajuste la cantidad según sus necesidades, utilizando siempre la medida incluida en el frasco. Puede observarse algunos pigmentos oscuros correspondientes a las fuentes de hierro y/o linaza. Se recomienda acompañar con una alimentación saludable y un estilo de vida activo. Mantener fuera del alcance de los niños. No indicado en nutrición parenteral (intravenoso) ni en personas con galactosemia. Presentación Registro Sanitario Modo de uso Precauciones y Contraindicaciones No Producto a Pedido 1 Presentación Registro Sanitario Modo de uso Precauciones y Contraindicaciones Producto a Pedido Stock Security Campos Auxiliares Highlight Stock Security OFS® Instantanizado es un suplemento hiperproteico con nutrientes especializados que ayudan a fortalecer el sistema inmunológico y muscular, diseñado con características para consumo vía sonda nasogástrica, orogástrica y oral. Contiene proteínas de alto valor biológico y fácil digestibilidad, L-Glutamina, aminoácidos, vitaminas y minerales antioxidantes. Libre de azúcar reﬁnada, leche entera en polvo, gluten, colorantes, preservantes, dióxido de silicio, caseína y lactosa adicionada.",vtex_spec_or_regex,false_no_component_match
Farmacia Universal,Nistazinc NF 10000000 UI + 20 g Ungüento - Frasco 30 g,Nistazinc NF 10000000 UI + 20 g Ungüento 30 g,EN03167,35.85,PEN,available,https://www.farmaciauniversal.com/nistazinc-nf-10000000-ui-20-g-unguento-frasco-30-g/p,28776,Medifarma,vtex_catalog_search,2026-06-08T00:46:41.921363+00:00,100,"/Medicinas/Fiebre y Dolor General/Antiinflamatorios Tópicos/ /Medicinas/Fiebre y Dolor General/ /Medicinas/ /2/37/47/ /2/37/ /2/ Frasco 30 g Nistatina 10000000 UI, Óxido de Zinc 20 g EN03167 Uso tópico. Limpiar la zona afectada antes de aplicar Nistazinc crema, 1 o 2 veces al día o según indicación médica. Nistazinc Dr. Zaidman Crema está contraindicado en individuos con hipersensibilidad conocida a la nistatina, óxido de Zinc, vitaminas A y D3, ácido bórico u otros componentes de la formulación. No debe aplicarse en heridas abiertas o profundas sin la supervisión de un profesional de la salud. El uso de Nistazinc crema debe ajustarse a las indicaciones específicas para cada condición dermatológica. Evitar el contacto con los ojos y mucosas. En caso de irritación persistente, suspender su uso y consultar con un profesional de la salud. Este producto es de uso externo exclusivamente. Mantener fuera del alcance de los niños. Almacenar en un lugar fresco y protegido de la luz. Presentación Principio Activo Registro Sanitario Modo de uso Precauciones y Contraindicaciones No Si No Producto a Pedido Requiere receta médica Requiere refrigeración 1 Presentación Principio Activo Registro Sanitario Modo de uso Precauciones y Contraindicaciones Producto a Pedido Requiere receta médica Requiere refrigeración Stock Security Campos Auxiliares Highlight Stock Security De venta con receta médica. Evite automedicarse. Usar según indicaciones de su médico tratante.",vtex_spec_or_regex,false_no_component_match
Farmacia Universal,Vid Natur Propóleo Con Miel Algarrobina Y Camu Camu - Frasco 200 ml,Vid Natur Propóleo Con Miel Algarrobina Y Camu Camu 200 ml Precio + Delivery Gratis,P2700414NNAUIFR,24.20,PEN,available,https://www.farmaciauniversal.com/vid-natur-propoleo-con-miel-algarrobina-y-camu-camu-frasco-200-ml/p,8904,Vid Natur,vtex_catalog_search,2026-06-08T00:46:41.921881+00:00,10,"/Vitaminas y Suplementos/Multivitamínicos/Adultos/ /Vitaminas y Suplementos/Multivitamínicos/ /Vitaminas y Suplementos/ /1/344/350/ /1/344/ /1/ Frasco 200 ml P2700414NNAUIFR Adultos: Tomar 1 medida de 15 ml, dos veces al día. Niños: 1 medida de 2.5 ml, dos veces al día con los alimentos. Estos productos no pretenden sustitur medicamentos recomendados por su médico. Presentación Registro Sanitario Modo de uso Precauciones y Contraindicaciones No Producto a Pedido 1 Presentación Registro Sanitario Modo de uso Precauciones y Contraindicaciones Producto a Pedido Stock Security Campos Auxiliares Highlight Stock Security Las abejas recubren las paredes de la colmena con propóleo para ayudar a combatir bacterias, virus y hongos; nosotros usamos comúnmente este alimento para fortalecer la salud del sistema respiratorio. La miel de abejas y la vitamina C del camu camu ayudan a fortalecer las defensas del organismo.",vtex_spec_or_regex,false_no_component_match
Farmacia Universal,NNO Perlas Óleo Faciales - Caja 30 und,NNO Perlas Óleo Faciales 30 und Precio + Delivery Gratis,NSOC0360310PE,60.00,PEN,available,https://www.farmaciauniversal.com/nno-perlas-oleo-faciales-caja-30-und/p,29285,Mega We Care,vtex_catalog_search,2026-06-08T00:46:41.922283+00:00,10,"/Dermocosmética/Serums y Ampollas/Antiedad/ /Dermocosmética/Serums y Ampollas/ /Dermocosmética/ /6/174/197/ /6/174/ /6/ Caja 30 und NSOC0360310PE Después de lavarse el rostro en la noche, rompa el twist de la perla, vierta el contenido en su mano y aplíquelo con suave masaje sobre su cara. No irrita la piel. No presenta al ser un cosmético Presentación Registro Sanitario Modo de uso Precauciones y Contraindicaciones No Producto a Pedido 0 Presentación Registro Sanitario Modo de uso Precauciones y Contraindicaciones Producto a Pedido Stock Security Campos Auxiliares Highlight Stock Security NNO es un óleo de nutrición nocturna formulado con dos potentes antioxidantes. Indicado en tratamientos antiaging y post láser cutáneo. Se presenta en forma de perlas para uso tópico, asegurando conveniencia y eficacia.",vtex_spec_or_regex,false_no_component_match
Farmacia Universal,Q Gel 200 Cápsulas - Frasco 30 und,Q Gel 200 Cápsulas 30 und Precio + Delivery Gratis,DE2169,189.99,PEN,available,https://www.farmaciauniversal.com/q-gel-200-capsulas-frasco-30-und/p,21325,Intihuatana Pharmaceutical,vtex_catalog_search,2026-06-08T00:46:41.922946+00:00,10,"/Vitaminas y Suplementos/Multivitamínicos/Cardiovasculares/ /Vitaminas y Suplementos/Multivitamínicos/ /Vitaminas y Suplementos/ /1/344/355/ /1/344/ /1/ Frasco 30 und DE2169 Tomar una cápsula blanda al día como suplemento dietético, con las comidas. En caso de embarazo, lactancia o condición médica, buscar la orientación de un profesional de la salud antes de su consumo. Presentación Registro Sanitario Modo de uso Precauciones y Contraindicaciones No Producto a Pedido 2 Presentación Registro Sanitario Modo de uso Precauciones y Contraindicaciones Producto a Pedido Stock Security Campos Auxiliares Highlight Stock Security Suplemento dietético. Composición: Ubidecarenona Hidrosoluble (Coenzima Q 10 Hidrosoluble) 200 mg y Vitamina E 20 UI",vtex_spec_or_regex,false_no_component_match
Farmacia Universal,Pack Pediasure Peptigro en Polvo Sabor Vainilla Lata 1.6 kg + Lata 400 g,Pack Pediasure Peptigro en Polvo Sabor Vainilla Lata 1.6 kg + Lata 400 g Precio + Delivery Gratis,"P2979724ENAABLB, P2979724ENAABLB",245.80,PEN,available,https://www.farmaciauniversal.com/pack-pediasure-peptigro-en-polvo-sabor-vainilla-16-kg-sabor-vainilla-400-g/p,99168,Pediasure,vtex_catalog_search,2026-06-08T00:46:41.923237+00:00,10,"/Cuidado Infantil/Nutrición Infantil/Fórmulas Infantiles/ /Cuidado Infantil/Nutrición Infantil/ /Cuidado Infantil/ /5/151/167/ /5/151/ /5/ Pack Promocional P2979724ENAABLB, P2979724ENAABLB Pediasure Peptigro en Polvo Sabor Vainilla: Para preparar una porción de 225 ml: vierta 190 ml de agua fría o a temperatura ambiente en un vaso. A continuación, agregue y mezcle poco a poco 5 medidas al ras o 49 g de PediaSure Peptigro en polvo. Pediasure Peptigro en Polvo Sabor Vainilla: Para preparar una porción de 225 ml: vierta 190 ml de agua fría o a temperatura ambiente en un vaso. A continuación, agregue y mezcle poco a poco 5 medidas al ras o 49 g de PediaSure Peptigro en polvo. Pediasure Peptigro en Polvo Sabor Vainilla: Nunca caliente la fórmula en el horno microondas, puede ocasionar quemaduras serias. Mezclar la fórmula con agua a una temperatura mayor de 350C puede comprometer los beneficios de los probióticos. Pediasure Peptigro en Polvo Sabor Vainilla: Nunca caliente la fórmula en el horno microondas, puede ocasionar quemaduras serias. Mezclar la fórmula con agua a una temperatura mayor de 350C puede comprometer los beneficios de los probióticos. Presentación Registro Sanitario Modo de uso Precauciones y Contraindicaciones No Producto a Pedido Presentación Registro Sanitario Modo de uso Precauciones y Contraindicaciones Producto a Pedido Campos Auxiliares Highlight PediaSure Peptigro es un suplemento formulado con arginina y vitamina K2, ingredientes que contribuyen al desarrollo óseo. Su composición está diseñada para proporcionar un apoyo nutricional adecuado en etapas de crecimiento. Su ingesta, como parte de una alimentación equilibrada, puede ayudar a complementar los requerimientos nutricionales de los niños.",vtex_spec_or_regex,false_no_component_match
Farmacia Universal,Vitis Aloe Pasta Dentífrica - Tubo 100 ml,Vitis Aloe Pasta Dentífrica 100 ml Precio + Delivery Gratis,NSOC1355713PE,17.18,PEN,available,https://www.farmaciauniversal.com/vitis-aloe-pasta-dentifrica-tubo-100-ml/p,5767,Vitis,vtex_catalog_search,2026-06-08T00:46:41.923535+00:00,100,"/Cuidado Personal/Cuidado Bucal/Pasta Dental/ /Cuidado Personal/Cuidado Bucal/ /Cuidado Personal/ /7/208/230/ /7/208/ /7/ Tubo 100 ml NSOC1355713PE Utilizar un cepillo adecuado y cepillar los dientes como mínimo 2 veces al día o después de cada comida. No ingerir. Mantener fuera del alcance de los niños. Presentación Registro Sanitario Modo de uso Precauciones y Contraindicaciones No Producto a Pedido Tubo 100 ml Presentaciones 1 Presentación Registro Sanitario Modo de uso Precauciones y Contraindicaciones Producto a Pedido Presentaciones Stock Security Campos Auxiliares Highlight Filtros Stock Security VITIS aloe vera pasta dentífrica sabor menta es una pasta dentífrica de uso diario formulada especialmente para prevenir la caries, ya que reduce eficazmente el biofilm oral (placa bacteriana) y ayuda a reforzar el esmalte dental. La pasta dentífrica VITIS aloe vera sabor menta proporciona un cuidado integral de la boca, dientes y encías. Su uso diario ayuda a prevenir la aparición de caries, ya que reduce eficazmente el biofilm oral y refuerza el esmalte. Su contenido en Vitamina E ofrece además una acción antioxidante y antienvejecimiento de la cavidad bucal. Además, la pasta dentífrica VITIS aloe vera tiene un sabor a menta suave, que junto con el Xylitol de su fórmula aportan una sensación de frescor duradero tras el cepillado. VITIS aloe vera sabor menta no contiene gluten por lo que es apta para personas celíacas. Disponible en formato: 100 ml.",vtex_spec_or_regex,false_no_component_match
Farmacia Universal,Pack Pediasure Peptigro en Polvo Sabor Chocolate Lata 1.6 kg + Lata 400 g,Pack Pediasure Peptigro en Polvo Sabor Chocolate Lata 1.6 kg + Lata 400 g Precio + Delivery Gratis,P2979724ENAABLB,245.80,PEN,available,https://www.farmaciauniversal.com/pack-pediasure-peptigro-en-polvo-sabor-chocolate-lata-16-kg-lata-400-g/p,99194,Pediasure,vtex_catalog_search,2026-06-08T00:46:41.923809+00:00,1,"/Cuidado Infantil/Nutrición Infantil/Fórmulas Infantiles/ /Cuidado Infantil/Nutrición Infantil/ /Cuidado Infantil/ /5/151/167/ /5/151/ /5/ Pack Promocional P2979724ENAABLB Para preparar una porción de 225 ml: vierta 190 ml de agua fría o a temperatura ambiente en un vaso. A continuación, agregue y mezcle poco a poco 5 medidas al ras o 49 g de PediaSure Peptigro en polvo. Nunca caliente la fórmula en el horno microondas, puede ocasionar quemaduras serias. Mezclar la fórmula con agua a una temperatura mayor de 350C puede comprometer los beneficios de los probióticos. Presentación Registro Sanitario Modo de uso Precauciones y Contraindicaciones No Producto a Pedido Chocolate Sabor Presentación Registro Sanitario Modo de uso Precauciones y Contraindicaciones Producto a Pedido Sabor Campos Auxiliares Highlight Filtros PediaSure Peptigro es un suplemento formulado con arginina y vitamina K2, ingredientes que contribuyen al desarrollo óseo. Su composición está diseñada para proporcionar un apoyo nutricional adecuado en etapas de crecimiento. Su ingesta, como parte de una alimentación equilibrada, puede ayudar a complementar los requerimientos nutricionales de los niños.",vtex_spec_or_regex,false_no_component_match
Farmacia Universal,Dermohelp Tónico de Agua de Rosas - Frasco 150 ml,Dermohelp Tónico de Agua de Rosas 150 ml Precio + Delivery Gratis,NSOC2589323CO,39.90,PEN,available,https://www.farmaciauniversal.com/dermohelp-tonico-de-agua-de-rosas-frasco-150-ml/p,31790,Dermohelp,vtex_catalog_search,2026-06-08T00:46:41.924329+00:00,10,"/Dermocosmética/Hidratación Facial/Tónicos/ /Dermocosmética/Hidratación Facial/ /Dermocosmética/ /6/170/182/ /6/170/ /6/ Frasco 150 ml NSOC2589323CO Rocía el tónico sobre el rostro limpio a una distancia aproximada de 20 cm, manteniendo los ojos cerrados. Úsalo como paso previo a tu sérum y crema, mañana y noche; como bruma refrescante durante el día, incluso sobre el maquillaje; o como una opción calmante tras la limpieza con tu jabón facial habitual. Deja que se absorba de forma natural sin retirar el exceso. Uso externo únicamente. Evitar el contacto directo con los ojos. En caso de irritación, suspender su uso. Mantener fuera del alcance de los niños. Presentación Registro Sanitario Modo de uso Precauciones y Contraindicaciones No Producto a Pedido 0 Presentación Registro Sanitario Modo de uso Precauciones y Contraindicaciones Producto a Pedido Stock Security Campos Auxiliares Highlight Stock Security Tónico hidratante elaborado con agua de rosas en alta concentración, colágeno vegetal y extractos calmantes como aloe vera, manzanilla, vitamina E y urea. Su fórmula ligera ayuda a refrescar la piel, aportar hidratación y promover una sensación de equilibrio después de la limpieza. También puede usarse a lo largo del día para revitalizar el rostro o para preparar la piel antes de aplicar sérums y cremas. Apto para todo tipo de piel.",vtex_spec_or_regex,false_no_component_match
Farmacia Universal,Pediasure Peptigro en Polvo Sabor Chocolate - Lata 400 g,Pediasure Peptigro en Polvo Sabor Chocolate 400 g Precio + Delivery Gratis,P2979724ENAABLB,60.90,PEN,available,https://www.farmaciauniversal.com/pediasure-peptigro-en-polvo-sabor-chocolate-lata-400-g/p,30459,Pediasure,vtex_catalog_search,2026-06-08T00:46:42.658885+00:00,1,"/Cuidado Infantil/Nutrición Infantil/Fórmulas Infantiles/ /Cuidado Infantil/Nutrición Infantil/ /Cuidado Infantil/ /5/151/167/ /5/151/ /5/ Lata 400 g P2979724ENAABLB Para preparar una porción de 225 ml: vierta 190 ml de agua fría o a temperatura ambiente en un vaso. A continuación, agregue y mezcle poco a poco 5 medidas al ras o 49 g de PediaSure Peptigro en polvo. Nunca caliente la fórmula en el horno microondas, puede ocasionar quemaduras serias. Mezclar la fórmula con agua a una temperatura mayor de 350C puede comprometer los beneficios de los probióticos. Presentación Registro Sanitario Modo de uso Precauciones y Contraindicaciones No Producto a Pedido 1 Presentación Registro Sanitario Modo de uso Precauciones y Contraindicaciones Producto a Pedido Stock Security Campos Auxiliares Highlight Stock Security PediaSure Peptigro es un suplemento formulado con arginina y vitamina K2, ingredientes que contribuyen al desarrollo óseo. Su composición está diseñada para proporcionar un apoyo nutricional adecuado en etapas de crecimiento. Su ingesta, como parte de una alimentación equilibrada, puede ayudar a complementar los requerimientos nutricionales de los niños.",vtex_spec_or_regex,false_no_component_match
Farmacia Universal,Pediasure Peptigro en Polvo Sabor Vainilla - Lata 1.6 kg,Pediasure Peptigro en Polvo Sabor Vainilla 1.6 kg Precio + Delivery Gratis,P2979724ENAABLB,184.90,PEN,available,https://www.farmaciauniversal.com/pediasure-peptigro-en-polvo-sabor-vainilla-lata-16-kg/p,30494,Pediasure,vtex_catalog_search,2026-06-08T00:46:42.659133+00:00,10,"/Cuidado Infantil/Nutrición Infantil/Fórmulas Infantiles/ /Cuidado Infantil/Nutrición Infantil/ /Cuidado Infantil/ /5/151/167/ /5/151/ /5/ Lata 1.6 kg P2979724ENAABLB Para preparar una porción de 225 ml: vierta 190 ml de agua fría o a temperatura ambiente en un vaso. A continuación, agregue y mezcle poco a poco 5 medidas al ras o 49 g de PediaSure Peptigro en polvo. Nunca caliente la fórmula en el horno microondas, puede ocasionar quemaduras serias. Mezclar la fórmula con agua a una temperatura mayor de 350C puede comprometer los beneficios de los probióticos. Presentación Registro Sanitario Modo de uso Precauciones y Contraindicaciones No Producto a Pedido 1 Presentación Registro Sanitario Modo de uso Precauciones y Contraindicaciones Producto a Pedido Stock Security Campos Auxiliares Highlight Stock Security PediaSure Peptigro es un suplemento formulado con arginina y vitamina K2, ingredientes que contribuyen al desarrollo óseo. Su composición está diseñada para proporcionar un apoyo nutricional adecuado en etapas de crecimiento. Su ingesta, como parte de una alimentación equilibrada, puede ayudar a complementar los requerimientos nutricionales de los niños.",vtex_spec_or_regex,false_no_component_match
Farmacia Universal,Pediasure Peptigro en Polvo Sabor Chocolate - Lata 1.6 kg,Pediasure Peptigro en Polvo Sabor Chocolate 1.6 kg Precio + Delivery Gratis,P2979724ENAABLB,184.90,PEN,available,https://www.farmaciauniversal.com/pediasure-peptigro-en-polvo-sabor-chocolate-lata-16-kg/p,30493,Pediasure,vtex_catalog_search,2026-06-08T00:46:42.659374+00:00,10,"/Cuidado Infantil/Nutrición Infantil/Fórmulas Infantiles/ /Cuidado Infantil/Nutrición Infantil/ /Cuidado Infantil/ /5/151/167/ /5/151/ /5/ Lata 1.6 kg P2979724ENAABLB Para preparar una porción de 225 ml: vierta 190 ml de agua fría o a temperatura ambiente en un vaso. A continuación, agregue y mezcle poco a poco 5 medidas al ras o 49 g de PediaSure Peptigro en polvo. Nunca caliente la fórmula en el horno microondas, puede ocasionar quemaduras serias. Mezclar la fórmula con agua a una temperatura mayor de 350C puede comprometer los beneficios de los probióticos. Presentación Registro Sanitario Modo de uso Precauciones y Contraindicaciones No Producto a Pedido 1 Presentación Registro Sanitario Modo de uso Precauciones y Contraindicaciones Producto a Pedido Stock Security Campos Auxiliares Highlight Stock Security PediaSure Peptigro es un suplemento formulado con arginina y vitamina K2, ingredientes que contribuyen al desarrollo óseo. Su composición está diseñada para proporcionar un apoyo nutricional adecuado en etapas de crecimiento. Su ingesta, como parte de una alimentación equilibrada, puede ayudar a complementar los requerimientos nutricionales de los niños.",vtex_spec_or_regex,false_no_component_match
Farmacia Universal,Dr. Zaidman Aceite para Bebé Aloe Vera y Vit E - Frasco 100 ml,Dr. Zaidman Aceite para Bebé Aloe Vera y Vit E 100 ml Precio + Delivery Gratis,NSOC0902302PE,14.12,PEN,available,https://www.farmaciauniversal.com/dr-zaidman-aceite-para-bebe-aloe-vera-y-vit-e-frasco-100-ml/p,1317,Dr. Zaidman,vtex_catalog_search,2026-06-08T00:46:42.659734+00:00,10,"/Cuidado Infantil/Higiene y Aseo Infantil/Aceites y Colonias/ /Cuidado Infantil/Higiene y Aseo Infantil/ /Cuidado Infantil/ /5/149/158/ /5/149/ /5/ Frasco 100 ml NSOC0902302PE Aplicar en la palma de mano, con movimientos descendentes dando masajes circulares, empezando por el cuellito, barriguita y piecitos.” Por “Aplicar en la palma de la mano, con movimientos descendentes dando masajes circulares, empezando por el cuellito, barriguita y piecitos. No se recomienda el uso de Baby Aceite Dr Zaidman en bebés con antecedentes de alergias conocidas a alguno de sus componentes, como el Aloe Vera o la Vitamina E. Ante cualquier reacción alérgica, suspenda su uso y consulte a un profesional de la salud. Se recomienda evitar el contacto directo de Baby Aceite Dr Zaidman con ojos y mucosas, enjuagando con agua en caso de contacto accidental. Antes de su aplicación extensa, realizar una prueba de parche cutáneo. Destinado únicamente para uso externo, se prohíbe la ingestión y se aconseja mantenerlo fuera del alcance de los niños. Almacenar en condiciones frescas y secas, protegido de la luz solar directa, cerrando bien el envase después de cada uso. Ante dudas sobre su idoneidad, consultar con un profesional de la salud. Presentación Registro Sanitario Modo de uso Precauciones y Contraindicaciones No Producto a Pedido 0 Presentación Registro Sanitario Modo de uso Precauciones y Contraindicaciones Producto a Pedido Stock Security Campos Auxiliares Highlight Stock Security El Aceite del Dr. Zaidman con Aloe Vera y Vitamina E, forma una película protectora que ayuda a mantener suave y lubricada la delicada piel de su bebé. Por su formulación otorgará a la piel del bebé una sensación natural de suavidad y tersura.",vtex_spec_or_regex,false_no_component_match
Farmacia Universal,Dermohelp Serum de Niacinamida + Seboreductyl - Frasco 30 ml,Dermohelp Serum de Niacinamida + Seboreductyl 30 ml Precio + Delivery Gratis,NSOC0787021CO,79.90,PEN,available,https://www.farmaciauniversal.com/dermohelp-serum-de-niacinamida-seboreductyl-frasco-30-ml/p,31782,Dermohelp,vtex_catalog_search,2026-06-08T00:46:42.660268+00:00,10,"/Dermocosmética/Serums y Ampollas/Antiimperfecciones/ /Dermocosmética/Serums y Ampollas/ /Dermocosmética/ /6/174/199/ /6/174/ /6/ Frasco 30 ml NSOC0787021CO Aplicar 2 a 3 gotas sobre el rostro limpio, mañana y noche. Masajear suavemente con las yemas de los dedos, realizando movimientos ascendentes desde el centro hacia los bordes del rostro hasta su completa absorción. Puede extenderse también en cuello y escote (1 a 2 gotas adicionales) para un tratamiento integral. Usar antes de la crema hidratante o protector solar (de día). Uso externo exclusivamente. Evitar el contacto directo con los ojos. En caso de irritación, suspender su uso y consultar al dermatólogo. Mantener fuera del alcance de los niños. Presentación Registro Sanitario Modo de uso Precauciones y Contraindicaciones No Producto a Pedido 0 Presentación Registro Sanitario Modo de uso Precauciones y Contraindicaciones Producto a Pedido Stock Security Campos Auxiliares Highlight Stock Security El sérum de Niacinamida + Seboreductyl de Dermohelp está pensado para pieles mixtas y grasas que buscan un acabado más equilibrado. Su fórmula puede contribuir a mejorar la apariencia del brillo, del sebo y de los poros, dejando la piel con una sensación más uniforme y mate. Incluye niacinamida, pantenol y vitamina E, ingredientes que ayudan a mantener el confort cutáneo y complementar el cuidado diario.",vtex_spec_or_regex,false_no_component_match
Farmacia Universal,Pediasure Peptigro en Polvo Sabor Vainilla - Lata 850 g,Pediasure Peptigro en Polvo Sabor Vainilla 850 g Precio + Delivery Gratis,P2979724ENAABLB,109.90,PEN,available,https://www.farmaciauniversal.com/pediasure-peptigro-en-polvo-sabor-vainilla-lata-850-g/p,30495,Pediasure,vtex_catalog_search,2026-06-08T00:46:42.660557+00:00,100,"/Cuidado Infantil/Nutrición Infantil/Fórmulas Infantiles/ /Cuidado Infantil/Nutrición Infantil/ /Cuidado Infantil/ /5/151/167/ /5/151/ /5/ Lata 850 g P2979724ENAABLB Para preparar una porción de 225 ml: vierta 190 ml de agua fría o a temperatura ambiente en un vaso. A continuación, agregue y mezcle poco a poco 5 medidas al ras o 49 g de PediaSure Peptigro en polvo. Nunca caliente la fórmula en el horno microondas, puede ocasionar quemaduras serias. Mezclar la fórmula con agua a una temperatura mayor de 350C puede comprometer los beneficios de los probióticos. Presentación Registro Sanitario Modo de uso Precauciones y Contraindicaciones No Producto a Pedido 1 Presentación Registro Sanitario Modo de uso Precauciones y Contraindicaciones Producto a Pedido Stock Security Campos Auxiliares Highlight Stock Security PediaSure Peptigro es un suplemento formulado con arginina y vitamina K2, ingredientes que contribuyen al desarrollo óseo. Su composición está diseñada para proporcionar un apoyo nutricional adecuado en etapas de crecimiento. Su ingesta, como parte de una alimentación equilibrada, puede ayudar a complementar los requerimientos nutricionales de los niños.",vtex_spec_or_regex,false_no_component_match
Farmacia Universal,Pediasure Peptigro en Polvo Sabor Chocolate - Lata 850 g,Pediasure Peptigro en Polvo Sabor Chocolate 850 g Precio + Delivery Gratis,P2979724ENAABLB,109.90,PEN,available,https://www.farmaciauniversal.com/pediasure-peptigro-en-polvo-sabor-chocolate-lata-850-g/p,30496,Pediasure,vtex_catalog_search,2026-06-08T00:46:42.660796+00:00,10,"/Cuidado Infantil/Nutrición Infantil/Fórmulas Infantiles/ /Cuidado Infantil/Nutrición Infantil/ /Cuidado Infantil/ /5/151/167/ /5/151/ /5/ Lata 850 g P2979724ENAABLB Para preparar una porción de 225 ml: vierta 190 ml de agua fría o a temperatura ambiente en un vaso. A continuación, agregue y mezcle poco a poco 5 medidas al ras o 49 g de PediaSure Peptigro en polvo. Nunca caliente la fórmula en el horno microondas, puede ocasionar quemaduras serias. Mezclar la fórmula con agua a una temperatura mayor de 350C puede comprometer los beneficios de los probióticos. Presentación Registro Sanitario Modo de uso Precauciones y Contraindicaciones No Producto a Pedido 1 Presentación Registro Sanitario Modo de uso Precauciones y Contraindicaciones Producto a Pedido Stock Security Campos Auxiliares Highlight Stock Security PediaSure Peptigro es un suplemento formulado con arginina y vitamina K2, ingredientes que contribuyen al desarrollo óseo. Su composición está diseñada para proporcionar un apoyo nutricional adecuado en etapas de crecimiento. Su ingesta, como parte de una alimentación equilibrada, puede ayudar a complementar los requerimientos nutricionales de los niños.",vtex_spec_or_regex,false_no_component_match
Farmacia Universal,Pediasure Peptigro en Polvo Sabor Vainilla - Lata 400 g,Pediasure Peptigro en Polvo Sabor Vainilla 400 g Precio + Delivery Gratis,P2979724ENAABLB,60.90,PEN,available,https://www.farmaciauniversal.com/pediasure-peptigro-en-polvo-sabor-vainilla-lata-400-g/p,30482,Pediasure,vtex_catalog_search,2026-06-08T00:46:42.661027+00:00,10,"/Cuidado Infantil/Nutrición Infantil/Fórmulas Infantiles/ /Cuidado Infantil/Nutrición Infantil/ /Cuidado Infantil/ /5/151/167/ /5/151/ /5/ Lata 400 g P2979724ENAABLB Para preparar una porción de 225 ml: vierta 190 ml de agua fría o a temperatura ambiente en un vaso. A continuación, agregue y mezcle poco a poco 5 medidas al ras o 49 g de PediaSure Peptigro en polvo. Nunca caliente la fórmula en el horno microondas, puede ocasionar quemaduras serias. Mezclar la fórmula con agua a una temperatura mayor de 350C puede comprometer los beneficios de los probióticos. Presentación Registro Sanitario Modo de uso Precauciones y Contraindicaciones No Producto a Pedido 1 Presentación Registro Sanitario Modo de uso Precauciones y Contraindicaciones Producto a Pedido Stock Security Campos Auxiliares Highlight Stock Security PediaSure Peptigro es un suplemento formulado con arginina y vitamina K2, ingredientes que contribuyen al desarrollo óseo. Su composición está diseñada para proporcionar un apoyo nutricional adecuado en etapas de crecimiento. Su ingesta, como parte de una alimentación equilibrada, puede ayudar a complementar los requerimientos nutricionales de los niños.",vtex_spec_or_regex,false_no_component_match
Farmacia Universal,Dermohelp Hydroage Crema Hidratante - Frasco 50 ml,Dermohelp Hydroage Crema Hidratante 50 ml Precio + Delivery Gratis,NSOC0812521CO,79.90,PEN,available,https://www.farmaciauniversal.com/dermohelp-hydroage-crema-hidratante-frasco-50-ml/p,31786,Dermohelp,vtex_catalog_search,2026-06-08T00:46:42.661285+00:00,10,"/Dermocosmética/Hidratación Facial/Cremas Hidratantes/ /Dermocosmética/Hidratación Facial/ /Dermocosmética/ /6/170/180/ /6/170/ /6/ Frasco 50 ml NSOC0812521CO Aplicar una pequeña cantidad sobre el rostro limpio, mañana y noche. Extender con las yemas de los dedos realizando movimientos ascendentes desde el centro hacia los bordes del rostro hasta su completa absorción. Usar después del jabón facial y los sérums de tratamiento. Durante el día, complementar con protector solar para proteger los resultados frente al daño solar. Solo para uso externo. Evitar el contacto con los ojos y mucosas. No utilizar en caso de hipersensibilidad a alguno de sus componentes. Si se presenta irritación, suspender su uso y consultar a un especialista. Mantener fuera del alcance de los niños y conservar en un lugar fresco y seco. Presentación Registro Sanitario Modo de uso Precauciones y Contraindicaciones No Producto a Pedido 0 Presentación Registro Sanitario Modo de uso Precauciones y Contraindicaciones Producto a Pedido Stock Security Campos Auxiliares Highlight Stock Security Crema hidratante en textura gel, ligera y de rápida absorción, formulada con ácido hialurónico, silicio orgánico, vitamina E y pantenol. Su fórmula puede ayudar a mantener la piel hidratada durante el día, aportar suavidad y favorecer la elasticidad. Su uso regular contribuye a una apariencia más uniforme, flexible y saludable, sin sensación grasosa.",vtex_spec_or_regex,false_no_component_match
Farmacia Universal,Dermohelp Serum Bio Retinol - Frasco 30 ml,Dermohelp Serum Bio Retinol 30 ml Precio + Delivery Gratis,NSOC0811621CO,79.90,PEN,available,https://www.farmaciauniversal.com/dermohelp-serum-bio-retinol-frasco-30-ml/p,31783,Dermohelp,vtex_catalog_search,2026-06-08T00:46:42.661577+00:00,10,"/Dermocosmética/Serums y Ampollas/Antiedad/ /Dermocosmética/Serums y Ampollas/ /Dermocosmética/ /6/174/197/ /6/174/ /6/ Frasco 30 ml NSOC0811621CO Distribuir con las yemas de los dedos realizando movimientos ascendentes desde el centro hacia los extremos del rostro hasta su completa absorción. Durante el día, complementar siempre con protector solar. También puede aplicarse en cuello y escote (1 a 2 gotas adicionales). Solo para uso externo. Evitar el contacto con ojos y mucosas. Si se presenta irritación o hipersensibilidad, suspender su uso y consultar a un especialista. Conservar en un lugar fresco, seco y protegido de la luz directa. Mantener fuera del alcance de los niños. Presentación Registro Sanitario Modo de uso Precauciones y Contraindicaciones No Producto a Pedido 0 Presentación Registro Sanitario Modo de uso Precauciones y Contraindicaciones Producto a Pedido Stock Security Campos Auxiliares Highlight Stock Security El sérum Bio-Retinol de Dermohelp combina un activo vegetal con propiedades similares al retinol tradicional, ofreciendo una alternativa suave que puede apoyar la apariencia de firmeza y uniformidad en la piel. Su textura ligera aporta hidratación y deja una sensación confortable, lo que lo convierte en una buena opción para quienes buscan complementar rutinas enfocadas en mejorar la textura y luminosidad del rostro.",vtex_spec_or_regex,false_no_component_match
Farmacia Universal,Qrasun Citrato de Magnesio + Vit C + Zinc Mezcla en Polvo - Frasco 330 g,Qrasun Citrato de Magnesio + Vit C + Zinc Mezcla en Polvo 330 g Precio + Delivery Gratis,E4612225NNAHRNT,56.00,PEN,available,https://www.farmaciauniversal.com/qrasun-citrato-de-magnesio-vit-c-zinc-mezcla-en-polvo-frasco-330-g/p,31385,Qrasun,vtex_catalog_search,2026-06-08T00:46:42.661930+00:00,100,"/Vitaminas y Suplementos/Minerales y Otros/Magnesio/ /Vitaminas y Suplementos/Minerales y Otros/ /Vitaminas y Suplementos/ /1/10/15/ /1/10/ /1/ Frasco 330 g E4612225NNAHRNT Consumir disuelto en agua, jugos o batidos hasta una porción diaria, según recomendación. Ideal como complemento nutricional para apoyar la energía, digestión y defensas. Puede tomarse preferentemente en la mañana o durante el día para aprovechar mejor sus beneficios. No exceder la dosis diaria recomendada.Mantener fuera del alcance de niños pequeños. No usar como sustituto de una alimentación equilibrada. Personas con condiciones médicas, mujeres embarazadas o en lactancia deben consultar con su médico antes de consumir. Conservar en lugar fresco, seco y protegido de la luz solar. Este producto no es un medicamento. Presentación Registro Sanitario Modo de uso Precauciones y Contraindicaciones No Producto a Pedido Manzana Verde Sabor 2 Presentación Registro Sanitario Modo de uso Precauciones y Contraindicaciones Producto a Pedido Sabor Stock Security Campos Auxiliares Highlight Filtros Stock Security Qrasun Citrato de Magnesio + Vit C + Zinc es un suplemento en polvo elaborado con avena, amalaki, citrato de magnesio, vitamina C y zinc, formulado para fortalecer las defensas y promover el bienestar diario. La avena aporta fibra que contribuye a una mejor digestión y sensación de saciedad, mientras que el amalaki es una fuente natural de antioxidantes y vitamina C. El citrato de magnesio favorece el equilibrio energético y la función muscular, ayudando a reducir la sensación de cansancio. Por su parte, la vitamina C y el zinc apoyan el sistema inmunológico y contribuyen al cuidado de la piel, huesos y articulaciones.",vtex_spec_or_regex,false_no_component_match
Farmacia Universal,YVD Pharma Biovirox Cápsulas - Frasco 60 und,YVD Pharma Biovirox Cápsulas 60 und Precio + Delivery Gratis,P2837625N,159.04,PEN,available,https://www.farmaciauniversal.com/yvd-pharma-biovirox-capsulas-frasco-60-und/p,32416,YVD Pharma,vtex_catalog_search,2026-06-08T00:46:42.662479+00:00,10,"/Productos Saludables/Endulzantes/Otros Endulzantes/ /Productos Saludables/Endulzantes/ /Productos Saludables/ /9/272/283/ /9/272/ /9/ Frasco 60 und P2837625N Tomar 2 cápsulas al día, 1 cápsula cada 12 horas, preferiblemente después de las comidas. No exceder la dosis recomendada. Se sugiere consumir después de las comidas. Los suplementos no sustituyen una alimentación equilibrada ni un estilo de vida saludable. Mantener fuera del alcance de los niños. Presentación Registro Sanitario Modo de uso Precauciones y Contraindicaciones No Producto a Pedido 0 Presentación Registro Sanitario Modo de uso Precauciones y Contraindicaciones Producto a Pedido Stock Security Campos Auxiliares Highlight Stock Security YVD Pharma Biovirox es un suplemento en cápsulas formulado con extracto de té verde (epigalocatequina), ácido hialurónico, vitamina B12 y ácido fólico. Esta combinación reúne ingredientes con propiedades antioxidantes y de soporte inmunológico, que pueden contribuir al bienestar general del organismo. Puede ser una alternativa para complementar el cuidado del sistema inmune dentro de una rutina diaria.",vtex_spec_or_regex,false_no_component_match
Farmacia Universal,Pack Dermohelp Serum Niacinamida 30 ml + Serum Vit C 30 ml + Crema 50 ml + Jabón Detox 240 ml,Pack Dermohelp Serum Niacinamida 30 ml + Serum Vit C 30 ml + Crema 50 ml + Jabón Detox 240 ml Precio + Delivery Gratis,"NSOC0787021CO, NSOC0852221CO, NSOC0812521CO, NSOC1364522CO",249.00,PEN,available,https://www.farmaciauniversal.com/pack-dermohelp-serum-niacinamida-30-ml-serum-vit-c-30-ml-crema-50-ml-jabon-detox-240-ml/p,99254,Dermohelp,vtex_catalog_search,2026-06-08T00:46:42.663112+00:00,1,"/Dermocosmética/Packs/ /Dermocosmética/ /6/176/ /6/ Pack Promocional NSOC0787021CO, NSOC0852221CO, NSOC0812521CO, NSOC1364522CO Dermohelp Serum de Niacinamida + Seboreductyl: Aplicar 2 a 3 gotas sobre el rostro limpio, mañana y noche. Masajear suavemente con las yemas de los dedos, realizando movimientos ascendentes desde el centro hacia los bordes del rostro hasta su completa absorción. Puede extenderse también en cuello y escote (1 a 2 gotas adicionales) para un tratamiento integral. Usar antes de la crema hidratante o protector solar (de día). Dermohelp Serum de Vitamina C + Alfa Arbutina: Aplicar 2 a 3 gotas sobre el rostro limpio y seco, por la mañana y/o noche. Extender con movimientos suaves y ascendentes desde el centro del rostro hacia los extremos hasta su completa absorción. Durante el día, complementar siempre con protector solar para potenciar la acción antioxidante y prevenir la pigmentación. Puede aplicarse también en cuello y escote (1 a 2 gotas adicionales). Dermohelp Hydroage Crema Hidratante: Aplicar una pequeña cantidad sobre el rostro limpio, mañana y noche. Extender con las yemas de los dedos realizando movimientos ascendentes desde el centro hacia los bordes del rostro hasta su completa absorción. Usar después del jabón facial y los sérums de tratamiento. Durante el día, complementar con protector solar para proteger los resultados frente al daño solar. Dermohelp Jabón Facial Detox con Carbón Activado: Lavarse las manos antes de lavarse la cara. Humedece tu rostro con agua tibia. Aplica una pequeña cantidad del Jabón Facial Détox en las manos, emulsiona hasta formar espuma y masajea suavemente rostro, cuello y escote en movimientos circulares. Enjuaga con abundante agua y seca (con paño o toalla limpia) sin frotar. Utilízalo mañana y noche como el primer paso de tu rutina. Dermohelp Serum de Niacinamida + Seboreductyl: Uso externo exclusivamente. Evitar el contacto directo con los ojos. En caso de irritación, suspender su uso y consultar al dermatólogo. Mantener fuera del alcance de los niños. Dermohelp Serum de Vitamina C + Alfa Arbutina: Solo para uso externo. Evitar el contacto directo con los ojos. Si se presenta irritación o enrojecimiento, suspender su uso y consultar a un especialista. Conservar en un lugar fresco y seco, protegido de la luz solar directa. Mantener fuera del alcance de los niños. Dermohelp Hydroage Crema Hidratante: Solo para uso externo. Evitar el contacto con los ojos y mucosas. No utilizar en caso de hipersensibilidad a alguno de sus componentes. Si se presenta irritación, suspender su uso y consultar a un especialista. Mantener fuera del alcance de los niños y conservar en un lugar fresco y seco. Dermohelp Jabón Facial Detox con Carbón Activado: carbón activado, limpieza profunda, piel grasa, piel mixta, ácido salicílico, control de brillo, poros, detox, gel facial, Seboreductyl, extractos frutales, pantenol, rutina facial, dermocosmética, purificante, vegano, no testeado en animales, piel fresca, limpiador facial, skincare Presentación Registro Sanitario Modo de uso Precauciones y Contraindicaciones No Producto a Pedido Presentación Registro Sanitario Modo de uso Precauciones y Contraindicaciones Producto a Pedido Campos Auxiliares Highlight Dermohelp Serum de Niacinamida + Seboreductyl: El sérum de Niacinamida + Seboreductyl de Dermohelp está pensado para pieles mixtas y grasas que buscan un acabado más equilibrado. Su fórmula puede contribuir a mejorar la apariencia del brillo, del sebo y de los poros, dejando la piel con una sensación más uniforme y mate. Incluye niacinamida, pantenol y vitamina E, ingredientes que ayudan a mantener el confort cutáneo y complementar el cuidado diario. Dermohelp Serum de Vitamina C + Alfa Arbutina: El sérum de Vitamina C + Alfa Arbutina de Dermohelp está formulado para quienes buscan una piel más uniforme y luminosa. Su combinación de antioxidantes puede ayudar a mejorar la apariencia del tono y aportar un acabado revitalizado. Su textura ligera se absorbe con facilidad, integrándose bien en rutinas de día o noche y dejando una sensación fresca y confortable en la piel. Dermohelp Hydroage Crema Hidratante: Crema hidratante en textura gel, ligera y de rápida absorción, formulada con ácido hialurónico, silicio orgánico, vitamina E y pantenol. Su fórmula puede ayudar a mantener la piel hidratada durante el día, aportar suavidad y favorecer la elasticidad. Su uso regular contribuye a una apariencia más uniforme, flexible y saludable, sin sensación grasosa. Dermohelp Jabón Facial Detox con Carbón Activado: Jabón facial en gel formulado con carbón activado y agentes limpiadores suaves que ayudan a remover impurezas, desobstruir poros y retirar el exceso de grasa sin dejar sensación de resequedad. Su combinación con ácido salicílico, Seboreductyl y extractos frutales puede contribuir a mejorar la apariencia de puntos negros y controlar el brillo. Recomendado para piel mixta a grasa.",vtex_spec_or_regex,false_no_component_match
Farmacia Universal,Prime Health Kids Vitamin C + Zinc Gomitas - Frasco 60 und,Prime Health Kids Vitamin C + Zinc Gomitas 60 und Precio + Delivery Gratis,DE5657,38.00,PEN,available,https://www.farmaciauniversal.com/prime-health-kids-vitamin-c-zinc-gomitas-frasco-60-und/p,31428,Prime Health,vtex_catalog_search,2026-06-08T00:46:42.663879+00:00,10,"/Cuidado Infantil/Nutrición Infantil/Suplementos Infantiles/ /Cuidado Infantil/Nutrición Infantil/ /Cuidado Infantil/ /5/151/340/ /5/151/ /5/ Frasco 60 und DE5657 Consumir de una a dos gomitas al día, preferiblemente después de los alimentos o según indicación médica. No exceder la dosis recomendada. Mantener fuera del alcance de los niños y conservar en lugar fresco y seco. No sustituye una dieta equilibrada ni un estilo de vida saludable. Presentación Registro Sanitario Modo de uso Precauciones y Contraindicaciones No Producto a Pedido 1 Presentación Registro Sanitario Modo de uso Precauciones y Contraindicaciones Producto a Pedido Stock Security Campos Auxiliares Highlight Stock Security Suplemento alimenticio infantil en forma de gomitas con Vitamina C y Zinc, formulado para fortalecer las defensas naturales y apoyar el crecimiento saludable de los niños. Ayuda a prevenir resfriados comunes. Su textura suave y sabor agradable facilitan el consumo diario, convirtiéndolas en una opción práctica para complementar la alimentación.",vtex_spec_or_regex,false_no_component_match
Farmacia Universal,Desitin Creamy Ungüento - Tubo 113 g,Desitin Creamy Ungüento 113 g Precio + Delivery Gratis,NSOC3466109CO,70.16,PEN,available,https://www.farmaciauniversal.com/desitin-creamy-unguento-tubo-113-g/p,31549,Johnson & Johnson,vtex_catalog_search,2026-06-08T00:46:42.664167+00:00,10,"/Cuidado Infantil/Pañales y Toallitas/Cremas para Pañalitis/ /Cuidado Infantil/Pañales y Toallitas/ /Cuidado Infantil/ /5/148/156/ /5/148/ /5/ Tubo 113 g NSOC3466109CO Aplicar sobre la piel limpia y seca, formando una capa uniforme en las zonas a proteger o tratar. Puede usarse varias veces al día, especialmente al cambiar pañal o cuando la piel esté expuesta a humedad o roce. Solo para uso externo. Evitar el contacto con ojos y mucosas. Mantener fuera del alcance de los niños. Si se desarrolla irritación, enrojecimiento persistente, erupciones u otras reacciones adversas, suspender su uso y consultar al profesional sanitario. Solo para uso externo. Presentación Registro Sanitario Modo de uso Precauciones y Contraindicaciones No Producto a Pedido 1 Presentación Registro Sanitario Modo de uso Precauciones y Contraindicaciones Producto a Pedido Stock Security Campos Auxiliares Highlight Stock Security Desitin Creamy es un ungüento cremoso, con óxido de zinc, aloe vera y vitamina E, creando una barrera contra la humedad para ayudar a proteger la piel de las irritaciones, aliviando y calmando el malestar provocado por la rozadura de pañal.",vtex_spec_or_regex,false_no_component_match
Farmacia Universal,Pack Dermohelp Crema Hidratante 50 ml + Jabón Detox 240 ml,Pack Dermohelp Crema Hidratante 50 ml + Jabón Detox 240 ml Precio + Delivery Gratis,"NSOC0812521CO, NSOC1364522CO",119.00,PEN,available,https://www.farmaciauniversal.com/pack-dermohelp-crema-hidratante-50-ml-jabon-detox-240-ml/p,99257,Dermohelp,vtex_catalog_search,2026-06-08T00:46:42.664781+00:00,10,"/Dermocosmética/Packs/ /Dermocosmética/ /6/176/ /6/ Pack Promocional NSOC0812521CO, NSOC1364522CO Dermohelp Hydroage Crema Hidratante: Aplicar una pequeña cantidad sobre el rostro limpio, mañana y noche. Extender con las yemas de los dedos realizando movimientos ascendentes desde el centro hacia los bordes del rostro hasta su completa absorción. Usar después del jabón facial y los sérums de tratamiento. Durante el día, complementar con protector solar para proteger los resultados frente al daño solar. Dermohelp Jabón Facial Detox con Carbón Activado: Lavarse las manos antes de lavarse la cara. Humedece tu rostro con agua tibia. Aplica una pequeña cantidad del Jabón Facial Détox en las manos, emulsiona hasta formar espuma y masajea suavemente rostro, cuello y escote en movimientos circulares. Enjuaga con abundante agua y seca (con paño o toalla limpia) sin frotar. Utilízalo mañana y noche como el primer paso de tu rutina. Dermohelp Hydroage Crema Hidratante: Solo para uso externo. Evitar el contacto con los ojos y mucosas. No utilizar en caso de hipersensibilidad a alguno de sus componentes. Si se presenta irritación, suspender su uso y consultar a un especialista. Mantener fuera del alcance de los niños y conservar en un lugar fresco y seco. Dermohelp Jabón Facial Detox con Carbón Activado: carbón activado, limpieza profunda, piel grasa, piel mixta, ácido salicílico, control de brillo, poros, detox, gel facial, Seboreductyl, extractos frutales, pantenol, rutina facial, dermocosmética, purificante, vegano, no testeado en animales, piel fresca, limpiador facial, skincare Presentación Registro Sanitario Modo de uso Precauciones y Contraindicaciones No Producto a Pedido Presentación Registro Sanitario Modo de uso Precauciones y Contraindicaciones Producto a Pedido Campos Auxiliares Highlight Dermohelp Hydroage Crema Hidratante: Crema hidratante en textura gel, ligera y de rápida absorción, formulada con ácido hialurónico, silicio orgánico, vitamina E y pantenol. Su fórmula puede ayudar a mantener la piel hidratada durante el día, aportar suavidad y favorecer la elasticidad. Su uso regular contribuye a una apariencia más uniforme, flexible y saludable, sin sensación grasosa. Dermohelp Jabón Facial Detox con Carbón Activado: Jabón facial en gel formulado con carbón activado y agentes limpiadores suaves que ayudan a remover impurezas, desobstruir poros y retirar el exceso de grasa sin dejar sensación de resequedad. Su combinación con ácido salicílico, Seboreductyl y extractos frutales puede contribuir a mejorar la apariencia de puntos negros y controlar el brillo. Recomendado para piel mixta a grasa.",vtex_spec_or_regex,false_no_component_match
Farmacia Universal,Cysticlean Forte + Vit C Cápsulas - Caja 30 und,Cysticlean Forte + Vit C Cápsulas 30 und Precio + Delivery Gratis,DE5088,165.00,PEN,available,https://www.farmaciauniversal.com/cysticlean-forte-vit-c-capsulas-caja-30-und/p,31391,Uro Pharma,vtex_catalog_search,2026-06-08T00:46:42.665088+00:00,10,"/Vitaminas y Suplementos/Multivitamínicos/Urológicos/ /Vitaminas y Suplementos/Multivitamínicos/ /Vitaminas y Suplementos/ /1/344/353/ /1/344/ /1/ Caja 30 und DE5088 Ingerir 1 cápsula al día con un vaso de agua, preferiblemente por la noche. No exceder la dosis diaria recomendada. Mantener fuera del alcance de los niños. No sustituye una dieta equilibrada. Consultar al médico en caso de embarazo, lactancia o si está bajo tratamiento médico. Presentación Registro Sanitario Modo de uso Precauciones y Contraindicaciones No Producto a Pedido 1 Presentación Registro Sanitario Modo de uso Precauciones y Contraindicaciones Producto a Pedido Stock Security Campos Auxiliares Highlight Stock Security Cysticlean Forte es un suplemento alimenticio desarrollado para la prevención y apoyo en el tratamiento de infecciones urinarias recurrentes. Su fórmula incluye extracto de arándano rojo americano altamente concentrado (PACs 240 mg) y vitamina C, lo que ayuda a reducir la adherencia de bacterias en las vías urinarias, refuerza el sistema inmunológico y protege frente a molestias urinarias frecuentes. Aporta una alternativa natural y eficaz para quienes buscan fortalecer la salud del tracto urinario.",vtex_spec_or_regex,false_no_component_match
Farmacia Universal,Gilsan Antiedad Q10 Crema Facial - Frasco 90 g,Gilsan Antiedad Q10 Crema Facial 90 g Precio + Delivery Gratis,NSOC6188923PE,29.90,PEN,available,https://www.farmaciauniversal.com/gilsan-antiedad-q10-crema-facial-frasco-90-g/p,29304,Gilsan,vtex_catalog_search,2026-06-08T00:46:42.665935+00:00,10,"/Cuidado Personal/Cuidado Facial/Cremas Faciales/ /Cuidado Personal/Cuidado Facial/ /Cuidado Personal/ /7/206/221/ /7/206/ /7/ Frasco 90 g NSOC6188923PE Aplicar una capa fina sobre la piel limpia y seca, distribuyendo uniformemente en el rostro hasta su completa absorción. Puede utilizarse tanto de día como de noche. No usar sobre piel irritada. Mantener fuera del alcance de los niños. Conservar en un lugar fresco y seco. No ingerir. Presentación Registro Sanitario Modo de uso Precauciones y Contraindicaciones No Producto a Pedido 0 Presentación Registro Sanitario Modo de uso Precauciones y Contraindicaciones Producto a Pedido Stock Security Campos Auxiliares Highlight Stock Security Gilsan Antiedad Q10 es una crema facial formulada con coenzima Q10, colágeno hidrolizado, elastina y vitamina E, diseñada para complementar la rutina de cuidado de la piel. Su uso está orientado a mejorar la apariencia general del rostro, contribuyendo a una piel con aspecto más uniforme, suave y con mayor elasticidad, formando parte del cuidado diario frente a los signos visibles del paso del tiempo.",vtex_spec_or_regex,false_no_component_match
Farmacia Universal,Invitalys Ashwagandha + Camu Camu Gomitas Sabor Naranja - Frasco 70 und,Invitalys Ashwagandha + Camu Camu Gomitas Sabor Naranja 70 und Precio + Delivery Gratis,G6615622NNAVDLB,59.00,PEN,available,https://www.farmaciauniversal.com/invitalys-ashwagandha-camu-camu-gomitas-sabor-naranja-frasco-70-und/p,32204,Invitalys,vtex_catalog_search,2026-06-08T00:46:42.666164+00:00,10,"/Vitaminas y Suplementos/Multivitamínicos/Relajantes/ /Vitaminas y Suplementos/Multivitamínicos/ /Vitaminas y Suplementos/ /1/344/351/ /1/344/ /1/ Frasco 70 und G6615622NNAVDLB Consumir 2 gomitas al día. Mantener el envase bien cerrado después de cada uso. Mantener fuera del alcance de los niños. No sustituye una alimentación equilibrada ni un estilo de vida saludable. Presentación Registro Sanitario Modo de uso Precauciones y Contraindicaciones No Producto a Pedido Naranja Sabor Presentación Registro Sanitario Modo de uso Precauciones y Contraindicaciones Producto a Pedido Sabor Campos Auxiliares Highlight Filtros Invitalys Ashwagandha + Camu Camu Gomitas sabor naranja es un suplemento alimenticio formulado con extracto de ashwagandha y camu camu, fuente natural de vitamina C, diseñado para complementar la alimentación diaria y formar parte de una rutina de bienestar. Su formato en gomitas facilita su consumo diario, siendo una alternativa práctica dentro de hábitos saludables. Es un producto libre de azúcar, gluten y lácteos.",vtex_spec_or_regex,false_no_component_match
Farmacia Universal,Vitamin B 12 1000 mcg - Ampolla 1 ml,Vitamin B 12 1000 mcg 1 ml,EE14417,21.00,PEN,available,https://www.farmaciauniversal.com/vitamin-b-12-1000-mcg-ampolla-1-ml/p,25230,Naturmedizin,vtex_catalog_search,2026-06-08T00:46:42.666332+00:00,99999,/Medicinas/Sistema Nervioso/Vitaminas Neuroprotectoras/ /Medicinas/Sistema Nervioso/ /Medicinas/ /2/416/432/ /2/416/ /2/ Ampolla 1 ml Cianocobalamina 1000 mcg EE14417 Presentación Principio Activo Registro Sanitario No Si No Producto a Pedido Requiere receta médica Requiere refrigeración 1 Presentación Principio Activo Registro Sanitario Producto a Pedido Requiere receta médica Requiere refrigeración Stock Security Campos Auxiliares Highlight Stock Security,vtex_spec_or_regex,false_no_component_match
Farmacia Universal,Thiogamma Turbo Set 600 mg/50 ml Solución para Perfusión - Vial 50 ml,Thiogamma Turbo Set 600 mg/50 ml Solución para Perfusión 50 ml,EE12257,69.00,PEN,available,https://www.farmaciauniversal.com/thiogamma-turbo-set-600-mg-50-ml-solucion-para-perfusion-vial-50-ml/p,30624,Worwag Pharma,vtex_catalog_search,2026-06-08T00:46:42.666516+00:00,100,/Medicinas/Sistema Nervioso/Vitaminas Neuroprotectoras/ /Medicinas/Sistema Nervioso/ /Medicinas/ /2/416/432/ /2/416/ /2/ Vial 50 ml Ácido Tióctico 600 mg/50 ml EE12257 Presentación Principio Activo Registro Sanitario No Si No Producto a Pedido Requiere receta médica Requiere refrigeración 0 Presentación Principio Activo Registro Sanitario Producto a Pedido Requiere receta médica Requiere refrigeración Stock Security Campos Auxiliares Highlight Stock Security,vtex_spec_or_regex,false_no_component_match
Farmacia Universal,Pack DY Nutrition Creatina Monohidratada 300 g + TMX MultiFem+ Gomitas 70 und,Pack DY Nutrition Creatina Monohidratada 300 g + TMX MultiFem+ Gomitas 70 und Precio + Delivery Gratis,N/A,94.40,PEN,available,https://www.farmaciauniversal.com/pack-dy-nutrition-creatina-monohidratada-300-g-tmx-multifem-gomitas-70-und/p,99306,DY Nutrition,vtex_catalog_search,2026-06-08T00:46:42.667051+00:00,10,"/Vitaminas y Suplementos/Suplementos Deportivos/Creatina/ /Vitaminas y Suplementos/Suplementos Deportivos/ /Vitaminas y Suplementos/ /1/13/35/ /1/13/ /1/ Pack Promocional N/A Disolver una medida (aproximadamente 5 g) en agua o jugo y consumir antes o después del entrenamiento. Se recomienda acompañar de una correcta hidratación. No exceder la dosis diaria recomendada. No sustituye una dieta equilibrada. Mantener fuera del alcance de los niños. No utilizar durante el embarazo o lactancia sin supervisión médica. Presentación Registro Sanitario Modo de uso Precauciones y Contraindicaciones No Producto a Pedido Presentación Registro Sanitario Modo de uso Precauciones y Contraindicaciones Producto a Pedido Campos Auxiliares Highlight DY Nutrition Creatina Monohidratada Frasco 300 g Creatina Monohidratada DY Nutrition es un suplemento deportivo en polvo diseñado para apoyar el rendimiento físico durante ejercicios de alta intensidad. La creatina es uno de los compuestos más estudiados en el ámbito deportivo y puede contribuir a mejorar la fuerza, potencia y recuperación muscular cuando se usa dentro de un plan de entrenamiento adecuado. TMX MultiFem+ Gomitas Sabor Naranja Frasco 70 und TMX MultiFem+ Gomitas Sabor Naranja es un multivitamínico especialmente desarrollado para complementar las necesidades nutricionales de la mujer. Su fórmula combina colágeno, vitaminas A, C, D, E y vitaminas del complejo B, nutrientes que contribuyen al bienestar general, el metabolismo energético y el mantenimiento de una piel saludable. Su práctico formato en gomitas facilita el consumo diario de vitaminas esenciales.",vtex_spec_or_regex,false_no_component_match
Farmacia Universal,Béia Natural Loción Capilar con Placenta y Aloe - Ampolla 1 und,Béia Natural Loción Capilar con Placenta y Aloe 1 und Precio + Delivery Gratis,NSOC4064619PE,3.00,PEN,available,https://www.farmaciauniversal.com/beia-natural-locion-capilar-con-placenta-y-aloe-ampolla-1-und/p,17940,Gilsan,vtex_catalog_search,2026-06-08T00:46:42.668067+00:00,100,"/Cuidado Personal/Cuidado del Cabello/Mascarillas y Tratamientos/ /Cuidado Personal/Cuidado del Cabello/ /Cuidado Personal/ /7/209/238/ /7/209/ /7/ Ampolla 1 und NSOC4064619PE Lavar el cabello y retirar el exceso de agua con una toalla. Aplicar el contenido completo de la loción sobre el cuero cabelludo y cabello húmedo, realizando suaves masajes con la yema de los dedos durante algunos minutos. El enjuague es opcional. Como tratamiento inicial, aplicar una loción cada 2 días durante 2 meses. Para mantenimiento, aplicar de 1 a 2 veces por semana. Tratamiento intensivo: aplicar 1 loción diaria durante 15 días y luego 3 veces por semana durante un mes. Uso externo únicamente. Evitar el contacto con ojos y mucosas. Suspender el uso si presenta irritación o sensibilidad en el cuero cabelludo. Mantener fuera del alcance de los niños y conservar en un lugar fresco y seco. Presentación Registro Sanitario Modo de uso Precauciones y Contraindicaciones No Producto a Pedido 2 Presentación Registro Sanitario Modo de uso Precauciones y Contraindicaciones Producto a Pedido Stock Security Campos Auxiliares Highlight Stock Security Béia Natural Loción Capilar con Placenta y Aloe es un tratamiento capilar formulado para cabellos maltratados y con tendencia a la caída. Su fórmula combina placenta hidrolizada, extracto de aloe vera y panthenol (Pro Vitamina B5), ingredientes utilizados para complementar la nutrición y cuidado del cuero cabelludo y la fibra capilar. Ayuda a mantener el cabello con apariencia más saludable, suave y revitalizada, siendo ideal para complementar rutinas intensivas de cuidado capilar.",vtex_spec_or_regex,false_no_component_match
Farmacia Universal,Nutrabiotics Enteroplex Polvo Oral - Frasco 180 g,Nutrabiotics Enteroplex Polvo Oral 180 g Precio + Delivery Gratis,DE5646,206.78,PEN,available,https://www.farmaciauniversal.com/nutrabiotics-enteroplex-polvo-oral-frasco-180-g/p,32096,Nutrabiotics,vtex_catalog_search,2026-06-08T00:46:42.668335+00:00,10,"/Vitaminas y Suplementos/Suplementos Nutricionales/Fórmulas Especializadas/ /Vitaminas y Suplementos/Suplementos Nutricionales/ /Vitaminas y Suplementos/ /1/12/29/ /1/12/ /1/ Frasco 180 g DE5646 Adultos, tomar una cucharada de 3 gr dos veces al dia. No se recomienda el consumo de este producto junto con alimentos. No superar la dosis diaria expresamente recomendada. No utilizar las vitaminas como sustituto de una dieta equilibrada. Pacientes sensibles a los componentes del producto. No se tiene evidencia de que se presenten interacciones o reacciones adversas con los componentes del producto. No debe ser consumido por mujeres embarazadas o en período de lactancia, ni por niños. Almacenar a una temperatura no mayor a 30 °C en un lugar seco. No use el producto si el sello de seguridad está roto o despegado. Presentación Registro Sanitario Modo de uso Precauciones y Contraindicaciones No Producto a Pedido Presentación Registro Sanitario Modo de uso Precauciones y Contraindicaciones Producto a Pedido Campos Auxiliares Highlight Nutrabiotics Enteroplex es un suplemento nutricional en polvo formulado a base de L-Glutamina, Polvo liofilizado de gel de hojas de Aloe Vera y Vitamina A.",vtex_spec_or_regex,false_no_component_match
Farmacia Universal,Hidroxocobalamina 1 mg/ml LS Solución Inyectable - Ampolla 1 ml,Hidroxocobalamina 1 mg/ml LS Solución Inyectable 1 ml,EN04920,5.87,PEN,available,https://www.farmaciauniversal.com/hidroxocobalamina-1-mg-ml-ls-solucion-inyectable-ampolla-1-ml/p,30794,Lusa,vtex_catalog_search,2026-06-08T00:46:42.668863+00:00,100,/Medicinas/Sistema Nervioso/Vitaminas Neuroprotectoras/ /Medicinas/Sistema Nervioso/ /Medicinas/ /2/416/432/ /2/416/ /2/ Ampolla 1 ml Hidroxocobalamina 1 mg/ml EN04920 Presentación Principio Activo Registro Sanitario No Si No Producto a Pedido Requiere receta médica Requiere refrigeración 2 Presentación Principio Activo Registro Sanitario Producto a Pedido Requiere receta médica Requiere refrigeración Stock Security Campos Auxiliares Highlight Stock Security,vtex_spec_or_regex,false_no_component_match
Farmacia Universal,Pantene Pro V Miracles Colágeno Shampoo - Frasco 510 ml,Pantene Pro V Miracles Colágeno Shampoo 510 ml Precio + Delivery Gratis,NSOC5077121PE,34.28,PEN,available,https://www.farmaciauniversal.com/pantene-pro-v-miracles-colageno-shampoo-frasco-510-ml/p,27850,Pantene,vtex_catalog_search,2026-06-08T00:46:42.669393+00:00,10,"/Cuidado Personal/Cuidado del Cabello/Shampoo/ /Cuidado Personal/Cuidado del Cabello/ /Cuidado Personal/ /7/209/236/ /7/209/ /7/ Frasco 510 ml NSOC5077121PE Aplicar sobre el cabello mojado y masajear suavemente el cuero cabelludo hasta formar espuma. Enjuagar con abundante agua y repetir si se desea. Para mejores resultados, complementar con acondicionador o tratamientos de la línea Pantene Pro-V Miracles. Evitar el contacto con los ojos. En caso de contacto, enjuagar inmediatamente con abundante agua. Suspender el uso si presenta irritación o sensibilidad. Mantener fuera del alcance de los niños. Conservar en un lugar fresco y seco. Presentación Registro Sanitario Modo de uso Precauciones y Contraindicaciones No Producto a Pedido 0 Presentación Registro Sanitario Modo de uso Precauciones y Contraindicaciones Producto a Pedido Stock Security Campos Auxiliares Highlight Stock Security Pantene Pro-V Miracles Colágeno Shampoo está formulado para limpiar y nutrir profundamente el cabello desde la raíz hasta las puntas, ayudando a mantenerlo suave, brillante y con apariencia saludable. Su fórmula combina colágeno de origen natural, aceite de macadamia y Pro-Vitamina B5, ingredientes reconocidos por contribuir al cuidado y acondicionamiento de la fibra capilar. Su uso frecuente ayuda a mejorar la sensación de hidratación y manejabilidad del cabello, especialmente en cabellos secos o dañados por procesos químicos o calor.",vtex_spec_or_regex,false_no_component_match
Farmacia Universal,Pediasure Bebible Sabor Chocolate - Frasco 220 ml,Pediasure Bebible Sabor Chocolate 220 ml Precio + Delivery Gratis,I4101221ENAABLB,11.20,PEN,available,https://www.farmaciauniversal.com/pediasure-bebible-sabor-chocolate-frasco-220-ml/p,27001,Pediasure,vtex_catalog_search,2026-06-08T00:46:42.670211+00:00,100,"/Cuidado Infantil/Nutrición Infantil/Fórmulas Infantiles/ /Cuidado Infantil/Nutrición Infantil/ /Cuidado Infantil/ /5/151/167/ /5/151/ /5/ Frasco 220 ml I4101221ENAABLB Agitar bien antes de usar. Se puede consumir frío o a temperatura ambiente. Si el envase ya ha sido abierto, se debe tapar, refrigerar y usar dentro de las siguientes 24 horas. No debe administrarse por vía parenteral. Este producto está pensado como complemento de una dieta completa y variada, y no debe sustituir alimentos principales. Se recomienda consultar al pediatra o nutricionista antes de incluirlo en la alimentación del niño. En caso de presentar alergias o intolerancias, verificar los ingredientes e informar al profesional de salud. Presentación Registro Sanitario Modo de uso Precauciones y Contraindicaciones No Producto a Pedido Chocolate Sabor 1 Presentación Registro Sanitario Modo de uso Precauciones y Contraindicaciones Producto a Pedido Sabor Stock Security Campos Auxiliares Highlight Filtros Stock Security Pediasure en versión líquida sabor chocolate ofrece una fórmula nutricional completa y balanceada, especialmente diseñada para niños mayores de 2 años, a quienes se quiere apoyar en su crecimiento. Contiene los cinco grupos esenciales de nutrientes: proteínas, carbohidratos, vitaminas, minerales y lípidos. Además, está enriquecida con fosfopéptidos de caseína, vitamina K2, arginina y DHA, lo que favorece la absorción de nutrientes clave y complementa la alimentación diaria del niño en desarrollo.",vtex_spec_or_regex,false_no_component_match
Farmacia Universal,Pack x 20 Pediasure Bebible Sabor Chocolate 220 ml c/u,Pack x 20 Pediasure Bebible Sabor Chocolate 220 ml c/u Precio + Delivery Gratis,I4101221ENAABLB,224.00,PEN,available,https://www.farmaciauniversal.com/pack-x-20-pediasure-bebible-sabor-chocolate-220-ml-c-u/p,99273,Pediasure,vtex_catalog_search,2026-06-08T00:46:42.670490+00:00,1,"/Cuidado Infantil/Nutrición Infantil/Fórmulas Infantiles/ /Cuidado Infantil/Nutrición Infantil/ /Cuidado Infantil/ /5/151/167/ /5/151/ /5/ Pack Promocional I4101221ENAABLB Agitar bien antes de usar. Se puede consumir frío o a temperatura ambiente. Si el envase ya ha sido abierto, se debe tapar, refrigerar y usar dentro de las siguientes 24 horas. No debe administrarse por vía parenteral. Este producto está pensado como complemento de una dieta completa y variada, y no debe sustituir alimentos principales. Se recomienda consultar al pediatra o nutricionista antes de incluirlo en la alimentación del niño. En caso de presentar alergias o intolerancias, verificar los ingredientes e informar al profesional de salud. Presentación Registro Sanitario Modo de uso Precauciones y Contraindicaciones No Producto a Pedido Chocolate Sabor Presentación Registro Sanitario Modo de uso Precauciones y Contraindicaciones Producto a Pedido Sabor Campos Auxiliares Highlight Filtros Pediasure en versión líquida sabor chocolate ofrece una fórmula nutricional completa y balanceada, especialmente diseñada para niños mayores de 2 años, a quienes se quiere apoyar en su crecimiento. Contiene los cinco grupos esenciales de nutrientes: proteínas, carbohidratos, vitaminas, minerales y lípidos. Además, está enriquecida con fosfopéptidos de caseína, vitamina K2, arginina y DHA, lo que favorece la absorción de nutrientes clave y complementa la alimentación diaria del niño en desarrollo.",vtex_spec_or_regex,false_no_component_match
Farmacia Universal,Invitalys Melatonina Gomitas Sabor Cereza - Frasco 70 und,Invitalys Melatonina Gomitas Sabor Cereza 70 und Precio + Delivery Gratis,G6604224NNANVSA,59.00,PEN,available,https://www.farmaciauniversal.com/invitalys-melatonina-gomitas-sabor-cereza-frasco-70-und/p,32202,Invitalys,vtex_catalog_search,2026-06-08T00:46:42.671208+00:00,10,"/Vitaminas y Suplementos/Multivitamínicos/Relajantes/ /Vitaminas y Suplementos/Multivitamínicos/ /Vitaminas y Suplementos/ /1/344/351/ /1/344/ /1/ Frasco 70 und G6604224NNANVSA Consumir de 1 a 2 gomitas al día. Mantener el envase bien cerrado después de cada uso. No recomendado en mujeres gestantes ni en menores de 18 años. No sustituye una alimentación equilibrada ni un estilo de vida saludable. Mantener fuera del alcance de los niños. Presentación Registro Sanitario Modo de uso Precauciones y Contraindicaciones No Producto a Pedido Cereza Sabor Presentación Registro Sanitario Modo de uso Precauciones y Contraindicaciones Producto a Pedido Sabor Campos Auxiliares Highlight Filtros Invitalys Melatonina Gomitas sabor cereza es un suplemento alimenticio en formato gomitas formulado con melatonina y vitamina C, diseñado para complementar la alimentación diaria y formar parte de la rutina de descanso. Su presentación en frasco de 70 gomitas ofrece una opción práctica y fácil de consumir, especialmente para quienes prefieren formatos alternativos a las cápsulas. Es un producto libre de azúcar, gluten y lácteos, lo que permite integrarlo en diferentes estilos de alimentación.",vtex_spec_or_regex,false_no_component_match
Farmacia Universal,Bahía Protección Contínua Bloqueador Solar SPF45 - Frasco 200 g,Bahía Protección Contínua Bloqueador Solar SPF45 200 g Precio + Delivery Gratis,N/A,43.60,PEN,available,https://www.farmaciauniversal.com/bahia-proteccion-continua-bloqueador-solar-spf45-frasco-200-g/p,27480,Bahia,vtex_catalog_search,2026-06-08T00:46:42.671984+00:00,10,"/Cuidado Personal/Cuidado Corporal/Bloqueadores Corporales/ /Cuidado Personal/Cuidado Corporal/ /Cuidado Personal/ /7/207/228/ /7/207/ /7/ Frasco 200 g N/A Aplicar el bloqueador de manera uniforme sobre la piel mediante suaves masajes circulares hasta su completa absorción, aproximadamente 30 minutos antes de la exposición al sol. Reaplicar frecuentemente, especialmente después de nadar, secarse con toalla, sudoración excesiva o exposición prolongada al sol. Evitar el contacto con ojos, boca y nariz. En caso de contacto con los ojos, enjuagar con abundante agua. No ingerir. No aplicar sobre piel irritada o lesionada. Suspender el uso si presenta alguna reacción desfavorable y consultar al médico. Mantener fuera del alcance de los niños y conservar en su envase original. Presentación Registro Sanitario Modo de uso Precauciones y Contraindicaciones No Producto a Pedido 0 Presentación Registro Sanitario Modo de uso Precauciones y Contraindicaciones Producto a Pedido Stock Security Campos Auxiliares Highlight Stock Security Bahía Protección Continua Bloqueador Solar SPF45 es un bloqueador solar formulado para ayudar a proteger la piel frente a los efectos dañinos de la exposición solar. Su fórmula con SPF45 brinda protección contra rayos UVA y UVB, mientras que su contenido de vitamina E contribuye a mantener la piel hidratada. Además, es hipoalergénico, libre de parabenos y resistente al agua y al sudor, características que lo convierten en una opción práctica para actividades al aire libre y uso diario.",vtex_spec_or_regex,false_no_component_match
Farmacia Universal,Benalgin 1000 Solución Inyectable + Jeringa Desechable - Caja 1 kit,Benalgin 1000 Solución Inyectable + Jeringa Desechable 1 kit,EN02694,18.66,PEN,available,https://www.farmaciauniversal.com/benalgin-1000-solucion-inyectable-jeringa-desechable-caja-1-kit/p,13633,Lusa,vtex_catalog_search,2026-06-08T00:46:42.672190+00:00,100,"/Medicinas/Sistema Nervioso/Vitaminas Neuroprotectoras/ /Medicinas/Sistema Nervioso/ /Medicinas/ /2/416/432/ /2/416/ /2/ Caja 1 kit Tiamina 100 mg, Piridoxina 100 mg, Cianocobalamina 1000 mcg EN02694 Presentación Principio Activo Registro Sanitario No Si No Producto a Pedido Requiere receta médica Requiere refrigeración 1 Presentación Principio Activo Registro Sanitario Producto a Pedido Requiere receta médica Requiere refrigeración Stock Security Campos Auxiliares Highlight Stock Security",vtex_spec_or_regex,false_no_component_match
Farmacia Universal,Maximus Plus NF 70 mg + 1500 mg + 800 UI Tabletas Recubiertas - Caja 32 und,Maximus Plus NF 70 mg + 1500 mg + 800 UI Tabletas Recubiertas 32 und,EN04082,130.88,PEN,available,https://www.farmaciauniversal.com/maximus-plus-nf-70-mg-1500-mg-800-ui-tabletas-recubiertas-caja-32-und/p,30112,Hersil,vtex_catalog_search,2026-06-08T00:46:42.672368+00:00,10,"/Medicinas/Cuidado Musculoesquelético/Tratamiento Óseo/ /Medicinas/Cuidado Musculoesquelético/ /Medicinas/ /2/390/394/ /2/390/ /2/ Caja 32 und Ácido Alendrónico 70 mg, Carbonato de Calcio 1500 mg, Vitamida D3 800 UI EN04082 Presentación Principio Activo Registro Sanitario No Si No Producto a Pedido Requiere receta médica Requiere refrigeración 1 Presentación Principio Activo Registro Sanitario Producto a Pedido Requiere receta médica Requiere refrigeración Stock Security Campos Auxiliares Highlight Stock Security",vtex_spec_or_regex,false_no_component_match
Farmacia Universal,Coppon Bebé Toallitas Húmedas - Bolsa 24 und,Coppon Bebé Toallitas Húmedas 24 und Precio + Delivery Gratis,NSOC4231319PE,3.50,PEN,available,https://www.farmaciauniversal.com/coppon-bebe-toallitas-humedas-bolsa-24-und/p,30433,Coppon,vtex_catalog_search,2026-06-08T00:46:43.226974+00:00,100,"/Cuidado Infantil/Pañales y Toallitas/Toallitas Húmedas/ /Cuidado Infantil/Pañales y Toallitas/ /Cuidado Infantil/ /5/148/155/ /5/148/ /5/ Bolsa 24 und NSOC4231319PE Sacar una toallita del empaque y cerrar bien la tapa para evitar que se sequen. Limpiar suavemente la piel del bebé en cada cambio de pañal o cuando sea necesario, evitando el contacto directo con los ojos. Desechar la toallita en el tacho de basura (no arrojar al inodoro). Uso externo únicamente. Mantener fuera del alcance de los niños. Conservar en un lugar fresco y seco. No exponer al sol. En caso de hipersensibilidad a algunos componentes no usar el producto. Si se presenta alguna reacción desfavorable suspenda su uso, en caso persista consulte con su médico. Deseche la toallita usada en la basura, no en el inodoro. Presentación Registro Sanitario Modo de uso Precauciones y Contraindicaciones No Producto a Pedido 0 Presentación Registro Sanitario Modo de uso Precauciones y Contraindicaciones Producto a Pedido Stock Security Campos Auxiliares Highlight Stock Security Las toallitas húmedas Cóppon Bebé están elaboradas con tela no tejida a base de poliéster y celulosa, materiales que aportan una textura suave y delicada al contacto con la piel. Están impregnadas con una emulsión de pH compatible con la piel, enriquecida con extracto de Aloe Vera y vitamina E, ingredientes conocidos por sus propiedades calmantes y suavizantes. Estas toallitas han sido dermatológicamente evaluadas y no contienen parabenos ni alcohol, lo que las hace aptas para el uso diario en el cuidado e higiene del bebé.",vtex_spec_or_regex,false_no_component_match
Farmacia Universal,Qrasun Colágeno Hidrolizado + Glucosamina + Magnesio en Polvo Sabor Camu Camu - Frasco 650 g,Qrasun Colágeno Hidrolizado + Glucosamina + Magnesio en Polvo Sabor Camu Camu 650 g Precio + Delivery Gratis,E4612026N NAHRNT,127.00,PEN,available,https://www.farmaciauniversal.com/qrasun-colageno-hidrolizado-glucosamina-magnesio-en-polvo-sabor-camu-camu-frasco-650-g/p,32796,Qrasun,vtex_catalog_search,2026-06-08T00:46:43.227289+00:00,100,"/Vitaminas y Suplementos/Minerales y Otros/Colágenos/ /Vitaminas y Suplementos/Minerales y Otros/ /Vitaminas y Suplementos/ /1/10/323/ /1/10/ /1/ Frasco 650 g E4612026N NAHRNT Disolver una cucharada (10g) en un vaso con agua, jugo o cualquier bebida alimenticia, ya sea caliente, helada o fría. Recomendable consumir antes de acostarse para una mayor absorción. No consumir en caso de alergia a crustáceos. Presentación Registro Sanitario Modo de uso Precauciones y Contraindicaciones No Producto a Pedido Camu Camu Sabor 0 Presentación Registro Sanitario Modo de uso Precauciones y Contraindicaciones Producto a Pedido Sabor Stock Security Campos Auxiliares Highlight Filtros Stock Security Qrasun Colágeno Hidrolizado + Glucosamina + Magnesio en Polvo es un suplemento nutricional en polvo formulado para contribuir al bienestar de las articulaciones, huesos, músculos y piel. Su combinación de colágeno hidrolizado, glucosamina y magnesio ayuda a fortalecer la movilidad y elasticidad del cuerpo, mientras que el sabor natural a camu camu aporta una experiencia refrescante y agradable al consumirlo. Ideal para personas que buscan complementar su alimentación diaria, apoyar la recuperación física y mantener un estilo de vida activo. Su presentación de 650g permite un consumo práctico y prolongado.",vtex_spec_or_regex,false_no_component_match
Farmacia Universal,Pack Dermohelp Serum Niacinamida 30 ml + Crema Hidratante 50 ml + Jabón Detox 240 ml,Pack Dermohelp Serum Niacinamida 30 ml + Crema Hidratante 50 ml + Jabón Detox 240 ml Precio + Delivery Gratis,"NSOC0787021CO, NSOC0812521CO, NSOC1364522CO",189.01,PEN,available,https://www.farmaciauniversal.com/pack-dermohelp-serum-niacinamida-30-ml-crema-hidratante-50-ml-jabon-detox-240-ml/p,99255,Dermohelp,vtex_catalog_search,2026-06-08T00:46:43.227823+00:00,10,"/Dermocosmética/Packs/ /Dermocosmética/ /6/176/ /6/ Pack Promocional NSOC0787021CO, NSOC0812521CO, NSOC1364522CO Dermohelp Serum de Niacinamida + Seboreductyl: Aplicar 2 a 3 gotas sobre el rostro limpio, mañana y noche. Masajear suavemente con las yemas de los dedos, realizando movimientos ascendentes desde el centro hacia los bordes del rostro hasta su completa absorción. Puede extenderse también en cuello y escote (1 a 2 gotas adicionales) para un tratamiento integral. Usar antes de la crema hidratante o protector solar (de día). Dermohelp Hydroage Crema Hidratante: Aplicar una pequeña cantidad sobre el rostro limpio, mañana y noche. Extender con las yemas de los dedos realizando movimientos ascendentes desde el centro hacia los bordes del rostro hasta su completa absorción. Usar después del jabón facial y los sérums de tratamiento. Durante el día, complementar con protector solar para proteger los resultados frente al daño solar. Dermohelp Jabón Facial Detox con Carbón Activado: Lavarse las manos antes de lavarse la cara. Humedece tu rostro con agua tibia. Aplica una pequeña cantidad del Jabón Facial Détox en las manos, emulsiona hasta formar espuma y masajea suavemente rostro, cuello y escote en movimientos circulares. Enjuaga con abundante agua y seca (con paño o toalla limpia) sin frotar. Utilízalo mañana y noche como el primer paso de tu rutina. Dermohelp Serum de Niacinamida + Seboreductyl: Uso externo exclusivamente. Evitar el contacto directo con los ojos. En caso de irritación, suspender su uso y consultar al dermatólogo. Mantener fuera del alcance de los niños. Dermohelp Hydroage Crema Hidratante: Solo para uso externo. Evitar el contacto con los ojos y mucosas. No utilizar en caso de hipersensibilidad a alguno de sus componentes. Si se presenta irritación, suspender su uso y consultar a un especialista. Mantener fuera del alcance de los niños y conservar en un lugar fresco y seco. Dermohelp Jabón Facial Detox con Carbón Activado: carbón activado, limpieza profunda, piel grasa, piel mixta, ácido salicílico, control de brillo, poros, detox, gel facial, Seboreductyl, extractos frutales, pantenol, rutina facial, dermocosmética, purificante, vegano, no testeado en animales, piel fresca, limpiador facial, skincare Presentación Registro Sanitario Modo de uso Precauciones y Contraindicaciones No Producto a Pedido Presentación Registro Sanitario Modo de uso Precauciones y Contraindicaciones Producto a Pedido Campos Auxiliares Highlight Dermohelp Serum de Niacinamida + Seboreductyl: El sérum de Niacinamida + Seboreductyl de Dermohelp está pensado para pieles mixtas y grasas que buscan un acabado más equilibrado. Su fórmula puede contribuir a mejorar la apariencia del brillo, del sebo y de los poros, dejando la piel con una sensación más uniforme y mate. Incluye niacinamida, pantenol y vitamina E, ingredientes que ayudan a mantener el confort cutáneo y complementar el cuidado diario. Dermohelp Hydroage Crema Hidratante: Crema hidratante en textura gel, ligera y de rápida absorción, formulada con ácido hialurónico, silicio orgánico, vitamina E y pantenol. Su fórmula puede ayudar a mantener la piel hidratada durante el día, aportar suavidad y favorecer la elasticidad. Su uso regular contribuye a una apariencia más uniforme, flexible y saludable, sin sensación grasosa. Dermohelp Jabón Facial Detox con Carbón Activado: Jabón facial en gel formulado con carbón activado y agentes limpiadores suaves que ayudan a remover impurezas, desobstruir poros y retirar el exceso de grasa sin dejar sensación de resequedad. Su combinación con ácido salicílico, Seboreductyl y extractos frutales puede contribuir a mejorar la apariencia de puntos negros y controlar el brillo. Recomendado para piel mixta a grasa.",vtex_spec_or_regex,false_no_component_match
Farmacia Universal,Warmi Cápsulas - Caja 90 und,Warmi Cápsulas 90 und Precio + Delivery Gratis,PNN0982,145.80,PEN,available,https://www.farmaciauniversal.com/warmi-capsulas-caja-90-und/p,11437,Warmi,vtex_catalog_search,2026-06-08T00:46:43.228581+00:00,10,"/Vitaminas y Suplementos/Multivitamínicos/Menopausia/ /Vitaminas y Suplementos/Multivitamínicos/ /Vitaminas y Suplementos/ /1/344/358/ /1/344/ /1/ Caja 90 und PNN0982 Warmi cápsulas puede tomarse 3 veces al día, después de los alimentos. El tiempo para tomarlo habitualmente es de 1 a 2 años, dependiendo de cuánto le duren los síntomas agudos de la menopausia. Las contraindicaciones para este suplemento incluyen situaciones de alergia conocida a alguno de sus componentes, embarazo o lactancia sin previa consulta médica, y condiciones médicas preexistentes que podrían interactuar negativamente con los ingredientes del suplemento. Se recomienda encarecidamente consultar a un profesional de la salud antes de iniciar el uso de este producto, especialmente si se tienen condiciones médicas subyacentes o se están tomando otros medicamentos. Antes de iniciar el uso de este suplemento, consultar con un profesional de la salud, especialmente si hay condiciones médicas preexistentes, embarazo o lactancia. Se debe evitar su consumo en caso de alergia conocida a alguno de sus componentes. Si se están tomando medicamentos recetados, es importante informar al médico para evitar posibles interacciones. Mujeres embarazadas o lactantes deben obtener la aprobación médica antes de usarlo. Cualquier efecto secundario inesperado debe ser reportado, y se recomienda seguir estrictamente la dosis indicada. Este suplemento no reemplaza una dieta equilibrada y debe almacenarse adecuadamente, lejos del alcance de niños y mascotas. Estas precauciones buscan asegurar un uso seguro y efectivo del suplemento. Presentación Registro Sanitario Modo de uso Precauciones y Contraindicaciones No Producto a Pedido 1 Presentación Registro Sanitario Modo de uso Precauciones y Contraindicaciones Producto a Pedido Stock Security Campos Auxiliares Highlight Stock Security Con B-sitosterol, glucosinolatos y citroflavonoides. Alivia los síntomas menopáusicos, reduciendo bochornos. Disminuye el riesgo cardiovascular. Previene la osteoporosis.",vtex_spec_or_regex,false_no_component_match
Farmacia Universal,Medihealth Cetopic Vitamina C 22% Serum - Frasco 30 ml,Medihealth Cetopic Vitamina C 22% Serum 30 ml Precio + Delivery Gratis,NSOC9531019CO,139.90,PEN,unavailable,https://www.farmaciauniversal.com/medihealth-cetopic-vitamina-c-22-porciento-serum-frasco-30-ml/p,25132,Medihealth,vtex_catalog_search,2026-06-08T00:46:43.228864+00:00,,"/Dermocosmética/Serums y Ampollas/Antipigmentación/ /Dermocosmética/Serums y Ampollas/ /Dermocosmética/ /6/174/198/ /6/174/ /6/ Frasco 30 ml NSOC9531019CO Aplicar una vez al día sobre la piel limpia y seca, preferentemente por la noche. Dispensar Cetopic Serum sobre la palma de la mano y aplicar con la yema de los dedos sobre rostro, cuello y escote. Usar protector solar durante el día. Para uso externo únicamente. Evitar el contacto con los ojos o mucosas, en caso de contacto enjuague abundantemente con agua. Almacenar a una temperatura ambiente inferior a 30°C. Manténgase fuera del alcance de los niños. Si observa alguna reacción desfavorable, suspenda su uso y consulte al médico. Consultar otras precauciones y advertencias contenidas en el inserto de este producto. Presentación Registro Sanitario Modo de uso Precauciones y Contraindicaciones No Producto a Pedido 0 Presentación Registro Sanitario Modo de uso Precauciones y Contraindicaciones Producto a Pedido Stock Security Campos Auxiliares Highlight Stock Security Cetopic Serum es una fórmula de activos en muy alta concentración (Vitamina C 22%) que brinda beneficios frente a la hiperpigmentación (manchas oscuras), pérdida de firmeza y elasticidad de la piel, previniendo el envejecimiento prematuro.",vtex_spec_or_regex,false_no_component_match
Farmacia Universal,Deferol 7000 UI Cápsulas Blandas - Caja 4 und,Deferol 7000 UI Cápsulas Blandas 4 und,EE08069,52.00,PEN,unavailable,https://www.farmaciauniversal.com/deferol-7000-ui-capsulas-blandas-caja-4-und/p,23989,Unimed,vtex_catalog_search,2026-06-08T00:46:43.229048+00:00,,/Vitaminas y Suplementos/Vitaminas/Vitamina D/ /Vitaminas y Suplementos/Vitaminas/ /Vitaminas y Suplementos/ /1/343/348/ /1/343/ /1/ Caja 4 und Vitamina D3 7000 UI EE08069 Presentación Principio Activo Registro Sanitario No Producto a Pedido 0 Presentación Principio Activo Registro Sanitario Producto a Pedido Stock Security Campos Auxiliares Highlight Stock Security,vtex_spec_or_regex,false_no_component_match
Farmacia Universal,Ocu Caps Forte NF Cápsulas Blandas - Caja 30 und,Ocu Caps Forte NF Cápsulas Blandas 30 und Precio + Delivery Gratis,DN0415,77.10,PEN,unavailable,https://www.farmaciauniversal.com/ocu-caps-forte-nf-capsulas-blandas-caja-30-und/p,16415,Medivisión,vtex_catalog_search,2026-06-08T00:46:43.229272+00:00,,"/Vitaminas y Suplementos/Multivitamínicos/Oftálmicos/ /Vitaminas y Suplementos/Multivitamínicos/ /Vitaminas y Suplementos/ /1/344/356/ /1/344/ /1/ Caja 30 und DN0415 Tomar 1 cápsula diaria. Contraindicado en caso de hipersensibilidad a cualquiera de sus componentes. En caso de embarazo, consulte con su médico. No exceder de la dosis recomendada. Presentación Registro Sanitario Modo de uso Precauciones y Contraindicaciones No Producto a Pedido 1 Presentación Registro Sanitario Modo de uso Precauciones y Contraindicaciones Producto a Pedido Stock Security Campos Auxiliares Highlight Stock Security Ocu Caps Forte NF, en su formato de cápsulas blandas, se presenta como un suplemento multivitamínico con minerales diseñado para fortalecer la salud ocular. Su fórmula equilibrada incluye vitaminas esenciales, como A, B2, C y E, junto con minerales cruciales como Zinc, Selenio, Magnesio y Cobre. Esta combinación proporciona un respaldo nutricional completo para mejorar la función visual y preservar la salud general del sistema ocular.",vtex_spec_or_regex,false_no_component_match
Farmacia Universal,Pack Cellskinlab AOX C15 Serum 2 und 15 ml c/u + Face UV Protect 40 ml,Pack Cellskinlab AOX C15 Serum 15 ml + Face UV Protect 40 ml Precio + Delivery Gratis,"NSOC2829216PE, NSOC3332117PE",415.70,PEN,unavailable,https://www.farmaciauniversal.com/pack-cellskinlab-aox-c15-serum-15-ml-face-uv-protect-40-ml/p,99284,Cellskinlab,vtex_catalog_search,2026-06-08T00:46:43.231235+00:00,,"/Dermocosmética/Packs/ /Dermocosmética/ /6/176/ /6/ Pack Promocional NSOC2829216PE, NSOC3332117PE Cellskinlab AOX C15 Serum: Aplicar Serum AOX C15 en la mañana 3 a 4 gotas en rostro, cuello y escote sobre la piel limpia y seca. Ideal para piel normal y piel sensible. Cellskinlab Face UV Protect Protector Solar SPF50: Aplicar Face UV Protect cada mañana en las zonas expuestas al sol. Se recomienda aplicar uniformemente antes de exponerse al sol. Reaplicar en el día cada 2 horas para mantener una protección solar adecuada. Cellskinlab AOX C15 Serum: No utilizar en personas alérgicas alguno de sus componentes. En las primeras aplicaciones pudiera sentir sensación de hormigueo en la piel (es normal por diferencia de pH del producto con la piel), si esto persiste, la piel se enrojece o inflama discontinuar su uso. Puede manchar la ropa de color claro lo que se elimina con el lavado. Sólo para uso externo. No utilizar en contorno de ojos. Almacenar protegido del calor y de la luz. Cellskinlab Face UV Protect Protector Solar SPF50: Solo para uso externo. En caso de contacto con ojos lavar con abundante agua. Si presenta alguna molestia asociada al producto suspender su uso. Almacenar en un lugar fresco y protegido de la luz. Presentación Registro Sanitario Modo de uso Precauciones y Contraindicaciones No Producto a Pedido Presentación Registro Sanitario Modo de uso Precauciones y Contraindicaciones Producto a Pedido Campos Auxiliares Highlight Cellskinlab AOX C15 Serum Frasco 15 ml Serum antioxidante con Citamina C al 15% que evita en forma eficaz los efectos del fotoenvejecimiento. Con Serum AOX C15, tu piel lucirá con menos arrugas, más radiante, con mayor luminosidad y más sana. En su formulación contiene Vitamina C pura al 15% que protege frente al daño producido por los radicales libres generados la radiación UV, y estimula la producción de colágeno. Su PH de 3.5 asegura la mejor absorción del producto en la piel. Cellskinlab Face UV Protect Protector Solar SPF50 Tubo 40 ml Protector solar anti age para el cuidado del rostro. Disminuye los efectos dañinos de los rayos UV (UVB, UVA, IR+, Luz Visible y HEV), ayudando a evitar los signos del fotoenvejecimiento acelerado de la piel. Composición: Physalis Angulata Extract (protege la piel frente al infrarrojo e invisible), Aceite de Girasol (antioxidante y emoliente) y Homosolate (filtro químico con protección UV).",vtex_spec_or_regex,false_no_component_match
Farmacia Universal,Oseoduran 500 + D3 Sobres - Caja 30 und,Oseoduran 500 + D3 Sobres 30 und Precio + Delivery Gratis,DN0163,85.20,PEN,unavailable,https://www.farmaciauniversal.com/oseoduran-500-d3-sobres-caja-30-und/p,10881,Deutsche Pharma,vtex_catalog_search,2026-06-08T00:46:43.231478+00:00,,/Vitaminas y Suplementos/Minerales y Otros/Calcio/ /Vitaminas y Suplementos/Minerales y Otros/ /Vitaminas y Suplementos/ /1/10/16/ /1/10/ /1/ Caja 30 und DN0163 Dosis recomendada: 1 sobre diario. Disolver el contenido del sobre en un vaso con agua. La absorción de calcio puede disminuir en pacientes con aclorhidria o hipoclorhidria a menos que el suplemento sea ingerido con comidas. Consulte a su médico antes de tomar con digitálicos. Presentación Registro Sanitario Modo de uso Precauciones y Contraindicaciones No Producto a Pedido 0 Presentación Registro Sanitario Modo de uso Precauciones y Contraindicaciones Producto a Pedido Stock Security Campos Auxiliares Highlight Stock Security Suplemento de calcio con vitamina D3.,vtex_spec_or_regex,false_no_component_match
Farmacia Universal,Pack x 30 Pediasure Bebible Sabor Vainilla 220 ml c/u,Pack x 30 Pediasure Bebible Sabor Vainilla 220 ml c/u Precio + Delivery Gratis,I4550721ENAABLB,302.40,PEN,unavailable,https://www.farmaciauniversal.com/pack-x-30-pediasure-bebible-sabor-vainilla-220-ml-c-u/p,99245,Pediasure,vtex_catalog_search,2026-06-08T00:46:43.231730+00:00,,"/Cuidado Infantil/Nutrición Infantil/Fórmulas Infantiles/ /Cuidado Infantil/Nutrición Infantil/ /Cuidado Infantil/ /5/151/167/ /5/151/ /5/ Pack Promocional I4550721ENAABLB Listo para usar. AGITAR BIEN. Una vez abierto, tapar y refrigerar. Desechar si no se utiliza dentro de las 24 horas. Una vez abierto, tapar y refrigerar. Desechar si no se utiliza dentro de las 24 horas. Presentación Registro Sanitario Modo de uso Precauciones y Contraindicaciones No Producto a Pedido Presentación Registro Sanitario Modo de uso Precauciones y Contraindicaciones Producto a Pedido Campos Auxiliares Highlight PediaSure está recomendado para niños: Con patrones de crecimiento por debajo de los de su misma edad. Con requisitos nutricionales y calóricos incrementados. Con desnutrición o ingesta reducida de alimentos por disminución del apetito. Consulte a su médico acerca de las necesidades de alimentación específificas de su. hijo. Con 5 grupos de nutrientes que apoyan el crecimiento y desarrollo.",vtex_spec_or_regex,false_no_component_match
Farmacia Universal,Eucerin Hyaluron Filler 3x Effect Vitamin C Booster Serum - Frasco 8 ml,Eucerin Hyaluron Filler 3x Effect Vitamin C Booster Serum 8 ml Precio + Delivery Gratis,NSOC9062319CO,104.90,PEN,unavailable,https://www.farmaciauniversal.com/eucerin-hyaluron-filler-3x-effect-vitamin-c-booster-serum-frasco-8-ml/p,28728,Eucerin,vtex_catalog_search,2026-06-08T00:46:43.232009+00:00,,"/Dermocosmética/Serums y Ampollas/Antiedad/ /Dermocosmética/Serums y Ampollas/ /Dermocosmética/ /6/174/197/ /6/174/ /6/ Frasco 8 ml NSOC9062319CO Retira la lámina de aluminio de protección, pero deja el tapón puesto. Presiona el pulsador inferior 2 o 3 veces para liberar la vitamina C. Agita el dispensador durante al menos 10 segundos para activar la fórmula. Retire el tapón girándolo. Pon el recipiente boca abajo y presiona el pulsador inferior para liberar la fórmula. Uso externo. Evite el contacto con los ojos. Puede presentarse picazón/picor. Si observa alguna reacción desfavorable, irritación o sarpullido, suspenda su uso; si persiste, consulte a su médico. El Ácido Áscórbico puede aumentar la sensibilidad de la piel al sol y el riesgo de quemaduras solares. Mientras usa este producto: protéjase y limite la exposición al sol. Producto cosmético sin acción terapéutica. Mantener fuera del alcance de los niños. Presentación Registro Sanitario Modo de uso Precauciones y Contraindicaciones No Producto a Pedido 0 Presentación Registro Sanitario Modo de uso Precauciones y Contraindicaciones Producto a Pedido Stock Security Campos Auxiliares Highlight Stock Security Serum Anti-Edad. Con un 10% de Vitamina C pura y recién activada. Para todo tipo de piel. Fortalece y alisa la piel mientras rellena las arrugas. La piel luce más fresca y radiante en sólo siete días.",vtex_spec_or_regex,false_no_component_match
Farmacia Universal,Skeyndor Power C+ Serum Iluminador - Frasco 30 ml,Skeyndor Power C+ Serum Iluminador 30 ml Precio + Delivery Gratis,NSOC5865723PE,347.01,PEN,unavailable,https://www.farmaciauniversal.com/skeyndor-power-c-serum-iluminador-frasco-30-ml/p,28406,Skeyndor,vtex_catalog_search,2026-06-08T00:46:43.232282+00:00,,"/Dermocosmética/Serums y Ampollas/Antipigmentación/ /Dermocosmética/Serums y Ampollas/ /Dermocosmética/ /6/174/198/ /6/174/ /6/ Frasco 30 ml NSOC5865723PE Extender suavemente unas gotas sobre la piel limpia del rostro y escote. No aplicar en ojos ni mucosas. Usar una vez al día, preferentemente de noche. No aplicar en ojos ni mucosas. Usar una vez al día, preferentemente de noche. Presentación Registro Sanitario Modo de uso Precauciones y Contraindicaciones No Producto a Pedido 1 Presentación Registro Sanitario Modo de uso Precauciones y Contraindicaciones Producto a Pedido Stock Security Campos Auxiliares Highlight Stock Security Serum con triple acción antioxidante con vitamina C y extracto de granada y açaí que actúa como escudo contra el foto envejecimiento cutáneo y aporta un intenso “efecto luz” sobre el rostro.",vtex_spec_or_regex,false_no_component_match
Farmacia Universal,Pack x 20 Pediasure Bebible Sabor Vainilla 220 ml c/u,Pack x 20 Pediasure Bebible Sabor Vainilla 220 ml c/u Precio + Delivery Gratis,I4550721ENAABLB,224.00,PEN,unavailable,https://www.farmaciauniversal.com/pack-x-20-pediasure-bebible-sabor-vainilla-220-ml-c-u/p,99272,Pediasure,vtex_catalog_search,2026-06-08T00:46:43.232558+00:00,,"/Cuidado Infantil/Nutrición Infantil/Fórmulas Infantiles/ /Cuidado Infantil/Nutrición Infantil/ /Cuidado Infantil/ /5/151/167/ /5/151/ /5/ Pack Promocional I4550721ENAABLB Listo para usar. AGITAR BIEN. Una vez abierto, tapar y refrigerar. Desechar si no se utiliza dentro de las 24 horas. Una vez abierto, tapar y refrigerar. Desechar si no se utiliza dentro de las 24 horas. Presentación Registro Sanitario Modo de uso Precauciones y Contraindicaciones No Producto a Pedido Vainilla Sabor Presentación Registro Sanitario Modo de uso Precauciones y Contraindicaciones Producto a Pedido Sabor Campos Auxiliares Highlight Filtros PediaSure está recomendado para niños: Con patrones de crecimiento por debajo de los de su misma edad. Con requisitos nutricionales y calóricos incrementados. Con desnutrición o ingesta reducida de alimentos por disminución del apetito. Consulte a su médico acerca de las necesidades de alimentación específificas de su. hijo. Con 5 grupos de nutrientes que apoyan el crecimiento y desarrollo.",vtex_spec_or_regex,false_no_component_match
Farmacia Universal,Osteovit Junior Suspensión Oral Sabor Plátano - Frasco 180 ml,Osteovit Junior Suspensión Oral Sabor Plátano 180 ml Precio + Delivery Gratis,DN0122,40.00,PEN,unavailable,https://www.farmaciauniversal.com/osteovit-junior-suspension-oral-sabor-platano-frasco-180-ml/p,11442,Hersil,vtex_catalog_search,2026-06-08T00:46:43.232897+00:00,,"/Vitaminas y Suplementos/Minerales y Otros/Calcio/ /Vitaminas y Suplementos/Minerales y Otros/ /Vitaminas y Suplementos/ /1/10/16/ /1/10/ /1/ Frasco 180 ml DN0122 Vía oral. Para adultos y niños con un peso superior a 40 kg: la dosis recomendada es de 1,5-3 g al día en dosis equivalentes, con un máximo de 6 g al día. En el caso de la enfermedad de Lyme en su estadio 1, la dosis es de 4 g al día durante 10-21 días, y en el estadio 2, la dosis es de 6 g al día durante 10-30 días. Para infecciones por Helicobacter pylori, se sugiere una dosis de 750 mg a 1 g, dos veces al día, junto con otros antibióticos y un inhibidor de bomba de protones, durante 7 días. En el caso de cistitis simple en mujeres, la dosis única recomendada es de 3 g. Hipercalcemia primaria o secundaria, hipercalciuria o riesgo incrementado de formación de litiasis renal, sarcoidosis, insuficiencia renal cronica, hiperdistrofia renal con hiperfosfatemia. Diabetes, gota. Arteriosclerosis o disfunción cardiaca, riesgo de hipercalcemia e hipercolesterolemia. Deshidratación y otros desequilibrios electrolíticos, riesgo de hipercalcemia, hiperpotasemia, etc. Preparaciones con ác. fólico, descartar anemia perniciosa; con Fe y dosis altas de nicotinamida, pueden activar úlcera péptica y agravar enf. hepática; con Mg, en apendicitis o síntomas de la misma, aumenta el riesgo de perforación; con ác. ascórbico, en pacientes con I.R. se pueden formar cálculos. Concomitancia con antiparkinsonianos (levodopa); embarazo: máx. 5.000 UI/día de vit. A.Conservar en lugar fresco y seco , entre 15 °C y 30 °C. Presentación Registro Sanitario Modo de uso Precauciones y Contraindicaciones No Producto a Pedido 0 Presentación Registro Sanitario Modo de uso Precauciones y Contraindicaciones Producto a Pedido Stock Security Campos Auxiliares Highlight Stock Security Osteovit® Junior está indicado para el tratamiento de aquellos procesos en los cuales sea necesario un aporte adicional de calcio y vitamina D.",vtex_spec_or_regex,false_no_component_match
Farmacia Universal,Pack Cellskinlab Hydra Gel B3&B5 Serum 15 ml + AOX C15 Serum 15 ml + Face UV Protect 40 ml,Pack Cellskinlab Hydra Gel B3&B5 Serum 15 ml + AOX C15 Serum 15 ml + Face UV Protect 40 ml Precio + Delivery Gratis,"NSOC0281216PE, NSOC2829216PE, NSOC3332117PE",409.70,PEN,unavailable,https://www.farmaciauniversal.com/pack-cellskinlab-hydra-gel-b3b5-serum-15-ml-aox-c15-serum-15-ml-face-uv-protect-40-ml/p,99280,Cellskinlab,vtex_catalog_search,2026-06-08T00:46:43.233839+00:00,,"/Dermocosmética/Packs/ /Dermocosmética/ /6/176/ /6/ Pack Promocional NSOC0281216PE, NSOC2829216PE, NSOC3332117PE Cellskinlab Hydra Gel B3&B5 Serum: Aplicar Hydra Gel B3 & B5 en la mañana y en la noche 3 a 4 gotas en rostro, cuello y escote después de un serum antioxidante Cellskinlab. Ideal para todo tipo de piel. Cellskinlab AOX C15 Serum: Aplicar Serum AOX C15 en la mañana 3 a 4 gotas en rostro, cuello y escote sobre la piel limpia y seca. Ideal para piel normal y piel sensible. Cellskinlab Face UV Protect Protector Solar SPF50: Aplicar Face UV Protect cada mañana en las zonas expuestas al sol. Se recomienda aplicar uniformemente antes de exponerse al sol. Reaplicar en el día cada 2 horas para mantener una protección solar adecuada. Cellskinlab Hydra Gel B3&B5 Serum: Sólo para uso externo. No utilizar en personas alérgicas a uno de sus componentes. Almacenar protegido del calor y de la luz extrema. Cuando se utiliza con un serum que contenga vitamina C (SERUM AOX C15, SERUM AOX C& E, SERUM AOX C&AHA) aplicarlo 10 a 15 min despuésdel serum devitamina C. Cellskinlab AOX C15 Serum: No utilizar en personas alérgicas alguno de sus componentes. En las primeras aplicaciones pudiera sentir sensación de hormigueo en la piel (es normal por diferencia de pH del producto con la piel), si esto persiste, la piel se enrojece o inflama discontinuar su uso. Puede manchar la ropa de color claro lo que se elimina con el lavado. Sólo para uso externo. No utilizar en contorno de ojos. Almacenar protegido del calor y de la luz. Cellskinlab Face UV Protect Protector Solar SPF50: Solo para uso externo. En caso de contacto con ojos lavar con abundante agua. Si presenta alguna molestia asociada al producto suspender su uso. Almacenar en un lugar fresco y protegido de la luz. Presentación Registro Sanitario Modo de uso Precauciones y Contraindicaciones No Producto a Pedido Presentación Registro Sanitario Modo de uso Precauciones y Contraindicaciones Producto a Pedido Campos Auxiliares Highlight Cellskinlab Hydra Gel B3&B5 Serum Frasco 15 ml Suero gel súper hidratante para regenerar y restaurar la piel. Hydra Gel B3 & B5, es un suero gel que hidrata naturalmente la piel, indicado para usar en personas de todas las edades y todo tipo de piel. Gracias a la acción del ácido hialurónico de alta pureza, Vitamina B5 y Vitamina B3, regenera y restaura la piel, recuperando un aspecto joven, sano y luminoso. Es un emoliente que proporciona nutrición a la piel. Cellskinlab AOX C15 Serum Frasco 15 ml Serum antioxidante con Citamina C al 15% que evita en forma eficaz los efectos del fotoenvejecimiento. Con Serum AOX C15, tu piel lucirá con menos arrugas, más radiante, con mayor luminosidad y más sana. En su formulación contiene Vitamina C pura al 15% que protege frente al daño producido por los radicales libres generados la radiación UV, y estimula la producción de colágeno. Su PH de 3.5 asegura la mejor absorción del producto en la piel. Cellskinlab Face UV Protect Protector Solar SPF50 - Tubo 40 ml Protector solar anti age para el cuidado del rostro. Disminuye los efectos dañinos de los rayos UV (UVB, UVA, IR+, Luz Visible y HEV), ayudando a evitar los signos del fotoenvejecimiento acelerado de la piel. Composición: Physalis Angulata Extract (protege la piel frente al infrarrojo e invisible), Aceite de Girasol (antioxidante y emoliente) y Homosolate (filtro químico con protección UV).",vtex_spec_or_regex,false_no_component_match
Farmacia Universal,Maxucal D 400 UI Comprimidos - Caja 60 und,Maxucal D 400 UI Comprimidos 60 und Precio + Delivery Gratis,DN0135,126.60,PEN,unavailable,https://www.farmaciauniversal.com/maxucal-d-400-ui-comprimidos-caja-60-und/p,11040,Abbott Pharma,vtex_catalog_search,2026-06-08T00:46:43.234536+00:00,,"/Vitaminas y Suplementos/Multivitamínicos/Osteoarticulares/ /Vitaminas y Suplementos/Multivitamínicos/ /Vitaminas y Suplementos/ /1/344/354/ /1/344/ /1/ Caja 60 und DN0135 Generalmente se recomienda tomar un comprimido al día, acompañado de alimentos para favorecer su absorción, aunque la dosis puede variar según la indicación médica. No debe masticarse. La duración del tratamiento debe ser determinada por un profesional de la salud, especialmente si se utiliza como apoyo en condiciones específicas como osteoporosis. No debe usarse en pacientes con hipersensibilidad a alguno de sus componentes, hipercalcemia, hipercalciuria, cálculos renales de calcio, deshidratación o trastornos de absorción intestinal severos. Se debe administrar con precaución en personas con insuficiencia renal, sarcoidosis o en tratamiento con otros suplementos o medicamentos que contengan calcio o vitamina D. La suplementación prolongada sin control puede derivar en hipercalcemia (exceso de calcio en sangre) o hipercalciuria (exceso de calcio en orina). No superar la dosis diaria recomendada, salvo indicación médica. Mantener fuera del alcance de los niños. Presentación Registro Sanitario Modo de uso Precauciones y Contraindicaciones No Producto a Pedido 0 Presentación Registro Sanitario Modo de uso Precauciones y Contraindicaciones Producto a Pedido Stock Security Campos Auxiliares Highlight Stock Security Maxucal D 400 UI es un suplemento oral que combina calcio y vitamina D3, está formulado para apoyar el mantenimiento de huesos y dientes en condiciones normales, así como para contribuir a una adecuada función muscular. Se recomienda su uso en casos de deficiencias de calcio y vitamina D, como parte de un tratamiento preventivo o complementario en personas con requerimientos elevados. No reemplaza una alimentación equilibrada ni el tratamiento médico en caso de patologías óseas.",vtex_spec_or_regex,false_no_component_match
Farmacia Universal,Collagen Plus en Polvo Sabor Frutos Rojos - Frasco 500 g,Collagen Plus en Polvo Sabor Frutos Rojos 500 g Precio + Delivery Gratis,P2968922NNAATRD,109.90,PEN,unavailable,https://www.farmaciauniversal.com/collagen-plus-en-polvo-sabor-frutos-rojos-frasco-500-g/p,29360,Power Factor,vtex_catalog_search,2026-06-08T00:46:43.234963+00:00,,"/Vitaminas y Suplementos/Minerales y Otros/Colágenos/ /Vitaminas y Suplementos/Minerales y Otros/ /Vitaminas y Suplementos/ /1/10/323/ /1/10/ /1/ Frasco 500 g P2968922NNAATRD Se recomienda mezclar 1 cucharada y media (15 g) en un vaso (250 ml) de agua y agitar enérgicamente, luego consumo directo. Para beber. Una vez abierto el envase, mantenerlo cerrado de manera hermética. Incluye cuchara medidora. No consumir en caso de: fenilcetonuria, hiperuricemia, insuficiencia renal o hepática o personas con hipersensibilidad a los ingredientes de la fórmula. Consulte a su médico en caso de personas menores de 12 años, mujeres embarazadas y lactantes. Consérvese en un lugar fresco y seco. Presentación Registro Sanitario Modo de uso Precauciones y Contraindicaciones No Producto a Pedido 1 Presentación Registro Sanitario Modo de uso Precauciones y Contraindicaciones Producto a Pedido Stock Security Campos Auxiliares Highlight Stock Security Colágeno hidrolizado con cartílago de tiburón sabor frutos rojos “Collagen Plus”, es un polvo homogéneo y uniforme, que al ser diluido con agua presentará una solución acuosa de agradable sabor. El cartílago de tiburón es conocido por su uso en el tratamiento para el cáncer, se utiliza también para tratar la artritis, psoriasis, cicatrización de las heridas; es decir, ya el colágeno que tiene la función de elasticidad en la piel y mejora en articulaciones, en conjunto con el cartílago de tiburón (alto en glucosamina y condroitina) más la acción de la vitamina C para la mejor absorción por el organismo van a armar una dosis para regenerar las articulaciones y mejorar problemas en las articulaciones. Principalmente está hecha a base de harina de camu camu, la cual es conocida por su alto contenido natural de vitamina C. Es un producto con colágeno hidrolizado para la mejor absorción en un perfecto equilibrio con la vitamina C y hacer así más efectiva la absorción de lo mencionado. Libre de materias extrañas. Producto apto para intolerantes a la lactosa y celíacos. Este producto es elaborado bajo las mejores condiciones de buenas prácticas de manipulación y con el seguimiento estricto de las normas y reglamentos técnicos sanitarios vigentes.",vtex_spec_or_regex,false_no_component_match
Farmacia Universal,Hersil Ácido Fólico 0.5 mg Tabletas - Caja 30 und,Hersil Ácido Fólico 0.5 mg Tabletas 30 und Precio + Delivery Gratis,DN0414,6.60,PEN,unavailable,https://www.farmaciauniversal.com/hersil-acido-folico-05-mg-tabletas-caja-30-und/p,11472,Hersil,vtex_catalog_search,2026-06-08T00:46:43.235635+00:00,,"/Vitaminas y Suplementos/Vitaminas/Vitamina B/ /Vitaminas y Suplementos/Vitaminas/ /Vitaminas y Suplementos/ /1/343/346/ /1/343/ /1/ Caja 30 und DN0414 Vía de administración oral. No ingerir > 1 mg/día, sino es bajo prescripción y descartando una anemia por déficit de vit. B12 en el caso de mujeres gestantes sin antecedentes de defecto neural, ya que puede enmascarar síntomas de anemia perniciosa, por esta razón tampoco debe administrarse en anemia cuya etiología sea desconocida. Presentación Registro Sanitario Modo de uso Precauciones y Contraindicaciones No Producto a Pedido 1 Presentación Registro Sanitario Modo de uso Precauciones y Contraindicaciones Producto a Pedido Stock Security Campos Auxiliares Highlight Stock Security Suplemento dietético. ácido fólico 0.5 mg.",vtex_spec_or_regex,false_no_component_match
Farmacia Universal,Skeyndor Power C+ Contorno de Ojos - Frasco 15 ml,Skeyndor Power C+ Contorno de Ojos 15 ml Precio + Delivery Gratis,NSOC5777623PE,200.89,PEN,unavailable,https://www.farmaciauniversal.com/skeyndor-power-c-contorno-de-ojos-frasco-15-ml/p,28405,Skeyndor,vtex_catalog_search,2026-06-08T00:46:43.235841+00:00,,/Dermocosmética/Hidratación Facial/Contorno de Ojos/ /Dermocosmética/Hidratación Facial/ /Dermocosmética/ /6/170/183/ /6/170/ /6/ Frasco 15 ml NSOC5777623PE Aplicar una pequeña cantidad de producto alrededor de los ojos realizando un suave masaje de dentro hacia fuera. No aplicar en ojos ni mucosas. Presentación Registro Sanitario Modo de uso Precauciones y Contraindicaciones No Producto a Pedido Presentación Registro Sanitario Modo de uso Precauciones y Contraindicaciones Producto a Pedido Campos Auxiliares Highlight Gel cremoso para el contorno de ojos con vitamina C de alta absorción y extracto de granada. Tratamiento descongestivo con una combinación antioxidante para un efecto luz más radiante.,vtex_spec_or_regex,false_no_component_match
Farmacia Universal,Skeyndor Power C+ Crema Energizante SPF15 - Pote 15 ml,Skeyndor Power C+ Crema Energizante SPF15 15 ml Precio + Delivery Gratis,NSOC5949923PE,296.83,PEN,unavailable,https://www.farmaciauniversal.com/skeyndor-power-c-crema-energizante-spf15-pote-15-ml/p,28385,Skeyndor,vtex_catalog_search,2026-06-08T00:46:43.236050+00:00,,"/Dermocosmética/Hidratación Facial/Cremas Hidratantes/ /Dermocosmética/Hidratación Facial/ /Dermocosmética/ /6/170/180/ /6/170/ /6/ Pote 15 ml NSOC5949923PE Después de la limpieza habitual, extender una pequeña cantidad de crema energizante mediante suaves movimientos circulares. No aplicar en ojos ni mucosas. No aplicar en ojos ni mucosas. Presentación Registro Sanitario Modo de uso Precauciones y Contraindicaciones No Producto a Pedido Presentación Registro Sanitario Modo de uso Precauciones y Contraindicaciones Producto a Pedido Campos Auxiliares Highlight Crema antioxidante de día que aporta un efecto luz sobre la piel. Formulada con vitamina C de alta absorción y extracto de granada, una combinación antioxidante para un efecto luz más radiante.",vtex_spec_or_regex,false_no_component_match
Farmacia Universal,Skeyndor Power C+ Emulsión Energizante - Pote 15 ml,Skeyndor Power C+ Emulsión Energizante 15 ml Precio + Delivery Gratis,NSOC5808523PE,296.83,PEN,unavailable,https://www.farmaciauniversal.com/skeyndor-power-c-emulsion-energizante-pote-15-ml/p,28384,Skeyndor,vtex_catalog_search,2026-06-08T00:46:43.236511+00:00,,"/Dermocosmética/Hidratación Facial/Cremas Hidratantes/ /Dermocosmética/Hidratación Facial/ /Dermocosmética/ /6/170/180/ /6/170/ /6/ Pote 15 ml NSOC5808523PE Después de la limpieza habitual, extender una pequeña cantidad de emulsión facial mediante suaves movimientos circulares. No aplicar en ojos ni mucosas. No aplicar en ojos ni mucosas. Presentación Registro Sanitario Modo de uso Precauciones y Contraindicaciones No Producto a Pedido 1 Presentación Registro Sanitario Modo de uso Precauciones y Contraindicaciones Producto a Pedido Stock Security Campos Auxiliares Highlight Stock Security Emulsión facial con vitamina C de alta absorción y extracto de granada, combinación antioxidante para un efecto luz más radiante. Formulado para iluminar y unificar el tono de la piel.",vtex_spec_or_regex,false_no_component_match
Farmacia Universal,Neuromega + D3 2750 mg Solución Oral Sabor Limón - Frasco 150 ml,Neuromega + D3 2750 mg Solución Oral Sabor Limón 150 ml Precio + Delivery Gratis,DE5706,195.01,PEN,unavailable,https://www.farmaciauniversal.com/neuromega-d3-2750-mg-solucion-oral-sabor-limon-frasco-150-ml/p,32337,Alterra Herbasanté,vtex_catalog_search,2026-06-08T00:46:43.236786+00:00,,"/Vitaminas y Suplementos/Minerales y Otros/Omega 3/ /Vitaminas y Suplementos/Minerales y Otros/ /Vitaminas y Suplementos/ /1/10/324/ /1/10/ /1/ Frasco 150 ml DHA 2750 mg, EPA, 250 mg, Vitamina D3 25 mcg DE5706 Niños de 14 a 18 años, 3/4 cucharadita (3.75 ml) al día con las comidas. Adultos, 1 cucharadita (5 ml) al día con las comidas. Agitar bien antes de consumir. Mantener fuera del alcance de los niños. Una vez abierto, conservar refrigerado. No superar la dosis diaria recomendada. No sustituye una dieta equilibrada. Descontinuar su uso y consultar con un profesional de salud si se presentan síntomas inusuales. En caso de embarazo, lactancia o si se está considerando un embarazo, consultar previamente con un profesional de salud. Presentación Principio Activo Registro Sanitario Modo de uso Precauciones y Contraindicaciones No Producto a Pedido 1 Presentación Principio Activo Registro Sanitario Modo de uso Precauciones y Contraindicaciones Producto a Pedido Stock Security Campos Auxiliares Highlight Stock Security Neuromega + D3 es un suplemento alimenticio en solución oral que combina DHA, EPA y vitamina D3, presentado en sabor limón. Está diseñado para complementar la alimentación diaria con nutrientes asociados al desarrollo y mantenimiento del organismo, formando parte de una rutina nutricional en diferentes etapas.",vtex_spec_or_regex,false_no_component_match
Farmacia Universal,Neurobion DC 10 000 Solución Inyectable Jeringas Prellenadas - Caja 3 und,Neurobion DC 10 000 Solución Inyectable Jeringas Prellenadas 3 und,EE07833,150.81,PEN,unavailable,https://www.farmaciauniversal.com/neurobion-dc-10-000-solucion-inyectable-jeringas-prellenadas-caja-3-und/p,12593,Neurobion,vtex_catalog_search,2026-06-08T00:46:43.236987+00:00,,/Medicinas/Sistema Nervioso/Vitaminas Neuroprotectoras/ /Medicinas/Sistema Nervioso/ /Medicinas/ /2/416/432/ /2/416/ /2/ Caja 3 und EE07833 Presentación Registro Sanitario No Si No Producto a Pedido Requiere receta médica Requiere refrigeración 0 Presentación Registro Sanitario Producto a Pedido Requiere receta médica Requiere refrigeración Stock Security Campos Auxiliares Highlight Stock Security De venta con receta médica. Evite automedicarse. Usar según indicaciones de su médico tratante.,vtex_spec_or_regex,false_no_component_match
Farmacia Universal,Pediasure 10+ Bebible Sabor Vainilla - Frasco 220 ml,Pediasure 10+ Bebible Sabor Vainilla 220 ml Precio + Delivery Gratis,P2739424ENAABLB,9.80,PEN,unavailable,https://www.farmaciauniversal.com/pediasure-10-bebible-sabor-vainilla-frasco-220-ml/p,31077,Pediasure,vtex_catalog_search,2026-06-08T00:46:43.237253+00:00,,"/Cuidado Infantil/Nutrición Infantil/Fórmulas Infantiles/ /Cuidado Infantil/Nutrición Infantil/ /Cuidado Infantil/ /5/151/167/ /5/151/ /5/ Frasco 220 ml P2739424ENAABLB Este producto está listo para consumir. Agita bien el frasco antes de beber. Puede consumirse entre comidas como un aporte nutricional adicional. Si el envase está abierto, consérvalo refrigerado y úsalo dentro de las siguientes 24 horas. Debe usarse como complemento de una dieta equilibrada, no como sustituto de comidas completas. No administrar en casos de intolerancia detectada a alguno de sus ingredientes, como la galactosemia. Si existen condiciones médicas particulares o necesidades nutricionales específicas, se recomienda consultar previamente con un profesional de salud. Presentación Registro Sanitario Modo de uso Precauciones y Contraindicaciones No Producto a Pedido Vainilla Sabor 1 Presentación Registro Sanitario Modo de uso Precauciones y Contraindicaciones Producto a Pedido Sabor Stock Security Campos Auxiliares Highlight Filtros Stock Security Pediasure 10+ Bebible Sabor Vainilla es una bebida especialmente formulada para cubrir las necesidades nutricionales de adolescentes de entre 10 y 15 años, etapa en la que su cuerpo atraviesa el último periodo de crecimiento acelerado. Su fórmula incluye nutrientes clave como vitamina D, calcio, vitamina K2, arginina y zinc, que contribuyen al desarrollo saludable de huesos y músculos, así como a mantener la energía necesaria para las actividades diarias.",vtex_spec_or_regex,false_no_component_match
Farmacia Universal,Cellskinlab Hydra Gel B3&B5 Serum - Frasco 15 ml,Cellskinlab Hydra Gel B3&B5 Serum 15 ml Precio + Delivery Gratis,NSOC0281216PE,117.52,PEN,unavailable,https://www.farmaciauniversal.com/cellskinlab-hydra-gel-b3b5-serum-frasco-15-ml/p,5558,Cellskinlab,vtex_catalog_search,2026-06-08T00:46:43.237557+00:00,,"/Dermocosmética/Serums y Ampollas/Antiedad/ /Dermocosmética/Serums y Ampollas/ /Dermocosmética/ /6/174/197/ /6/174/ /6/ Frasco 15 ml NSOC0281216PE Aplicar Hydra Gel B3 & B5 en la mañana y en la noche 3 a 4 gotas en rostro, cuello y escote después de un serum antioxidante Cellskinlab. Ideal para todo tipo de piel. Sólo para uso externo. No utilizar en personas alérgicas a uno de sus componentes. Almacenar protegido del calor y de la luz extrema. Cuando se utiliza con un serum que contenga vitamina C (SERUM AOX C15, SERUM AOX C& E, SERUM AOX C&AHA) aplicarlo 10 a 15 min despuésdel serum devitamina C. Presentación Registro Sanitario Modo de uso Precauciones y Contraindicaciones No Producto a Pedido 1 Presentación Registro Sanitario Modo de uso Precauciones y Contraindicaciones Producto a Pedido Stock Security Campos Auxiliares Highlight Stock Security Suero gel súper hidratante para regenerar y restaurar la piel. Hydra Gel B3 & B5, es un suero gel que hidrata naturalmente la piel, indicado para usar en personas de todas las edades y todo tipo de piel. Gracias a la acción del ácido hialurónico de alta pureza, Vitamina B5 y Vitamina B3, regenera y restaura la piel, recuperando un aspecto joven, sano y luminoso. Es un emoliente que proporciona nutrición a la piel.",vtex_spec_or_regex,false_no_component_match
Farmacia Universal,La Roche Posay Pure Vitamin C10 Serum - Frasco 30 ml,La Roche Posay Pure Vitamin C10 Serum 30 ml Precio + Delivery Gratis,NSOC3793018PE,205.90,PEN,unavailable,https://www.farmaciauniversal.com/la-roche-posay-pure-vitamin-c10-serum-frasco-30-ml/p,23978,La Roche Posay,vtex_catalog_search,2026-06-08T00:46:43.237818+00:00,,"/Dermocosmética/Serums y Ampollas/Antipigmentación/ /Dermocosmética/Serums y Ampollas/ /Dermocosmética/ /6/174/198/ /6/174/ /6/ Frasco 30 ml NSOC3793018PE Aplícalo sobre el rostro y el cuello por la mañana. Evita el área de los ojos. Úsalo junto con un protector solar. Textura ligera de rápida absorción. Acabado aterciopelado no graso. Base de maquillaje óptima. Evitar el contacto con los ojos. Mantener fuera del alcance de los niños. En caso de alguna reacción no favorable, suspender su uso. Presentación Registro Sanitario Modo de uso Precauciones y Contraindicaciones No Producto a Pedido 0 Presentación Registro Sanitario Modo de uso Precauciones y Contraindicaciones Producto a Pedido Stock Security Campos Auxiliares Highlight Stock Security La Roche Posay Pure Vitamin C10 es un renovador antienvejecimiento único en alta concentración de vitamina C pura para iluminar y reafirmar la piel. Ácido salicílico, que incrementa la penetración de vitamina C para una mayor eficacia y neurosensina calmante. Todo ello formulado a un pH fisiológico, que lo hace apto incluso para una piel sensible.",vtex_spec_or_regex,false_no_component_match
Farmacia Universal,Enat Crema - Tubo 50 g,Enat Crema 50 g Precio + Delivery Gratis,NSOC0130009PE,58.00,PEN,unavailable,https://www.farmaciauniversal.com/enat-crema-tubo-50-g/p,29301,Mega We Care,vtex_catalog_search,2026-06-08T00:46:43.238068+00:00,,"/Medicinas/Cuidado Dermatológico/Cicatrizantes y Regeneradores/ /Medicinas/Cuidado Dermatológico/ /Medicinas/ /2/42/63/ /2/42/ /2/ Tubo 50 g NSOC0130009PE Aplicar la crema ENAT a cara, frente, alrededor de los ojos y el cuello, masajeando suavemente con la yema de los dedos con movimientos circular hacia arriba antes de acostarse. Uso de día y noche. No irrita la piel. No presenta al ser un cosmético Presentación Registro Sanitario Modo de uso Precauciones y Contraindicaciones No No No Producto a Pedido Requiere receta médica Requiere refrigeración 0 Presentación Registro Sanitario Modo de uso Precauciones y Contraindicaciones Producto a Pedido Requiere receta médica Requiere refrigeración Stock Security Campos Auxiliares Highlight Stock Security Enat crema es un hidratante tópico de composición natural, especialmente formulado para pacientes con xerosis. Con una fórmula enriquecida de vitamina E, vitamina A, aceite de jojoba y extracto de caléndula. Proporciona un cuidado natural y efectivo para la piel.",vtex_spec_or_regex,false_no_component_match
Farmacia Universal,Ácido Fólico 0.5 mg PT Tabletas - Caja 100 und,Ácido Fólico 0.5 mg PT Tabletas 100 und Precio + Delivery Gratis,DN0395,10.00,PEN,unavailable,https://www.farmaciauniversal.com/acido-folico-05-mg-pt-tabletas-caja-100-und/p,17296,Portugal,vtex_catalog_search,2026-06-08T00:46:43.238326+00:00,,"/Vitaminas y Suplementos/Vitaminas/Vitamina B/ /Vitaminas y Suplementos/Vitaminas/ /Vitaminas y Suplementos/ /1/343/346/ /1/343/ /1/ Caja 100 und DN0395 Vía de administración oral. No ingerir > 1 mg/día, sino es bajo prescripción y descartando una anemia por déficit de vit. B12 en el caso de mujeres gestantes sin antecedentes de defecto neural, ya que puede enmascarar síntomas de anemia perniciosa, por esta razón tampoco debe administrarse en anemia cuya etiología sea desconocida. Presentación Registro Sanitario Modo de uso Precauciones y Contraindicaciones No Producto a Pedido 2 Presentación Registro Sanitario Modo de uso Precauciones y Contraindicaciones Producto a Pedido Stock Security Campos Auxiliares Highlight Stock Security Prevención y tratamiento de deficiencia de ácido fólico especialmente durante la gestación, lactancia, periodos de crecimiento rápidos, anemias megaloblásticas, alcoholismo, sindromes de malabsorción, esprue, enteropatía de gluten. Prevención de malformaciones del tubo neural (espina bífida, meningocele, anencefalia) y otros defectos congénitos, en mujeres embarazadas, especialmente en mujeres con antecedentes de hijo o feto con estas deficiencias.",vtex_spec_or_regex,false_no_component_match
Farmacia Universal,Pack Cellskinlab Hydra Gel B3&B5 Serum 2 und 15 ml c/u + Face UV Protect 40 ml,Pack Cellskinlab Hydra Gel B3&B5 Serum 15 ml + Face UV Protect 40 ml Precio + Delivery Gratis,"NSOC0281216PE, NSOC3332117PE",403.70,PEN,unavailable,https://www.farmaciauniversal.com/pack-cellskinlab-hydra-gel-b3b5-serum-15-ml-face-uv-protect-40-ml/p,99287,Cellskinlab,vtex_catalog_search,2026-06-08T00:46:43.238781+00:00,,"/Dermocosmética/Packs/ /Dermocosmética/ /6/176/ /6/ Pack Promocional NSOC0281216PE, NSOC3332117PE Cellskinlab Hydra Gel B3&B5 Serum: Aplicar Hydra Gel B3 & B5 en la mañana y en la noche 3 a 4 gotas en rostro, cuello y escote después de un serum antioxidante Cellskinlab. Ideal para todo tipo de piel. Cellskinlab Face UV Protect Protector Solar SPF50: Aplicar Face UV Protect cada mañana en las zonas expuestas al sol. Se recomienda aplicar uniformemente antes de exponerse al sol. Reaplicar en el día cada 2 horas para mantener una protección solar adecuada. Cellskinlab Hydra Gel B3&B5 Serum: Sólo para uso externo. No utilizar en personas alérgicas a uno de sus componentes. Almacenar protegido del calor y de la luz extrema. Cuando se utiliza con un serum que contenga vitamina C (SERUM AOX C15, SERUM AOX C& E, SERUM AOX C&AHA) aplicarlo 10 a 15 min despuésdel serum devitamina C. Cellskinlab Face UV Protect Protector Solar SPF50: Solo para uso externo. En caso de contacto con ojos lavar con abundante agua. Si presenta alguna molestia asociada al producto suspender su uso. Almacenar en un lugar fresco y protegido de la luz. Presentación Registro Sanitario Modo de uso Precauciones y Contraindicaciones No Producto a Pedido Presentación Registro Sanitario Modo de uso Precauciones y Contraindicaciones Producto a Pedido Campos Auxiliares Highlight Cellskinlab Hydra Gel B3&B5 Serum Frasco 15 ml Suero gel súper hidratante para regenerar y restaurar la piel. Hydra Gel B3 & B5, es un suero gel que hidrata naturalmente la piel, indicado para usar en personas de todas las edades y todo tipo de piel. Gracias a la acción del ácido hialurónico de alta pureza, Vitamina B5 y Vitamina B3, regenera y restaura la piel, recuperando un aspecto joven, sano y luminoso. Es un emoliente que proporciona nutrición a la piel. Cellskinlab Face UV Protect Protector Solar SPF50 Tubo 40 ml Protector solar anti age para el cuidado del rostro. Disminuye los efectos dañinos de los rayos UV (UVB, UVA, IR+, Luz Visible y HEV), ayudando a evitar los signos del fotoenvejecimiento acelerado de la piel. Composición: Physalis Angulata Extract (protege la piel frente al infrarrojo e invisible), Aceite de Girasol (antioxidante y emoliente) y Homosolate (filtro químico con protección UV).",vtex_spec_or_regex,false_no_component_match
Farmacia Universal,La Roche Posay Pure Vitamin C12 Oil Control Serum - Frasco 30 ml,La Roche Posay Pure Vitamin C12 Oil Control Serum 30 ml Precio + Delivery Gratis,NSOC3138524CO,214.90,PEN,unavailable,https://www.farmaciauniversal.com/la-roche-posay-pure-vitamin-c12-oil-control-serum-frasco-30-ml/p,30776,La Roche Posay,vtex_catalog_search,2026-06-08T00:46:43.239672+00:00,,"/Dermocosmética/Serums y Ampollas/Antipigmentación/ /Dermocosmética/Serums y Ampollas/ /Dermocosmética/ /6/174/198/ /6/174/ /6/ Frasco 30 ml NSOC3138524CO Aplicar por la mañana sobre la piel limpia y seca del rostro y cuello, evitando el contorno de los ojos. Se recomienda el uso de protector solar durante el día. Para obtener mejores resultados, utilizar de forma continua. Uso externo únicamente. Evitar el contacto con los ojos. La vitamina C pura puede oxidarse y cambiar de color; esto no afecta su eficacia. En caso de irritación, suspender su uso y consultar a un dermatólogo. Presentación Registro Sanitario Modo de uso Precauciones y Contraindicaciones No Producto a Pedido 0 Presentación Registro Sanitario Modo de uso Precauciones y Contraindicaciones Producto a Pedido Stock Security Campos Auxiliares Highlight Stock Security La Roche-Posay Pure Vitamin C12 Serum es un sérum facial de acción antioxidante, formulado con un 12% de vitamina C pura, ácido salicílico y Neurosensine™. Diseñado para ayudar a mejorar la luminosidad y la textura de la piel, este sérum contribuye a suavizar la apariencia de arrugas y líneas de expresión. Su textura ligera se absorbe fácilmente, dejando la piel con un aspecto más uniforme, hidratado y radiante.",vtex_spec_or_regex,false_no_component_match
Farmacia Universal,Dermohelp Serum de Ácido Hialurónico - Frasco 30 ml,Dermohelp Serum de Ácido Hialurónico 30 ml Precio + Delivery Gratis,NSOC0333120CO,79.90,PEN,unavailable,https://www.farmaciauniversal.com/dermohelp-serum-de-acido-hialuronico-frasco-30-ml/p,31781,Dermohelp,vtex_catalog_search,2026-06-08T00:46:43.239973+00:00,,"/Dermocosmética/Serums y Ampollas/Antiedad/ /Dermocosmética/Serums y Ampollas/ /Dermocosmética/ /6/174/197/ /6/174/ /6/ Frasco 30 ml NSOC0333120CO Aplicar de 3 a 4 gotas sobre el rostro limpio y seco, mañana y noche. Masajear suavemente hasta su completa absorción. Puede utilizarse solo o antes de la crema hidratante. Durante el día, complementar con protector solar. Uso externo únicamente. Evitar el contacto con los ojos. En caso de irritación, suspender el uso y consultar con un especialista. Mantener fuera del alcance de los niños y conservar en un lugar fresco y protegido de la luz. Presentación Registro Sanitario Modo de uso Precauciones y Contraindicaciones No Producto a Pedido 0 Presentación Registro Sanitario Modo de uso Precauciones y Contraindicaciones Producto a Pedido Stock Security Campos Auxiliares Highlight Stock Security El sérum de Ácido Hialurónico de Dermohelp ofrece una hidratación ligera y agradable que puede ayudar a que la piel luzca más suave y con una apariencia fresca. Su fórmula combina ácido hialurónico de bajo peso molecular con aloe vera, manzanilla, vitamina E y pantenol, ingredientes conocidos por brindar confort y apoyar la sensación de elasticidad en la piel. Su textura rápida absorción facilita su incorporación en rutinas diarias, dejando un acabado suave y confortable.",vtex_spec_or_regex,false_no_component_match
Farmacia Universal,Pack Cellskinlab Hydra Gel B3&B5 Serum 15 ml + Phyto Spot 18B 15 ml + Face UV Protect 40 ml,Pack Cellskinlab Hydra Gel B3&B5 Serum 15 ml + Phyto Spot 18B 15 ml + Face UV Protect 40 ml Precio + Delivery Gratis,"NSOC0281216PE, NSOC3521418PE, NSOC3332117PE",446.70,PEN,unavailable,https://www.farmaciauniversal.com/pack-cellskinlab-hydra-gel-b3b5-serum-15-ml-phyto-spot-18b-15-ml-face-uv-protect-40-ml/p,99283,Cellskinlab,vtex_catalog_search,2026-06-08T00:46:43.556911+00:00,,"/Dermocosmética/Packs/ /Dermocosmética/ /6/176/ /6/ Pack Promocional NSOC0281216PE, NSOC3521418PE, NSOC3332117PE Cellskinlab Hydra Gel B3&B5 Serum: Aplicar Hydra Gel B3 & B5 en la mañana y en la noche 3 a 4 gotas en rostro, cuello y escote después de un serum antioxidante Cellskinlab. Ideal para todo tipo de piel. Cellskinlab Phyto Spot 18-B Serum: Aplicar Phyto Spot 18 - B mañana y noche sobre la piel limpia y seca con suave masaje para que penetre en la piel. La cantidad a aplicar depende de la extensión de la mancha (1 gota alcanza para 4cm²). Phyto Spot 18 - B puede ser aplicarlo solo o complementar el tratamiento con Serum AOX C15, Serum AOX C&E o Serum AOX C&AHA con lo que se consigue una sinergia de acción despigmentante En el día aplicar fotoprotector cada 2 o 3 horas. Cellskinlab Face UV Protect Protector Solar SPF50: Aplicar Face UV Protect cada mañana en las zonas expuestas al sol. Se recomienda aplicar uniformemente antes de exponerse al sol. Reaplicar en el día cada 2 horas para mantener una protección solar adecuada. Cellskinlab Hydra Gel B3&B5 Serum: Sólo para uso externo. No utilizar en personas alérgicas a uno de sus componentes. Almacenar protegido del calor y de la luz extrema. Cuando se utiliza con un serum que contenga vitamina C (SERUM AOX C15, SERUM AOX C& E, SERUM AOX C&AHA) aplicarlo 10 a 15 min despuésdel serum devitamina C. Cellskinlab Phyto Spot 18-B Serum: No utilizar en personas alérgicas a alguno de sus componentes. No utilizar durante el embarazo. Solo para uso externo. Conservar en ambiente protegido del calor y de la luz. Cellskinlab Face UV Protect Protector Solar SPF50: Solo para uso externo. En caso de contacto con ojos lavar con abundante agua. Si presenta alguna molestia asociada al producto suspender su uso. Almacenar en un lugar fresco y protegido de la luz. Presentación Registro Sanitario Modo de uso Precauciones y Contraindicaciones No Producto a Pedido Presentación Registro Sanitario Modo de uso Precauciones y Contraindicaciones Producto a Pedido Campos Auxiliares Highlight Cellskinlab Hydra Gel B3&B5 Serum Frasco 15 ml Suero gel súper hidratante para regenerar y restaurar la piel. Hydra Gel B3 & B5, es un suero gel que hidrata naturalmente la piel, indicado para usar en personas de todas las edades y todo tipo de piel. Gracias a la acción del ácido hialurónico de alta pureza, Vitamina B5 y Vitamina B3, regenera y restaura la piel, recuperando un aspecto joven, sano y luminoso. Es un emoliente que proporciona nutrición a la piel. Cellskinlab Phyto Spot 18-B Serum Frasco 15 ml Suero despigmentante para control intensivo del melasma y manchas rebeldes. Unifica el tono de la piel, suaviza y mejora su textura con acción antienvejecimiento gracias a la sinergia de sus activos. Contiene Niacinamida al 18% (unifica el tono de piel), Ácido Kójico y Alfa Arbutin al 2% (despigmentantes), Ácido Hialurónico y Vitamina B5. Cellskinlab Face UV Protect Protector Solar SPF50 - Tubo 40 ml Protector solar anti age para el cuidado del rostro. Disminuye los efectos dañinos de los rayos UV (UVB, UVA, IR+, Luz Visible y HEV), ayudando a evitar los signos del fotoenvejecimiento acelerado de la piel. Composición: Physalis Angulata Extract (protege la piel frente al infrarrojo e invisible), Aceite de Girasol (antioxidante y emoliente) y Homosolate (filtro químico con protección UV).",vtex_spec_or_regex,false_no_component_match
Farmacia Universal,Taski Aceite de Aguaje - Frasco 30 ml,Taski Aceite de Aguaje 30 ml Precio + Delivery Gratis,C1904125NNANROL,42.00,PEN,unavailable,https://www.farmaciauniversal.com/taski-aceite-de-aguaje-frasco-30-ml/p,31509,Dinoa,vtex_catalog_search,2026-06-08T00:46:43.557735+00:00,,"/Productos Saludables/Medicina Herbal/ /Productos Saludables/ /9/275/ /9/ Frasco 30 ml C1904125NNANROL Tomar de 3 a 4 gotas por vía sublingual por la mañana o por la noche, según preferencia. No utilizar en caso de hipersensibilidad a alguno de los componentes del producto. En caso de padecer enfermedades crónicas, estar embarazada o en periodo de lactancia, se recomienda consultar previamente con un profesional de salud. Mantener fuera del alcance de los niños. Presentación Registro Sanitario Modo de uso Precauciones y Contraindicaciones No Producto a Pedido Presentación Registro Sanitario Modo de uso Precauciones y Contraindicaciones Producto a Pedido Campos Auxiliares Highlight El Aceite de Aguaje es un extracto natural obtenido del fruto amazónico aguaje, conocido por su contenido de betacarotenos (vitamina A) y aceites naturales. Este producto se utiliza como complemento nutricional dentro de una dieta balanceada y puede contribuir al cuidado de la piel, ayudando a mantener su apariencia saludable y elástica. Asimismo, su contenido natural de fitoestrógenos y ácidos grasos se asocia con el bienestar femenino, y puede apoyar el cuidado del cabello y el fortalecimiento de las uñas.",vtex_spec_or_regex,false_no_component_match
Farmacia Universal,La Roche Posay Hyalu B5 Suractivated SPF30 Crema - Frasco 50 ml,La Roche Posay Hyalu B5 Suractivated SPF30 Crema 50 ml Precio + Delivery Gratis,NSOC4233325CO,170.90,PEN,unavailable,https://www.farmaciauniversal.com/la-roche-posay-hyalu-b5-suractivated-spf30-crema-frasco-50-ml/p,32558,La Roche Posay,vtex_catalog_search,2026-06-08T00:46:43.558322+00:00,,"/Dermocosmética/Hidratación Facial/Cremas Hidratantes/ /Dermocosmética/Hidratación Facial/ /Dermocosmética/ /6/170/180/ /6/170/ /6/ Frasco 50 ml NSOC4233325CO Aplicar una cantidad equivalente al tamaño de una avellana por la mañana y por la noche sobre la piel limpia, distribuyéndola en rostro, cuello y escote con suaves masajes hasta su absorción. Puede utilizarse sola o después de un sérum; complementar con protector solar durante el día. Evitar el contacto con los ojos. En caso de presentar irritación, suspender su uso. Uso externo. Mantener fuera del alcance de los niños. Presentación Registro Sanitario Modo de uso Precauciones y Contraindicaciones No Producto a Pedido 0 Presentación Registro Sanitario Modo de uso Precauciones y Contraindicaciones Producto a Pedido Stock Security Campos Auxiliares Highlight Stock Security La Roche-Posay Hyalu B5 Suractivated SPF30 es una crema facial formulada con tres formas de ácido hialurónico y vitamina B5, diseñada para complementar la hidratación diaria y el cuidado de la barrera cutánea. Su uso está orientado a pieles que presentan signos visibles del paso del tiempo, como líneas de expresión o pérdida de elasticidad, contribuyendo a mejorar la apariencia de la piel y su textura. Su fórmula ha sido evaluada en distintos tipos y tonos de piel, incluyendo piel sensible, y presenta una textura ligera, de rápida absorción y sin acabado pegajoso. Además, incorpora protección SPF30, integrándose en la rutina diaria de cuidado facial.",vtex_spec_or_regex,false_no_component_match
Farmacia Universal,La Roche Posay Hyalu B5 Antiarrugas Serum - Frasco 30 ml,La Roche Posay Hyalu B5 Antiarrugas Serum 30 ml Precio + Delivery Gratis,NSOC8319017CO,205.91,PEN,unavailable,https://www.farmaciauniversal.com/la-roche-posay-hyalu-b5-antiarrugas-serum-frasco-30-ml/p,32218,La Roche Posay,vtex_catalog_search,2026-06-08T00:46:43.558613+00:00,,"/Dermocosmética/Serums y Ampollas/Antiedad/ /Dermocosmética/Serums y Ampollas/ /Dermocosmética/ /6/174/197/ /6/174/ /6/ Frasco 30 ml NSOC8319017CO Aplicar de 3 a 4 gotas por la mañana y por la noche sobre el rostro limpio, extendiendo también en cuello y escote. Utilizar antes de la crema hidratante. Evitar el contacto con los ojos. En caso de presentar irritación, suspender su uso. Uso externo. Mantener fuera del alcance de los niños Presentación Registro Sanitario Modo de uso Precauciones y Contraindicaciones No Producto a Pedido 0 Presentación Registro Sanitario Modo de uso Precauciones y Contraindicaciones Producto a Pedido Stock Security Campos Auxiliares Highlight Stock Security La Roche-Posay Hyalu B5 Serum es un sérum facial formulado con ácido hialurónico, vitamina B5 y madecassoside, diseñado para complementar la rutina de cuidado de la piel. Su uso está orientado a pieles con líneas finas, pérdida de elasticidad o volumen, contribuyendo a mejorar la apariencia general de la piel y su textura. Su fórmula también está pensada para pieles sensibles, con una textura ligera y de rápida absorción que facilita su integración en la rutina diaria.",vtex_spec_or_regex,false_no_component_match
Farmacia Universal,Pack Dermohelp Serum Ácido Hialurónico 30 ml + Hydroage Crema 50 ml + Jabón Detox 240 ml,Pack Dermohelp Serum Ácido Hialurónico 30 ml + Hydroage Crema 50 ml + Jabón Detox 240 ml Precio + Delivery Gratis,"NSOC0333120CO, NSOC0812521CO, NSOC1364522CO",189.01,PEN,unavailable,https://www.farmaciauniversal.com/pack-dermohelp-serum-acido-hialuronico-30-ml-hydroage-crema-50-ml-jabon-detox-240-ml/p,99253,Dermohelp,vtex_catalog_search,2026-06-08T00:46:43.559133+00:00,,"/Dermocosmética/Packs/ /Dermocosmética/ /6/176/ /6/ Pack Promocional NSOC0333120CO, NSOC0812521CO, NSOC1364522CO Dermohelp Serum de Ácido Hialurónico: Aplicar de 3 a 4 gotas sobre el rostro limpio y seco, mañana y noche. Masajear suavemente hasta su completa absorción. Puede utilizarse solo o antes de la crema hidratante. Durante el día, complementar con protector solar. Dermohelp Hydroage Crema Hidratante: Aplicar una pequeña cantidad sobre el rostro limpio, mañana y noche. Extender con las yemas de los dedos realizando movimientos ascendentes desde el centro hacia los bordes del rostro hasta su completa absorción. Usar después del jabón facial y los sérums de tratamiento. Durante el día, complementar con protector solar para proteger los resultados frente al daño solar. Dermohelp Jabón Facial Detox con Carbón Activado: Lavarse las manos antes de lavarse la cara. Humedece tu rostro con agua tibia. Aplica una pequeña cantidad del Jabón Facial Détox en las manos, emulsiona hasta formar espuma y masajea suavemente rostro, cuello y escote en movimientos circulares. Enjuaga con abundante agua y seca (con paño o toalla limpia) sin frotar. Utilízalo mañana y noche como el primer paso de tu rutina. Dermohelp Serum de Ácido Hialurónico: Uso externo únicamente. Evitar el contacto con los ojos. En caso de irritación, suspender el uso y consultar con un especialista. Mantener fuera del alcance de los niños y conservar en un lugar fresco y protegido de la luz. Dermohelp Hydroage Crema Hidratante: Solo para uso externo. Evitar el contacto con los ojos y mucosas. No utilizar en caso de hipersensibilidad a alguno de sus componentes. Si se presenta irritación, suspender su uso y consultar a un especialista. Mantener fuera del alcance de los niños y conservar en un lugar fresco y seco. Dermohelp Jabón Facial Detox con Carbón Activado: carbón activado, limpieza profunda, piel grasa, piel mixta, ácido salicílico, control de brillo, poros, detox, gel facial, Seboreductyl, extractos frutales, pantenol, rutina facial, dermocosmética, purificante, vegano, no testeado en animales, piel fresca, limpiador facial, skincare Presentación Registro Sanitario Modo de uso Precauciones y Contraindicaciones No Producto a Pedido Presentación Registro Sanitario Modo de uso Precauciones y Contraindicaciones Producto a Pedido Campos Auxiliares Highlight Dermohelp Serum de Ácido Hialurónico: El sérum de Ácido Hialurónico de Dermohelp ofrece una hidratación ligera y agradable que puede ayudar a que la piel luzca más suave y con una apariencia fresca. Su fórmula combina ácido hialurónico de bajo peso molecular con aloe vera, manzanilla, vitamina E y pantenol, ingredientes conocidos por brindar confort y apoyar la sensación de elasticidad en la piel. Su textura rápida absorción facilita su incorporación en rutinas diarias, dejando un acabado suave y confortable. Dermohelp Hydroage Crema Hidratante: Crema hidratante en textura gel, ligera y de rápida absorción, formulada con ácido hialurónico, silicio orgánico, vitamina E y pantenol. Su fórmula puede ayudar a mantener la piel hidratada durante el día, aportar suavidad y favorecer la elasticidad. Su uso regular contribuye a una apariencia más uniforme, flexible y saludable, sin sensación grasosa. Dermohelp Jabón Facial Detox con Carbón Activado: Jabón facial en gel formulado con carbón activado y agentes limpiadores suaves que ayudan a remover impurezas, desobstruir poros y retirar el exceso de grasa sin dejar sensación de resequedad. Su combinación con ácido salicílico, Seboreductyl y extractos frutales puede contribuir a mejorar la apariencia de puntos negros y controlar el brillo. Recomendado para piel mixta a grasa.",vtex_spec_or_regex,false_no_component_match
Farmacia Universal,Eat It! Multivitamínico Gomitas Sabor Piña - Frasco 60 und,Eat It! Multivitamínico Gomitas Sabor Piña 60 und Precio + Delivery Gratis,G7702423N NANTIN,49.00,PEN,available,https://www.farmaciauniversal.com/eat-it-multivitaminico-gomitas-sabor-pinia-frasco-60-und/p,29352,Eat It,vtex_catalog_search,2026-06-08T00:46:43.966336+00:00,10,"/Vitaminas y Suplementos/Multivitamínicos/Adultos/ /Vitaminas y Suplementos/Multivitamínicos/ /Vitaminas y Suplementos/ /1/344/350/ /1/344/ /1/ Frasco 60 und G7702423N NANTIN Ingerir 1 o 2 gomitas diarias, después de los alimentos. Almacenar en lugar fresco y seco, lejos de la luz solar directa. Se recomienda almacenar a temperaturas menores a los 25°C. Presentación Registro Sanitario Modo de uso Precauciones y Contraindicaciones No Producto a Pedido 0 Presentación Registro Sanitario Modo de uso Precauciones y Contraindicaciones Producto a Pedido Stock Security Campos Auxiliares Highlight Stock Security Gomitas de gelatina con vitaminas A,B, C, D y E. Formulado con una amplia gama de vitaminas que favorecen el correcto desarrollo de los huesos y el cerebro. Ayudan a prevenir la anemia, mejorar el peso y el crecimiento de los niños. Ayudan a fortalecer el sistema inmunológico. Sabor a piña.",vtex_spec_or_regex,false_no_component_match
Farmacia Universal,Pediasure 10+ en Polvo Sabor Vainilla - Lata 850 g,Pediasure 10+ en Polvo Sabor Vainilla 850 g Precio + Delivery Gratis,P2835024E/NAABLB,102.00,PEN,available,https://www.farmaciauniversal.com/pediasure-10-en-polvo-sabor-vainilla-lata-850-g/p,31078,Pediasure,vtex_catalog_search,2026-06-08T00:46:43.967400+00:00,10,"/Cuidado Infantil/Nutrición Infantil/Fórmulas Infantiles/ /Cuidado Infantil/Nutrición Infantil/ /Cuidado Infantil/ /5/151/167/ /5/151/ /5/ Lata 850 g P2835024E/NAABLB Para preparar una porción de aprox. 226 mL, vierta 190 mL de agua hervida fría o a temperatura ambiente en un vaso. A continuación, agregue gradualmente 5 medidas al ras (use la cuchara medidora incluida en la lata) o aprox. 50 g de PediaSure 10+ en polvo. Mezcle hasta disolver completamente. Consulte con su profesional de la salud. No usar en niños con galactosemia. Almacenar sin abrir a temperatura ambiente, en lugar fresco y seco (no refrigerar). Una vez abierta la lata, el contenido debe usarse dentro de las 3 semanas siguientes Presentación Registro Sanitario Modo de uso Precauciones y Contraindicaciones No Producto a Pedido Vainilla Sabor 1 Presentación Registro Sanitario Modo de uso Precauciones y Contraindicaciones Producto a Pedido Sabor Stock Security Campos Auxiliares Highlight Filtros Stock Security PediaSure 10+ está diseñado con nutrientes para apoyar la alimentación durante o entre comidas para adolescentes de 10 a 15 años.",vtex_spec_or_regex,false_no_component_match
Farmacia Universal,Dayamineral Tabletas - Caja 30 und,Dayamineral Tabletas 30 und Precio + Delivery Gratis,DE2130,52.83,PEN,available,https://www.farmaciauniversal.com/dayamineral-tabletas-caja-30-und/p,17140,Abbott Pharma,vtex_catalog_search,2026-06-08T00:46:43.968124+00:00,10,"/Vitaminas y Suplementos/Multivitamínicos/Adultos/ /Vitaminas y Suplementos/Multivitamínicos/ /Vitaminas y Suplementos/ /1/344/350/ /1/344/ /1/ Caja 30 und DE2130 Administrar con precaución si usted está tomando simultáneamente otro medicamento que contengan otras vitaminas Y/o minerales por el peligro de sobredosificación. Las cantidades de hierro que contiene el producto, no son suficientes para tratar la anemia por carencia del mismo. La vitamina C que contiene este medicamento puede alterar la determinación de glucosuria (azúcar en orina) en pacientes diabéticos, por lo que se recomienda suspender la administración del mismo algunos días antes de realizar el análisis de laboratorio. Si usted está embarazada o esta amamantado, consulte con su médico antes de ingerir este medicamento. No superar la dosis diaria recomendada. Este producto no debe utilizarse como sustituto de una dieta equilibrada. Mantener este producto fuera del alcance de los niños. Presentación Registro Sanitario Precauciones y Contraindicaciones No Producto a Pedido 1 Presentación Registro Sanitario Precauciones y Contraindicaciones Producto a Pedido Stock Security Campos Auxiliares Highlight Stock Security Vitaminas y minerales.",vtex_spec_or_regex,false_no_component_match
Farmacia Universal,Nature's Truth Ultra Prenatal Multivitamínico + DHA Cápsulas Blandas - Frasco 120 und,Nature's Truth Ultra Prenatal Multivitamínico + DHA Cápsulas Blandas 120 und Precio + Delivery Gratis,DE5929,139.90,PEN,available,https://www.farmaciauniversal.com/natures-truth-ultra-prenatal-multivitaminico-dha-capsulas-blandas-frasco-120-und/p,32223,Nature's Truth,vtex_catalog_search,2026-06-08T00:46:43.968437+00:00,10,"/Vitaminas y Suplementos/Multivitamínicos/Gestantes/ /Vitaminas y Suplementos/Multivitamínicos/ /Vitaminas y Suplementos/ /1/344/360/ /1/344/ /1/ Frasco 120 und DE5929 Para adultos, tomar una cápsula blanda una vez al día, preferiblemente con las comidas. No consumir en caso de hipersensibilidad a alguno de sus componentes. No se recomienda en menores de 18 años. No superar la dosis diaria recomendada. Producto diseñado para mujeres en etapa prenatal, por lo que se recomienda su uso con orientación profesional. Consultar con su médico si usa anticoagulantes, si tiene alguna condición médica o antes de una cirugía. No sustituye una dieta equilibrada. Mantener fuera del alcance de los niños. Presentación Registro Sanitario Modo de uso Precauciones y Contraindicaciones No Producto a Pedido Presentación Registro Sanitario Modo de uso Precauciones y Contraindicaciones Producto a Pedido Campos Auxiliares Highlight Nature’s Truth Ultra Prenatal Multivitamínico + DHA es un suplemento alimenticio en cápsulas blandas que combina vitaminas, minerales y aceite de pescado con DHA y EPA. Su fórmula incluye ácido fólico, hierro, zinc y otras vitaminas esenciales que ayudan a complementar la alimentación de la mujer en etapa preconcepcional, embarazo o posparto, dentro de una rutina de cuidado nutricional supervisada por un profesional de salud.",vtex_spec_or_regex,false_no_component_match
Farmacia Universal,Alisure Adulto Sabor Vainilla - Frasco 1.14 kg,Alisure Adulto Vainilla 1.14 kg Precio + Delivery Gratis,P2959618NNAAISC,98.00,PEN,available,https://www.farmaciauniversal.com/alisure-adulto-sabor-vainilla-frasco-114-kg/p,25456,Alisure,vtex_catalog_search,2026-06-08T00:46:43.970198+00:00,10,"/Vitaminas y Suplementos/Suplementos Nutricionales/Fórmulas para Adultos/ /Vitaminas y Suplementos/Suplementos Nutricionales/ /Vitaminas y Suplementos/ /1/12/28/ /1/12/ /1/ Frasco 1.14 kg P2959618NNAAISC Adicionar dos cucharadas (cuchara medidora de 19g incluida en el frasco) de ALISURE ADULTO en 250 ml de agua en un vaso, mezclar y beber. Mantener en un ambiente fresco y seco (no refrigerar). Mantener alejado de la luz solar y fuera del alcance de los niños. Mantener cerrado el envase. Una vez abierto el envase, debe ser consumido en las próximas 4 semanas. Presentación Registro Sanitario Modo de uso Precauciones y Contraindicaciones No Producto a Pedido Vainilla Frasco 1.14 kg Sabor Presentaciones 1 Presentación Registro Sanitario Modo de uso Precauciones y Contraindicaciones Producto a Pedido Sabor Presentaciones Stock Security Campos Auxiliares Highlight Filtros Stock Security Es una bebida instantánea en polvo a base de leche descremada, proteína de suero de leche, que te brindará proteínas, además de múltiples vitaminas y minerales para una nutrición completa y balanceada. ALISURE ADULTO ha incluido en su formulación Beta-Glucano. INGREDIENTES: Leche en polvo descremada, Proteína de Suero de leche, Proteína aislada de soya, Maltodextrina, Inulina, Vitaminas y minerales [Carbonato de calcio, cloruro de potasio, fosfato tricálcico, sulfato de magnesio, ácido ascorbico, dioxido de silicio, sulfato de zinc, vitamina E, niacinamida, ortofosfato ferrico, ácido pantoténico, gluconato de manganeso dihidratado, sulfato de cobre, clorhidrato de piridoxina, riboflavina, mononitrato de tiamina, vitamina A, ácido folico, cloruro de cromo, molibdato de amonio, selenito de sodio, yoduro de potasio, vitamina K1, biotina, cianocobalamina, vitamina D3, maltodextrina como excipiente], Fibra, Sabor vainilla, Betaglucano, Ácido linoleico y oleico, Ácido a-linolénico, Ácido docosahexaenoico (DHA) y Ácido eicosapentaenoico (EPA), Edulcorante: Sucralosa. Contiene ingredientes derivados de la leche y soya.",vtex_spec_or_regex,false_no_component_match
Farmacia Universal,Biogena Griffonia 50 Serolution Cápsulas - Frasco 60 und,Biogena Griffonia 50 Serolution Cápsulas 60 und Precio + Delivery Gratis,DE5393,254.71,PEN,available,https://www.farmaciauniversal.com/biogena-griffonia-50-serolution-capsulas-frasco-60-und/p,31259,Biogena,vtex_catalog_search,2026-06-08T00:46:43.970513+00:00,10,"/Medicinas/Sistema Nervioso/Vitaminas Neuroprotectoras/ /Medicinas/Sistema Nervioso/ /Medicinas/ /2/416/432/ /2/416/ /2/ Frasco 60 und DE5393 Tomar 1 cápsula dos veces al día con abundante líquido, preferiblemente durante las comidas o según indicación profesional. Este producto no sustituye una dieta variada y equilibrada ni un estilo de vida saludable. No superar la dosis diaria recomendada. Mantener fuera del alcance de los niños. No consumir durante el embarazo, la lactancia ni en combinación con antidepresivos, a menos que sea indicado por un profesional de la salud. Si presenta alguna condición médica o está bajo medicación, consulte a su médico antes de usarlo. Presentación Registro Sanitario Modo de uso Precauciones y Contraindicaciones No No No Producto a Pedido Requiere receta médica Requiere refrigeración 1 Presentación Registro Sanitario Modo de uso Precauciones y Contraindicaciones Producto a Pedido Requiere receta médica Requiere refrigeración Stock Security Campos Auxiliares Highlight Stock Security Biogena Griffonia50 Serolution® aporta 5-HTP, un aminoácido presente en la planta Griffonia simplicifolia, y fenilalanina, ambos precursores de neurotransmisores como serotonina, melatonina y noradrenalina. Además, incluye vitaminas del complejo B (B1, B6, B12, niacina y biotina), que contribuyen al funcionamiento normal del sistema nervioso y la función psicológica. También contiene ácido pantoténico y vitamina B12, que apoyan el metabolismo energético.",vtex_spec_or_regex,false_no_component_match
Farmacia Universal,Nature's Truth Just 4 Kidz Multivitamínico + Probiótico Gomitas - Frasco 60 und,Nature's Truth Just 4 Kidz Multivitamínico + Probiótico Gomitas 60 und Precio + Delivery Gratis,DE5142,99.90,PEN,available,https://www.farmaciauniversal.com/natures-truth-just-4-kidz-multivitaminico-probiotico-gomitas-frasco-60-und/p,31690,Nature's Truth,vtex_catalog_search,2026-06-08T00:46:43.970791+00:00,10,"/Cuidado Infantil/Nutrición Infantil/Suplementos Infantiles/ /Cuidado Infantil/Nutrición Infantil/ /Cuidado Infantil/ /5/151/340/ /5/151/ /5/ Frasco 60 und DE5142 Niños de 2 a 3 años: 1 gomita diaria. Niños de 4 años a más: 2 gomitas al día. No superar la dosis diaria recomendada. No sustituye una dieta equilibrada. Consultar con el pediatra si el niño presenta alguna condición o consume otros productos. Suspender su uso ante reacciones adversas. Mantener fuera del alcance de los niños. Presentación Registro Sanitario Modo de uso Precauciones y Contraindicaciones No Producto a Pedido Presentación Registro Sanitario Modo de uso Precauciones y Contraindicaciones Producto a Pedido Campos Auxiliares Highlight Nature’s Truth Just 4 Kidz Multivitamínico + Probiótico es un suplemento alimenticio infantil en gomitas con agradable sabor, que combina vitaminas, zinc y probióticos. Es una opción práctica para complementar la alimentación diaria de los niños con nutrientes clave dentro de una rutina de bienestar.",vtex_spec_or_regex,false_no_component_match
Farmacia Universal,Prime Health Kids Multivitamin Gomitas - Frasco 60 und,Prime Health Kids Multivitamin Gomitas 60 und Precio + Delivery Gratis,G7551817EMADOPR,38.00,PEN,available,https://www.farmaciauniversal.com/prime-health-kids-multivitamin-gomitas-frasco-60-und/p,31426,Prime Health,vtex_catalog_search,2026-06-08T00:46:43.971290+00:00,10,"/Cuidado Infantil/Nutrición Infantil/Suplementos Infantiles/ /Cuidado Infantil/Nutrición Infantil/ /Cuidado Infantil/ /5/151/340/ /5/151/ /5/ Frasco 60 und G7551817EMADOPR Consumir de una a dos gomitas al día, preferiblemente después de los alimentos o según indicación médica. No exceder la dosis indicada. Mantener en lugar fresco y seco, lejos del alcance de los niños. Producto complementario, no sustituye una alimentación equilibrada. Presentación Registro Sanitario Modo de uso Precauciones y Contraindicaciones No Producto a Pedido 1 Presentación Registro Sanitario Modo de uso Precauciones y Contraindicaciones Producto a Pedido Stock Security Campos Auxiliares Highlight Stock Security Gomitas multivitamínicas especialmente formuladas para niños, que combinan vitaminas y minerales esenciales para el crecimiento, la energía y las defensas. Apoyan el desarrollo físico y mental, fortalecen el sistema inmunológico y contribuyen al bienestar general.",vtex_spec_or_regex,false_no_component_match
Farmacia Universal,GeroMucovit Max Cápsulas - Caja 100 und,GeroMucovit Max Cápsulas 100 und Precio + Delivery Gratis,DN0705,149.00,PEN,available,https://www.farmaciauniversal.com/geromucovit-max-capsulas-caja-100-und/p,30889,Hersil,vtex_catalog_search,2026-06-08T00:46:43.971817+00:00,10,"/Vitaminas y Suplementos/Multivitamínicos/Adultos/ /Vitaminas y Suplementos/Multivitamínicos/ /Vitaminas y Suplementos/ /1/344/350/ /1/344/ /1/ Caja 100 und DN0705 Para adultos, mayores de 19 años, tomar una cápsula al día. No exceder la dosis diaria recomendada. Debido a su alto contenido de vitaminas, especialmente vitamina A y vitaminas del complejo B, no se recomienda su uso prolongado sin supervisión médica. No utilizar durante el embarazo o lactancia sin indicación profesional. No sustituye una alimentación balanceada ni tratamientos médicos. Presentación Registro Sanitario Modo de uso Precauciones y Contraindicaciones No Producto a Pedido 0 Presentación Registro Sanitario Modo de uso Precauciones y Contraindicaciones Producto a Pedido Stock Security Campos Auxiliares Highlight Stock Security GeroMucovit Max es un suplemento multivitamínico de alta concentración formulado con vitaminas A, complejo B, vitamina C y vitamina E, nutrientes que participan en funciones clave como el metabolismo energético, el funcionamiento del sistema nervioso y la protección celular frente al estrés oxidativo. Gracias a su combinación de vitaminas, puede ser un apoyo nutricional en etapas de mayor desgaste físico o mental, periodos de recuperación o cuando la alimentación no cubre completamente los requerimientos diarios, siempre como complemento de una dieta equilibrada y bajo recomendación profesional.",vtex_spec_or_regex,false_no_component_match
Farmacia Universal,Similac 3 con mezcla de 5HMOs - Caja 1.4 kg,Similac 3 con mezcla de 5HMOs 1.4 kg Precio + Delivery Gratis,I4100222ENAABLB,141.00,PEN,available,https://www.farmaciauniversal.com/similac-3-con-mezcla-de-5hmos-caja-14-kg/p,20701,Similac,vtex_catalog_search,2026-06-08T00:46:43.972797+00:00,10,"/Cuidado Infantil/Nutrición Infantil/Fórmulas Infantiles/ /Cuidado Infantil/Nutrición Infantil/ /Cuidado Infantil/ /5/151/167/ /5/151/ /5/ Caja 1.4 kg I4100222ENAABLB Llene 1 cuchara medidora (incluida en la lata) al ras de Isomil® en 2 Oz. fl. de agua hervida fría o tibia. Consulte al profesional de la salud sobre las cantidades que el lactante debe consumir. Si usted prepara más de una porción de la fórmula, debe mantenerse refrigerada entre 2 °C a 4°C y debe ser consumida dentro de las 24 horas siguientes. Una vez iniciada la alimentación, úsela dentro de la hora siguiente o deséchela. Al preparar la fórmula es importante que siga las instrucciones de higiene, preparación y almacenamiento. Almacene la lata sin abrir a temperatura ambiente en lugar fresco y seco. Una vez abierta, su contenido debe usarse dentro de las tres semanas siguientes (no refrigerar). Aviso importante: La leche materna es el mejor alimento para el lactante. La información contenida en esta sección no pretende/intenta realizar comparaciones con la leche materna. Una buena nutrición de la madre es importante para la reparación y el mantenimiento de la lactancia. Para el uso de fórmulas infantiles siga las recomendaciones del profesional de la salud. Presentación Registro Sanitario Modo de uso Precauciones y Contraindicaciones No Producto a Pedido Presentación Registro Sanitario Modo de uso Precauciones y Contraindicaciones Producto a Pedido Campos Auxiliares Highlight Fórmula mejorada+ con mezcla de 5 HMOs*,25 vitaminas y minerales y nutrientes clave para: Fortalecer las defensas y sistema inmune de los niños. Apoyar una fácil digestión. Apoyar el crecimiento y desarrollo.",vtex_spec_or_regex,false_no_component_match
Farmacia Universal,Natalben Lactancia Cápsulas - Caja 60 und,Natalben Lactancia Cápsulas 60 und Precio + Delivery Gratis,DE2505,57.00,PEN,available,https://www.farmaciauniversal.com/natalben-lactancia-capsulas-caja-60-und/p,24328,ITF Farmaceutica,vtex_catalog_search,2026-06-08T00:46:43.973064+00:00,10,"/Vitaminas y Suplementos/Multivitamínicos/Gestantes/ /Vitaminas y Suplementos/Multivitamínicos/ /Vitaminas y Suplementos/ /1/344/360/ /1/344/ /1/ Caja 60 und DE2505 Consumir 2 cápsulas al día, desde el inicio de la lactancia, junto con una dieta sana y equilibrada. No sustituye una alimentación balanceada. No exceder la dosis diaria recomendada. Consultar con un profesional de la salud antes de su uso, especialmente si se consumen otros suplementos. Mantener fuera del alcance de los niños. Presentación Registro Sanitario Modo de uso Precauciones y Contraindicaciones No Producto a Pedido 0 Presentación Registro Sanitario Modo de uso Precauciones y Contraindicaciones Producto a Pedido Stock Security Campos Auxiliares Highlight Stock Security Natalben Lactancia es un suplemento nutricional en cápsulas formulado para mujeres en etapa de lactancia. Contiene una combinación de vitaminas, minerales y otros nutrientes que ayudan a complementar los requerimientos nutricionales durante este periodo, como parte de una alimentación equilibrada.",vtex_spec_or_regex,false_no_component_match
Farmacia Universal,Forticao Hierro Hemínico Chocolates en Barra - Frasco 40 und,Forticao Hierro Hemínico Chocolates en Barra 40 und Precio + Delivery Gratis,G6361416NNAWAID,72.00,PEN,available,https://www.farmaciauniversal.com/forticao-hierro-heminico-chocolates-en-barra-frasco-40-und/p,9215,Forticao,vtex_catalog_search,2026-06-08T00:46:43.973619+00:00,10,"/Vitaminas y Suplementos/Minerales y Otros/Hierro/ /Vitaminas y Suplementos/Minerales y Otros/ /Vitaminas y Suplementos/ /1/10/18/ /1/10/ /1/ Frasco 40 und G6361416NNAWAID Forticao chocolate lo puede consumir toda la familia, a partir del 1er año de edad en adelante. Este se puede consumir directamente o si gusta en alguna receta. La dosis depende del nivel de anemia que presentes: 1 Chocolate: Para prevención de anemia, como energizante y antioxidante natural). 2 Chocolates: En caso de anemia leve o moderada, inapetencia y cansancio. 3 Chocolates: En caso de anemia severa, perdida agresiva de peso. Una vez abierto, conservar el envase cerrado en un ambiente fresco, seco y limpio (menor a 20°C). Presentación Registro Sanitario Modo de uso Precauciones y Contraindicaciones No Producto a Pedido 1 Presentación Registro Sanitario Modo de uso Precauciones y Contraindicaciones Producto a Pedido Stock Security Campos Auxiliares Highlight Stock Security Forticao Chocolate es un alimento fortalecido con hierro Hemínico, provee calcio, zinc y proteínas que complementan y fortalecen la nutrición diaria. Es un gran aliado para vencer la anemia de forma divertida. Viene en barras de chocolate de 10 g c/u, y se puede consumir directo o con cualquier alimento. Se compone de Cobertura de leche, licor de cacao, chocolate de leche, cacao en polvo y hierro heminico.",vtex_spec_or_regex,false_no_component_match
Farmacia Universal,Oncovit Alimento en Polvo - Frasco 480 g,Oncovit Alimento en Polvo 480 g Precio + Delivery Gratis,P2986223NNAISDE,160.00,PEN,available,https://www.farmaciauniversal.com/oncovit-alimento-en-polvo-frasco-480-g/p,29691,Oncovit,vtex_catalog_search,2026-06-08T00:46:43.973936+00:00,10,"/Vitaminas y Suplementos/Suplementos Nutricionales/Fórmulas para Adultos/ /Vitaminas y Suplementos/Suplementos Nutricionales/ /Vitaminas y Suplementos/ /1/12/28/ /1/12/ /1/ Frasco 480 g P2986223NNAISDE Disolver entre 4 cucharas medidoras al raz (incluídas en el producto) o 39 gr de Oncovit®en agua mineral, leche, jugo de frutas o la bebida de su preferencia para preparar un batido. Tomar de preferencia en el desayuno o según recomendación de su nutricionista o médico. Oncovit® es un alimento hiperproteico, no debe ser utilizado en pacientes con Insuficiencia o falla renal sin indicación médica. No administrar vía intravenosa. Mantener fuera del alcance de los niños. Presentación Registro Sanitario Modo de uso Precauciones y Contraindicaciones No Producto a Pedido Neutro Frasco 480 g Sabor Presentaciones 1 Presentación Registro Sanitario Modo de uso Precauciones y Contraindicaciones Producto a Pedido Sabor Presentaciones Stock Security Campos Auxiliares Highlight Filtros Stock Security Oncovit® es un alimento en polvo especialmente diseñado con nutrientes que ayudan a: Fortalecer el sistema inmune (defensas). Aumentar el nivel de energía. Regenerar los tejidos dañados por el tratamiento oncologico. Ayuda a fortalecer la masa muscular (acompañado de actividad fisica). Contiene proteinas de alto valor biologico y de facil digestion, semillas de almendras, ajonjoli y linaza pulverizada como fuentes de acidos grasos saludables. Más de 25 nutrientes específicos entre antioxidantes, vitaminas, minerales y DHA. No contiene Maltodextrina, colorantes, preservantes ni azucares añadidos.",vtex_spec_or_regex,false_no_component_match
Farmacia Universal,More Calm Gomitas Sabor Arándanos - Frasco 50 und,More Calm Gomitas Sabor Arándanos 50 und Precio + Delivery Gratis,G6607321NNANNTR,38.87,PEN,available,https://www.farmaciauniversal.com/more-calm-gomitas-sabor-arandanos-frasco-50-und/p,28806,More,vtex_catalog_search,2026-06-08T00:46:43.974439+00:00,100,"/Vitaminas y Suplementos/Multivitamínicos/Relajantes/ /Vitaminas y Suplementos/Multivitamínicos/ /Vitaminas y Suplementos/ /1/344/351/ /1/344/ /1/ Frasco 50 und G6607321NNANNTR Consumir 2 gomitas al día. No recomendado para niños menores de 13 años, mujeres en etapa de embarazo y lactancia. Debe ser evitado en caso de hipertiroidismo. Evitar cuando se está bajo tratamiento farmacológico. Presentación Registro Sanitario Modo de uso Precauciones y Contraindicaciones No Producto a Pedido Arándano Sabor 1 Presentación Registro Sanitario Modo de uso Precauciones y Contraindicaciones Producto a Pedido Sabor Stock Security Campos Auxiliares Highlight Filtros Stock Security Gomitas de gelatina sabor arándano. Relajantes.",vtex_spec_or_regex,false_no_component_match
Farmacia Universal,Orthomol Junior C Plus Tabletas Masticables - Caja 30 und,Orthomol Junior C Plus Tabletas Masticables 30 und Precio + Delivery Gratis,DE5067,269.10,PEN,available,https://www.farmaciauniversal.com/orthomol-junior-c-plus-tabletas-masticables-caja-30-und/p,30219,Orthomol,vtex_catalog_search,2026-06-08T00:46:43.974869+00:00,10,"/Cuidado Infantil/Nutrición Infantil/Suplementos Infantiles/ /Cuidado Infantil/Nutrición Infantil/ /Cuidado Infantil/ /5/151/340/ /5/151/ /5/ Caja 30 und DE5067 Se recomienda tomar 01 sobre de Orthomol Junior C Plus al dia, ayudara a fortalecer tu sistema inmunologico pues tiene mas de 25 vitaminas y minerales. Dirigido para niños mayores de 4 años. No debe ser considerado como única fuente de alimento. Contiene yodo, si sufre de disfuncion tiroidea, consultar con su doctor. Si se toma en cantidades excesivas puede actuar como laxante. Presentación Registro Sanitario Modo de uso Precauciones y Contraindicaciones No Producto a Pedido 0 Presentación Registro Sanitario Modo de uso Precauciones y Contraindicaciones Producto a Pedido Stock Security Campos Auxiliares Highlight Stock Security Cada caja incluye 30 sobres, y cada sobre contiene 3 tabletas. Suplemento vitamínico alemán para niños, con más de 25 vitaminas y minerales esenciales. Un sobre ofrece una combinación equilibrada de micronutrientes para apoyar las defensas.",vtex_spec_or_regex,false_no_component_match
Farmacia Universal,More Sleep Gomitas Sabor Cola - Frasco 50 und,More Sleep Gomitas Sabor Cola 50 und Precio + Delivery Gratis,G6602321NNANNTR,38.85,PEN,available,https://www.farmaciauniversal.com/more-sleep-gomitas-sabor-cola-frasco-50-und/p,28945,More,vtex_catalog_search,2026-06-08T00:46:43.975083+00:00,100,"/Vitaminas y Suplementos/Multivitamínicos/Relajantes/ /Vitaminas y Suplementos/Multivitamínicos/ /Vitaminas y Suplementos/ /1/344/351/ /1/344/ /1/ Frasco 50 und G6602321NNANNTR Consumir 2 gomitas al día. No recomendado para niños menores de 13 años, mujeres en etapa de embarazo y lactancia. Debe ser evitado en caso de hipertiroidismo. Evitar cuando se está bajo tratamiento farmacológico. Presentación Registro Sanitario Modo de uso Precauciones y Contraindicaciones No Producto a Pedido 1 Presentación Registro Sanitario Modo de uso Precauciones y Contraindicaciones Producto a Pedido Stock Security Campos Auxiliares Highlight Stock Security Gomitas de gelatina sabor cola. Ayudan a regular el sueño.",vtex_spec_or_regex,false_no_component_match
Farmacia Universal,Forticao Hierro Hemínico Cacao en Polvo - Frasco 80 g,Forticao Hierro Hemínico Cacao en Polvo 80 g Precio + Delivery Gratis,G9910416NNAWAID,60.00,PEN,available,https://www.farmaciauniversal.com/forticao-hierro-heminico-cacao-en-polvo-frasco-80-g/p,8976,Forticao,vtex_catalog_search,2026-06-08T00:46:43.975357+00:00,10,"/Vitaminas y Suplementos/Minerales y Otros/Hierro/ /Vitaminas y Suplementos/Minerales y Otros/ /Vitaminas y Suplementos/ /1/10/18/ /1/10/ /1/ Frasco 80 g G9910416NNAWAID Forticao polvo lo puede consumir toda la familia, a partir de los 6 meses de edad en adelante. Este se puede consumir directamente o si gusta en alguna receta. Es ideal para embarazadas. La dosis depende del nivel de anemia que presentes: 1 Cucharadita: Para prevención de anemia, como energizante y antioxidante natural. 2 Cucharaditas: En caso de anemia leve o moderada, inapetencia y cansancio. 3 Cucharaditas: En caso de anemia severa, perdida agresiva de peso. Una vez abierto, conservar el envase cerrado en un ambiente fresco, seco y limpio (máximo a 25°C). Presentación Registro Sanitario Modo de uso Precauciones y Contraindicaciones No Producto a Pedido 1 Presentación Registro Sanitario Modo de uso Precauciones y Contraindicaciones Producto a Pedido Stock Security Campos Auxiliares Highlight Stock Security Forticao polvo es un alimento fortificado; se compone por cacao en polvo más hierro Hemínico y provee calcio, zinc y proteínas que complementan y fortalecen la nutrición diaria. Es un gran aliado para vencer la anemia de forma divertida. Viene en un frasco de 80 g. Se puede mezclar en cualquier bebida (leche, avena, jugos o simplemente con agua. Si desea también puede ser empleado en rectas, como galletas, panqueques, etc).",vtex_spec_or_regex,false_no_component_match
Farmacia Universal,Geria Vita en Polvo Sabor Vainilla - Frasco 1 kg,Geria Vita en Polvo Sabor Vainilla 1 kg Precio + Delivery Gratis,P2986720NNAIDKT,84.92,PEN,available,https://www.farmaciauniversal.com/geria-vita-en-polvo-sabor-vainilla-frasco-1-kg/p,29362,Power Factor,vtex_catalog_search,2026-06-08T00:46:43.976214+00:00,10,"/Vitaminas y Suplementos/Suplementos Nutricionales/Fórmulas para Adultos/ /Vitaminas y Suplementos/Suplementos Nutricionales/ /Vitaminas y Suplementos/ /1/12/28/ /1/12/ /1/ Frasco 1 kg P2986720NNAIDKT Diluir 3 cucharadas medidoras (30 g) en 250 ml de agua tibia o fría. Una vez abierto el envase, mantenerlo cerrado de manera hermética. Incluye cuchara medidora. No consumir en caso de hipersensibilidad a los ingredientes de la fórmula. Consérvese en un lugar fresco y seco. Presentación Registro Sanitario Modo de uso Precauciones y Contraindicaciones No Producto a Pedido 1 Presentación Registro Sanitario Modo de uso Precauciones y Contraindicaciones Producto a Pedido Stock Security Campos Auxiliares Highlight Stock Security “Geria Vita” es una mezcla homogénea en polvo a base de leche descremada, proteína aislada de soya, con colágeno, vitaminas y con sabor a vainilla. Físicamente, al ser diluido, se observará como una bebida clara, con un sabor ligeramente dulce y textura amigable. Está enriquecida con colágeno, proteína de soya, sangre en polvo (hemoglobina de vacuno) y demás vitaminas y minerales, especialmente para personas adultas que quieran mejorar la flexibilidad de sus articulaciones. Libre de materias extrañas. Producto apto para celíacos. Este producto es elaborado bajo las mejores condiciones de buenas prácticas de manipulación y con el seguimiento estricto de las normas y reglamentos técnicos sanitarios vigentes.",vtex_spec_or_regex,false_no_component_match
Farmacia Universal,Prime Health Kids Omega 3 Gomitas - Frasco 60 und,Prime Health Kids Omega 3 Gomitas 60 und Precio + Delivery Gratis,G7552017EMADOPR,38.00,PEN,available,https://www.farmaciauniversal.com/prime-health-kids-omega-3-gomitas-frasco-60-und/p,31427,Prime Health,vtex_catalog_search,2026-06-08T00:46:43.977470+00:00,10,"/Vitaminas y Suplementos/Minerales y Otros/Omega 3/ /Vitaminas y Suplementos/Minerales y Otros/ /Vitaminas y Suplementos/ /1/10/324/ /1/10/ /1/ Frasco 60 und G7552017EMADOPR Consumir de una a dos gomitas al día, preferiblemente después de los alimentos o según indicación médica. No exceder la dosis diaria recomendada. Mantener fuera del alcance de los niños. Conservar en un lugar fresco, seco y protegido de la luz. Presentación Registro Sanitario Modo de uso Precauciones y Contraindicaciones No Producto a Pedido 1 Presentación Registro Sanitario Modo de uso Precauciones y Contraindicaciones Producto a Pedido Stock Security Campos Auxiliares Highlight Stock Security Gomitas infantiles con Omega 3, fuente natural de ácidos grasos esenciales EPA y DHA que favorecen el desarrollo cerebral, visual y cognitivo. Con textura masticable, contribuyen en la mejorara de la concentración, la memoria y el aprendizaje de los niños, aportando los nutrientes que muchas veces no se obtienen de la dieta diaria.",vtex_spec_or_regex,false_no_component_match
Farmacia Universal,La Naturaleza y tu Salud No + Anemia Instantáneo - Frasco 200 g,La Naturaleza y tu Salud No + Anemia Instantáneo 200 g Precio + Delivery Gratis,N8309323NNAPONT,17.00,PEN,available,https://www.farmaciauniversal.com/la-naturaleza-y-tu-salud-no-anemia-instantaneo-frasco-200-g/p,31464,La Naturaleza y tu Salud,vtex_catalog_search,2026-06-08T00:46:43.977726+00:00,100,"/Vitaminas y Suplementos/Minerales y Otros/Hierro/ /Vitaminas y Suplementos/Minerales y Otros/ /Vitaminas y Suplementos/ /1/10/18/ /1/10/ /1/ Frasco 200 g N8309323NNAPONT Consumir una cucharadita una vez al día, mezclada con jugos, leche, yogurt u otras bebidas. No consumir durante el embarazo. En caso de lactancia, consultar con su médico antes de consumir. Mantener en un lugar fresco y seco. Mantener fuera del alcance de los niños. Presentación Registro Sanitario Modo de uso Precauciones y Contraindicaciones No Producto a Pedido 1 Presentación Registro Sanitario Modo de uso Precauciones y Contraindicaciones Producto a Pedido Stock Security Campos Auxiliares Highlight Stock Security La Naturaleza y tu Salud No + Anemia Instantáneo es una mezcla de harinas vegetales como berros, espirulina, espinaca, alfalfa, acelga, ortiga y perejil. Su contenido nutricional incluye hierro y vitaminas que ayudan a complementar la alimentación diaria y contribuir al bienestar general dentro de una dieta equilibrada.",vtex_spec_or_regex,false_no_component_match
Farmacia Universal,Biogena NeuroUMP Balance Gold Cápsulas - Frasco 60 und,Biogena NeuroUMP Balance Gold Cápsulas 60 und Precio + Delivery Gratis,DE5336,272.89,PEN,available,https://www.farmaciauniversal.com/biogena-neuroump-balance-gold-capsulas-frasco-60-und/p,31260,Biogena,vtex_catalog_search,2026-06-08T00:46:43.978292+00:00,100,"/Medicinas/Sistema Nervioso/Vitaminas Neuroprotectoras/ /Medicinas/Sistema Nervioso/ /Medicinas/ /2/416/432/ /2/416/ /2/ Frasco 60 und DE5336 Tomar 1 cápsula al día con abundante líquido, preferiblemente junto con las comidas o según indicación profesional. Este producto no sustituye una dieta variada y equilibrada ni un estilo de vida saludable. No superar la dosis diaria recomendada. Mantener fuera del alcance de los niños. Si está embarazada, en período de lactancia, bajo medicación o padece alguna condición médica, consulte con un profesional de la salud antes de su consumo. Presentación Registro Sanitario Modo de uso Precauciones y Contraindicaciones No No No Producto a Pedido Requiere receta médica Requiere refrigeración 1 Presentación Registro Sanitario Modo de uso Precauciones y Contraindicaciones Producto a Pedido Requiere receta médica Requiere refrigeración Stock Security Campos Auxiliares Highlight Stock Security NeuroUMP Balance Gold es un suplemento nutricional diseñado para apoyar el funcionamiento normal del sistema nervioso y la salud del tejido conectivo. Contiene una combinación de vitaminas B1 (mononitrato de tiamina), B6 (fosfato de piridoxal) y B12 (metilcobalamina), que contribuyen al buen funcionamiento del sistema nervioso. La vitamina B12 también participa en el proceso de división celular. Incluye monofosfato de uridina (UMP), un componente natural que forma parte de la estructura celular de los nervios. Además, aporta condroitín sulfato y colágeno nativo tipo II, elementos presentes en el tejido conectivo como cartílagos, piel, vasos sanguíneos, ligamentos y tendones.",vtex_spec_or_regex,false_no_component_match
Farmacia Universal,Infanzia Infavit Hierro 40 mg/ml Solución Oral - Frasco 30 ml,Infanzia Infavit Hierro 40 mg/ml Solución Oral 30 ml Precio + Delivery Gratis,DE3295,46.20,PEN,available,https://www.farmaciauniversal.com/infanzia-infavit-hierro-40-mgml-solucion-oral-frasco-30-ml/p,28195,Infanzia,vtex_catalog_search,2026-06-08T00:46:44.384098+00:00,10,"/Cuidado Infantil/Nutrición Infantil/Suplementos Infantiles/ /Cuidado Infantil/Nutrición Infantil/ /Cuidado Infantil/ /5/151/340/ /5/151/ /5/ Frasco 30 ml DE3295 Vía de administración oral. Niños de 0 a 12 meses pueden tomar hasta 1 ml del gotero una vez al día. Dar de tomar al bebé durante o inmediatamente después de su alimento. Se puede mezclar con jugos de frutas o con leche. No superar la dosis diaria expresamente recomendada para productos dietéticos. Mantenga el producto fuera del alcance de los niños. Durante la administración de este producto se puede presentar oscurecimiento de las heces, esto es debido a la presencia de hierro no absorbido y es inofensivo. Si se desarrolla algún efecto secundario grave, suspenda su uso. Presentación Registro Sanitario Modo de uso Precauciones y Contraindicaciones No Producto a Pedido 1 Presentación Registro Sanitario Modo de uso Precauciones y Contraindicaciones Producto a Pedido Stock Security Campos Auxiliares Highlight Stock Security Suplemento dietético, contribuye en la prevención y el tratamiento de apoyo de la deficiencia de hierro en la anemia. Sin estreñimiento, diarreas, dientes manchados, efectos agudos o crónicos. Agradable sabor, óptima tolerancia Composición: Por dosis contiene Complejo Hidroxido Ferrico (Hierro III) Polimaltosado 40 mg",vtex_spec_or_regex,false_no_component_match
Farmacia Universal,CherriVita Jarabe - Frasco 200 ml,CherriVita Jarabe 200 ml Precio + Delivery Gratis,DE5166,73.32,PEN,available,https://www.farmaciauniversal.com/cherrivita-jarabe-frasco-200-ml/p,31578,Qualispharma,vtex_catalog_search,2026-06-08T00:46:44.384927+00:00,10,"/Vitaminas y Suplementos/Multivitamínicos/Adultos/ /Vitaminas y Suplementos/Multivitamínicos/ /Vitaminas y Suplementos/ /1/344/350/ /1/344/ /1/ Frasco 200 ml DE5166 Adultos: tomar 15 ml una vez al día. Niños mayores de 4 años: tomar 5 ml una vez al día. Puede consumirse directamente o según indicación de un profesional de la salud. No exceder la porción diaria recomendada. No sustituye una dieta balanceada. En caso de embarazo, lactancia o tratamiento médico, consultar previamente con un profesional de la salud. Mantener fuera del alcance de los niños. Presentación Registro Sanitario Modo de uso Precauciones y Contraindicaciones No Producto a Pedido 0 Presentación Registro Sanitario Modo de uso Precauciones y Contraindicaciones Producto a Pedido Stock Security Campos Auxiliares Highlight Stock Security Suplemento Dietético",vtex_spec_or_regex,false_no_component_match
Farmacia Universal,Gerianex Complemento Nutricional Sabor Vainilla - Lata 1000 g,Gerianex Complemento Nutricional Sabor Vainilla 1000 g Precio + Delivery Gratis,P2984819NNANSLB,99.90,PEN,available,https://www.farmaciauniversal.com/gerianex-complemento-nutricional-sabor-vainilla-lata-1000-g/p,28840,Orbis International,vtex_catalog_search,2026-06-08T00:46:44.385163+00:00,1,"/Vitaminas y Suplementos/Suplementos Nutricionales/Fórmulas para Adultos/ /Vitaminas y Suplementos/Suplementos Nutricionales/ /Vitaminas y Suplementos/ /1/12/28/ /1/12/ /1/ Lata 1000 g P2984819NNANSLB Para obtener una porción de 220 ml, agregue 35 gramos de polvo (3 1/2 cucharas medidoras) en 185 ml de agua o bebida de su elección. Remueva hasta disolver completamente. Una vez preparado el producto se sugiere consumirlo al instante. No consumir si padece de hipersensibilidad a cualquiera de sus componentes. Se sugiere consultar con su profesional de la salud. Presentación Registro Sanitario Modo de uso Precauciones y Contraindicaciones No Producto a Pedido 1 Presentación Registro Sanitario Modo de uso Precauciones y Contraindicaciones Producto a Pedido Stock Security Campos Auxiliares Highlight Stock Security Complemento nutricional en polvo, libre de sacarosa, con 4 fuentes de proteinas, 4 fuentes de fibras, omegas 3, 6 y 9, 23 vitaminas y minerales y resveratrol. Contiene nutrientes que ayudan a recuperar la masa muscular (acompañado de un estilo de vida activo y saludable).",vtex_spec_or_regex,false_no_component_match
Farmacia Universal,Dolo Neurobion Forte NF Cápsulas - Blíster 4 und,Dolo Neurobion Forte NF Cápsulas 4 und,EN04712,13.00,PEN,available,https://www.farmaciauniversal.com/dolo-neurobion-forte-nf-capsulas-blister-4-und/p,30808,Neurobion,vtex_catalog_search,2026-06-08T00:46:44.385882+00:00,99999,"/Medicinas/Sistema Nervioso/Vitaminas Neuroprotectoras/ /Medicinas/Sistema Nervioso/ /Medicinas/ /2/416/432/ /2/416/ /2/ Blíster 4 und Diclofenaco sódico 50mg, Tiamina clorhidrato 50mg, Piridoxina clorhidrato 50 mg, Cianocobalamina 0.25mg EN04712 Presentación Principio Activo Registro Sanitario No Si No Producto a Pedido Requiere receta médica Requiere refrigeración 4 Presentación Principio Activo Registro Sanitario Producto a Pedido Requiere receta médica Requiere refrigeración Stock Security Campos Auxiliares Highlight Stock Security",vtex_spec_or_regex,false_no_component_match
Farmacia Universal,Osteovit Polvo Sabor Vainilla - Frasco 330 g,Osteovit Polvo Sabor Vainilla 330 g Precio + Delivery Gratis,A3500111NNAHRSA,81.94,PEN,available,https://www.farmaciauniversal.com/osteovit-polvo-sabor-vainilla-frasco-330-g/p,5026,Hersil,vtex_catalog_search,2026-06-08T00:46:44.386309+00:00,10,"/Vitaminas y Suplementos/Multivitamínicos/Osteoarticulares/ /Vitaminas y Suplementos/Multivitamínicos/ /Vitaminas y Suplementos/ /1/344/354/ /1/344/ /1/ Frasco 330 g A3500111NNAHRSA Administrar 2 cucharadas dosificadoras diarias repartidas en 1 o 2 tomas preparadas en aproximadamente 200ml de agua , leche o jugo. Indicado para Adultos. Hipercalcemia primaria o secundaria, hipercalciuria o riesgo incrementado de formación de litiasis renal, sarcoidosis, insuficiencia renal cronica, hiperdistrofia renal con hiperfosfatemia. No exceder la dosis indicada por el medico de acuerdo a las caracteristicas del usuario con el peso, estado nutricional entre otros. Conservar en lugar fresco y seco , entre 15 °C y 30 °C. Presentación Registro Sanitario Modo de uso Precauciones y Contraindicaciones No Producto a Pedido 1 Presentación Registro Sanitario Modo de uso Precauciones y Contraindicaciones Producto a Pedido Stock Security Campos Auxiliares Highlight Stock Security Osteovit® Polvo Proporciona un aporte adicional de proteínas de alto valor biológico, carbohidratos, vitaminas, minerales, ácido fólico, hierro, calcio, fósforo y zinc.",vtex_spec_or_regex,false_no_component_match
Farmacia Universal,PVM Junior Plus en Polvo Sabor Vainilla - Lata 360 g,PVM Junior Plus en Polvo Sabor Vainilla 360 g Precio + Delivery Gratis,P2963020NNAHRSA,51.95,PEN,available,https://www.farmaciauniversal.com/pvm-junior-plus-sabor-vainilla-lata-360-g/p,24089,PVM,vtex_catalog_search,2026-06-08T00:46:44.387554+00:00,10,"/Cuidado Infantil/Nutrición Infantil/Fórmulas Infantiles/ /Cuidado Infantil/Nutrición Infantil/ /Cuidado Infantil/ /5/151/167/ /5/151/ /5/ Lata 360 g P2963020NNAHRSA Seguir cuidadosamente las instrucciones del envase, con una apropiada higiene, preparación, dilución, uso y almacenamiento. Guardar en lugar fresco y seco. Una vez abierta la lata, cubrir adecuadamente el envase y almacenar a temperatura no mayor de 30ºC (NO en el refrigerador). PVM® Junior plus se deberá consumir dentro de las tres semanas después de haber abierto el envase. Presentación Registro Sanitario Modo de uso Precauciones y Contraindicaciones No Producto a Pedido Vainilla Lata 360 g Sabor Presentaciones 1 Presentación Registro Sanitario Modo de uso Precauciones y Contraindicaciones Producto a Pedido Sabor Presentaciones Stock Security Campos Auxiliares Highlight Filtros Stock Security Alimento en polvo con proteínas, vitaminas, minerales y DHA para niños. No contiene lactosa ni azúcar añadida. Enriquecido con hierro y calcio.",vtex_spec_or_regex,false_no_component_match
Farmacia Universal,Nestum Cereal Trigo y Quinua - Caja 350 g,Nestum Cereal Trigo y Quinua 350 g Precio + Delivery Gratis,I700816ENANSMR,20.04,PEN,available,https://www.farmaciauniversal.com/nestum-cereal-trigo-y-quinua-caja-350-g/p,4622,Nestum,vtex_catalog_search,2026-06-08T00:46:44.388412+00:00,10,"/Cuidado Infantil/Nutrición Infantil/Cereales Infantiles/ /Cuidado Infantil/Nutrición Infantil/ /Cuidado Infantil/ /5/151/168/ /5/151/ /5/ Caja 350 g I700816ENANSMR Seguir cuidadosamente las instrucciones del envase, con una apropiada higiene, preparación, dilución, uso y almacenamiento. Conservar en un lugar fresco y seco a temperatura ambiente. Presentación Registro Sanitario Modo de uso Precauciones y Contraindicaciones No Producto a Pedido 1 Presentación Registro Sanitario Modo de uso Precauciones y Contraindicaciones Producto a Pedido Stock Security Campos Auxiliares Highlight Stock Security Ideal para ayudar al niño a comenzar la alimentación complementaria por ser de fácil digestión. A base de harinas de trigo, triticalé, quinua, maiz, centeno, cebada, arroz y avena con probióticos, vitaminas y minerales para infantes a partir de los 9 meses.",vtex_spec_or_regex,false_no_component_match
Farmacia Universal,Geria Vita Diabet en Polvo Sabor Vainilla - Frasco 1 kg,Geria Vita Diabet en Polvo Sabor Vainilla 1 kg Precio + Delivery Gratis,P2969722NNAATRD,101.92,PEN,available,https://www.farmaciauniversal.com/geria-vita-diabet-en-polvo-sabor-vainilla-frasco-1-kg/p,29363,Power Factor,vtex_catalog_search,2026-06-08T00:46:44.388783+00:00,10,"/Vitaminas y Suplementos/Suplementos Nutricionales/Fórmulas para Diabéticos/ /Vitaminas y Suplementos/Suplementos Nutricionales/ /Vitaminas y Suplementos/ /1/12/30/ /1/12/ /1/ Frasco 1 kg P2969722NNAATRD Diluir 3 cucharadas medidoras (30 g) en 250 ml de agua tibia o fría. Una vez abierto el envase, mantenerlo cerrado de manera hermética. Incluye cuchara medidora. No consumir en caso de hipersensibilidad a los ingredientes de la fórmula. Consérvese en un lugar fresco y seco. Presentación Registro Sanitario Modo de uso Precauciones y Contraindicaciones No Producto a Pedido 1 Presentación Registro Sanitario Modo de uso Precauciones y Contraindicaciones Producto a Pedido Stock Security Campos Auxiliares Highlight Stock Security “Geria Vita DIABET” es una mezcla homogénea en polvo a base de leche descremada, proteína aislada de soya, con colágeno, vitaminas y con sabor a vainilla libre de maltodextrina, complementado con yacón. Físicamente, al ser diluido, se observará como una bebida clara, con un sabor ligeramente dulce y textura amigable. Está enriquecida con colágeno, proteína de soya, sangre en polvo (hemoglobina de vacuno) y demás vitaminas y minerales, especialmente para personas adultas que quieran mejorar la flexibilidad de sus articulaciones. Es un producto enfocado en ser una proteína de origen vegetal, alta en vitaminas y baja en grasas y carbohidratos, dando la nutrición necesaria y aportando una alta cantidad de aminoácidos de la cadena polipeptídica. Libre de materias extrañas, azúcar y colorantes. Producto apto para celíacos. Apto para diabéticos. Este producto es elaborado bajo las mejores condiciones de buenas prácticas de manipulación y con el seguimiento estricto de las normas y reglamentos técnicos sanitarios vigentes.",vtex_spec_or_regex,false_no_component_match
Farmacia Universal,Nan 3 Optipro Fórmula Láctea Infantil - Lata 800 g,Nan 3 Optipro Fórmula Láctea Infantil 800 g Precio + Delivery Gratis,I1000516ENANSMR,67.49,PEN,available,https://www.farmaciauniversal.com/nan-3-optipro-formula-lactea-infantil-lata-800-g/p,18002,NAN,vtex_catalog_search,2026-06-08T00:46:44.390542+00:00,10,"/Cuidado Infantil/Nutrición Infantil/Fórmulas Infantiles/ /Cuidado Infantil/Nutrición Infantil/ /Cuidado Infantil/ /5/151/167/ /5/151/ /5/ Lata 800 g I1000516ENANSMR Seguir cuidadosamente las instrucciones del envase, con una apropiada higiene, preparación, dilución, uso y almacenamiento. Conservar la lata bien tapada, en un lugar fresco y seco a temperatura ambiente. Presentación Registro Sanitario Modo de uso Precauciones y Contraindicaciones No Producto a Pedido Neutro Lata 800 g Sabor Presentaciones 1 Presentación Registro Sanitario Modo de uso Precauciones y Contraindicaciones Producto a Pedido Sabor Presentaciones Stock Security Campos Auxiliares Highlight Filtros Stock Security Fórmula Infantil diseñada para niños mayores de 12 meses de edad como parte de la dieta líquida. Aporta una combinación única de ingredientes esenciales importantes para favorecer el desarrollo físico y mental del niño, según los requerimientos nutricionales para esta edad.",vtex_spec_or_regex,false_no_component_match
Farmacia Universal,Enfamil Premium Promental - Lata 250 g,Enfamil Premium Promental 250 g Precio + Delivery Gratis,P2931219ENAMAJH,57.90,PEN,available,https://www.farmaciauniversal.com/enfamil-premium-promental-lata-250-g/p,21559,Enfamil,vtex_catalog_search,2026-06-08T00:46:44.391027+00:00,1,"/Cuidado Infantil/Nutrición Infantil/Fórmulas Infantiles/ /Cuidado Infantil/Nutrición Infantil/ /Cuidado Infantil/ /5/151/167/ /5/151/ /5/ Lata 250 g P2931219ENAMAJH Seguir cuidadosamente las instrucciones del envase, con una apropiada higiene, preparación, dilución, uso y almacenamiento. Conservar la lata bien tapada, en un lugar fresco y seco a temperatura ambiente. Presentación Registro Sanitario Modo de uso Precauciones y Contraindicaciones No Producto a Pedido Neutro Lata 250 g Sabor Presentaciones 1 Presentación Registro Sanitario Modo de uso Precauciones y Contraindicaciones Producto a Pedido Sabor Presentaciones Stock Security Campos Auxiliares Highlight Filtros Stock Security Fórmula láctea con hierro, DHA, ARA, colina y una mezcla exclusiva de prebióticos. Para lactantes de 0-6 meses.",vtex_spec_or_regex,false_no_component_match
Farmacia Universal,Yumi Gumi Gud Nait Gomitas Sabor Fresa - Frasco 50 und,Yumi Gumi Gud Nait Gomitas Sabor Fresa 50 und Precio + Delivery Gratis,G7706622NNARBBS,44.90,PEN,available,https://www.farmaciauniversal.com/yumi-gumi-gud-nait-gomitas-sabor-fresa-frasco-50-und/p,30745,Yumi Gumi,vtex_catalog_search,2026-06-08T00:46:44.391292+00:00,10,"/Vitaminas y Suplementos/Multivitamínicos/Relajantes/ /Vitaminas y Suplementos/Multivitamínicos/ /Vitaminas y Suplementos/ /1/344/351/ /1/344/ /1/ Frasco 50 und G7706622NNARBBS Consumir 2 a 4 gomitas entre 30 a 60 minutos antes de dormir, según necesidad. No recomendado para mujeres embarazadas ni en etapa de lactancia. Si está tomando medicamentos o padece alguna condición médica, consultar con su médico antes de consumir. Suspender el uso en caso de malestar o reacciones adversas. Mantener fuera del alcance de los niños y conservar en un lugar fresco y seco. Presentación Registro Sanitario Modo de uso Precauciones y Contraindicaciones No Producto a Pedido Fresa Sabor 0 Presentación Registro Sanitario Modo de uso Precauciones y Contraindicaciones Producto a Pedido Sabor Stock Security Campos Auxiliares Highlight Filtros Stock Security Yumi Gumi Gud Nait son gomitas sabor fresa con melatonina, diseñadas para favorecer un descanso profundo y reparador. Su presentación en suaves gomitas, ayudan a regular de manera natural el ciclo de sueño, promoviendo una mejor conciliación del descanso nocturno. Son una opción práctica y deliciosa para quienes buscan apoyar su rutina de sueño con un suplemento de fácil consumo. Son libres de octógonos",vtex_spec_or_regex,false_no_component_match
Farmacia Universal,La Naturaleza y tu Salud Moringa + Espirulina - Frasco 150 g,La Naturaleza y tu Salud Moringa + Espirulina 150 g Precio + Delivery Gratis,E4641320NNAPOOG,22.00,PEN,available,https://www.farmaciauniversal.com/la-naturaleza-y-tu-salud-moringa-espirulina-frasco-150-g/p,31463,La Naturaleza y tu Salud,vtex_catalog_search,2026-06-08T00:46:44.391550+00:00,10,"/Vitaminas y Suplementos/Suplementos Nutricionales/Fórmulas para Adultos/ /Vitaminas y Suplementos/Suplementos Nutricionales/ /Vitaminas y Suplementos/ /1/12/28/ /1/12/ /1/ Frasco 150 g E4641320NNAPOOG Consumir una cucharada 2 veces al día, mezclada con jugos, leche, yogurt u otras bebidas. No consumir durante el embarazo. En caso de lactancia, consultar con su médico antes de consumir. Mantener fuera del alcance de los niños. Presentación Registro Sanitario Modo de uso Precauciones y Contraindicaciones No Producto a Pedido 0 Presentación Registro Sanitario Modo de uso Precauciones y Contraindicaciones Producto a Pedido Stock Security Campos Auxiliares Highlight Stock Security La Naturaleza y tu Salud Moringa + Espirulina es una mezcla de origen vegetal que aporta nutrientes y compuestos bioactivos. Su consumo ayuda a complementar la alimentación diaria y puede contribuir al bienestar general, incluyendo el apoyo al equilibrio nutricional, digestivo y metabólico dentro de un estilo de vida saludable.",vtex_spec_or_regex,false_no_component_match
Farmacia Universal,Qrasun Colágeno Hidrolizado en Polvo Sabor Arándano - Pote 650 g,Qrasun Colágeno Hidrolizado en Polvo Sabor Arándano 650 g Precio + Delivery Gratis,E4610625NNAHRNT,125.00,PEN,available,https://www.farmaciauniversal.com/qrasun-colageno-hidrolizado-en-polvo-sabor-arandano-pote-650-g/p,30835,Qrasun,vtex_catalog_search,2026-06-08T00:46:44.392595+00:00,100,"/Vitaminas y Suplementos/Minerales y Otros/Colágenos/ /Vitaminas y Suplementos/Minerales y Otros/ /Vitaminas y Suplementos/ /1/10/323/ /1/10/ /1/ Pote 650 g E4610625NNAHRNT Disolver una porción (aproximadamente 10 g o 1 scoop) en 200-250 ml de agua fría o a temperatura ambiente. Mezclar bien hasta que se disuelva por completo. Consumir una vez al día, preferiblemente por la mañana o en ayunas. No exceder la dosis diaria recomendada. Producto no apto para menores de edad. Consultar con un profesional de la salud antes de consumir en caso de embarazo, lactancia o si se está bajo tratamiento médico. Este producto no es un medicamento. No debe utilizarse como sustituto de una dieta equilibrada. Almacenar en un lugar fresco y seco, protegido de la luz solar directa. Mantener fuera del alcance de los niños. Presentación Registro Sanitario Modo de uso Precauciones y Contraindicaciones No Producto a Pedido Arándano Sabor 2 Presentación Registro Sanitario Modo de uso Precauciones y Contraindicaciones Producto a Pedido Sabor Stock Security Campos Auxiliares Highlight Filtros Stock Security Este suplemento combina colágeno hidrolizado con extractos de acaí, uva, arándano, té matcha, y vitaminas como la C, E y biotina. Está formulado para complementar la alimentación diaria y proporcionar nutrientes que participan en funciones relacionadas con la piel, el cabello, las uñas y las articulaciones. Contiene ingredientes con propiedades antioxidantes y vitaminas que cumplen un rol en distintos procesos metabólicos. Sabor a arándano.",vtex_spec_or_regex,false_no_component_match
Farmacia Universal,Ana Maria Lajusticia Triptófano Plus Ashwagandha + Rhodiola y Magnesio Comprimidos - Frasco 60 und,Ana Maria Lajusticia Triptófano Plus Ashwagandha + Rhodiola y Magnesio Comprimidos 60 und Precio + Delivery Gratis,DE5640,129.90,PEN,available,https://www.farmaciauniversal.com/ana-maria-lajusticia-triptofano-plus-ashwagandha-rhodiola-y-magnesio-comprimidos-frasco-60-und/p,32536,Ana Maria Lajusticia,vtex_catalog_search,2026-06-08T00:46:44.392900+00:00,10,"/Vitaminas y Suplementos/Multivitamínicos/Relajantes/ /Vitaminas y Suplementos/Multivitamínicos/ /Vitaminas y Suplementos/ /1/344/351/ /1/344/ /1/ Frasco 60 und DE5640 Tomar 1 comprimido al día con un vaso de agua. Contenidos medios por dosis diaria de 1 comprimido: Extracto de raíz de Ashwagandha 300 mg. No se recomienda su consumo en personas que se encuentren en tratamiento con antidepresivos, que presenten insuficiencia renal o en mujeres durante la gestación. Los suplementos alimenticios no deben utilizarse como sustitutos de una alimentación equilibrada. Mantener fuera del alcance de los niños. Presentación Registro Sanitario Modo de uso Precauciones y Contraindicaciones No Producto a Pedido 0 Presentación Registro Sanitario Modo de uso Precauciones y Contraindicaciones Producto a Pedido Stock Security Campos Auxiliares Highlight Stock Security Ana Maria Lajusticia Triptófano Plus con Ashwagandha + Rhodiola y Magnesio es un complemento nutricional formulado con triptófano, ashwagandha, rhodiola y magnesio. El triptófano participa en la síntesis de serotonina, neurotransmisor relacionado con el bienestar emocional. La ashwagandha y la rhodiola son plantas tradicionalmente utilizadas para acompañar al organismo durante periodos de exigencia física o mental. Además, el magnesio contribuye al funcionamiento normal del sistema nervioso y ayuda a disminuir el cansancio y la fatiga. Su fórmula está orientada a complementar la alimentación de personas que buscan apoyar su bienestar emocional y mantener el equilibrio del sistema nervioso.",vtex_spec_or_regex,false_no_component_match
Farmacia Universal,Dinoa Nad+ Resveratrol - Frasco 100 und,Dinoa Nad+ Resveratrol 100 und Precio + Delivery Gratis,N8305425NNANVSC,52.00,PEN,available,https://www.farmaciauniversal.com/dinoa-nad-resveratrol-frasco-100-und/p,31507,Dinoa,vtex_catalog_search,2026-06-08T00:46:44.393619+00:00,10,"/Vitaminas y Suplementos/Multivitamínicos/Adultos/ /Vitaminas y Suplementos/Multivitamínicos/ /Vitaminas y Suplementos/ /1/344/350/ /1/344/ /1/ Frasco 100 und N8305425NNANVSC Tomar dos cápsulas al día con una vaso de agua. Se recomienda tomar en ayunas o diez minutos antes del desayuno para potenciar la energía y la absorción. Puede acompañarse con alimentos ricos en vitamina C y antioxidantes para reforzar su acción. No exceder la dosis diaria recomendada. No sustituye una alimentación equilibrada ni tratamientos médicos. En caso de embarazo, lactancia o condiciones médicas preexistentes, consultar con un profesional de la salud antes de su consumo. Presentación Registro Sanitario Modo de uso Precauciones y Contraindicaciones No Producto a Pedido 0 Presentación Registro Sanitario Modo de uso Precauciones y Contraindicaciones Producto a Pedido Stock Security Campos Auxiliares Highlight Stock Security Dinoa NAD+ Resveratrol es un suplemento nutricional formulado para complementar la alimentación diaria con compuestos ampliamente utilizados en productos orientados al bienestar general. La combinación de NAD+ y resveratrol se asocia con procesos relacionados con el metabolismo celular y la acción antioxidante, por lo que su consumo puede contribuir como apoyo nutricional dentro de un estilo de vida saludable, especialmente cuando se acompaña de una dieta equilibrada y hábitos adecuados.",vtex_spec_or_regex,false_no_component_match
Farmacia Universal,Gummix Kids Calm & Chill Gomitas Sabor Fresa - Caja 90 und,Gummix Kids Calm & Chill Gomitas Sabor Fresa 90 und Precio + Delivery Gratis,G6612323NNADMSA,49.95,PEN,available,https://www.farmaciauniversal.com/gummix-kids-calm-chill-gomitas-sabor-fresa-caja-90-und/p,29581,Gummix,vtex_catalog_search,2026-06-08T00:46:44.393885+00:00,10,"/Vitaminas y Suplementos/Multivitamínicos/Relajantes/ /Vitaminas y Suplementos/Multivitamínicos/ /Vitaminas y Suplementos/ /1/344/351/ /1/344/ /1/ Caja 90 und G6612323NNADMSA Solo para niños de 4 años a más. Consumir una gomita al día, 30 o 60 minutos antes de dormir. Masticar antes de digerir. Producto destinado para uso infantil bajo supervisión adulta. No exceder la dosis recomendada. No sustituye una alimentación equilibrada ni tratamientos médicos. Consultar con un profesional de la salud en caso de usar otros suplementos. Presentación Registro Sanitario Modo de uso Precauciones y Contraindicaciones No Producto a Pedido 0 Presentación Registro Sanitario Modo de uso Precauciones y Contraindicaciones Producto a Pedido Stock Security Campos Auxiliares Highlight Stock Security Gummix Kids Calm & Chill es un suplemento en gomitas sabor fresa formulado para acompañar rutinas en niños. Este tipo de formulaciones está orientado a apoyar momentos de relajación y calma, especialmente en etapas de mayor actividad o cambios en la rutina diaria, siempre como complemento de hábitos saludables y bajo supervisión de un adulto.",vtex_spec_or_regex,false_no_component_match
Farmacia Universal,Similac SenSitive Eye Q - Lata 375 g,Similac SenSitive Eye Q 375 g Precio + Delivery Gratis,I1003909ENAABLB,97.91,PEN,available,https://www.farmaciauniversal.com/similac-sensitive-eye-q-lata-375-g/p,1505,Similac,vtex_catalog_search,2026-06-08T00:46:44.394160+00:00,10,"/Cuidado Infantil/Nutrición Infantil/Fórmulas Infantiles/ /Cuidado Infantil/Nutrición Infantil/ /Cuidado Infantil/ /5/151/167/ /5/151/ /5/ Lata 375 g I1003909ENAABLB 1 cuchara medidora, incluída en la lata al ras de Similac® Sensitive en 2 Oz. fl. de agua hervida y mezclar hasta que se disuelva completamente el polvo. Consulte al profesional de la salud sobre las cantidades que el lactante debe consumir. AVISO IMPORTANTE: LA LECHE MATERNA ES EL MEJOR ALIMENTO PARA EL LACTANTE Y SE RECOMIENDA SU USO DURANTE EL MAYOR TIEMPO POSIBLE. La información contenida en esta sección no pretende/intenta realizar comparaciones con la leche materna. Una buena nutrición de la madre es importante para la reparación y el mantenimiento de la lactancia. ALMACENAMIENTO: Conserve la lata cerrada a temperatura ambiente en lugar fresco y seco (no en el refrigerador). Una vez abierta la lata su contenido debe usarse dentro de las tres semanas siguientes. Presentación Registro Sanitario Modo de uso Precauciones y Contraindicaciones No Producto a Pedido Neutro Lata 375 g Sabor Presentaciones 1 Presentación Registro Sanitario Modo de uso Precauciones y Contraindicaciones Producto a Pedido Sabor Presentaciones Stock Security Campos Auxiliares Highlight Filtros Stock Security Similac Sensitive, fórmula libre de lactosa científicamente diseñada para facilitar la digestión de los bebés.",vtex_spec_or_regex,false_no_component_match
Farmacia Universal,Enfagrow Premium Promental Sabor Natural - Lata 850 g,Enfagrow Premium Promental Natural 850 g Precio + Delivery Gratis,I1000620ENARBHA,105.23,PEN,available,https://www.farmaciauniversal.com/enfagrow-premium-promental-sabor-natural-lata-850-g/p,22233,Enfagrow,vtex_catalog_search,2026-06-08T00:46:44.394927+00:00,10,"/Cuidado Infantil/Nutrición Infantil/Fórmulas Infantiles/ /Cuidado Infantil/Nutrición Infantil/ /Cuidado Infantil/ /5/151/167/ /5/151/ /5/ Lata 850 g I1000620ENARBHA Colocar en un vaso 180 mL (6 oz fl) de agua potable previamente hervida, añadir 6 medidas con la cuchara medidora sin comprimir y revolver hasta que la mezcla sea homogénea. En niños menores de 24 meses consulte con su pediatra. Este producto no es sucedáneo de la leche materna. Presentación Registro Sanitario Modo de uso Precauciones y Contraindicaciones No Producto a Pedido Natural Lata 850 g Sabor Presentaciones 0 Presentación Registro Sanitario Modo de uso Precauciones y Contraindicaciones Producto a Pedido Sabor Presentaciones Stock Security Campos Auxiliares Highlight Filtros Stock Security Alimento en polvo con DHA^, prebióticos, vitaminas y minerales para niños en crecimiento. Con MFGM°, DHA^ y otros neuronutrientes (como Hierro, yodo, zinc, colina) que junto con tu estimulación apoyan el DESARROLLO MENTAL* de tu hijo. Mezcla exclusiva de PDX-GOS, betaglucano y DHA que cuentan con estudios científicos relacionados con beneficios en el sistema inmune, además de vitaminas y minerales. Prebióticos que apoyan el funcionamiento del sistema digestivo. Sin sacarosa, sin fructosa. Marca N°1 recomendada por pediatras en el Perú.",vtex_spec_or_regex,false_no_component_match
Farmacia Universal,Diabesure en Polvo Sabor Vainilla - Frasco 900 g,Diabesure en Polvo Sabor Vainilla 900 g Precio + Delivery Gratis,P2968420N/NANSLB,101.40,PEN,available,https://www.farmaciauniversal.com/diabesure-en-polvo-sabor-vainilla-frasco-900-g/p,28204,Orbis International,vtex_catalog_search,2026-06-08T00:46:44.395652+00:00,10,"/Vitaminas y Suplementos/Suplementos Nutricionales/Fórmulas para Diabéticos/ /Vitaminas y Suplementos/Suplementos Nutricionales/ /Vitaminas y Suplementos/ /1/12/30/ /1/12/ /1/ Frasco 900 g P2968420N/NANSLB Para una porción de 220 ml, agregue 35 g de polvo (4 cucharas medidoras) en 185 ml de agua o bebida de su elección. Mezcle hasta disolver completamente y consúmalo de inmediato. No consumir si padece de hipersensibilidad a cualquiera de sus componentes. Si tuviese alguna duda del consumo de este producto se recomienda consultar con su profesional de la salud. Presentación Registro Sanitario Modo de uso Precauciones y Contraindicaciones No Producto a Pedido Vainilla Sabor 1 Presentación Registro Sanitario Modo de uso Precauciones y Contraindicaciones Producto a Pedido Sabor Stock Security Campos Auxiliares Highlight Filtros Stock Security - Complemento nutricional en polvo, alto en fibra y carbohidratos de digestión lenta, para pacientes con diabetes. Contiene 4 fuentes de proteínas, 4 de fibra para regular el tránsito intestinal, omegas 3, 6 y 9, colágeno, 23 vitaminas y minerales, y resveratrol (antioxidante). Sabor vainilla.",vtex_spec_or_regex,false_no_component_match
Farmacia Universal,Ceregen Vit 10+ Solución Oral - Frasco 325 ml,Ceregen Vit 10+ Solución Oral 325 ml Precio + Delivery Gratis,DN0638,67.00,PEN,available,https://www.farmaciauniversal.com/ceregen-vit-10-solucion-oral-frasco-325-ml/p,22772,Dibrolax,vtex_catalog_search,2026-06-08T00:46:44.941087+00:00,10,"/Vitaminas y Suplementos/Multivitamínicos/Adultos/ /Vitaminas y Suplementos/Multivitamínicos/ /Vitaminas y Suplementos/ /1/344/350/ /1/344/ /1/ Frasco 325 ml DN0638 Para niños mayores de 10 años, se recomienda tomar de 1 a 3 cucharaditas al día durante el desayuno. Evitar tratamientos prolongados. Tener precaución en pacientes con régimen hiposódico. No utilizar en pacientes con enfermedades hepáticas, alcoholismo, epilepsia, trastornos cerebrales, durante el embarazo, lactancia o en niños. El alcohol puede alterar los efectos de otros medicamentos. No se debe conducir o manejar maquinaria mientras se esté en tratamiento con este producto. Presentación Registro Sanitario Modo de uso Precauciones y Contraindicaciones No Producto a Pedido 1 Presentación Registro Sanitario Modo de uso Precauciones y Contraindicaciones Producto a Pedido Stock Security Campos Auxiliares Highlight Stock Security Ceregen Vit 10 Solución Oral es una combinación de vitaminas del complejo B con minerales que te ayudan con el cansancio físico y mental, ayudando a mejorar la concentración y rendimiento.",vtex_spec_or_regex,false_no_component_match
Farmacia Universal,Jalk Miel de Abeja - Pote 250 g,Jalk Miel de Abeja 250 g Precio + Delivery Gratis,F6003812NNADSJL,23.90,PEN,available,https://www.farmaciauniversal.com/jalk-miel-de-abeja-pote-250-g/p,9363,Jalk,vtex_catalog_search,2026-06-08T00:46:44.941349+00:00,100,"/Productos Saludables/Endulzantes/Miel de Abeja/ /Productos Saludables/Endulzantes/ /Productos Saludables/ /9/272/281/ /9/272/ /9/ Pote 250 g F6003812NNADSJL Puedes consumirlo directamente o diluirlo en agua, jugos, infusiones, o incluso usarlo como endulzante en tus alimentos favoritos. No administrar miel a menores de 1 año por riesgo de botulismo infantil. Conservar bien tapada en lugar fresco y seco. Personas con dietas restringidas en azúcares deben considerar su aporte calórico. Presentación Registro Sanitario Modo de uso Precauciones y Contraindicaciones No Producto a Pedido 1 Presentación Registro Sanitario Modo de uso Precauciones y Contraindicaciones Producto a Pedido Stock Security Campos Auxiliares Highlight Stock Security Jalk Miel de Abeja es un producto natural de origen apícola, rico en azúcares naturales, enzimas, vitaminas y minerales que brindan energía de manera inmediata. Es ideal para endulzar bebidas o comidas de forma natural, además de ser una alternativa nutritiva para quienes buscan mejorar su bienestar diario con un suplemento tradicional.",vtex_spec_or_regex,false_no_component_match
Farmacia Universal,InmunoCare HP Suplemento Nutricional Sabor Vainilla - Frasco 850 g,InmunoCare HP Suplemento Nutricional Vainilla 850 g Precio + Delivery Gratis,I8912019NNAEMSR,196.00,PEN,available,https://www.farmaciauniversal.com/inmunocare-hp-suplemento-nutricional-sabor-vainilla-lata-850-g/p,23130,Daily Nutrition,vtex_catalog_search,2026-06-08T00:46:44.941625+00:00,100,"/Vitaminas y Suplementos/Suplementos Nutricionales/Fórmulas para Adultos/ /Vitaminas y Suplementos/Suplementos Nutricionales/ /Vitaminas y Suplementos/ /1/12/28/ /1/12/ /1/ Frasco 850 g I8912019NNAEMSR Diluir 4 cucharadas (incluida en el envase) en un vaso de 160ml. Con agua a temperatura ambiente. Sólo como único alimento si es indicado por el profesional de salud. Presentación Registro Sanitario Modo de uso Precauciones y Contraindicaciones No Producto a Pedido Vainilla Frasco 850 g Sabor Presentaciones 1 Presentación Registro Sanitario Modo de uso Precauciones y Contraindicaciones Producto a Pedido Sabor Presentaciones Stock Security Campos Auxiliares Highlight Filtros Stock Security Formula hiperproteica con calostro bovino y fibra prebiótica para cubrir altas demandas nutricionales e inmunológicas. Sirve como complemento nutricional indicado para pacientes con requerimientos nutricionales especiales. Inmunosuprimidos, oncológicos, diabéticos, renales (controlados), adulto mayores, cirugía bariátrica.",vtex_spec_or_regex,false_no_component_match
Farmacia Universal,Invitalys Nad+ Trans Resveratrol Gomitas Sabor Uva - Frasco 70 und,Invitalys Nad+ Trans Resveratrol Gomitas Sabor Uva 70 und Precio + Delivery Gratis,G6608925NNANVSC,59.00,PEN,available,https://www.farmaciauniversal.com/invitalys-nad-trans-resveratrol-gomitas-sabor-uva-frasco-70-und/p,32205,Invitalys,vtex_catalog_search,2026-06-08T00:46:44.941899+00:00,10,"/Vitaminas y Suplementos/Multivitamínicos/Adultos/ /Vitaminas y Suplementos/Multivitamínicos/ /Vitaminas y Suplementos/ /1/344/350/ /1/344/ /1/ Frasco 70 und G6608925NNANVSC Consumir de 1 a 2 gomitas al día. Mantener el envase bien cerrado después de cada uso. Mantener fuera del alcance de los niños. No sustituye una alimentación equilibrada ni un estilo de vida saludable. Presentación Registro Sanitario Modo de uso Precauciones y Contraindicaciones No Producto a Pedido Uva Sabor Presentación Registro Sanitario Modo de uso Precauciones y Contraindicaciones Producto a Pedido Sabor Campos Auxiliares Highlight Filtros Invitalys NAD+ Trans Resveratrol Gomitas sabor uva es un suplemento alimenticio formulado con NAD+, trans-resveratrol, biotina, vitaminas del complejo B y extracto de uva borgoña. Esta combinación de ingredientes está diseñada para complementar la alimentación diaria y formar parte de una rutina de bienestar integral. Su presentación en gomitas facilita su consumo, siendo una alternativa práctica para el día a día. Es un producto libre de azúcar, gluten y lácteos.",vtex_spec_or_regex,false_no_component_match
Farmacia Universal,VitaxaLab Nutri Advance HMB Sabor Vainilla - Frasco 1100 g,VitaxaLab Nutri Advance HMB Sabor Vainilla 1100 g Precio + Delivery Gratis,I8907221NNAGUZD,150.00,PEN,available,https://www.farmaciauniversal.com/vitaxalab-nutri-advance-hmb-sabor-vainilla-frasco-1100-g/p,32227,VitaxaLab,vtex_catalog_search,2026-06-08T00:46:44.942195+00:00,10,"/Vitaminas y Suplementos/Suplementos Nutricionales/Fórmulas para Adultos/ /Vitaminas y Suplementos/Suplementos Nutricionales/ /Vitaminas y Suplementos/ /1/12/28/ /1/12/ /1/ Frasco 1100 g I8907221NNAGUZD Disolver 2 cucharadas dosificadoras (30 g) en 250 ml de agua o jugo, según preferencia. Consumir una vez al día. Una vez abierto, consumir dentro de los 2 meses. Mantener fuera del alcance de los niños. No consumir en caso de intolerancia o sensibilidad a alguno de sus ingredientes. Almacenar entre 15°C y 30°C, protegido de la luz directa y la humedad. No sustituye una alimentación equilibrada. Presentación Registro Sanitario Modo de uso Precauciones y Contraindicaciones No Producto a Pedido Vainilla Sabor Presentación Registro Sanitario Modo de uso Precauciones y Contraindicaciones Producto a Pedido Sabor Campos Auxiliares Highlight Filtros VitaxaLab Nutri Advance HMB es un suplemento alimenticio en polvo sabor vainilla que aporta proteínas (22 g por porción) junto con vitaminas, minerales y otros componentes nutricionales. Su fórmula incluye calostro bovino, asociado a la presencia de inmunoglobulinas, así como fibra y cepas probióticas que participan en el funcionamiento digestivo. Contiene vitaminas del complejo B, incluyendo B12, además de DHA, ARA y colina, vinculados a funciones cognitivas y metabólicas. También incorpora HMB y aminoácidos esenciales, formando parte de una alternativa para complementar la alimentación en adultos, especialmente en contextos donde se busca reforzar la ingesta nutricional y el soporte de tejidos.",vtex_spec_or_regex,false_no_component_match
Farmacia Universal,Mason Ácido Alfa Lipoico 600 mg Cápsulas - Frasco 30 und,Mason Ácido Alfa Lipoico 600 mg Cápsulas 30 und Precio + Delivery Gratis,DE5199,97.90,PEN,available,https://www.farmaciauniversal.com/mason-acido-alfa-lipoico-600-mg-capsulas-frasco-30-und/p,30457,Mason Natural,vtex_catalog_search,2026-06-08T00:46:44.943545+00:00,100,"/Vitaminas y Suplementos/Minerales y Otros/ /Vitaminas y Suplementos/ /1/10/ /1/ Frasco 30 und Ácido Alfa Lipoico 600 mg DE5199 Ingerir una cápsula al día, preferiblemente con alimentos, o según indicación de un profesional de la salud. No exceder la dosis recomendada. No utilizar como sustituto de una dieta equilibrada. Consultar con un profesional de la salud antes de su uso, especialmente en embarazo, lactancia o enfermedades preexistentes. Presentación Principio Activo Registro Sanitario Modo de uso Precauciones y Contraindicaciones No Producto a Pedido 1 Presentación Principio Activo Registro Sanitario Modo de uso Precauciones y Contraindicaciones Producto a Pedido Stock Security Campos Auxiliares Highlight Stock Security El ácido alfa lipoico es un antioxidante que se produce de forma natural en el cuerpo y también se encuentra en los alimentos. Se utiliza para descomponer los carbohidratos y generar energía.",vtex_spec_or_regex,false_no_component_match
Farmacia Universal,VitaxaLab Enersure Advance HMB Sabor Vainilla - Frasco 1100 g,VitaxaLab Enersure Advance HMB Sabor Vainilla 1100 g Precio + Delivery Gratis,I8907221NNAGUZD,99.00,PEN,available,https://www.farmaciauniversal.com/vitaxalab-enersure-advance-hmb-sabor-vainilla-frasco-1100-g-2026/p,32226,VitaxaLab,vtex_catalog_search,2026-06-08T00:46:44.943856+00:00,10,"/Vitaminas y Suplementos/Suplementos Nutricionales/Fórmulas para Adultos/ /Vitaminas y Suplementos/Suplementos Nutricionales/ /Vitaminas y Suplementos/ /1/12/28/ /1/12/ /1/ Frasco 1100 g I8907221NNAGUZD Disolver 2 cucharadas dosificadoras (30 g) en 250 ml de agua o jugo, según preferencia. Consumir una vez al día. Una vez abierto, consumir dentro de los 2 meses. Mantener fuera del alcance de los niños. No consumir en caso de intolerancia o sensibilidad a alguno de sus ingredientes. Almacenar entre 15°C y 30°C, protegido de la luz directa y la humedad. No sustituye una alimentación equilibrada. Presentación Registro Sanitario Modo de uso Precauciones y Contraindicaciones No Producto a Pedido Vainilla Sabor Presentación Registro Sanitario Modo de uso Precauciones y Contraindicaciones Producto a Pedido Sabor Campos Auxiliares Highlight Filtros VitaxaLab Enersure Advance HMB es un suplemento alimenticio en polvo sabor vainilla que aporta proteínas (8.8 g por porción) junto con vitaminas, minerales y otros componentes nutricionales. Su fórmula combina vitamina C, zinc y selenio, asociados al funcionamiento del sistema inmunitario, además de calcio, fósforo y vitamina D3, que participan en el mantenimiento de huesos y dientes. Incluye DHA, ARA y vitaminas del complejo B, vinculados a funciones cognitivas y metabólicas, así como hierro, relacionado con el metabolismo energético. También contiene betaglucano, glucosamina y HMB, integrándose como una alternativa para complementar la alimentación diaria en adultos, especialmente en situaciones donde se requiere reforzar la ingesta nutricional.",vtex_spec_or_regex,false_no_component_match
Farmacia Universal,Prothepa Cápsulas - Caja 100 und,Prothepa Cápsulas 100 und Precio + Delivery Gratis,N8303014N/NALBMG,130.00,PEN,available,https://www.farmaciauniversal.com/prothepa-capsulas-caja-100-und/p,22317,Laboratorios Biosana,vtex_catalog_search,2026-06-08T00:46:44.944142+00:00,10,"/Vitaminas y Suplementos/Multivitamínicos/Digestivos/ /Vitaminas y Suplementos/Multivitamínicos/ /Vitaminas y Suplementos/ /1/344/352/ /1/344/ /1/ Caja 100 und N8303014N/NALBMG Consumir una cápsula tres veces al día después de los alimentos, acompañada de un vaso de agua, o según la recomendación de un profesional de la salud. No exceder la dosis diaria recomendada. Producto indicado únicamente para adultos. No se recomienda durante el embarazo ni la lactancia. En personas con enfermedades hepáticas graves, cálculos biliares o bajo tratamiento médico, su uso debe estar supervisado por un especialista. Mantener en un lugar fresco, seco y protegido de la luz solar directa. Presentación Registro Sanitario Modo de uso Precauciones y Contraindicaciones No Producto a Pedido 0 Presentación Registro Sanitario Modo de uso Precauciones y Contraindicaciones Producto a Pedido Stock Security Campos Auxiliares Highlight Stock Security Prothepa de Laboratorio Biosana es un suplemento en cápsulas elaborado a base de extractos vegetales deshidratados de hercampuri, alcachofa, agracejo, boldo y diente de león, enriquecido con vitaminas B6 y B12. Esta combinación de hierbas tradicionalmente se ha empleado como apoyo en la función hepática y digestiva, contribuyendo al cuidado del hígado y al bienestar general.",vtex_spec_or_regex,false_no_component_match
Farmacia Universal,Enfamil Premium Confort - Lata 800 g,Enfamil Premium Confort 800 g Precio + Delivery Gratis,I1001817ENAMAJH,189.82,PEN,available,https://www.farmaciauniversal.com/enfamil-premium-confort-lata-800-g/p,21137,Enfamil,vtex_catalog_search,2026-06-08T00:46:44.944355+00:00,10,"/Cuidado Infantil/Nutrición Infantil/Fórmulas Infantiles/ /Cuidado Infantil/Nutrición Infantil/ /Cuidado Infantil/ /5/151/167/ /5/151/ /5/ Lata 800 g I1001817ENAMAJH Seguir cuidadosamente las instrucciones del envase, con una apropiada higiene, preparación, dilución, uso y almacenamiento. AVISO IMPORTANTE: ""LA LECHE MATERNA ES EL MEJOR ALIMENTO PARA EL LACTANTE"". Presentación Registro Sanitario Modo de uso Precauciones y Contraindicaciones No Producto a Pedido Neutro Lata 800 g Sabor Presentaciones 1 Presentación Registro Sanitario Modo de uso Precauciones y Contraindicaciones Producto a Pedido Sabor Presentaciones Stock Security Campos Auxiliares Highlight Filtros Stock Security Fórmula láctea en polvo con proteínas parcialmente hidrolizadas, DHA, ARA y hierro.",vtex_spec_or_regex,false_no_component_match
Farmacia Universal,Alula Gold Comfort Kid Pack 200 g + 200 g - Pack 2 und,Alula Gold Comfort Kid 200 g + 200 g Delivery Gratis,I3000323ENASNNT,50.01,PEN,available,https://www.farmaciauniversal.com/alula-gold-comfort-kid-200-g-pack-2-und/p,30857,Alula Gold,vtex_catalog_search,2026-06-08T00:46:44.944637+00:00,100,"/Cuidado Infantil/Nutrición Infantil/Fórmulas Infantiles/ /Cuidado Infantil/Nutrición Infantil/ /Cuidado Infantil/ /5/151/167/ /5/151/ /5/ Pack 2 und I3000323ENASNNT Lávese bien las manos y utensilios usados en la preparación, hirviéndolos si es posible. Usar 1 medidor (6 g) de polvo por cada 30 ml de agua hervida y tibia, mezclar bien e ingerir sin demora. Si se prepara más de una porción, debe refrigerarse y consumirse dentro de las 2 horas siguientes. Desechar las porciones sobrantes. Verifique nuevamente la temperatura antes de ofrecer al niño. El uso de fórmulas debe ser supervisado por un profesional de salud. No sustituye la lactancia materna en menores de 2 años. Preparar en condiciones higiénicas adecuadas. Presentación Registro Sanitario Modo de uso Precauciones y Contraindicaciones No Producto a Pedido 0 Presentación Registro Sanitario Modo de uso Precauciones y Contraindicaciones Producto a Pedido Stock Security Campos Auxiliares Highlight Stock Security Alula Gold Comfort Kid es una fórmula infantil diseñada para niños pequeños, elaborada para cubrir necesidades nutricionales específicas durante etapas de crecimiento. Aporta proteínas, vitaminas y minerales esenciales para apoyar una dieta balanceada, especialmente en casos donde se busca complementar la alimentación regular.",vtex_spec_or_regex,false_no_component_match
Farmacia Universal,Biogena 7 Salt Magnesium Cápsulas - Frasco 60 und,Biogena 7 Salt Magnesium Cápsulas 60 und Precio + Delivery Gratis,DE5327,135.00,PEN,available,https://www.farmaciauniversal.com/biogena-7-salt-magnesium-capsulas-frasco-60-und/p,32343,Biogena,vtex_catalog_search,2026-06-08T00:46:44.944920+00:00,10,"/Vitaminas y Suplementos/Minerales y Otros/Magnesio/ /Vitaminas y Suplementos/Minerales y Otros/ /Vitaminas y Suplementos/ /1/10/15/ /1/10/ /1/ Frasco 60 und DE5327 Adultos, tomar 1 cápsula dos veces al día con abundante líquido, preferiblemente fuera de las comidas. No exceder la dosis diaria recomendada. Los suplementos dietéticos no sustituyen una dieta variada y equilibrada ni un estilo de vida saludable. Mantener fuera del alcance de los niños. Presentación Registro Sanitario Modo de uso Precauciones y Contraindicaciones No Producto a Pedido Presentación Registro Sanitario Modo de uso Precauciones y Contraindicaciones Producto a Pedido Campos Auxiliares Highlight 7-Salt Magnesium de Biogena es un suplemento premium que combina 7 diferentes sales de magnesio (malato de magnesio, bisglicinato de magnesio, citrato de magnesio, óxido de magnesio, glicerofosfato de magnesio, gluconato de magnesio y carbonato de magnesio) en una sola fórmula. Esta combinación está diseñada para favorecer una absorción progresiva y un aporte más completo del mineral, contribuyendo al funcionamiento normal del sistema muscular, nervioso y al metabolismo energético. Es una opción práctica para quienes buscan complementar su alimentación con magnesio dentro de una rutina de bienestar.",vtex_spec_or_regex,false_no_component_match
Farmacia Universal,B Vat Protek Cápsulas - Caja 60 und,B Vat Protek Cápsulas 60 und Precio + Delivery Gratis,PNE1728,120.00,PEN,available,https://www.farmaciauniversal.com/b-vat-protek-capsulas-caja-60-und/p,31895,Dropesac,vtex_catalog_search,2026-06-08T00:46:44.945227+00:00,10,"/Medicinas/Malestar Gastrointestinal/Hepatoprotectores/ /Medicinas/Malestar Gastrointestinal/ /Medicinas/ /2/39/305/ /2/39/ /2/ Caja 60 und Silimarina, Complejo B PNE1728 Tomar por vía oral la dosis indicada en el envase o según recomendación de un profesional de la salud. Consumir con agua, preferentemente junto a las comidas, como parte de una rutina diaria de cuidado nutricional. No exceder la dosis diaria recomendada. Este producto no sustituye una alimentación equilibrada ni tratamientos médicos. Consultar con un profesional de la salud antes de su consumo en caso de embarazo, lactancia o si se están utilizando otros suplementos o medicamentos. Mantener fuera del alcance de los niños y conservar en un lugar fresco y seco. Presentación Principio Activo Registro Sanitario Modo de uso Precauciones y Contraindicaciones No No No Producto a Pedido Requiere receta médica Requiere refrigeración Presentación Principio Activo Registro Sanitario Modo de uso Precauciones y Contraindicaciones Producto a Pedido Requiere receta médica Requiere refrigeración Campos Auxiliares Highlight B Vat Protek es un suplemento alimenticio en cápsulas formulado con silimarina y vitaminas del complejo B, utilizado como coadyuvante en el cuidado y protección de la función hepática. Su fórmula está orientada a complementar la alimentación en personas que desean apoyar el bienestar del hígado, especialmente en situaciones de mayor exigencia metabólica, como el consumo prolongado de medicamentos, hábitos alimenticios elevados en grasas o exposición frecuente a agentes externos.",vtex_spec_or_regex,false_no_component_match
Farmacia Universal,MaxiKid Defense - Frasco 500 g,MaxiKid Defense 500 g Precio + Delivery Gratis,P2954523NNANTIN,129.00,PEN,available,https://www.farmaciauniversal.com/maxikid-defense-frasco-500-g/p,32520,Med Nutricion,vtex_catalog_search,2026-06-08T00:46:44.945517+00:00,10,"/Cuidado Infantil/Nutrición Infantil/Suplementos Infantiles/ /Cuidado Infantil/Nutrición Infantil/ /Cuidado Infantil/ /5/151/340/ /5/151/ /5/ Frasco 500 g P2954523NNANTIN Mezclar 2 medidas en un vaso con leche, avena u otra bebida de preferencia. Consumir una o dos veces al día. Consumir como complemento de una alimentación equilibrada. No exceder la porción recomendada. Conservar en un lugar fresco y seco, manteniendo el envase bien cerrado. Mantener fuera del alcance de los niños pequeños. Presentación Registro Sanitario Modo de uso Precauciones y Contraindicaciones No Producto a Pedido 0 Presentación Registro Sanitario Modo de uso Precauciones y Contraindicaciones Producto a Pedido Stock Security Campos Auxiliares Highlight Stock Security MaxiKid Defense es un complemento nutricional infantil formulado con prebióticos, probióticos y nutrientes seleccionados para acompañar la alimentación diaria de los niños. Su fórmula incorpora Bacillus coagulans, además de calostro bovino y superfoods, ingredientes utilizados como apoyo dentro de una dieta equilibrada y un estilo de vida saludable. Está orientado a complementar el bienestar nutricional y el equilibrio de la microbiota intestinal durante etapas de crecimiento.",vtex_spec_or_regex,false_no_component_match
Farmacia Universal,Flexi Plus Sabor Naranja Sobres - Caja 30 und,Flexi Plus Sabor Naranja Sobres 30 und Precio + Delivery Gratis,P2868825N/NALBBO,132.00,PEN,available,https://www.farmaciauniversal.com/flexi-plus-sabor-naranja-sobres-caja-30-und/p,22316,Laboratorios Biosana,vtex_catalog_search,2026-06-08T00:46:44.945808+00:00,10,"/Vitaminas y Suplementos/Multivitamínicos/Osteoarticulares/ /Vitaminas y Suplementos/Multivitamínicos/ /Vitaminas y Suplementos/ /1/344/354/ /1/344/ /1/ Caja 30 und P2868825N/NALBBO Disolver el contenido de un sobre en un vaso con agua y consumir preferiblemente por las mañanas. No exceder la dosis diaria recomendada. Indicado para adultos. Mantener en un lugar fresco, seco y protegido de la luz solar directa. Suspender su uso si se presentan reacciones adversas. Presentación Registro Sanitario Modo de uso Precauciones y Contraindicaciones No Producto a Pedido 1 Presentación Registro Sanitario Modo de uso Precauciones y Contraindicaciones Producto a Pedido Stock Security Campos Auxiliares Highlight Stock Security Flexi Plus es un suplemento en polvo instantáneo con agradable sabor a naranja. Su fórmula combina cúrcuma, cartílago de tiburón, colágeno hidrolizado, vitaminas y minerales, nutrientes que pueden contribuir al mantenimiento de la salud articular y al soporte de la movilidad. Su presentación en sobres facilita la preparación y el consumo diario como parte de un estilo de vida activo y equilibrado.",vtex_spec_or_regex,false_no_component_match
Farmacia Universal,Speman Tabletas Recubiertas - Frasco 60 und,Speman Tabletas Recubiertas 60 und Precio + Delivery Gratis,PNE1315,144.50,PEN,available,https://www.farmaciauniversal.com/speman-tabletas-recubiertas-frasco-60-und/p,9196,Himalaya,vtex_catalog_search,2026-06-08T00:46:44.946056+00:00,1,"/Vitaminas y Suplementos/Multivitamínicos/Adultos/ /Vitaminas y Suplementos/Multivitamínicos/ /Vitaminas y Suplementos/ /1/344/350/ /1/344/ /1/ Frasco 60 und PNE1315 Consumir 2 tabletas, tres veces al día, o según recomendación de un profesional de salud. Conservar a temperatura menor de 30 °C y protegido de la luz. No refrigerar. Mantener fuera del alcance de los niños. Los suplementos alimenticios no sustituyen una alimentación balanceada. Consultar con un profesional de salud antes de consumir si recibe tratamiento médico. Presentación Registro Sanitario Modo de uso Precauciones y Contraindicaciones No Producto a Pedido 0 Presentación Registro Sanitario Modo de uso Precauciones y Contraindicaciones Producto a Pedido Stock Security Campos Auxiliares Highlight Stock Security Speman Tabletas Recubiertas es un suplemento herbal utilizado tradicionalmente como complemento para el bienestar del sistema reproductivo masculino. Su fórmula a base de extractos vegetales forma parte de productos orientados al cuidado integral masculino y puede utilizarse como apoyo dentro de hábitos saludables y una alimentación equilibrada. Su presentación en tabletas recubiertas facilita una administración práctica y cómoda.",vtex_spec_or_regex,false_no_component_match
Farmacia Universal,MaxiKid Probióticos + Prebióticos Gomitas Sabor Frambuesa - Frasco 60 und,MaxiKid Probióticos + Prebióticos Gomitas Sabor Frambuesa 60 und Precio + Delivery Gratis,G7714823NNANTIN,69.00,PEN,available,https://www.farmaciauniversal.com/maxikid-probioticos-prebioticos-gomitas-sabor-frambuesa-frasco-60-und/p,32523,Med Nutricion,vtex_catalog_search,2026-06-08T00:46:44.947123+00:00,1,"/Vitaminas y Suplementos/Multivitamínicos/Digestivos/ /Vitaminas y Suplementos/Multivitamínicos/ /Vitaminas y Suplementos/ /1/344/352/ /1/344/ /1/ Frasco 60 und G7714823NNANTIN Consumir de 1 a 2 gomitas al día, preferentemente bajo supervisión de un adulto. No exceder la dosis diaria recomendada. Los suplementos no reemplazan una alimentación equilibrada. Mantener el envase bien cerrado en un lugar fresco y seco. Mantener fuera del alcance de los niños pequeños. Presentación Registro Sanitario Modo de uso Precauciones y Contraindicaciones No Producto a Pedido 0 Presentación Registro Sanitario Modo de uso Precauciones y Contraindicaciones Producto a Pedido Stock Security Campos Auxiliares Highlight Stock Security MaxiKid Probióticos + Prebióticos Gomitas Sabor Frambuesa es un suplemento infantil en gomitas formulado con prebióticos, probióticos, vitaminas y minerales que complementan la alimentación diaria de los niños. Su fórmula está orientada al bienestar digestivo y equilibrio de la microbiota intestinal, además de aportar nutrientes que participan en el metabolismo energético y el aprovechamiento de nutrientes. Su agradable sabor a frambuesa facilita el consumo diario.",vtex_spec_or_regex,false_no_component_match
Farmacia Universal,Alula Gold Premium Comfort - Lata 900 g,Alula Gold Premium Comfort 900 g Precio + Delivery Gratis,I1014524ENASNNT,182.00,PEN,available,https://www.farmaciauniversal.com/alula-gold-premium-comfort-lata-900-g/p,30854,Alula Gold,vtex_catalog_search,2026-06-08T00:46:44.947373+00:00,10,"/Cuidado Infantil/Nutrición Infantil/Fórmulas Infantiles/ /Cuidado Infantil/Nutrición Infantil/ /Cuidado Infantil/ /5/151/167/ /5/151/ /5/ Lata 900 g I1014524ENASNNT Disolver 4 medidas rasas (aprox. 4,5g cada una) en 30ml de agua tibia (40°C), agitar hasta disolver y administrar según indicaciones pediátricas. Uso exclusivo bajo indicación médica, especialmente en casos de alergia o intolerancia. Mantener la lata bien cerrada en lugar fresco y seco. Descartar restos tras 1 mes de apertura. Preparar biberón justo antes de consumirlo. Presentación Registro Sanitario Modo de uso Precauciones y Contraindicaciones No Producto a Pedido 1 Presentación Registro Sanitario Modo de uso Precauciones y Contraindicaciones Producto a Pedido Stock Security Campos Auxiliares Highlight Stock Security Alula Gold Premium Comfort es una fórmula infantil especialmente diseñada para lactantes, elaborada con una combinación de nutrientes esenciales como vitaminas, minerales, nucleótidos y prebióticos FOS/GOS. Su composición busca contribuir con una digestión suave y apoyar el desarrollo integral del bebé. Presentación en lata con dosificador para un uso más práctico y seguro.",vtex_spec_or_regex,false_no_component_match
Farmacia Universal,Vitafos Junior Complemento Alimentario Sabor Vainilla - Lata 800 g,Vitafos Junior Complemento Alimentario Sabor Vainilla 800 g Precio + Delivery Gratis,A3450124ENADSCN,124.68,PEN,available,https://www.farmaciauniversal.com/vitafos-junior-complemento-alimentario-sabor-vainilla-lata-800-g/p,17737,Vitafos,vtex_catalog_search,2026-06-08T00:46:44.947648+00:00,10,"/Cuidado Infantil/Nutrición Infantil/Fórmulas Infantiles/ /Cuidado Infantil/Nutrición Infantil/ /Cuidado Infantil/ /5/151/167/ /5/151/ /5/ Lata 800 g A3450124ENADSCN Para obtener una disolución estándar de 200 ml, agregue 4 cucharadas rasas de Vitafos Junior en un vaso con agua tibia (160 ml) y remueva el contenido con una cuchara hasta su completa disolución. No sustituye una dieta equilibrada. Utilizar bajo orientación de un especialista cuando existan condiciones médicas o necesidades nutricionales específicas. Conservar el envase cerrado y en lugar seco. Desechar el producto preparado que no se consuma inmediatamente. Presentación Registro Sanitario Modo de uso Precauciones y Contraindicaciones No Producto a Pedido Presentación Registro Sanitario Modo de uso Precauciones y Contraindicaciones Producto a Pedido Campos Auxiliares Highlight Vitafos Junior es un complemento alimentario en polvo sabor vainilla formulado para apoyar las necesidades nutricionales de niños que requieren un aporte extra de energía y nutrientes. Su textura suave y sabor agradable facilitan su consumo diario como parte de una alimentación equilibrada.",vtex_spec_or_regex,false_no_component_match
Farmacia Universal,Blemil 2 Optimum ProTech - Lata 800 g,Blemil 2 Optimum ProTech 800 g Precio + Delivery Gratis,I1000224ENADSCN,160.01,PEN,available,https://www.farmaciauniversal.com/blemil-2-optimum-protech-lata-800-g/p,30649,Blemil,vtex_catalog_search,2026-06-08T00:46:44.948244+00:00,10,"/Cuidado Infantil/Nutrición Infantil/Fórmulas Infantiles/ /Cuidado Infantil/Nutrición Infantil/ /Cuidado Infantil/ /5/151/167/ /5/151/ /5/ Lata 800 g I1000224ENADSCN Disolver 4,5 g de polvo (1 cacito) en 30ml de agua tibia (40–45°C), agitar hasta disolver completamente y administrar inmediatamente. Este producto no debe utilizarse como sustituto de la leche materna . Uso exclusivo bajo indicación médica, especialmente en casos de alergia o intolerancia. Mantener la lata bien cerrada en lugar fresco y seco. Descartar restos tras 1 mes de apertura. Preparar biberón justo antes de consumirlo. Presentación Registro Sanitario Modo de uso Precauciones y Contraindicaciones No Producto a Pedido 0 Presentación Registro Sanitario Modo de uso Precauciones y Contraindicaciones Producto a Pedido Stock Security Campos Auxiliares Highlight Stock Security Blemil 2 Optimum ProTech es una fórmula de continuación para lactantes a partir de los 6 meses, que puede complementar una alimentación variada en esta etapa. Contiene proteínas, lípidos, prebióticos y otros nutrientes que contribuyen al aporte nutricional durante el desarrollo del bebé.",vtex_spec_or_regex,false_no_component_match
Farmacia Universal,Alula Gold PDF Premium - Lata 400 g,Alula Gold PDF Premium 400 g Precio + Delivery Gratis,11021424E NASNNT,94.55,PEN,available,https://www.farmaciauniversal.com/alula-gold-pdf-premium-lata-400-g/p,31083,Alula Gold,vtex_catalog_search,2026-06-08T00:46:44.948562+00:00,1,"/Cuidado Infantil/Nutrición Infantil/Fórmulas Infantiles/ /Cuidado Infantil/Nutrición Infantil/ /Cuidado Infantil/ /5/151/167/ /5/151/ /5/ Lata 400 g 11021424E NASNNT Lave bien sus manos y todos los utensilios. Hierva agua potable y déjela enfriar hasta aproximadamente 40 °C. Vierta la cantidad de agua en el biberón, añada la medida exacta de polvo según la tabla de alimentación del envase, cierre y agite bien hasta disolver. Consumir inmediatamente. La leche materna es el mejor alimento para los bebés. Este producto debe usarse bajo recomendación y supervisión médica. No reutilice restos de fórmula preparada. Almacenar en un lugar fresco y seco, bien cerrado y consumir dentro de 4 semanas después de abierto. Presentación Registro Sanitario Modo de uso Precauciones y Contraindicaciones No Producto a Pedido 1 Presentación Registro Sanitario Modo de uso Precauciones y Contraindicaciones Producto a Pedido Stock Security Campos Auxiliares Highlight Stock Security Alula Gold PDF Premium es una fórmula infantil especializada para bebés prematuros o con bajo peso al nacer. Su composición está enriquecida con nutrientes adicionales para apoyar un crecimiento y desarrollo óptimos desde los primeros días de vida.",vtex_spec_or_regex,false_no_component_match
Farmacia Universal,Blemil 1 Optimum ProTech - Lata 800 g,Blemil 1 Optimum ProTech 800 g Precio + Delivery Gratis,I1001323ENADSCN,165.00,PEN,available,https://www.farmaciauniversal.com/blemil-1-optimum-protech-lata-800-g/p,30648,Blemil,vtex_catalog_search,2026-06-08T00:46:44.948860+00:00,10,"/Cuidado Infantil/Nutrición Infantil/Fórmulas Infantiles/ /Cuidado Infantil/Nutrición Infantil/ /Cuidado Infantil/ /5/151/167/ /5/151/ /5/ Lata 800 g I1001323ENADSCN Disolver la cantidad de polvo indicada en agua previamente hervida y tibia, siguiendo las recomendaciones del envase o del pediatra. Administrar en biberón limpio y esterilizado. La lactancia materna es el mejor alimento para el bebé. Este producto debe usarse bajo recomendación médica. Preparar justo antes de consumir y no reutilizar restos del biberón. Conservar en lugar fresco y seco, bien cerrado. Presentación Registro Sanitario Modo de uso Precauciones y Contraindicaciones No Producto a Pedido 0 Presentación Registro Sanitario Modo de uso Precauciones y Contraindicaciones Producto a Pedido Stock Security Campos Auxiliares Highlight Stock Security Blemil 1 Optimum ProTech es una leche para lactantes que satisface completamente las necesidades nutritivas del recién nacido desde su nacimiento hasta los 6 meses de edad. Aporta proteínas, carbohidratos, grasas saludables, vitaminas y minerales que contribuyen al adecuado crecimiento y desarrollo del bebé, con componentes que favorecen la digestión y el bienestar intestinal.",vtex_spec_or_regex,false_no_component_match
Farmacia Universal,MaxiKid Intelligence Gomitas - Frasco 60 und,MaxiKid Intelligence Gomitas 60 und Precio + Delivery Gratis,G7702323NNANTIN,69.00,PEN,available,https://www.farmaciauniversal.com/maxikid-intelligence-gomitas-frasco-60-und/p,32522,Med Nutricion,vtex_catalog_search,2026-06-08T00:46:44.949659+00:00,10,"/Cuidado Infantil/Nutrición Infantil/Suplementos Infantiles/ /Cuidado Infantil/Nutrición Infantil/ /Cuidado Infantil/ /5/151/340/ /5/151/ /5/ Frasco 60 und G7702323NNANTIN Consumir de 1 a 2 gomitas al día, preferentemente bajo supervisión de un adulto. No exceder la dosis diaria recomendada. Los suplementos alimenticios no sustituyen una alimentación balanceada. Mantener el producto en un lugar fresco y seco y fuera del alcance de los niños pequeños. Presentación Registro Sanitario Modo de uso Precauciones y Contraindicaciones No Producto a Pedido 0 Presentación Registro Sanitario Modo de uso Precauciones y Contraindicaciones Producto a Pedido Stock Security Campos Auxiliares Highlight Stock Security MaxiKid Intelligence Gomitas es un suplemento nutricional infantil formulado con DHA, EPA, ARA, hierro, ácido fólico y colina, nutrientes que participan en procesos importantes durante etapas de crecimiento y aprendizaje. Su presentación en gomitas facilita el consumo diario y está pensada para complementar la alimentación de niños en edad escolar como parte de hábitos saludables y una nutrición equilibrada.",vtex_spec_or_regex,false_no_component_match
Farmacia Universal,Alula Gold Etapa 2 Premium - Lata 400 g,Alula Gold Etapa 2 Premium 400 g Precio + Delivery Gratis,11012924E NASNNT,82.00,PEN,available,https://www.farmaciauniversal.com/alula-gold-etapa-2-premium-lata-400-g/p,30861,Alula Gold,vtex_catalog_search,2026-06-08T00:46:44.949926+00:00,10,"/Cuidado Infantil/Nutrición Infantil/Fórmulas Infantiles/ /Cuidado Infantil/Nutrición Infantil/ /Cuidado Infantil/ /5/151/167/ /5/151/ /5/ Lata 400 g 11012924E NASNNT Lave bien sus manos y todos los utensilios. Hierva agua potable y déjela enfriar hasta aproximadamente 40 °C. Vierta la cantidad de agua en el biberón, añada la medida exacta de polvo según la tabla de alimentación del envase, cierre y agite bien hasta disolver. Consumir inmediatamente. La leche materna es el mejor alimento para los bebés. Este producto debe usarse bajo recomendación y supervisión médica. No reutilice restos de fórmula preparada. Almacenar en un lugar fresco y seco, bien cerrado y consumir dentro de 4 semanas después de abierto. Presentación Registro Sanitario Modo de uso Precauciones y Contraindicaciones No Producto a Pedido 1 Presentación Registro Sanitario Modo de uso Precauciones y Contraindicaciones Producto a Pedido Stock Security Campos Auxiliares Highlight Stock Security Alula Gold Etapa 2 Premium es una fórmula de continuación pensada para bebés de 6 a 12 meses, enriquecida con nutrientes que favorecen el crecimiento y fortalecen defensas.",vtex_spec_or_regex,false_no_component_match
Farmacia Universal,Nat 100 Pediátrico en Polvo Sabor Vainilla - Lata 900 g,Nat 100 Pediátrico en Polvo Sabor Vainilla 900 g Precio + Delivery Gratis,A3450118E NAKYSA,94.90,PEN,available,https://www.farmaciauniversal.com/nat-100-pediatrico-en-polvo-sabor-vainilla-lata-900-g/p,31667,Diphasac AJR,vtex_catalog_search,2026-06-08T00:46:44.951090+00:00,10,"/Vitaminas y Suplementos/Suplementos Nutricionales/Fórmulas Especializadas/ /Vitaminas y Suplementos/Suplementos Nutricionales/ /Vitaminas y Suplementos/ /1/12/29/ /1/12/ /1/ Lata 900 g A3450118E NAKYSA Usar según indicación de un profesional de la salud o nutricionista, considerando que puede administrarse por vía oral o como alimento enteral por sonda, según corresponda a la necesidad del paciente. Si usted está bajo prescripción médica y/o supervisión de nutricionista, siga cuidadosamente sus instrucciones. No debe ser usado por vía intravenosa. Nat 100 Pediátrico está destinado para niños entre 1 y 10 años de edad. Mantener en un lugar limpio y fresco. Presentación Registro Sanitario Modo de uso Precauciones y Contraindicaciones No Producto a Pedido 0 Presentación Registro Sanitario Modo de uso Precauciones y Contraindicaciones Producto a Pedido Stock Security Campos Auxiliares Highlight Stock Security Nat 100 Pediátrico es un alimento en polvo balanceado, de textura homogénea, sin grumos y de consistencia cremosa, con color blanco a blanco crema, olor a vainilla y sabor característico. Está diseñado para uso por vía oral o como alimento enteral por sonda, en forma exclusiva, y ha sido formulado especialmente para niños entre 1 y 10 años. Incorpora una mezcla de proteínas de alto valor biológico, 29 vitaminas y minerales, taurina, L-carnitina e inositol; junto a una alimentación balanceada, puede contribuir al crecimiento y desarrollo de niños con alta actividad física o intelectual, según requerimiento.",vtex_spec_or_regex,false_no_component_match
Farmacia Universal,Alula Gold Etapa 2 Premium - Lata 900 g,Alula Gold Etapa 2 Premium 900 g Precio + Delivery Gratis,11012924E NASNNT,176.00,PEN,available,https://www.farmaciauniversal.com/alula-gold-etapa-2-premium-lata-900-g/p,30862,Alula Gold,vtex_catalog_search,2026-06-08T00:46:44.951353+00:00,100,"/Cuidado Infantil/Nutrición Infantil/Fórmulas Infantiles/ /Cuidado Infantil/Nutrición Infantil/ /Cuidado Infantil/ /5/151/167/ /5/151/ /5/ Lata 900 g 11012924E NASNNT Lave bien sus manos y todos los utensilios. Hierva agua potable y déjela enfriar hasta aproximadamente 40 °C. Vierta la cantidad de agua en el biberón, añada la medida exacta de polvo según la tabla de alimentación del envase, cierre y agite bien hasta disolver. Consumir inmediatamente. La leche materna es el mejor alimento para los bebés. Este producto debe usarse bajo recomendación y supervisión médica. No reutilice restos de fórmula preparada. Almacenar en un lugar fresco y seco, bien cerrado y consumir dentro de 4 semanas después de abierto. Presentación Registro Sanitario Modo de uso Precauciones y Contraindicaciones No Producto a Pedido Presentación Registro Sanitario Modo de uso Precauciones y Contraindicaciones Producto a Pedido Campos Auxiliares Highlight Alula Gold Etapa 2 Premium 900 g es una fórmula de continuación pensada para bebés de 6 a 12 meses, enriquecida con nutrientes que favorecen el crecimiento y fortalecen defensas.",vtex_spec_or_regex,false_no_component_match
Farmacia Universal,Feranin Fol 100 mg + 0.35 mg Tabletas Masticables - Caja 30 und,Feranin Fol 100 mg + 0.35 mg Tabletas Masticables 30 und,EE10338,62.10,PEN,available,https://www.farmaciauniversal.com/feranin-fol-100-mg-035-mg-tabletas-masticables-caja-30-und/p,27724,Quilab,vtex_catalog_search,2026-06-08T00:46:44.951845+00:00,10,"/Medicinas/Cuidado Sanguíneo/Antianémicos/ /Medicinas/Cuidado Sanguíneo/ /Medicinas/ /2/401/402/ /2/401/ /2/ Caja 30 und Hierro 100 mg, Ácido fólico 0.35 mg EE10338 Presentación Principio Activo Registro Sanitario No Si No Producto a Pedido Requiere receta médica Requiere refrigeración 1 Presentación Principio Activo Registro Sanitario Producto a Pedido Requiere receta médica Requiere refrigeración Stock Security Campos Auxiliares Highlight Stock Security",vtex_spec_or_regex,false_no_component_match
Farmacia Universal,Blemil Arroz Hidrolizado ProTech - Lata 400 g,Blemil Arroz Hidrolizado ProTech 400 g Precio + Delivery Gratis,I1000124ENADSCN,110.00,PEN,available,https://www.farmaciauniversal.com/blemil-arroz-hidrolizado-protech-lata-400-g/p,30655,Blemil,vtex_catalog_search,2026-06-08T00:46:44.952272+00:00,10,"/Cuidado Infantil/Nutrición Infantil/Fórmulas Infantiles/ /Cuidado Infantil/Nutrición Infantil/ /Cuidado Infantil/ /5/151/167/ /5/151/ /5/ Lata 400 g I1000124ENADSCN Disolver 4,5 g de polvo (1 cacito) en 30ml de agua tibia (40–45°C), agitar hasta disolver completamente y administrar inmediatamente. Uso exclusivo bajo indicación médica, especialmente en casos de alergia o intolerancia. Mantener la lata bien cerrada en lugar fresco y seco. Descartar restos tras 1 mes de apertura. Preparar biberón justo antes de consumirlo. Presentación Registro Sanitario Modo de uso Precauciones y Contraindicaciones No Producto a Pedido 1 Presentación Registro Sanitario Modo de uso Precauciones y Contraindicaciones Producto a Pedido Stock Security Campos Auxiliares Highlight Stock Security Blemil Arroz Hidrolizado ProTech es una fórmula infantil en polvo elaborada con proteína de arroz hidrolizada, sin lactosa ni proteína de vaca, destinada a bebés de 0 a 12 meses con intolerancias. Su composición incluye probióticos, prebióticos, vitaminas y minerales esenciales, pensada para apoyar una nutrición equilibrada. Viene con práctico dosificador y envase hermético para mantener la frescura.",vtex_spec_or_regex,false_no_component_match
Farmacia Universal,Warmi Polvo Sabor Vainilla - Pote 330 g,Warmi Polvo Sabor Vainilla 330 g Precio + Delivery Gratis,I7000210NNAHRSA,91.26,PEN,available,https://www.farmaciauniversal.com/warmi-polvo-sabor-vainilla-pote-330-g/p,5024,Warmi,vtex_catalog_search,2026-06-08T00:46:44.952846+00:00,10,"/Vitaminas y Suplementos/Multivitamínicos/Menopausia/ /Vitaminas y Suplementos/Multivitamínicos/ /Vitaminas y Suplementos/ /1/344/358/ /1/344/ /1/ Pote 330 g I7000210NNAHRSA Consumir dos cucharadas dosificadoras diarias, repartidas en una o dos tomas, disueltas en aproximadamente 200 ml de yogurt, leche o jugo. Puede observarse un sedimento oscuro tras su preparación, propio de las sales minerales del producto. No exceder la porción diaria recomendada. No sustituye una alimentación balanceada. En caso de embarazo, lactancia o tratamiento médico, consultar previamente con un profesional de la salud. Mantener fuera del alcance de los niños. Presentación Registro Sanitario Modo de uso Precauciones y Contraindicaciones No Producto a Pedido 1 Presentación Registro Sanitario Modo de uso Precauciones y Contraindicaciones Producto a Pedido Stock Security Campos Auxiliares Highlight Stock Security Warmi en polvo sabor vainilla es una fórmula nutricional diseñada especialmente para la mujer, utilizada como complemento alimenticio dentro de una dieta equilibrada. Aporta proteínas, vitaminas y minerales, además de compuestos de origen vegetal como glucosinolatos, betasitosterol y citroflavonoides, que forman parte de su composición nutricional.",vtex_spec_or_regex,false_no_component_match
Farmacia Universal,Ensure Advance con HMB Bebible Sabor Chocolate - Frasco 220 ml,Ensure Advance con HMB Bebible Sabor Chocolate 220 ml Precio + Delivery Gratis,P2611721ENAABL,12.00,PEN,available,https://www.farmaciauniversal.com/ensure-advance-con-hmb-bebible-sabor-chocolate-frasco-220-ml/p,25814,Ensure,vtex_catalog_search,2026-06-08T00:46:45.650697+00:00,100,"/Vitaminas y Suplementos/Suplementos Nutricionales/Fórmulas para Adultos/ /Vitaminas y Suplementos/Suplementos Nutricionales/ /Vitaminas y Suplementos/ /1/12/28/ /1/12/ /1/ Frasco 220 ml P2611721ENAABL Agítese bien antes de consumir. Se puede beber directamente del frasco, preferiblemente entre comidas o como parte de una rutina de alimentación dirigida por un profesional de salud. El producto está listo para usar, sin necesidad de mezcla o preparación adicional. Este producto está destinado a suplementar la ingesta nutricional en personas con necesidades aumentadas, como adultos mayores o quienes se recuperan de alguna condición. No sustituye una dieta completa y debe usarse bajo supervisión médica, especialmente en personas con galactosemia, intolerancias específicas o dietas médicamente restringidas. Una vez abierto, debe refrigerarse y consumirse en un plazo de 24 horas. Presentación Registro Sanitario Modo de uso Precauciones y Contraindicaciones No Producto a Pedido Chocolate Sabor 1 Presentación Registro Sanitario Modo de uso Precauciones y Contraindicaciones Producto a Pedido Sabor Stock Security Campos Auxiliares Highlight Filtros Stock Security Ensure Advance con HMB es una bebida nutracéutica en formato listo para tomar, desarrollada para quienes requieren un aporte adicional de energía y proteínas. Cada frasco incluye 20 g de proteína de alta calidad, 1.5 g de HMB (CaHMB), 3 g de fibra (scFOS) y 26 vitaminas y minerales esenciales. Ideal para acompañar una dieta equilibrada, esta fórmula en sabor chocolate se presenta en un envase práctico de 220 ml, diseñado para un consumo cómodo y completo.",vtex_spec_or_regex,false_no_component_match
Farmacia Universal,Neuromega Jr. 2750 mg Solución Oral Sabor Naranja - Frasco 100 ml,Neuromega Jr. 2750 mg Solución Oral Sabor Naranja 100 ml Precio + Delivery Gratis,DE5726,160.00,PEN,available,https://www.farmaciauniversal.com/neuromega-jr-2750-mg-solucion-oral-sabor-naranja-frasco-100-ml/p,32338,Alterra Herbasanté,vtex_catalog_search,2026-06-08T00:46:45.651021+00:00,100,"/Vitaminas y Suplementos/Minerales y Otros/Omega 3/ /Vitaminas y Suplementos/Minerales y Otros/ /Vitaminas y Suplementos/ /1/10/324/ /1/10/ /1/ Frasco 100 ml DHA 2750 mg DE5726 Niños de 1 a 13 años, 1/2 cucharadita (2.5 ml) al día con las comidas. Niños de 14 a 18 años, 3/4 cucharadita (3.75 ml) al día con las comidas. Mantener fuera del alcance de los niños. Una vez abierto, conservar refrigerado. No superar la dosis diaria recomendada. No sustituye una dieta equilibrada. Descontinuar su uso y consultar con un profesional de salud si se presentan síntomas inusuales. En caso de embarazo, lactancia o si se está considerando un embarazo, consultar previamente con un profesional de salud. Presentación Principio Activo Registro Sanitario Modo de uso Precauciones y Contraindicaciones No Producto a Pedido 0 Presentación Principio Activo Registro Sanitario Modo de uso Precauciones y Contraindicaciones Producto a Pedido Stock Security Campos Auxiliares Highlight Stock Security Neuromega Jr. es un suplemento alimenticio en solución oral con DHA, presentado en sabor naranja para facilitar su consumo en población infantil. Está diseñado para complementar la alimentación diaria con ácidos grasos esenciales, formando parte de la rutina nutricional en etapas de crecimiento.",vtex_spec_or_regex,false_no_component_match
Farmacia Universal,Pack x 4 Ensure Advance con HMB Bebible Sabor Chocolate 220 ml c/u,Pack x 4 Ensure Advance con HMB Bebible Sabor Chocolate 220 ml c/u Precio + Delivery Gratis,P2611721ENAABL,48.00,PEN,available,https://www.farmaciauniversal.com/pack-x-4-ensure-advance-con-hmb-bebible-sabor-chocolate-220-ml-c-u/p,99269,Ensure,vtex_catalog_search,2026-06-08T00:46:45.651358+00:00,10,"/Vitaminas y Suplementos/Suplementos Nutricionales/Fórmulas para Adultos/ /Vitaminas y Suplementos/Suplementos Nutricionales/ /Vitaminas y Suplementos/ /1/12/28/ /1/12/ /1/ Pack Promocional P2611721ENAABL Agítese bien antes de consumir. Se puede beber directamente del frasco, preferiblemente entre comidas o como parte de una rutina de alimentación dirigida por un profesional de salud. El producto está listo para usar, sin necesidad de mezcla o preparación adicional. Este producto está destinado a suplementar la ingesta nutricional en personas con necesidades aumentadas, como adultos mayores o quienes se recuperan de alguna condición. No sustituye una dieta completa y debe usarse bajo supervisión médica, especialmente en personas con galactosemia, intolerancias específicas o dietas médicamente restringidas. Una vez abierto, debe refrigerarse y consumirse en un plazo de 24 horas. Presentación Registro Sanitario Modo de uso Precauciones y Contraindicaciones No Producto a Pedido Chocolate Sabor Presentación Registro Sanitario Modo de uso Precauciones y Contraindicaciones Producto a Pedido Sabor Campos Auxiliares Highlight Filtros Ensure Advance con HMB es una bebida nutracéutica en formato listo para tomar, desarrollada para quienes requieren un aporte adicional de energía y proteínas. Cada frasco incluye 20 g de proteína de alta calidad, 1.5 g de HMB (CaHMB), 3 g de fibra (scFOS) y 26 vitaminas y minerales esenciales. Ideal para acompañar una dieta equilibrada, esta fórmula en sabor chocolate se presenta en un envase práctico de 220 ml, diseñado para un consumo cómodo y completo.",vtex_spec_or_regex,false_no_component_match
Farmacia Universal,Glucerna en Polvo Sabor Cappuccino - Lata 400 g,Glucerna en Polvo Sabor Cappuccino 400 g Precio + Delivery Gratis,I4100625ENAABLB,72.50,PEN,available,https://www.farmaciauniversal.com/glucerna-en-polvo-sabor-cappuccino-lata-400-g/p,32660,Glucerna,vtex_catalog_search,2026-06-08T00:46:45.651873+00:00,10,"/Vitaminas y Suplementos/Suplementos Nutricionales/Fórmulas para Diabéticos/ /Vitaminas y Suplementos/Suplementos Nutricionales/ /Vitaminas y Suplementos/ /1/12/30/ /1/12/ /1/ Lata 400 g I4100625ENAABLB Para uso por vía oral. Preparar mezclando 5 cucharadas medidoras de Glucerna en 195 mL de agua, agitando hasta obtener una mezcla homogénea. Consumir según indicación del profesional de salud o recomendaciones del envase. Consumir bajo supervisión médica o nutricional. No utilizar como única fuente de alimentación, salvo indicación profesional. Mantener el envase bien cerrado en un lugar fresco y seco. Mantener fuera del alcance de los niños. Presentación Registro Sanitario Modo de uso Precauciones y Contraindicaciones No Producto a Pedido 0 Presentación Registro Sanitario Modo de uso Precauciones y Contraindicaciones Producto a Pedido Stock Security Campos Auxiliares Highlight Stock Security Glucerna en Polvo Sabor Cappuccino es una fórmula nutricional especializada diseñada para complementar la alimentación diaria de adultos. Su composición incluye una combinación de carbohidratos, proteínas, aceites vegetales, vitaminas y minerales, orientada a integrarse en planes de alimentación con control de azúcar. Su fórmula aporta fibra y nutrientes que contribuyen al soporte nutricional diario, mientras su sabor cappuccino ofrece una alternativa práctica y agradable para el consumo cotidiano. Puede formar parte de la alimentación de personas que buscan un complemento nutricional balanceado bajo supervisión profesional.",vtex_spec_or_regex,false_no_component_match
Farmacia Universal,Pack x 20 Ensure Advance con HMB Bebible Sabor Chocolate 220 ml c/u,Pack x 20 Ensure Advance con HMB Bebible Sabor Chocolate 220 ml c/u Precio + Delivery Gratis,P2611721ENAABL,240.00,PEN,available,https://www.farmaciauniversal.com/pack-x-20-ensure-advance-con-hmb-bebible-sabor-chocolate-220-ml-c-u/p,99271,Ensure,vtex_catalog_search,2026-06-08T00:46:45.652202+00:00,1,"/Vitaminas y Suplementos/Suplementos Nutricionales/Fórmulas para Adultos/ /Vitaminas y Suplementos/Suplementos Nutricionales/ /Vitaminas y Suplementos/ /1/12/28/ /1/12/ /1/ Pack Promocional P2611721ENAABL Agítese bien antes de consumir. Se puede beber directamente del frasco, preferiblemente entre comidas o como parte de una rutina de alimentación dirigida por un profesional de salud. El producto está listo para usar, sin necesidad de mezcla o preparación adicional. Este producto está destinado a suplementar la ingesta nutricional en personas con necesidades aumentadas, como adultos mayores o quienes se recuperan de alguna condición. No sustituye una dieta completa y debe usarse bajo supervisión médica, especialmente en personas con galactosemia, intolerancias específicas o dietas médicamente restringidas. Una vez abierto, debe refrigerarse y consumirse en un plazo de 24 horas. Presentación Registro Sanitario Modo de uso Precauciones y Contraindicaciones No Producto a Pedido Chocolate Sabor Presentación Registro Sanitario Modo de uso Precauciones y Contraindicaciones Producto a Pedido Sabor Campos Auxiliares Highlight Filtros Ensure Advance con HMB es una bebida nutracéutica en formato listo para tomar, desarrollada para quienes requieren un aporte adicional de energía y proteínas. Cada frasco incluye 20 g de proteína de alta calidad, 1.5 g de HMB (CaHMB), 3 g de fibra (scFOS) y 26 vitaminas y minerales esenciales. Ideal para acompañar una dieta equilibrada, esta fórmula en sabor chocolate se presenta en un envase práctico de 220 ml, diseñado para un consumo cómodo y completo.",vtex_spec_or_regex,false_no_component_match
Farmacia Universal,Enfagrow 3 Premium Promental Sabor Vainilla - Lata 850 g,Enfagrow 3 Premium Promental Sabor Vainilla 850 g Precio + Delivery Gratis,P2930319ENAMAJH,105.20,PEN,available,https://www.farmaciauniversal.com/enfagrow-3-premium-promental-sabor-vainilla-lata-850-g/p,22234,Enfagrow,vtex_catalog_search,2026-06-08T00:46:45.652886+00:00,10,"/Cuidado Infantil/Nutrición Infantil/Fórmulas Infantiles/ /Cuidado Infantil/Nutrición Infantil/ /Cuidado Infantil/ /5/151/167/ /5/151/ /5/ Lata 850 g P2930319ENAMAJH Lávese bien las manos con agua y jabón antes de preparar la fórmula. Lave y enjuague los utensilios o recipientes que se usarán. Hiérvalos durante al menos 5 minutos. Hierva agua potable durante 5 minutos y déjela enfriar hasta que esté tibia. Vierta en el recipiente hervido la cantidad de agua indicada y añada la cantidad de polvo según el cuadro de alimentación. Cierre bien el recipiente y agite hasta lograr una mezcla homogénea. Prepare la fórmula justo antes de su consumo. Utilizar solo la medida dosificadora incluida en el envase y respetar las proporciones indicadas. No consumir si el envase está dañado o presenta signos de alteración. Una vez preparada, la fórmula debe ser consumida inmediatamente o refrigerada y usada en un máximo de 24 horas. No recalentar en microondas para evitar quemaduras. No exceder la cantidad recomendada por el profesional de salud. Consultar con un pediatra antes de iniciar el uso, especialmente si el niño tiene alguna condición médica. Almacenar en un lugar fresco y seco, fuera del alcance de los niños. Presentación Registro Sanitario Modo de uso Precauciones y Contraindicaciones No Producto a Pedido Vainilla Sabor Presentación Registro Sanitario Modo de uso Precauciones y Contraindicaciones Producto a Pedido Sabor Campos Auxiliares Highlight Filtros Es un alimento lácteo en polvo formulado para niños de 1 a 3 años. Contiene una combinación equilibrada de nutrientes que contribuyen al desarrollo general durante esta etapa. Incluye DHA y MFGM, componentes asociados al desarrollo cerebral y visual, así como prebióticos (PDX y GOS) y probióticos, que participan en el mantenimiento de una flora intestinal saludable. Además, aporta vitaminas y minerales como hierro, calcio y zinc, necesarios para diversas funciones del organismo. Su mezcla de proteínas, carbohidratos y grasas proporciona energía en el marco de una alimentación balanceada. Este producto no es un sucedáneo de la leche materna.",vtex_spec_or_regex,false_no_component_match
Farmacia Universal,SkinScience Gradox Crema - Frasco 40 ml,SkinScience Gradox Crema 40 ml Precio + Delivery Gratis,NSOC6810524PE,70.12,PEN,available,https://www.farmaciauniversal.com/skinscience-gradox-crema-frasco-40-ml/p,30544,Mediscience,vtex_catalog_search,2026-06-08T00:46:45.653855+00:00,10,"/Dermocosmética/Tratamientos Especializados/Cicatrizantes y Reparadores/ /Dermocosmética/Tratamientos Especializados/ /Dermocosmética/ /6/172/188/ /6/172/ /6/ Frasco 40 ml NSOC6810524PE Aplicar con la piel limpia y seca en la zona a tratar. Se recomienda aplicar la crema con los dedos, realizando movimientos circulares para lograr una distribución homogénea. Para uso externo únicamente. Evitar el contacto con los ojos y mucosas; en caso de contacto, enjuagar con abundante agua. No aplicar sobre heridas abiertas. Si se presenta alguna reacción adversa o hipersensibilidad a alguno de los componentes, suspender su uso y consultar a un especialista. Mantener fuera del alcance de los niños. Conservar el producto en un lugar fresco y seco. Presentación Registro Sanitario Modo de uso Precauciones y Contraindicaciones No Producto a Pedido 1 Presentación Registro Sanitario Modo de uso Precauciones y Contraindicaciones Producto a Pedido Stock Security Campos Auxiliares Highlight Stock Security SkinScience Gradox Crema es un producto diseñado para acondicionar la piel, contribuyendo a lograr una superficie epidérmica uniforme y lisa. Su fórmula incorpora ingredientes como sangre de grado, extracto de cebolla, alantoína, dexpantenol y vitaminas A y E.",vtex_spec_or_regex,false_no_component_match
Farmacia Universal,Hawaiian Tropic Lip Balm Protector Solar para Labios SPF30 - Barra 4 g,Hawaiian Tropic Lip Balm Protector Solar para Labios SPF30 4 g Precio + Delivery Gratis,NSOC5069421PE,18.90,PEN,available,https://www.farmaciauniversal.com/hawaiian-tropic-lip-balm-protector-solar-para-labios-spf30-barra-4-g/p,31753,Hawaiian Tropic,vtex_catalog_search,2026-06-08T00:46:45.654957+00:00,1,"/Cuidado Personal/Cuidado Facial/Bálsamos Labiales/ /Cuidado Personal/Cuidado Facial/ /Cuidado Personal/ /7/206/224/ /7/206/ /7/ Barra 4 g NSOC5069421PE Aplicar generosamente sobre los labios al menos 15 minutos antes de la exposición solar. Reaplicar cada 2 horas o después de nadar, sudar o secarse con una toalla. Puede utilizarse diariamente como parte del cuidado regular de los labios. Uso externo únicamente. Evitar el contacto con los ojos; si ocurre, enjuagar con abundante agua. No aplicar sobre heridas abiertas o irritaciones severas. Suspender su uso si aparece enrojecimiento o molestia persistente. Mantener fuera del alcance de los niños y almacenar en un lugar fresco, lejos de la luz directa o fuentes de calor. Presentación Registro Sanitario Modo de uso Precauciones y Contraindicaciones No Producto a Pedido Presentación Registro Sanitario Modo de uso Precauciones y Contraindicaciones Producto a Pedido Campos Auxiliares Highlight Hawaiian Tropic Lip Balm SPF30 es un bálsamo labial diseñado para acompañar la protección de los labios durante la exposición al sol, combinando protección UVA/UVB con una sensación suave y agradable. Su fórmula está enriquecida con ingredientes como aloe vera, manteca de cacao y vitaminas A, C y E, conocidos por aportar hidratación y confort, ayudando a mantener los labios suaves durante el día. Su textura ligera permite una aplicación fácil y uniforme, mientras que su sabor tropical añade un toque refrescante a la rutina diaria. Es práctico, portátil y una opción conveniente para quienes pasan tiempo al aire libre y desean mantener los labios cuidados bajo el sol.",vtex_spec_or_regex,false_no_component_match
Farmacia Universal,Nature's Truth Fish Oil Natural 2400 mg Cápsulas Blandas - Frasco 120 und,Nature's Truth Fish Oil Natural 2400 mg Cápsulas Blandas 120 und Precio + Delivery Gratis,DE5286,109.90,PEN,available,https://www.farmaciauniversal.com/natures-truth-fish-oil-natural-2400-mg-capsulas-blandas-frasco-120-und/p,30756,Nature's Truth,vtex_catalog_search,2026-06-08T00:46:45.655658+00:00,10,"/Vitaminas y Suplementos/Minerales y Otros/Omega 3/ /Vitaminas y Suplementos/Minerales y Otros/ /Vitaminas y Suplementos/ /1/10/324/ /1/10/ /1/ Frasco 120 und Omega 3 720 mg DE5286 Ingerir cuatro cápsulas blandas al día, preferiblemente junto con las comidas o según indicación de un profesional de la salud No apto para personas con alergia al pescado o mariscos. Mantener fuera del alcance de los niños. Si estás embarazada, en período de lactancia, tomando algún medicamento o tienes alguna condición médica, consulta a tu médico antes de usar este producto. Suspende su uso y consulta a tu médico si ocurre alguna reacción adversa. Por favor, revisa la etiqueta del producto para conocer las advertencias completas. Presentación Principio Activo Registro Sanitario Modo de uso Precauciones y Contraindicaciones No Producto a Pedido Limón Sabor 1 Presentación Principio Activo Registro Sanitario Modo de uso Precauciones y Contraindicaciones Producto a Pedido Sabor Stock Security Campos Auxiliares Highlight Filtros Stock Security El ácido docosahexaenoico (DHA) y el ácido eicosapentaenoico (EPA) son ácidos grasos omega‑3 que se encuentran naturalmente en alimentos como el salmón, la trucha y algunos mariscos. Para personas con dietas bajas en estos pescados, un suplemento puede ser una alternativa para complementar su ingesta de ácidos grasos omega‑3. Cada porción de estas cápsulas blandas de aceite de pescado aporta 2 400 mg de aceite de pescado, incluyendo 720 mg de ácidos grasos omega‑3 (EPA + DHA). Además, su sabor natural a limón ayuda a reducir el regusto característico del aceite de pescado.",vtex_spec_or_regex,false_no_component_match
Farmacia Universal,Alula Gold Premium 0 a 12 Meses - Lata 900 g,Alula Gold Premium 0 a 12 Meses 900 g Precio + Delivery Gratis,I1000625ENASNNT,182.00,PEN,available,https://www.farmaciauniversal.com/alula-gold-premium-0-a-12-meses-lata-900-g/p,31534,Alula Gold,vtex_catalog_search,2026-06-08T00:46:45.655998+00:00,10,"/Cuidado Infantil/Nutrición Infantil/Fórmulas Infantiles/ /Cuidado Infantil/Nutrición Infantil/ /Cuidado Infantil/ /5/151/167/ /5/151/ /5/ Lata 900 g I1000625ENASNNT Lave perfectamente sus manos y todos los utensilios utilizados para la alimentación del bebé. Hierva los utensilios durante 5 minutos y manténgalos tapados hasta su utilización. Hierva agua potable durante 5 minutos y deje entibiar hasta aproximadamente 40 °C. Vierta la cantidad de agua indicada en el recipiente y agregue el número correcto de medidas de polvo utilizando la cuchara incluida, considerando una medida por cada 30 ml de agua. Agite bien hasta disolver completamente y verifique la temperatura antes de alimentar al bebé. La leche materna es el mejor alimento para el bebé. Este producto debe utilizarse bajo recomendación de un profesional de salud. Preparar solo la cantidad necesaria para cada toma y desechar cualquier sobrante. Mantener la lata bien cerrada en un lugar fresco y seco. Una preparación incorrecta puede afectar la salud del bebé. Presentación Registro Sanitario Modo de uso Precauciones y Contraindicaciones No Producto a Pedido Presentación Registro Sanitario Modo de uso Precauciones y Contraindicaciones Producto a Pedido Campos Auxiliares Highlight Alula Gold Premium 0 a 12 meses es una fórmula infantil en polvo desarrollada para apoyar la nutrición de bebés durante su primer año de vida. Su composición incluye nutrientes esenciales como proteínas, vitaminas y minerales que contribuyen al crecimiento y desarrollo normal del lactante dentro de una alimentación equilibrada indicada por el pediatra.",vtex_spec_or_regex,false_no_component_match
Farmacia Universal,Olivos del Sur Aceite de Oliva Kids Extra Virgen - Frasco 250 ml,Olivos del Sur Aceite de Oliva Kids Extra Virgen 250 ml Precio + Delivery Gratis,C0001512NNAOIDL,36.55,PEN,unavailable,https://www.farmaciauniversal.com/olivos-del-sur-aceite-de-oliva-kids-frasco-250-ml/p,24961,Olivos del Sur,vtex_catalog_search,2026-06-08T00:46:45.656534+00:00,,"/Productos Saludables/Aceites y Vinagres/Aceite de Oliva/ /Productos Saludables/Aceites y Vinagres/ /Productos Saludables/ /9/271/277/ /9/271/ /9/ Frasco 250 ml C0001512NNAOIDL Para consumo en el hogar o en servicios de alimentos, apto para público en general, especialmente dirigido a niños. Ninguna Presentación Registro Sanitario Modo de uso Precauciones y Contraindicaciones No Producto a Pedido Frasco 250 ml Presentaciones 1 Presentación Registro Sanitario Modo de uso Precauciones y Contraindicaciones Producto a Pedido Presentaciones Stock Security Campos Auxiliares Highlight Filtros Stock Security Es el producto obtenido del jugo oleoso extraído del fruto del olivo (Olea europaea L.) aplicando presión en frío sometido a procesos físicos que eliminan las partículas sólidas que contiene en suspensión, con agregado de Omega 3 y vitaminas.",vtex_spec_or_regex,false_no_component_match
Farmacia Universal,Enfamil Promental Anti Regurgitación - Lata 400 g,Enfamil Promental Anti Regurgitación 400 g Precio + Delivery Gratis,I1001313ENAMAJH,114.23,PEN,unavailable,https://www.farmaciauniversal.com/enfamil-promental-anti-regurgitacion-lata-400-g/p,10679,Enfamil,vtex_catalog_search,2026-06-08T00:46:45.657075+00:00,,"/Cuidado Infantil/Nutrición Infantil/Fórmulas Infantiles/ /Cuidado Infantil/Nutrición Infantil/ /Cuidado Infantil/ /5/151/167/ /5/151/ /5/ Lata 400 g I1001313ENAMAJH Seguir cuidadosamente las instrucciones del envase, con una apropiada higiene, preparación, dilución, uso y almacenamiento. Conservar con la lata bien tapada, en un lugar fresco y seco a temperatura ambiente. Presentación Registro Sanitario Modo de uso Precauciones y Contraindicaciones No Producto a Pedido Neutro Lata 400 g Sabor Presentaciones 1 Presentación Registro Sanitario Modo de uso Precauciones y Contraindicaciones Producto a Pedido Sabor Presentaciones Stock Security Campos Auxiliares Highlight Filtros Stock Security Fórmula láctea diseñada para ayudar a reducir los vómitos pequeños frecuentes debido a su consistencia más espesa. Con DHA y ARA para apoyar el desarrollo del cerebro y los ojos del bebé.",vtex_spec_or_regex,false_no_component_match
Farmacia Universal,Viusid Polvo Oral - Sobre 4 g,Viusid Polvo Oral Sobre 4 g Precio + Delivery Gratis,DE1369,7.33,PEN,unavailable,https://www.farmaciauniversal.com/viusid-polvo-oral-sobre-4-g/p,30828,Pharma Solutions,vtex_catalog_search,2026-06-08T00:46:45.657333+00:00,,"/Vitaminas y Suplementos/Multivitamínicos/Adultos/ /Vitaminas y Suplementos/Multivitamínicos/ /Vitaminas y Suplementos/ /1/344/350/ /1/344/ /1/ Sobre 4 g DE1369 Disolver el contenido de un sobre en un vaso con agua y consumir según la recomendación médica. No exceder la dosis diaria indicada. No utilizar como sustituto de una alimentación equilibrada. Mantener fuera del alcance de los niños. En caso de embarazo, lactancia o condiciones médicas preexistentes, consultar al médico antes de su consumo. Presentación Registro Sanitario Modo de uso Precauciones y Contraindicaciones No Producto a Pedido 3 Presentación Registro Sanitario Modo de uso Precauciones y Contraindicaciones Producto a Pedido Stock Security Campos Auxiliares Highlight Stock Security Viusid es un suplemento en polvo para preparación oral que contiene antioxidantes, vitaminas y minerales esenciales que contribuyen al soporte del sistema inmunológico y al bienestar general del organismo.",vtex_spec_or_regex,false_no_component_match
Farmacia Universal,"Nature's Truth Omega 3,6,7 y 9 Gummies Gomitas - Frasco 50 und","Nature's Truth Omega 3,6,7 y 9 Gummies Gomitas 50 und Precio + Delivery Gratis",DE5317,109.90,PEN,unavailable,https://www.farmaciauniversal.com/natures-truth-omega-367-y-9-gummies-gomitas-frasco-50-und/p,30757,Nature's Truth,vtex_catalog_search,2026-06-08T00:46:45.657605+00:00,,"/Vitaminas y Suplementos/Minerales y Otros/Omega 3/ /Vitaminas y Suplementos/Minerales y Otros/ /Vitaminas y Suplementos/ /1/10/324/ /1/10/ /1/ Frasco 50 und Omega 3, Omega 6, Omega 7 DE5317 Ingerir una gomita al día, preferiblemente junto con las comidas o según indicación de un profesional de la salud Contiene pectina y jarabe de maltitol; consumo excesivo puede provocar efectos laxantes. No apto para personas con alergias a frutos secos. Consultar a profesionales en caso de embarazo, lactancia o condiciones médicas. Mantener fuera del alcance de los niños. Presentación Principio Activo Registro Sanitario Modo de uso Precauciones y Contraindicaciones No Producto a Pedido Durazno Sabor 1 Presentación Principio Activo Registro Sanitario Modo de uso Precauciones y Contraindicaciones Producto a Pedido Sabor Stock Security Campos Auxiliares Highlight Filtros Stock Security Gomitas veganas con 360 mg de ácidos grasos esenciales (Omega 3,6,7 y 9) de origen vegetal (aceite de linaza + espino amarillo), con sabor durazno natural. Formato sin aceite de pescado, libre de gluten y GMO, ideal para quienes prefieren una alternativa deliciosa y vegetal.",vtex_spec_or_regex,false_no_component_match
Farmacia Universal,Enfagrow Premium Promental Sabor Natural - Lata 375 g,Enfagrow Premium Promental Natural 375 g Precio + Delivery Gratis,I1000620ENARBHA,54.80,PEN,unavailable,https://www.farmaciauniversal.com/enfagrow-premium-promental-sabor-natural-lata-375-g/p,22231,Enfagrow,vtex_catalog_search,2026-06-08T00:46:45.657906+00:00,,"/Cuidado Infantil/Nutrición Infantil/Fórmulas Infantiles/ /Cuidado Infantil/Nutrición Infantil/ /Cuidado Infantil/ /5/151/167/ /5/151/ /5/ Lata 375 g I1000620ENARBHA Colocar en un vaso 180 mL (6 oz fl) de agua potable previamente hervida, añadir 6 medidas con la cuchara medidora sin comprimir y revolver hasta que la mezcla sea homogénea. En niños menores de 24 meses consulte con su pediatra. Este producto no es sucedáneo de la leche materna. Presentación Registro Sanitario Modo de uso Precauciones y Contraindicaciones No Producto a Pedido Natural Lata 375 g Sabor Presentaciones 1 Presentación Registro Sanitario Modo de uso Precauciones y Contraindicaciones Producto a Pedido Sabor Presentaciones Stock Security Campos Auxiliares Highlight Filtros Stock Security Alimento en polvo con DHA^, prebióticos, vitaminas y minerales para niños en crecimiento. Con MFGM°, DHA^ y otros neuronutrientes (como Hierro, yodo, zinc, colina) que junto con tu estimulación apoyan el DESARROLLO MENTAL* de tu hijo. Mezcla exclusiva de PDX-GOS, betaglucano y DHA que cuentan con estudios científicos relacionados con beneficios en el sistema inmune, además de vitaminas y minerales. Prebióticos que apoyan el funcionamiento del sistema digestivo. Sin sacarosa, sin fructosa. Marca N°1 recomendada por pediatras en el Perú.",vtex_spec_or_regex,false_no_component_match
Farmacia Universal,Enfagrow Premium Promental Sabor Vainilla - Lata 375 g,Enfagrow Premium Promental Vainilla 375 g Precio + Delivery Gratis,I1000720ENARBHA,54.80,PEN,unavailable,https://www.farmaciauniversal.com/enfagrow-premium-promental-sabor-vainilla-lata-375-g/p,22232,Enfagrow,vtex_catalog_search,2026-06-08T00:46:45.658191+00:00,,"/Cuidado Infantil/Nutrición Infantil/Fórmulas Infantiles/ /Cuidado Infantil/Nutrición Infantil/ /Cuidado Infantil/ /5/151/167/ /5/151/ /5/ Lata 375 g I1000720ENARBHA Colocar en un vaso 180 mL (6 oz fl) de agua potable previamente hervida, añadir 6 medidas con la cuchara medidora sin comprimir y revolver hasta que la mezcla sea homogénea. En niños menores de 24 meses consulte con su pediatra. Este producto no es sucedáneo de la leche materna. Presentación Registro Sanitario Modo de uso Precauciones y Contraindicaciones No Producto a Pedido Vainilla Lata 375 g Sabor Presentaciones Presentación Registro Sanitario Modo de uso Precauciones y Contraindicaciones Producto a Pedido Sabor Presentaciones Campos Auxiliares Highlight Filtros Alimento en polvo con DHA^, prebióticos, vitaminas y minerales para niños en crecimiento. Con MFGM°, DHA^ y otros neuronutrientes (como Hierro, yodo, zinc, colina) que junto con tu estimulación apoyan el DESARROLLO MENTAL* de tu hijo. Mezcla exclusiva de PDX-GOS, betaglucano y DHA que cuentan con estudios científicos relacionados con beneficios en el sistema inmune, además de vitaminas y minerales. Prebióticos que apoyan el funcionamiento del sistema digestivo. Sin sacarosa, sin fructosa. Marca N°1 recomendada por pediatras en el Perú.",vtex_spec_or_regex,false_no_component_match
Farmacia Universal,Gummix Adults Sleep Gomitas Sabor Arándano - Frasco 90 und,Gummix Adults Sleep Gomitas Sabor Arándano 90 und Precio + Delivery Gratis,G6612423NNADMSA,49.95,PEN,unavailable,https://www.farmaciauniversal.com/gummix-adults-sleep-gomitas-sabor-arandano-frasco-90-und/p,29582,Gummix,vtex_catalog_search,2026-06-08T00:46:45.659012+00:00,,"/Vitaminas y Suplementos/Multivitamínicos/Relajantes/ /Vitaminas y Suplementos/Multivitamínicos/ /Vitaminas y Suplementos/ /1/344/351/ /1/344/ /1/ Frasco 90 und G6612423NNADMSA Consumir 2 gomitas de 30 a 60 minutos antes de dormir. Producto destinado únicamente para adultos. No exceder la dosis diaria recomendada. No sustituye una alimentación equilibrada ni tratamientos médicos. En caso de embarazo, lactancia, uso de medicamentos o condiciones médicas preexistentes, se recomienda consultar con un profesional de la salud antes de su consumo. Presentación Registro Sanitario Modo de uso Precauciones y Contraindicaciones No Producto a Pedido 0 Presentación Registro Sanitario Modo de uso Precauciones y Contraindicaciones Producto a Pedido Stock Security Campos Auxiliares Highlight Stock Security Gummix Adults Sleep en formato de gomitas sabor arándano, formulado para apoyar la rutina de descanso en adultos. Su presentación en gomitas facilita la ingesta diaria y resulta una alternativa práctica para quienes prefieren formatos distintos a cápsulas o tabletas. Está pensado como un complemento dentro de hábitos saludables relacionados con el descanso, sin reemplazar tratamientos médicos.",vtex_spec_or_regex,false_no_component_match
Farmacia Universal,Drasanvi Oseogen en Polvo - Lata 375 g,Drasanvi Oseogen en Polvo 375 g Precio + Delivery Gratis,DE4754,95.00,PEN,unavailable,https://www.farmaciauniversal.com/drasanvi-oseogen-en-polvo-lata-375-g/p,31038,Drasanvi,vtex_catalog_search,2026-06-08T00:46:45.659252+00:00,,"/Vitaminas y Suplementos/Minerales y Otros/Colágenos/ /Vitaminas y Suplementos/Minerales y Otros/ /Vitaminas y Suplementos/ /1/10/323/ /1/10/ /1/ Lata 375 g DE4754 Disolver una cucharada dosificadora colmada (10 g) en 150 ml de agua o zumo después del desayuno y repetir la toma después de la comida. Se recomienda consumir el producto de forma continua durante al menos 5 meses. No superar la dosis diaria recomendada. Mantener fuera del alcance de los niños. No sustituye una dieta equilibrada. Presentación Registro Sanitario Modo de uso Precauciones y Contraindicaciones No Producto a Pedido 1 Presentación Registro Sanitario Modo de uso Precauciones y Contraindicaciones Producto a Pedido Stock Security Campos Auxiliares Highlight Stock Security Suplemento alimenticio en polvo formulado con colágeno hidrolizado, magnesio, calcio, ácido hialurónico, cúrcuma y vitaminas C y D, que contribuyen al mantenimiento de huesos, articulaciones y músculos. Ideal como apoyo en la movilidad y fortaleza ósea. Su sabor agradable facilita el consumo diario.",vtex_spec_or_regex,false_no_component_match
Farmacia Universal,Varimines Stress Polvo para Solución Oral Sobres - Caja 20 und,Varimines Stress Polvo para Solución Oral Sobres 20 und Precio + Delivery Gratis,DE2181,65.60,PEN,unavailable,https://www.farmaciauniversal.com/varimines-stress-polvo-para-solucion-oral-sobres-caja-20-und/p,10266,Atral Cipan,vtex_catalog_search,2026-06-08T00:46:45.659575+00:00,,"/Vitaminas y Suplementos/Multivitamínicos/Adultos/ /Vitaminas y Suplementos/Multivitamínicos/ /Vitaminas y Suplementos/ /1/344/350/ /1/344/ /1/ Caja 20 und DE2181 Adultos: tomar 1 sobre de Varimine Stress al día. Hipersensibilidad a cualquiera de los componentes y en el caso de enfermedad renal. En caso de presencia de sales de ácido oxálico en la orina, de tratamiento con levodopa o anemia. La orina tendrá un color amarillo intenso debido a las vitaminas contenidas en la composición. No superar la dosis diaria recomendada. Los productos dietéticos no deben utilizarse como sustituto de una dieta equilibrada. Manténganse fuera del alcance y de la vista de los niños. Este producto contiene tartrazina que puede producir reacciones alérgicas tipo angiodema, asma, urticaria y shock anafiláctico. Presentación Registro Sanitario Modo de uso Precauciones y Contraindicaciones No Producto a Pedido 0 Presentación Registro Sanitario Modo de uso Precauciones y Contraindicaciones Producto a Pedido Stock Security Campos Auxiliares Highlight Stock Security Varimine Stress Polvo es un complemento nutricional diseñado para mejorar los factores que influyen en la disfunción sexual tanto en hombres como en mujeres. Su fórmula única aborda aspectos clave como el nivel de energía, el equilibrio hormonal, la circulación sanguínea y la función nerviosa, contribuyendo así a optimizar la salud sexual. Además, este polvo auxilia en síntomas relacionados con la disminución de la capacidad de atención y concentración, proporcionando un aporte esencial de vitaminas y minerales para abordar deficiencias nutricionales. Varimine Stress Polvo se presenta como una solución integral para mejorar la salud sexual y abordar los desafíos asociados al estrés y la deficiencia de nutrientes.",vtex_spec_or_regex,false_no_component_match
Farmacia Universal,Alula Gold Etapa 1 Premium - Lata 400 g,Alula Gold Etapa 1 Premium 400 g Precio + Delivery Gratis,11014124E NASNNT,81.50,PEN,unavailable,https://www.farmaciauniversal.com/alula-gold-etapa-1-premium-lata-400-g/p,30855,Alula Gold,vtex_catalog_search,2026-06-08T00:46:45.659853+00:00,,"/Cuidado Infantil/Nutrición Infantil/Fórmulas Infantiles/ /Cuidado Infantil/Nutrición Infantil/ /Cuidado Infantil/ /5/151/167/ /5/151/ /5/ Lata 400 g 11014124E NASNNT Lave bien sus manos y todos los utensilios. Hierva agua potable y déjela enfriar hasta aproximadamente 40 °C. Vierta la cantidad de agua en el biberón, añada la medida exacta de polvo según la tabla de alimentación del envase, cierre y agite bien hasta disolver. Consumir inmediatamente. Uso bajo recomendación médica. No sustituye la lactancia materna. No reutilizar restos de fórmula preparada. Conservar en lugar fresco y seco, bien tapado, y consumir dentro de 4 semanas tras la apertura. Presentación Registro Sanitario Modo de uso Precauciones y Contraindicaciones No Producto a Pedido Presentación Registro Sanitario Modo de uso Precauciones y Contraindicaciones Producto a Pedido Campos Auxiliares Highlight Alula Gold Etapa 1 Premium 400 g es una fórmula de inicio para bebés desde 0 hasta 6 meses. Elaborada con nutrientes esenciales, ayuda a favorecer el crecimiento, desarrollo cognitivo y digestión adecuada en los primeros meses de vida. Presentación práctica para uso diario.",vtex_spec_or_regex,false_no_component_match
Farmacia Universal,Cys Berry 500 mg Cápsulas - Caja 100 und,Cys Berry 500 mg Cápsulas 100 und Precio + Delivery Gratis,N8328019NNANVSA,111.98,PEN,unavailable,https://www.farmaciauniversal.com/cys-berry-500-mg-capsulas-caja-100-und/p,20341,Biomonk,vtex_catalog_search,2026-06-08T00:46:45.660125+00:00,,"/Vitaminas y Suplementos/Multivitamínicos/Urológicos/ /Vitaminas y Suplementos/Multivitamínicos/ /Vitaminas y Suplementos/ /1/344/353/ /1/344/ /1/ Caja 100 und N8328019NNANVSA Tomar una cápsula al día, preferiblemente con alimentos, o según indicación de un profesional de la salud. No exceder la dosis recomendada. No utilizar como sustituto de una dieta equilibrada. Consultar con un profesional de la salud antes de su uso, especialmente en embarazo, lactancia o condiciones médicas preexistentes. Presentación Registro Sanitario Modo de uso Precauciones y Contraindicaciones No Producto a Pedido 1 Presentación Registro Sanitario Modo de uso Precauciones y Contraindicaciones Producto a Pedido Stock Security Campos Auxiliares Highlight Stock Security Cys Berry es un suplemento a base de extracto de arándano rojo americano, conocido por sus propiedades antioxidantes y su apoyo en la salud del tracto urinario. Ayuda a prevenir infecciones urinarias recurrentes y promover el bienestar general.",vtex_spec_or_regex,false_no_component_match
Farmacia Universal,Probiowellness Femme - Frasco 200 ml,Probiowellness Femme 200 ml Precio + Delivery Gratis,P2735925NALBMD,80.00,PEN,unavailable,https://www.farmaciauniversal.com/probiowellness-femme-frasco-200-ml/p,31958,Lmb H. Colichon,vtex_catalog_search,2026-06-08T00:46:45.660412+00:00,,"/Vitaminas y Suplementos/Multivitamínicos/Digestivos/ /Vitaminas y Suplementos/Multivitamínicos/ /Vitaminas y Suplementos/ /1/344/352/ /1/344/ /1/ Frasco 200 ml P2735925NALBMD Adultos: 10 mL, dos veces al día, durante 10 días. Niñas: 5 mL, dos veces al día, durante 20 días. En uso preventivo para adultos: 10 mL, una vez al día, durante 20 días. Se recomienda consumir una hora antes o después de los alimentos. Puede tomarse directamente o mezclarse con bebidas que no estén calientes y consumirse inmediatamente. Conservar en un lugar limpio, fresco y seco. Una vez abierto, se recomienda utilizar el contenido conforme a las indicaciones del envase. No exceder la porción recomendada. En caso de embarazo, lactancia o condiciones médicas especiales, se aconseja consultar con un profesional de la salud antes de su consumo. Presentación Registro Sanitario Modo de uso Precauciones y Contraindicaciones No Producto a Pedido 1 Presentación Registro Sanitario Modo de uso Precauciones y Contraindicaciones Producto a Pedido Stock Security Campos Auxiliares Highlight Stock Security Probiowellness Femme es un suplemento alimenticio líquido formulado con bacterias probióticas vivas y activas del género Lactobacillus, como Lactobacillus acidophilus, Lactobacillus reuteri, Lactobacillus plantarum, Lactobacillus rhamnosus y Lactobacillus crispatus. Su composición incluye un medio nutritivo con riboflavina, harina de alverja y algarrobo, quinua procesada, inulina y arándanos rojos. Está desarrollado con un enfoque en el bienestar femenino, acompañando el equilibrio de la microbiota como parte de hábitos de alimentación complementaria y cuidado diario.",vtex_spec_or_regex,false_no_component_match
Farmacia Universal,Enfamil Premium Promental Digest + A.E. - Lata 352 g,Enfamil Premium Promental Digest + A.E. 352 g Precio + Delivery Gratis,I1000523ENARBHA,97.71,PEN,unavailable,https://www.farmaciauniversal.com/enfamil-premium-promental-digest-ae-lata-352-g/p,24648,Enfamil,vtex_catalog_search,2026-06-08T00:46:45.661069+00:00,,"/Cuidado Infantil/Nutrición Infantil/Fórmulas Infantiles/ /Cuidado Infantil/Nutrición Infantil/ /Cuidado Infantil/ /5/151/167/ /5/151/ /5/ Lata 352 g I1000523ENARBHA Lávese bien las manos con agua y jabón antes de preparar la fórmula. Lave y enjuague los utensilios o recipientes que se usarán. Hiérvalos durante al menos 5 minutos. Hierva agua potable durante 5 minutos y déjela enfriar hasta que esté tibia. Vierta en el recipiente hervido la cantidad de agua indicada y añada la cantidad de polvo según el cuadro de alimentación. Cierre bien el recipiente y agite hasta lograr una mezcla homogénea. Prepare la fórmula justo antes de su consumo. Utilizar solo la medida dosificadora incluida en el envase y respetar las proporciones indicadas. No consumir si el envase está dañado o presenta signos de alteración. Una vez preparada, la fórmula debe ser consumida inmediatamente o refrigerada y usada en un máximo de 24 horas. No recalentar en microondas para evitar quemaduras. No exceder la cantidad recomendada por el profesional de salud. Consultar con un pediatra antes de iniciar el uso, especialmente si el niño tiene alguna condición médica. Almacenar en un lugar fresco y seco, fuera del alcance de los niños. Presentación Registro Sanitario Modo de uso Precauciones y Contraindicaciones No Producto a Pedido 1 Presentación Registro Sanitario Modo de uso Precauciones y Contraindicaciones Producto a Pedido Stock Security Campos Auxiliares Highlight Stock Security Es un alimento lácteo en polvo formulado para lactantes que presentan necesidades digestivas especiales, como estreñimiento o sensibilidad gastrointestinal. Su composición nutricional busca contribuir con el adecuado desarrollo de los bebés mientras se acompaña el manejo de estas condiciones. Contiene DHA, un ácido graso omega-3 que forma parte de una nutrición equilibrada en etapas tempranas de crecimiento, y prebióticos que pueden favorecer el equilibrio de la microbiota intestinal. Incluye una mezcla de vitaminas y minerales esenciales como hierro, calcio y zinc, nutrientes involucrados en procesos como la formación ósea, el desarrollo físico y la función inmunológica. Además, contiene proteínas, carbohidratos y grasas en proporciones diseñadas para cubrir los requerimientos energéticos propios de esta etapa. Este producto no es un sucedáneo de la leche materna y su uso debe ser indicado por un profesional de la salud cuando la lactancia no sea posible o suficiente.",vtex_spec_or_regex,false_no_component_match
Farmacia Universal,Flexi Plus GC Sabor Naranja Sobres - Caja 30 und,Flexi Plus GC Sabor Naranja Sobres 30 und Precio + Delivery Gratis,P2990423N/NALBBO,161.10,PEN,unavailable,https://www.farmaciauniversal.com/flexi-plus-gc-sabor-naranja-sobres-caja-30-und/p,25243,Laboratorios Biosana,vtex_catalog_search,2026-06-08T00:46:45.661708+00:00,,"/Vitaminas y Suplementos/Multivitamínicos/Osteoarticulares/ /Vitaminas y Suplementos/Multivitamínicos/ /Vitaminas y Suplementos/ /1/344/354/ /1/344/ /1/ Caja 30 und P2990423N/NALBBO Disolver el contenido de un sobre en agua y consumir por las mañanas, o según la recomendación de un profesional de la salud. No exceder la dosis diaria recomendada. Producto indicado para adultos. No se recomienda en personas con hipersensibilidad a alguno de sus componentes. Mantener en un lugar fresco, seco y protegido de la luz solar directa. En caso de reacción adversa, suspender su uso y consultar a un especialista. Presentación Registro Sanitario Modo de uso Precauciones y Contraindicaciones No Producto a Pedido 1 Presentación Registro Sanitario Modo de uso Precauciones y Contraindicaciones Producto a Pedido Stock Security Campos Auxiliares Highlight Stock Security Flexi Plus GC es un suplemento en polvo de agradable sabor a naranja, diseñado para preparar una bebida instantánea que combina camu camu, colágeno hidrolizado, vitaminas y minerales. Esta fórmula está orientada a apoyar el mantenimiento de huesos y articulaciones, contribuyendo al bienestar musculoesquelético y al soporte de la movilidad en la rutina diaria.",vtex_spec_or_regex,false_no_component_match
Farmacia Universal,Alula Gold Etapa 1 Premium - Lata 900 g,Alula Gold Etapa 1 Premium 900 g Precio + Delivery Gratis,11014124E NASNNT,175.00,PEN,unavailable,https://www.farmaciauniversal.com/alula-gold-etapa-1-premium-lata-900-g/p,30811,Alula Gold,vtex_catalog_search,2026-06-08T00:46:45.661959+00:00,,"/Cuidado Infantil/Nutrición Infantil/Fórmulas Infantiles/ /Cuidado Infantil/Nutrición Infantil/ /Cuidado Infantil/ /5/151/167/ /5/151/ /5/ Lata 900 g 11014124E NASNNT Lave bien sus manos y todos los utensilios. Hierva agua potable y déjela enfriar hasta aproximadamente 40 °C. Vierta la cantidad de agua en el biberón, añada la medida exacta de polvo según la tabla de alimentación del envase, cierre y agite bien hasta disolver. Consumir inmediatamente. Uso bajo recomendación médica. No sustituye la lactancia materna. No reutilizar restos de fórmula preparada. Conservar en lugar fresco y seco, bien tapado, y consumir dentro de 4 semanas tras la apertura. Presentación Registro Sanitario Modo de uso Precauciones y Contraindicaciones No Producto a Pedido 1 Presentación Registro Sanitario Modo de uso Precauciones y Contraindicaciones Producto a Pedido Stock Security Campos Auxiliares Highlight Stock Security Alula Gold Etapa 1 Premium es una fórmula infantil de inicio diseñada para bebés desde el nacimiento hasta los 6 meses. Ofrece una nutrición completa con vitaminas, minerales y proteínas de alta calidad, favoreciendo un crecimiento saludable.",vtex_spec_or_regex,false_no_component_match
Farmacia Universal,MaxiKid Sport - Frasco 500 g,MaxiKid Sport 500 g Precio + Delivery Gratis,P2958720NNANTIN,119.00,PEN,unavailable,https://www.farmaciauniversal.com/maxikid-sport-frasco-500-g/p,32521,Med Nutricion,vtex_catalog_search,2026-06-08T00:46:45.662217+00:00,,"/Cuidado Infantil/Nutrición Infantil/Suplementos Infantiles/ /Cuidado Infantil/Nutrición Infantil/ /Cuidado Infantil/ /5/151/340/ /5/151/ /5/ Frasco 500 g P2958720NNANTIN Mezclar 2 medidas en un vaso con leche, avena u otra bebida de preferencia. Consumir una o dos veces al día según requerimiento nutricional. Consumir como complemento de una alimentación equilibrada y hábitos saludables. No exceder la cantidad recomendada. Conservar en un lugar fresco y seco. Mantener fuera del alcance de los niños pequeños. Presentación Registro Sanitario Modo de uso Precauciones y Contraindicaciones No Producto a Pedido 0 Presentación Registro Sanitario Modo de uso Precauciones y Contraindicaciones Producto a Pedido Stock Security Campos Auxiliares Highlight Stock Security MaxiKid Sport es un suplemento nutricional formulado especialmente para niños con mayor nivel de actividad física. Su composición aporta proteínas, carbohidratos y grasas en proporciones equilibradas para complementar las necesidades energéticas diarias dentro de una alimentación balanceada. Además, incluye vitaminas y minerales que acompañan la rutina de niños activos y ayudan a complementar su nutrición diaria.",vtex_spec_or_regex,false_no_component_match
Farmacia Universal,Alula Gold Etapa 3 - Lata 400 g,Alula Gold Etapa 3 400 g Precio + Delivery Gratis,13000118E NAAPPR,48.00,PEN,unavailable,https://www.farmaciauniversal.com/alula-gold-etapa-3-lata-400-g/p,30860,Alula Gold,vtex_catalog_search,2026-06-08T00:46:45.662499+00:00,,"/Cuidado Infantil/Nutrición Infantil/Fórmulas Infantiles/ /Cuidado Infantil/Nutrición Infantil/ /Cuidado Infantil/ /5/151/167/ /5/151/ /5/ Lata 400 g 13000118E NAAPPR Lave bien sus manos y todos los utensilios. Hierva agua potable y déjela enfriar hasta aproximadamente 40 °C. Vierta la cantidad de agua en el biberón, añada la medida exacta de polvo según la tabla de alimentación del envase, cierre y agite bien hasta disolver. Consumir inmediatamente. La leche materna es el mejor alimento para los bebés. Este producto debe usarse bajo recomendación y supervisión médica. No reutilice restos de fórmula preparada. Almacenar en un lugar fresco y seco, bien cerrado y consumir dentro de 4 semanas después de abierto. Presentación Registro Sanitario Modo de uso Precauciones y Contraindicaciones No Producto a Pedido 1 Presentación Registro Sanitario Modo de uso Precauciones y Contraindicaciones Producto a Pedido Stock Security Campos Auxiliares Highlight Stock Security Alula Gold Etapa 3 es una fórmula de crecimiento indicada para niños de 1 a 3 años. Contiene nutrientes clave como hierro, calcio, proteínas y vitaminas que apoyan el desarrollo físico y mental en la primera infancia.",vtex_spec_or_regex,false_no_component_match
Farmacia Universal,Alula Gold Etapa 1 Premium - Lata 200 g,Alula Gold Etapa 1 Premium 200 g Precio + Delivery Gratis,11014124E NASNNT,45.00,PEN,unavailable,https://www.farmaciauniversal.com/alula-gold-etapa-1-premium-lata-200-g/p,30858,Alula Gold,vtex_catalog_search,2026-06-08T00:46:45.662780+00:00,,"/Cuidado Infantil/Nutrición Infantil/Fórmulas Infantiles/ /Cuidado Infantil/Nutrición Infantil/ /Cuidado Infantil/ /5/151/167/ /5/151/ /5/ Lata 200 g 11014124E NASNNT Lave bien sus manos y todos los utensilios. Hierva agua potable y déjela enfriar hasta aproximadamente 40 °C. Vierta la cantidad de agua en el biberón, añada la medida exacta de polvo según la tabla de alimentación del envase, cierre y agite bien hasta disolver. Consumir inmediatamente. La leche materna es el mejor alimento para los bebés. Este producto debe usarse bajo recomendación y supervisión médica. No reutilice restos de fórmula preparada. Almacenar en un lugar fresco y seco, bien cerrado y consumir dentro de 4 semanas después de abierto. Presentación Registro Sanitario Modo de uso Precauciones y Contraindicaciones No Producto a Pedido 0 Presentación Registro Sanitario Modo de uso Precauciones y Contraindicaciones Producto a Pedido Stock Security Campos Auxiliares Highlight Stock Security Alula Gold Etapa 1 Premium 200 g es una fórmula infantil de inicio especialmente diseñada para bebés desde el nacimiento hasta los 6 meses. Contiene nutrientes esenciales que apoyan el crecimiento y desarrollo, brindando una nutrición de calidad inspirada en la leche materna. Su presentación de 200 g es práctica para viajes, pruebas iniciales o consumo ocasional.",vtex_spec_or_regex,false_no_component_match
Farmacia Universal,Pack Enfagrow Premium Promental Sabor Vainilla Lata 1350 g + Lata 375 g,Pack Enfagrow Premium Promental Sabor Vainilla Lata 1350 g + Lata 375 g Precio + Delivery Gratis,I1000720ENARBHA,167.00,PEN,unavailable,https://www.farmaciauniversal.com/pack-enfagrow-premium-promental-sabor-vainilla-lata-1350-g-lata-375-g/p,99307,Enfagrow,vtex_catalog_search,2026-06-08T00:46:45.663497+00:00,,"/Cuidado Infantil/Nutrición Infantil/Fórmulas Infantiles/ /Cuidado Infantil/Nutrición Infantil/ /Cuidado Infantil/ /5/151/167/ /5/151/ /5/ Pack Promocional I1000720ENARBHA Colocar en un vaso 180 mL (6 oz fl) de agua potable previamente hervida, añadir 6 medidas con la cuchara medidora sin comprimir y revolver hasta que la mezcla sea homogénea. En niños menores de 24 meses consulte con su pediatra. Este producto no es sucedáneo de la leche materna. Presentación Registro Sanitario Modo de uso Precauciones y Contraindicaciones No Producto a Pedido Vainilla Sabor Presentación Registro Sanitario Modo de uso Precauciones y Contraindicaciones Producto a Pedido Sabor Campos Auxiliares Highlight Filtros Enfagrow Premium Promental Sabor Vainilla Lata 375 g Alimento en polvo con DHA^, prebióticos, vitaminas y minerales para niños en crecimiento. Con MFGM°, DHA^ y otros neuronutrientes (como Hierro, yodo, zinc, colina) que junto con tu estimulación apoyan el DESARROLLO MENTAL* de tu hijo. Mezcla exclusiva de PDX-GOS, betaglucano y DHA que cuentan con estudios científicos relacionados con beneficios en el sistema inmune, además de vitaminas y minerales. Prebióticos que apoyan el funcionamiento del sistema digestivo. Sin sacarosa, sin fructosa. Marca N°1 recomendada por pediatras en el Perú. Enfagrow Premium Promental Sabor Vainilla Lata 1350 g Es un alimento lácteo en polvo formulado para niños, que contiene una combinación equilibrada de nutrientes que contribuyen al desarrollo general durante esta etapa. Incluye DHA y MFGM, componentes asociados al desarrollo cerebral y visual, así como prebióticos (PDX y GOS) y probióticos, que participan en el mantenimiento de una flora intestinal saludable. Además, aporta vitaminas y minerales como hierro, calcio y zinc, necesarios para diversas funciones del organismo. Su mezcla de proteínas, carbohidratos y grasas proporciona energía en el marco de una alimentación balanceada. Este producto no es un sucedáneo de la leche materna.",vtex_spec_or_regex,false_no_component_match
Farmacia Universal,Fibracel Suplemento de Fibra Prebiótica - Lata 350 g,Fibracel Suplemento de Fibra Prebiótica 350 g Precio + Delivery Gratis,M0402923N/NAOGFO,72.00,PEN,available,https://www.farmaciauniversal.com/fibracel-suplemento-de-fibra-prebiotica-lata-350-g/p,29710,Nordic Pharmaceutical,vtex_catalog_search,2026-06-08T00:46:46.123002+00:00,10,"/Vitaminas y Suplementos/Multivitamínicos/Digestivos/ /Vitaminas y Suplementos/Multivitamínicos/ /Vitaminas y Suplementos/ /1/344/352/ /1/344/ /1/ Lata 350 g M0402923N/NAOGFO Para mayores de 12 años, mezcle 2 cucharadas dosificadoras disueltas en 250ml de agua, bebida o alimento blando (frio o caliente) 2 veces al día No consumir en caso de hipersensibilidad o alergia cualquiera de los componentes de la formulación. Almacenar en temperatura no mayor de 30°C. Mantener fuera del alcance de los niños. Presentación Registro Sanitario Modo de uso Precauciones y Contraindicaciones No Producto a Pedido 0 Presentación Registro Sanitario Modo de uso Precauciones y Contraindicaciones Producto a Pedido Stock Security Campos Auxiliares Highlight Stock Security Fibracel es un suplemento de fibra prebiótica de origen vegetal, elaborado con fibra soluble de maíz, pitahaya y stevia. Su fórmula libre de gluten, sin saborizantes y de fácil disolución lo convierte en una opción ideal para complementar la alimentación diaria y favorecer la salud digestiva.",vtex_spec_or_regex,false_no_component_match
Farmacia Universal,Cedem Brainomax Polvo Oral Sobres - Caja 20 und,Cedem Brainomax Polvo Oral Sobres 20 und Precio + Delivery Gratis,DE5629,119.92,PEN,available,https://www.farmaciauniversal.com/cedem-brainomax-polvo-oral-sobres-caja-20-und/p,32550,HI Universal,vtex_catalog_search,2026-06-08T00:46:46.125883+00:00,100,"/Vitaminas y Suplementos/Multivitamínicos/Adultos/ /Vitaminas y Suplementos/Multivitamínicos/ /Vitaminas y Suplementos/ /1/344/350/ /1/344/ /1/ Caja 20 und DE5629 Vía oral. Adultos, colocar el contenido del sobre directamente sobre la lengua y dejar que se disuelva lentamente. Tomar dos sobres al día. No se debe exceder la ingesta diaria recomendada. Contiene una fuente de fenilalanina; evitar su consumo en caso de fenilcetonuria. Mantener fuera del alcance de los niños. No apto para niños, ni para mujeres embarazadas o en período de lactancia. No utilizar como sustituto de una dieta variada y equilibrada ni de un estilo de vida saludable. Presentación Registro Sanitario Modo de uso Precauciones y Contraindicaciones No Producto a Pedido 0 Presentación Registro Sanitario Modo de uso Precauciones y Contraindicaciones Producto a Pedido Stock Security Campos Auxiliares Highlight Stock Security Brainomax es un complemento alimenticio que mejora la función cerebral, contribuye al rendimiento mental normal, reduce el cansancio y la fatiga, y favorece el funcionamiento normal del sistema nervioso. Además, mejora la absorción de nutrientes. Puede contribuir a una mejor recuperación y retención de la memoria, lo que ayuda a mantener la concentración y la capacidad de atención. Viene en formato de sobre para aplicar directamente en la lengua sin necesidad de líquido, lo que facilita su transporte y consumo en cualquier lugar. Se disuelve rápidamente sin agua.",vtex_spec_or_regex,false_no_component_match
Farmacia Universal,F5 Experto Alimento para Regímenes Especiales en Polvo - Sobre 15 g,F5 Experto Alimento para Regímenes Especiales en Polvo 15 g Precio + Delivery Gratis,DE5077,42.00,PEN,available,https://www.farmaciauniversal.com/f5-experto-alimento-para-regimenes-especiales-en-polvo-sobre-15-g/p,31638,Zafire Labs,vtex_catalog_search,2026-06-08T00:46:46.126828+00:00,10,"/Vitaminas y Suplementos/Suplementos Nutricionales/Fórmulas Especializadas/ /Vitaminas y Suplementos/Suplementos Nutricionales/ /Vitaminas y Suplementos/ /1/12/29/ /1/12/ /1/ Sobre 15 g L-Glutamina, Lactobacillus Reuteri DE5077 Ingerir por vía oral o mediante sonda según indicación médica. Para consumo oral, diluir el contenido de un sobre (15 g) en 200 a 250 ml de agua o zumo y agitar hasta su completa disolución. La dosis debe ser determinada por el médico según la edad, peso y situación clínica del paciente. En administración por sonda, mezclar el contenido de un sobre en 60 ml de agua, enjuagar el tubo con 30 ml de agua antes y después del consumo y realizar limpieza del tubo cada 12 horas. Una vez reconstituido, consumir dentro de las 24 horas. Utilizar bajo supervisión médica. No administrar por vía parenteral. No debe utilizarse como única fuente de alimentación. Mantener fuera del alcance de los niños y conservar el producto en un lugar fresco y seco. Presentación Principio Activo Registro Sanitario Modo de uso Precauciones y Contraindicaciones No Producto a Pedido Presentación Principio Activo Registro Sanitario Modo de uso Precauciones y Contraindicaciones Producto a Pedido Campos Auxiliares Highlight F5 Experto es un alimento para regímenes especiales en polvo que combina L-glutamina y el probiótico Lactobacillus reuteri. Está orientado a complementar la alimentación en situaciones donde se requiere apoyo nutricional para el equilibrio gastrointestinal, como trastornos digestivos, disbiosis intestinal o alteraciones en la absorción de nutrientes. Su fórmula en sobres facilita la preparación y consumo como parte de un manejo nutricional supervisado.",vtex_spec_or_regex,false_no_component_match
Farmacia Universal,Vitafos Complento Alimentario Sabor Vainilla - Lata 800 g,Vitafos Complento Alimentario Vainilla 800 g Precio + Delivery Gratis,I4551012ENADSCN,119.90,PEN,available,https://www.farmaciauniversal.com/vitafos-complento-alimentario-sabor-vainilla-lata-800-g/p,23568,Vitafos,vtex_catalog_search,2026-06-08T00:46:46.127967+00:00,10,"/Vitaminas y Suplementos/Suplementos Nutricionales/Fórmulas para Adultos/ /Vitaminas y Suplementos/Suplementos Nutricionales/ /Vitaminas y Suplementos/ /1/12/28/ /1/12/ /1/ Lata 800 g I4551012ENADSCN Para obtener una disolución estándar de 240 ml, agregue 4 cucharadas rasas de Vitafos en un vaso con agua tibia (200 ml) y remueva el contenido con una cuchara hasta su completa disolución. Recomendamos que consultes con tu médico cualquier duda que tengas acerca de la preparación y las tomas. No debe usarse en personas con galactosemia. No apto para uso parenteral. Presentación Registro Sanitario Modo de uso Precauciones y Contraindicaciones No Producto a Pedido Vainilla Lata 800 g Sabor Presentaciones 1 Presentación Registro Sanitario Modo de uso Precauciones y Contraindicaciones Producto a Pedido Sabor Presentaciones Stock Security Campos Auxiliares Highlight Filtros Stock Security Vitafos, soporte nutricional en casos de aumento de necesidades y/o disminución del aporte de nutrientes.",vtex_spec_or_regex,false_no_component_match
Farmacia Universal,Invitalys Colágeno + Biotina + Aguaje Gomitas Sabor Fresa - Frasco 70 und,Invitalys Colágeno + Biotina + Aguaje Gomitas Sabor Fresa 70 und Precio + Delivery Gratis,G6608925NNANVSC,59.00,PEN,available,https://www.farmaciauniversal.com/invitalys-colageno-biotina-aguaje-gomitas-sabor-fresa-frasco-70-und/p,32203,Invitalys,vtex_catalog_search,2026-06-08T00:46:46.128451+00:00,10,"/Vitaminas y Suplementos/Multivitamínicos/Cabello y Uñas/ /Vitaminas y Suplementos/Multivitamínicos/ /Vitaminas y Suplementos/ /1/344/357/ /1/344/ /1/ Frasco 70 und G6608925NNANVSC Consumir de 1 a 2 gomitas al día. Mantener el envase bien cerrado después de cada uso. Mantener fuera del alcance de los niños. No sustituye una alimentación equilibrada ni un estilo de vida saludable. Presentación Registro Sanitario Modo de uso Precauciones y Contraindicaciones No Producto a Pedido Fresa Sabor Presentación Registro Sanitario Modo de uso Precauciones y Contraindicaciones Producto a Pedido Sabor Campos Auxiliares Highlight Filtros Invitalys Colágeno + Biotina + Aguaje Gomitas sabor fresa es un suplemento alimenticio formulado con colágeno, biotina y aguaje, diseñado para complementar la alimentación diaria y formar parte de una rutina de cuidado personal. Su formato en gomitas facilita su consumo, siendo una alternativa práctica dentro de hábitos de bienestar. Es un producto libre de azúcar, gluten y lácteos.",vtex_spec_or_regex,false_no_component_match
Farmacia Universal,Glutapak 5R Polvo - Sobre 7.5 g,Glutapak 5R Polvo 7.5 g Precio + Delivery Gratis,DE5358,21.01,PEN,available,https://www.farmaciauniversal.com/glutapak-5r-polvo-sobre-75-g/p,31879,Megalabs,vtex_catalog_search,2026-06-08T00:46:46.128974+00:00,10,"/Vitaminas y Suplementos/Suplementos Nutricionales/Fórmulas Especializadas/ /Vitaminas y Suplementos/Suplementos Nutricionales/ /Vitaminas y Suplementos/ /1/12/29/ /1/12/ /1/ Sobre 7.5 g Glutamina, Lactobacillus reuteri DE5358 Para uso oral, mezclar el contenido en 60 ml (2 oz) de agua, jugo o alimento y consumir inmediatamente. Para uso enteral, mezclar con 60 ml (2 oz) de agua, administrar e inmediatamente lavar la sonda antes y después de la infusión. Conservar en un lugar seco y fresco a temperatura no mayor de 30°C. Usar bajo supervisión de un médico o nutricionista. No usar por vía parenteral. No mezclar con otras fórmulas enterales. Mantener fuera del alcance de los niños. Presentación Principio Activo Registro Sanitario Modo de uso Precauciones y Contraindicaciones No Producto a Pedido 0 Presentación Principio Activo Registro Sanitario Modo de uso Precauciones y Contraindicaciones Producto a Pedido Stock Security Campos Auxiliares Highlight Stock Security Glutapak 5R es un suplemento nutricional en polvo formulado con glutamina y Lactobacillus reuteri, diseñado para el manejo nutricional de niños que requieren complementación de estos componentes. Su formulación está orientada a acompañar el mantenimiento de la vellosidad intestinal y el equilibrio de la microbiota, formando parte de un enfoque nutricional supervisado.",vtex_spec_or_regex,false_no_component_match
Farmacia Universal,Nature's Truth Ashwagandha Root Cápsulas - Frasco 90 und,Nature's Truth Ashwagandha Root Cápsulas 90 und Precio + Delivery Gratis,PNE1916,69.90,PEN,available,https://www.farmaciauniversal.com/natures-truth-ashwagandha-root-capsulas-frasco-90-und/p,31689,Nature's Truth,vtex_catalog_search,2026-06-08T00:46:46.130930+00:00,10,"/Vitaminas y Suplementos/Multivitamínicos/Relajantes/ /Vitaminas y Suplementos/Multivitamínicos/ /Vitaminas y Suplementos/ /1/344/351/ /1/344/ /1/ Frasco 90 und Extracto de Raíz de Ashwagandha 460 mg PNE1916 Para adultos, tomar 2 cápsulas al día, preferiblemente con alimentos. No consumir en caso de hipersensibilidad. No recomendado en menores de 18 años. Consultar con su médico si está embarazada, en lactancia o bajo tratamiento. No superar la dosis diaria recomendada. No sustituye una dieta equilibrada. Mantener fuera del alcance de los niños. Presentación Principio Activo Registro Sanitario Modo de uso Precauciones y Contraindicaciones No Producto a Pedido Presentación Principio Activo Registro Sanitario Modo de uso Precauciones y Contraindicaciones Producto a Pedido Campos Auxiliares Highlight Nature’s Truth Ashwagandha Root es un suplemento alimenticio elaborado con raíz de ashwagandha (Withania somnifera), una planta tradicionalmente utilizada en rutinas de bienestar. Su presentación en cápsulas permite incorporarlo fácilmente al día a día, siendo una opción práctica para quienes buscan complementar su estilo de vida con un producto asociado al equilibrio y la relajación, sin sustituir hábitos saludables.",vtex_spec_or_regex,false_no_component_match
Farmacia Universal,Nature's Truth Lions Mane Cápsulas Veganas - Frasco 50 und,Nature's Truth Lions Mane Cápsulas Veganas 50 und Precio + Delivery Gratis,PNE1897,119.90,PEN,available,https://www.farmaciauniversal.com/natures-truth-lions-mane-capsulas-veganas-frasco-50-und/p,31696,Nature's Truth,vtex_catalog_search,2026-06-08T00:46:46.131209+00:00,10,"/Vitaminas y Suplementos/Suplementos Nutricionales/Fórmulas Especializadas/ /Vitaminas y Suplementos/Suplementos Nutricionales/ /Vitaminas y Suplementos/ /1/12/29/ /1/12/ /1/ Frasco 50 und Melena de León 525 mg, Pimienta Negra BioPerine 10 mg PNE1897 Para adultos, tomar 1 cápsula al día, preferiblemente con alimentos. No consumir en caso de hipersensibilidad. No superar la dosis diaria recomendada. Consultar con su médico si está embarazada, en lactancia o bajo tratamiento. No sustituye una dieta equilibrada. Mantener fuera del alcance de los niños. Presentación Principio Activo Registro Sanitario Modo de uso Precauciones y Contraindicaciones No Producto a Pedido Presentación Principio Activo Registro Sanitario Modo de uso Precauciones y Contraindicaciones Producto a Pedido Campos Auxiliares Highlight Nature’s Truth Lions Mane es un suplemento alimenticio a base de melena de león, un hongo de uso tradicional, combinado con pimienta negra. Su presentación en cápsulas veganas lo convierte en una opción práctica para quienes buscan incorporar ingredientes de origen natural dentro de su rutina diaria de bienestar.",vtex_spec_or_regex,false_no_component_match
Farmacia Universal,VitaxaLab Nutri Advance Clinical Sabor Maracumango - Frasco 1 litro,VitaxaLab Nutri Advance Clinical Sabor Maracumango 1 litro Precio + Delivery Gratis,F6521324NNAIVGO,175.00,PEN,available,https://www.farmaciauniversal.com/vitaxalab-nutri-advance-clinical-sabor-maracumango-frasco-1-litro-2026/p,32228,VitaxaLab,vtex_catalog_search,2026-06-08T00:46:46.131533+00:00,1,"/Vitaminas y Suplementos/Suplementos Nutricionales/Fórmulas para Adultos/ /Vitaminas y Suplementos/Suplementos Nutricionales/ /Vitaminas y Suplementos/ /1/12/28/ /1/12/ /1/ Frasco 1 litro F6521324NNAIVGO Dosis sugerida en adultos: 30 ml al día. Puede consumirse de manera directa o mezclado con bebidas como jugos, batidos o agua, así como con alimentos como ensalada de frutas, gelatina o mazamorra. Para uso por vía enteral, diluir con agua al 50%. Conservar en un lugar seco, en su envase original, a temperatura no mayor a 30°C. Una vez abierto, mantener estable hasta por 3 meses. No sustituye una alimentación equilibrada. Mantener fuera del alcance de los niños. Presentación Registro Sanitario Modo de uso Precauciones y Contraindicaciones No Producto a Pedido 0 Presentación Registro Sanitario Modo de uso Precauciones y Contraindicaciones Producto a Pedido Stock Security Campos Auxiliares Highlight Stock Security VitaxaLab Nutri Advance Clinical es una proteína líquida formulada a base de dipéptidos de colágeno hidrolizado, con un perfil que incluye aminoácidos esenciales, no esenciales y condicionalmente esenciales. Su composición incorpora arginina y está fortificada con triptófano, formando parte de una alternativa para complementar la alimentación en situaciones de baja ingesta proteica o cuando se presentan requerimientos nutricionales aumentados. Su formato líquido facilita su incorporación en diferentes preparaciones y momentos del día.",vtex_spec_or_regex,false_no_component_match
Farmacia Universal,Provide Gold Plus Sabor Berry - Frasco 887 ml,Provide Gold Plus Sabor Berry 887 ml Precio + Delivery Gratis,DE5293,190.00,PEN,available,https://www.farmaciauniversal.com/diutin-provide-gold-plus-sabor-berry-frasco-887-ml/p,30356,Diutin,vtex_catalog_search,2026-06-08T00:46:46.131799+00:00,100,"/Vitaminas y Suplementos/Minerales y Otros/Proteínas/ /Vitaminas y Suplementos/Minerales y Otros/ /Vitaminas y Suplementos/ /1/10/19/ /1/10/ /1/ Frasco 887 ml DE5293 Puede ser consumido por vía oral solo, mezclado con agua, bebidas o alimentos, y por vía enteral diluido al 50% en agua. No está indicado para uso por vía parenteral. No exceder la dosis diaria recomendada, mantener fuera del alcance de los niños. No use si su sello de seguridad esta roto. Descartar luego de 3 meses abiertos o después de la fecha de vencimiento mostrada en el envase. Los productos dietéticos no deben usarse como un sustituto de una dieta equilibrada. Presentación Registro Sanitario Modo de uso Precauciones y Contraindicaciones No Producto a Pedido Berry Frasco 887 ml Sabor Presentaciones 1 Presentación Registro Sanitario Modo de uso Precauciones y Contraindicaciones Producto a Pedido Sabor Presentaciones Stock Security Campos Auxiliares Highlight Filtros Stock Security Provide Gold Plus Sugar-Free Berry es un módulo de proteína líquida hidrolizada con aminoácidos esenciales y condicionalmente esenciales, enriquecido con arginina, triptófano, glutamina y fortificado con BCAA (leucina, isoleucina y valina).",vtex_spec_or_regex,false_no_component_match
Farmacia Universal,Provide Gold Plus Sabor Berry - Frasco 473 ml,Provide Gold Plus Sabor Berry 473 ml Precio + Delivery Gratis,DE5293,110.00,PEN,available,https://www.farmaciauniversal.com/diutin-provide-gold-plus-sabor-berry-frasco-473-ml/p,30355,Diutin,vtex_catalog_search,2026-06-08T00:46:46.132068+00:00,10,"/Vitaminas y Suplementos/Minerales y Otros/Proteínas/ /Vitaminas y Suplementos/Minerales y Otros/ /Vitaminas y Suplementos/ /1/10/19/ /1/10/ /1/ Frasco 473 ml DE5293 Puede ser consumido por vía oral solo, mezclado con agua, bebidas o alimentos, y por vía enteral diluido al 50% en agua. No está indicado para uso por vía parenteral. No exceder la dosis diaria recomendada, mantener fuera del alcance de los niños. No use si su sello de seguridad esta roto. Descartar luego de 3 meses abiertos o después de la fecha de vencimiento mostrada en el envase. Los productos dietéticos no deben usarse como un sustituto de una dieta equilibrada. Presentación Registro Sanitario Modo de uso Precauciones y Contraindicaciones No Producto a Pedido Berry Frasco 473 ml Sabor Presentaciones 1 Presentación Registro Sanitario Modo de uso Precauciones y Contraindicaciones Producto a Pedido Sabor Presentaciones Stock Security Campos Auxiliares Highlight Filtros Stock Security Provide Gold Plus Sugar-Free Berry es un módulo de proteína líquida hidrolizada con aminoácidos esenciales y condicionalmente esenciales, enriquecido con arginina, triptófano, glutamina y fortificado con BCAA (leucina, isoleucina y valina).",vtex_spec_or_regex,false_no_component_match
Farmacia Universal,Provide Gold Plus Sabor Maracuyá - Frasco 473 ml,Provide Gold Plus Sabor Maracuyá 473 ml Precio + Delivery Gratis,DE5273,110.00,PEN,available,https://www.farmaciauniversal.com/diutin-provide-gold-plus-sabor-maracuya-frasco-473-ml/p,30353,Diutin,vtex_catalog_search,2026-06-08T00:46:46.132337+00:00,10,"/Vitaminas y Suplementos/Minerales y Otros/Proteínas/ /Vitaminas y Suplementos/Minerales y Otros/ /Vitaminas y Suplementos/ /1/10/19/ /1/10/ /1/ Frasco 473 ml DE5273 Puede ser consumido por vía oral solo, mezclado con agua, bebidas o alimentos, y por vía enteral diluido al 50% en agua. No está indicado para uso por vía parenteral. No exceder la dosis diaria recomendada, mantener fuera del alcance de los niños. No use si su sello de seguridad esta roto. Descartar luego de 3 meses abiertos o después de la fecha de vencimiento mostrada en el envase. Los productos dietéticos no deben usarse como un sustituto de una dieta equilibrada. Presentación Registro Sanitario Modo de uso Precauciones y Contraindicaciones No Producto a Pedido Maracuyá Frasco 473 ml Sabor Presentaciones 0 Presentación Registro Sanitario Modo de uso Precauciones y Contraindicaciones Producto a Pedido Sabor Presentaciones Stock Security Campos Auxiliares Highlight Filtros Stock Security Provide Gold Plus Sugar-Free Maracuyá es un módulo de proteína líquida hidrolizada con aminoácidos esenciales y condicionalmente esenciales, enriquecido con arginina, triptófano, glutamina y fortificado con BCAA (leucina, isoleucina y valina).",vtex_spec_or_regex,false_no_component_match
Farmacia Universal,DY Nutrition Creatina Monohidratada - Frasco 300 g,DY Nutrition Creatina Monohidratada 300 g Precio + Delivery Gratis,DE5513,69.00,PEN,available,https://www.farmaciauniversal.com/dy-nutrition-creatina-monohidratada-frasco-300-g/p,31485,DY Nutrition,vtex_catalog_search,2026-06-08T00:46:46.132610+00:00,10,"/Vitaminas y Suplementos/Suplementos Deportivos/Creatina/ /Vitaminas y Suplementos/Suplementos Deportivos/ /Vitaminas y Suplementos/ /1/13/35/ /1/13/ /1/ Frasco 300 g DE5513 Disolver una medida (aproximadamente 5 g) en agua o jugo y consumir antes o después del entrenamiento. Se recomienda acompañar de una correcta hidratación. No exceder la dosis diaria recomendada. No sustituye una dieta equilibrada. Mantener fuera del alcance de los niños. No utilizar durante el embarazo o lactancia sin supervisión médica. Presentación Registro Sanitario Modo de uso Precauciones y Contraindicaciones No Producto a Pedido 1 Presentación Registro Sanitario Modo de uso Precauciones y Contraindicaciones Producto a Pedido Stock Security Campos Auxiliares Highlight Stock Security Creatina Monohidratada DY Nutrition es un suplemento deportivo en polvo diseñado para apoyar el rendimiento físico durante ejercicios de alta intensidad. La creatina es uno de los compuestos más estudiados en el ámbito deportivo y puede contribuir a mejorar la fuerza, potencia y recuperación muscular cuando se usa dentro de un plan de entrenamiento adecuado.",vtex_spec_or_regex,false_no_component_match
Farmacia Universal,YVD Pharma Glantis Cápsulas - Frasco 60 und,YVD Pharma Glantis Cápsulas 60 und Precio + Delivery Gratis,P2888825N,159.04,PEN,available,https://www.farmaciauniversal.com/yvd-pharma-glantis-capsulas-frasco-60-und/p,32415,YVD Pharma,vtex_catalog_search,2026-06-08T00:46:46.132893+00:00,100,"/Vitaminas y Suplementos/Multivitamínicos/Urológicos/ /Vitaminas y Suplementos/Multivitamínicos/ /Vitaminas y Suplementos/ /1/344/353/ /1/344/ /1/ Frasco 60 und P2888825N Tomar 2 cápsulas al día, 1 cápsula cada 12 horas, preferiblemente después de las comidas. No exceder la dosis recomendada. Se sugiere consumir después de las comidas. No sustituye una dieta equilibrada ni un estilo de vida saludable. Mantener fuera del alcance de los niños. Presentación Registro Sanitario Modo de uso Precauciones y Contraindicaciones No Producto a Pedido 0 Presentación Registro Sanitario Modo de uso Precauciones y Contraindicaciones Producto a Pedido Stock Security Campos Auxiliares Highlight Stock Security YVD Pharma Glantis es un suplemento alimenticio formulado con Saw Palmetto (Serenoa repens 160 mg), zinc (5 mg), cúrcuma (50 mg), cromo (15 mcg) y selenio (20 mcg), una combinación de ingredientes naturales asociados al cuidado del sistema prostático. El Saw Palmetto y el zinc son tradicionalmente utilizados en el bienestar de la próstata, mientras que la cúrcuma aporta propiedades antioxidantes y antiinflamatorias. Su fórmula se complementa con cromo y selenio, contribuyendo al equilibrio metabólico y al soporte antioxidante, siendo una opción para hombres que buscan complementar su salud prostática dentro de una rutina diaria.",vtex_spec_or_regex,false_no_component_match
Farmacia Universal,Provide Gold Plus Sabor Maracuyá - Frasco 887 ml,Provide Gold Plus Sabor Maracuyá 887 ml Precio + Delivery Gratis,DE5273,190.00,PEN,available,https://www.farmaciauniversal.com/diutin-provide-gold-plus-sabor-maracuya-frasco-887-ml/p,30354,Diutin,vtex_catalog_search,2026-06-08T00:46:46.133155+00:00,10,"/Vitaminas y Suplementos/Minerales y Otros/Proteínas/ /Vitaminas y Suplementos/Minerales y Otros/ /Vitaminas y Suplementos/ /1/10/19/ /1/10/ /1/ Frasco 887 ml DE5273 Puede ser consumido por vía oral solo, mezclado con agua, bebidas o alimentos, y por vía enteral diluido al 50% en agua. No está indicado para uso por vía parenteral. No exceder la dosis diaria recomendada, mantener fuera del alcance de los niños. No use si su sello de seguridad esta roto. Descartar luego de 3 meses abiertos o después de la fecha de vencimiento mostrada en el envase. Los productos dietéticos no deben usarse como un sustituto de una dieta equilibrada. Presentación Registro Sanitario Modo de uso Precauciones y Contraindicaciones No Producto a Pedido Maracuyá Frasco 887 ml Sabor Presentaciones 1 Presentación Registro Sanitario Modo de uso Precauciones y Contraindicaciones Producto a Pedido Sabor Presentaciones Stock Security Campos Auxiliares Highlight Filtros Stock Security Provide Gold Plus Sugar-Free Maracuyá es un módulo de proteína líquida hidrolizada con aminoácidos esenciales y condicionalmente esenciales, enriquecido con arginina, triptófano, glutamina y fortificado con BCAA (leucina, isoleucina y valina).",vtex_spec_or_regex,false_no_component_match
Farmacia Universal,Pack Provide Gold Plus Sabor Berry Frasco 887 ml + Sabor Maracuyá 473 ml,Pack Provide Gold Plus Sabor Berry Frasco 887 ml + Sabor Maracuyá 473 ml Precio + Delivery Gratis,"DE5293, DE5273",300.00,PEN,available,https://www.farmaciauniversal.com/pack-provide-gold-plus-sabor-berry-frasco-887-ml-sabor-maracuya-473-ml/p,99262,Diutin,vtex_catalog_search,2026-06-08T00:46:46.133421+00:00,10,"/Vitaminas y Suplementos/Minerales y Otros/Proteínas/ /Vitaminas y Suplementos/Minerales y Otros/ /Vitaminas y Suplementos/ /1/10/19/ /1/10/ /1/ Pack Promocional DE5293, DE5273 Puede ser consumido por vía oral solo, mezclado con agua, bebidas o alimentos, y por vía enteral diluido al 50% en agua. No está indicado para uso por vía parenteral. No exceder la dosis diaria recomendada, mantener fuera del alcance de los niños. No use si su sello de seguridad esta roto. Descartar luego de 3 meses abiertos o después de la fecha de vencimiento mostrada en el envase. Los productos dietéticos no deben usarse como un sustituto de una dieta equilibrada. Presentación Registro Sanitario Modo de uso Precauciones y Contraindicaciones No Producto a Pedido Presentación Registro Sanitario Modo de uso Precauciones y Contraindicaciones Producto a Pedido Campos Auxiliares Highlight Provide Gold Plus Sugar-Free Berry es un módulo de proteína líquida hidrolizada con aminoácidos esenciales y condicionalmente esenciales, enriquecido con arginina, triptófano, glutamina y fortificado con BCAA (leucina, isoleucina y valina).",vtex_spec_or_regex,false_no_component_match
Farmacia Universal,Ovo Power Proteína Sabor Vainilla - Frasco 500 g,Ovo Power Proteína Sabor Vainilla 500 g Precio + Delivery Gratis,P2964611NNAOOPO,95.00,PEN,available,https://www.farmaciauniversal.com/ovo-power-proteina-sabor-vainilla-frasco-500-g/p,4112,Ovo Sur,vtex_catalog_search,2026-06-08T00:46:46.133956+00:00,10,"/Vitaminas y Suplementos/Suplementos Deportivos/Proteína de Suero/ /Vitaminas y Suplementos/Suplementos Deportivos/ /Vitaminas y Suplementos/ /1/13/34/ /1/13/ /1/ Frasco 500 g P2964611NNAOOPO Mezclar 02 cucharadas colmadas (40 g) con una taza (250 ml) de agua fría, leche, yogurt o tu jugo de frutas favorito. Agita rápidamente en un shaker o con una licuadora para mejorar la consistencia. No exceder la porción diaria recomendada. No sustituye una alimentación equilibrada. No recomendado para personas con alergia al huevo. Mantener fuera del alcance de los niños y conservar en lugar fresco y seco. Presentación Registro Sanitario Modo de uso Precauciones y Contraindicaciones No Producto a Pedido 0 Presentación Registro Sanitario Modo de uso Precauciones y Contraindicaciones Producto a Pedido Stock Security Campos Auxiliares Highlight Stock Security Ovo Power Proteína sabor vainilla es un suplemento alimenticio elaborado a base de proteína de clara de huevo, utilizado como complemento nutricional para personas que buscan aumentar su ingesta proteica diaria. Es comúnmente incorporado en planes de alimentación balanceada, actividad física o requerimientos nutricionales específicos, sin sustituir una dieta variada.",vtex_spec_or_regex,false_no_component_match
Farmacia Universal,BioSil Beauty Cápsulas - Frasco 60 und,BioSil Beauty Cápsulas 60 und Precio + Delivery Gratis,DE5058,175.75,PEN,available,https://www.farmaciauniversal.com/biosil-beauty-capsulas-frasco-60-und/p,32527,BioSil,vtex_catalog_search,2026-06-08T00:46:46.134610+00:00,10,"/Vitaminas y Suplementos/Multivitamínicos/Cabello y Uñas/ /Vitaminas y Suplementos/Multivitamínicos/ /Vitaminas y Suplementos/ /1/344/357/ /1/344/ /1/ Frasco 60 und Ch-OSA, Biotina DE5058 Adultos, tomar 2 cápsulas al día: 1 cápsula luego del desayuno y 1 cápsula luego de la cena. Los productos dietéticos no deben utilizarse como sustitutos de una dieta equilibrada. No superar la dosis recomendada. En caso de presentar alguna reacción adversa, consultar con un profesional de salud. Mantener fuera del alcance de los niños. No consumir en caso de hipersensibilidad a alguno de sus componentes. Conservar a una temperatura no mayor a 30°C. Presentación Principio Activo Registro Sanitario Modo de uso Precauciones y Contraindicaciones No Producto a Pedido Presentación Principio Activo Registro Sanitario Modo de uso Precauciones y Contraindicaciones Producto a Pedido Campos Auxiliares Highlight BioSil Beauty es un suplemento alimenticio formulado con ch-OSA (ácido ortosilícico estabilizado con colina) y biotina, diseñado para complementar la alimentación diaria y acompañar el cuidado de la piel, el cabello y las uñas. Con el tiempo, pueden presentarse cambios en la apariencia y resistencia de estos tejidos. El silicio participa en su estructura, mientras que la biotina contribuye a su mantenimiento, formando parte de una rutina de cuidado personal.",vtex_spec_or_regex,false_no_component_match
Farmacia Universal,Eat It! Cúrcuma Gomitas Sabor Mandarina - Frasco 60 und,Eat It! Cúrcuma Gomitas Sabor a Mandarina 60 und Precio + Delivery Gratis,G7715023NNANTIN,49.00,PEN,available,https://www.farmaciauniversal.com/eat-it-curcuma-gomitas-sabor-a-mandarina-frasco-60-und/p,30963,Eat It,vtex_catalog_search,2026-06-08T00:46:46.135104+00:00,1,"/Vitaminas y Suplementos/Suplementos Nutricionales/Fórmulas para Adultos/ /Vitaminas y Suplementos/Suplementos Nutricionales/ /Vitaminas y Suplementos/ /1/12/28/ /1/12/ /1/ Frasco 60 und G7715023NNANTIN Ingerir 2 gomitas al día, preferentemente como parte de la rutina diaria. Almacenar en un lugar fresco y seco, lejos de la luz solar directa. Se recomienda conservar a temperaturas menores a 25°C. Mantener fuera del alcance de los niños. Presentación Registro Sanitario Modo de uso Precauciones y Contraindicaciones No Producto a Pedido Presentación Registro Sanitario Modo de uso Precauciones y Contraindicaciones Producto a Pedido Campos Auxiliares Highlight Eat It! cúrcuma gomitas sabor a mandarina combina cúrcuma, kión y pimienta negra en una fórmula de origen natural. Estos ingredientes son conocidos dentro de la alimentación funcional y pueden ayudar a contribuir al bienestar general, incluyendo el apoyo al equilibrio del organismo, la digestión y el cuidado frente al estrés oxidativo. Asimismo, su composición se asocia con el bienestar articular, pudiendo ayudar a aliviar molestias leves relacionadas con inflamación. Su presentación en gomitas facilita el consumo diario de manera práctica.",vtex_spec_or_regex,false_no_component_match
Farmacia Universal,YVD Pharma Litles Cápsulas - Frasco 60 und,YVD Pharma Litles Cápsulas 60 und Precio + Delivery Gratis,N8318022N,159.04,PEN,available,https://www.farmaciauniversal.com/yvd-pharma-litles-capsulas-frasco-60-und/p,32417,YVD Pharma,vtex_catalog_search,2026-06-08T00:46:46.135657+00:00,10,"/Vitaminas y Suplementos/Multivitamínicos/Urológicos/ /Vitaminas y Suplementos/Multivitamínicos/ /Vitaminas y Suplementos/ /1/344/353/ /1/344/ /1/ Frasco 60 und N8318022N Tomar 2 cápsulas al día, 1 cápsula cada 12 horas, preferiblemente después de las comidas. No exceder la dosis recomendada. Se sugiere consumir después de las comidas. No sustituye una dieta equilibrada ni un estilo de vida saludable. Mantener fuera del alcance de los niños. Presentación Registro Sanitario Modo de uso Precauciones y Contraindicaciones No Producto a Pedido 0 Presentación Registro Sanitario Modo de uso Precauciones y Contraindicaciones Producto a Pedido Stock Security Campos Auxiliares Highlight Stock Security YVD Pharma Litles es un suplemento alimenticio que combina Phyllanthus niruri (chanca piedra), magnesio y extractos naturales como piña, cola de caballo, kiwi, huamanpinta y ginseng. Esta formulación reúne ingredientes asociados al bienestar renal y urinario, incluyendo componentes con propiedades antioxidantes y diuréticas. Puede ser una alternativa para complementar el cuidado del sistema urinario dentro de una rutina diaria.",vtex_spec_or_regex,false_no_component_match
Farmacia Universal,Xtreme Boost Creatina Monohidrato 5000 Sobres - Caja 20 und,Xtreme Boost Creatina Monohidrato 5000 Sobres 20 und Precio + Delivery Gratis,DE5596,39.00,PEN,available,https://www.farmaciauniversal.com/xtreme-boost-creatina-monohidrato-5000-sobres-caja-20-und/p,32038,Eurocare,vtex_catalog_search,2026-06-08T00:46:46.136206+00:00,1,"/Vitaminas y Suplementos/Suplementos Deportivos/Creatina/ /Vitaminas y Suplementos/Suplementos Deportivos/ /Vitaminas y Suplementos/ /1/13/35/ /1/13/ /1/ Caja 20 und Creatina 5 g DE5596 Adultos, agregar el contenido de un sobre en 200 ml de agua y mezclar hasta su completa disolución. Consumir como máximo una porción al día. No superar la dosis diaria recomendada. No utilizar como sustituto de una dieta equilibrada. Verificar la integridad del envase antes del primer uso. Mantener fuera del alcance de los niños. Almacenar a menos de 25°C. No recomendado en menores de 18 años ni en mujeres embarazadas o en periodo de lactancia. Presentación Principio Activo Registro Sanitario Modo de uso Precauciones y Contraindicaciones No Producto a Pedido 0 Presentación Principio Activo Registro Sanitario Modo de uso Precauciones y Contraindicaciones Producto a Pedido Stock Security Campos Auxiliares Highlight Stock Security Xtreme Boost Creatina Monohidrato 5000 es un suplemento alimenticio en sobres que aporta 5 g de creatina por porción. Su fórmula es libre de azúcar, sin lactosa y sin gluten, además de ser apta para personas que siguen una alimentación vegana. Puede integrarse como parte de la rutina nutricional en personas que realizan actividad física, dentro de un plan de alimentación adecuado.",vtex_spec_or_regex,false_no_component_match
Farmacia Universal,Pack Provide Gold Plus Sabor Maracuyá Frasco 887 ml + 473 ml,Pack Provide Gold Plus Sabor Maracuyá Frasco 887 ml + 473 ml Precio + Delivery Gratis,DE5273,300.00,PEN,available,https://www.farmaciauniversal.com/pack-provide-gold-plus-sabor-maracuya-frasco-887-ml-473-ml/p,99261,Diutin,vtex_catalog_search,2026-06-08T00:46:46.136488+00:00,10,"/Vitaminas y Suplementos/Minerales y Otros/Proteínas/ /Vitaminas y Suplementos/Minerales y Otros/ /Vitaminas y Suplementos/ /1/10/19/ /1/10/ /1/ Pack Promocional DE5273 Puede ser consumido por vía oral solo, mezclado con agua, bebidas o alimentos, y por vía enteral diluido al 50% en agua. No está indicado para uso por vía parenteral. No exceder la dosis diaria recomendada, mantener fuera del alcance de los niños. No use si su sello de seguridad esta roto. Descartar luego de 3 meses abiertos o después de la fecha de vencimiento mostrada en el envase. Los productos dietéticos no deben usarse como un sustituto de una dieta equilibrada. Presentación Registro Sanitario Modo de uso Precauciones y Contraindicaciones No Producto a Pedido Presentación Registro Sanitario Modo de uso Precauciones y Contraindicaciones Producto a Pedido Campos Auxiliares Highlight Provide Gold Plus Sugar-Free Berry es un módulo de proteína líquida hidrolizada con aminoácidos esenciales y condicionalmente esenciales, enriquecido con arginina, triptófano, glutamina y fortificado con BCAA (leucina, isoleucina y valina).",vtex_spec_or_regex,false_no_component_match
Farmacia Universal,Glucovit Max Sabor Vainilla - Lata 900 g,Glucovit Max Vainilla 900 g Precio + Delivery Gratis,P2971016NNAHRSA,123.60,PEN,available,https://www.farmaciauniversal.com/glucovit-max-sabor-vainilla-lata-900-g/p,17756,Glucovit,vtex_catalog_search,2026-06-08T00:46:46.758555+00:00,10,"/Vitaminas y Suplementos/Suplementos Nutricionales/Fórmulas para Diabéticos/ /Vitaminas y Suplementos/Suplementos Nutricionales/ /Vitaminas y Suplementos/ /1/12/30/ /1/12/ /1/ Lata 900 g P2971016NNAHRSA Seguir cuidadosamente las instrucciones del envase, con una apropiada higiene, preparación, dilución, uso y almacenamiento. Conservar en un lugar fresco y seco a temperatura ambiente. Presentación Registro Sanitario Modo de uso Precauciones y Contraindicaciones No Producto a Pedido Vainilla Sabor 1 Presentación Registro Sanitario Modo de uso Precauciones y Contraindicaciones Producto a Pedido Sabor Stock Security Campos Auxiliares Highlight Filtros Stock Security Glucovit Max contiene nutrientes combinados en una formulación diseñada especialmente para apoyar a los sistemas reguladores del cuerpo en el nivel de respuesta de la glucosa sanguínea.",vtex_spec_or_regex,false_no_component_match
Farmacia Universal,Pack DY Nutrition Creatina Monohidratada 300 g + TMX Testo+ Gomitas 70 und,Pack DY Nutrition Creatina Monohidratada 300 g + TMX Testo+ Gomitas 70 und Precio + Delivery Gratis,N/A,94.40,PEN,available,https://www.farmaciauniversal.com/pack-dy-nutrition-creatina-monohidratada-300-g-tmx-testo-gomitas-70-und/p,99305,DY Nutrition,vtex_catalog_search,2026-06-08T00:46:46.759632+00:00,10,"/Vitaminas y Suplementos/Suplementos Deportivos/Creatina/ /Vitaminas y Suplementos/Suplementos Deportivos/ /Vitaminas y Suplementos/ /1/13/35/ /1/13/ /1/ Pack Promocional N/A Disolver una medida (aproximadamente 5 g) en agua o jugo y consumir antes o después del entrenamiento. Se recomienda acompañar de una correcta hidratación. No exceder la dosis diaria recomendada. No sustituye una dieta equilibrada. Mantener fuera del alcance de los niños. No utilizar durante el embarazo o lactancia sin supervisión médica. Presentación Registro Sanitario Modo de uso Precauciones y Contraindicaciones No Producto a Pedido Presentación Registro Sanitario Modo de uso Precauciones y Contraindicaciones Producto a Pedido Campos Auxiliares Highlight DY Nutrition Creatina Monohidratada Frasco 300 g Creatina Monohidratada DY Nutrition es un suplemento deportivo en polvo diseñado para apoyar el rendimiento físico durante ejercicios de alta intensidad. La creatina es uno de los compuestos más estudiados en el ámbito deportivo y puede contribuir a mejorar la fuerza, potencia y recuperación muscular cuando se usa dentro de un plan de entrenamiento adecuado. TMX Testo+ Gomitas Sabor Maracuyá Frasco 70 und TMX Testo+ Gomitas Sabor Maracuyá es un suplemento alimenticio elaborado con maca negra, huanarpo macho y jengibre, ingredientes tradicionalmente utilizados para complementar el bienestar masculino. Su fórmula está diseñada para apoyar la vitalidad, el rendimiento físico y la energía diaria, convirtiéndose en una alternativa práctica y agradable para quienes buscan complementar su nutrición con ingredientes de origen natural.",vtex_spec_or_regex,false_no_component_match
Farmacia Universal,YVD Pharma Bioferti Cápsulas - Frasco 60 und,YVD Pharma Bioferti Cápsulas 60 und Precio + Delivery Gratis,P2968722N,159.04,PEN,available,https://www.farmaciauniversal.com/yvd-pharma-bioferti-capsulas-frasco-60-und/p,32419,YVD Pharma,vtex_catalog_search,2026-06-08T00:46:46.760439+00:00,10,"/Vitaminas y Suplementos/Multivitamínicos/Fertilidad/ /Vitaminas y Suplementos/Multivitamínicos/ /Vitaminas y Suplementos/ /1/344/428/ /1/344/ /1/ Frasco 60 und P2968722N Tomar 2 cápsulas al día, 1 cápsula cada 12 horas, preferiblemente después de las comidas. No exceder la dosis recomendada. Se sugiere consumir después de las comidas. Los suplementos no sustituyen una alimentación equilibrada ni un estilo de vida saludable. Mantener fuera del alcance de los niños. Presentación Registro Sanitario Modo de uso Precauciones y Contraindicaciones No Producto a Pedido Presentación Registro Sanitario Modo de uso Precauciones y Contraindicaciones Producto a Pedido Campos Auxiliares Highlight YVD Pharma Bioferti es un suplemento alimenticio formulado con inositol, ácido fólico y extractos naturales como aguaje, avena, manzana, salvado de trigo y plátano. El inositol ha sido estudiado en el contexto del equilibrio hormonal femenino, mientras que el ácido fólico participa en procesos relacionados con la planificación del embarazo. Esta combinación puede contribuir al bienestar reproductivo dentro de una rutina de cuidado integral.",vtex_spec_or_regex,false_no_component_match
Farmacia Universal,Tocosh Complex Sobres - Caja 30 und,Tocosh Complex Sobres 30 und Precio + Delivery Gratis,P2910824N/NALBBO,150.00,PEN,available,https://www.farmaciauniversal.com/tocosh-complex-sobres-caja-30-und/p,31086,Laboratorios Biosana,vtex_catalog_search,2026-06-08T00:46:46.761254+00:00,1,"/Vitaminas y Suplementos/Multivitamínicos/Digestivos/ /Vitaminas y Suplementos/Multivitamínicos/ /Vitaminas y Suplementos/ /1/344/352/ /1/344/ /1/ Caja 30 und P2910824N/NALBBO Disolver el contenido de un sobre en un vaso de agua y consumir en las mañanas antes del desayuno, o según recomendación de un profesional de la salud. Producto indicado para adultos. Mantener en un lugar fresco, seco y protegido de la luz solar directa. Suspender su uso en caso de reacciones adversas. Presentación Registro Sanitario Modo de uso Precauciones y Contraindicaciones No Producto a Pedido 0 Presentación Registro Sanitario Modo de uso Precauciones y Contraindicaciones Producto a Pedido Stock Security Campos Auxiliares Highlight Stock Security Tocosh Complex es un suplemento en polvo de preparación instantánea, elaborado a base de manzana, tocosh y muña, tradicionalmente utilizadas en la cultura andina por sus propiedades digestivas. Su fórmula está orientada a contribuir al alivio de la acidez gástrica y a favorecer el bienestar estomacal, siendo una opción natural dentro de la rutina diaria de cuidado digestivo.",vtex_spec_or_regex,false_no_component_match
Farmacia Universal,YVD Pharma Prevencis Plus Cápsulas - Frasco 60 und,YVD Pharma Prevencis Plus Cápsulas 60 und Precio + Delivery Gratis,P2994322N,159.04,PEN,available,https://www.farmaciauniversal.com/yvd-pharma-prevencis-plus-capsulas-frasco-60-und/p,32418,YVD Pharma,vtex_catalog_search,2026-06-08T00:46:46.761526+00:00,10,"/Vitaminas y Suplementos/Multivitamínicos/Urológicos/ /Vitaminas y Suplementos/Multivitamínicos/ /Vitaminas y Suplementos/ /1/344/353/ /1/344/ /1/ Frasco 60 und P2994322N Tomar 2 cápsulas al día, 1 cápsula cada 12 horas, preferiblemente después de las comidas. No exceder la dosis recomendada. Se sugiere consumir después de las comidas. Los suplementos no sustituyen una alimentación equilibrada ni un estilo de vida saludable. Mantener fuera del alcance de los niños. Presentación Registro Sanitario Modo de uso Precauciones y Contraindicaciones No Producto a Pedido 0 Presentación Registro Sanitario Modo de uso Precauciones y Contraindicaciones Producto a Pedido Stock Security Campos Auxiliares Highlight Stock Security YVD Pharma Prevencis Plus es un suplemento en cápsulas formulado a base de arándano rojo (cranberry), piña, D-manosa y probióticos. La D-manosa es un monosacárido natural que ha sido estudiado por su interacción con bacterias en el tracto urinario, complementando la acción de las proantocianidinas del cranberry. La fórmula incluye probióticos que contribuyen al equilibrio de la microbiota, siendo una alternativa para complementar el bienestar del tracto urinario dentro de una rutina diaria.",vtex_spec_or_regex,false_no_component_match
Farmacia Universal,Mason Ashwagandha 500 mg Cápsulas - Frasco 30 und,Mason Ashwagandha 500 mg Cápsulas 30 und Precio + Delivery Gratis,PNE1920,54.90,PEN,available,https://www.farmaciauniversal.com/mason-ashwagandha-500-mg-capsulas-frasco-30-und/p,31334,Mason Natural,vtex_catalog_search,2026-06-08T00:46:46.762889+00:00,100,"/Vitaminas y Suplementos/Multivitamínicos/Relajantes/ /Vitaminas y Suplementos/Multivitamínicos/ /Vitaminas y Suplementos/ /1/344/351/ /1/344/ /1/ Frasco 30 und Ashwagandha 500 mg PNE1920 Este producto se administra por vía oral en forma de cápsulas. Se recomienda consumir una cápsula al día, preferiblemente junto con alimentos, o según indicación de un profesional de la salud. No se recomienda su consumo durante el embarazo ni la lactancia. Está indicado para adultos mayores de 18 años. En personas con condiciones médicas crónicas, especialmente relacionadas con el hígado, tiroides o presión arterial, se aconseja la supervisión de un médico antes de iniciar su uso. Puede ocasionar malestar gastrointestinal leve o somnolencia en individuos sensibles. Mantener fuera del alcance de los niños y en un lugar fresco y seco. Presentación Principio Activo Registro Sanitario Modo de uso Precauciones y Contraindicaciones No Producto a Pedido 1 Presentación Principio Activo Registro Sanitario Modo de uso Precauciones y Contraindicaciones Producto a Pedido Stock Security Campos Auxiliares Highlight Stock Security Mason Ashwagandha 500 mg Cápsulas es un suplemento a base de extracto de raíz de Withania somnifera, una planta conocida como ashwagandha. Se clasifica como hierba adaptógena, ya que tradicionalmente se ha utilizado para favorecer la capacidad del organismo de enfrentar el estrés cotidiano. Su contenido de withanólidos puede contribuir al mantenimiento del equilibrio natural del cuerpo, apoyando procesos relacionados con la energía física, la claridad mental y la calidad del descanso.",vtex_spec_or_regex,false_no_component_match
Farmacia Universal,Enzymedica Probiotic for Bloat Cápsulas de Liberación Retardada - Frasco 30 und,Enzymedica Probiotic for Bloat Cápsulas de Liberación Retardada 30 und Precio + Delivery Gratis,DE5655,180.00,PEN,available,https://www.farmaciauniversal.com/enzymedica-probiotic-for-bloat-capsulas-de-liberacion-retardada-frasco-30-und/p,31868,Enzymedica,vtex_catalog_search,2026-06-08T00:46:46.763160+00:00,10,"/Vitaminas y Suplementos/Multivitamínicos/Digestivos/ /Vitaminas y Suplementos/Multivitamínicos/ /Vitaminas y Suplementos/ /1/344/352/ /1/344/ /1/ Frasco 30 und DE5655 Administrar por vía oral según indicaciones del envase o recomendación de un profesional de la salud. No exceder la dosis sugerida. No utilizar en caso de hipersensibilidad a sus componentes. Consultar con un profesional de salud antes de su uso si presenta alguna condición médica. No exceder la dosis recomendada. Mantener fuera del alcance de los niños. Presentación Registro Sanitario Modo de uso Precauciones y Contraindicaciones No Producto a Pedido 0 Presentación Registro Sanitario Modo de uso Precauciones y Contraindicaciones Producto a Pedido Stock Security Campos Auxiliares Highlight Stock Security Enzymedica Probiotic for Bloat es un suplemento que combina probióticos en cápsulas de liberación retardada, diseñado para complementar la flora intestinal. Su uso se asocia con el apoyo al bienestar digestivo y la reducción de la sensación de hinchazón como parte de una alimentación equilibrada.",vtex_spec_or_regex,false_no_component_match
Farmacia Universal,YVD Pharma Biofertimen Cápsulas - Frasco 60 und,YVD Pharma Biofertimen Cápsulas 60 und Precio + Delivery Gratis,P2974822N,159.04,PEN,available,https://www.farmaciauniversal.com/yvd-pharma-biofertimen-capsulas-frasco-60-und/p,32420,YVD Pharma,vtex_catalog_search,2026-06-08T00:46:46.764008+00:00,1,"/Vitaminas y Suplementos/Multivitamínicos/Fertilidad/ /Vitaminas y Suplementos/Multivitamínicos/ /Vitaminas y Suplementos/ /1/344/428/ /1/344/ /1/ Frasco 60 und P2974822N Tomar 2 cápsulas al día, 1 cápsula cada 12 horas por un mínimo de 3 meses, preferiblemente después de las comidas. No exceder la dosis recomendada. Se sugiere consumir después de las comidas. Los suplementos no sustituyen una alimentación equilibrada ni un estilo de vida saludable. Mantener fuera del alcance de los niños. Presentación Registro Sanitario Modo de uso Precauciones y Contraindicaciones No Producto a Pedido 0 Presentación Registro Sanitario Modo de uso Precauciones y Contraindicaciones Producto a Pedido Stock Security Campos Auxiliares Highlight Stock Security YVD Pharma Biofertimen es un suplemento alimenticio que combina maca negra (Lepidium meyenii), huanarpo macho (Jatropha macrantha) y granada, ingredientes tradicionalmente asociados al bienestar masculino. Esta formulación reúne componentes vinculados a la vitalidad y salud reproductiva, siendo una alternativa para complementar el bienestar general dentro de una rutina diaria.",vtex_spec_or_regex,false_no_component_match
Farmacia Universal,Power Factor Citrato de Potasio en Polvo Sabor Maracuyá - Frasco 350 g,Power Factor Citrato de Potasio en Polvo Sabor Maracuyá 350 g Precio + Delivery Gratis,P2989724N/NAATRD,50.92,PEN,available,https://www.farmaciauniversal.com/power-factor-citrato-de-potasio-en-polvo-sabor-maracuya-frasco-350-g/p,30439,Power Factor,vtex_catalog_search,2026-06-08T00:46:46.764292+00:00,10,"/Vitaminas y Suplementos/Minerales y Otros/Potasio/ /Vitaminas y Suplementos/Minerales y Otros/ /Vitaminas y Suplementos/ /1/10/322/ /1/10/ /1/ Frasco 350 g P2989724N/NAATRD Diluir 1/2 cucharada medidora (5 g) con 250 ml de agua, infusiones o jugos, agitar y beber. Una vez abierto el envase, mantenerlo cerrado de manera hermética. No consumir en caso de hipersensibilidad a los ingredientes de la fórmula. Consérvese en un lugar fresco y seco. Presentación Registro Sanitario Modo de uso Precauciones y Contraindicaciones No Producto a Pedido Maracuyá Sabor 1 Presentación Registro Sanitario Modo de uso Precauciones y Contraindicaciones Producto a Pedido Sabor Stock Security Campos Auxiliares Highlight Filtros Stock Security El Citrato de Potasio es un polvo homogéneo y uniforme que, al diluirse en agua, forma una solución acuosa de color amarillo con un sabor ligeramente ácido y característico a maracuyá. Su fórmula ayuda a prevenir la formación de cálculos renales al aumentar el pH de la orina y favorecer la absorción renal del calcio, evitando así la cristalización y formación de sales de calcio. Además, contribuye a funciones esenciales del organismo, como el desarrollo muscular, el buen funcionamiento del corazón, riñones, músculos y sistema digestivo, así como la regulación de la presión arterial y el ritmo cardíaco.",vtex_spec_or_regex,false_no_component_match
Farmacia Universal,PVM Junior en Polvo Sabor Chocolate - Frasco 360 g,PVM Junior en Polvo Sabor Chocolate 360 g Precio + Delivery Gratis,A3500214NNAHRSA,44.11,PEN,available,https://www.farmaciauniversal.com/pvm-junior-sabor-chocolate-lata-360-g/p,11508,PVM,vtex_catalog_search,2026-06-08T00:46:46.764567+00:00,10,"/Cuidado Infantil/Nutrición Infantil/Fórmulas Infantiles/ /Cuidado Infantil/Nutrición Infantil/ /Cuidado Infantil/ /5/151/167/ /5/151/ /5/ Frasco 360 g A3500214NNAHRSA Seguir cuidadosamente las instrucciones del envase, con una apropiada higiene, preparación, dilución, uso y almacenamiento. Pacientes con intolerancia severa primaria o secundaria a la lactosa pueden presentar síntomas. En pacientes diabéticos, tener en cuenta el nivel de carbohidratos del producto. Presentación Registro Sanitario Modo de uso Precauciones y Contraindicaciones No Producto a Pedido Chocolate Frasco 360 g Sabor Presentaciones 1 Presentación Registro Sanitario Modo de uso Precauciones y Contraindicaciones Producto a Pedido Sabor Presentaciones Stock Security Campos Auxiliares Highlight Filtros Stock Security PVM Junior brinda a los niños mayor cantidad de proteínas, calcio, hierro y magnesio necesarios para complementar los requerimientos propios de esta etapa de crecimiento.",vtex_spec_or_regex,false_no_component_match
Farmacia Universal,Lactaliv 9000 U Comprimidos Masticables - Caja 28 und,Lactaliv 9000 U Comprimidos Masticables 28 und Precio + Delivery Gratis,DN0696,47.88,PEN,available,https://www.farmaciauniversal.com/lactaliv-9000-u-comprimidos-masticables-caja-28-und/p,30318,Portugal,vtex_catalog_search,2026-06-08T00:46:46.765095+00:00,10,"/Vitaminas y Suplementos/Multivitamínicos/Digestivos/ /Vitaminas y Suplementos/Multivitamínicos/ /Vitaminas y Suplementos/ /1/344/352/ /1/344/ /1/ Caja 28 und Lactasa 9000 U DN0696 Consumir 1 comprimido masticable antes o junto con la ingesta de productos lácteos, según necesidad. Si se encuentra embarazada, en periodo de lactancia, tomando algún medicamento o presenta alguna condición médica, consulte con su médico antes de usar este producto. No utilizar como sustituto de una dieta equilibrada. No exceder la dosis diaria recomendada. Puede generar reacciones adversas como malestares gastrointestinales, incluyendo calambres abdominales, eructos, flatulencia, diarrea, dolor abdominal, náuseas o vómitos. Presentación Principio Activo Registro Sanitario Modo de uso Precauciones y Contraindicaciones No Producto a Pedido 0 Presentación Principio Activo Registro Sanitario Modo de uso Precauciones y Contraindicaciones Producto a Pedido Stock Security Campos Auxiliares Highlight Stock Security Lactaliv 9000 U contiene lactasa, una enzima que ayuda a digerir la lactosa presente en los productos lácteos. Su consumo puede contribuir a reducir las molestias digestivas asociadas a la intolerancia a la lactosa, como parte de una alimentación equilibrada.",vtex_spec_or_regex,false_no_component_match
Farmacia Universal,Synvisc One Viscosuplemento Inyectable - Jeringa 6 ml,Synvisc One Viscosuplemento Inyectable 6 ml,DM1812E,1060.99,PEN,available,https://www.farmaciauniversal.com/synvisc-one-viscosuplemento-inyectable-jeringa-6-ml/p,12120,Sanofi,vtex_catalog_search,2026-06-08T00:46:46.765278+00:00,10,/Medicinas/Cuidado Musculoesquelético/Tratamiento de Artrosis/ /Medicinas/Cuidado Musculoesquelético/ /Medicinas/ /2/390/391/ /2/390/ /2/ Jeringa 6 ml DM1812E Presentación Registro Sanitario No Si No Producto a Pedido Requiere receta médica Requiere refrigeración 1 Presentación Registro Sanitario Producto a Pedido Requiere receta médica Requiere refrigeración Stock Security Campos Auxiliares Highlight Stock Security De venta con receta médica. Evite automedicarse. Usar según indicaciones de su médico tratante.,vtex_spec_or_regex,false_no_component_match
Farmacia Universal,Power Factor Melatonina en Polvo Sabor Cereza - Pote 350 g,Power Factor Melatonina en Polvo Sabor Cereza 350 g Precio + Delivery Gratis,P2824824NAATRD,59.42,PEN,available,https://www.farmaciauniversal.com/power-factor-melatonina-en-polvo-sabor-cereza-pote-350-g/p,30788,Power Factor,vtex_catalog_search,2026-06-08T00:46:46.766897+00:00,10,"/Vitaminas y Suplementos/Multivitamínicos/Relajantes/ /Vitaminas y Suplementos/Multivitamínicos/ /Vitaminas y Suplementos/ /1/344/351/ /1/344/ /1/ Pote 350 g P2824824NAATRD Disolver 15 g (equivalente a un scoop) en un vaso con 200 ml de agua. Agitar vigorosamente o licuar hasta su completa disolución y consumir. Se recomienda ingerir de forma regular junto con la última comida del día. Una vez abierto, conservar el envase bien cerrado, en un lugar fresco y seco. Este producto no es un medicamento y no debe utilizarse como sustituto de una dieta equilibrada o tratamiento médico. No se recomienda exceder la dosis diaria indicada. Su uso debe mantenerse fuera del alcance de los niños. En caso de hipersensibilidad a alguno de los componentes, se debe suspender su consumo. Si usted está embarazada, en periodo de lactancia, padece alguna condición médica o se encuentra bajo tratamiento farmacológico, debe consultar a su profesional de salud antes de consumir este producto. Conservar en un lugar fresco, seco y protegido de la luz. Una vez abierto el envase, mantenerlo bien cerrado para conservar sus propiedades. Presentación Registro Sanitario Modo de uso Precauciones y Contraindicaciones No Producto a Pedido Cereza Sabor 0 Presentación Registro Sanitario Modo de uso Precauciones y Contraindicaciones Producto a Pedido Sabor Stock Security Campos Auxiliares Highlight Filtros Stock Security Power Factor Melatonina es un polvo homogéneo y uniforme que, al diluirse en agua, forma una solución de color violeta con un agradable sabor a cereza. Su fórmula contiene extractos naturales como la cereza, la yuca y la nuez, ingredientes conocidos por su presencia natural de melatonina. Ideal para incorporar en tu rutina nocturna, este producto es una excelente opción para quienes buscan relajarse antes de dormir y favorecer una sensación de descanso. Apto para personas con intolerancia a la lactosa y para celíacos.",vtex_spec_or_regex,false_no_component_match
Farmacia Universal,Biogena Omni Lactis 20 Gold Cápsulas - Frasco 60 und,Biogena Omni Lactis 20 Gold Cápsulas 60 und Precio + Delivery Gratis,DE5344,254.00,PEN,available,https://www.farmaciauniversal.com/biogena-omni-lactis-20-gold-capsulas-frasco-60-und/p,32344,Biogena,vtex_catalog_search,2026-06-08T00:46:46.767506+00:00,100,"/Vitaminas y Suplementos/Multivitamínicos/Digestivos/ /Vitaminas y Suplementos/Multivitamínicos/ /Vitaminas y Suplementos/ /1/344/352/ /1/344/ /1/ Frasco 60 und DE5344 Adultos, tomar 1 cápsula dos veces al día con abundante líquido, aproximadamente 30 minutos antes de las comidas. En caso de uso con antibióticos, se recomienda dejar un intervalo de 2 a 3 horas. No superar la dosis diaria recomendada. Producto adecuado solo para adultos. No sustituye una alimentación equilibrada ni un estilo de vida saludable. Mantener fuera del alcance de los niños. Presentación Registro Sanitario Modo de uso Precauciones y Contraindicaciones No Producto a Pedido Presentación Registro Sanitario Modo de uso Precauciones y Contraindicaciones Producto a Pedido Campos Auxiliares Highlight Omni Lactis® 20 Gold es un suplemento sinérgico probiótico-prebiótico (simbiótico) diseñado para ayudar a equilibrar y apoyar la microbiota intestinal. Contiene una mezcla premium de 10 cepas bacterianas probióticas científicamente estudiadas, con una dosis total de 20 mil millones de unidades formadoras de colonias (UFC) por dosis diaria. Cada cápsula aporta 312,5 mg de una mezcla probiótica compuesta por Lactobacillus rhamnosus, Bifidobacterium animalis ssp. lactis, Bifidobacterium breve, Lactobacillus paracasei, Lactobacillus acidophilus, Lactobacillus casei, Lactobacillus plantarum, Streptococcus thermophilus, Bifidobacterium longum y Bifidobacterium bifidum, además de 170 mg de inulina (fibra prebiótica), hidroxipropilmetilcelulosa (cubierta de la cápsula) y goma gellan (estructura). Su fórmula combina bacterias vivas beneficiosas (lactobacterias y bifidobacterias) con inulina prebiótica, y se presenta en cápsulas de liberación retardada (DRcaps®), lo que ayuda a proteger los microorganismos para que lleguen en mejores condiciones al intestino. Esto lo convierte en una opción práctica para complementar la salud digestiva dentro de una rutina diaria equilibrada.",vtex_spec_or_regex,false_no_component_match
Farmacia Universal,Maddre Polvo con DHA Sabor Chocolate - Lata 400 g,Maddre Polvo con DHA Sabor Chocolate 400 g Precio + Delivery Gratis,P2993414NNAHRSA,64.90,PEN,available,https://www.farmaciauniversal.com/maddre-polvo-con-dha-sabor-chocolate-lata-400-g/p,17190,Maddre,vtex_catalog_search,2026-06-08T00:46:46.767752+00:00,10,"/Vitaminas y Suplementos/Multivitamínicos/Gestantes/ /Vitaminas y Suplementos/Multivitamínicos/ /Vitaminas y Suplementos/ /1/344/360/ /1/344/ /1/ Lata 400 g P2993414NNAHRSA Seguir cuidadosamente las instrucciones del envase, con una apropiada higiene, preparación, dilución, uso y almacenamiento. No usar en pacientes con hipersensibilidad conocida al producto. Mantener fuera del alcance de los niños. Presentación Registro Sanitario Modo de uso Precauciones y Contraindicaciones No Producto a Pedido Chocolate Sabor 0 Presentación Registro Sanitario Modo de uso Precauciones y Contraindicaciones Producto a Pedido Sabor Stock Security Campos Auxiliares Highlight Filtros Stock Security Complemento nutricional para la pre gestación, gestación y lactancia. Tratamiento de la anemia del embarazo. Prevención y tratamiento de deficiencias de vitaminas y minerales durante la gestación y lactancia.",vtex_spec_or_regex,false_no_component_match
Farmacia Universal,Tauri Tarwi con Lúcuma Mezcla Instántanea en Polvo - Bolsa 500 g,Tauri Tarwi con Lúcuma Mezcla Instántanea en Polvo 500 g Precio + Delivery Gratis,N8320120N/NATUPR,31.45,PEN,available,https://www.farmaciauniversal.com/tauri-tarwi-con-lucuma-mezcla-instantanea-en-polvo-bolsa-500-g/p,30250,Tauri,vtex_catalog_search,2026-06-08T00:46:46.769079+00:00,10,"/Vitaminas y Suplementos/Suplementos Nutricionales/Fórmulas para Adultos/ /Vitaminas y Suplementos/Suplementos Nutricionales/ /Vitaminas y Suplementos/ /1/12/28/ /1/12/ /1/ Bolsa 500 g N8320120N/NATUPR Añadir 2 cucharadas de 20 gr a tus batidos, leche, jugos o avena. Remueve hasta que se disuelva. Mantener el envase cerrado en un lugar fresco y alejado de la luz solar. Presentación Registro Sanitario Modo de uso Precauciones y Contraindicaciones No Producto a Pedido 0 Presentación Registro Sanitario Modo de uso Precauciones y Contraindicaciones Producto a Pedido Stock Security Campos Auxiliares Highlight Stock Security Suplemento natural con alto contenido de proteínas y vitamina C. Contiene todos los aminoácidos esenciales, así como omegas 3, 6 y 9. Apto para niños, jóvenes, adultos y deportistas. Es libre de gluten, lactosa y azúcares añadidos.",vtex_spec_or_regex,false_no_component_match
Farmacia Universal,Taski Aceite de Melena de León - Frasco 30 ml,Taski Aceite de Melena de León 30 ml Precio + Delivery Gratis,C1903625NNAAROL,65.34,PEN,available,https://www.farmaciauniversal.com/taski-aceite-de-melena-de-leon-frasco-30-ml/p,31508,Dinoa,vtex_catalog_search,2026-06-08T00:46:46.769337+00:00,1,"/Productos Saludables/Medicina Herbal/ /Productos Saludables/ /9/275/ /9/ Frasco 30 ml C1903625NNAAROL Tomar de 3 a 4 gotas por vía sublingual por la mañana o por la noche, según preferencia. No utilizar en caso de hipersensibilidad a alguno de los componentes. En caso de enfermedades crónicas, embarazo o lactancia, se recomienda consultar con un profesional de salud antes de su consumo. Mantener fuera del alcance de los niños. Presentación Registro Sanitario Modo de uso Precauciones y Contraindicaciones No Producto a Pedido Presentación Registro Sanitario Modo de uso Precauciones y Contraindicaciones Producto a Pedido Campos Auxiliares Highlight La Melena de León (Hericium erinaceus) es un hongo funcional utilizado en la nutrición moderna por su contenido de compuestos naturales asociados al bienestar del sistema nervioso y digestivo. Su consumo como complemento dentro de una dieta equilibrada puede ayudar a apoyar la claridad mental, la concentración y los procesos de aprendizaje. Asimismo, se asocia con el cuidado de la mucosa gástrica y con el equilibrio de la flora intestinal, contribuyendo al bienestar digestivo y al manejo del estrés cotidiano.",vtex_spec_or_regex,false_no_component_match
Farmacia Universal,HI Universal Citrato de Potasio con Camu Camu - Frasco 330 g,HI Universal Citrato de Potasio con Camu Camu 330 g Precio + Delivery Gratis,E4505624NNAHRNT,57.62,PEN,available,https://www.farmaciauniversal.com/hi-universal-citrato-de-potasio-con-camu-camu-lata-330-g/p,28681,HI Universal,vtex_catalog_search,2026-06-08T00:46:46.770551+00:00,100,"/Vitaminas y Suplementos/Minerales y Otros/Potasio/ /Vitaminas y Suplementos/Minerales y Otros/ /Vitaminas y Suplementos/ /1/10/322/ /1/10/ /1/ Frasco 330 g E4505624NNAHRNT Disolver una cucharada (10g) en un vaso de agua, jugo o cualquier bebida alimenticia, remover hasta que se disuelva y consumir enseguida. Mantener el envase cerrado, guardar en un lugar fresco y seco a temperatura ambiente, protegido de la luz solar. Presentación Registro Sanitario Modo de uso Precauciones y Contraindicaciones No Producto a Pedido 1 Presentación Registro Sanitario Modo de uso Precauciones y Contraindicaciones Producto a Pedido Stock Security Campos Auxiliares Highlight Stock Security Suplemento alimenticio en polvo a base de harina de camu camu, fortificado con potasio. Con sabor a naranja. Libre de gluten, lactosa y azúcar. Citrato de potasio: Es un mineral esencial para mantener un adecuado funcionamiento de las células, músculos y nervios en el cuerpo. Ayuda a regular la presión arterial, a prevenir calambres musculares y a mantener el equilibrio de líquidos en el cuerpo. Camu Camu: Es una fruta rica en vitamina C y un potente antioxidante. Ayuda a fortalecer el sistema inmune y el sistema nervioso. También ayuda en la salud de los ojos y la piel.",vtex_spec_or_regex,false_no_component_match
Farmacia Universal,Bio Nutrition Bacterium Plus Cápsulas - Frasco 30 und,Bio Nutrition Bacterium Plus Cápsulas 30 und Precio + Delivery Gratis,N8303921NNALBSP,104.00,PEN,available,https://www.farmaciauniversal.com/bio-nutrition-bacterium-plus-capsulas-frasco-30-und/p,31550,Bio Nutrition,vtex_catalog_search,2026-06-08T00:46:46.770817+00:00,1,"/Vitaminas y Suplementos/Multivitamínicos/Digestivos/ /Vitaminas y Suplementos/Multivitamínicos/ /Vitaminas y Suplementos/ /1/344/352/ /1/344/ /1/ Frasco 30 und N8303921NNALBSP Consumir tres cápsulas al día con abundante agua u otra bebida, o según recomendación de un profesional de salud. Mantener en un ambiente fresco y seco, protegido de la luz solar. Mantener fuera del alcance de los niños. Cerrar bien el envase después de cada uso y consumir antes de la fecha de vencimiento indicada. Presentación Registro Sanitario Modo de uso Precauciones y Contraindicaciones No Producto a Pedido 0 Presentación Registro Sanitario Modo de uso Precauciones y Contraindicaciones Producto a Pedido Stock Security Campos Auxiliares Highlight Stock Security Bio Nutrition Bacterium Plus es un suplemento probiótico diseñado para contribuir al equilibrio de la flora intestinal. Los probióticos son microorganismos que pueden ayudar a mantener el balance de bacterias beneficiosas en el sistema digestivo cuando se consumen como parte de una dieta equilibrada.",vtex_spec_or_regex,false_no_component_match
Farmacia Universal,Bell Lifestyles ColesFit Cápsulas - Frasco 30 und,Bell Lifestyles ColesFit Cápsulas 30 und Precio + Delivery Gratis,DE5591,115.90,PEN,available,https://www.farmaciauniversal.com/bell-lifestyles-colesfit-capsulas-frasco-30-und/p,32719,Bell Lifestyles,vtex_catalog_search,2026-06-08T00:46:46.771094+00:00,10,"/Vitaminas y Suplementos/Multivitamínicos/Cardiovasculares/ /Vitaminas y Suplementos/Multivitamínicos/ /Vitaminas y Suplementos/ /1/344/355/ /1/344/ /1/ Frasco 30 und DE5591 Adultos: tomar una cápsula al día con agua o según recomendación de un profesional de la salud. Mantener fuera del alcance de los niños. No consumir durante el embarazo ni la lactancia. No recomendado para menores de edad. Suspenda su uso si presenta alguna reacción alérgica a alguno de sus ingredientes. Consulte con su médico antes de consumir este producto si utiliza medicamentos anticoagulantes, presenta trastornos hemorrágicos o recibe tratamiento médico. No debe ser utilizado junto con medicamentos para el colesterol sin supervisión profesional. Los suplementos alimenticios no sustituyen una dieta balanceada. Presentación Registro Sanitario Modo de uso Precauciones y Contraindicaciones No Producto a Pedido 0 Presentación Registro Sanitario Modo de uso Precauciones y Contraindicaciones Producto a Pedido Stock Security Campos Auxiliares Highlight Stock Security Bell ColesFit es un suplemento alimenticio formulado con Colestrolinol, una combinación de extracto de cáscara de naranja y aceite de palma africana, desarrollado para complementar el cuidado cardiovascular. Su fórmula aporta antioxidantes que contribuyen al bienestar general y está orientada a personas que buscan mantener hábitos saludables como parte de una alimentación equilibrada y un estilo de vida activo.",vtex_spec_or_regex,false_no_component_match
Farmacia Universal,Yumi Gumi Cero Drama Gomitas Sabor Arándano - Frasco 50 und,Yumi Gumi Cero Drama Gomitas Sabor Arándano 50 und Precio + Delivery Gratis,G7704625NNARBBS,44.90,PEN,available,https://www.farmaciauniversal.com/yumi-gumi-cero-drama-gomitas-sabor-arandano-frasco-50-und/p,31389,Yumi Gumi,vtex_catalog_search,2026-06-08T00:46:46.771585+00:00,10,"/Vitaminas y Suplementos/Multivitamínicos/Relajantes/ /Vitaminas y Suplementos/Multivitamínicos/ /Vitaminas y Suplementos/ /1/344/351/ /1/344/ /1/ Frasco 50 und G7704625NNARBBS Consumir 3 gomitas al día, preferentemente en horarios de mayor tensión o antes de dormir. No recomendado para mujeres embarazadas ni en etapa de lactancia. Si está tomando medicamentos o tiene alguna condición médica, consultar con su médico antes de consumir. Suspender el uso en caso de malestar o reacciones adversas. Mantener fuera del alcance de los niños y conservar en un lugar fresco y seco. Presentación Registro Sanitario Modo de uso Precauciones y Contraindicaciones No Producto a Pedido Arándano Sabor 0 Presentación Registro Sanitario Modo de uso Precauciones y Contraindicaciones Producto a Pedido Sabor Stock Security Campos Auxiliares Highlight Filtros Stock Security Yumi Gumi Cero Drama son gomitas sabor arándano elaboradas con extractos naturales de ashwagandha, pasiflora, valeriana y manzanilla, reconocidos por sus propiedades calmantes y relajantes. Estas gomitas ayudan a reducir el estrés diario, promover la tranquilidad y mejorar la calidad del descanso, convirtiéndose en un apoyo natural y delicioso para quienes buscan equilibrio y bienestar emocional.",vtex_spec_or_regex,false_no_component_match
Farmacia Universal,TMX Testo+ Gomitas Sabor Maracuyá - Frasco 70 und,TMX Testo+ Gomitas Sabor Maracuyá 70 und Precio + Delivery Gratis,G6602324NNAVDLB,44.10,PEN,available,https://www.farmaciauniversal.com/tmx-testo-gomitas-sabor-maracuya-frasco-70-und/p,32681,TMX,vtex_catalog_search,2026-06-08T00:46:46.771848+00:00,10,"/Vitaminas y Suplementos/Multivitamínicos/Adultos/ /Vitaminas y Suplementos/Multivitamínicos/ /Vitaminas y Suplementos/ /1/344/350/ /1/344/ /1/ Frasco 70 und G6602324NNAVDLB Consumir dos gomitas al día o según recomendación de un profesional de la salud. No exceder la porción diaria sugerida. Este producto es un suplemento alimenticio y no reemplaza una alimentación equilibrada. No utilizar en caso de hipersensibilidad a alguno de sus componentes. Mantener fuera del alcance de los niños. Conservar en un lugar fresco y seco. Presentación Registro Sanitario Modo de uso Precauciones y Contraindicaciones No Producto a Pedido Maracuyá Sabor 0 Presentación Registro Sanitario Modo de uso Precauciones y Contraindicaciones Producto a Pedido Sabor Stock Security Campos Auxiliares Highlight Filtros Stock Security TMX Testo+ Gomitas Sabor Maracuyá es un suplemento alimenticio elaborado con maca negra, huanarpo macho y jengibre, ingredientes tradicionalmente utilizados para complementar el bienestar masculino. Su fórmula está diseñada para apoyar la vitalidad, el rendimiento físico y la energía diaria, convirtiéndose en una alternativa práctica y agradable para quienes buscan complementar su nutrición con ingredientes de origen natural.",vtex_spec_or_regex,false_no_component_match
Farmacia Universal,Bell Lifestyles Inmuno Supremo Cápsulas - Frasco 90 und,Bell Lifestyles Inmuno Supremo Cápsulas 90 und Precio + Delivery Gratis,DE5648,95.90,PEN,available,https://www.farmaciauniversal.com/bell-lifestyles-inmuno-supremo-capsulas-frasco-90-und/p,32720,Bell Lifestyles,vtex_catalog_search,2026-06-08T00:46:47.303985+00:00,10,"/Vitaminas y Suplementos/Multivitamínicos/Adultos/ /Vitaminas y Suplementos/Multivitamínicos/ /Vitaminas y Suplementos/ /1/344/350/ /1/344/ /1/ Frasco 90 und DE5648 Adultos: consumir una cápsula al día con agua, preferentemente fuera de las comidas. Mantener fuera del alcance de los niños. No consumir durante el embarazo ni la lactancia. No recomendado para menores de edad. Suspenda su uso si presenta alguna reacción alérgica a sus componentes. Consulte con su médico antes de consumir este producto si padece enfermedades autoinmunes, tiene antecedentes de trasplante de médula ósea o recibe tratamiento con medicamentos inmunosupresores. Los suplementos alimenticios no sustituyen una alimentación balanceada. Presentación Registro Sanitario Modo de uso Precauciones y Contraindicaciones No Producto a Pedido 0 Presentación Registro Sanitario Modo de uso Precauciones y Contraindicaciones Producto a Pedido Stock Security Campos Auxiliares Highlight Stock Security Bell Inmuno Supremo es un suplemento alimenticio elaborado con Trametes versicolor, también conocido como Coriolus versicolor o hongo Turkey Tail (cola de pavo), reconocido por su contenido natural de polisacáridos, incluidos PSK y PSP. Su fórmula aporta 500 mg de extracto de hongo por cápsula y está diseñada para complementar una alimentación equilibrada, ayudando a mantener el adecuado funcionamiento del sistema inmunológico y el bienestar general del organismo.",vtex_spec_or_regex,false_no_component_match
Farmacia Universal,Drasanvi Omepur Cápsulas Blandas - Frasco 45 und,Drasanvi Omepur Cápsulas Blandas 45 und Precio + Delivery Gratis,DE5300,109.00,PEN,available,https://www.farmaciauniversal.com/drasanvi-omepur-capsulas-blandas-frasco-45-und/p,30922,Drasanvi,vtex_catalog_search,2026-06-08T00:46:47.304281+00:00,10,"/Vitaminas y Suplementos/Minerales y Otros/Omega 3/ /Vitaminas y Suplementos/Minerales y Otros/ /Vitaminas y Suplementos/ /1/10/324/ /1/10/ /1/ Frasco 45 und DE5300 Tomar 2 cápsulas al día, acompañadas de 0,1 litro de agua. Complemento alimenticio a base de aceite de pescado y vitamina E. No superar la dosis diaria expresamente recomendada; Los complementos alimenticios no deben utilizarse como sustituto de una dieta equilibrada; Mantener fuera del alcance de los niños más pequeños. Contiene pescado Presentación Registro Sanitario Modo de uso Precauciones y Contraindicaciones No Producto a Pedido 1 Presentación Registro Sanitario Modo de uso Precauciones y Contraindicaciones Producto a Pedido Stock Security Campos Auxiliares Highlight Stock Security Omepur 3 es un complemento alimenticio rico en ácidos grasos del tipo Omega 3, concretamente DHA y EPA. Se trata de sustancias con importantes propiedades: el DHA contribuye al mantenimiento de la visión y el cerebro en condiciones normales. El EPA y DHA contribuyen al funcionamiento normal del corazón.",vtex_spec_or_regex,false_no_component_match
Farmacia Universal,Nature's Truth Ácido Alfa Lipoico + Biotina Cápsulas - Frasco 60 und,Nature's Truth Ácido Alfa Lipoico + Biotina Cápsulas 60 und Precio + Delivery Gratis,DE5389,109.90,PEN,available,https://www.farmaciauniversal.com/natures-truth-acido-alfa-lipoico-biotina-capsulas-frasco-60-und/p,31701,Nature's Truth,vtex_catalog_search,2026-06-08T00:46:47.304599+00:00,1,"/Vitaminas y Suplementos/Multivitamínicos/Cabello y Uñas/ /Vitaminas y Suplementos/Multivitamínicos/ /Vitaminas y Suplementos/ /1/344/357/ /1/344/ /1/ Frasco 60 und DE5389 Para adultos, tomar 2 cápsulas al día, preferiblemente con una comida. No consumir en caso de hipersensibilidad a alguno de sus componentes. No superar la dosis diaria recomendada. No debe utilizarse como sustituto de una dieta equilibrada. Si está embarazada, en periodo de lactancia, toma medicamentos o presenta alguna condición médica, consulte con su profesional de salud antes de usar este producto. Mantener fuera del alcance de los niños. Presentación Registro Sanitario Modo de uso Precauciones y Contraindicaciones No Producto a Pedido Presentación Registro Sanitario Modo de uso Precauciones y Contraindicaciones Producto a Pedido Campos Auxiliares Highlight Nature’s Truth Ácido Alfa Lipoico + Biotina es un suplemento alimenticio en cápsulas que combina biotina con ácido alfa lipoico, ingredientes comúnmente utilizados en rutinas de bienestar. Es una alternativa práctica para quienes buscan complementar su alimentación diaria con nutrientes asociados al cuidado nutricional y al soporte antioxidante.",vtex_spec_or_regex,false_no_component_match
Farmacia Universal,Mason Glicinato de Magnesio Plus Cápsulas - Frasco 60 und,Mason Glicinato de Magnesio Plus Cápsulas 60 und Precio + Delivery Gratis,DE5552,99.90,PEN,available,https://www.farmaciauniversal.com/mason-glicinato-de-magnesio-plus-capsulas-frasco-60-und/p,31268,Mason Natural,vtex_catalog_search,2026-06-08T00:46:47.305169+00:00,100,"/Vitaminas y Suplementos/Minerales y Otros/Magnesio/ /Vitaminas y Suplementos/Minerales y Otros/ /Vitaminas y Suplementos/ /1/10/15/ /1/10/ /1/ Frasco 60 und Magnesio 240 mg DE5552 Tomar dos cápsulas al día, preferiblemente con alimentos. No exceder la dosis recomendada. Este producto no debe utilizarse como sustituto de una dieta equilibrada. Si está embarazada, en periodo de lactancia, tomando alguna medicación o tiene alguna condición médica, consulte a su médico antes de tomar este producto. Presentación Principio Activo Registro Sanitario Modo de uso Precauciones y Contraindicaciones No Producto a Pedido 1 Presentación Principio Activo Registro Sanitario Modo de uso Precauciones y Contraindicaciones Producto a Pedido Stock Security Campos Auxiliares Highlight Stock Security Mason Glicinato de Magnesio Plus es un suplemento de glicinato de magnesio que es una forma altamente biodisponible de este mineral, lo que significa que el organismo puede absorberlo con mayor facilidad. El magnesio participa en más de 300 reacciones enzimáticas, relacionadas con la producción de energía, el funcionamiento del sistema nervioso y la contracción muscular. Además, puede favorecer el equilibrio electrolítico y contribuir al mantenimiento de huesos y dientes saludables, siendo útil en personas con estilos de vida activos o en etapas de mayor desgaste físico.",vtex_spec_or_regex,false_no_component_match
Farmacia Universal,La Naturaleza y tu Salud Maca Roja + Aguaje Instantáneo - Frasco 560 g,La Naturaleza y tu Salud Maca Roja + Aguaje Instantáneo 560 g Precio + Delivery Gratis,N8327222NNAPONT,47.00,PEN,available,https://www.farmaciauniversal.com/la-naturaleza-y-tu-salud-maca-roja-aguaje-instantaneo-frasco-560-g/p,31468,La Naturaleza y tu Salud,vtex_catalog_search,2026-06-08T00:46:47.305895+00:00,10,"/Vitaminas y Suplementos/Multivitamínicos/Adultos/ /Vitaminas y Suplementos/Multivitamínicos/ /Vitaminas y Suplementos/ /1/344/350/ /1/344/ /1/ Frasco 560 g N8327222NNAPONT Consumir una cucharada 3 veces al día, mezclar en un vaso de agua, jugos, yogurt, refrescos, etc. Suplemento alimenticio. No reemplaza una dieta equilibrada. No exceder la porción diaria recomendada. Mantener en un lugar fresco y seco. Mantener fuera del alcance de los niños. Presentación Registro Sanitario Modo de uso Precauciones y Contraindicaciones No Producto a Pedido 0 Presentación Registro Sanitario Modo de uso Precauciones y Contraindicaciones Producto a Pedido Stock Security Campos Auxiliares Highlight Stock Security La Naturaleza y tu Salud Maca Roja + Aguaje Instantáneo es un suplemento alimenticio en polvo elaborado a base de maca roja y aguaje, ingredientes de origen natural tradicionalmente utilizados en la alimentación. Está diseñado para integrarse a la dieta diaria como complemento nutricional, preparado de forma práctica y rápida.",vtex_spec_or_regex,false_no_component_match
Farmacia Universal,Serecur Duo 320 mg + 50 mg Cápsulas Blandas - Caja 30 und,Serecur Duo 320 mg + 50 mg Cápsulas Blandas 30 und Precio + Delivery Gratis,PNE1832,159.90,PEN,available,https://www.farmaciauniversal.com/serecur-duo-320-mg-50-mg-capsulas-blandas-caja-30-und/p,31152,Lafage,vtex_catalog_search,2026-06-08T00:46:47.308115+00:00,10,"/Vitaminas y Suplementos/Multivitamínicos/Urológicos/ /Vitaminas y Suplementos/Multivitamínicos/ /Vitaminas y Suplementos/ /1/344/353/ /1/344/ /1/ Caja 30 und Extracto de Serenoa Repens 320 mg, Extracto de Pygeum Africanum 50 mg PNE1832 Se recomienda tomar una cápsula blanda al día, preferiblemente durante una comida y con un vaso de agua. El uso puede continuar según la valoración de un profesional de salud, quien determinará la duración y la conveniencia del suplemento en función de cada persona. Producto destinado exclusivamente a hombres adultos. No debe considerarse un sustituto de diagnóstico médico ni de chequeos urológicos. Si aparecen dolor al orinar, sangre en la orina, o empeoran los síntomas urinarios, se debe consultar a un especialista. Mantener fuera del alcance de los niños y conservar en lugar seco y protegido de la luz. Presentación Principio Activo Registro Sanitario Modo de uso Precauciones y Contraindicaciones No Producto a Pedido 0 Presentación Principio Activo Registro Sanitario Modo de uso Precauciones y Contraindicaciones Producto a Pedido Stock Security Campos Auxiliares Highlight Stock Security Serecur Duo es una fórmula en cápsulas blandas que combina extracto lipídico de Serenoa repens (320 mg) y extracto de Pygeum africanum (50 mg). Esta combinación está diseñada para quienes desean un enfoque natural complementario en el cuidado de la salud prostática masculina. El formato de 30 cápsulas facilita un uso prolongado y regular, buscando apoyar una rutina de bienestar dentro de un estilo de vida saludable.",vtex_spec_or_regex,false_no_component_match
Farmacia Universal,Enzymedica Probiotic for Women Cápsulas de Liberación Retardada - Frasco 30 und,Enzymedica Probiotic for Women Cápsulas de Liberación Retardada 30 und Precio + Delivery Gratis,DE5654,180.00,PEN,available,https://www.farmaciauniversal.com/enzymedica-probiotic-for-women-capsulas-de-liberacion-retardada-frasco-30-und/p,31866,Enzymedica,vtex_catalog_search,2026-06-08T00:46:47.308885+00:00,10,"/Vitaminas y Suplementos/Multivitamínicos/Digestivos/ /Vitaminas y Suplementos/Multivitamínicos/ /Vitaminas y Suplementos/ /1/344/352/ /1/344/ /1/ Frasco 30 und DE5654 Administrar por vía oral según indicaciones del envase o recomendación de un profesional de la salud. No exceder la dosis sugerida. No sustituye una dieta balanceada. En caso de embarazo, lactancia o tratamiento médico, consultar previamente con un profesional de la salud. Mantener fuera del alcance de los niños. Presentación Registro Sanitario Modo de uso Precauciones y Contraindicaciones No Producto a Pedido 0 Presentación Registro Sanitario Modo de uso Precauciones y Contraindicaciones Producto a Pedido Stock Security Campos Auxiliares Highlight Stock Security Enzymedica Probiotic for Women es un suplemento en cápsulas de liberación retardada formulado con una combinación de probióticos, orientado al equilibrio de la microbiota femenina. Puede utilizarse como complemento dentro de un estilo de vida saludable y una alimentación equilibrada.",vtex_spec_or_regex,false_no_component_match
Farmacia Universal,Enfagrow Premium Promental Sabor Vainilla - Lata 1350 g,Enfagrow Premium Promental Sabor Vainilla 1350 g Precio + Delivery Gratis,I1000720ENARBHA,157.10,PEN,available,https://www.farmaciauniversal.com/enfagrow-premium-promental-sabor-vainilla-lata-1350-g/p,31090,Enfagrow,vtex_catalog_search,2026-06-08T00:46:47.309239+00:00,10,"/Cuidado Infantil/Nutrición Infantil/Fórmulas Infantiles/ /Cuidado Infantil/Nutrición Infantil/ /Cuidado Infantil/ /5/151/167/ /5/151/ /5/ Lata 1350 g I1000720ENARBHA Lávese bien las manos con agua y jabón antes de preparar la fórmula. Lave y enjuague los utensilios o recipientes que se usarán. Hiérvalos durante al menos 5 minutos. Hierva agua potable durante 5 minutos y déjela enfriar hasta que esté tibia. Vierta en el recipiente hervido la cantidad de agua indicada y añada la cantidad de polvo según el cuadro de alimentación. Cierre bien el recipiente y agite hasta lograr una mezcla homogénea. Prepare la fórmula justo antes de su consumo. Utilizar solo la medida dosificadora incluida en el envase y respetar las proporciones indicadas. No consumir si el envase está dañado o presenta signos de alteración. Una vez preparada, la fórmula debe ser consumida inmediatamente o refrigerada y usada en un máximo de 24 horas. No recalentar en microondas para evitar quemaduras. No exceder la cantidad recomendada por el profesional de salud. Consultar con un pediatra antes de iniciar el uso, especialmente si el niño tiene alguna condición médica. Almacenar en un lugar fresco y seco, fuera del alcance de los niños. Presentación Registro Sanitario Modo de uso Precauciones y Contraindicaciones No Producto a Pedido Vainilla Sabor 0 Presentación Registro Sanitario Modo de uso Precauciones y Contraindicaciones Producto a Pedido Sabor Stock Security Campos Auxiliares Highlight Filtros Stock Security Es un alimento lácteo en polvo formulado para niños, que contiene una combinación equilibrada de nutrientes que contribuyen al desarrollo general durante esta etapa. Incluye DHA y MFGM, componentes asociados al desarrollo cerebral y visual, así como prebióticos (PDX y GOS) y probióticos, que participan en el mantenimiento de una flora intestinal saludable. Además, aporta vitaminas y minerales como hierro, calcio y zinc, necesarios para diversas funciones del organismo. Su mezcla de proteínas, carbohidratos y grasas proporciona energía en el marco de una alimentación balanceada. Este producto no es un sucedáneo de la leche materna.",vtex_spec_or_regex,false_no_component_match
Farmacia Universal,Herbals & Health Ashwagandha Cápsulas - Frasco 60 und,Herbals & Health Ashwagandha Cápsulas 60 und Precio + Delivery Gratis,N7410819NNALBHR,69.90,PEN,available,https://www.farmaciauniversal.com/herbals-health-ashwagandha-capsulas-frasco-60-und/p,28182,Herbals & Health,vtex_catalog_search,2026-06-08T00:46:47.310100+00:00,100,"/Vitaminas y Suplementos/Multivitamínicos/Relajantes/ /Vitaminas y Suplementos/Multivitamínicos/ /Vitaminas y Suplementos/ /1/344/351/ /1/344/ /1/ Frasco 60 und N7410819NNALBHR Se recomienda ingerir de dos a tres cápsulas al día, preferiblemente con las comidas, o según indicación de un profesional de la salud. No exceder la dosis recomendada. Consultar con un médico antes de su consumo si se tiene alguna condición médica, enfermedad o se está bajo tratamiento. No se recomienda su uso en mujeres embarazadas, en periodo de lactancia ni en menores de edad sin supervisión médica Presentación Registro Sanitario Modo de uso Precauciones y Contraindicaciones No Producto a Pedido 1 Presentación Registro Sanitario Modo de uso Precauciones y Contraindicaciones Producto a Pedido Stock Security Campos Auxiliares Highlight Stock Security Las cápsulas de Ashwagandha de Herbals & Health contienen 500 mg de raíz de ashwagandha orgánica pulverizada, conocida por sus propiedades adaptógenas que ayudan a liberar el estrés mental, físico y emocional al regular la hormona cortisol. Además, contribuye a prevenir la ansiedad, mejorar la energía, combatir la fatiga crónica, el insomnio y la depresión, y estabiliza el sistema nervioso central.",vtex_spec_or_regex,false_no_component_match
Farmacia Universal,Digermin Kids 2000 millones UFC/5 ml Suspensión Oral Ampollas - Caja 10 und,Digermin Kids 2000 millones UFC/5 ml Suspensión Oral Ampollas 10 und Precio + Delivery Gratis,DE4915,35.00,PEN,available,https://www.farmaciauniversal.com/digermin-kids-2000-millones-ufc-5-ml-suspension-oral-ampollas-caja-10-und/p,31345,Bonapharm,vtex_catalog_search,2026-06-08T00:46:47.312854+00:00,10,"/Vitaminas y Suplementos/Multivitamínicos/Digestivos/ /Vitaminas y Suplementos/Multivitamínicos/ /Vitaminas y Suplementos/ /1/344/352/ /1/344/ /1/ Caja 10 und Esporas de Bacillus Clausii DE4915 Adultos: 2 a 3 ampollas por día. Niños: 1 a 2 ampollas por día. Lactantes: 1 a 2 ampollas por día. Administrar a intervalos regulares de 3 a 4 horas. Puede consumirse directamente o diluido en agua, leche, té o jugo. No utilizar en caso de hipersensibilidad a cualquiera de sus componentes. La presencia de partículas visibles puede deberse a agregados de esporas y no indica alteración del producto. No superar la dosis diaria recomendada. Los suplementos no sustituyen una alimentación equilibrada. Mantener a temperatura menor de 30 °C y fuera del alcance de los niños. Presentación Principio Activo Registro Sanitario Modo de uso Precauciones y Contraindicaciones No Producto a Pedido 0 Presentación Principio Activo Registro Sanitario Modo de uso Precauciones y Contraindicaciones Producto a Pedido Stock Security Campos Auxiliares Highlight Stock Security Digermin Kids Suspensión Oral contiene esporas de Bacillus clausii, un suplemento orientado al equilibrio de la flora intestinal y bienestar digestivo infantil. Su presentación en ampollas orales facilita una administración práctica y cómoda para niños y lactantes, pudiendo administrarse solo o diluido en bebidas. Es una alternativa utilizada como complemento en la rutina de cuidado digestivo.",vtex_spec_or_regex,false_no_component_match
Farmacia Universal,Nature's Truth Just 4 Kidz Probiótico 3 Billion CFU Tabletas Masticables - Frasco 30 und,Nature's Truth Just 4 Kidz Probiótico 3 Billion CFU Tabletas Masticables 30 und Precio + Delivery Gratis,DE5703,49.90,PEN,available,https://www.farmaciauniversal.com/natures-truth-just-4-kidz-probiotico-3-billion-cfu-tabletas-masticables-frasco-30-und/p,31700,Nature's Truth,vtex_catalog_search,2026-06-08T00:46:47.313132+00:00,10,"/Cuidado Infantil/Nutrición Infantil/Suplementos Infantiles/ /Cuidado Infantil/Nutrición Infantil/ /Cuidado Infantil/ /5/151/340/ /5/151/ /5/ Frasco 30 und DE5703 Para niños de 4 años a más, masticar 1 tableta al día, preferiblemente con una comida. No superar la dosis recomendada. Usar bajo supervisión de un adulto. Consultar con el pediatra si el niño consume medicamentos o suplementos. No sustituye una dieta equilibrada. Mantener fuera del alcance de los niños. Presentación Registro Sanitario Modo de uso Precauciones y Contraindicaciones No Producto a Pedido Presentación Registro Sanitario Modo de uso Precauciones y Contraindicaciones Producto a Pedido Campos Auxiliares Highlight Nature’s Truth Just 4 Kidz Probiótico 3 Billion CFU es un suplemento alimenticio infantil en tabletas masticables con agradable sabor berry, pensado para facilitar su consumo diario. Su fórmula con probióticos es una opción práctica para complementar la alimentación de los niños dentro de una rutina equilibrada.",vtex_spec_or_regex,false_no_component_match
Farmacia Universal,Pack BIRM Inmunomodulador 40 mg 2 und Frasco 90 und c/u + 1 und Frasco 30 und,Pack BIRM Inmunomodulador 40 mg 2 und Frasco 90 und c/u + 1 und Frasco 30 und Precio + Delivery Gratis,PNE1754,344.04,PEN,available,https://www.farmaciauniversal.com/pack-birm-inmunomodulador-40-mg-2-und-frasco-90-und-c-u-1-und-frasco-30-und/p,99267,BIRM,vtex_catalog_search,2026-06-08T00:46:47.313924+00:00,10,"/Vitaminas y Suplementos/Multivitamínicos/Adultos/ /Vitaminas y Suplementos/Multivitamínicos/ /Vitaminas y Suplementos/ /1/344/350/ /1/344/ /1/ Pack Promocional PNE1754 BIRM Inmunomodulador 40 mg Cápsulas: Adultos: Tomar 1 cápsula cada 24 horas, con comida. Se recomienda consultar con su médico para obtener una dosis adecuada. BIRM Inmunomodulador 40 mg Cápsulas: BIRM Inmunomodulador 40 mg Cápsulas: Conversar a temperatura no mayor a 30 °C. Algunos pacientes pueden presentar reacciones adversas como pupilas dilatadas y efectos gastrointestinales (diarrea, náuseas y vómitos) BIRM Inmunomodulador 40 mg Cápsulas: Presentación Registro Sanitario Modo de uso Precauciones y Contraindicaciones No Producto a Pedido Presentación Registro Sanitario Modo de uso Precauciones y Contraindicaciones Producto a Pedido Campos Auxiliares Highlight BIRM Inmunomodulador 40 mg Cápsulas: Complemento alimenticio que ayuda a mantener un sistema inmunológico equilibrado, permitiéndonos contar con las defensas necesarias para prevenir enfermedades. Composición: Extracto de Solanum dulcamara L. 40 mg.",vtex_spec_or_regex,false_no_component_match
Farmacia Universal,Eye 3 Cápsulas Blandas - Frasco 60 und,Eye 3 Cápsulas Blandas 60 und Precio + Delivery Gratis,PNE1255,103.04,PEN,available,https://www.farmaciauniversal.com/eye-3-capsulas-blandas-frasco-60-und/p,2773,Roster,vtex_catalog_search,2026-06-08T00:46:47.978926+00:00,10,"/Vitaminas y Suplementos/Multivitamínicos/Oftálmicos/ /Vitaminas y Suplementos/Multivitamínicos/ /Vitaminas y Suplementos/ /1/344/356/ /1/344/ /1/ Frasco 60 und PNE1255 Consumir 1 cápsula blanda al día, preferentemente junto con alimentos o según indicación del médico. No superar la dosis recomendada. Mantener fuera del alcance de los niños. No recomendado para mujeres embarazadas o en periodo de lactancia sin supervisión médica. Presentación Registro Sanitario Modo de uso Precauciones y Contraindicaciones No Producto a Pedido 1 Presentación Registro Sanitario Modo de uso Precauciones y Contraindicaciones Producto a Pedido Stock Security Campos Auxiliares Highlight Stock Security Eye 3 es un suplemento formulado para el cuidado integral de la visión. Contiene antioxidantes, vitaminas y minerales que contribuyen a proteger los ojos del estrés oxidativo, apoyan la salud de la retina y favorecen una visión más nítida, especialmente en personas expuestas a pantallas o radiación solar.",vtex_spec_or_regex,false_no_component_match
Farmacia Universal,Drasanvi Keto Ashwaganha 17.5 mg Cápsulas - Frasco 60 und,Drasanvi Keto Ashwaganha 17.5 mg Cápsulas 60 und Precio + Delivery Gratis,PNE1856,69.90,PEN,available,https://www.farmaciauniversal.com/drasanvi-keto-ashwaganha-175-mg-capsulas-frasco-60-und/p,30995,Drasanvi,vtex_catalog_search,2026-06-08T00:46:47.979166+00:00,10,"/Vitaminas y Suplementos/Multivitamínicos/Relajantes/ /Vitaminas y Suplementos/Multivitamínicos/ /Vitaminas y Suplementos/ /1/344/351/ /1/344/ /1/ Frasco 60 und PNE1856 Tomar una cápsula diaria durante una comida principal. No sustituir por una dieta equilibrada. No exceder la dosis recomendada. Mantener fuera del alcance de los niños. Conservar en lugar fresco y seco. Presentación Registro Sanitario Modo de uso Precauciones y Contraindicaciones No Producto a Pedido 1 Presentación Registro Sanitario Modo de uso Precauciones y Contraindicaciones Producto a Pedido Stock Security Campos Auxiliares Highlight Stock Security Esta fórmula a base de extracto estandarizado de Ashwagandha (17,5 mg de withanolides) contribuye a mantener la relajación, el bienestar emocional y físico.",vtex_spec_or_regex,false_no_component_match
Farmacia Universal,Hemorrolabs Tabletas Masticables - Blíster 10 und,Hemorrolabs Tabletas Masticables 10 und Precio + Delivery Gratis,PNE1809,11.00,PEN,available,https://www.farmaciauniversal.com/hemorrolabs-tabletas-masticables-blister-10-und/p,30900,AJR Labs,vtex_catalog_search,2026-06-08T00:46:47.980423+00:00,10,"/Medicinas/Cuidado Dermatológico/Antihemorroides/ /Medicinas/Cuidado Dermatológico/ /Medicinas/ /2/42/64/ /2/42/ /2/ Blíster 10 und PNE1809 Masticar dos tabletas antes de cada alimento, hasta un máximo de 6 tabletas al día, acompañadas de abundante agua. Se recomienda completar el uso por un periodo de hasta 45 días, salvo indicación distinta del profesional de la salud. Conservar en un lugar fresco y seco a temperatura ambiente. No exceder la dosis recomendada. Suspender el uso y consultar a un profesional si aparecen molestias o reacciones adversas. Presentación Registro Sanitario Modo de uso Precauciones y Contraindicaciones No No No Producto a Pedido Requiere receta médica Requiere refrigeración 1 Presentación Registro Sanitario Modo de uso Precauciones y Contraindicaciones Producto a Pedido Requiere receta médica Requiere refrigeración Stock Security Campos Auxiliares Highlight Stock Security Hemorrolabs Tabletas Masticables son tabletas de presentación blanquecina con manchas marrones, diseñadas para apoyar el alivio de molestias asociadas con hemorroides, como sensación de quemazón o escozor alrededor de la zona anal. Este tipo de suplemento puede utilizarse como parte de una rutina de cuidado cuando se presentan síntomas leves, siempre bajo orientación de un profesional de salud.",vtex_spec_or_regex,false_no_component_match
Farmacia Universal,Nature's Truth Fish Oil Natural 2400 mg Cápsulas Blandas - Frasco 250 und,Nature's Truth Fish Oil Natural 2400 mg Cápsulas Blandas 250 und Precio + Delivery Gratis,DE5286,199.90,PEN,available,https://www.farmaciauniversal.com/natures-truth-fish-oil-natural-2400-mg-capsulas-blandas-frasco-250-und/p,30958,Nature's Truth,vtex_catalog_search,2026-06-08T00:46:47.980866+00:00,10,"/Vitaminas y Suplementos/Minerales y Otros/Omega 3/ /Vitaminas y Suplementos/Minerales y Otros/ /Vitaminas y Suplementos/ /1/10/324/ /1/10/ /1/ Frasco 250 und Omega 3 720 mg DE5286 Se recomienda que los adultos consuman dos cápsulas blandas una o dos veces al día acompañadas de alimentos, salvo que un profesional de la salud indique otro régimen. Este tipo de suplementación puede variar de persona a persona, por lo que la recomendación individual de un médico o nutricionista podría ser útil para determinar la cantidad adecuada. No debe ser consumido por personas con alergia al pescado o mariscos. Si estás embarazada, amamantando, bajo tratamiento o presentas una condición médica, es aconsejable consultar con un profesional antes de usarlo. Mantener fuera del alcance de los niños y conservar en un lugar fresco y seco. Presentación Principio Activo Registro Sanitario Modo de uso Precauciones y Contraindicaciones No Producto a Pedido 1 Presentación Principio Activo Registro Sanitario Modo de uso Precauciones y Contraindicaciones Producto a Pedido Stock Security Campos Auxiliares Highlight Stock Security Nature’s Truth Fish Oil Natural 2400 mg es un suplemento de aceite de pescado elaborado por la marca Nature’s Truth. Cada porción aporta aproximadamente 720 mg de ácidos grasos omega-3 EPA y DHA, que suelen estar presentes en pescados grasos. Este suplemento puede ser una alternativa para personas que desean complementar su alimentación con una fuente adicional de omega-3, especialmente si su consumo de pescado es bajo. Su formato en cápsulas blandas facilita la toma diaria y está diseñado para integrarse de manera cómoda a la rutina de bienestar de adultos.",vtex_spec_or_regex,false_no_component_match
Farmacia Universal,PVM en Polvo Sabor Vainilla - Frasco 1000 g,PVM en Polvo Vainilla 1000 g Precio + Delivery Gratis,A3500113NNAHRSA,110.89,PEN,available,https://www.farmaciauniversal.com/pvm-en-polvo-sabor-vainilla-lata-1000-g/p,5022,PVM,vtex_catalog_search,2026-06-08T00:46:47.981657+00:00,10,"/Vitaminas y Suplementos/Suplementos Nutricionales/Fórmulas para Adultos/ /Vitaminas y Suplementos/Suplementos Nutricionales/ /Vitaminas y Suplementos/ /1/12/28/ /1/12/ /1/ Lata 1000 g A3500113NNAHRSA Seguir cuidadosamente las instrucciones del envase, con una apropiada higiene, preparación, dilución, uso y almacenamiento. Pacientes con intolerancia severa primaria o secundaria a la lactosa pueden presentar síntomas.Hipersensibilidad a cualquiera de sus componentes. Guardar en lugar fresco y seco. Una vez abierta la lata, cubrir adecuadamente el envase y almacenar a temperatura no mayor de 30ºC (NO en el refrigerador). PVM® se deberá consumir dentro de las tres semanas después de haber abierto el envase. Presentación Registro Sanitario Modo de uso Precauciones y Contraindicaciones No Producto a Pedido Vainilla Lata 1000 g Sabor Presentaciones 1 Presentación Registro Sanitario Modo de uso Precauciones y Contraindicaciones Producto a Pedido Sabor Presentaciones Stock Security Campos Auxiliares Highlight Filtros Stock Security PVM® es un complemento nutricional que aporta vitalidad necesaria para las actividades diarias y antioxidantes que ayudan a mantenerse joven. Brinda mayor cantidad de proteínas, calcio, vitaminas A, B, C y D para complementar los requerimientos nutricionales que nuestro organismo requiere.",vtex_spec_or_regex,false_no_component_match
Farmacia Universal,Enzymedica Digest Gold con ATPro Cápsulas - Frasco 45 und,Enzymedica Digest Gold con ATPro Cápsulas 45 und Precio + Delivery Gratis,DE5594,130.00,PEN,available,https://www.farmaciauniversal.com/enzymedica-digest-gold-con-atpro-capsulas-frasco-45-und/p,31862,Enzymedica,vtex_catalog_search,2026-06-08T00:46:47.982216+00:00,10,"/Vitaminas y Suplementos/Multivitamínicos/Digestivos/ /Vitaminas y Suplementos/Multivitamínicos/ /Vitaminas y Suplementos/ /1/344/352/ /1/344/ /1/ Frasco 45 und DE5594 Adultos: consumir 1 cápsula junto con las comidas principales o según recomendación de un profesional de salud. No exceder la dosis recomendada. Los suplementos alimenticios no sustituyen una alimentación equilibrada. Consultar con un profesional de salud en caso de embarazo, lactancia o tratamiento médico. Mantener fuera del alcance de los niños y conservar en un lugar fresco y seco. Presentación Registro Sanitario Modo de uso Precauciones y Contraindicaciones No Producto a Pedido 0 Presentación Registro Sanitario Modo de uso Precauciones y Contraindicaciones Producto a Pedido Stock Security Campos Auxiliares Highlight Stock Security Enzymedica Digest Gold con ATPro es un complemento alimenticio formulado con una combinación de enzimas de origen vegetal y fúngico, diseñado para complementar el bienestar digestivo y favorecer una mejor digestibilidad de los alimentos. Su fórmula incorpora 14 enzimas, entre ellas amilasa y proteasa, además de ATPro®, combinación orientada a complementar los procesos relacionados con la obtención de energía celular. Está pensado para acompañar las comidas principales y contribuir al confort digestivo diario.",vtex_spec_or_regex,false_no_component_match
Farmacia Universal,La Naturaleza y tu Salud Harina de Huanarpo Macho - Frasco 150 g,La Naturaleza y tu Salud Harina de Huanarpo Macho 150 g Precio + Delivery Gratis,E4655620NNAPOOG,33.00,PEN,available,https://www.farmaciauniversal.com/la-naturaleza-y-tu-salud-harina-de-huanarpo-macho-frasco-150-g/p,31462,La Naturaleza y tu Salud,vtex_catalog_search,2026-06-08T00:46:47.982478+00:00,10,"/Vitaminas y Suplementos/Suplementos Nutricionales/Fórmulas para Adultos/ /Vitaminas y Suplementos/Suplementos Nutricionales/ /Vitaminas y Suplementos/ /1/12/28/ /1/12/ /1/ Frasco 150 g E4655620NNAPOOG Consumir una cucharada 3 veces al día, mezclada con jugos, leche, yogurt u otras bebidas. No consumir durante el embarazo ni en niños. En caso de lactancia, consultar con su médico antes de consumir. Mantener fuera del alcance de los niños. Presentación Registro Sanitario Modo de uso Precauciones y Contraindicaciones No Producto a Pedido 0 Presentación Registro Sanitario Modo de uso Precauciones y Contraindicaciones Producto a Pedido Stock Security Campos Auxiliares Highlight Stock Security La Naturaleza y tu Salud Harina de Huanarpo Macho es un producto de origen vegetal utilizado tradicionalmente como complemento alimenticio. Su composición aporta nutrientes que ayudan a complementar la dieta diaria y pueden contribuir al bienestar general, incluyendo el apoyo al equilibrio nutricional.",vtex_spec_or_regex,false_no_component_match
Farmacia Universal,Cefasel SSA 100 mcg Tabletas - Caja 20 und,Cefasel SSA 100 mcg Tabletas 20 und,EE11646,50.60,PEN,available,https://www.farmaciauniversal.com/cefasel-ssa-100-mcg-tabletas-caja-20-und/p,29569,Deutsche Pharma,vtex_catalog_search,2026-06-08T00:46:47.983268+00:00,10,/Medicinas/Cuidado Endocrino/Terapia Tiroidea/ /Medicinas/Cuidado Endocrino/ /Medicinas/ /2/386/388/ /2/386/ /2/ Caja 20 und Selenio 100 mcg EE11646 Presentación Principio Activo Registro Sanitario No Si No Producto a Pedido Requiere receta médica Requiere refrigeración 1 Presentación Principio Activo Registro Sanitario Producto a Pedido Requiere receta médica Requiere refrigeración Stock Security Campos Auxiliares Highlight Stock Security,vtex_spec_or_regex,false_no_component_match
Farmacia Universal,Bell Lifestyles ArtroFlexx Cápsulas - Frasco 100 und,Bell Lifestyles ArtroFlexx Cápsulas 100 und Precio + Delivery Gratis,DE5406,105.90,PEN,available,https://www.farmaciauniversal.com/bell-lifestyles-artroflexx-capsulas-frasco-100-und/p,32718,Bell Lifestyles,vtex_catalog_search,2026-06-08T00:46:47.985290+00:00,10,"/Vitaminas y Suplementos/Multivitamínicos/Osteoarticulares/ /Vitaminas y Suplementos/Multivitamínicos/ /Vitaminas y Suplementos/ /1/344/354/ /1/344/ /1/ Frasco 100 und DE5406 Adultos: tomar cuatro cápsulas dos veces al día junto con los alimentos o según recomendación de un profesional de la salud. Se recomienda separar su consumo de otros medicamentos por algunas horas. Mantener fuera del alcance de los niños. No consumir durante el embarazo ni la lactancia. No recomendado para menores de edad. Suspenda su uso si presenta alguna reacción alérgica a alguno de sus componentes. Consulte con su médico antes de consumir este producto si se encuentra en recuperación de una cirugía o accidente grave, si presenta insuficiencia renal, alteraciones hepáticas o si consume suplementos de calcio. Los suplementos alimenticios no sustituyen una alimentación equilibrada. Presentación Registro Sanitario Modo de uso Precauciones y Contraindicaciones No Producto a Pedido 0 Presentación Registro Sanitario Modo de uso Precauciones y Contraindicaciones Producto a Pedido Stock Security Campos Auxiliares Highlight Stock Security Bell ArtroFlexx es un suplemento alimenticio diseñado para complementar el cuidado de las articulaciones y apoyar la movilidad diaria. Su fórmula está orientada a personas activas, deportistas y adultos mayores que buscan mantener su bienestar articular como parte de un estilo de vida saludable. Su uso regular, acompañado de una alimentación equilibrada y actividad física adecuada, contribuye al cuidado integral del sistema osteoarticular.",vtex_spec_or_regex,false_no_component_match
Farmacia Universal,Nat 100 DB Plus en Polvo Sabor Vainilla - Lata 900 g,Nat 100 DB Plus en Polvo Sabor Vainilla 900 g Precio + Delivery Gratis,I4100724E NALBBS,125.00,PEN,available,https://www.farmaciauniversal.com/nat-100-db-plus-en-polvo-sabor-vainilla-lata-900-g/p,4612,Diphasac AJR,vtex_catalog_search,2026-06-08T00:46:47.987945+00:00,10,"/Vitaminas y Suplementos/Suplementos Nutricionales/Fórmulas Especializadas/ /Vitaminas y Suplementos/Suplementos Nutricionales/ /Vitaminas y Suplementos/ /1/12/29/ /1/12/ /1/ Lata 900 g I4100724E NALBBS Para preparar una porción de 250 mL de Nat 100 DB Plus al 20%, agregar 50 g de polvo (equivalente a 2.5 medidas rasas) en 210 mL de agua fría previamente hervida. Agitar hasta lograr una mezcla completamente homogénea. Consumir de inmediato o refrigerar y consumir dentro de las 24 horas siguientes. Esta preparación aporta aproximadamente 0.97 kcal por mililitro. Si se encuentra bajo prescripción médica y/o supervisión de un nutricionista, siga cuidadosamente las indicaciones brindadas. No utilizar por vía intravenosa. Nat 100 DB Plus está formulado para adultos y niños mayores de 4 años, bajo control médico y con monitoreo mediante exámenes de laboratorio clínico según necesidad. Mantener en un lugar limpio, fresco y seco. Presentación Registro Sanitario Modo de uso Precauciones y Contraindicaciones No Producto a Pedido Presentación Registro Sanitario Modo de uso Precauciones y Contraindicaciones Producto a Pedido Campos Auxiliares Highlight Nat 100 DB Plus es un alimento en polvo de textura homogénea, sin grumos, con consistencia cremosa y color blanco a blanco crema. Posee aroma y sabor característico a vainilla, facilitando su incorporación en planes de alimentación controlados. Su formulación es apta para personas con diabetes.",vtex_spec_or_regex,false_no_component_match
Farmacia Universal,PVM en Polvo Sabor Vainilla - Frasco 460 g,PVM en Polvo Vainilla 460 g Precio + Delivery Gratis,A3500113NNAHRSA,58.06,PEN,available,https://www.farmaciauniversal.com/pvm-en-polvo-sabor-vainilla-lata-460-g/p,11501,PVM,vtex_catalog_search,2026-06-08T00:46:47.988506+00:00,10,"/Vitaminas y Suplementos/Suplementos Nutricionales/Fórmulas para Adultos/ /Vitaminas y Suplementos/Suplementos Nutricionales/ /Vitaminas y Suplementos/ /1/12/28/ /1/12/ /1/ Frasco 460 g A3500113NNAHRSA Seguir cuidadosamente las instrucciones del envase, con una apropiada higiene, preparación, dilución, uso y almacenamiento. Pacientes con intolerancia severa primaria o secundaria a la lactosa pueden presentar síntomas.Hipersensibilidad a cualquiera de sus componentes. Guardar en lugar fresco y seco. Una vez abierta la lata, cubrir adecuadamente el envase y almacenar a temperatura no mayor de 30ºC (NO en el refrigerador). PVM® se deberá consumir dentro de las tres semanas después de haber abierto el envase. Presentación Registro Sanitario Modo de uso Precauciones y Contraindicaciones No Producto a Pedido Vainilla Frasco 460 g Sabor Presentaciones 1 Presentación Registro Sanitario Modo de uso Precauciones y Contraindicaciones Producto a Pedido Sabor Presentaciones Stock Security Campos Auxiliares Highlight Filtros Stock Security PVM® es un complemento nutricional que aporta vitalidad necesaria para las actividades diarias y antioxidantes que ayudan a mantenerse joven. Brinda mayor cantidad de proteínas, calcio, vitaminas A, B, C y D para complementar los requerimientos nutricionales que nuestro organismo requiere.",vtex_spec_or_regex,false_no_component_match
Farmacia Universal,Mason Citrato de Magnesio 250 mg Cápsulas Blandas - Frasco 60 und,Mason Citrato de Magnesio 250 mg Cápsulas Blandas 60 und Precio + Delivery Gratis,DE5441,89.90,PEN,available,https://www.farmaciauniversal.com/mason-citrato-de-magnesio-250-mg-capsulas-blandas-frasco-60-und/p,31265,Mason Natural,vtex_catalog_search,2026-06-08T00:46:47.989010+00:00,100,"/Vitaminas y Suplementos/Minerales y Otros/Magnesio/ /Vitaminas y Suplementos/Minerales y Otros/ /Vitaminas y Suplementos/ /1/10/15/ /1/10/ /1/ Frasco 60 und Magnesio 250 mg DE5441 Tomar 2 cápsulas blandas al día, preferiblemente con alimentos. No exceder la dosis diaria indicada. Este producto no debe utilizarse como sustituto de una dieta equilibrada. Si está embarazada, en periodo de lactancia, tomando alguna medicación o tiene alguna condición médica, consulte a su médico antes de tomar este producto. Presentación Principio Activo Registro Sanitario Modo de uso Precauciones y Contraindicaciones No Producto a Pedido 1 Presentación Principio Activo Registro Sanitario Modo de uso Precauciones y Contraindicaciones Producto a Pedido Stock Security Campos Auxiliares Highlight Stock Security Mason Citrato de Magnesio 250 mg es suplemento aporta magnesio en forma de citrato, una de las presentaciones mejor absorbidas por el organismo. El magnesio es un mineral esencial que interviene en numerosos procesos fisiológicos, como la contracción y relajación muscular y la producción de energía. También contribuye al mantenimiento de huesos y dientes en condiciones normales y puede ser de apoyo en personas con alta demanda física o en quienes presentan deficiencia de este mineral.",vtex_spec_or_regex,false_no_component_match
Farmacia Universal,Pack x 20 Glucerna Bebible Sabor Vainilla 220 ml c/u,Pack x 20 Glucerna Bebible Sabor Vainilla 220 ml c/u Precio + Delivery Gratis,P2738825ENAABLB,258.00,PEN,available,https://www.farmaciauniversal.com/pack-x-20-glucerna-bebible-sabor-vainilla-220-ml-c-u/p,99302,Glucerna,vtex_catalog_search,2026-06-08T00:46:47.989575+00:00,10,"/Vitaminas y Suplementos/Suplementos Nutricionales/Fórmulas para Diabéticos/ /Vitaminas y Suplementos/Suplementos Nutricionales/ /Vitaminas y Suplementos/ /1/12/30/ /1/12/ /1/ Pack Promocional P2738825ENAABLB Consumir por vía oral según recomendación médica o nutricional. Puede utilizarse como complemento alimenticio dentro de una dieta balanceada. No sustituye una alimentación equilibrada. Usar bajo recomendación de un profesional de la salud, especialmente en personas con condiciones médicas específicas. Mantener fuera del alcance de los niños. Presentación Registro Sanitario Modo de uso Precauciones y Contraindicaciones No Producto a Pedido Presentación Registro Sanitario Modo de uso Precauciones y Contraindicaciones Producto a Pedido Campos Auxiliares Highlight Glucerna Bebible sabor vainilla es una fórmula nutricional líquida diseñada para complementar la alimentación de personas que requieren un control específico de su ingesta nutricional, especialmente de carbohidratos, como parte de un plan alimentario supervisado. Su presentación lista para beber facilita su consumo en diferentes momentos del día.",vtex_spec_or_regex,false_no_component_match
Farmacia Universal,Probiowellness Femme Solución Oral - Frasco 210 ml,Probiowellness Femme Solución Oral 210 ml Precio + Delivery Gratis,P2735925NNALBMD,80.00,PEN,available,https://www.farmaciauniversal.com/probiowellness-femme-solucion-oral-frasco-210-ml/p,32657,Lmb H. Colichon,vtex_catalog_search,2026-06-08T00:46:47.989879+00:00,100,"/Vitaminas y Suplementos/Multivitamínicos/Adultos/ /Vitaminas y Suplementos/Multivitamínicos/ /Vitaminas y Suplementos/ /1/344/350/ /1/344/ /1/ Frasco 210 ml P2735925NNALBMD Adultos: consumir 10 ml, dos veces al día durante 10 días. Niñas: consumir 10 ml una vez al día durante 10 días. Tomar una hora antes o después de los alimentos. Puede consumirse directamente o mezclado con bebidas no calientes y debe ingerirse inmediatamente después de la preparación. Los suplementos alimenticios no sustituyen una alimentación equilibrada. Conservar en un lugar fresco y seco. No exceder la dosis recomendada. Consultar con un profesional de salud en caso de embarazo, lactancia o tratamiento médico. Mantener fuera del alcance de los niños. Presentación Registro Sanitario Modo de uso Precauciones y Contraindicaciones No Producto a Pedido 0 Presentación Registro Sanitario Modo de uso Precauciones y Contraindicaciones Producto a Pedido Stock Security Campos Auxiliares Highlight Stock Security Probiowellness Femme Solución Oral es un suplemento alimenticio formulado con probióticos vivos y activos, incluyendo Lactobacillus acidophilus, Lactobacillus reuteri, Lactobacillus plantarum, Lactobacillus rhamnosus y Lactobacillus crispatus. Su composición incorpora además riboflavina, inulina, quinua procesada, harina de alverja, algarrobo y arándanos rojos, ingredientes orientados al bienestar íntimo femenino y equilibrio de la flora vaginal. Su fórmula contribuye al mantenimiento del pH vaginal dentro de hábitos saludables y cuidado integral femenino.",vtex_spec_or_regex,false_no_component_match
Farmacia Universal,Pack x 30 Glucerna Bebible Sabor Vainilla 220 ml c/u,Pack x 30 Glucerna Bebible Sabor Vainilla 220 ml c/u Precio + Delivery Gratis,P2738825ENAABLB,348.30,PEN,available,https://www.farmaciauniversal.com/pack-x-30-glucerna-bebible-sabor-vainilla-220-ml-c-u/p,99308,Glucerna,vtex_catalog_search,2026-06-08T00:46:47.990130+00:00,1,"/Vitaminas y Suplementos/Suplementos Nutricionales/Fórmulas para Diabéticos/ /Vitaminas y Suplementos/Suplementos Nutricionales/ /Vitaminas y Suplementos/ /1/12/30/ /1/12/ /1/ Pack Promocional P2738825ENAABLB Consumir por vía oral según recomendación médica o nutricional. Puede utilizarse como complemento alimenticio dentro de una dieta balanceada. No sustituye una alimentación equilibrada. Usar bajo recomendación de un profesional de la salud, especialmente en personas con condiciones médicas específicas. Mantener fuera del alcance de los niños. Presentación Registro Sanitario Modo de uso Precauciones y Contraindicaciones No Producto a Pedido Presentación Registro Sanitario Modo de uso Precauciones y Contraindicaciones Producto a Pedido Campos Auxiliares Highlight Glucerna Bebible sabor vainilla es una fórmula nutricional líquida diseñada para complementar la alimentación de personas que requieren un control específico de su ingesta nutricional, especialmente de carbohidratos, como parte de un plan alimentario supervisado. Su presentación lista para beber facilita su consumo en diferentes momentos del día.",vtex_spec_or_regex,false_no_component_match
Farmacia Universal,Glucerna Bebible Sabor Vainilla - Frasco 220 ml,Glucerna Bebible Sabor Vainilla 220 ml Precio + Delivery Gratis,P2738825ENAABLB,12.90,PEN,available,https://www.farmaciauniversal.com/glucerna-bebible-sabor-vainilla-frasco-220-ml/p,32035,Glucerna,vtex_catalog_search,2026-06-08T00:46:47.991027+00:00,100,"/Vitaminas y Suplementos/Suplementos Nutricionales/Fórmulas para Diabéticos/ /Vitaminas y Suplementos/Suplementos Nutricionales/ /Vitaminas y Suplementos/ /1/12/30/ /1/12/ /1/ Frasco 220 ml P2738825ENAABLB Consumir por vía oral según recomendación médica o nutricional. Puede utilizarse como complemento alimenticio dentro de una dieta balanceada. No sustituye una alimentación equilibrada. Usar bajo recomendación de un profesional de la salud, especialmente en personas con condiciones médicas específicas. Mantener fuera del alcance de los niños. Presentación Registro Sanitario Modo de uso Precauciones y Contraindicaciones No Producto a Pedido 1 Presentación Registro Sanitario Modo de uso Precauciones y Contraindicaciones Producto a Pedido Stock Security Campos Auxiliares Highlight Stock Security Glucerna Bebible sabor vainilla es una fórmula nutricional líquida diseñada para complementar la alimentación de personas que requieren un control específico de su ingesta nutricional, especialmente de carbohidratos, como parte de un plan alimentario supervisado. Su presentación lista para beber facilita su consumo en diferentes momentos del día.",vtex_spec_or_regex,false_no_component_match
Farmacia Universal,Longenatur 100 mg Cápsulas Blandas - Caja 30 und,Longenatur 100 mg Cápsulas Blandas 30 und Precio + Delivery Gratis,PNE1894,42.55,PEN,available,https://www.farmaciauniversal.com/longenatur-100-mg-capsulas-blandas-caja-30-und/p,17554,Sherfarma,vtex_catalog_search,2026-06-08T00:46:48.718763+00:00,10,"/Vitaminas y Suplementos/Multivitamínicos/Adultos/ /Vitaminas y Suplementos/Multivitamínicos/ /Vitaminas y Suplementos/ /1/344/350/ /1/344/ /1/ Caja 30 und Resveratrol 100 mg PNE1894 Tomar de 1 a 3 cápsulas al día con un vaso de agua, preferiblemente con alimentos, según recomendación profesional. No exceder dosis recomendada. No usar durante el embarazo o lactancia. Personas con antecedentes de cáncer sensible a estrógenos o úlcera gástrica, deben consultar a un profesional antes de su uso. Presentación Principio Activo Registro Sanitario Modo de uso Precauciones y Contraindicaciones No Producto a Pedido 1 Presentación Principio Activo Registro Sanitario Modo de uso Precauciones y Contraindicaciones Producto a Pedido Stock Security Campos Auxiliares Highlight Stock Security Suplemento a base de resveratrol (100 mg), un compuesto natural extraído de plantas como la vid roja, reconocido por su acción antioxidante. Formulado en cápsulas blandas de fácil absorción, es ideal como complemento diario para apoyar el bienestar general y combatir el estrés oxidativo.",vtex_spec_or_regex,false_no_component_match
Farmacia Universal,Metamucil 3.6 g/5.8 g Sabor Naranja - Pote 174 g,Metamucil 3.6 g/5.8 g Sabor Naranja 174 g Precio + Delivery Gratis,PNE1377,57.90,PEN,available,https://www.farmaciauniversal.com/metamucil-36-g-58-g-sabor-naranja-pote-174-g/p,30062,Metamucil,vtex_catalog_search,2026-06-08T00:46:48.719286+00:00,10,"/Vitaminas y Suplementos/Multivitamínicos/Digestivos/ /Vitaminas y Suplementos/Multivitamínicos/ /Vitaminas y Suplementos/ /1/344/352/ /1/344/ /1/ Pote 174 g Muciloide de Psyllium 3.26 g/5.8 g PNE1377 Disolver el contenido en un vaso de agua (mínimo 240 ml), remover bien y beber de inmediato. Tomar 1 a 3 veces al día, según indicación médica o nutricional. Consumir con suficiente líquido para evitar obstrucción intestinal. No usar en personas con dificultades para tragar o problemas intestinales graves sin supervisión médica. Mantener fuera del alcance de los niños. Presentación Principio Activo Registro Sanitario Modo de uso Precauciones y Contraindicaciones No Producto a Pedido 1 Presentación Principio Activo Registro Sanitario Modo de uso Precauciones y Contraindicaciones Producto a Pedido Stock Security Campos Auxiliares Highlight Stock Security Metamucil es un suplemento de fibra con muciloide de psyllium, ideal para quienes desean mejorar su tránsito intestinal. Su presentación en polvo con sabor naranja permite una preparación sencilla y agradable. Ayuda a mantener la regularidad digestiva y puede ser útil como parte de una dieta equilibrada para controlar el colesterol o la glucosa en sangre.",vtex_spec_or_regex,false_no_component_match
Farmacia Universal,Cefasabal Polvo Sabor Vainilla - Lata 400 g,Cefasabal Polvo Sabor Vainilla 400 g Precio + Delivery Gratis,P2968515NNAHRSA,94.10,PEN,available,https://www.farmaciauniversal.com/cefasabal-polvo-sabor-vainilla-lata-400-g/p,7321,Hersil,vtex_catalog_search,2026-06-08T00:46:48.719584+00:00,1,"/Vitaminas y Suplementos/Multivitamínicos/Urológicos/ /Vitaminas y Suplementos/Multivitamínicos/ /Vitaminas y Suplementos/ /1/344/353/ /1/344/ /1/ Lata 400 g P2968515NNAHRSA Mezclar 2 cucharadas dosificadoras (20 gr.), repartidas en una o dos tomas diarias disueltas en un vaso de agua, leche o jugo. No se han identificado contraindicaciones específicas para Cefasabal Polvo. Sin embargo, se recomienda precaución y consulta con un profesional de la salud antes de su uso en situaciones como embarazo, lactancia o en presencia de condiciones médicas particulares. Se aconseja tener precaución al administrar Cefasabal Polvo a personas con alergias conocidas a alguno de sus componentes. Es fundamental seguir las indicaciones de dosificación proporcionadas y consultar a un médico si se experimentan efectos adversos. La duración del uso continuo debe ser evaluada por un profesional de la salud para garantizar su seguridad y eficacia. Presentación Registro Sanitario Modo de uso Precauciones y Contraindicaciones No Producto a Pedido 0 Presentación Registro Sanitario Modo de uso Precauciones y Contraindicaciones Producto a Pedido Stock Security Campos Auxiliares Highlight Stock Security Cefasabal Polvo se presenta como un suplemento destinado a fortalecer la salud de las vías urinarias. Formulado para proporcionar nutrientes esenciales que contribuyen al bienestar y equilibrio del sistema urinario Promueve la salud general del tracto urinario.",vtex_spec_or_regex,false_no_component_match
Farmacia Universal,Eliton Cip Ap 2.5 mg + 6.25 mg + 312.5 mg /5 ml Solución Oral - Frasco 230 ml,Eliton Cip Ap 2.5 mg + 6.25 mg + 312.5 mg /5 ml Solución Oral 230 ml,EN00780,32.35,PEN,available,https://www.farmaciauniversal.com/eliton-cip-ap-25-mg-625-mg-3125-mg-5-ml-solucion-oral-frasco-230-ml/p,30131,Elifarma,vtex_catalog_search,2026-06-08T00:46:48.719781+00:00,10,"/Medicinas/Malestar Gastrointestinal/ /Medicinas/ /2/39/ /2/ Frasco 230 ml Ciproheptadina 2.5 mg, Lisina 6.5 mg, Carnitina 312.5 mg EN00780 Presentación Principio Activo Registro Sanitario No Si No Producto a Pedido Requiere receta médica Requiere refrigeración 1 Presentación Principio Activo Registro Sanitario Producto a Pedido Requiere receta médica Requiere refrigeración Stock Security Campos Auxiliares Highlight Stock Security",vtex_spec_or_regex,false_no_component_match
Farmacia Universal,Eliton Fe 100 mg/5 ml Solución Oral - Caja 5 und,Eliton Fe 100 mg/5 ml Solución Oral 5 und,EN09172,42.50,PEN,available,https://www.farmaciauniversal.com/eliton-fe-100-mg-5-ml-solucion-oral-caja-5-und/p,30243,Elifarma,vtex_catalog_search,2026-06-08T00:46:48.722132+00:00,10,/Medicinas/Cuidado Sanguíneo/Antianémicos/ /Medicinas/Cuidado Sanguíneo/ /Medicinas/ /2/401/402/ /2/401/ /2/ Caja 5 und Hierro 100 mg/5 ml EN09172 Presentación Principio Activo Registro Sanitario No Si No Producto a Pedido Requiere receta médica Requiere refrigeración 0 Presentación Principio Activo Registro Sanitario Producto a Pedido Requiere receta médica Requiere refrigeración Stock Security Campos Auxiliares Highlight Stock Security,vtex_spec_or_regex,false_no_component_match
Farmacia Universal,VidaMax HMB en Polvo Sabor Vainilla - Lata 900 g,VidaMax HMB en Polvo Vainilla 900 g Precio + Delivery Gratis,E8200916NNAHRSA,97.70,PEN,available,https://www.farmaciauniversal.com/vidamax-hmb-en-polvo-sabor-vainilla-lata-900-g/p,19126,Vidamax,vtex_catalog_search,2026-06-08T00:46:48.724407+00:00,10,"/Vitaminas y Suplementos/Suplementos Nutricionales/Fórmulas para Adultos/ /Vitaminas y Suplementos/Suplementos Nutricionales/ /Vitaminas y Suplementos/ /1/12/28/ /1/12/ /1/ Lata 900 g E8200916NNAHRSA Disolver en agua fría en un vaso, agregar gradualmente las medidas necesaria del polvo, agitar bien y tomar inmediatamente. No exceder la dosis diaria recomendada. Este producto no debe utilizarse como sustituto de una dieta equilibrada. Presentación Registro Sanitario Modo de uso Precauciones y Contraindicaciones No Producto a Pedido Vainilla Lata 900 g Sabor Presentaciones 1 Presentación Registro Sanitario Modo de uso Precauciones y Contraindicaciones Producto a Pedido Sabor Presentaciones Stock Security Campos Auxiliares Highlight Filtros Stock Security Suplemento alimenticio completo y equilibrado, diseñado para complementar la alimentación de adultos mayores con malnutrición, pérdida de masa y fuerza muscular.",vtex_spec_or_regex,false_no_component_match
Farmacia Universal,Neolife Polvo para Suspensión Oral Sobres - Caja 30 und,Neolife Polvo para Suspensión Oral Sobres 30 und Precio + Delivery Gratis,DN0591,88.20,PEN,available,https://www.farmaciauniversal.com/neolife-polvo-para-suspension-oral-sobres-caja-30-und/p,23250,Abbott Pharma,vtex_catalog_search,2026-06-08T00:46:48.724626+00:00,10,"/Vitaminas y Suplementos/Multivitamínicos/Adultos/ /Vitaminas y Suplementos/Multivitamínicos/ /Vitaminas y Suplementos/ /1/344/350/ /1/344/ /1/ Caja 30 und DN0591 No superar la dosis expresamente recomendada. No debe de utilizarse como sustituto de una dieta equilibrada. En casos de embarazo y lactancia, consultar a su médico antes de utilizar el producto. Presentación Registro Sanitario Precauciones y Contraindicaciones No Producto a Pedido 1 Presentación Registro Sanitario Precauciones y Contraindicaciones Producto a Pedido Stock Security Campos Auxiliares Highlight Stock Security Suplemento dietético con Inositol y Ácido Fólico.",vtex_spec_or_regex,false_no_component_match
Farmacia Universal,Litiasin K 1080 mg Tabletas de Liberación Prolongada - Caja 20 und,Litiasin K 1080 mg Tabletas de Liberación Prolongada 20 und,EN08465,33.20,PEN,available,https://www.farmaciauniversal.com/litiasin-k-1080-mg-tabletas-de-liberacion-prolongada-caja-20-und/p,26804,Medifarma,vtex_catalog_search,2026-06-08T00:46:48.724803+00:00,10,/Vitaminas y Suplementos/Minerales y Otros/Potasio/ /Vitaminas y Suplementos/Minerales y Otros/ /Vitaminas y Suplementos/ /1/10/322/ /1/10/ /1/ Caja 20 und Citrato de Potasio 1080 mg EN08465 Presentación Principio Activo Registro Sanitario No Producto a Pedido 1 Presentación Principio Activo Registro Sanitario Producto a Pedido Stock Security Campos Auxiliares Highlight Stock Security De venta con receta médica. Evite automedicarse. Usar según indicaciones de su médico tratante.,vtex_spec_or_regex,false_no_component_match
Farmacia Universal,Smart Blends Spirulina Oro Verde Mezcla Instantánea - Bolsa 100 mg,Smart Blends Spirulina Oro Verde Mezcla Instantánea 100 mg Precio + Delivery Gratis,E4614522NNKLDOG,53.24,PEN,available,https://www.farmaciauniversal.com/smart-blends-spirulina-oro-verde-mezcla-instantanea-bolsa-100-mg/p,27942,Smart Blends,vtex_catalog_search,2026-06-08T00:46:48.725386+00:00,10,"/Vitaminas y Suplementos/Suplementos Nutricionales/Fórmulas para Adultos/ /Vitaminas y Suplementos/Suplementos Nutricionales/ /Vitaminas y Suplementos/ /1/12/28/ /1/12/ /1/ Bolsa 100 mg E4614522NNKLDOG Agregar una dosis (según indicación) a líquidos fríos o templados. Tomar una vez al día, ideal en desayuno o merienda. Revolver hasta disolver. No consumir en exceso. Suspender ante síntomas gastrointestinales o reacciones alérgicas. Personas con condiciones autoinmunes, fenilcetonuria, o tratamientos inmunosupresores deben consultar a médico. No calentar los líquidos para mantener propiedades. Este producto no es medicina y no pretende tratar o curar enfermedad alguna. Es un suplemento natural y lo recomendable es consultar con un medico antes de incorporar un suplemento a su diaria. Presentación Registro Sanitario Modo de uso Precauciones y Contraindicaciones No Producto a Pedido 1 Presentación Registro Sanitario Modo de uso Precauciones y Contraindicaciones Producto a Pedido Stock Security Campos Auxiliares Highlight Stock Security Polvo instantáneo a base de spirulina (100 mg por porción), alga rica en proteínas vegetales, pigmentos y micronutrientes. Diseñado para incorporarse fácilmente a batidos, jugos o agua para complementar la alimentación.",vtex_spec_or_regex,false_no_component_match
Farmacia Universal,Schuler Maca Fresca 500 mg Cápsulas - Caja 130 und,Schuler Maca Fresca 500 mg Cápsulas 130 und Precio + Delivery Gratis,PNN0441,44.20,PEN,available,https://www.farmaciauniversal.com/schuler-maca-fresca-500-mg-capsulas-caja-130-und/p,5023,Schuler,vtex_catalog_search,2026-06-08T00:46:48.726165+00:00,10,"/Vitaminas y Suplementos/Multivitamínicos/Adultos/ /Vitaminas y Suplementos/Multivitamínicos/ /Vitaminas y Suplementos/ /1/344/350/ /1/344/ /1/ Caja 130 und PNN0441 3 a 6 cápsulas diarias. Usar en forma continua por un periodo mínimo de 3 meses. No se recomienda en periodos de gestación y postoperatorio. Ver Contraindicaciones. Almacénese a temperatura no mayor de 30°C. Presentación Registro Sanitario Modo de uso Precauciones y Contraindicaciones No Producto a Pedido 1 Presentación Registro Sanitario Modo de uso Precauciones y Contraindicaciones Producto a Pedido Stock Security Campos Auxiliares Highlight Stock Security Excelente nutriente y reconstituyente físico e intelectual. Se recomienda en casos de desnutrición, estrés y anemia.",vtex_spec_or_regex,false_no_component_match
Farmacia Universal,Núcleo CMP Forte Cápsulas - Caja 20 und,Núcleo CMP Forte Cápsulas 20 und Precio + Delivery Gratis,DN0674,75.00,PEN,available,https://www.farmaciauniversal.com/nucleo-cmp-forte-capsulas-caja-20-und-nuevo/p,30326,Grupo Ferrer,vtex_catalog_search,2026-06-08T00:46:48.726434+00:00,100,"/Vitaminas y Suplementos/Multivitamínicos/Osteoarticulares/ /Vitaminas y Suplementos/Multivitamínicos/ /Vitaminas y Suplementos/ /1/344/354/ /1/344/ /1/ Caja 20 und DN0674 La administración recomendada para adultos es de 1 a 2 cápsulas, dos veces al día, por vía oral. Es fundamental seguir las instrucciones proporcionadas por un profesional de la salud y no exceder la dosis prescrita. No debe utilizarse en personas con hipersensibilidad a alguno de los componentes de la fórmula. En mujeres embarazadas o en periodo de lactancia, su uso debe ser evaluado y supervisado por un profesional de la salud. Aunque es generalmente bien tolerado, en personas sensibles podrían presentarse reacciones adversas leves como náuseas, malestar digestivo o urticaria. Ante cualquier síntoma inesperado, se debe suspender su uso y buscar orientación médica. Presentación Registro Sanitario Modo de uso Precauciones y Contraindicaciones No Producto a Pedido 1 Presentación Registro Sanitario Modo de uso Precauciones y Contraindicaciones Producto a Pedido Stock Security Campos Auxiliares Highlight Stock Security Núcleo CMP Forte es un suplemento pensado para ayudar al sistema nervioso, especialmente cuando hay molestias como hormigueo, debilidad o dolor en brazos y piernas. Su fórmula contiene nucleótidos, componentes que apoyan la reparación de los nervios y pueden ser útiles en casos de compresión, inflamación, lesiones o problemas metabólicos.",vtex_spec_or_regex,false_no_component_match
Farmacia Universal,Maltofer 50 mg /ml Solución Oral para Gotas - Frasco 30 ml,Maltofer 50 mg /ml Solución Oral para Gotas 30 ml,EE11866,65.80,PEN,available,https://www.farmaciauniversal.com/maltofer-50-mg-ml-solucion-oral-para-gotas-frasco-30-ml/p,29469,Farmakonsuma,vtex_catalog_search,2026-06-08T00:46:48.726648+00:00,10,/Medicinas/Cuidado Sanguíneo/Antianémicos/ /Medicinas/Cuidado Sanguíneo/ /Medicinas/ /2/401/402/ /2/401/ /2/ Frasco 30 ml Complejo de hidróxido de Hierro III polimaltosado 50 mg /ml EE11866 Presentación Principio Activo Registro Sanitario No Si No Producto a Pedido Requiere receta médica Requiere refrigeración 1 Presentación Principio Activo Registro Sanitario Producto a Pedido Requiere receta médica Requiere refrigeración Stock Security Campos Auxiliares Highlight Stock Security De venta con receta médica. Evite automedicarse. Usar según indicaciones de su médico tratante.,vtex_spec_or_regex,false_no_component_match
Farmacia Universal,Mujer Aguaje Natural Cápsulas - Frasco 100 und,Mujer Aguaje Natural Cápsulas 100 und Precio + Delivery Gratis,N7403519NNABOPR,39.00,PEN,available,https://www.farmaciauniversal.com/mujer-aguaje-natural-capsulas-frasco-100-und/p,26406,Olemart,vtex_catalog_search,2026-06-08T00:46:48.727389+00:00,10,"/Vitaminas y Suplementos/Multivitamínicos/Menopausia/ /Vitaminas y Suplementos/Multivitamínicos/ /Vitaminas y Suplementos/ /1/344/358/ /1/344/ /1/ Frasco 100 und N7403519NNABOPR Tomar 2 a 3 capsulas al día No exceder el uso recomendado. En caso de algún inconveniente en su uso, consultar al médico. Presentación Registro Sanitario Modo de uso Precauciones y Contraindicaciones No Producto a Pedido 1 Presentación Registro Sanitario Modo de uso Precauciones y Contraindicaciones Producto a Pedido Stock Security Campos Auxiliares Highlight Stock Security Fruto exótico de la selva peruana rica en vitaminas y minerales que se utiliza para mejorar el sistema femenino.",vtex_spec_or_regex,false_no_component_match
Farmacia Universal,"Mujer Colágeno, Aguaje & Biotina Cápsulas - Frasco 100 und","Mujer Colágeno, Aguaje & Biotina Cápsulas 100 und Precio + Delivery Gratis",N8308519NNABOPR,45.30,PEN,available,https://www.farmaciauniversal.com/mujer-colageno-aguaje-y-biotina-capsulas-frasco-100-und/p,26409,Olemart,vtex_catalog_search,2026-06-08T00:46:48.728234+00:00,1,"/Vitaminas y Suplementos/Multivitamínicos/Menopausia/ /Vitaminas y Suplementos/Multivitamínicos/ /Vitaminas y Suplementos/ /1/344/358/ /1/344/ /1/ Frasco 100 und N8308519NNABOPR Se recomienda consumir 3 capsulas al día, antes o con los alimentos. No exceder el uso recomendado. En caso de algún inconveniente en su uso, consultar al médico. Presentación Registro Sanitario Modo de uso Precauciones y Contraindicaciones No Producto a Pedido 0 Presentación Registro Sanitario Modo de uso Precauciones y Contraindicaciones Producto a Pedido Stock Security Campos Auxiliares Highlight Stock Security Suplemento alimentación preparado a partir de huesos y cartílagos bovinos, estimula la producción de colágeno en el organismo, potenciado con aguaje y biotina.",vtex_spec_or_regex,false_no_component_match
Farmacia Universal,Circadin 2 mg Tabletas con Liberación Prolongada - Caja 30 und,Circadin 2 mg Tabletas con Liberación Prolongada 30 und,EE01796,193.20,PEN,available,https://www.farmaciauniversal.com/circadin-2-mg-tabletas-con-liberacion-prolongada-caja-30-und/p,16767,Neurim Pharmaceuticals,vtex_catalog_search,2026-06-08T00:46:48.728725+00:00,10,/Medicinas/Sistema Nervioso/Psicolépticos/ /Medicinas/Sistema Nervioso/ /Medicinas/ /2/416/421/ /2/416/ /2/ Caja 30 und Melatonina 2 mg EE01796 Presentación Principio Activo Registro Sanitario No Si No Producto a Pedido Requiere receta médica Requiere refrigeración 1 Presentación Principio Activo Registro Sanitario Producto a Pedido Requiere receta médica Requiere refrigeración Stock Security Campos Auxiliares Highlight Stock Security De venta con receta médica. Evite automedicarse. Usar según indicaciones de su médico tratante.,vtex_spec_or_regex,false_no_component_match
Farmacia Universal,Artrimida MSM Polvo para Solución Oral Sabor Naranja Sobres - Caja 30 und,Artrimida MSM Polvo para Solución Oral Sabor Naranja Sobres 30 und Precio + Delivery Gratis,DN0372,95.10,PEN,available,https://www.farmaciauniversal.com/artrimida-msm-polvo-para-solucion-oral-sabor-naranja-sobres-caja-30-und/p,4833,Intipharma,vtex_catalog_search,2026-06-08T00:46:48.729376+00:00,100,"/Vitaminas y Suplementos/Multivitamínicos/Osteoarticulares/ /Vitaminas y Suplementos/Multivitamínicos/ /Vitaminas y Suplementos/ /1/344/354/ /1/344/ /1/ Caja 30 und Glucosamina 1.88 g, Condroitina 1.2 g, Metilsulfonilmetano 1 g DN0372 Se recomienda consumir un sobre al día junto con las comidas, durante 8 semanas. Posteriormente, descansar 8 semanas antes de reiniciar el tratamiento. Puede utilizarse hasta por un máximo de 3 ciclos para obtener los mejores resultados. Utilizar con precaución en personas con antecedentes de alergias a productos marinos, insuficiencia renal o hepática grave. En pacientes asmáticos, la condición podría agravarse. Se recomienda administrar bajo estricta supervisión médica en caso del embarazo y la lactancia. Presentación Principio Activo Registro Sanitario Modo de uso Precauciones y Contraindicaciones No Producto a Pedido Naranja Sabor 0 Presentación Principio Activo Registro Sanitario Modo de uso Precauciones y Contraindicaciones Producto a Pedido Sabor Stock Security Campos Auxiliares Highlight Filtros Stock Security Artrimida MSM es un complemento que apoya el bienestar articular. Su combinación de glucosamina, condroitina y metilsulfonilmetano (MSM) está pensada para contribuir al cuidado de las articulaciones y a ayudar a mantener la flexibilidad y movilidad.",vtex_spec_or_regex,false_no_component_match
Farmacia Universal,PVM Junior en Polvo Sabor Vainilla - Frasco 360 g,PVM Junior en Polvo Sabor Vainilla 360 g Precio + Delivery Gratis,A3500213NNAHRSA,44.11,PEN,available,https://www.farmaciauniversal.com/pvm-junior-sabor-vainilla-lata-360-g/p,11521,PVM,vtex_catalog_search,2026-06-08T00:46:48.729626+00:00,1,"/Cuidado Infantil/Nutrición Infantil/Fórmulas Infantiles/ /Cuidado Infantil/Nutrición Infantil/ /Cuidado Infantil/ /5/151/167/ /5/151/ /5/ Frasco 360 g A3500213NNAHRSA Seguir cuidadosamente las instrucciones del envase, con una apropiada higiene, preparación, dilución, uso y almacenamiento. Pacientes con intolerancia severa primaria o secundaria a la lactosa pueden presentar síntomas. En pacientes diabéticos, tener en cuenta el nivel de carbohidratos del producto. Presentación Registro Sanitario Modo de uso Precauciones y Contraindicaciones No Producto a Pedido Vainilla Frasco 360 g Sabor Presentaciones 1 Presentación Registro Sanitario Modo de uso Precauciones y Contraindicaciones Producto a Pedido Sabor Presentaciones Stock Security Campos Auxiliares Highlight Filtros Stock Security PVM Junior brinda a los niños mayor cantidad de proteínas, calcio, hierro y magnesio necesarios para complementar los requerimientos propios de esta etapa de crecimiento.",vtex_spec_or_regex,false_no_component_match
Farmacia Universal,Serecur 320 mg Cápsulas Blandas - Caja 30 und,Serecur 320 mg Cápsulas Blandas 30 und Precio + Delivery Gratis,PNE1419,144.90,PEN,available,https://www.farmaciauniversal.com/serecur-320-mg-capsulas-blandas-caja-30-und/p,31536,Lafage,vtex_catalog_search,2026-06-08T00:46:48.730449+00:00,10,"/Vitaminas y Suplementos/Multivitamínicos/Urológicos/ /Vitaminas y Suplementos/Multivitamínicos/ /Vitaminas y Suplementos/ /1/344/353/ /1/344/ /1/ Caja 30 und Extracto de Serenoa Repens 320 mg PNE1419 Se recomienda ingerir una cápsula al día, preferiblemente junto con los alimentos y con un vaso de agua. Ingerir todos los días de preferencia a la misma hora. Producto dirigido exclusivamente a hombres adultos. No se recomienda en mujeres embarazadas, en lactancia ni en menores. Las molestias urinarias persistentes requieren evaluación médica, ya que podrían asociarse a otras condiciones. Puede causar malestar estomacal si se ingiere en ayunas. Presentación Principio Activo Registro Sanitario Modo de uso Precauciones y Contraindicaciones No Producto a Pedido 1 Presentación Principio Activo Registro Sanitario Modo de uso Precauciones y Contraindicaciones Producto a Pedido Stock Security Campos Auxiliares Highlight Stock Security Serecur 320 mg es un producto en cápsulas blandas elaborado con extracto lipídico de Serenoa repens, una planta usada tradicionalmente para el cuidado del bienestar urinario masculino. Esta presentación de 320 mg por cápsula está pensada para hombres que desean acompañar de manera natural la salud de su próstata y su ritmo urinario diario. Su formato en cápsula blanda facilita la toma y puede integrarse fácilmente a la rutina de bienestar.",vtex_spec_or_regex,false_no_component_match
Farmacia Universal,Nutranex SDRA Sabor Vainilla - Lata 440 g,Nutranex SDRA Sabor Vainilla 440 g Precio + Delivery Gratis,P2976720NNANSLB,98.90,PEN,available,https://www.farmaciauniversal.com/nutranex-sdra-sabor-vainilla-lata-440-g/p,28786,Orbis International,vtex_catalog_search,2026-06-08T00:46:49.272123+00:00,10,"/Vitaminas y Suplementos/Suplementos Nutricionales/Fórmulas Especializadas/ /Vitaminas y Suplementos/Suplementos Nutricionales/ /Vitaminas y Suplementos/ /1/12/29/ /1/12/ /1/ Lata 440 g P2976720NNANSLB Para una porción de 230 ml, agregue 62 gr de polvo (7 cucharadas medidoras) en 180 ml de agua fria o tibia. Sugerimos licuar el producto o en todo caso agitése enérgicamente. No suministrar si padece de hipersensibilidad a cualquiera de sus componentes. Se sugiere consultar con su profesional de la salud. Presentación Registro Sanitario Modo de uso Precauciones y Contraindicaciones No Producto a Pedido Vainilla Sabor 1 Presentación Registro Sanitario Modo de uso Precauciones y Contraindicaciones Producto a Pedido Sabor Stock Security Campos Auxiliares Highlight Filtros Stock Security Producto nutricional especializado para pacientes con problemas pulmonares, cuenta con aporte de proteínas de alto valor biológico, bajo en carbohidratos, pero alto aporte de grasas saludables, libre de soya, lactosa y gluten. Libre de sacarosa. Contiene antioxidantes.",vtex_spec_or_regex,false_no_component_match
Farmacia Universal,Tinku Nad + Resveratrol Cápsulas - Frasco 60 und,Tinku Nad + Resveratrol Cápsulas 60 und Precio + Delivery Gratis,N8331524NNANSVC,71.00,PEN,available,https://www.farmaciauniversal.com/tinku-nad-resveratrol-capsulas-frasco-60-und/p,31326,Tinku,vtex_catalog_search,2026-06-08T00:46:49.272398+00:00,100,"/Vitaminas y Suplementos/Multivitamínicos/Adultos/ /Vitaminas y Suplementos/Multivitamínicos/ /Vitaminas y Suplementos/ /1/344/350/ /1/344/ /1/ Frasco 60 und N8331524NNANSVC Consumir 2 cápsulas al día. No exceder la dosis recomendada. No utilizar en embarazo o lactancia. Consultar al médico antes de su consumo si se siguen tratamientos crónicos. Presentación Registro Sanitario Modo de uso Precauciones y Contraindicaciones No Producto a Pedido 1 Presentación Registro Sanitario Modo de uso Precauciones y Contraindicaciones Producto a Pedido Stock Security Campos Auxiliares Highlight Stock Security Suplemento avanzado que combina NAD+ y resveratrol, potentes compuestos antioxidantes que promueven la energía celular, combaten el envejecimiento prematuro y mejoran la vitalidad general. Favorece el metabolismo energético y el funcionamiento mitocondrial, contribuyendo a mantener una apariencia más juvenil.",vtex_spec_or_regex,false_no_component_match
Farmacia Universal,Hierronim 100 mg/5 ml Solución Inyectable - Ampolla 5 ml,Hierronim 100 mg/5 ml Solución Inyectable 5 ml,EE01810,18.00,PEN,available,https://www.farmaciauniversal.com/hierronim-100-mg-5-ml-solucion-inyectable-ampolla-5-ml/p,27033,OQ Pharma,vtex_catalog_search,2026-06-08T00:46:49.273848+00:00,100,/Medicinas/Cuidado Sanguíneo/Antianémicos/ /Medicinas/Cuidado Sanguíneo/ /Medicinas/ /2/401/402/ /2/401/ /2/ Ampolla 5 ml Hierro 100 mg/5 ml EE01810 Presentación Principio Activo Registro Sanitario No Si No Producto a Pedido Requiere receta médica Requiere refrigeración 2 Presentación Principio Activo Registro Sanitario Producto a Pedido Requiere receta médica Requiere refrigeración Stock Security Campos Auxiliares Highlight Stock Security De venta con receta médica. Evite automedicarse. Usar según indicaciones de su médico tratante.,vtex_spec_or_regex,false_no_component_match
Farmacia Universal,Bio Lactol Solución Bebible - Frasco 10 ml,Bio Lactol Solución Bebible 10 ml Precio + Delivery Gratis,P2610315NNALBMD,4.04,PEN,available,https://www.farmaciauniversal.com/bio-lactol-solucion-bebible-frasco-10-ml/p,14475,Lmb H. Colichon,vtex_catalog_search,2026-06-08T00:46:49.274477+00:00,100,"/Vitaminas y Suplementos/Multivitamínicos/Digestivos/ /Vitaminas y Suplementos/Multivitamínicos/ /Vitaminas y Suplementos/ /1/344/352/ /1/344/ /1/ Frasco 10 ml P2610315NNALBMD Se administra por vía oral. La dosis y la frecuencia pueden variar según la edad del paciente y la recomendación del médico. En general, se recomienda tomar la cantidad indicada en el envase o por el profesional de salud, pudiendo ser diluida en agua o tomada directamente. No se debe calentar ni mezclar con líquidos calientes. No debe utilizarse como sustituto de una dieta equilibrada ni del tratamiento médico cuando sea necesario. En pacientes inmunocomprometidos o con enfermedades crónicas, su uso debe ser evaluado por un médico. Almacenar en un lugar fresco y seco. No exceder la dosis recomendada. En caso de presentar reacciones adversas como dolor abdominal, gases persistentes o alergias, suspender el uso y consultar al médico. Presentación Registro Sanitario Modo de uso Precauciones y Contraindicaciones No Producto a Pedido 1 Presentación Registro Sanitario Modo de uso Precauciones y Contraindicaciones Producto a Pedido Stock Security Campos Auxiliares Highlight Stock Security Bio Lactol es una solución oral que contiene cultivos probióticos, formulada como apoyo complementario para favorecer el equilibrio de la microbiota intestinal. Se emplea comúnmente en situaciones en las que esta microbiota puede verse alterada, como después de tratamientos con antibióticos, episodios de diarrea o trastornos digestivos leves. No se trata de un medicamento, sino de un suplemento que puede contribuir a la función digestiva normal, siempre como parte de un enfoque más amplio que incluya una alimentación adecuada.",vtex_spec_or_regex,false_no_component_match
Farmacia Universal,La Naturaleza y tu Salud 12 Semillas Instantáneo - Frasco 560 g,La Naturaleza y tu Salud 12 Semillas Instantáneo 560 g Precio + Delivery Gratis,N8317420NNAPOOG,21.01,PEN,available,https://www.farmaciauniversal.com/la-naturaleza-y-tu-salud-12-semillas-instantaneo-frasco-560-g/p,31466,La Naturaleza y tu Salud,vtex_catalog_search,2026-06-08T00:46:49.274744+00:00,10,"/Vitaminas y Suplementos/Suplementos Nutricionales/Fórmulas para Adultos/ /Vitaminas y Suplementos/Suplementos Nutricionales/ /Vitaminas y Suplementos/ /1/12/28/ /1/12/ /1/ Frasco 560 g N8317420NNAPOOG Consumir una cucharada 3 veces al día, mezclada con jugos, leche, yogurt u otras bebidas. No consumir durante el embarazo. En caso de lactancia, consultar con su médico antes de consumir. Mantener en un lugar fresco y seco. Mantener fuera del alcance de los niños. Presentación Registro Sanitario Modo de uso Precauciones y Contraindicaciones No Producto a Pedido 0 Presentación Registro Sanitario Modo de uso Precauciones y Contraindicaciones Producto a Pedido Stock Security Campos Auxiliares Highlight Stock Security La Naturaleza y tu Salud 12 Semillas Instantáneo es una mezcla de quinua, kiwicha, cañihua, algarrobo, habas, soya, plátano, ajonjolí, linaza, chía, maca y cebada. Esta combinación aporta nutrientes que ayudan a complementar la alimentación diaria, favoreciendo el equilibrio nutricional como parte de un estilo de vida saludable.",vtex_spec_or_regex,false_no_component_match
Farmacia Universal,Gel NB Probiótico - Frasco 100 ml,Gel NB Probiótico 100 ml Precio + Delivery Gratis,P2600524NALBMD,38.00,PEN,available,https://www.farmaciauniversal.com/gel-nb-probiotico-frasco-100-ml/p,31964,Lmb H. Colichon,vtex_catalog_search,2026-06-08T00:46:49.275030+00:00,1,"/Vitaminas y Suplementos/Multivitamínicos/Digestivos/ /Vitaminas y Suplementos/Multivitamínicos/ /Vitaminas y Suplementos/ /1/344/352/ /1/344/ /1/ Frasco 100 ml P2600524NALBMD Adultos: 5 mL, tres veces al día, durante 7 días. Niños: 2.5 mL, tres veces al día, durante 7 días. Se recomienda consumir una hora antes o después de los alimentos. Puede tomarse directamente o mezclarse con una bebida que no esté caliente y consumirse inmediatamente. Conservar en un lugar limpio, fresco y seco. Una vez abierto, se recomienda utilizar todo el contenido según indicación del envase. No exceder la porción recomendada. Si se presentan reacciones no esperadas, se aconseja suspender su consumo y consultar con un profesional de la salud. Presentación Registro Sanitario Modo de uso Precauciones y Contraindicaciones No Producto a Pedido 0 Presentación Registro Sanitario Modo de uso Precauciones y Contraindicaciones Producto a Pedido Stock Security Campos Auxiliares Highlight Stock Security Gel NB Probiótico es un suplemento alimenticio líquido que aporta bacterias probióticas vivas y activas, entre ellas Lactobacillus acidophilus, Lactobacillus bulgaricus, Lactobacillus plantarum, Lactobacillus rhamnosus y Bifidobacterium bifidum. Su fórmula se complementa con inulina, riboflavina y extractos de quinua, alverja y algarrobo, orientada a acompañar el bienestar digestivo como parte de una alimentación equilibrada.",vtex_spec_or_regex,false_no_component_match
Farmacia Universal,Gel NB Probiótico - Frasco 200 ml,Gel NB Probiótico 200 ml Precio + Delivery Gratis,P2600524NALBMD,57.00,PEN,available,https://www.farmaciauniversal.com/gel-nb-probiotico-frasco-200-ml/p,31962,Lmb H. Colichon,vtex_catalog_search,2026-06-08T00:46:49.275302+00:00,10,"/Vitaminas y Suplementos/Multivitamínicos/Digestivos/ /Vitaminas y Suplementos/Multivitamínicos/ /Vitaminas y Suplementos/ /1/344/352/ /1/344/ /1/ Frasco 200 ml P2600524NALBMD Adultos: 5 mL, tres veces al día, durante 7 días. Niños: 2.5 mL, tres veces al día, durante 7 días. Se recomienda consumir una hora antes o después de los alimentos. Puede tomarse directamente o mezclarse con una bebida que no esté caliente y consumirse inmediatamente. Conservar en un lugar limpio, fresco y seco. Una vez abierto, se recomienda utilizar todo el contenido según indicación del envase. No exceder la porción recomendada. Si se presentan reacciones no esperadas, se aconseja suspender su consumo y consultar con un profesional de la salud. Presentación Registro Sanitario Modo de uso Precauciones y Contraindicaciones No Producto a Pedido 0 Presentación Registro Sanitario Modo de uso Precauciones y Contraindicaciones Producto a Pedido Stock Security Campos Auxiliares Highlight Stock Security Gel NB Probiótico es un suplemento alimenticio líquido que aporta bacterias probióticas vivas y activas, entre ellas Lactobacillus acidophilus, Lactobacillus bulgaricus, Lactobacillus plantarum, Lactobacillus rhamnosus y Bifidobacterium bifidum. Su fórmula se complementa con inulina, riboflavina y extractos de quinua, alverja y algarrobo, orientada a acompañar el bienestar digestivo como parte de una alimentación equilibrada.",vtex_spec_or_regex,false_no_component_match
Farmacia Universal,Biolactol Plus Bebibles - Caja 10 und,Biolactol Plus Bebibles 10 und Precio + Delivery Gratis,P2601324NALBMD,65.00,PEN,available,https://www.farmaciauniversal.com/biolactol-plus-bebibles-caja-10-und/p,31963,Lmb H. Colichon,vtex_catalog_search,2026-06-08T00:46:49.276121+00:00,10,"/Vitaminas y Suplementos/Multivitamínicos/Digestivos/ /Vitaminas y Suplementos/Multivitamínicos/ /Vitaminas y Suplementos/ /1/344/352/ /1/344/ /1/ Caja 10 und P2601324NALBMD Adultos: 2 frascos al día, durante 5 días. Niños: 1 frasco al día, durante 5 días. Se recomienda consumir una hora antes o después de los alimentos. Puede tomarse directamente o mezclarse con bebidas que no estén calientes y consumirse inmediatamente. Conservar en un lugar limpio, fresco y seco. No exceder la porción recomendada. No utilizar como sustituto de una dieta variada y equilibrada. En caso de condiciones médicas especiales o si los síntomas persisten, se recomienda consultar con un profesional de la salud. Presentación Registro Sanitario Modo de uso Precauciones y Contraindicaciones No Producto a Pedido 0 Presentación Registro Sanitario Modo de uso Precauciones y Contraindicaciones Producto a Pedido Stock Security Campos Auxiliares Highlight Stock Security Biolactol Plus Bebibles es un suplemento alimenticio en frascos bebibles que contiene billones de bacterias probióticas vivas y activas, formulado con cepas como Lactobacillus acidophilus, Lactobacillus casei, Lactobacillus reuteri, Lactobacillus rhamnosus y Bifidobacterium bifidum. Su composición se presenta en un medio nutritivo que incluye inulina, riboflavina y extractos de quinua, alverja y algarrobo en alta concentración, como parte de una formulación orientada al cuidado nutricional complementario. Los cultivos probióticos presentes en el producto pueden contribuir al equilibrio de la microbiota intestinal como parte de una dieta balanceada. Asimismo, estos microorganismos son conocidos por producir compuestos biológicos derivados de su actividad metabólica (postbióticos), los cuales participan en distintos procesos relacionados con el funcionamiento digestivo y el aprovechamiento de nutrientes.",vtex_spec_or_regex,false_no_component_match
Farmacia Universal,Tinku Melena de León Cápsulas - Frasco 60 und,Tinku Melena de León Cápsulas 60 und Precio + Delivery Gratis,P2880324NNANVSC,78.00,PEN,available,https://www.farmaciauniversal.com/tinku-melena-de-leon-capsulas-frasco-60-und/p,31325,Tinku,vtex_catalog_search,2026-06-08T00:46:49.277479+00:00,10,"/Vitaminas y Suplementos/Multivitamínicos/Adultos/ /Vitaminas y Suplementos/Multivitamínicos/ /Vitaminas y Suplementos/ /1/344/350/ /1/344/ /1/ Frasco 60 und P2880324NNANVSC Consumir de 2 a 3 cápsulas diarias. De preferencia antes de los alimentos. Consumir con un vaso lleno de agua. No exceder la dosis diaria recomendada. No recomendado para mujeres embarazadas o en lactancia. Consultar al médico antes de su uso si se están tomando medicamentos o suplementos adicionales. Presentación Registro Sanitario Modo de uso Precauciones y Contraindicaciones No Producto a Pedido 1 Presentación Registro Sanitario Modo de uso Precauciones y Contraindicaciones Producto a Pedido Stock Security Campos Auxiliares Highlight Stock Security Cápsulas de extracto de Melena de León (Hericium erinaceus), un hongo funcional reconocido por su capacidad para estimular la memoria, la concentración y la salud cerebral. Apoya el sistema nervioso, promueve la claridad mental y refuerza la función cognitiva, siendo ideal para personas con alta exigencia intelectual o emocional.",vtex_spec_or_regex,false_no_component_match
Farmacia Universal,La Naturaleza y tu Salud 7 Semillas Instantáneo - Frasco 560 g,La Naturaleza y tu Salud 7 Semillas Instantáneo 560 g Precio + Delivery Gratis,N8317520NNAPOOG,15.99,PEN,available,https://www.farmaciauniversal.com/la-naturaleza-y-tu-salud-7-semillas-instantaneo-frasco-560-g/p,31465,La Naturaleza y tu Salud,vtex_catalog_search,2026-06-08T00:46:49.277972+00:00,10,"/Vitaminas y Suplementos/Suplementos Nutricionales/Fórmulas para Adultos/ /Vitaminas y Suplementos/Suplementos Nutricionales/ /Vitaminas y Suplementos/ /1/12/28/ /1/12/ /1/ Frasco 560 g N8317520NNAPOOG Consumir una cucharada 3 veces al día, mezclada con jugos, leche, yogurt u otras bebidas de preferencia. No consumir durante el embarazo. En caso de lactancia, consultar con su médico antes de consumir. Mantener en un lugar fresco y seco. Mantener fuera del alcance de los niños. Presentación Registro Sanitario Modo de uso Precauciones y Contraindicaciones No Producto a Pedido 0 Presentación Registro Sanitario Modo de uso Precauciones y Contraindicaciones Producto a Pedido Stock Security Campos Auxiliares Highlight Stock Security La Naturaleza y tu Salud 7 Semillas Instantáneo es una mezcla en polvo que combina quinua, kiwicha, cañihua, algarrobo, maca, plátano y cacao tostado. Este tipo de combinación aporta nutrientes que ayudan a complementar la alimentación diaria, contribuyendo al bienestar general y al aporte energético dentro de una dieta equilibrada.",vtex_spec_or_regex,false_no_component_match
Farmacia Universal,Ensure Advance con HMB en Polvo Sabor Chocolate - Lata 850 g,Ensure Advance con HMB en Polvo Chocolate 850 g Precio + Delivery Gratis,P2820418ENAABLB,119.90,PEN,available,https://www.farmaciauniversal.com/ensure-advance-con-hmb-en-polvo-sabor-chocolate-lata-850-g/p,21756,Ensure,vtex_catalog_search,2026-06-08T00:46:49.278750+00:00,10,"/Vitaminas y Suplementos/Suplementos Nutricionales/Fórmulas para Adultos/ /Vitaminas y Suplementos/Suplementos Nutricionales/ /Vitaminas y Suplementos/ /1/12/28/ /1/12/ /1/ Lata 850 g P2820418ENAABLB Para preparar una porción de 230 mL, vierta aproximadamente 195 mL (6 onzas) de agua previamente hervida fría en un vaso, agregue gradualmente 6 cucharas rasas (cuchara medidora incluida en la lata) ó 53,5 g de Ensure® Advance en polvo, mientras agita y mezcla para disolver. Ensure® Advance una vez preparado debe usarse inmediatamente, de lo contrario, debe taparse, refrigerarse y usarse en las siguientes 24 horas. Ensure® Advance está exento de gluten y lactosa. No se debe usar en personas con galactosemia. Para adultos. No se debe usar en niños, a menos que su uso sea recomendado por un médico u otro profesional de la salud cali¬ficado. NO ES PARA USO INTRAVENOSO Presentación Registro Sanitario Modo de uso Precauciones y Contraindicaciones No Producto a Pedido Chocolate Lata 850 g Sabor Presentaciones 1 Presentación Registro Sanitario Modo de uso Precauciones y Contraindicaciones Producto a Pedido Sabor Presentaciones Stock Security Campos Auxiliares Highlight Filtros Stock Security Es un alimento en polvo para bebida con vitaminas, minerales, proteínas, calcio y antioxidantes. Contiene nutrientes clave que ayudan a mantener y recuperar la masa muscular*. *Acompañado de un estilo de vida activo o ejercicio. Ensure Advance, contiene: Proteínas de alta calidad y HMB para ayudar a promover la salud muscular. 28 vitaminas y minerales para ayudar a mantenerte fuerte y saludable. Mezcla de grasas vegetales con Omega-3 para promover la salud del corazón.",vtex_spec_or_regex,false_no_component_match
Farmacia Universal,La Naturaleza y tu Salud Triple Lax Instantáneo - Frasco 560 g,La Naturaleza y tu Salud Triple Lax Instantáneo 560 g Precio + Delivery Gratis,N8311122NNAPOOG,21.01,PEN,available,https://www.farmaciauniversal.com/la-naturaleza-y-tu-salud-triple-lax-instantaneo-frasco-560-g/p,31467,La Naturaleza y tu Salud,vtex_catalog_search,2026-06-08T00:46:49.279026+00:00,10,"/Vitaminas y Suplementos/Multivitamínicos/Digestivos/ /Vitaminas y Suplementos/Multivitamínicos/ /Vitaminas y Suplementos/ /1/344/352/ /1/344/ /1/ Frasco 560 g N8311122NNAPOOG Consumir una cucharada una vez al día por la noche, mezclada con jugos, leche, yogurt u otras bebidas. No consumir durante el embarazo. En caso de lactancia, consultar con su médico antes de consumir. No exceder la cantidad recomendada. Mantener fuera del alcance de los niños. Presentación Registro Sanitario Modo de uso Precauciones y Contraindicaciones No Producto a Pedido 0 Presentación Registro Sanitario Modo de uso Precauciones y Contraindicaciones Producto a Pedido Stock Security Campos Auxiliares Highlight Stock Security La Naturaleza y tu Salud Triple Lax Instantáneo es una mezcla a base de tamarindo, noni, pitahaya, nopal, ciruela, higo y salvado de trigo. Esta combinación se utiliza tradicionalmente para apoyar el tránsito intestinal, ayudando a mantener una digestión regular dentro de una dieta equilibrada.",vtex_spec_or_regex,false_no_component_match
Farmacia Universal,La Naturaleza y tu Salud Harina de Pitahaya - Frasco 200 g,La Naturaleza y tu Salud Harina de Pitahaya 200 g Precio + Delivery Gratis,N7415324NNAPONT,49.00,PEN,available,https://www.farmaciauniversal.com/la-naturaleza-y-tu-salud-harina-de-pitahaya-frasco-200-g/p,31469,La Naturaleza y tu Salud,vtex_catalog_search,2026-06-08T00:46:49.279260+00:00,1,"/Vitaminas y Suplementos/Multivitamínicos/Digestivos/ /Vitaminas y Suplementos/Multivitamínicos/ /Vitaminas y Suplementos/ /1/344/352/ /1/344/ /1/ Frasco 200 g N7415324NNAPONT Consumir una cucharada 2 veces al día, mezclada con jugos, leche, yogurt u otras bebidas. No consumir durante el embarazo ni en niños. En caso de lactancia, consultar con su médico antes de consumir. Mantener fuera del alcance de los niños. Presentación Registro Sanitario Modo de uso Precauciones y Contraindicaciones No Producto a Pedido 0 Presentación Registro Sanitario Modo de uso Precauciones y Contraindicaciones Producto a Pedido Stock Security Campos Auxiliares Highlight Stock Security La Naturaleza y tu Salud Harina de Pitahaya es un producto en polvo que aporta fibra y compuestos naturales. Su consumo ayuda a complementar la alimentación diaria y puede contribuir al bienestar digestivo, apoyando el tránsito intestinal dentro de una dieta equilibrada.",vtex_spec_or_regex,false_no_component_match
Farmacia Universal,Renalof 12 mg Cápsulas - Frasco 90 und,Renalof 12 mg Cápsulas 90 und Precio + Delivery Gratis,PNE1227,200.00,PEN,available,https://www.farmaciauniversal.com/renalof-12-mg-capsulas-frasco-90-und/p,25670,Pharma Solutions,vtex_catalog_search,2026-06-08T00:46:49.280992+00:00,10,"/Vitaminas y Suplementos/Multivitamínicos/Urológicos/ /Vitaminas y Suplementos/Multivitamínicos/ /Vitaminas y Suplementos/ /1/344/353/ /1/344/ /1/ Frasco 90 und Extracto Agropyron Repens 12 mg PNE1227 Se recomienda ingeriri una cápsula media hora antes de las tres principales comidas del día. No se debe superar la dosis recomendada. Este producto no es un medicamento que sustituya diagnóstico o tratamiento médico. Si presenta síntomas graves o persistentes, consulte a un profesional de salud. Mantener fuera del alcance de los niños. Presentación Principio Activo Registro Sanitario Modo de uso Precauciones y Contraindicaciones No Producto a Pedido 0 Presentación Principio Activo Registro Sanitario Modo de uso Precauciones y Contraindicaciones Producto a Pedido Stock Security Campos Auxiliares Highlight Stock Security Renalof es un complemento alimenticio a base de extracto de grama (Agropyron repens) diseñado para apoyar el bienestar de las vías urinarias. Su formato en cápsulas permite tomarlo de forma cómoda.",vtex_spec_or_regex,false_no_component_match
Farmacia Universal,Eucarbon Tabletas - Blíster 10 und,Eucarbon Tabletas 10 und Precio + Delivery Gratis,PNE1359,20.60,PEN,available,https://www.farmaciauniversal.com/eucarbon-tabletas-blister-10-und/p,10885,Deutsche Pharma,vtex_catalog_search,2026-06-08T00:46:49.281510+00:00,100,"/Medicinas/Malestar Gastrointestinal/Antiflatulentos/ /Medicinas/Malestar Gastrointestinal/ /Medicinas/ /2/39/54/ /2/39/ /2/ Blíster 10 und PNE1359 Consumir siguiendo las indicaciones del envase o recomendación de un profesional de salud. Administrar las tabletas con suficiente agua, preferentemente después de las comidas. No exceder la dosis recomendada. Consultar con un profesional de salud si los síntomas persisten o si recibe tratamiento médico. Mantener fuera del alcance de los niños. Conservar en un lugar fresco y seco. Presentación Registro Sanitario Modo de uso Precauciones y Contraindicaciones No No No Producto a Pedido Requiere receta médica Requiere refrigeración 0 Presentación Registro Sanitario Modo de uso Precauciones y Contraindicaciones Producto a Pedido Requiere receta médica Requiere refrigeración Stock Security Campos Auxiliares Highlight Stock Security Eucarbon es un producto utilizado tradicionalmente para complementar el bienestar digestivo y ayudar en casos de malestar gastrointestinal asociado a gases y digestión pesada. Su fórmula combina ingredientes de origen vegetal y carbón activado, orientados a brindar apoyo digestivo y confort intestinal dentro de la rutina diaria. Su presentación en tabletas facilita una administración práctica y cómoda.",vtex_spec_or_regex,false_no_component_match
Farmacia Universal,Metamucil 3.26 g/5.8 g Sabor Naranja Sobres - Caja 10 und,Metamucil 3.26 g/5.8 g Sabor Naranja Sobres 10 und Precio + Delivery Gratis,PNE1377,40.00,PEN,available,https://www.farmaciauniversal.com/metamucil-326-g-58-g-sabor-naranja-sobres-caja-10-und/p,30061,Metamucil,vtex_catalog_search,2026-06-08T00:46:49.283375+00:00,10,"/Vitaminas y Suplementos/Multivitamínicos/Digestivos/ /Vitaminas y Suplementos/Multivitamínicos/ /Vitaminas y Suplementos/ /1/344/352/ /1/344/ /1/ Caja 10 und Muciloide de Psyllium 3.26 g/5.8 g PNE1377 Disolver el contenido del sobre en un vaso con agua, mezclar bien y consumir inmediatamente, siguiendo las indicaciones del envase o la recomendación del profesional de la salud. Consumir con abundante líquido. No utilizar en caso de obstrucción intestinal o dificultad para tragar sin consultar previamente. Si el estreñimiento persiste, se recomienda evaluación médica. Presentación Principio Activo Registro Sanitario Modo de uso Precauciones y Contraindicaciones No Producto a Pedido 0 Presentación Principio Activo Registro Sanitario Modo de uso Precauciones y Contraindicaciones Producto a Pedido Stock Security Campos Auxiliares Highlight Stock Security Metamucil sabor naranja es un suplemento de fibra soluble a base de psyllium, utilizado para apoyar la regularidad intestinal como parte de una alimentación equilibrada. Su presentación en sobres facilita su preparación y consumo diario, especialmente en personas que requieren aumentar su ingesta de fibra.",vtex_spec_or_regex,false_no_component_match
Farmacia Universal,Nua Inmune Aceite de Orégano - Frasco 30 ml,Nua Inmune Aceite de Orégano 30 ml Precio + Delivery Gratis,C6000523NUINAPO,40.00,PEN,available,https://www.farmaciauniversal.com/nua-inmune-aceite-de-oregano-frasco-30-ml/p,31387,Nua,vtex_catalog_search,2026-06-08T00:46:49.284828+00:00,100,"/Productos Saludables/Medicina Herbal/Aromaterapia/ /Productos Saludables/Medicina Herbal/ /Productos Saludables/ /9/275/290/ /9/275/ /9/ Frasco 30 ml C6000523NUINAPO Consumir de 3 a 5 gotas bajo la lengua, hasta tres veces al día. Para rutinas de descanso, se recomienda tomarlo aproximadamente 30 minutos antes de dormir. Producto de uso oral exclusivo, no utilizar en difusores. No superar las 15 gotas diarias. El consumo excesivo puede generar sensibilidad, por lo que debe suspenderse ante cualquier reacción. No usar durante el embarazo o lactancia. No administrar a menores. Evitar su uso si existe alergia a la lavanda o a otras plantas de la familia Lamiaceae. Consultar a un profesional de la salud antes de consumirlo, especialmente en caso de tratamientos médicos vigentes. Este producto no sustituye una alimentación equilibrada ni cuidados clínicos. Mantener el frasco bien cerrado, en lugar fresco, seco y fuera del alcance de los niños. Presentación Registro Sanitario Modo de uso Precauciones y Contraindicaciones No Producto a Pedido 1 Presentación Registro Sanitario Modo de uso Precauciones y Contraindicaciones Producto a Pedido Stock Security Campos Auxiliares Highlight Stock Security El Aceite de Lavanda Sueño es un nutracéutico natural de uso oral, formulado con aceite esencial de lavanda y aceite de oliva extra virgen orgánico, creado para un consumo seguro y para acompañar hábitos de relajación. Sus componentes naturales pueden contribuir a una sensación de calma, ayudando a quienes buscan complementar sus rutinas de descanso o reducir tensiones del día a día. Es un aliado para momentos previos al sueño.",vtex_spec_or_regex,false_no_component_match
Farmacia Universal,Blemil AE ProTech - Lata 800 g,Blemil AE ProTech 800 g Precio + Delivery Gratis,A3450423ENADSCN,190.89,PEN,available,https://www.farmaciauniversal.com/blemil-ae-protech-lata-800-g/p,30426,Blemil,vtex_catalog_search,2026-06-08T00:46:49.813768+00:00,1,"/Cuidado Infantil/Nutrición Infantil/Fórmulas Infantiles/ /Cuidado Infantil/Nutrición Infantil/ /Cuidado Infantil/ /5/151/167/ /5/151/ /5/ Lata 800 g A3450423ENADSCN Lávese las manos antes de preparar el biberón. Una vez limpios el biberón, la tetina y la rosca déjelos hervir con agua en un recipiente cerrado durante 10 minutos. En otro recipiente hierva agua potable y déjela enfriar hasta una temperatura de 40 a 45°C. Vierta la cantidad adecuada de agua en el biberón esterilizado. Añada al biberón las medidas rasas de leche en polvo indicadas por prescripción facultativa. Utilice el cacito dosificador que encontrará en el interior del envase. Cierre el biberón y agítelo hasta la total disolución de su contenido. Compruebe la temperatura del biberón antes de dárselo a su bebé. La leche materna es el mejor alimento para el lactante. Utilizar este producto solo bajo recomendación médica. Preparar con higiene adecuada. No usar si el envase está dañado. Mantener en lugar fresco y seco. Consumir dentro del tiempo indicado una vez abierto. Presentación Registro Sanitario Modo de uso Precauciones y Contraindicaciones No Producto a Pedido Presentación Registro Sanitario Modo de uso Precauciones y Contraindicaciones Producto a Pedido Campos Auxiliares Highlight Blemil AE ProTech es una fórmula infantil especialmente desarrollada para bebés, diseñada para complementar su alimentación cuando es necesario. Su composición está adaptada para brindar un adecuado aporte nutricional en etapas tempranas, siendo una opción que puede formar parte de la alimentación del lactante bajo recomendación del profesional de salud.",vtex_spec_or_regex,false_no_component_match
Farmacia Universal,Pack Alula Gold Etapa 3 Premium 900 g + 400 g - Pack 2 und,Pack Alula Gold Etapa 3 Premium 900 g + 400 g 2 und Precio + Delivery Gratis,I3000625ENASNNT,110.00,PEN,available,https://www.farmaciauniversal.com/pack-alula-gold-etapa-3-premium-900-g-400-g-pack-2-und/p,32181,Alula Gold,vtex_catalog_search,2026-06-08T00:46:49.814404+00:00,10,"/Cuidado Infantil/Nutrición Infantil/Fórmulas Infantiles/ /Cuidado Infantil/Nutrición Infantil/ /Cuidado Infantil/ /5/151/167/ /5/151/ /5/ Pack 2 und I3000625ENASNNT Lave bien sus manos y todos los utensilios. Hierva agua potable y déjela enfriar hasta aproximadamente 40 °C. Vierta la cantidad de agua en el biberón, añada la medida exacta de polvo según la tabla de alimentación del envase, cierre y agite bien hasta disolver. Consumir inmediatamente. La leche materna es el mejor alimento para los bebés. Este producto debe usarse bajo recomendación y supervisión médica. No reutilice restos de fórmula preparada. Almacenar en un lugar fresco y seco, bien cerrado y consumir dentro de 4 semanas después de abierto. Presentación Registro Sanitario Modo de uso Precauciones y Contraindicaciones No Producto a Pedido Presentación Registro Sanitario Modo de uso Precauciones y Contraindicaciones Producto a Pedido Campos Auxiliares Highlight Alula Gold Etapa 3 Premium es una fórmula infantil en polvo, como complemento de una alimentación variada y equilibrada. Su formulación está orientada a acompañar las necesidades nutricionales propias de esta etapa de crecimiento, cuando la lactancia materna no es posible o resulta insuficiente, bajo recomendación de un profesional de la salud.",vtex_spec_or_regex,false_no_component_match
Farmacia Universal,Sal Andrews Clásica Polvo Efervescente - Sobre 1 und,Sal Andrews Clásica Polvo Efervescente 1 und Precio + Delivery Gratis,EN00348,1.01,PEN,available,https://www.farmaciauniversal.com/sal-andrews-clasica-polvo-efervescente-sobre-1-und/p,30418,Sal de Andrews,vtex_catalog_search,2026-06-08T00:46:49.816827+00:00,99999,"/Medicinas/Malestar Gastrointestinal/Antiácidos y Antidiarréicos/ /Medicinas/Malestar Gastrointestinal/ /Medicinas/ /2/39/53/ /2/39/ /2/ Sobre 1 und Bicarbonato de Sodio 1.13 g, Sulfato de Magnesio 0.87 g, Ácido Cítrico 0.975 g EN00348 Disolver el contenido del sobre en un vaso con agua y beber inmediatamente. Utilizar únicamente la dosis recomendada en el envase. No usar en personas con hipertensión no controlada, insuficiencia renal o dietas restringidas en sodio. Evitar el uso prolongado sin supervisión médica. Presentación Principio Activo Registro Sanitario Modo de uso Precauciones y Contraindicaciones No No No Producto a Pedido Requiere receta médica Requiere refrigeración 4 Presentación Principio Activo Registro Sanitario Modo de uso Precauciones y Contraindicaciones Producto a Pedido Requiere receta médica Requiere refrigeración Stock Security Campos Auxiliares Highlight Stock Security Sal Andrews es un polvo efervescente que, al disolverse en agua, libera una solución que ayuda a neutralizar la acidez estomacal y a aliviar molestias digestivas leves como indigestión o sensación de pesadez. Su combinación de bicarbonato de sodio, ácido cítrico y sulfato de magnesio proporciona un efecto antiácido y laxante suave.",vtex_spec_or_regex,false_no_component_match
Farmacia Universal,Ensure Advance con HMB en Polvo Sabor Vainilla - Lata 400 g,Ensure Advance con HMB en Polvo Vainilla 400 g Precio + Delivery Gratis,P2910121ENAABLB,62.30,PEN,available,https://www.farmaciauniversal.com/ensure-advance-con-hmb-en-polvo-sabor-vainilla-lata-400-g/p,1517,Ensure,vtex_catalog_search,2026-06-08T00:46:49.817662+00:00,10,"/Vitaminas y Suplementos/Suplementos Nutricionales/Fórmulas para Adultos/ /Vitaminas y Suplementos/Suplementos Nutricionales/ /Vitaminas y Suplementos/ /1/12/28/ /1/12/ /1/ Lata 400 g P2910121ENAABLB INSTRUCCIONES PARA USO: Para preparar una porción de 230 mL, vierta aproximadamente 195 mL (6 onzas) de agua previamente hervida fría en un vaso, agregue gradualmente 6 cucharas rasas (cuchara medidora incluida en la lata) ó 53,5 g de Ensure® Advance en polvo, mientras agita y mezcla para disolver. Ensure® Advance una vez preparado debe usarse inmediatamente, de lo contrario, debe taparse, refrigerarse y usarse en las siguientes 24 horas. Ensure® Advance está exento de gluten y lactosa. No se debe usar en personas con galactosemia. Para adultos. No se debe usar en niños, a menos que su uso sea recomendado por un médico u otro profesional de la salud cali¬ficado. NO ES PARA USO INTRAVENOSO Presentación Registro Sanitario Modo de uso Precauciones y Contraindicaciones No Producto a Pedido Vainilla Lata 400 g Sabor Presentaciones 1 Presentación Registro Sanitario Modo de uso Precauciones y Contraindicaciones Producto a Pedido Sabor Presentaciones Stock Security Campos Auxiliares Highlight Filtros Stock Security Es un alimento en polvo para bebida con vitaminas, minerales, proteínas, calcio y antioxidantes. Contiene nutrientes clave que ayudan a mantener y recuperar la masa muscular*. *Acompañado de un estilo de vida activo o ejercicio. Ensure Advance, contiene: -Proteínas de alta calidad y HMB para ayudar a promover la salud muscular. -28 vitaminas y minerales para ayudar a mantenerte fuerte y saludable. -Mezcla de grasas vegetales con Omega-3 para promover la salud del corazón.",vtex_spec_or_regex,false_no_component_match
Farmacia Universal,Higaril 500 mg Cápsulas Blandas - Blíster 10 und,Higaril 500 mg Cápsulas Blandas 10 und Precio + Delivery Gratis,PNE1854,31.00,PEN,available,https://www.farmaciauniversal.com/higaril-500-mg-capsulas-blandas-blister-10-und/p,29967,Intipharma,vtex_catalog_search,2026-06-08T00:46:49.818660+00:00,100,"/Medicinas/Malestar Gastrointestinal/Hepatoprotectores/ /Medicinas/Malestar Gastrointestinal/ /Medicinas/ /2/39/305/ /2/39/ /2/ Blíster 10 und Silimarina 500 mg PNE1854 Se recomienda que adultos tomen 1 cápsula blanda de una vez al día, preferentemente antes de los alimentos, y continúen hasta que desaparezcan los síntomas. Venta sin receta médica. Vía de administración: oral. Mantener fuera del alcance de los niños. Presentación Principio Activo Registro Sanitario Modo de uso Precauciones y Contraindicaciones No No No Producto a Pedido Requiere receta médica Requiere refrigeración 1 Presentación Principio Activo Registro Sanitario Modo de uso Precauciones y Contraindicaciones Producto a Pedido Requiere receta médica Requiere refrigeración Stock Security Campos Auxiliares Highlight Stock Security Complemento diseñado para apoyar la función hepática en situaciones de estrés, como el consumo de alcohol o dietas altas en grasas. Con fosfatidilcolina, contribuye al bienestar hepático y puede ayudar a reducir la acumulación de grasa en el hígado. Úselo como parte del cuidado hepático bajo supervisión médica.",vtex_spec_or_regex,false_no_component_match
Farmacia Universal,Hialudrin Polvo para Solución Oral Sabor Naranja Sobres - Caja 30 und,Hialudrin Polvo para Solución Oral Sabor Naranja Sobres 30 und Precio + Delivery Gratis,DN0276,254.40,PEN,unavailable,https://www.farmaciauniversal.com/hialudrin-polvo-para-solucion-oral-sabor-naranja-sobres-caja-30-und/p,647,IQ Farma,vtex_catalog_search,2026-06-08T00:46:49.820447+00:00,,"/Vitaminas y Suplementos/Multivitamínicos/Osteoarticulares/ /Vitaminas y Suplementos/Multivitamínicos/ /Vitaminas y Suplementos/ /1/344/354/ /1/344/ /1/ Caja 30 und DN0276 Disolver el contenido del sobre en un vaso con agua, agitar con una cucharita hasta no tener grumos y ingerir inmediatamente. Uso conforme a la dosis indicada por el profesional o el envase. No sustituye un tratamiento médico ni solución única para enfermedades articulares graves. Consultar al médico en caso de embarazo, lactancia, enfermedades renales/hepáticas o si se toman otros suplementos. Mantener fuera del alcance de los niños. Conservar en lugar fresco y seco. Observar que el envase esté cerrado. Presentación Registro Sanitario Modo de uso Precauciones y Contraindicaciones No Producto a Pedido 0 Presentación Registro Sanitario Modo de uso Precauciones y Contraindicaciones Producto a Pedido Stock Security Campos Auxiliares Highlight Stock Security Hialudrin es un suplemento en polvo con sabor naranja formulado para apoyar la salud de las articulaciones y movilidad. Contiene ingredientes como glucosamina, condroitina, metilsulfonilmetano (MSM) y hialuronato de sodio, conocidos por ayudar a la lubricación del cartílago y favorecer una sensación de mayor confort articular.",vtex_spec_or_regex,false_no_component_match
Farmacia Universal,Sustagen Pro Fórmula Sabor Vainilla - Lata 900 g,Sustagen Pro Fórmula Vainilla 900 g Precio + Delivery Gratis,I4100312ENAMAJH,105.93,PEN,unavailable,https://www.farmaciauniversal.com/sustagen-pro-formula-sabor-vainilla-lata-900-g/p,2028,Sustagen,vtex_catalog_search,2026-06-08T00:46:49.821283+00:00,,"/Cuidado Infantil/Nutrición Infantil/Fórmulas Infantiles/ /Cuidado Infantil/Nutrición Infantil/ /Cuidado Infantil/ /5/151/167/ /5/151/ /5/ Lata 900 g I4100312ENAMAJH Seguir cuidadosamente las instrucciones del envase, con una apropiada higiene, preparación, dilución, uso y almacenamiento. Conservar con la lata bien tapada, en un lugar fresco y seco a temperatura ambiente. Presentación Registro Sanitario Modo de uso Precauciones y Contraindicaciones No Producto a Pedido Vainilla Lata 900 g Sabor Presentaciones 0 Presentación Registro Sanitario Modo de uso Precauciones y Contraindicaciones Producto a Pedido Sabor Presentaciones Stock Security Campos Auxiliares Highlight Filtros Stock Security Alimento en polvo con proteínas, vitaminas y minerales que ayudan a apoyar la ganancia saludable de altura y peso de tu hijo.",vtex_spec_or_regex,false_no_component_match
Farmacia Universal,Nature's Truth Just 4 Kidz Magnesio Gomitas - Frasco 50 und,Nature's Truth Just 4 Kidz Magnesio Gomitas 50 und Precio + Delivery Gratis,DE5642,79.90,PEN,unavailable,https://www.farmaciauniversal.com/natures-truth-just-4-kidz-magnesio-gomitas-frasco-50-und/p,31695,Nature's Truth,vtex_catalog_search,2026-06-08T00:46:49.822139+00:00,,"/Vitaminas y Suplementos/Minerales y Otros/Magnesio/ /Vitaminas y Suplementos/Minerales y Otros/ /Vitaminas y Suplementos/ /1/10/15/ /1/10/ /1/ Frasco 50 und Magnesio 25 mg DE5642 Niños de 2 a 3 años: 1 gomita al día. Niños de 4 años a más: 2 gomitas al día. Preferiblemente con alimentos. No superar la dosis recomendada. Usar bajo supervisión de un adulto. Consultar con el pediatra antes de su consumo. No sustituye una dieta equilibrada. Mantener fuera del alcance de los niños. Presentación Principio Activo Registro Sanitario Modo de uso Precauciones y Contraindicaciones No Producto a Pedido Presentación Principio Activo Registro Sanitario Modo de uso Precauciones y Contraindicaciones Producto a Pedido Campos Auxiliares Highlight Nature’s Truth Just 4 Kidz Magnesio Gomitas es un suplemento alimenticio infantil en formato de gomitas saborizadas, pensado para facilitar el consumo diario de magnesio en niños. Es una alternativa práctica para complementar la alimentación con este mineral, especialmente para quienes prefieren presentaciones fáciles y agradables de consumir.",vtex_spec_or_regex,false_no_component_match
Farmacia Universal,American Natural Vista Max 500 mg Cápsulas - Frasco 50 und,American Natural Vista Max 500 mg Cápsulas 50 und Precio + Delivery Gratis,N8319116NNADELA,90.00,PEN,unavailable,https://www.farmaciauniversal.com/american-natural-vista-max-500-mg-capsulas-frasco-50-und/p,30396,American Natural,vtex_catalog_search,2026-06-08T00:46:49.824362+00:00,,"/Vitaminas y Suplementos/Multivitamínicos/Oftálmicos/ /Vitaminas y Suplementos/Multivitamínicos/ /Vitaminas y Suplementos/ /1/344/356/ /1/344/ /1/ Frasco 50 und N8319116NNADELA Se recomienda ingerir 2 cápsulas al día, una en la mañana y otra en la noche, preferiblemente después de las comidas, con un vaso de agua. No exceder la dosis diaria indicada. Este producto no debe utilizarse como sustituto de una alimentación equilibrada. Mantener fuera del alcance de los niños. No consumir en caso de hipersensibilidad a alguno de sus componentes. Si está embarazada, lactando o bajo tratamiento médico, consulte a su especialista antes de usarlo. Presentación Registro Sanitario Modo de uso Precauciones y Contraindicaciones No Producto a Pedido Presentación Registro Sanitario Modo de uso Precauciones y Contraindicaciones Producto a Pedido Campos Auxiliares Highlight American Natural Vista Max 500 mg Cápsulas es un suplemento alimenticio formulado con nutrientes que contribuyen al cuidado de la salud ocular. Está diseñado para ayudar a fortalecer la mácula, proteger la visión frente al estrés oxidativo y apoyar el bienestar visual general.",vtex_spec_or_regex,false_no_component_match
Farmacia Universal,Glucerna en Polvo Sabor Vainilla - Lata 400 g,Glucerna en Polvo Vainilla 400 g Precio + Delivery Gratis,I4100114ENAABLB,79.40,PEN,unavailable,https://www.farmaciauniversal.com/glucerna-en-polvo-sabor-vainilla-lata-400-g/p,1523,Glucerna,vtex_catalog_search,2026-06-08T00:46:50.201422+00:00,,"/Vitaminas y Suplementos/Suplementos Nutricionales/Fórmulas para Diabéticos/ /Vitaminas y Suplementos/Suplementos Nutricionales/ /Vitaminas y Suplementos/ /1/12/30/ /1/12/ /1/ Lata 400 g I4100114ENAABLB Para uso de vía oral. Preparación: 5 cucharadas medidoras de Glucerna en 195 mL de agua. Este producto no reemplaza su medicamento, consultar con su médico. Presentación Registro Sanitario Modo de uso Precauciones y Contraindicaciones No Producto a Pedido Vainilla Sabor 1 Presentación Registro Sanitario Modo de uso Precauciones y Contraindicaciones Producto a Pedido Sabor Stock Security Campos Auxiliares Highlight Filtros Stock Security Glucerna es nutrición científicamente diseñada para personas con diabetes y pre-diabetes. Contiene un sistema de carbohidratos modificados, que ayuda a controlar los niveles de glucosa en sangre (*)(1). Contiene 28 vitaminas y minerales y es un producto libre de lactosa y gluten. *Como parte de un plan de alimentación para personas con pre-diabetes y diabetes. (1) Sun et al, J. Clinical Nutrition (2008). Glucerna: Este producto no reemplaza su medicamento, consultar con su médico. Publicidad dirigida para mayores de 16 años.",vtex_spec_or_regex,false_no_component_match
Farmacia Universal,Mecanyl 300 mg Cápsulas - Caja 30 und,Mecanyl 300 mg Cápsulas 30 und Precio + Delivery Gratis,PNE1782,146.70,PEN,unavailable,https://www.farmaciauniversal.com/mecanyl-300-mg-capsulas-caja-30-und/p,28572,Lafage,vtex_catalog_search,2026-06-08T00:46:50.202061+00:00,,"/Vitaminas y Suplementos/Multivitamínicos/Osteoarticulares/ /Vitaminas y Suplementos/Multivitamínicos/ /Vitaminas y Suplementos/ /1/344/354/ /1/344/ /1/ Caja 30 und Glycine Max 200 mg, Persea gratissima 100 mg PNE1782 Adultos, ingerir 1 cápsula al día. Se recomienda administrar con las comidas y con abundante agua, sin partir ni masticar. Ocasionalmente pueden presentarse síntomas de reflujo con regurgitación, las cuales pueden ser evitadas tomando la cápsula junto con los alimentos. Puede presentarse dolor de estómago y diarrea. Se recomienda no usar en niños, durante el embarazo, lactancia, en pacientes hipersensibles, pacientes con síndrome de mala absorción y pacientes en tratamiento con anticoagulantes. Presentación Principio Activo Registro Sanitario Modo de uso Precauciones y Contraindicaciones No Producto a Pedido 0 Presentación Principio Activo Registro Sanitario Modo de uso Precauciones y Contraindicaciones Producto a Pedido Stock Security Campos Auxiliares Highlight Stock Security Mecanyl 300 mg es un complemento oral que combina extractos de soya (Glycine max) y palta (Persea gratissima). Su uso regular puede contribuir al cuidado de las articulaciones, ayudando a mantener la movilidad y apoyando el bienestar en personas con molestias asociadas al desgaste articular, como la artrosis.",vtex_spec_or_regex,false_no_component_match
Farmacia Universal,Tioctan Fuerte Grageas - Blíster 10 und,Tioctan Fuerte Grageas 10 und Precio + Delivery Gratis,DN0631,19.40,PEN,unavailable,https://www.farmaciauniversal.com/tioctan-fuerte-grageas-blister-10-und/p,11003,Farmindustria,vtex_catalog_search,2026-06-08T00:46:50.203149+00:00,,"/Medicinas/Sistema Nervioso/Vitaminas Neuroprotectoras/ /Medicinas/Sistema Nervioso/ /Medicinas/ /2/416/432/ /2/416/ /2/ Blíster 10 und DN0631 Vía oral. Adultos, tomar una gragea cada 12 horas, acompañada de un vaso lleno de agua o jugo, o según indicación médica. No consumir si es alérgico a alguno de los componentes de la fórmula. No se recomienda su uso durante el embarazo o lactancia salvo indicación médica. Informar al médico si se están tomando otros suplementos vitamínicos que contengan vitaminas o minerales, para evitar riesgos de sobredosificación. No mezclar con soluciones ácidas ni con preparados de calcio debido a posibles incompatibilidades. Mantener fuera del alcance de los niños. Presentación Registro Sanitario Modo de uso Precauciones y Contraindicaciones No No No Producto a Pedido Requiere receta médica Requiere refrigeración 0 Presentación Registro Sanitario Modo de uso Precauciones y Contraindicaciones Producto a Pedido Requiere receta médica Requiere refrigeración Stock Security Campos Auxiliares Highlight Stock Security Tioctan Fuerte es un medicamento que suele emplearse como complemento en el cuidado del sistema nervioso. Puede ser una opción dentro de tratamientos indicados por el médico, especialmente en casos donde se busca apoyar el bienestar neurológico y metabólico. Su presentación en grageas facilita su administración, permitiendo incorporarlo de manera práctica en la rutina diaria bajo supervisión profesional.",vtex_spec_or_regex,false_no_component_match
Farmacia Universal,Nat 100 Balance Plus en Polvo Sabor Vainilla - Lata 900 g,Nat 100 Balance Plus en Polvo Sabor Vainilla 900 g Precio + Delivery Gratis,P2970213E NAKYSA,100.00,PEN,unavailable,https://www.farmaciauniversal.com/nat-100-balance-plus-en-polvo-sabor-vainilla-lata-900-g/p,4610,Diphasac AJR,vtex_catalog_search,2026-06-08T00:46:50.203782+00:00,,"/Vitaminas y Suplementos/Suplementos Nutricionales/Fórmulas Especializadas/ /Vitaminas y Suplementos/Suplementos Nutricionales/ /Vitaminas y Suplementos/ /1/12/29/ /1/12/ /1/ Lata 900 g P2970213E NAKYSA Para preparar una porción de Nat 100 Balance Plus+ al 22%, agregar 55 g de polvo (equivalente a 3 medidas rasas) en 210 mL de agua fría previamente hervida. Agitar bien hasta lograr una disolución completa y obtener una mezcla homogénea. Consumir inmediatamente o refrigerar y consumir dentro de las siguientes 24 horas. Esta preparación aporta aproximadamente 1 kcal por mililitro. Para mayor variedad de sabores y texturas, puede prepararse añadiendo azúcar, frutas, chocolate o nueces. También puede utilizarse licuadora para su preparación. Si el producto es consumido bajo prescripción médica y/o supervisión de un nutricionista, se deben seguir cuidadosamente sus indicaciones. No utilizar por vía intravenosa. Nat 100 Balance Plus+ está formulado para adultos y niños mayores de 4 años, siempre con control médico y monitoreo mediante exámenes de laboratorio clínico según requerimiento. Conservar en un lugar limpio, fresco y seco. Presentación Registro Sanitario Modo de uso Precauciones y Contraindicaciones No Producto a Pedido 1 Presentación Registro Sanitario Modo de uso Precauciones y Contraindicaciones Producto a Pedido Stock Security Campos Auxiliares Highlight Stock Security Nat 100 Balance Plus es un alimento en polvo de textura homogénea, libre de grumos, con consistencia cremosa y color que va del blanco al blanco crema. Presenta un agradable aroma y sabor característico a vainilla, lo que facilita su consumo diario como parte de un plan de alimentación supervisado.",vtex_spec_or_regex,false_no_component_match
Farmacia Universal,Nat 100 Fibra Plus en Polvo Sabor Vainilla - Lata 900 g,Nat 100 Fibra Plus en Polvo Sabor Vainilla 900 g Precio + Delivery Gratis,P2853724E NALBBS,122.50,PEN,unavailable,https://www.farmaciauniversal.com/nat-100-fibra-plus-en-polvo-sabor-vainilla-lata-900-g/p,28937,Diphasac AJR,vtex_catalog_search,2026-06-08T00:46:50.204424+00:00,,"/Vitaminas y Suplementos/Suplementos Nutricionales/Fórmulas Especializadas/ /Vitaminas y Suplementos/Suplementos Nutricionales/ /Vitaminas y Suplementos/ /1/12/29/ /1/12/ /1/ Lata 900 g P2853724E NALBBS Para preparar una porción de 250 mL de Nat 100 Fibra Plus+ al 22.5%, agregar 57.5 g de polvo (equivalente a 3 medidas rasas) en 210 mL de agua fría previamente hervida. Agitar hasta obtener una mezcla completamente homogénea. Consumir inmediatamente o refrigerar y consumir dentro de las siguientes 24 horas. Esta preparación aporta aproximadamente 1 kcal por mililitro. Para variar sabores y texturas, puede añadirse azúcar, frutas, chocolate o nueces. También puede prepararse utilizando licuadora. Si el producto es utilizado bajo prescripción médica y/o supervisión de un nutricionista, se deben seguir estrictamente sus indicaciones. No utilizar por vía intravenosa. Nat 100 Fibra Plus está formulado para adultos y niños mayores de 4 años, con control médico y monitoreo mediante exámenes de laboratorio clínico según requerimiento. Conservar en un lugar limpio, fresco y seco. Presentación Registro Sanitario Modo de uso Precauciones y Contraindicaciones No Producto a Pedido Presentación Registro Sanitario Modo de uso Precauciones y Contraindicaciones Producto a Pedido Campos Auxiliares Highlight Nat 100 Fibra Plus es un alimento en polvo de textura homogénea, sin grumos, con consistencia cremosa y color que varía del blanco al blanco crema. Presenta un aroma y sabor característico a vainilla, diseñado para facilitar su consumo como parte de una alimentación supervisada.",vtex_spec_or_regex,false_no_component_match
Farmacia Universal,Vidamax HMB Polvo Sabor Vainilla - Lata 400 g,Vidamax HMB Polvo Sabor Vainilla 400 g Precio + Delivery Gratis,E8200916NNAHRSA,56.34,PEN,unavailable,https://www.farmaciauniversal.com/vidamax-hmb-polvo-sabor-vainilla-lata-400-g/p,19128,Vidamax,vtex_catalog_search,2026-06-08T00:46:50.204709+00:00,,"/Vitaminas y Suplementos/Suplementos Nutricionales/Fórmulas para Adultos/ /Vitaminas y Suplementos/Suplementos Nutricionales/ /Vitaminas y Suplementos/ /1/12/28/ /1/12/ /1/ Lata 400 g E8200916NNAHRSA En 180 mL de agua hervida fría agregar 6 medidas al ras ó 52g de Vidamax® HMB en polvo hasta que el contenido se disuelva completamente. Seguir cuidadosamente las instrucciones del envase, con una apropiada higiene, preparación, dilución, uso y almacenamiento. Pacientes con intolerancia severa primaria o secundaria a la lactosa pueden presentar síntomas.Hipersensibilidad a cualquiera de sus componentes. Guardar en un lugar fresco y seco. Presentación Registro Sanitario Modo de uso Precauciones y Contraindicaciones No Producto a Pedido 1 Presentación Registro Sanitario Modo de uso Precauciones y Contraindicaciones Producto a Pedido Stock Security Campos Auxiliares Highlight Stock Security Vidamax ® HMB está formulado como un alimento deshidratado y pulverizado, que al mezclarse con agua recupera sus cualidades naturales y proporciona una nutrición completa y balanceada. Sugerimos seguir las recomendaciones del médico o nutricionista.",vtex_spec_or_regex,false_no_component_match
Farmacia Universal,Cheltin IV 100 mg/5 ml Solución Inyectable - Ampolla 5 ml,Cheltin IV 100 mg/5 ml Solución Inyectable 5 ml,EE08962,54.58,PEN,unavailable,https://www.farmaciauniversal.com/cheltin-iv-100-mg-5-ml-solucion-inyectable-ampolla-5-ml/p,27036,Megalabs,vtex_catalog_search,2026-06-08T00:46:50.205346+00:00,,/Medicinas/Cuidado Sanguíneo/Antianémicos/ /Medicinas/Cuidado Sanguíneo/ /Medicinas/ /2/401/402/ /2/401/ /2/ Ampolla 5 ml Hierro 100 mg EE08962 Presentación Principio Activo Registro Sanitario No Si No Producto a Pedido Requiere receta médica Requiere refrigeración 1 Presentación Principio Activo Registro Sanitario Producto a Pedido Requiere receta médica Requiere refrigeración Stock Security Campos Auxiliares Highlight Stock Security De venta con receta médica. Evite automedicarse. Usar según indicaciones de su médico tratante.,vtex_spec_or_regex,false_no_component_match
Farmacia Universal,"Beautymix HSN Hair, Skin & Nails Tabletas - Caja 30 und","Beautymix HSN Hair, Skin & Nails Tabletas 30 und Precio + Delivery Gratis",DE3431,24.90,PEN,unavailable,https://www.farmaciauniversal.com/beautymix-hsn-hair-skin-nails-tabletas-caja-30-und/p,29886,Pharmaris,vtex_catalog_search,2026-06-08T00:46:50.205866+00:00,,"/Vitaminas y Suplementos/Multivitamínicos/Cabello y Uñas/ /Vitaminas y Suplementos/Multivitamínicos/ /Vitaminas y Suplementos/ /1/344/357/ /1/344/ /1/ Caja 30 und Colágeno, Keratina, Biotina, Antioxidantes DE3431 Tomar 1 tableta al día. Este producto contiene hierro, que, si se toma en exceso, puede ser perjudicial para los niños muy pequeños. Presentación Principio Activo Registro Sanitario Modo de uso Precauciones y Contraindicaciones No Producto a Pedido 0 Presentación Principio Activo Registro Sanitario Modo de uso Precauciones y Contraindicaciones Producto a Pedido Stock Security Campos Auxiliares Highlight Stock Security Cabello, piel y uñas Contiene 18 micronutrientes: colágeno, queratina, biotina, vitaminas y minerales: Colágeno (8000 mcg), queratina (2500 mcg) Vitaminas: A (750 mcg), C (5 mg), D (como D3, 600 UI) (15 mcg), E (60 mcg), K (25 mcg) Complejo B: B1 (Tiamina) (10 mcg), B2 (Riboflavina) (80 mcg), B3 (Niacina) (20 mg), B5 (Pantotenato D-calcio) (10 mg), B6 (Clorhidrato de piridoxina) (2 mg), B7 (Biotina) (300 mcg), B9 (Ácido fólico) (400 mcg), B12 (Cianocobalamina) (6 mcg) Minerales: calcio (5000 mcg), cobre (10 mcg), hierro (180 mcg), magnesio (400 mcg), zinc (450 mcg)",vtex_spec_or_regex,false_no_component_match
Farmacia Universal,La Naturaleza y tu Salud Harina de Lúcuma Instantáneo - Frasco 200 g,La Naturaleza y tu Salud Harina de Lúcuma Instantáneo 200 g Precio + Delivery Gratis,1306519NNAMCPR,20.00,PEN,unavailable,https://www.farmaciauniversal.com/la-naturaleza-y-tu-salud-harina-de-lucuma-instantaneo-frasco-200-g/p,31470,La Naturaleza y tu Salud,vtex_catalog_search,2026-06-08T00:46:50.206101+00:00,,"/Productos Saludables/Repostería y Cocina/Harina/ /Productos Saludables/Repostería y Cocina/ /Productos Saludables/ /9/273/284/ /9/273/ /9/ Frasco 200 g 1306519NNAMCPR Consumir una cucharada 3 veces al día, mezclada con jugos, leche, yogurt u otras bebidas. No consumir durante el embarazo. En caso de lactancia, consultar con su médico antes de consumir. Mantener fuera del alcance de los niños. Presentación Registro Sanitario Modo de uso Precauciones y Contraindicaciones No Producto a Pedido 0 Presentación Registro Sanitario Modo de uso Precauciones y Contraindicaciones Producto a Pedido Stock Security Campos Auxiliares Highlight Stock Security La Naturaleza y tu Salud Harina de Lúcuma Instantáneo es un producto natural obtenido de la fruta deshidratada. Su contenido de fibra y compuestos antioxidantes contribuye a complementar la alimentación diaria y puede apoyar el bienestar general dentro de una dieta equilibrada.",vtex_spec_or_regex,false_no_component_match
Farmacia Universal,Pack Ensure Advance con HMB Sabor Vainilla 4 und Caja 1.4 kg c/u + 1 und Lata 400 g,Pack Ensure Advance con HMB Sabor Vainilla 4 und Caja 1.4 kg c/u + 1 und Lata 400 g Precio + Delivery Gratis,P2910121ENAABLB,565.98,PEN,unavailable,https://www.farmaciauniversal.com/pack-ensure-advance-con-hmb-sabor-vainilla-4-und-lata-14-kg-c-u-1-und-lata-400-g/p,99182,Ensure,vtex_catalog_search,2026-06-08T00:46:50.206924+00:00,,"/Vitaminas y Suplementos/Suplementos Nutricionales/Fórmulas para Adultos/ /Vitaminas y Suplementos/Suplementos Nutricionales/ /Vitaminas y Suplementos/ /1/12/28/ /1/12/ /1/ Pack Promocional P2910121ENAABLB Para preparar una porción de 230 mL, vierta aproximadamente 195 mL (6 onzas) de agua previamente hervida fría en un vaso, agregue gradualmente 6 cucharas rasas (cuchara medidora incluida en la lata) ó 53,5 g de Ensure® Advance en polvo, mientras agita y mezcla para disolver. Ensure® Advance una vez preparado debe usarse inmediatamente, de lo contrario, debe taparse, refrigerarse y usarse en las siguientes 24 horas. Ensure® Advance está exento de gluten y lactosa. No se debe usar en personas con galactosemia. Para adultos. No se debe usar en niños, a menos que su uso sea recomendado por un médico u otro profesional de la salud calificado. No es para uso intravenoso. Presentación Registro Sanitario Modo de uso Precauciones y Contraindicaciones No Producto a Pedido Presentación Registro Sanitario Modo de uso Precauciones y Contraindicaciones Producto a Pedido Campos Auxiliares Highlight Es un alimento en polvo para bebida con vitaminas, minerales, proteínas, calcio y antioxidantes. Contiene nutrientes clave que ayudan a mantener y recuperar la masa muscular*. *Acompañado de un estilo de vida activo o ejercicio Ensure Advance, contiene: Proteínas de alta calidad y HMB para ayudar a promover la salud muscular. 28 vitaminas y minerales para ayudar a mantenerte fuerte y saludable. Mezcla de grasas vegetales con Omega-3 para promover la salud del corazón.",vtex_spec_or_regex,false_no_component_match
Farmacia Universal,Similac Total Comfort 1 - Lata 800 g,Similac Total Comfort 1 800 g Precio + Delivery Gratis,I1001025ENAABLB,168.00,PEN,unavailable,https://www.farmaciauniversal.com/similac-total-comfort-1-lata-800-g/p,32037,Similac,vtex_catalog_search,2026-06-08T00:46:50.207253+00:00,,/Cuidado Infantil/Nutrición Infantil/Fórmulas Infantiles/ /Cuidado Infantil/Nutrición Infantil/ /Cuidado Infantil/ /5/151/167/ /5/151/ /5/ Lata 800 g I1001025ENAABLB Lavar con jabón todos los utensilios que se utilizarán para la preparación y hervirlos durante 5 minutos. Hervir agua potable durante 5 minutos y dejar enfriar hasta que esté tibia. Verter la cantidad necesaria de agua previamente hervida en el recipiente. Agregar una medida al ras del producto por cada 60 ml de agua. Mezclar hasta que el polvo se disuelva completamente y verificar la temperatura antes de alimentar al bebé. Desechar cualquier preparación no utilizada después de una hora. Utilizar bajo recomendación de un profesional de la salud. No usar en casos de galactosemia. Preparar la fórmula siguiendo estrictamente las instrucciones para evitar riesgos para la salud del lactante. Mantener la lata bien cerrada y almacenar en un lugar fresco y seco. Presentación Registro Sanitario Modo de uso Precauciones y Contraindicaciones No Producto a Pedido 1 Presentación Registro Sanitario Modo de uso Precauciones y Contraindicaciones Producto a Pedido Stock Security Campos Auxiliares Highlight Stock Security Similac Total Comfort 1 es una fórmula infantil nutricionalmente completa diseñada para lactantes durante su primer año de vida. Puede ser recomendada por el médico o profesional de la salud cuando se requiere complementar o sustituir la lactancia materna. Su formulación busca facilitar la digestión y contribuir al aporte de nutrientes necesarios para el crecimiento y desarrollo del bebé dentro de una alimentación adecuada.,vtex_spec_or_regex,false_no_component_match
Farmacia Universal,Magnesol Kids Sabor Fresa Mezcla en Polvo - Pote 150 g,Magnesol Kids Sabor Fresa Mezcla en Polvo 150 g Precio + Delivery Gratis,P2963724NNACSVV,39.90,PEN,available,https://www.farmaciauniversal.com/magnesol-kids-sabor-fresa-mezcla-en-polvo-pote-150-g/p,30399,Magnesol,vtex_catalog_search,2026-06-08T00:46:50.700923+00:00,10,"/Cuidado Infantil/Nutrición Infantil/Suplementos Infantiles/ /Cuidado Infantil/Nutrición Infantil/ /Cuidado Infantil/ /5/151/340/ /5/151/ /5/ Pote 150 g P2963724NNACSVV Dosis recomendada 4-8 años: 1 cucharada 9-13 años: 2 cucharadas Es importante consultar con un médico antes de tomar MAGNESOL KIDS si el niño tiene alguna condición médica. No recomendado en pacientes con insuficiencia renal. Presentación Registro Sanitario Modo de uso Precauciones y Contraindicaciones No Producto a Pedido Fresa Sabor 1 Presentación Registro Sanitario Modo de uso Precauciones y Contraindicaciones Producto a Pedido Sabor Stock Security Campos Auxiliares Highlight Filtros Stock Security Magnesol kids es una mezcla en polvo para consumo como bebida instantánea, con sabor a fresa que proporciona magnesio y zinc para el crecimimiento y desarrollo de los niños",vtex_spec_or_regex,false_no_component_match
Farmacia Universal,Feqoxil Uomo Comprimidos Masticables - Caja 30 und,Feqoxil Uomo Comprimidos Masticables 30 und Precio + Delivery Gratis,DE3385,92.40,PEN,available,https://www.farmaciauniversal.com/feqoxil-uomo-comprimidos-masticables-caja-30-und/p,4498,Vitalyv,vtex_catalog_search,2026-06-08T00:46:50.701153+00:00,100,/Vitaminas y Suplementos/Multivitamínicos/Fertilidad/ /Vitaminas y Suplementos/Multivitamínicos/ /Vitaminas y Suplementos/ /1/344/428/ /1/344/ /1/ Caja 30 und DE3385 Adultos masticar o tragar un comprimido al día. Advertencia: Los complementos alimenticios no se deben utilizar como sustitutos de una dieta equilibrada y un estilo de vida sano. Mantener fuera del alcance de los niños. Presentación Registro Sanitario Modo de uso Precauciones y Contraindicaciones No Producto a Pedido 1 Presentación Registro Sanitario Modo de uso Precauciones y Contraindicaciones Producto a Pedido Stock Security Campos Auxiliares Highlight Stock Security Feqoxil Uomo es un complemento alimenticio de Coenzima Q10 y Zinc. Co tratamientos de reproducción asistida (mejorando parámetros espermáticos). Favorece la función de los músculos y del corazón.,vtex_spec_or_regex,false_no_component_match
Farmacia Universal,More Beauty Gomitas Sabor Cereza - Frasco 50 und,More Beauty Gomitas Sabor Cereza 50 und Precio + Delivery Gratis,G6800321NNANNTR,38.85,PEN,available,https://www.farmaciauniversal.com/more-beauty-gomitas-sabor-cereza-frasco-50-und/p,29454,More,vtex_catalog_search,2026-06-08T00:46:50.701373+00:00,10,/Vitaminas y Suplementos/Multivitamínicos/Cabello y Uñas/ /Vitaminas y Suplementos/Multivitamínicos/ /Vitaminas y Suplementos/ /1/344/357/ /1/344/ /1/ Frasco 50 und G6800321NNANNTR Consumir 2 gomitas masticables al día. Se recomienda consumir las gomitas de Biotina una hora después del desayuno ó almuerzo. Conservar en una temperatura ambiente en un lugar fresco y seco. Evitar la exposición al sol o cualquier otra fuente de calor. Mantener a temperaturas menores a 25°C. Presentación Registro Sanitario Modo de uso Precauciones y Contraindicaciones No Producto a Pedido Cereza Frasco 50 und Sabor Presentaciones 1 Presentación Registro Sanitario Modo de uso Precauciones y Contraindicaciones Producto a Pedido Sabor Presentaciones Stock Security Campos Auxiliares Highlight Filtros Stock Security Gomitas de gelatina sabor cereza con biotina.,vtex_spec_or_regex,false_no_component_match
Farmacia Universal,Infanzia Coligas Solución Oral en Gotas - Frasco 20 ml,Infanzia Coligas Solución Oral en Gotas 20 ml Precio + Delivery Gratis,PNE1631,32.00,PEN,available,https://www.farmaciauniversal.com/infanzia-coligas-solucion-oral-en-gotas-frasco-20-ml/p,31364,Infanzia,vtex_catalog_search,2026-06-08T00:46:50.702745+00:00,10,"/Cuidado Infantil/Nutrición Infantil/Suplementos Infantiles/ /Cuidado Infantil/Nutrición Infantil/ /Cuidado Infantil/ /5/151/340/ /5/151/ /5/ Frasco 20 ml PNE1631 Administrar 1 gota por cada kilo de peso, según sea necesario. Agitar bien antes de usar. Mantener fuera del alcance de los niños. No exceder la dosis diaria recomendada. En caso de dudas o uso prolongado, consultar con un profesional de la salud. Presentación Registro Sanitario Modo de uso Precauciones y Contraindicaciones No Producto a Pedido 1 Presentación Registro Sanitario Modo de uso Precauciones y Contraindicaciones Producto a Pedido Stock Security Campos Auxiliares Highlight Stock Security Infanzia Coligas Gotas es una fórmula natural a base de extractos de manzanilla, hinojo, melisa y tilo, plantas tradicionalmente utilizadas para favorecer el alivio de cólicos y gases. Su acción ayuda a relajar los músculos gastrointestinales, contribuyendo a reducir espasmos, mejorar la digestión y promover una sensación de bienestar en bebés y niños.",vtex_spec_or_regex,false_no_component_match
Farmacia Universal,Tinku Ashwagandha Gomitas Sabor Naranja - Frasco 60 und,Tinku Ashwagandha Gomitas Sabor Naranja 60 und Precio + Delivery Gratis,G6615622NNAVDLB,49.00,PEN,available,https://www.farmaciauniversal.com/tinku-ashwagandha-gomitas-sabor-naranja-frasco-60-und/p,31323,Tinku,vtex_catalog_search,2026-06-08T00:46:50.703011+00:00,10,"/Vitaminas y Suplementos/Multivitamínicos/Relajantes/ /Vitaminas y Suplementos/Multivitamínicos/ /Vitaminas y Suplementos/ /1/344/351/ /1/344/ /1/ Frasco 60 und G6615622NNAVDLB Consumir 1 a 2 gomitas al día. No exceder la porción diaria recomendada. No indicado para mujeres embarazadas o en periodo de lactancia. Consultar al médico en caso de estar bajo tratamiento o presentar condiciones médicas. Presentación Registro Sanitario Modo de uso Precauciones y Contraindicaciones No Producto a Pedido Presentación Registro Sanitario Modo de uso Precauciones y Contraindicaciones Producto a Pedido Campos Auxiliares Highlight Suplemento en gomitas sabor naranja formulado con extracto natural de ashwagandha, reconocida por sus propiedades adaptógenas quepueden ayudar a reducir el estrés, mejorar la concentración y favorecer la calma mental. Su textura suave y sabor agradable hacen más fácil integrarlas en la rutina diaria para mantener el equilibrio emocional y físico.",vtex_spec_or_regex,false_no_component_match
Farmacia Universal,HI Universal Colágeno Hidrolizado con Glucosamina - Frasco 600 g,HI Universal Colágeno Hidrolizado con Glucosamina 600 g Precio + Delivery Gratis,N8330322NNAHRNT,118.00,PEN,available,https://www.farmaciauniversal.com/hi-universal-colageno-hidrolizado-con-glucosamina-lata-600-g/p,27213,HI Universal,vtex_catalog_search,2026-06-08T00:46:50.703586+00:00,100,"/Vitaminas y Suplementos/Minerales y Otros/Colágenos/ /Vitaminas y Suplementos/Minerales y Otros/ /Vitaminas y Suplementos/ /1/10/323/ /1/10/ /1/ Frasco 600 g N8330322NNAHRNT Recomendaciones de uso: Disolver una cucharada (10g) en un vaso con agua, jugo o cualquier bebida alimenticia, ya sea caliente, helada o fría. Recomendable consumir antes de acostarse para una mayor absorción. No tienen restricciones de uso, de preferencia puede consumir personas mayores de 14 años. Almacenar en lugar fresco y seco. Presentación Registro Sanitario Modo de uso Precauciones y Contraindicaciones No Producto a Pedido Frasco 600 g Presentaciones 1 Presentación Registro Sanitario Modo de uso Precauciones y Contraindicaciones Producto a Pedido Presentaciones Stock Security Campos Auxiliares Highlight Filtros Stock Security Cada vez son más las personas que quieren cuidar sus articulaciones. Con el tiempo, las articulaciones se desgastan y pueden aparecer molestias que dificultan la movilidad y llevar a cabo todas las tareas del día a día. El colágeno es la proteína más abundante en tu cuerpo, es el componente principal de los tejidos conectivos que conforman varias partes del cuerpo, incluyendo los tendones, los ligamentos, la piel y los músculos. El colágeno desempeña muchas funciones importantes, como proporcionar estructura a la piel y fortalecer los huesos. La glucosamina es una de las sustancias que tu cuerpo usa para formar cartílago. La Vitamina C contribuye a la normal formación de colágeno para el funcionamiento normal del cartílago. El camu camu es una fruta amazónica, y es una de las que ofrece mayor cantidad de vitamina C; Su potente función antioxidante permite una mejor absorción del colágeno. El calcio es esencial puesto que es necesario para el mantenimiento normal de los huesos en condiciones normales, la vitamina D contribuye a la absorción y utilización normal de calcio y fosforo.",vtex_spec_or_regex,false_no_component_match
Farmacia Universal,Ensure Advance con HMB en Polvo Sabor Vainilla - Lata 850 g,Ensure Advance con HMB en Polvo Vainilla 850 g Precio + Delivery Gratis,P2910121ENAABLB,119.90,PEN,available,https://www.farmaciauniversal.com/ensure-advance-con-hmb-en-polvo-sabor-vainilla-lata-850-g/p,17036,Ensure,vtex_catalog_search,2026-06-08T00:46:50.710963+00:00,100,"/Vitaminas y Suplementos/Suplementos Nutricionales/Fórmulas para Adultos/ /Vitaminas y Suplementos/Suplementos Nutricionales/ /Vitaminas y Suplementos/ /1/12/28/ /1/12/ /1/ Lata 850 g P2910121ENAABLB Para preparar una porción de 230 mL, vierta aproximadamente 195 mL (6 onzas) de agua previamente hervida fría en un vaso, agregue gradualmente 6 cucharas rasas (cuchara medidora incluida en la lata) ó 53,5 g de Ensure® Advance en polvo, mientras agita y mezcla para disolver. Ensure® Advance una vez preparado debe usarse inmediatamente, de lo contrario, debe taparse, refrigerarse y usarse en las siguientes 24 horas. Ensure® Advance está exento de gluten y lactosa. No se debe usar en personas con galactosemia. Para adultos. No se debe usar en niños, a menos que su uso sea recomendado por un médico u otro profesional de la salud cali¬ficado. NO ES PARA USO INTRAVENOSO Presentación Registro Sanitario Modo de uso Precauciones y Contraindicaciones No Producto a Pedido Vainilla Lata 850 g Sabor Presentaciones 1 Presentación Registro Sanitario Modo de uso Precauciones y Contraindicaciones Producto a Pedido Sabor Presentaciones Stock Security Campos Auxiliares Highlight Filtros Stock Security Es un alimento en polvo para bebida con vitaminas, minerales, proteínas, calcio y antioxidantes. Contiene nutrientes clave que ayudan a mantener y recuperar la masa muscular*. *Acompañado de un estilo de vida activo o ejercicio. Ensure Advance, contiene: Proteínas de alta calidad y HMB para ayudar a promover la salud muscular. 28 vitaminas y minerales para ayudar a mantenerte fuerte y saludable. Mezcla de grasas vegetales con Omega-3 para promover la salud del corazón.",vtex_spec_or_regex,false_no_component_match
Farmacia Universal,Schuler Uña de Gato 150 mg Cápsulas - Caja 100 und,Schuler Uña de Gato 150 mg Cápsulas 100 und Precio + Delivery Gratis,PNN0014,52.00,PEN,available,https://www.farmaciauniversal.com/schuler-unia-de-gato-150-mg-capsulas-caja-100-und/p,1039,Schuler,vtex_catalog_search,2026-06-08T00:46:50.713211+00:00,10,"/Vitaminas y Suplementos/Multivitamínicos/Adultos/ /Vitaminas y Suplementos/Multivitamínicos/ /Vitaminas y Suplementos/ /1/344/350/ /1/344/ /1/ Caja 100 und PNN0014 Como preventivo 1 cápsula por día, pudiendo consumir hasta 3 cápsulas diarias en tratamientos específicos. Se recomienda consumir durante periodos prolongados (3 meses). Descontinuar por 1 a 3 semanas y luego reiniciar. Consumir media hora antes de las comidas con agua. Individuos con alergia conocida a la planta Uncaria tomentosa deben evitar su uso. También se desaconseja su consumo durante el embarazo y la lactancia, así como en personas con trastornos autoinmunes o que estén tomando medicamentos inmunosupresores. Se recomienda consultar con un profesional de la salud antes de iniciar el uso de este suplemento, especialmente si se tienen condiciones médicas preexistentes o se está bajo tratamiento médico. Se aconseja evitar su consumo en caso de alergia a la planta Uncaria tomentosa. Las personas embarazadas o en período de lactancia deben consultar a un profesional de la salud antes de utilizar este suplemento. Además, aquellos con trastornos autoinmunes o que estén tomando medicamentos inmunosupresores deben buscar orientación médica previa. Se recomienda seguir las indicaciones de dosificación y, en caso de experimentar efectos secundarios inesperados, interrumpir su uso y consultar a un profesional de la salud. Como medida general, se sugiere la consulta médica antes de comenzar cualquier suplemento, especialmente en presencia de condiciones de salud preexistentes. Presentación Registro Sanitario Modo de uso Precauciones y Contraindicaciones No Producto a Pedido 1 Presentación Registro Sanitario Modo de uso Precauciones y Contraindicaciones Producto a Pedido Stock Security Campos Auxiliares Highlight Stock Security Uña de Gato Schuler es un suplemento que aprovecha los beneficios de la planta Uncaria tomentosa. Con propiedades antioxidantes y antiinflamatorias, respalda el sistema inmunológico y la salud articular. Las cápsulas facilitan su incorporación diaria, ofreciendo un apoyo natural para una mejor salud general.",vtex_spec_or_regex,false_no_component_match
Farmacia Universal,Florax SM Pediátrico Suspensión Oral Frascos - Caja 5 und,Florax-SM Pediátrico Suspensión Oral Frascos 5 und Precio + Delivery Gratis,DE2649,30.00,PEN,unavailable,https://www.farmaciauniversal.com/florax-sm-pediatrico-suspension-oral-frascos-caja-5-und/p,4784,Contilab,vtex_catalog_search,2026-06-08T00:46:50.969538+00:00,,/Cuidado Infantil/Nutrición Infantil/Suplementos Infantiles/ /Cuidado Infantil/Nutrición Infantil/ /Cuidado Infantil/ /5/151/340/ /5/151/ /5/ Caja 5 und DE2649 Disturbios de la flora intestinal causados por gérmenes patógenos. Disturbios de la flora intestinal causados por el uso de antibióticos. Presentación Registro Sanitario Modo de uso No Producto a Pedido 1 Presentación Registro Sanitario Modo de uso Producto a Pedido Stock Security Campos Auxiliares Highlight Stock Security Suplemento dietético. Saccharomyces cerevisiae 250 millones de células/5 ml.,vtex_spec_or_regex,false_no_component_match
Farmacia Universal,Glucerna en Polvo Sabor Vainilla - Lata 850 g,Glucerna en Polvo Vainilla 850 g Precio + Delivery Gratis,I4100722ENAABLB,141.70,PEN,unavailable,https://www.farmaciauniversal.com/glucerna-en-polvo-sabor-vainilla-lata-850-g/p,28343,Glucerna,vtex_catalog_search,2026-06-08T00:46:50.970336+00:00,,"/Vitaminas y Suplementos/Suplementos Nutricionales/Fórmulas para Diabéticos/ /Vitaminas y Suplementos/Suplementos Nutricionales/ /Vitaminas y Suplementos/ /1/12/30/ /1/12/ /1/ Lata 850 g I4100722ENAABLB Para preparar una porción de aprox. 237mL, agregar a 195mL de agua fría 6 medidas al ras o 53,3 g de Glucerna® polvo, mezclando hasta disolver completamente. Tome Glucerna® en el marco de una dieta saludable. Consulte con su médico respecto a las porciones que requiere. No para uso en personas con galactosemia. Exento de gluten. Utilizar en niños solamente si es recomendado por un médico u otro profesional de la salud calificado. Presentación Registro Sanitario Modo de uso Precauciones y Contraindicaciones No Producto a Pedido Vainilla Sabor 1 Presentación Registro Sanitario Modo de uso Precauciones y Contraindicaciones Producto a Pedido Sabor Stock Security Campos Auxiliares Highlight Filtros Stock Security Glucerna es un producto alimenticio específicamente diseñado con nutrientes para ayudar a controlar los niveles de glucosa en sangre y apoyar el estado nutricional como parte de un plan de alimentación para personas con diabetes ya que contiene: Un sistema avanzado de carbohidratos de digestión lenta y ahora con inositol, que te ayudan a controlar tus niveles de glucosa en sangre. Y más de 30 nutrientes que te ayudan a cubrir tus necesidades nutricionales, entre ellos: Proteínas. Combinación de ácidos grasos saludables Omega-3, 6 y 9 para la salud cardiovascular. Antioxidantes (vitamina C, vitamina E y selenio), zinc y hierro para apoyar tu sistema inmune. Una mezcla de fibras solubles incluyendo FOS (fibras prebióticas) y fibras insolubles para promover la salud digestiva. Adicionalmente, Glucerna no contiene sacarosa y es apto para personas con intolerancia a la lactosa.",vtex_spec_or_regex,false_no_component_match
Farmacia Universal,Multicare Complemento Nutricional Sabor Vainilla - Frasco 1 kg,Multicare Complemento Nutricional Sabor Vainilla 1 kg Precio + Delivery Gratis,P2966624NNABOLB,149.99,PEN,available,https://www.farmaciauniversal.com/multicare-complemento-nutricional-sabor-vainilla-frasco-1-kg/p,29336,Medihealth,vtex_catalog_search,2026-06-08T00:46:51.566480+00:00,10,"/Vitaminas y Suplementos/Suplementos Nutricionales/Fórmulas para Adultos/ /Vitaminas y Suplementos/Suplementos Nutricionales/ /Vitaminas y Suplementos/ /1/12/28/ /1/12/ /1/ Frasco 1 kg P2966624NNABOLB Multicare en polvo se diluye en 200 ml de agua u otras bebidas como jugos o yogurt. De preferencia en líquidos con temperatura tibia para una mejor disolución. Evitar su consumo en caso de hipersensibilidad a alguno de sus ingredientes. Almacenar a temperatura ambiente. Mantener fuera del alcance de los niños. Presentación Registro Sanitario Modo de uso Precauciones y Contraindicaciones No Producto a Pedido 1 Presentación Registro Sanitario Modo de uso Precauciones y Contraindicaciones Producto a Pedido Stock Security Campos Auxiliares Highlight Stock Security Multicare es una fórmula nutricional hiperprotéica hecha para satisfacer las necesidades nutricionales básicas de jóvenes, adultos y adultos mayores. Repotencia su efecto con el uso de prebióticos y probióticos, que al equilibrar la flora intestinal facilitan y potencian la absorcion de nutrientes. No contiene azucar ni lactosa, por lo que tambien esta indicado para personas con deficiencia de insulina o trastornos de sobrepeso.",vtex_spec_or_regex,false_no_component_match
Farmacia Universal,Multicare Junior Complemento Nutricional Sabor Vainilla - Frasco 1 kg,Multicare Junior Complemento Nutricional Sabor Vainilla 1 kg Precio + Delivery Gratis,P2970620NNAGUZD,149.99,PEN,available,https://www.farmaciauniversal.com/multicare-junior-complemento-nutricional-sabor-vainilla-frasco-1-kg/p,29337,Medihealth,vtex_catalog_search,2026-06-08T00:46:51.567054+00:00,1,"/Cuidado Infantil/Nutrición Infantil/Fórmulas Infantiles/ /Cuidado Infantil/Nutrición Infantil/ /Cuidado Infantil/ /5/151/167/ /5/151/ /5/ Frasco 1 kg P2970620NNAGUZD Multicare en polvo se diluye en 200 ml de agua u otras bebidas como jugos o yogurt. De preferencia en líquidos con temperatura tibia para una mejor disolución. Evitar su consumo en caso de hipersensibilidad a alguno de sus ingredientes. Almacenar a temperatura ambiente. Mantener fuera del alcance de los niños. Presentación Registro Sanitario Modo de uso Precauciones y Contraindicaciones No Producto a Pedido 1 Presentación Registro Sanitario Modo de uso Precauciones y Contraindicaciones Producto a Pedido Stock Security Campos Auxiliares Highlight Stock Security Multicare Junior es una fórmula nutricional dirigida a niños y jóvenes de 8 a 18 años. Desarrollada para satisfacer las necesidades básicas de crecimiento y regeneracion celular que los jóvenes necesitan. Contiene una gran cantidad de proteínas, aminoácidos escenciales, DHA y ARA.",vtex_spec_or_regex,false_no_component_match
Farmacia Universal,BIRM Inmunomodulador 40 mg Cápsulas - Frasco 90 und,BIRM Inmunomodulador 40 mg Cápsulas 90 und Precio + Delivery Gratis,PNE1754,172.01,PEN,available,https://www.farmaciauniversal.com/birm-inmunomodulador-40-mg-capsulas-frasco-90-und/p,27685,BIRM,vtex_catalog_search,2026-06-08T00:46:51.570831+00:00,10,"/Vitaminas y Suplementos/Multivitamínicos/Adultos/ /Vitaminas y Suplementos/Multivitamínicos/ /Vitaminas y Suplementos/ /1/344/350/ /1/344/ /1/ Frasco 90 und PNE1754 Adultos: Tomar 1 cápsula cada 24 horas, con comida. Se recomienda consultar con su médico para obtener una dosis adecuada. Conversar a temperatura no mayor a 30 °C. Algunos pacientes pueden presentar reacciones adversas como pupilas dilatadas y efectos gastrointestinales (diarrea, náuseas y vómitos) Presentación Registro Sanitario Modo de uso Precauciones y Contraindicaciones No Producto a Pedido 1 Presentación Registro Sanitario Modo de uso Precauciones y Contraindicaciones Producto a Pedido Stock Security Campos Auxiliares Highlight Stock Security Complemento alimenticio que ayuda a mantener un sistema inmunológico equilibrado, permitiéndonos contar con las defensas necesarias para prevenir enfermedades. Composición: Extracto de Solanum dulcamara L. 40 mg.",vtex_spec_or_regex,false_no_component_match
Farmacia Universal,BIRM Inmunomodulador 160 mg Cápsulas - Frasco 90 und,BIRM Inmunomodulador 160 mg Cápsulas 90 und Precio + Delivery Gratis,PNE1726,599.02,PEN,available,https://www.farmaciauniversal.com/birm-inmunomodulador-160-mg-capsulas-frasco-90-und/p,27684,BIRM,vtex_catalog_search,2026-06-08T00:46:51.571054+00:00,10,"/Vitaminas y Suplementos/Multivitamínicos/Adultos/ /Vitaminas y Suplementos/Multivitamínicos/ /Vitaminas y Suplementos/ /1/344/350/ /1/344/ /1/ Frasco 90 und PNE1726 Adultos: Tomar 1 cápsula cada 24 horas, con comida. Se recomienda consultar con su médico para obtener una dosis adecuada. Conversar a temperatura no mayor a 30 °C. Algunos pacientes pueden presentar reacciones adversas como pupilas dilatadas y efectos gastrointestinales (diarrea, náuseas y vómitos) Presentación Registro Sanitario Modo de uso Precauciones y Contraindicaciones No Producto a Pedido 1 Presentación Registro Sanitario Modo de uso Precauciones y Contraindicaciones Producto a Pedido Stock Security Campos Auxiliares Highlight Stock Security Complemento alimenticio con fórmula concentrada, recomendado para sistemas inmunológicos comprometidos. Actúa como coadyuvante en el tratamiento de enfermedades crónicas. Composición: Extracto de Solanum dulcamara L. 160 mg.",vtex_spec_or_regex,false_no_component_match
Farmacia Universal,Pedialact Premium Sabor Vainilla - Lata 400 g,Pedialact Premium Sabor Vainilla 400 g Precio + Delivery Gratis,I3000725ENASNNT,56.00,PEN,available,https://www.farmaciauniversal.com/pedialact-premium-sabor-vainilla-lata-400-g/p,29202,Pedialact,vtex_catalog_search,2026-06-08T00:46:51.571249+00:00,10,"/Cuidado Infantil/Nutrición Infantil/Fórmulas Infantiles/ /Cuidado Infantil/Nutrición Infantil/ /Cuidado Infantil/ /5/151/167/ /5/151/ /5/ Lata 400 g I3000725ENASNNT Seguir cuidadosamente las instrucciones del envase, con una apropiada higiene, preparación, dilución, uso y almacenamiento. Conservar la lata bien tapada, en un lugar fresco y seco a temperatura ambiente. Presentación Registro Sanitario Modo de uso Precauciones y Contraindicaciones No Producto a Pedido Vainilla Lata 400 g Sabor Presentaciones Presentación Registro Sanitario Modo de uso Precauciones y Contraindicaciones Producto a Pedido Sabor Presentaciones Campos Auxiliares Highlight Filtros Complemento nutricional para niños de 2 a 10 años.",vtex_spec_or_regex,false_no_component_match
Farmacia Universal,Pedialact Premium Sabor Vainilla - Lata 900 g,Pedialact Premium Vainilla 900 g Precio + Delivery Gratis,I3000725ENASNNT,110.00,PEN,available,https://www.farmaciauniversal.com/pedialact-premium-sabor-vainilla-lata-900-g/p,28524,Pedialact,vtex_catalog_search,2026-06-08T00:46:51.571486+00:00,10,"/Cuidado Infantil/Nutrición Infantil/Fórmulas Infantiles/ /Cuidado Infantil/Nutrición Infantil/ /Cuidado Infantil/ /5/151/167/ /5/151/ /5/ Lata 900 g I3000725ENASNNT Seguir cuidadosamente las instrucciones del envase, con una apropiada higiene, preparación, dilución, uso y almacenamiento Conservar la lata bien tapada, en un lugar fresco y seco a temperatura ambiente. Presentación Registro Sanitario Modo de uso Precauciones y Contraindicaciones No Producto a Pedido Vainilla Lata 900 g Sabor Presentaciones 1 Presentación Registro Sanitario Modo de uso Precauciones y Contraindicaciones Producto a Pedido Sabor Presentaciones Stock Security Campos Auxiliares Highlight Filtros Stock Security Complemento nutricional para niños de 2 a 10 años.",vtex_spec_or_regex,false_no_component_match
Farmacia Universal,Nutranex D Protein Sabor Neutro - Lata 275 g,Nutranex D Protein Sabor Neutro 275 g Precio + Delivery Gratis,P2976820NNANSLB,130.26,PEN,available,https://www.farmaciauniversal.com/nutranex-d-protein-sabor-neutro-lata-275-g/p,19346,Orbis International,vtex_catalog_search,2026-06-08T00:46:51.572052+00:00,100,"/Vitaminas y Suplementos/Minerales y Otros/Proteínas/ /Vitaminas y Suplementos/Minerales y Otros/ /Vitaminas y Suplementos/ /1/10/19/ /1/10/ /1/ Lata 275 g P2976820NNANSLB Se sugiere utilizar 5.6g (1 cuchara medidora) en la bebida de su elección. Puede ser adicionado a comidas y bebidas habituales a las que no les cambia el sabor ni tiene poder edulcorante. Apto unicamente para el consumo por vía enteral y oral. No apto para el uso por vía parentenal (intravenosa). No suministras si padece de hipersensibilidad a cualquiera de sus componentes. Presentación Registro Sanitario Modo de uso Precauciones y Contraindicaciones No Producto a Pedido Neutro Sabor 1 Presentación Registro Sanitario Modo de uso Precauciones y Contraindicaciones Producto a Pedido Sabor Stock Security Campos Auxiliares Highlight Filtros Stock Security Módulo proteico a base de caseinato de calcio y proteína concentrada de suero lácteo, con antioxidante, 18 aminoácidos, libre de azúcar, libre de gluten, libre de grasas y sin preservantes. Indicado para complementar los requerimientos diarios proteicos.",vtex_spec_or_regex,false_no_component_match
Farmacia Universal,Ana Maria Lajusticia Magnesio Total 5 con Harpago Comprimidos - Frasco 70 und,Ana Maria Lajusticia Magnesio Total 5 con Harpago Comprimidos 70 und Precio + Delivery Gratis,DE5592,159.90,PEN,available,https://www.farmaciauniversal.com/ana-maria-lajusticia-magnesio-total-5-con-harpago-comprimidos-frasco-70-und/p,32537,Ana Maria Lajusticia,vtex_catalog_search,2026-06-08T00:46:51.573622+00:00,10,"/Vitaminas y Suplementos/Multivitamínicos/Osteoarticulares/ /Vitaminas y Suplementos/Multivitamínicos/ /Vitaminas y Suplementos/ /1/344/354/ /1/344/ /1/ Frasco 70 und DE5592 Tomar 2 comprimidos al día, repartidos entre el desayuno y la cena. No se recomienda para personas con úlcera gástrica ni para pacientes con enfermedad renal. Las mujeres embarazadas deben consultar con su médico antes de consumir cualquier complemento dietético. Mantener fuera del alcance de los niños. Presentación Registro Sanitario Modo de uso Precauciones y Contraindicaciones No Producto a Pedido 0 Presentación Registro Sanitario Modo de uso Precauciones y Contraindicaciones Producto a Pedido Stock Security Campos Auxiliares Highlight Stock Security Ana Maria Lajusticia Magnesio Total 5 con Harpago es un complemento nutricional que combina extracto seco de harpagofito con cinco fuentes de magnesio, entre ellas citrato y bisglicinato de magnesio. El magnesio contribuye al funcionamiento normal de los músculos y del sistema nervioso, además de participar en procesos relacionados con la reducción del cansancio y la fatiga. El harpagofito es una planta tradicionalmente utilizada para complementar el cuidado de las articulaciones y la movilidad. Su formulación está orientada a personas que desean complementar su aporte de magnesio y apoyar el bienestar musculoesquelético durante actividades físicas o periodos de mayor exigencia.",vtex_spec_or_regex,false_no_component_match
Farmacia Universal,Colgate Hilo Dental Encerado Menta - Rollo 50 m,Colgate Hilo Dental Encerado Menta 50 m Precio + Delivery Gratis,DM254E,14.31,PEN,available,https://www.farmaciauniversal.com/colgate-hilo-dental-encerado-menta-rollo-50-m/p,7824,Colgate,vtex_catalog_search,2026-06-08T00:46:51.578369+00:00,10,"/Cuidado Personal/Cuidado Bucal/Hilos Dentales/ /Cuidado Personal/Cuidado Bucal/ /Cuidado Personal/ /7/208/234/ /7/208/ /7/ Rollo 50 m DM254E Cortar aproximadamente 40 cm de hilo, enrollar en los dedos y deslizar suavemente entre cada diente y la línea de las encías. Usar una vez al día, preferiblemente antes del cepillado nocturno. Uso exclusivo en higiene bucal. Evitar aplicar demasiada presión para no dañar las encías. Mantener fuera del alcance de los niños pequeños. Presentación Registro Sanitario Modo de uso Precauciones y Contraindicaciones No Producto a Pedido 1 Presentación Registro Sanitario Modo de uso Precauciones y Contraindicaciones Producto a Pedido Stock Security Campos Auxiliares Highlight Stock Security Colgate Hilo Dental Encerado Menta sabor menta es un complemento esencial de la higiene bucal diaria. Su recubrimiento encerado facilita el deslizamiento entre los dientes y ayuda a remover placa y restos de alimentos en áreas donde el cepillo no alcanza, dejando una sensación fresca de limpieza.",vtex_spec_or_regex,false_no_component_match
Farmacia Universal,Listerine Cool Mint Zero Enjuague Bucal - Frasco 500 ml,Listerine Cool Mint Zero Enjuague Bucal 500 ml Precio + Delivery Gratis,NSOC4317111CO,22.71,PEN,available,https://www.farmaciauniversal.com/listerine-cool-mint-zero-enjuague-bucal-frasco-500-ml/p,22555,Listerine,vtex_catalog_search,2026-06-08T00:46:52.232247+00:00,10,"/Cuidado Personal/Cuidado Bucal/Enjuagues Bucales/ /Cuidado Personal/Cuidado Bucal/ /Cuidado Personal/ /7/208/233/ /7/208/ /7/ Frasco 500 ml NSOC4317111CO Enjuagar la boca con 20 ml (aprox. 4 cucharaditas) sin diluir, durante 30 segundos, dos veces al día después del cepillado. No tragar. Uso externo. No indicado en niños menores de 10 años. Mantener fuera del alcance de los niños. En caso de irritación o sensibilidad, suspender su uso y consultar al odontólogo. Presentación Registro Sanitario Modo de uso Precauciones y Contraindicaciones No Producto a Pedido 1 Presentación Registro Sanitario Modo de uso Precauciones y Contraindicaciones Producto a Pedido Stock Security Campos Auxiliares Highlight Stock Security Listerine Cool Mint Zero es un enjuague bucal sin alcohol con sabor a menta fresca. Está formulado para complementar el cepillado diario, ayudando a reducir gérmenes que causan mal aliento y a mantener una sensación prolongada de frescura en la boca, ideal para quienes buscan una opción menos intensa al no contener alcohol.",vtex_spec_or_regex,false_no_component_match
Farmacia Universal,Listerine Cuidado Total Frescura Intensa Enjuage Bucal - Frasco 180 ml,Listerine Cuidado Total Frescura Intensa Enjuage Bucal 180 ml Precio + Delivery Gratis,NSOC2753508CO,11.22,PEN,available,https://www.farmaciauniversal.com/listerine-cuidado-total-frescura-intensa-enjuage-bucal-frasco-180-ml/p,11848,Listerine,vtex_catalog_search,2026-06-08T00:46:52.234235+00:00,10,"/Cuidado Personal/Cuidado Bucal/Enjuagues Bucales/ /Cuidado Personal/Cuidado Bucal/ /Cuidado Personal/ /7/208/233/ /7/208/ /7/ Frasco 180 ml NSOC2753508CO Después del cepillado y uso del hilo dental, por la mañana y por la noche, enjuague la boca con 20 mL de LISTERINE® No ingerir. No recomendado para niños menores de 12 años sin supervisión de un adulto. Si se presenta irritación o sensibilidad, suspender su uso y consultar con un profesional de la salud dental. Presentación Registro Sanitario Modo de uso Precauciones y Contraindicaciones No Producto a Pedido 1 Presentación Registro Sanitario Modo de uso Precauciones y Contraindicaciones Producto a Pedido Stock Security Campos Auxiliares Highlight Stock Security Listerine Cuidado Total Frescura Intensa es un enjuague bucal diseñado para complementar la rutina diaria de higiene oral. Su fórmula está orientada a ayudar a mantener una sensación prolongada de frescura, así como a apoyar el cuidado integral de la boca cuando se utiliza junto con el cepillado y el uso de hilo dental. Es una opción práctica para quienes buscan reforzar su limpieza bucal diaria.",vtex_spec_or_regex,false_no_component_match
Farmacia Universal,Tena Toallas Húmedas Clásicas para Adultos - Bolsa 20 und,Tena Toallas Húmedas Clásicas para Adultos 20 und Precio + Delivery Gratis,NSOC8186717CO,5.60,PEN,available,https://www.farmaciauniversal.com/tena-toallas-humedas-clasicas-para-adultos-bolsa-20-und/p,21311,Tena,vtex_catalog_search,2026-06-08T00:46:52.238364+00:00,10,"/Cuidado del Adulto/Higiene y Aseo Especializado/Toallas Húmedas/ /Cuidado del Adulto/Higiene y Aseo Especializado/ /Cuidado del Adulto/ /4/136/145/ /4/136/ /4/ Bolsa 20 und NSOC8186717CO 1. Levante la etiqueta. 2. Saque la toalla. 3. Cierre el empaque Guarde en un lugar fresco y seco. Mantenga el producto bien cerrado para evitar que se seque. Evite el contacto con los ojos. No se autoriza el uso en niños. No reutilice la toalla que ha sido usada en partes intimas para limpiar otras partes del cuerpo. Presentación Registro Sanitario Modo de uso Precauciones y Contraindicaciones No Producto a Pedido Bolsa 20 und Presentaciones 1 Presentación Registro Sanitario Modo de uso Precauciones y Contraindicaciones Producto a Pedido Presentaciones Stock Security Campos Auxiliares Highlight Filtros Stock Security Toallitas húmedas para adulto para complementar la rutina de higiene después de cada cambio de pañal. Con ingredientes naturales como Aloe Vera y Manzanilla que acondicionan la piel, evitando la irritación. Beneficios: sin Parabenos. No contiene alcohol. Fragancia con tecnología control olor.",vtex_spec_or_regex,false_no_component_match
Farmacia Universal,Similac Total Comfort 1 - Lata 350 g,Similac Total Comfort 1 350 g Precio + Delivery Gratis,I1001025ENAABLB,78.00,PEN,available,https://www.farmaciauniversal.com/similac-total-comfort-1-lata-350-g/p,32036,Similac,vtex_catalog_search,2026-06-08T00:46:52.242251+00:00,100,"/Cuidado Infantil/Nutrición Infantil/Fórmulas Infantiles/ /Cuidado Infantil/Nutrición Infantil/ /Cuidado Infantil/ /5/151/167/ /5/151/ /5/ Lata 350 g I1001025ENAABLB Añada el contenido de una cuchara medidora al ras de Similac por cada 60mL (2 oz fl) de agua previamente hervida. Mezcle bien y alimente al lactante inmediatamente o mantenga la preparación refrigerada entre 2°C – 4°C por no más de 24 horas. Una vez iniciada la alimentación, úsela dentro de la hora o deséchela. Al preparar la fórmula es importante seguir las instrucciones de higiene, manejo y almacenamiento. No seguir estrictamente las indicaciones podrían ser perjudicial para la salud del lactante La lactancia materna es el mejor alimento para el lactante. Utilizar este producto solo bajo recomendación médica o nutricional. No preparar con agua no hervida ni almacenar restos del producto preparado. Mantener fuera del alcance de los niños. Presentación Registro Sanitario Modo de uso Precauciones y Contraindicaciones No Producto a Pedido Presentación Registro Sanitario Modo de uso Precauciones y Contraindicaciones Producto a Pedido Campos Auxiliares Highlight Similac Total Comfort 1 es una fórmula infantil diseñada para lactantes desde el nacimiento hasta los 12 meses, utilizada como alternativa o complemento a la lactancia materna cuando así lo indica un profesional de la salud. Su formulación está orientada a una fácil digestión y puede formar parte de la alimentación diaria del bebé dentro de un plan nutricional supervisado, adaptándose a las necesidades de esta etapa de crecimiento.",vtex_spec_or_regex,false_no_component_match
Farmacia Universal,Alula Gold Etapa 3 Premium - Lata 900 g,Alula Gold Etapa 3 Premium 900 g Precio + Delivery Gratis,I3000625ENASNNT,97.96,PEN,available,https://www.farmaciauniversal.com/alula-gold-etapa-3-premium-lata-900-g/p,31793,Alula Gold,vtex_catalog_search,2026-06-08T00:46:52.743879+00:00,10,"/Cuidado Infantil/Nutrición Infantil/Fórmulas Infantiles/ /Cuidado Infantil/Nutrición Infantil/ /Cuidado Infantil/ /5/151/167/ /5/151/ /5/ Lata 900 g I3000625ENASNNT Lave bien sus manos y todos los utensilios. Hierva agua potable y déjela enfriar hasta aproximadamente 40 °C. Vierta la cantidad de agua en el biberón, añada la medida exacta de polvo según la tabla de alimentación del envase, cierre y agite bien hasta disolver. Consumir inmediatamente. La leche materna es el mejor alimento para los bebés. Este producto debe usarse bajo recomendación y supervisión médica. No reutilice restos de fórmula preparada. Almacenar en un lugar fresco y seco, bien cerrado y consumir dentro de 4 semanas después de abierto. Presentación Registro Sanitario Modo de uso Precauciones y Contraindicaciones No Producto a Pedido Presentación Registro Sanitario Modo de uso Precauciones y Contraindicaciones Producto a Pedido Campos Auxiliares Highlight Alula Gold Etapa 3 Premium es una fórmula infantil en polvo, como complemento de una alimentación variada y equilibrada. Su formulación está orientada a acompañar las necesidades nutricionales propias de esta etapa de crecimiento, cuando la lactancia materna no es posible o resulta insuficiente, bajo recomendación de un profesional de la salud.",vtex_spec_or_regex,false_no_component_match
Farmacia Universal,Dinoa Pitahaya Plus en Polvo - Frasco 80 g,Dinoa Pitahaya Plus en Polvo 80 g Precio + Delivery Gratis,N8327724N/NANVSC,42.00,PEN,unavailable,https://www.farmaciauniversal.com/dinoa-pitahaya-plus-en-polvo-frasco-80-g/p,30340,Dinoa,vtex_catalog_search,2026-06-08T00:46:52.751095+00:00,,"/Vitaminas y Suplementos/Multivitamínicos/Digestivos/ /Vitaminas y Suplementos/Multivitamínicos/ /Vitaminas y Suplementos/ /1/344/352/ /1/344/ /1/ Frasco 80 g N8327724N/NANVSC Una cucharadita equivale a 2 g y puede mezclarse con jugo u otra bebida de su preferencia. Se recomienda consumirlo una vez al día, 10 minutos antes o después de los alimentos. No se recomienda su consumo durante el embarazo, la lactancia ni en niños menores de 12 años. Conservar en un lugar fresco y seco. Presentación Registro Sanitario Modo de uso Precauciones y Contraindicaciones No Producto a Pedido Presentación Registro Sanitario Modo de uso Precauciones y Contraindicaciones Producto a Pedido Campos Auxiliares Highlight Dinoa Pitahaya Plus en Polvo es un complemento natural que favorece el bienestar digestivo. Su fórmula ayuda a combatir el estreñimiento severo, mejorar la digestión y promover la salud intestinal. Además, contribuye a la reducción de los niveles de azúcar en la sangre, apoyando el equilibrio metabólico.",vtex_spec_or_regex,false_no_component_match
Farmacia Universal,Vitagrow Plus Sabor Vainilla - Frasco 1 kg,Vitagrow Plus Sabor Vainilla 1 kg Precio + Delivery Gratis,P2856824NNANTEE,119.00,PEN,unavailable,https://www.farmaciauniversal.com/vitagrow-plus-sabor-vainilla-frasco-1-kg/p,32518,Med Nutricion,vtex_catalog_search,2026-06-08T00:46:52.752709+00:00,,"/Cuidado Infantil/Nutrición Infantil/Fórmulas Infantiles/ /Cuidado Infantil/Nutrición Infantil/ /Cuidado Infantil/ /5/151/167/ /5/151/ /5/ Frasco 1 kg P2856824NNANTEE Mezclar 3 medidas del producto en 180 ml de agua, leche u otra bebida de preferencia. Consumir una o dos veces al día según requerimiento nutricional o recomendación profesional. Alcanza tu máximo potencial de crecimiento Presentación Registro Sanitario Modo de uso Precauciones y Contraindicaciones No Producto a Pedido Vainilla Sabor 0 Presentación Registro Sanitario Modo de uso Precauciones y Contraindicaciones Producto a Pedido Sabor Stock Security Campos Auxiliares Highlight Filtros Stock Security Vitagrow Plus Sabor Vainilla es un complemento nutricional infantil formulado para acompañar el crecimiento y desarrollo durante etapas importantes de la infancia. Su fórmula combina proteína de suero de alta calidad con DHA, vitaminas y minerales esenciales que participan en procesos relacionados con el desarrollo físico y nutricional. Además, su agradable sabor a vainilla facilita el consumo diario como parte de una alimentación equilibrada y hábitos saludables.",vtex_spec_or_regex,false_no_component_match
Farmacia Universal,Silmag Sonda Transpilórica 100% Silicona con Lastre y Mandril N°14 - Sobre 1 und,Silmag Sonda Transpilórica 100% Silicona con Lastre y Mandril N°14 1 und Precio + Delivery Gratis,DM22543E,370.00,PEN,available,https://www.farmaciauniversal.com/silmag-sonda-transpilorica-100-silicona-con-lastre-y-mandril-n14-sobre-1-und/p,4141,Silmag,vtex_catalog_search,2026-06-08T00:46:54.040161+00:00,10,"/Dispositivos Médicos/Dispositivos Gastrointestinales/Sondas Gastrointestinales/ /Dispositivos Médicos/Dispositivos Gastrointestinales/ /Dispositivos Médicos/ /3/78/119/ /3/78/ /3/ Sobre 1 und DM22543E Producto hospitalario. Usar bajo supervisión médica. Producto estéril de un solo uso. No reutilizar. Mantener en envase cerrado hasta el momento de uso. Evitar en pacientes con contraindicaciones para nutrición enteral. Presentación Registro Sanitario Modo de uso Precauciones y Contraindicaciones No Si Producto a Pedido Requiere receta médica 1 Presentación Registro Sanitario Modo de uso Precauciones y Contraindicaciones Producto a Pedido Requiere receta médica Stock Security Campos Auxiliares Highlight Stock Security Silmag Sonda Transpilórica es un dispositivo médico estéril diseñado para pacientes imposibilitados de ingerir alimentos y medicamentos por vía oral. Pacientes con reflujo gastroesofágico y malformaciones del tracto digestivo alto. Pacientes sometidos a cirugías gastroesofágicas y pacientes con pancreatitis. Fabricado en 100% silicona, lo que garantiza biocompatibilidad, flexibilidad y resistencia. Incluye lastre para facilitar la colocación y un mandril que ayuda a su inserción segura y precisa.",vtex_spec_or_regex,false_no_component_match
Farmacia Universal,Similac Rice - Lata 400 g,Similac Rice 400 g Precio + Delivery Gratis,I1000922ENAABLB,129.90,PEN,available,https://www.farmaciauniversal.com/similac-rice-lata-400-g/p,27481,Similac,vtex_catalog_search,2026-06-08T00:46:54.040988+00:00,10,"/Cuidado Infantil/Nutrición Infantil/Fórmulas Infantiles/ /Cuidado Infantil/Nutrición Infantil/ /Cuidado Infantil/ /5/151/167/ /5/151/ /5/ Lata 400 g I1000922ENAABLB Llene 1 cuchara medidora (incluida en la lata) al ras de Similac® Rice en 1 oz fl (30mL) a de agua hervida fría o tibia y mezclar hasta que se disuelva completamente el polvo. Aviso importante: La leche materna es la mejor alimentación para el lactante. La información contenida en esta sección no pretende/intenta realizar comparaciones con la leche materna. Una buena nutrición de la madre es importante para la reparación y el mantenimiento de la lactancia. Para el uso de fórmulas infantiles siga las recomendaciones del profesional de la salud. Presentación Registro Sanitario Modo de uso Precauciones y Contraindicaciones No Producto a Pedido Neutro Lata 400 g Sabor Presentaciones 1 Presentación Registro Sanitario Modo de uso Precauciones y Contraindicaciones Producto a Pedido Sabor Presentaciones Stock Security Campos Auxiliares Highlight Filtros Stock Security Similac Rice con HMO* es una fórmula con proteína hidrolizada de arroz, hipoalergénica y sin proteína de leche de vaca, que puede ser recomendada por el médico de su bebé para el manejo nutricional de la alergia a la proteína de la leche de vaca, a partir del nacimiento hasta los 12 meses. Consulte a su médico. (*) Oligosacárido 2'-Fucosil lactosa (2'-FL), biosintetizado.",vtex_spec_or_regex,false_no_component_match
Farmacia Universal,Enterasil Sonda Nasogástrica 100% Silicona N° 16 - Sobre 1 und,Enterasil Sonda Nasogástrica 100% Silicona N° 16 1 und Precio + Delivery Gratis,DM27538E,200.39,PEN,available,https://www.farmaciauniversal.com/enterasil-sonda-nasogastrica-100-silicona-n-16-sobre-1-und/p,29368,Enterasil,vtex_catalog_search,2026-06-08T00:46:54.042579+00:00,10,"/Dispositivos Médicos/Dispositivos Gastrointestinales/Sondas Gastrointestinales/ /Dispositivos Médicos/Dispositivos Gastrointestinales/ /Dispositivos Médicos/ /3/78/119/ /3/78/ /3/ Sobre 1 und DM27538E Usar bajo indicaciones médicas. Uso hospitalario y bajo supervisión profesional. Producto estéril de un solo uso. No reutilizar ni usar si el envase está dañado. Desechar adecuadamente tras su uso. Presentación Registro Sanitario Modo de uso Precauciones y Contraindicaciones No Si Producto a Pedido Requiere receta médica 0 Presentación Registro Sanitario Modo de uso Precauciones y Contraindicaciones Producto a Pedido Requiere receta médica Stock Security Campos Auxiliares Highlight Stock Security Sonda nasogástrica fabricada en 100% silicona de grado médico, tamaño N°16, diseñada para nutrición enteral y drenaje gástrico en pacientes que requieren apoyo clínico. Su material suave y flexible reduce el riesgo de irritación, permitiendo una colocación segura y mayor confort en terapias prolongadas.",vtex_spec_or_regex,false_no_component_match
Farmacia Universal,Set Varoline para Aplicación de Nutrición Enteral - Bolsa 1 und,Set Varoline para Aplicación de Nutrición Enteral Precio + Delivery Gratis,M16262E,29.90,PEN,available,https://www.farmaciauniversal.com/set-varoline-para-aplicacion-de-nutricion-enteral-bolsa-1-und/p,25100,Fresenius Kabi,vtex_catalog_search,2026-06-08T00:46:54.043378+00:00,10,"/Dispositivos Médicos/Dispositivos Gastrointestinales/Bolsas de Alimentación Enteral/ /Dispositivos Médicos/Dispositivos Gastrointestinales/ /Dispositivos Médicos/ /3/78/120/ /3/78/ /3/ Bolsa 1 und M16262E Utilizar bajo la indicación y supervisión de un profesional de salud. Producto de un solo uso, no reutilizar. Asegurarse de que todas las conexiones estén bien fijadas antes de iniciar la infusión. Mantener en lugar limpio y seco hasta el momento de uso. Presentación Registro Sanitario Modo de uso Precauciones y Contraindicaciones No No Producto a Pedido Requiere receta médica 1 Presentación Registro Sanitario Modo de uso Precauciones y Contraindicaciones Producto a Pedido Requiere receta médica Stock Security Campos Auxiliares Highlight Stock Security Set Varoline está diseñado para la administración de nutrición enteral de manera segura y eficiente. Fabricado con materiales resistentes, garantiza un flujo controlado de los nutrientes, contribuyendo a una alimentación adecuada en pacientes que requieren soporte nutricional por vía enteral. Incluye conexiones estandarizadas que facilitan el uso con bolsas y equipos de nutrición, reduciendo el riesgo de fugas o contaminación.",vtex_spec_or_regex,false_no_component_match
Farmacia Universal,Blemil 3 Optimum ProTech - Lata 1.2 kg,Blemil 3 Optimum ProTech 1.2 kg Precio + Delivery Gratis,A3450523ENADSCN,164.90,PEN,available,https://www.farmaciauniversal.com/blemil-3-optimum-protech-lata-12-kg/p,30654,Blemil,vtex_catalog_search,2026-06-08T00:46:54.052296+00:00,1,"/Cuidado Infantil/Nutrición Infantil/Fórmulas Infantiles/ /Cuidado Infantil/Nutrición Infantil/ /Cuidado Infantil/ /5/151/167/ /5/151/ /5/ Lata 1.2 kg A3450523ENADSCN Blemil 3 Optimum Protech se prepara con una medida de 4,8 g por cada 30 ml de agua. Antes de comenzar, lávese bien las manos. Esterilice el biberón y la tetina. Aparte, hierva agua potable y déjela enfriar hasta los 40–45 °C. Vierta la cantidad necesaria en el biberón o vaso y añada las medidas rasas de leche en polvo indicadas por el profesional de salud, usando el cacito dosificador incluido. Agite bien el biberón o remueva con una cuchara hasta que el producto se disuelva por completo. Verifique la temperatura antes de ofrecérselo al bebé. Utilizar el dosificador incluido y respetar higiene de manos, utensilios y biberones. No calentar en microondas. Conservar la lata cerrada, en lugar fresco y seco, y consumir dentro del plazo recomendado tras su apertura. Presentación Registro Sanitario Modo de uso Precauciones y Contraindicaciones No Producto a Pedido 1 Presentación Registro Sanitario Modo de uso Precauciones y Contraindicaciones Producto a Pedido Stock Security Campos Auxiliares Highlight Stock Security Blemil 3 Optimum ProTech es una fórmula láctea para después del segundo año, diseñada para acompañar la alimentación variada del niño pequeño. Aporta nutrientes clave y se disuelve fácilmente para preparar biberones o vasos, ayudando a mantener una rutina práctica en casa o guardería.",vtex_spec_or_regex,false_no_component_match
Farmacia Universal,Nutriflex Omega Peri Emulsión para Perfusión - Bolsa 1250 ml,Nutriflex Omega Peri Emulsión para Perfusión 1250 ml,EE11328,308.76,PEN,unavailable,https://www.farmaciauniversal.com/nutriflex-omega-peri-emulsion-para-perfusion-bolsa-1250-ml/p,30691,B. Braun,vtex_catalog_search,2026-06-08T00:46:55.543543+00:00,,/Medicinas/Perfusión e Irrigación/ /Medicinas/ /2/415/ /2/ Bolsa 1250 ml EE11328 Presentación Registro Sanitario No Si No Producto a Pedido Requiere receta médica Requiere refrigeración 0 Presentación Registro Sanitario Producto a Pedido Requiere receta médica Requiere refrigeración Stock Security Campos Auxiliares Highlight Stock Security,vtex_spec_or_regex,false_no_component_match
Farmacia Universal,Ovo Power Proteína Sabor Vainilla - Frasco 1 kg,Ovo Power Proteína Sabor Vainilla 1 kg Precio + Delivery Gratis,P2964611NNAOOPO,156.50,PEN,available,https://www.farmaciauniversal.com/ovo-power-proteina-sabor-vainilla-frasco-1-kg/p,4063,Ovo Sur,vtex_catalog_search,2026-06-08T00:46:55.998882+00:00,10,"/Vitaminas y Suplementos/Suplementos Deportivos/Proteína de Suero/ /Vitaminas y Suplementos/Suplementos Deportivos/ /Vitaminas y Suplementos/ /1/13/34/ /1/13/ /1/ Frasco 1 kg P2964611NNAOOPO ¿Cuánto Ovopower se debe consumir? Los requerimientos diarios de proteínas varían de acuerdo a la edad, sexo, peso, actividad física; las personas que entrenan, que quieren ganar o recuperar masa muscular tienen un requerimiento incrementado de proteínas. Personas con distintas patologías, niños, adolescentes, mujeres gestantes, necesitan un mayor aporte de proteínas también. ¿Cómo se debe tomar Ovopower? Ovopower se puede tomar con agua fría, hielos, leche, yogurt o con fruta. Para lograr un mejor sabor, se recomienda preparar el batido en la licuadora. Almacenar en un lugar fresco y seco. Presentación Registro Sanitario Modo de uso Precauciones y Contraindicaciones No Producto a Pedido 1 Presentación Registro Sanitario Modo de uso Precauciones y Contraindicaciones Producto a Pedido Stock Security Campos Auxiliares Highlight Stock Security Proteína de Máxima Absorción OVOPOWER es un producto natural de última generación elaborado a base de clara de huevo, proteína de alto valor biológico. Ovopower es un producto de máxima absorción, ya que las proteínas de la clara de huevo son sometidas a un proceso de hidrólisis enzimática, en el que se degradan hasta sus estructuras químicas más simples: péptidos y aminoácidos libres; de esta manera, se garantiza una absorción mas fácil y rápida. Ovopower contiene 25g de proteína de clara de huevo por ración (2 cucharadas medidoras con 12.5gr de proteína c/u). Este particular tipo de proteína es de tal valor, que se toma como patrón de referencia para determinar la calidad proteica de otros alimentos, dado que contienen en una proporción óptima todos los aminoácidos esenciales que nuestro organismo necesita.",vtex_spec_or_regex,false_no_component_match
Farmacia Universal,Orasi Bebida de Avena + Proteína - Caja 1 litro,Orasi Bebida de Avena + Proteína 1 litro Precio + Delivery Gratis,P2756124ENAMSMR,15.00,PEN,available,https://www.farmaciauniversal.com/orasi-bebida-de-avena-proteina-caja-1-litro/p,29827,Orasí,vtex_catalog_search,2026-06-08T00:46:55.999190+00:00,10,"/Productos Saludables/Bebidas/Bebidas Vegetales/ /Productos Saludables/Bebidas/ /Productos Saludables/ /9/429/430/ /9/429/ /9/ Caja 1 litro P2756124ENAMSMR Se puede añadir al café, proporcionando una alternativa vegetal con notas de manzana y avellana. Además, es adecuada para beber sola, ya sea fría o caliente, según las preferencias del consumidor. No es adecuada para personas con intolerancia al gluten o enfermedad celíaca. Si toma medicamentos para la diabetes, consulte a su médico antes de consumirla. Puede causar gases o hinchazón en algunas personas, por lo que es recomendable empezar con poca cantidad. Conserve el producto en un lugar fresco y seco. Después de abrirlo, refrigérelo y consúmalo en 4 a 5 días. Presentación Registro Sanitario Modo de uso Precauciones y Contraindicaciones No Producto a Pedido 0 Presentación Registro Sanitario Modo de uso Precauciones y Contraindicaciones Producto a Pedido Stock Security Campos Auxiliares Highlight Stock Security Orasi Bebida de Avena + Proteína es una bebida vegetal que combina avena y proteínas de guisante, ofreciendo una fuente de proteína vegetal respetuosa con el medio ambiente. Apto para dietas veganas y vegetarianas.",vtex_spec_or_regex,false_no_component_match
Farmacia Universal,Tauri Tarwi con Maca Negra Mezcla Instantánea en Polvo - Bolsa 500 g,Tauri Tarwi con Maca Negra Mezcla Instantánea en Polvo 500 g Precio + Delivery Gratis,N8324821N/NATUPR,37.00,PEN,available,https://www.farmaciauniversal.com/tauri-tarwi-con-maca-negra-mezcla-instantanea-en-polvo-bolsa-500-g/p,30247,Tauri,vtex_catalog_search,2026-06-08T00:46:56.003655+00:00,100,"/Vitaminas y Suplementos/Suplementos Nutricionales/Fórmulas para Adultos/ /Vitaminas y Suplementos/Suplementos Nutricionales/ /Vitaminas y Suplementos/ /1/12/28/ /1/12/ /1/ Bolsa 500 g N8324821N/NATUPR Añadir 2 cucharadas de 20 gr a tus batidos, leche, jugos o avena. Remueve hasta que se disuelva. Mantener el envase cerrado en un lugar fresco y alejado de la luz solar. Presentación Registro Sanitario Modo de uso Precauciones y Contraindicaciones No Producto a Pedido 1 Presentación Registro Sanitario Modo de uso Precauciones y Contraindicaciones Producto a Pedido Stock Security Campos Auxiliares Highlight Stock Security Aporta energía natural y un alto contenido de proteína. Contiene vitaminas, minerales y una gran cantidad de fibra. Además, ofrece omegas 3, 6 y 9, junto con todos los aminoácidos esenciales. Es libre de gluten, apto para veganos y vegetarianos, sin lactosa ni azúcares añadidos. Este suplemento natural puede estimular la libido, mejorar la concentración y acelerar la recuperación muscular.",vtex_spec_or_regex,false_no_component_match
Farmacia Universal,Pack x 30 Ensure Advance con HMB Bebible Sabor Vainilla 220 ml c/u,Pack x 30 Ensure Advance con HMB Bebible Sabor Vainilla 220 ml c/u Precio + Delivery Gratis,P2611721ENAABLB,324.00,PEN,available,https://www.farmaciauniversal.com/pack-x-30-ensure-advance-con-hmb-bebible-sabor-vainilla-220-ml-c-u/p,99238,Ensure,vtex_catalog_search,2026-06-08T00:46:56.005763+00:00,1,"/Vitaminas y Suplementos/Suplementos Nutricionales/Fórmulas para Adultos/ /Vitaminas y Suplementos/Suplementos Nutricionales/ /Vitaminas y Suplementos/ /1/12/28/ /1/12/ /1/ Pack Promocional P2611721ENAABLB Listo para usar. Agítese bien antes de ingerirlo. Puede tomarse frío o a temperatura ambiente. Una vez abierto el envase, cúbrase, refrigérese y úsese dentro de las primeras 24 horas. Ensure® Advance está exento de gluten y lactosa. No se debe usar en personas con galactosemia. Para adultos. No se debe usar en niños, a menos que su uso sea recomendado por un médico u otro profesional de la salud calificado. NO ES PARA USO INTRAVENOSO Presentación Registro Sanitario Modo de uso Precauciones y Contraindicaciones No Producto a Pedido Presentación Registro Sanitario Modo de uso Precauciones y Contraindicaciones Producto a Pedido Campos Auxiliares Highlight Es una bebida con vitaminas, minerales, proteínas, calcio y antioxidantes, lista para tomar. Contiene nutrientes clave que ayudan a mantener y recuperar la masa muscular*. *Acompañado de un estilo de vida activo o ejercicio. Ensure Advance, contiene: -Proteínas de alta calidad y HMB para ayudar a promover la salud muscular. -28 vitaminas y minerales para ayudar a mantenerte fuerte y saludable. -Mezcla de grasas vegetales con Omega-3 para promover la salud del corazón.",vtex_spec_or_regex,false_no_component_match
Farmacia Universal,Ensure Advance con HMB en Polvo Sabor Fresa Plátano - Lata 850 g,Ensure Advance con HMB en Polvo Fresa Plátano 850 g Precio + Delivery Gratis,I4100221ENAABLB,119.90,PEN,available,https://www.farmaciauniversal.com/ensure-advance-con-hmb-en-polvo-sabor-fresa-platano-lata-850-g/p,25241,Ensure,vtex_catalog_search,2026-06-08T00:46:56.006381+00:00,10,"/Vitaminas y Suplementos/Suplementos Nutricionales/Fórmulas para Adultos/ /Vitaminas y Suplementos/Suplementos Nutricionales/ /Vitaminas y Suplementos/ /1/12/28/ /1/12/ /1/ Lata 850 g I4100221ENAABLB Para preparar una porción de 230 mL, vierta aproximadamente 195 mL (6 onzas) de agua previamente hervida fría en un vaso, agregue gradualmente 6 cucharas rasas (cuchara medidora incluida en la lata) ó 53,5 g de Ensure® Advance en polvo, mientras agita y mezcla para disolver. Ensure® Advance una vez preparado debe usarse inmediatamente, de lo contrario, debe taparse, refrigerarse y usarse en las siguientes 24 horas. Ensure® Advance está exento de gluten y lactosa. No se debe usar en personas con galactosemia. Para adultos. No se debe usar en niños, a menos que su uso sea recomendado por un médico u otro profesional de la salud calificado. NO ES PARA USO INTRAVENOSO Presentación Registro Sanitario Modo de uso Precauciones y Contraindicaciones No Producto a Pedido Fresa Plátano Lata 850 g Sabor Presentaciones 1 Presentación Registro Sanitario Modo de uso Precauciones y Contraindicaciones Producto a Pedido Sabor Presentaciones Stock Security Campos Auxiliares Highlight Filtros Stock Security Es un alimento en polvo para bebida con vitaminas, minerales, proteínas, calcio y antioxidantes. Contiene nutrientes clave que ayudan a mantener y recuperar la masa muscular*. *Acompañado de un estilo de vida activo o ejercicio. Ensure Advance, contiene: Proteínas de alta calidad y HMB para ayudar a promover la salud muscular. 28 vitaminas y minerales para ayudar a mantenerte fuerte y saludable. Mezcla de grasas vegetales con Omega-3 para promover la salud del corazón.",vtex_spec_or_regex,false_no_component_match
Farmacia Universal,Ensure Advance con HMB Bebible Sabor Vainilla - Frasco 220 ml,Ensure Advance con HMB Bebible Vainilla 220 ml Precio + Delivery Gratis,P2611721ENAABLB,12.00,PEN,available,https://www.farmaciauniversal.com/ensure-advance-con-hmb-bebible-sabor-vainilla-frasco-220-ml/p,25813,Ensure,vtex_catalog_search,2026-06-08T00:46:56.006719+00:00,100,"/Vitaminas y Suplementos/Suplementos Nutricionales/Fórmulas para Adultos/ /Vitaminas y Suplementos/Suplementos Nutricionales/ /Vitaminas y Suplementos/ /1/12/28/ /1/12/ /1/ Frasco 220 ml P2611721ENAABLB Listo para usar. Agítese bien antes de ingerirlo. Puede tomarse frío o a temperatura ambiente. Una vez abierto el envase, cúbrase, refrigérese y úsese dentro de las primeras 24 horas. Ensure® Advance está exento de gluten y lactosa. No se debe usar en personas con galactosemia. Para adultos. No se debe usar en niños, a menos que su uso sea recomendado por un médico u otro profesional de la salud calificado. NO ES PARA USO INTRAVENOSO Presentación Registro Sanitario Modo de uso Precauciones y Contraindicaciones No Producto a Pedido Vainilla Frasco 220 ml Sabor Presentaciones 1 Presentación Registro Sanitario Modo de uso Precauciones y Contraindicaciones Producto a Pedido Sabor Presentaciones Stock Security Campos Auxiliares Highlight Filtros Stock Security Es una bebida con vitaminas, minerales, proteínas, calcio y antioxidantes, lista para tomar. Contiene nutrientes clave que ayudan a mantener y recuperar la masa muscular*. *Acompañado de un estilo de vida activo o ejercicio. Ensure Advance, contiene: -Proteínas de alta calidad y HMB para ayudar a promover la salud muscular. -28 vitaminas y minerales para ayudar a mantenerte fuerte y saludable. -Mezcla de grasas vegetales con Omega-3 para promover la salud del corazón.",vtex_spec_or_regex,false_no_component_match
Farmacia Universal,Pack x 20 Ensure Advance con HMB Bebible Sabor Vainilla 220 ml c/u,Pack x 20 Ensure Advance con HMB Bebible Sabor Vainilla 220 ml c/u Precio + Delivery Gratis,P2611721ENAABLB,240.00,PEN,available,https://www.farmaciauniversal.com/pack-x-20-ensure-advance-con-hmb-bebible-sabor-vainilla-220-ml-c-u/p,99270,Ensure,vtex_catalog_search,2026-06-08T00:46:56.007028+00:00,1,"/Vitaminas y Suplementos/Suplementos Nutricionales/Fórmulas para Adultos/ /Vitaminas y Suplementos/Suplementos Nutricionales/ /Vitaminas y Suplementos/ /1/12/28/ /1/12/ /1/ Pack Promocional P2611721ENAABLB Listo para usar. Agítese bien antes de ingerirlo. Puede tomarse frío o a temperatura ambiente. Una vez abierto el envase, cúbrase, refrigérese y úsese dentro de las primeras 24 horas. Ensure® Advance está exento de gluten y lactosa. No se debe usar en personas con galactosemia. Para adultos. No se debe usar en niños, a menos que su uso sea recomendado por un médico u otro profesional de la salud calificado. NO ES PARA USO INTRAVENOSO Presentación Registro Sanitario Modo de uso Precauciones y Contraindicaciones No Producto a Pedido Vainilla Sabor Presentación Registro Sanitario Modo de uso Precauciones y Contraindicaciones Producto a Pedido Sabor Campos Auxiliares Highlight Filtros Es una bebida con vitaminas, minerales, proteínas, calcio y antioxidantes, lista para tomar. Contiene nutrientes clave que ayudan a mantener y recuperar la masa muscular*. *Acompañado de un estilo de vida activo o ejercicio. Ensure Advance, contiene: -Proteínas de alta calidad y HMB para ayudar a promover la salud muscular. -28 vitaminas y minerales para ayudar a mantenerte fuerte y saludable. -Mezcla de grasas vegetales con Omega-3 para promover la salud del corazón.",vtex_spec_or_regex,false_no_component_match
Farmacia Universal,Ensure Advance con HMB en Polvo Sabor Vainilla - Caja 1.4 kg,Ensure Advance con HMB en Polvo Vainilla 1.4 kg Precio + Delivery Gratis,P2910121ENAABLB,167.90,PEN,available,https://www.farmaciauniversal.com/ensure-advance-con-hmb-en-polvo-sabor-vainilla-caja-14-kg/p,25242,Ensure,vtex_catalog_search,2026-06-08T00:46:56.008274+00:00,10,"/Vitaminas y Suplementos/Suplementos Nutricionales/Fórmulas para Adultos/ /Vitaminas y Suplementos/Suplementos Nutricionales/ /Vitaminas y Suplementos/ /1/12/28/ /1/12/ /1/ Caja 1.4 kg P2910121ENAABLB Para preparar una porción de 230 mL, vierta aproximadamente 195 mL (6 onzas) de agua previamente hervida fría en un vaso, agregue gradualmente 6 cucharas rasas (cuchara medidora incluida en la lata) ó 53,5 g de Ensure® Advance en polvo, mientras agita y mezcla para disolver. Ensure® Advance una vez preparado debe usarse inmediatamente, de lo contrario, debe taparse, refrigerarse y usarse en las siguientes 24 horas. Ensure® Advance está exento de gluten y lactosa. No se debe usar en personas con galactosemia. Para adultos. No se debe usar en niños, a menos que su uso sea recomendado por un médico u otro profesional de la salud cali¬ficado. NO ES PARA USO INTRAVENOSO Presentación Registro Sanitario Modo de uso Precauciones y Contraindicaciones No Producto a Pedido Vainilla Caja 1.4 kg Sabor Presentaciones 1 Presentación Registro Sanitario Modo de uso Precauciones y Contraindicaciones Producto a Pedido Sabor Presentaciones Stock Security Campos Auxiliares Highlight Filtros Stock Security Es un alimento en polvo para bebida con vitaminas, minerales, proteínas, calcio y antioxidantes. Contiene nutrientes clave que ayudan a mantener y recuperar la masa muscular*. *Acompañado de un estilo de vida activo o ejercicio Ensure Advance, contiene: Proteínas de alta calidad y HMB para ayudar a promover la salud muscular. 28 vitaminas y minerales para ayudar a mantenerte fuerte y saludable. Mezcla de grasas vegetales con Omega-3 para promover la salud del corazón.",vtex_spec_or_regex,false_no_component_match
Farmacia Universal,Ensure en Polvo Sabor Vainilla - Lata 850 g,Ensure en Polvo Vainilla 850 g Precio + Delivery Gratis,P2995224ENAABLB,83.00,PEN,available,https://www.farmaciauniversal.com/ensure-en-polvo-sabor-vainilla-lata-850-g/p,19412,Ensure,vtex_catalog_search,2026-06-08T00:46:56.008588+00:00,10,"/Vitaminas y Suplementos/Suplementos Nutricionales/Fórmulas para Adultos/ /Vitaminas y Suplementos/Suplementos Nutricionales/ /Vitaminas y Suplementos/ /1/12/28/ /1/12/ /1/ Lata 850 g P2995224ENAABLB INSTRUCCIONES PARA USO: Para obtener una porción de 230 mL, vierta aproximadamente 195 mL de agua fría en un recipiente, y añada gradualmente 6 cucharadas al ras (cuchara incluida en la lata) o 53.8 g de Ensure®. Revuelva o agite bien para disolver el polvo. Se recomiendan dos porciones diarias. No Aplica Presentación Registro Sanitario Modo de uso Precauciones y Contraindicaciones No Producto a Pedido Vainilla Lata 850 g Sabor Presentaciones 1 Presentación Registro Sanitario Modo de uso Precauciones y Contraindicaciones Producto a Pedido Sabor Presentaciones Stock Security Campos Auxiliares Highlight Filtros Stock Security Es nutrición completa y balanceada que puede ser utilizada como nutrición total para pacientes en estado de malnutrición postrados o ambulatorios. -Puede ser empleado como alimento único o suplemento alimenticio. -No contiene gluten y es apto para intolerantes a la lactosa. Ensure, contiene: -Vitaminas y minerales esenciales. -Prebióticos FOS para contribuir a la salud del sistema inmune. -Calcio para contribuir a huesos fuertes. -Vitamina D para ayudar a mantener músculos fuertes.",vtex_spec_or_regex,false_no_component_match
Farmacia Universal,Alula Gold Premium Arroz - Lata 400 g,Alula Gold Premium Arroz 400 g Precio + Delivery Gratis,I1001725ENASNNT,112.34,PEN,available,https://www.farmaciauniversal.com/alula-gold-premium-arroz-lata-400-g/p,31531,Alula Gold,vtex_catalog_search,2026-06-08T00:46:56.012329+00:00,10,"/Cuidado Infantil/Nutrición Infantil/Fórmulas Infantiles/ /Cuidado Infantil/Nutrición Infantil/ /Cuidado Infantil/ /5/151/167/ /5/151/ /5/ Lata 400 g I1001725ENASNNT Lave cuidadosamente sus manos y todos los utensilios utilizados para la alimentación del bebé. Esterilice los utensilios hirviéndolos durante 5 minutos y manténgalos tapados hasta su uso. Hierva agua potable durante 5 minutos y deje entibiar hasta aproximadamente 40 °C. Vierta la cantidad de agua indicada en el recipiente y agregue la cantidad exacta de polvo utilizando la cuchara medidora incluida, considerando una medida por cada 30 ml de agua. Cierre el recipiente, agite bien hasta disolver completamente y verifique la temperatura antes de alimentar al bebé. La leche materna es el mejor alimento para el bebé. Este producto debe utilizarse bajo recomendación de un profesional de salud. Preparar únicamente la cantidad necesaria para cada toma y desechar cualquier sobrante. Mantener la lata bien cerrada en un lugar fresco y seco. Una preparación incorrecta o el uso de utensilios no esterilizados puede afectar la salud del bebé. Presentación Registro Sanitario Modo de uso Precauciones y Contraindicaciones No Producto a Pedido Presentación Registro Sanitario Modo de uso Precauciones y Contraindicaciones Producto a Pedido Campos Auxiliares Highlight Alula Gold Premium Arroz es una fórmula infantil en polvo elaborada a base de proteína de arroz parcialmente hidrolizada, diseñada como alternativa nutricional para bebés que requieren una fórmula no láctea. Su composición incluye nutrientes esenciales como vitaminas, minerales y hierro, que contribuyen al desarrollo y crecimiento del bebé dentro de una alimentación equilibrada indicada por el profesional de salud.",vtex_spec_or_regex,false_no_component_match
Farmacia Universal,Shake It! Proteína de Suero de Leche Kids Sabor Chocolate - Frasco 900 g,Shake It! Proteína de Suero de Leche Kids Sabor Chocolate 900 g Precio + Delivery Gratis,P2958720N NANTIN,159.00,PEN,unavailable,https://www.farmaciauniversal.com/shake-it-proteina-de-suero-de-leche-kids-sabor-chocolate-frasco-900-g/p,29358,Shake It,vtex_catalog_search,2026-06-08T00:46:56.012981+00:00,,"/Vitaminas y Suplementos/Suplementos Deportivos/Proteína de Suero/ /Vitaminas y Suplementos/Suplementos Deportivos/ /Vitaminas y Suplementos/ /1/13/34/ /1/13/ /1/ Frasco 900 g P2958720N NANTIN Para preparar una porción de 200 ml agregar tres cucharas (30g) del nutriente en polvo (usar cuchara dosificadora de 10g incluida en el envase) y disolver en agua fria o la bebida de su preferencia. Almacenar a temperatura ambiente no mayor a 30°C. Una vez abierto el producto cerrar herméticamente y conservar en lugar fresco y seco, pero no en refrigeración. Se recomienda consumir el producto dentro de los 30 días después de haber abierto el envase. (Consumir antes de la fecha de vencimiento). Presentación Registro Sanitario Modo de uso Precauciones y Contraindicaciones No Producto a Pedido Chocolate Sabor 0 Presentación Registro Sanitario Modo de uso Precauciones y Contraindicaciones Producto a Pedido Sabor Stock Security Campos Auxiliares Highlight Filtros Stock Security Bebida instantánea en polvo a base de suero de leche, proteína aislada, caseinato con prebióticos, probióticos, vitaminas y minerales. Fórmula en polvo rica en proteína de alta calidad. Con leucina, un aminoácido que promueve el desarrollo muscular y la perdida de grasa corporal cuando se acompaña con ejercicio. Con prebióticos, probióticos, vitaminas y minerales que ayudan a fortalecer el sistema inmune. Con ácidos grasos 3, 6 y 9, que promueven el desarrollo cerebral. Sabor a chocolate.",vtex_spec_or_regex,false_no_component_match
Farmacia Universal,Drasanvi Colágeno Marino Hidrolizado Cremigel - Tubo 75 ml,Drasanvi Colágeno Marino Hidrolizado Cremigel 75 ml Precio + Delivery Gratis,NSOC5379622PE,35.20,PEN,available,https://www.farmaciauniversal.com/drasanvi-colageno-marino-hidrolizado-cremigel-tubo-75-ml/p,27951,Drasanvi,vtex_catalog_search,2026-06-08T00:46:58.281205+00:00,1,"/Medicinas/Fiebre y Dolor General/Antiinflamatorios Tópicos/ /Medicinas/Fiebre y Dolor General/ /Medicinas/ /2/37/47/ /2/37/ /2/ Tubo 75 ml NSOC5379622PE Aplicar en cualquier momento del día y masajear hasta su completa absorción. A continuación, lavar las manos con abundante agua. Evite el contacto con ojos y mucosas. No aplicar sobre llagas o heridas abiertas. Mantener fuera del alcance de los niños. Suspenda su uso si observa alguna reacción desfavorable, y si esta persiste consulte a su médico. Mantener fuera del alcance de los niños. Conservar en un lugar fresco y seco Presentación Registro Sanitario Modo de uso Precauciones y Contraindicaciones No No No Producto a Pedido Requiere receta médica Requiere refrigeración 0 Presentación Registro Sanitario Modo de uso Precauciones y Contraindicaciones Producto a Pedido Requiere receta médica Requiere refrigeración Stock Security Campos Auxiliares Highlight Stock Security Collmar cremi-gel efecto frío alivia y reduce las molestias cotidianas. Los ingredientes que contiene su formulación activan y mejoran la circulación. Ideal para aliviar y calmar piernas cansadas o cualquier otra parte del cuerpo que sienta pesadez muscular o sensación de fatiga. Se puede utilizar tanto para la práctica deportiva (de preferencia, después del ejercicio), asi como para el día a día de cualquier persona que sufra de dolor muscular leve. Su fórmula está enriquecida con Colágeno Marino y aceites esenciales quimiotipados de Gaulteria y Cúrcuma.",vtex_spec_or_regex,false_no_component_match
Farmacia Universal,Beia Natural Colágeno y Miel Shampoo - Frasco 500 ml,Beia Natural Colágeno y Miel Shampoo 500 ml Precio + Delivery Gratis,NSOC5329822PE,21.00,PEN,available,https://www.farmaciauniversal.com/beia-natural-colageno-y-miel-shampoo-frasco-500-ml/p,18772,Gilsan,vtex_catalog_search,2026-06-08T00:46:58.282002+00:00,100,"/Cuidado Personal/Cuidado del Cabello/Shampoo/ /Cuidado Personal/Cuidado del Cabello/ /Cuidado Personal/ /7/209/236/ /7/209/ /7/ Frasco 500 ml NSOC5329822PE Aplique el producto sobre el cabello húmedo, distribuya generosamente con un ligero masaje en el cuero cabelludo, enjuague y repita si es necesario. En caso de algún inconveniente en su uso, dejar de utilizarlo Presentación Registro Sanitario Modo de uso Precauciones y Contraindicaciones No Producto a Pedido Frasco 500 ml Presentaciones 1 Presentación Registro Sanitario Modo de uso Precauciones y Contraindicaciones Producto a Pedido Presentaciones Stock Security Campos Auxiliares Highlight Filtros Stock Security Shampoo beia colageno & miel x 500 ml.",vtex_spec_or_regex,false_no_component_match
Farmacia Universal,Beia Natural Colágeno y Miel Acondicionador - Frasco 500 ml,Beia Natural Colágeno y Miel Acondicionador 500 ml Precio + Delivery Gratis,NSOC5329922PE,21.00,PEN,available,https://www.farmaciauniversal.com/beia-natural-colageno-y-miel-acondicionador-frasco-500-ml/p,18778,Gilsan,vtex_catalog_search,2026-06-08T00:46:58.282518+00:00,10,"/Cuidado Personal/Cuidado del Cabello/Acondicionador/ /Cuidado Personal/Cuidado del Cabello/ /Cuidado Personal/ /7/209/237/ /7/209/ /7/ Frasco 500 ml NSOC5329922PE Coloca una cantidad generosa de acondicionador en la palma de tu mano y frota tus manos. Pasa las manos por el cabello desde la raíz hacia las puntas. Peina con los dedos uniformemente a través de tu cabello. Deja actuar el acondicionador por 2 minutos. Enjuaga bien tu cabello con abundante agua. En caso de algún inconveniente en su uso, dejar de utilizarlo Presentación Registro Sanitario Modo de uso Precauciones y Contraindicaciones No Producto a Pedido 1 Presentación Registro Sanitario Modo de uso Precauciones y Contraindicaciones Producto a Pedido Stock Security Campos Auxiliares Highlight Stock Security Conditioner beia colageno & miel x 500 ml.",vtex_spec_or_regex,false_no_component_match
Farmacia Universal,Pantene Pro V Miracles Colágeno Acondicionador - Tubo 250 ml,Pantene Pro V Miracles Colágeno Acondicionador 250 ml Precio + Delivery Gratis,NSOC5120321PE,22.80,PEN,available,https://www.farmaciauniversal.com/pantene-pro-v-miracles-colageno-acondicionador-tubo-250-ml/p,27849,Pantene,vtex_catalog_search,2026-06-08T00:46:58.283691+00:00,10,"/Cuidado Personal/Cuidado del Cabello/Acondicionador/ /Cuidado Personal/Cuidado del Cabello/ /Cuidado Personal/ /7/209/237/ /7/209/ /7/ Tubo 250 ml NSOC5120321PE Aplicar uniformemente sobre el cabello mojado después del shampoo, peinar con los dedos para distribuir el producto y enjuagar con abundante agua. Evitar el contacto con los ojos. En caso de observar alguna reacción desfavorable, suspender su uso. Mantener fuera del alcance de los niños. Presentación Registro Sanitario Modo de uso Precauciones y Contraindicaciones No Producto a Pedido 0 Presentación Registro Sanitario Modo de uso Precauciones y Contraindicaciones Producto a Pedido Stock Security Campos Auxiliares Highlight Stock Security Pantene Pro-V Miracles Colágeno Nutre & Revitaliza es un acondicionador formulado con colágeno, aceite de macadamia y provitamina B5, diseñado para complementar la rutina de cuidado capilar. Su uso está orientado a mejorar la apariencia del cabello desde la raíz hasta las puntas, aportando suavidad, manejabilidad y ayudando a controlar el frizz. Su fórmula sin sal permite integrarlo en el cuidado diario del cabello.",vtex_spec_or_regex,false_no_component_match
Farmacia Universal,Eat It! Colágeno Hidrolizado Gomitas Sabor Uva - Frasco 60 und,Eat It! Colágeno Hidrolizado Gomitas Sabor Uva 60 und Precio + Delivery Gratis,G7706122N NANTIN,49.00,PEN,available,https://www.farmaciauniversal.com/eat-it-colageno-hidrolizado-gomitas-sabor-uva-frasco-60-und/p,29354,Eat It,vtex_catalog_search,2026-06-08T00:46:58.284741+00:00,10,"/Vitaminas y Suplementos/Minerales y Otros/Colágenos/ /Vitaminas y Suplementos/Minerales y Otros/ /Vitaminas y Suplementos/ /1/10/323/ /1/10/ /1/ Frasco 60 und G7706122N NANTIN Ingerir 1 o 2 gomitas diarias, después de los alimentos. Almacenar en lugar fresco y seco, lejos de la luz solar directa. Se recomienda almacenar a temperaturas menores a los 25°C. Presentación Registro Sanitario Modo de uso Precauciones y Contraindicaciones No Producto a Pedido 0 Presentación Registro Sanitario Modo de uso Precauciones y Contraindicaciones Producto a Pedido Stock Security Campos Auxiliares Highlight Stock Security Gomitas saborizadas con colágeno hidrolizado, vitamina C, zinc, biotina y uva borgoña. Formulado con colágeno hidrolizado para una digestión y absorción más fácil. Permite mejorar la hidratación y elasticidad de la piel, disminuir las líneas de expresión y mejorar la condición del cabello y las uñas. Sabor a uva.",vtex_spec_or_regex,false_no_component_match
Farmacia Universal,Vid Natur Colágeno Hidrolizado y Camu Camu en Polvo - Frasco 500 g,Vid Natur Colágeno Hidrolizado y Camu Camu en Polvo 500 g Precio + Delivery Gratis,I8904522NNEGONT,99.00,PEN,available,https://www.farmaciauniversal.com/vid-natur-colageno-hidrolizado-y-camu-camu-en-polvo-lata-500-g/p,20823,Vid Natur,vtex_catalog_search,2026-06-08T00:46:58.285929+00:00,10,"/Vitaminas y Suplementos/Minerales y Otros/Colágenos/ /Vitaminas y Suplementos/Minerales y Otros/ /Vitaminas y Suplementos/ /1/10/323/ /1/10/ /1/ Frasco 500 g I8904522NNEGONT Tomar de 1 a 2 cucharadas disueltas en una bebida, una vez al día. Estos productos no pretenden sustituir medicamentos recomendados por su médico. Presentación Registro Sanitario Modo de uso Precauciones y Contraindicaciones No Producto a Pedido 1 Presentación Registro Sanitario Modo de uso Precauciones y Contraindicaciones Producto a Pedido Stock Security Campos Auxiliares Highlight Stock Security El colágeno es una proteína que está presente en todos los órganos y tejidos del cuerpo. Desempeña un papel importante al brindar elasticidad y flexibilidad a la piel, huesos y, especialmente, a los cartílagos. Por su parte, el camu camu es un fruto de la Amazonía peruana que posee una gran concentración de vitamina C, nutriente fundamental para la absorción del colágeno.",vtex_spec_or_regex,false_no_component_match
Farmacia Universal,Flexi Crem - Tubo 50 g,Flexi Crem 50 g Precio + Delivery Gratis,NSOC3748218PE,29.25,PEN,available,https://www.farmaciauniversal.com/flexi-crem-tubo-50-g/p,27317,Laboratorios Biosana,vtex_catalog_search,2026-06-08T00:46:58.653453+00:00,10,"/Medicinas/Fiebre y Dolor General/Antiinflamatorios Tópicos/ /Medicinas/Fiebre y Dolor General/ /Medicinas/ /2/37/47/ /2/37/ /2/ Tubo 50 g NSOC3748218PE Aplicar una cantidad suficiente de crema en la zona afectada tres veces al día, realizando un suave masaje hasta su completa absorción. Puede utilizarse antes del deporte para preparar los músculos o después de la actividad para favorecer la recuperación. Uso externo únicamente. Evitar el contacto con ojos y mucosas. No aplicar sobre heridas abiertas ni piel irritada. Conservar en un lugar fresco, seco y protegido de la luz solar directa. Mantener fuera del alcance de los niños. Suspender su uso en caso de irritación o reacción adversa. Presentación Registro Sanitario Modo de uso Precauciones y Contraindicaciones No No No Producto a Pedido Requiere receta médica Requiere refrigeración 1 Presentación Registro Sanitario Modo de uso Precauciones y Contraindicaciones Producto a Pedido Requiere receta médica Requiere refrigeración Stock Security Campos Auxiliares Highlight Stock Security Flexi Crem es una crema de uso tópico formulada con extractos naturales de árnica, uña de gato, manzanilla, aloe vera y colágeno hidrolizado. Estos componentes son conocidos por sus propiedades calmantes y revitalizantes, que pueden contribuir a la flexibilidad de las articulaciones, al bienestar muscular y a preparar la musculatura antes o después de la actividad física.",vtex_spec_or_regex,false_no_component_match
Farmacia Universal,Vitacapil Shampoo - Frasco 380 ml,Vitacapil Shampoo 380 ml Precio + Delivery Gratis,NSOC2829616PE,29.90,PEN,available,https://www.farmaciauniversal.com/vitacapil-shampoo-frasco-380-ml/p,27318,Laboratorios Biosana,vtex_catalog_search,2026-06-08T00:46:58.653744+00:00,10,"/Cuidado Personal/Cuidado del Cabello/Shampoo/ /Cuidado Personal/Cuidado del Cabello/ /Cuidado Personal/ /7/209/236/ /7/209/ /7/ Frasco 380 ml NSOC2829616PE Aplicar la cantidad necesaria de shampoo sobre el cabello húmedo, masajear suavemente el cuero cabelludo hasta formar espuma y enjuagar con abundante agua. Puede utilizarse en cada lavado, según la frecuencia habitual. Uso externo únicamente. Evitar el contacto con los ojos; en caso de ocurrir, enjuagar con abundante agua. Mantener fuera del alcance de los niños. No utilizar en caso de hipersensibilidad a alguno de sus componentes. Conservar en un lugar fresco y seco. Presentación Registro Sanitario Modo de uso Precauciones y Contraindicaciones No Producto a Pedido 1 Presentación Registro Sanitario Modo de uso Precauciones y Contraindicaciones Producto a Pedido Stock Security Campos Auxiliares Highlight Stock Security Vitacapil Shampoo es un producto capilar de pH balanceado, libre de sal y parabenos, formulado con extractos naturales de ortiga, romero, nogal, aloe vera y colágeno hidrolizado. Esta combinación de ingredientes está orientada a fortalecer la fibra capilar desde la raíz, apoyar la reconstrucción del cabello dañado y contribuir al cuidado integral del cuero cabelludo, siendo una opción adecuada para quienes buscan mantener un cabello sano y resistente.",vtex_spec_or_regex,false_no_component_match
Farmacia Universal,Propiel Retinol 2.5% Serum - Frasco 50 ml,Propiel Retinol 2.5% Serum 50 ml Precio + Delivery Gratis,NSOC6328724PE,130.00,PEN,unavailable,https://www.farmaciauniversal.com/propiel-retinol-25-serum-frasco-50-ml/p,29684,Propiel,vtex_catalog_search,2026-06-08T00:46:58.655923+00:00,,"/Dermocosmética/Serums y Ampollas/Antiedad/ /Dermocosmética/Serums y Ampollas/ /Dermocosmética/ /6/174/197/ /6/174/ /6/ Frasco 50 ml NSOC6328724PE Lavarse bien el rostro con agua fría. Toma unas gotas de Propiel Serum y aplícalo uniformemente en rostro y cuello. Deja pasar 3 a 5minutos hasta que se absorba todo el producto en tu piel. Aplica una crema hidratante y realiza masajes de forma ascendente. Finalmente utiliza un buen bloqueador y listo. No usar en piel irritada, con heridas abiertas o si presenta alergia a alguno de los ingredientes. Evitar el contacto con los ojos y suspender su uso en caso de enrojecimiento o irritación. No combinar con retinol o ácidos exfoliantes fuertes. Mantener fuera del alcance de los niños y almacenar en un lugar fresco y oscuro. Presentación Registro Sanitario Modo de uso Precauciones y Contraindicaciones No Producto a Pedido 0 Presentación Registro Sanitario Modo de uso Precauciones y Contraindicaciones Producto a Pedido Stock Security Campos Auxiliares Highlight Stock Security Renueva tu piel con nuestro retinol 2.5%. Este potente ingrediente activo estimula la producción de colágeno, reduce las arrugas y mejora la textura de la piel.",vtex_spec_or_regex,false_no_component_match
Farmacia Universal,Frezyderm Face Serum Pure Collagen - Frasco 30 ml,Frezyderm Face Serum Pure Collagen 30 ml Precio + Delivery Gratis,NSOC7026525PE,149.00,PEN,unavailable,https://www.farmaciauniversal.com/frezyderm-face-serum-pure-collagen-frasco-30-ml/p,30939,Frezyderm,vtex_catalog_search,2026-06-08T00:46:58.657504+00:00,,"/Dermocosmética/Serums y Ampollas/Antiedad/ /Dermocosmética/Serums y Ampollas/ /Dermocosmética/ /6/174/197/ /6/174/ /6/ Frasco 30 ml NSOC7026525PE Aplicar diariamente, mañana y noche, sobre la piel limpia del rostro, antes de la crema hidratante habitual. Se recomienda su uso continuo para mantener los resultados. Uso externo únicamente. Evitar el contacto con los ojos. En caso de irritación, suspender su uso y consultar a un dermatólogo. Mantener fuera del alcance de los niños. Presentación Registro Sanitario Modo de uso Precauciones y Contraindicaciones No Producto a Pedido Presentación Registro Sanitario Modo de uso Precauciones y Contraindicaciones Producto a Pedido Campos Auxiliares Highlight Frezyderm Face Serum Pure Collagen es un sérum facial ligero formulado con una tecnología de doble colágeno, colágeno de origen no animal, aminoácidos activados y cobre. Estos ingredientes han sido seleccionados por su capacidad para contribuir a una piel con apariencia más firme y elástica. Con el uso continuo, ayuda a mejorar la textura de la piel, atenuar los signos de fatiga y promover un aspecto más luminoso y revitalizado.",vtex_spec_or_regex,false_no_component_match
Farmacia Universal,Smart Blends Citrato de Magnesio Cúrcuma Mezcla Instantánea - Bolsa 200 g,Smart Blends Citrato de Magnesio Cúrcuma Mezcla Instantánea 200 g Precio + Delivery Gratis,M5801624N/NASABE,42.99,PEN,available,https://www.farmaciauniversal.com/smart-blends-citrato-de-magnesio-curcuma-mezcla-instantanea-bolsa-200-g/p,30310,Smart Blends,vtex_catalog_search,2026-06-08T00:47:00.013616+00:00,10,"/Vitaminas y Suplementos/Minerales y Otros/Magnesio/ /Vitaminas y Suplementos/Minerales y Otros/ /Vitaminas y Suplementos/ /1/10/15/ /1/10/ /1/ Bolsa 200 g M5801624N/NASABE Vía oral. Agregue una cucharadita (5 g) en un vaso de agua de aproximadamente 200 ml. Consumir una vez al día. Disolver en agua o jugos a temperatura ambiente. Diluir de inmediato, ya que es un mineral y puede formar grumos. No ingerir más de la dosis recomendada. Este producto no es medicamento y no pretende tratar ni curar ninguna enfermedad. Es un suplemento natural, por lo que se recomienda consultar con un médico antes de incorporar cualquier suplemento a su dieta diaria. Presentación Registro Sanitario Modo de uso Precauciones y Contraindicaciones No Producto a Pedido 1 Presentación Registro Sanitario Modo de uso Precauciones y Contraindicaciones Producto a Pedido Stock Security Campos Auxiliares Highlight Stock Security Mezcla de especias que destaca por su combinación de ingredientes de alta calidad, que incluye polvo de cúrcuma, citrato de magnesio, jengibre atomizado y pimienta negra. Libre de endulzantes. Libre de gluten. Libre de conservantes.",vtex_spec_or_regex,false_no_component_match
Farmacia Universal,Vid Natur Citrato de Magnesio y Camu Camu - Frasco 200 g,Vid Natur Citrato de Magnesio y Camu Camu 200 g Precio + Delivery Gratis,I8911719NNAGOBT,36.00,PEN,available,https://www.farmaciauniversal.com/vid-natur-citrato-de-magnesio-y-camu-camu-lata-200-g/p,23209,Vid Natur,vtex_catalog_search,2026-06-08T00:47:00.014071+00:00,10,"/Vitaminas y Suplementos/Minerales y Otros/Magnesio/ /Vitaminas y Suplementos/Minerales y Otros/ /Vitaminas y Suplementos/ /1/10/15/ /1/10/ /1/ Frasco 200 g I8911719NNAGOBT Tomar 1 cucharada al día, con agua o jugo de preferencia. Estos productos no pretenden sustituir medicamentos recomendados por su médico. Presentación Registro Sanitario Modo de uso Precauciones y Contraindicaciones No Producto a Pedido 1 Presentación Registro Sanitario Modo de uso Precauciones y Contraindicaciones Producto a Pedido Stock Security Campos Auxiliares Highlight Stock Security El magnesio interviene en cientos de reacciones químicas en nuestro cuerpo, ayuda a mantener el funcionamiento normal de músculos y nervios, ayuda al sistema inmunitario, circulatorio y oseo. Su carencia es una de las principales causas de enfermedad cardiovascular. La dieta occidental es deficiente en magnesio.",vtex_spec_or_regex,false_no_component_match
Farmacia Universal,Smart Blends Citrato de Magnesio Premium Mezcla Instantánea Camu Camu - Frasco 400 g,Smart Blends Citrato de Magnesio Premium Mezcla Instantánea Camu Camu 400 g Precio + Delivery Gratis,P2828424N/NASABE,92.29,PEN,available,https://www.farmaciauniversal.com/smart-blends-citrato-de-magnesio-premium-mezcla-instantanea-camu-camu-frasco-400-g/p,30330,Smart Blends,vtex_catalog_search,2026-06-08T00:47:00.015789+00:00,10,"/Vitaminas y Suplementos/Minerales y Otros/Magnesio/ /Vitaminas y Suplementos/Minerales y Otros/ /Vitaminas y Suplementos/ /1/10/15/ /1/10/ /1/ Frasco 400 g P2828424N/NASABE Vía oral. Agregue una cucharadita (5 g) en un vaso de agua de aproximadamente 200 ml. Consumir una vez al día. Disolver en agua o jugos a temperatura ambiente. Diluir de inmediato, ya que es un mineral y puede formar grumos. No ingerir más de la dosis recomendada. Este producto no es medicamento y no pretende tratar ni curar ninguna enfermedad. Es un suplemento natural, por lo que se recomienda consultar con un médico antes de incorporar cualquier suplemento a su dieta diaria. Presentación Registro Sanitario Modo de uso Precauciones y Contraindicaciones No Producto a Pedido Naranja Limón Sabor 1 Presentación Registro Sanitario Modo de uso Precauciones y Contraindicaciones Producto a Pedido Sabor Stock Security Campos Auxiliares Highlight Filtros Stock Security Fórmula que combina todas las propiedades del magnesio y el sabor natural del Camu Camu, que ayuda a fortalecer el sistema inmunológico y a reducir la fatiga. Sin ázucar.",vtex_spec_or_regex,false_no_component_match
Farmacia Universal,Smart Blends Citrato de Magnesio Premium Mezcla Instantánea Naranja y Limón - Frasco 400 g,Smart Blends Citrato de Magnesio Premium Mezcla Instantánea Naranja y Limón 400 g Precio + Delivery Gratis,P2829324N/NASABE,89.02,PEN,available,https://www.farmaciauniversal.com/smart-blends-citrato-de-magnesio-premium-mezcla-instantanea-naranja-y-limon-frasco-400-g/p,30329,Smart Blends,vtex_catalog_search,2026-06-08T00:47:00.017740+00:00,10,"/Vitaminas y Suplementos/Minerales y Otros/Magnesio/ /Vitaminas y Suplementos/Minerales y Otros/ /Vitaminas y Suplementos/ /1/10/15/ /1/10/ /1/ Frasco 400 g P2829324N/NASABE Vía oral. Agregue una cucharadita (5 g) en un vaso de agua de aproximadamente 200 ml. Consumir una vez al día. Disolver en agua o jugos a temperatura ambiente. Diluir de inmediato, ya que es un mineral y puede formar grumos. No ingerir más de la dosis recomendada. Este producto no es medicamento y no pretende tratar ni curar ninguna enfermedad. Es un suplemento natural, por lo que se recomienda consultar con un médico antes de incorporar cualquier suplemento a su dieta diaria. Presentación Registro Sanitario Modo de uso Precauciones y Contraindicaciones No Producto a Pedido Camu Camu Sabor Presentación Registro Sanitario Modo de uso Precauciones y Contraindicaciones Producto a Pedido Sabor Campos Auxiliares Highlight Filtros Combinación revitalizante que aporta los beneficios del magnesio para el bienestar muscular y digestivo, junto con el extracto cítrico natural de naranja y limón, que ofrecen un sabor refrescante. Ideal para energizar tu día y apoyar tu salud de manera natural. Sin azúcar.",vtex_spec_or_regex,false_no_component_match
Farmacia Universal,Magnesol Efervescente Sabor Limón Sobres - Caja 33 und,Magnesol Efervescente Sabor Limón Sobres 33 und Precio + Delivery Gratis,DN0431,35.36,PEN,available,https://www.farmaciauniversal.com/magnesol-efervescente-sabor-limon-sobres-caja-33-und/p,14469,Magnesol,vtex_catalog_search,2026-06-08T00:47:00.020115+00:00,100,"/Vitaminas y Suplementos/Minerales y Otros/Magnesio/ /Vitaminas y Suplementos/Minerales y Otros/ /Vitaminas y Suplementos/ /1/10/15/ /1/10/ /1/ Caja 33 und DN0431 Modo de uso Disolver un sobre en un vaso con agua Revuelve con una cucharita ¡Ya está listo! experimenta los beneficios del magnesio y zinc Pacientes con insuficiencia renal. Por lo general es bien tolerado a la dosis recomendada en algunos casos podría ocasionar leves trastornos gastrointestinales pasajeros tales como efecto laxante o dolor abdominal. Si se observan reacciones adversas, interrumpir uso. Presentación Registro Sanitario Modo de uso Precauciones y Contraindicaciones No Producto a Pedido Limón Sabor 1 Presentación Registro Sanitario Modo de uso Precauciones y Contraindicaciones Producto a Pedido Sabor Stock Security Campos Auxiliares Highlight Filtros Stock Security MAGNESOL es un Suplemento Nutricional en base a Magnesio y Zinc elaborado bajo altos estándares de calidad. Provee a las personas que buscan una alternativa natural y de fácil consumo, una experiencia de equilibrio en su rutina diaria, debido a que combina la dosis exacta de estos minerales, que tu cuerpo necesita, en una presentación práctica de 33 sobres.",vtex_spec_or_regex,false_no_component_match
Farmacia Universal,Magnesol Clásico Polvo para Solución Oral Sobres - Caja 33 und,Magnesol Clásico Polvo para Solución Oral Sobres 33 und Precio + Delivery Gratis,DN0466/DN0428,27.70,PEN,available,https://www.farmaciauniversal.com/magnesol-clasico-polvo-para-solucion-oral-sobres-caja-33-und/p,30254,Magnesol,vtex_catalog_search,2026-06-08T00:47:00.020382+00:00,100,"/Vitaminas y Suplementos/Minerales y Otros/Magnesio/ /Vitaminas y Suplementos/Minerales y Otros/ /Vitaminas y Suplementos/ /1/10/15/ /1/10/ /1/ Caja 33 und DN0466/DN0428 Modo de uso Disolver un sobre en tu jugo preferido o un vaso con agua Revuelve con una cucharita ¡Ya está listo! experimenta los beneficios del magnesio y zinc Pacientes con insuficiencia renal. Por lo general es bien tolerado a la dosis recomendada en algunos casos podría ocasionar leves trastornos gastrointestinales pasajeros tales como efecto laxante o dolor abdominal. Si se observan reacciones adversas, interrumpir uso. Presentación Registro Sanitario Modo de uso Precauciones y Contraindicaciones No Producto a Pedido 1 Presentación Registro Sanitario Modo de uso Precauciones y Contraindicaciones Producto a Pedido Stock Security Campos Auxiliares Highlight Stock Security Magnesol es un Suplemento Nutricional en base a Magnesio y Zinc elaborado bajo altos estándares de calidad. Beneficios del Magnesio: Ayuda a Equilibrar el Sistema Nervioso, Contribuye a dar Vitalidad y Energía, y es un Aliado para la prevención de tu salud",vtex_spec_or_regex,false_no_component_match
Farmacia Universal,Magnesol Efervescente Sabor Naranja Sobres - Caja 33 und,Magnesol Efervescente Sabor Naranja Sobres 33 und Precio + Delivery Gratis,DN0434/DN0404,35.31,PEN,available,https://www.farmaciauniversal.com/magnesol-efervescente-sabor-naranja-sobres-caja-33-und/p,29987,Magnesol,vtex_catalog_search,2026-06-08T00:47:00.020659+00:00,1,"/Vitaminas y Suplementos/Minerales y Otros/Magnesio/ /Vitaminas y Suplementos/Minerales y Otros/ /Vitaminas y Suplementos/ /1/10/15/ /1/10/ /1/ Caja 33 und DN0434/DN0404 Modo de uso Disolver un sobre en un vaso con agua Revuelve con una cucharita ¡Ya está listo! experimenta los beneficios del magnesio y zinc Pacientes con insuficiencia renal. Por lo general es bien tolerado a la dosis recomendada en algunos casos podría ocasionar leves trastornos gastrointestinales pasajeros tales como efecto laxante o dolor abdominal. Si se observan reacciones adversas, interrumpir uso. Presentación Registro Sanitario Modo de uso Precauciones y Contraindicaciones No Producto a Pedido Naranja Sabor 0 Presentación Registro Sanitario Modo de uso Precauciones y Contraindicaciones Producto a Pedido Sabor Stock Security Campos Auxiliares Highlight Filtros Stock Security MAGNESOL es un Suplemento Nutricional en base a Magnesio y Zinc elaborado bajo altos estándares de calidad. Provee a las personas que buscan una alternativa natural y de fácil consumo, una experiencia de equilibrio en su rutina diaria, debido a que combina la dosis exacta de estos minerales, que tu cuerpo necesita, en una presentación práctica de 33 sobres.",vtex_spec_or_regex,false_no_component_match
Farmacia Universal,3 Gel 582 mg + 196 mg + 20 mg/10 ml Suspensión Oral - Sobre 10 ml,3 Gel 582 mg + 196 mg + 20 mg/10 ml Suspensión Oral 10 ml,EE04012,1.70,PEN,available,https://www.farmaciauniversal.com/3-gel-582-mg-196-mg-20-mg-10-ml-suspension-oral-sobre-10-ml/p,13980,Dropesac,vtex_catalog_search,2026-06-08T00:47:00.022877+00:00,99999,"/Medicinas/Malestar Gastrointestinal/Antiácidos y Antidiarréicos/ /Medicinas/Malestar Gastrointestinal/ /Medicinas/ /2/39/53/ /2/39/ /2/ Sobre 10 ml Hidróxido de Aluminio 582 mg/10 ml, Hidróxido de Magnesio 196 mg/10 ml, Oxetacaína 20 mg/10 ml EE04012 Presentación Principio Activo Registro Sanitario No Si No Producto a Pedido Requiere receta médica Requiere refrigeración 2 Presentación Principio Activo Registro Sanitario Producto a Pedido Requiere receta médica Requiere refrigeración Stock Security Campos Auxiliares Highlight Stock Security",vtex_spec_or_regex,false_no_component_match
Farmacia Universal,Phillips Leche de Magnesia 400 mg/5 ml Suspensión Sabor Ciruela - Frasco 120 ml,Phillips Leche de Magnesia 400 mg/5 ml Suspensión Sabor Ciruela 120 ml Precio + Delivery Gratis,EN03362,9.66,PEN,available,https://www.farmaciauniversal.com/phillips-leche-de-magnesia-400-mg-5-ml-suspension-sabor-ciruela-frasco-120-ml/p,20128,Leche de Magnesia,vtex_catalog_search,2026-06-08T00:47:00.023260+00:00,10,"/Medicinas/Malestar Gastrointestinal/Laxantes/ /Medicinas/Malestar Gastrointestinal/ /Medicinas/ /2/39/55/ /2/39/ /2/ Frasco 120 ml Hidróxido de Magnesio 400 mg/5 ml EN03362 Vía oral. Como laxante: Adultos y adolescentes a partir de 12 años: desde 5-10 ml (1-2 g) hasta 25 ml (5 g) al día, en una única toma o dividido en 2 tomas según necesidad. Como antiácido, depende de la intensidad y frecuencia de los síntomas. Dosis recomendada: 2,5 ml a 5 ml para adultos y adolescentes a partir de 12 años en cada toma hasta un máximo de 12,5 ml al día. Puede tomarse directamente o mezclarse con agua, zumo o infusiones. Tomar cada dosis con abundante líquido (200 ml, un vaso lleno) y beber abundante líquido durante el día. La Leche de Magnesia Phillips Ciruela está contraindicada en personas con hipersensibilidad a sus componentes o insuficiencia renal grave. No se recomienda su uso en casos de obstrucción intestinal, apendicitis, colitis ulcerosa o en condiciones donde el aumento del pH estomacal esté contraindicado, como en trastornos alcalinos. Antes de usar, consulte a su médico si tiene enfermedad renal, sigue una dieta con restricción de magnesio, presenta dolor abdominal, náuseas, vómitos o un cambio repentino en los hábitos intestinales que dura más de dos semanas. Si se usa como antiácido, puede tener un efecto laxante. Presentación Principio Activo Registro Sanitario Modo de uso Precauciones y Contraindicaciones No No No Producto a Pedido Requiere receta médica Requiere refrigeración Ciruela Sabor 1 Presentación Principio Activo Registro Sanitario Modo de uso Precauciones y Contraindicaciones Producto a Pedido Requiere receta médica Requiere refrigeración Sabor Stock Security Campos Auxiliares Highlight Filtros Stock Security La Leche de Magnesia Phillips Ciruela, actúa como un antiácido de acción local, diseñado para aumentar el pH del contenido estomacal. La formulación de Leche de Magnesia Ciruela proporciona alivio eficaz contra la acidez estomacal y la indigestión al neutralizar el exceso de ácido gástrico, ofreciendo así un tratamiento dirigido y de rápida acción.",vtex_spec_or_regex,false_no_component_match
Farmacia Universal,Phillips Leche de Magnesia 400 mg/5 ml Suspensión - Frasco 360 ml,Phillips Leche de Magnesia 400 mg/5 ml Suspensión 360 ml Precio + Delivery Gratis,EN04876,23.93,PEN,available,https://www.farmaciauniversal.com/phillips-leche-de-magnesia-400-mg-5-ml-suspension-frasco-360-ml/p,10853,Leche de Magnesia,vtex_catalog_search,2026-06-08T00:47:00.023770+00:00,100,"/Medicinas/Malestar Gastrointestinal/Laxantes/ /Medicinas/Malestar Gastrointestinal/ /Medicinas/ /2/39/55/ /2/39/ /2/ Frasco 360 ml Hidróxido de Magnesio 400 mg/5 ml EN04876 Vía oral. Como laxante: Adultos y adolescentes a partir de 12 años: desde 5-10 ml (1-2 g) hasta 25 ml (5 g) al día, en una única toma o dividido en 2 tomas según necesidad. Como antiácido, depende de la intensidad y frecuencia de los síntomas. Dosis recomendada: 2,5 ml a 5 ml para adultos y adolescentes a partir de 12 años en cada toma hasta un máximo de 12,5 ml al día. Puede tomarse directamente o mezclarse con agua, zumo o infusiones. Tomar cada dosis con abundante líquido (200 ml, un vaso lleno) y beber abundante líquido durante el día. La Leche de Magnesia Phillips está contraindicada en pacientes con hipersensibilidad a los componentes de la formulación y en casos de insuficiencia renal grave. Además, no se recomienda su uso en presencia de obstrucción intestinal, apendicitis y colitis ulcerosa. Debe evitarse en situaciones donde la modificación del pH estomacal esté contraindicada. Se aconseja precaución al administrar Leche de Magnesia Phillips en pacientes geriátricos, pediátricos y aquellos con enfermedades cardiovasculares o renales preexistentes. La evaluación de la relación riesgo-beneficio es esencial antes de su prescripción en estos grupos. La supervisión médica durante el tratamiento es recomendada, y se debe informar sobre cualquier efecto adverso o cambio en la salud gastrointestinal. La duración del uso continuo debe ser determinada por un profesional de la salud. Presentación Principio Activo Registro Sanitario Modo de uso Precauciones y Contraindicaciones No No No Producto a Pedido Requiere receta médica Requiere refrigeración Original Sabor 1 Presentación Principio Activo Registro Sanitario Modo de uso Precauciones y Contraindicaciones Producto a Pedido Requiere receta médica Requiere refrigeración Sabor Stock Security Campos Auxiliares Highlight Filtros Stock Security Leche de Magnesia Phillips es un laxante con acción antiácida. La fórmula de Leche de Magnesia Phillips combina propiedades laxantes con su capacidad antiácida, proporcionando un alivio integral del malestar estomacal. Actúa aumentando el pH del contenido estomacal para neutralizar el exceso de ácido gástrico y, al mismo tiempo, ejerce un efecto laxante para favorecer la evacuación intestinal.",vtex_spec_or_regex,false_no_component_match
Farmacia Universal,Mylanta Dos 400 mg + 400 mg + 30 mg/5 ml Suspensión Oral - Frasco 240 ml,Mylanta Dos 400 mg + 400 mg + 30 mg/5 ml Suspensión Oral 240 ml Precio + Delivery Gratis,EE14234,33.69,PEN,available,https://www.farmaciauniversal.com/mylanta-dos-400-mg-400-mg-30-mg-5-ml-suspension-oral-frasco-240-ml/p,2053,Neko,vtex_catalog_search,2026-06-08T00:47:00.025143+00:00,10,"/Medicinas/Malestar Gastrointestinal/Antiácidos y Antidiarréicos/ /Medicinas/Malestar Gastrointestinal/ /Medicinas/ /2/39/53/ /2/39/ /2/ Frasco 240 ml Hidróxido de Magnesio 400 mg/5 ml, Hidróxido de Aluminio 400 mg/5 ml, Simeticona 30 mg/5ml EE14234 Administrar por vía oral según la dosis indicada en el envase o de acuerdo con la recomendación médica. Agitar bien antes de usar y medir la dosis con el dispositivo dosificador correspondiente. No exceder la dosis recomendada. Si los síntomas persisten por más de algunos días, consultar a un profesional de la salud. En pacientes con insuficiencia renal o en tratamiento prolongado, usar bajo indicación médica. Mantener fuera del alcance de los niños. Presentación Principio Activo Registro Sanitario Modo de uso Precauciones y Contraindicaciones No No No Producto a Pedido Requiere receta médica Requiere refrigeración 0 Presentación Principio Activo Registro Sanitario Modo de uso Precauciones y Contraindicaciones Producto a Pedido Requiere receta médica Requiere refrigeración Stock Security Campos Auxiliares Highlight Stock Security Mylanta Dos es una suspensión oral, indicada para el alivio sintomático de la acidez, ardor estomacal, indigestión y gases, asociados a trastornos digestivos leves. Su formulación actúa neutralizando el exceso de ácido gástrico y ayudando a reducir la sensación de distensión abdominal.",vtex_spec_or_regex,false_no_component_match
Farmacia Universal,Power Factor Citrato de Magnesio en Polvo Sabor Limón - Frasco 350 g,Power Factor Citrato de Magnesio en Polvo Sabor Limón 350 g Precio + Delivery Gratis,P2951322NNAATRD,59.90,PEN,unavailable,https://www.farmaciauniversal.com/power-factor-citrato-de-magnesio-en-polvo-sabor-limon-frasco-350-g/p,29361,Power Factor,vtex_catalog_search,2026-06-08T00:47:00.415744+00:00,,"/Vitaminas y Suplementos/Minerales y Otros/Magnesio/ /Vitaminas y Suplementos/Minerales y Otros/ /Vitaminas y Suplementos/ /1/10/15/ /1/10/ /1/ Frasco 350 g P2951322NNAATRD Diluir 1/2 cucharada medidora (5 g) con 250 ml de agua, infusiones o jugos, agitar y beber. Una vez abierto el envase, mantenerlo cerrado de manera hermética. Incluye cuchara medidora. No consumir en caso de hipersensibilidad a los ingredientes de la fórmula. Consérvese en un lugar fresco y seco. Presentación Registro Sanitario Modo de uso Precauciones y Contraindicaciones No Producto a Pedido 1 Presentación Registro Sanitario Modo de uso Precauciones y Contraindicaciones Producto a Pedido Stock Security Campos Auxiliares Highlight Stock Security “Citrato de magnesio” es un polvo homogéneo y uniforme, que al ser diluido con agua presentará una solución acuosa transparente ligeramente turbia. Principalmente está hecha a base de citrato de magnesio, mismo que se usa para tratar estreñimiento de corto plazo. El citrato de magnesio también se usa para ayudar a mejorar el sueño y equilibrar el sistema nervioso del consumidor. Físicamente, al ser diluido, se observará como un líquido con un agradable sabor a limón. Libre de materias extrañas. Producto apto para intolerantes a la lactosa y para celíacos. Este producto es elaborado bajo las mejores condiciones de buenas prácticas de manipulación y con el seguimiento estricto de las normas y reglamentos técnicos sanitarios vigentes.",vtex_spec_or_regex,false_no_component_match
Farmacia Universal,Hidróxido de Aluminio + Hidróxido de Magnesio 400 mg + 400 ml/5 ml - Frasco 120 ml,Hidróxido de Aluminio + Hidróxido de Magnesio 400 mg + 400 ml/5 ml 120 ml Precio + Delivery Gratis,EN04046,8.16,PEN,unavailable,https://www.farmaciauniversal.com/hidroxido-de-aluminio-hidroxido-de-magnesio-400-mg-400-ml-5-ml-frasco-120-ml/p,16867,Portugal,vtex_catalog_search,2026-06-08T00:47:00.415975+00:00,,"/Medicinas/Malestar Gastrointestinal/Antiácidos y Antidiarréicos/ /Medicinas/Malestar Gastrointestinal/ /Medicinas/ /2/39/53/ /2/39/ /2/ Frasco 120 ml Hidróxido de Aluminio 400 mg/5 ml, Hidróxido de Magnesio 400 mg/5 ml EN04046 Presentación Principio Activo Registro Sanitario No No No Producto a Pedido Requiere receta médica Requiere refrigeración 1 Presentación Principio Activo Registro Sanitario Producto a Pedido Requiere receta médica Requiere refrigeración Stock Security Campos Auxiliares Highlight Stock Security",vtex_spec_or_regex,false_no_component_match
Farmacia Universal,Fisiotech Esparadrapo con óxido de Zinc (4.60 x 5.20 cm) - Blíster 1 und,Fisiotech Esparadrapo con óxido de Zinc (4.60 x 5.20 cm) Precio + Delivery Gratis,DM28587E,15.94,PEN,available,https://www.farmaciauniversal.com/fisiotech-esparadrapo-con-oxido-de-zinc-460-x-520-cm-blister-1-und/p,31030,Fisiotech,vtex_catalog_search,2026-06-08T00:47:00.916801+00:00,10,"/Dispositivos Médicos/Tratamiento de Heridas/Cintas Quirúrgicas/ /Dispositivos Médicos/Tratamiento de Heridas/ /Dispositivos Médicos/ /3/75/103/ /3/75/ /3/ Blíster 1 und DM28587E Aplicar sobre la piel limpia y seca para lograr una adecuada adherencia. Colocar ejerciendo una tensión uniforme desde el centro hacia los extremos. Puede utilizarse para ayudar a fijar vendajes, apósitos o brindar soporte a articulaciones, dedos u otras zonas que requieran sujeción. Utilizar únicamente sobre piel limpia y seca para mejorar la adherencia. Suspender su uso si se presentan signos de irritación o molestia en la piel. Mantener fuera del alcance de bebés y niños. Presentación Registro Sanitario Modo de uso Precauciones y Contraindicaciones No No Producto a Pedido Requiere receta médica 0 Presentación Registro Sanitario Modo de uso Precauciones y Contraindicaciones Producto a Pedido Requiere receta médica Stock Security Campos Auxiliares Highlight Stock Security El esparadrapo Fisiotech cuenta con soporte de algodón y está recubierto por un adhesivo elaborado a base de caucho natural, resinas y óxido de zinc. Está diseñado para ayudar a proporcionar soporte y fijación de apósitos, vendajes y otros dispositivos médicos. Se caracteriza por ofrecer una adhesión firme, buena resistencia, facilidad de rasgado y adaptabilidad a distintas zonas del cuerpo.",vtex_spec_or_regex,false_no_component_match
Farmacia Universal,Nistazinc NF 10 000 000 UI + 20 g Ungüento - Tubo 15 g,Nistazinc NF 10 000 000 UI + 20 g Ungüento 15 g,EN03167,22.87,PEN,available,https://www.farmaciauniversal.com/nistazinc-nf-10-000-000-ui-20-g-unguento-tubo-15-g/p,31088,Medifarma,vtex_catalog_search,2026-06-08T00:47:00.919222+00:00,10,"/Medicinas/Fiebre y Dolor General/Antiinflamatorios Tópicos/ /Medicinas/Fiebre y Dolor General/ /Medicinas/ /2/37/47/ /2/37/ /2/ Tubo 15 g Nistatina 10 000 000 UI,Oxido de Zinc 20 g EN03167 Presentación Principio Activo Registro Sanitario No Si No Producto a Pedido Requiere receta médica Requiere refrigeración 1 Presentación Principio Activo Registro Sanitario Producto a Pedido Requiere receta médica Requiere refrigeración Stock Security Campos Auxiliares Highlight Stock Security",vtex_spec_or_regex,false_no_component_match
Farmacia Universal,Enfagrow 4 Premium Promental Preescolar Sabor Vainilla - Caja 1.1 kg,Enfagrow 4 Premium Promental Preescolar Sabor Vainilla 1.1 kg Precio + Delivery Gratis,P2930419ENAMAJH,111.89,PEN,available,https://www.farmaciauniversal.com/enfagrow-4-premium-promental-preescolar-sabor-vainilla-caja-11-kg/p,22334,Enfagrow,vtex_catalog_search,2026-06-08T00:47:00.924599+00:00,10,"/Cuidado Infantil/Nutrición Infantil/Fórmulas Infantiles/ /Cuidado Infantil/Nutrición Infantil/ /Cuidado Infantil/ /5/151/167/ /5/151/ /5/ Caja 1.1 kg P2930419ENAMAJH Lávese bien las manos con agua y jabón antes de preparar la fórmula. Lave y enjuague los utensilios o recipientes que se usarán. Hiérvalos durante al menos 5 minutos. Hierva agua potable durante 5 minutos y déjela enfriar hasta que esté tibia. Vierta en el recipiente hervido la cantidad de agua indicada y añada la cantidad de polvo según el cuadro de alimentación. Cierre bien el recipiente y agite hasta lograr una mezcla homogénea. Prepare la fórmula justo antes de su consumo. Utilizar solo la medida dosificadora incluida en el envase y respetar las proporciones indicadas. No consumir si el envase está dañado o presenta signos de alteración. Una vez preparada, la fórmula debe ser consumida inmediatamente o refrigerada y usada en un máximo de 24 horas. No recalentar en microondas para evitar quemaduras. No exceder la cantidad recomendada por el profesional de salud. Consultar con un pediatra antes de iniciar el uso, especialmente si el niño tiene alguna condición médica. Almacenar en un lugar fresco y seco, fuera del alcance de los niños. Presentación Registro Sanitario Modo de uso Precauciones y Contraindicaciones No Producto a Pedido Vainilla Sabor 0 Presentación Registro Sanitario Modo de uso Precauciones y Contraindicaciones Producto a Pedido Sabor Stock Security Campos Auxiliares Highlight Filtros Stock Security Es un alimento lácteo en polvo formulado para niños de 1 a 3 años. Contiene una combinación equilibrada de nutrientes que contribuyen al desarrollo general durante esta etapa. Incluye DHA y MFGM, componentes asociados al desarrollo cerebral y visual, así como prebióticos (PDX y GOS) y probióticos, que participan en el mantenimiento de una flora intestinal saludable. Además, aporta vitaminas y minerales como hierro, calcio y zinc, necesarios para diversas funciones del organismo. Su mezcla de proteínas, carbohidratos y grasas proporciona energía en el marco de una alimentación balanceada. Este producto no es un sucedáneo de la leche materna.",vtex_spec_or_regex,false_no_component_match
Farmacia Universal,Nilut Cápsulas - Frasco 60 und,Nilut Cápsulas 60 und Precio + Delivery Gratis,PNE1381,240.00,PEN,available,https://www.farmaciauniversal.com/nilut-capsulas-frasco-60-und/p,20596,Intihuatana Pharmaceutical,vtex_catalog_search,2026-06-08T00:47:00.924843+00:00,10,"/Vitaminas y Suplementos/Multivitamínicos/Urológicos/ /Vitaminas y Suplementos/Multivitamínicos/ /Vitaminas y Suplementos/ /1/344/353/ /1/344/ /1/ Frasco 60 und PNE1381 Vía oral. Mantener fuera del alcance de los niños. Presentación Registro Sanitario Modo de uso Precauciones y Contraindicaciones No Producto a Pedido 1 Presentación Registro Sanitario Modo de uso Precauciones y Contraindicaciones Producto a Pedido Stock Security Campos Auxiliares Highlight Stock Security Como coadyudante en el tratamiento de la hiperplasia prostática benigna. Composición: Fitoesteroles 50 mg, Acetato de DL-Alfa Tocoferilo 50 mg, Zinc 7.8 mg, Selenio 100 mcg, Licopeno 5000 mcg, Extracto de Saw Palmeto 160 mg, Semilla de Calabaza 25 mg.",vtex_spec_or_regex,false_no_component_match
Farmacia Universal,SkinScience Acnetopic Wash Dermolimpiador - Frasco 250 ml,SkinScience Acnetopic Wash Dermolimpiador 250 ml Precio + Delivery Gratis,NSOC2665616PE,109.00,PEN,unavailable,https://www.farmaciauniversal.com/skinscience-acnetopic-wash-dermolimpiador-frasco-250-ml/p,30623,Mediscience,vtex_catalog_search,2026-06-08T00:47:01.293274+00:00,,"/Dermocosmética/Limpieza Facial/Limpiadores/ /Dermocosmética/Limpieza Facial/ /Dermocosmética/ /6/169/177/ /6/169/ /6/ Frasco 250 ml NSOC2665616PE Aplicar sobre la piel húmeda del rostro o cuerpo, realizando movimientos circulares. Dejar actuar durante al menos dos minutos para permitir que los ingredientes actúen eficazmente. Luego, enjuagar con abundante agua. Se recomienda su uso dos veces al día, por la mañana y por la noche. De uso externo únicamente. Evitar el contacto con mucosas y heridas abiertas. En caso de contacto accidental con los ojos, enjuagar con abundante agua. No se recomienda su uso en niños menores de 3 años. Conservar en un lugar fresco y mantener fuera del alcance de los niños. Presentación Registro Sanitario Modo de uso Precauciones y Contraindicaciones No Producto a Pedido 1 Presentación Registro Sanitario Modo de uso Precauciones y Contraindicaciones Producto a Pedido Stock Security Campos Auxiliares Highlight Stock Security SkinScience Acnetopic Wash Dermolimpiador es un limpiador en crema, libre de grasas, diseñado para la higiene profunda de pieles grasas, mixtas o con tendencia al acné. Su formulación incluye ácido salicílico y ácido glicólico, que contribuyen a la exfoliación de células muertas y la limpieza de poros obstruidos. Además, contiene Zinc PCA, conocido por sus propiedades acondicionadoras y humectantes, y pantenol, que ayuda a acondicionar la piel.",vtex_spec_or_regex,false_no_component_match
Farmacia Universal,Gluconato de Calcio 10% Solución Inyectable - Ampolla 1 und,Gluconato de Calcio 10% Solución Inyectable 1 und,EE12390,6.00,PEN,available,https://www.farmaciauniversal.com/gluconato-de-calcio-10-solucion-inyectable-ampolla-1-und/p,32120,Biogeneric M&M,vtex_catalog_search,2026-06-08T00:47:01.939843+00:00,1,/Medicinas/Perfusión e Irrigación/ /Medicinas/ /2/415/ /2/ Ampolla 1 und Gluconato de Calcio 10% EE12390 Presentación Principio Activo Registro Sanitario No Si No Producto a Pedido Requiere receta médica Requiere refrigeración 0 Presentación Principio Activo Registro Sanitario Producto a Pedido Requiere receta médica Requiere refrigeración Stock Security Campos Auxiliares Highlight Stock Security,vtex_spec_or_regex,false_no_component_match
Farmacia Universal,Dobesilato de Calcio 500 mg AC Cápsulas - Blíster 10 und,Dobesilato de Calcio 500 mg AC Cápsulas Blíster 10 und,EN05732,11.00,PEN,available,https://www.farmaciauniversal.com/dobesilato-de-calcio-500-mg-ac-capsulas-blister-10-und/p,21211,AC Farma,vtex_catalog_search,2026-06-08T00:47:01.940268+00:00,100,/Medicinas/Cuidado Musculoesquelético/Tratamiento Óseo/ /Medicinas/Cuidado Musculoesquelético/ /Medicinas/ /2/390/394/ /2/390/ /2/ Blíster 10 und Dobesilato de Calcio 500 mg EN05732 Presentación Principio Activo Registro Sanitario No Si No Producto a Pedido Requiere receta médica Requiere refrigeración 1 Presentación Principio Activo Registro Sanitario Producto a Pedido Requiere receta médica Requiere refrigeración Stock Security Campos Auxiliares Highlight Stock Security De venta con receta médica. Evite automedicarse. Usar según indicaciones de su médico tratante.,vtex_spec_or_regex,false_no_component_match
Farmacia Universal,Unilene Apósito de Alginato de Calcio (7.5 x 12 cm) - Sobre 1 und,Unilene Apósito de Alginato de Calcio (7.5 x 12 cm) 1 und Precio + Delivery Gratis,DM11178E,9.19,PEN,available,https://www.farmaciauniversal.com/unilene-aposito-de-alginato-de-calcio-75-x-12-cm-sobre-1-und/p,30913,Unilene,vtex_catalog_search,2026-06-08T00:47:01.940777+00:00,100,"/Dispositivos Médicos/Tratamiento de Heridas/Apósitos/ /Dispositivos Médicos/Tratamiento de Heridas/ /Dispositivos Médicos/ /3/75/101/ /3/75/ /3/ Sobre 1 und DM11178E Limpiar la herida con solución estéril, aplicar el apósito directamente sobre la lesión cubriéndola por completo y fijar con un vendaje secundario. Cambiar según la saturación de exudado o indicación médica. Uso externo únicamente. Cambiar en caso de desprendimiento o mal olor. Mantener en lugar fresco y seco. Presentación Registro Sanitario Modo de uso Precauciones y Contraindicaciones No No Producto a Pedido Requiere receta médica 4 Presentación Registro Sanitario Modo de uso Precauciones y Contraindicaciones Producto a Pedido Requiere receta médica Stock Security Campos Auxiliares Highlight Stock Security El apósito de alginato de calcio Unilene está diseñado para el manejo avanzado de heridas exudativas. Mantiene un ambiente húmedo ideal para favorecer la cicatrización, controlar el sangrado y reducir el riesgo de infección. Es flexible, fácil de aplicar y retirar sin causar daño en la piel circundante.",vtex_spec_or_regex,false_no_component_match
Farmacia Universal,Cirugía Peruana Apósito de Alginato de Calcio Tipo Mecha 2 g - Sobre 1 und,Cirugía Peruana Apósito de Alginato de Calcio Tipo Mecha 2 g 1 und Precio + Delivery Gratis,DM0708E,13.00,PEN,available,https://www.farmaciauniversal.com/cirugia-peruana-aposito-de-alginato-de-calcio-tipo-mecha-2-g-sobre-1-und/p,30914,Cirugia Peruana,vtex_catalog_search,2026-06-08T00:47:01.941060+00:00,100,"/Dispositivos Médicos/Tratamiento de Heridas/Apósitos/ /Dispositivos Médicos/Tratamiento de Heridas/ /Dispositivos Médicos/ /3/75/101/ /3/75/ /3/ Sobre 1 und DM0708E Colocar la mecha de alginato en la herida limpia, asegurando que cubra toda la cavidad. Cambiar según el nivel de exudado o indicación médica. Producto de un solo uso. No utilizar si el envase está dañado. Consultar al médico si se observa aumento del dolor, enrojecimiento o signos de infección. Presentación Registro Sanitario Modo de uso Precauciones y Contraindicaciones No No Producto a Pedido Requiere receta médica 2 Presentación Registro Sanitario Modo de uso Precauciones y Contraindicaciones Producto a Pedido Requiere receta médica Stock Security Campos Auxiliares Highlight Stock Security Apósito de alginato de calcio en presentación tipo mecha, diseñado para heridas con alto nivel de exudado. El alginato interactúa con el exudado formando un gel que favorece la absorción y ayuda a mantener un ambiente húmedo adecuado para la cicatrización. Indicado para heridas profundas, úlceras o cavitaciones.",vtex_spec_or_regex,false_no_component_match
Farmacia Universal,Vid Natur Cartílago de Tiburón Cápsulas - Frasco 90 und,Vid Natur Cartílago de Tiburón Cápsulas 90 und Precio + Delivery Gratis,N8303214NNAUIFR,36.01,PEN,available,https://www.farmaciauniversal.com/vid-natur-cartilago-de-tiburon-capsulas-frasco-90-und/p,1010,Vid Natur,vtex_catalog_search,2026-06-08T00:47:01.944673+00:00,100,"/Vitaminas y Suplementos/Multivitamínicos/Osteoarticulares/ /Vitaminas y Suplementos/Multivitamínicos/ /Vitaminas y Suplementos/ /1/344/354/ /1/344/ /1/ Frasco 90 und N8303214NNAUIFR Dosis: 1 cápsula, tres veces al día, después de los alimentos. No exceder la dosis recomendada y no debe utilizarse como sustituto de una dieta equilibrada. Presentación Registro Sanitario Modo de uso Precauciones y Contraindicaciones No Producto a Pedido 1 Presentación Registro Sanitario Modo de uso Precauciones y Contraindicaciones Producto a Pedido Stock Security Campos Auxiliares Highlight Stock Security Contiene nutrientes y minerales que ayudan a mantener la salud de las articulaciones. Por su parte, el calcio y la vitamina D ayudan a mantener una buena salud ósea.",vtex_spec_or_regex,false_no_component_match
Farmacia Universal,Estado Puro Maxi Enzimas + Probióticos Cápsulas - Frasco 40 und,Estado Puro Maxi Enzimas + Probióticos Cápsulas 40 und Precio + Delivery Gratis,DE5028,135.01,PEN,available,https://www.farmaciauniversal.com/estado-puro-maxi-enzimas-probioticos-capsulas-frasco-40-und/p,29921,Estado Puro,vtex_catalog_search,2026-06-08T00:47:01.947566+00:00,10,"/Vitaminas y Suplementos/Multivitamínicos/Digestivos/ /Vitaminas y Suplementos/Multivitamínicos/ /Vitaminas y Suplementos/ /1/344/352/ /1/344/ /1/ Frasco 40 und DE5028 Tomar 1 cápsula con la comida y 1 cápsula con la cena. Los complementos alimenticios no deben usarse como sustitutos de una dieta equilibrada ni de un modo de vida sano. No superar la dosis diaria recomendada. Mantener fuera del alcance de los niños. Para satisfacer las necesidades nutricionales es importante consumir una dieta variada y equilibrada y seguir un estilo de vida saludable. No contiene alergenos. Apto para vegertarianos. Si sufres de alguna enfermedad condicionada a medicacion permanente, consultar con su medico antes de consumir. Presentación Registro Sanitario Modo de uso Precauciones y Contraindicaciones No Producto a Pedido 1 Presentación Registro Sanitario Modo de uso Precauciones y Contraindicaciones Producto a Pedido Stock Security Campos Auxiliares Highlight Stock Security Complemento alimenticio a base de 18 enzimas digestivas de alta actividad, 9 cepas de fermentos lácticos, fibra prebiótica y calcio. Enzimas digestivas de amplio espectro, específicas para digerir hidratos de carbono, proteínas y grasas. Alta biodisponibilidad, de origen microbiano y vegetal, que resisten la acidez estomacal y actúan en los diferentes tramos del tracto digestivo. 400 millones de UFC (unidades formadoras de colonias) procedentes de 9 cepas de fermentos lácticos diferentes, estabilizados a través de la tecnología ProbioAct, que garantiza la supervivencia a través del tracto digestivo y su activación en el intestino. Con Fructo-Oligosacáridos, fibra prebiótica que sirve de alimento a los fermentos lácticos para que puedan multiplicarse de forma rápida y eficaz en el intestino. Otros ingredientes: Cápsula vegetal, maltodextrina de maíz y almidón de maíz, fructooligosacáridos, inulina, cloruro potásico, proteína vegetal hidrolizada, sulfato de magnesio, aroma de vainilla, sulfato de manganeso, salvado de arroz y triglicéridos de cadena media.",vtex_spec_or_regex,false_no_component_match
Farmacia Universal,Lactato de Ringer Solución Inyectable - Frasco 1000 ml,Lactato de Ringer Solución Inyectable 1000 ml,EN04035,15.75,PEN,available,https://www.farmaciauniversal.com/lactato-de-ringer-solucion-inyectable-frasco-1000-ml/p,22961,B. Braun,vtex_catalog_search,2026-06-08T00:47:01.952145+00:00,100,"/Medicinas/Perfusión e Irrigación/ /Medicinas/ /2/415/ /2/ Frasco 1000 ml Cloruro de sodio 600 mg, Cloruro de potasio 30 mg, Cloruro de calcio dihidratado 20 mg, Lactato de sodio 310 mg EN04035 Presentación Principio Activo Registro Sanitario No Si No Producto a Pedido Requiere receta médica Requiere refrigeración 1 Presentación Principio Activo Registro Sanitario Producto a Pedido Requiere receta médica Requiere refrigeración Stock Security Campos Auxiliares Highlight Stock Security",vtex_spec_or_regex,false_no_component_match
Farmacia Universal,Alcon BSS Solución Salina Balanceada Estéril para Irrigación Ocular - Bolsa 500 ml,Alcon BSS Solución Salina Balanceada Estéril para Irrigación Ocular 500 ml,EE08067,115.64,PEN,available,https://www.farmaciauniversal.com/alcon-bss-solucion-salina-balanceada-esteril-para-irrigacion-ocular-bolsa-500-ml/p,16559,Alcon,vtex_catalog_search,2026-06-08T00:47:02.331145+00:00,10,"/Medicinas/Perfusión e Irrigación/ /Medicinas/ /2/415/ /2/ Bolsa 500 ml Cloruro de Sodio 0.64%, Cloruro de Potasio 0.075%, Cloruro de Calcio Dihidratado 0.048% EE08067 Presentación Principio Activo Registro Sanitario No Si No Producto a Pedido Requiere receta médica Requiere refrigeración 1 Presentación Principio Activo Registro Sanitario Producto a Pedido Requiere receta médica Requiere refrigeración Stock Security Campos Auxiliares Highlight Stock Security",vtex_spec_or_regex,false_no_component_match
Farmacia Universal,Dige Pro Cápsulas - Frasco 60 und,Dige Pro Cápsulas 60 und Precio + Delivery Gratis,DE2138,100.00,PEN,available,https://www.farmaciauniversal.com/dige-pro-capsulas-frasco-60-und/p,21900,Intihuatana Pharmaceutical,vtex_catalog_search,2026-06-08T00:47:02.333144+00:00,10,"/Vitaminas y Suplementos/Multivitamínicos/Digestivos/ /Vitaminas y Suplementos/Multivitamínicos/ /Vitaminas y Suplementos/ /1/344/352/ /1/344/ /1/ Frasco 60 und DE2138 Administración vía oral. Dosis: Tomar 1 a 2 cápsulas con comidas principales. Para uso en gestantes o madres lactantes, consulte a su profesional de la salud. Presentación Registro Sanitario Modo de uso Precauciones y Contraindicaciones No Producto a Pedido 1 Presentación Registro Sanitario Modo de uso Precauciones y Contraindicaciones Producto a Pedido Stock Security Campos Auxiliares Highlight Stock Security Enzimas digestivas + Probióticos + Aceites esenciales. Composición: Calcio 45 mg, Celulasa 5 mg, Pancreatina 12.50 mg, Aceite de Mentha Piperita 5 mg, Aceite De Mentha Spicata 5 mg, Lactasa 4.50 mg, Lactobacillus Sporogenes 5 mg, Fructooligosacaridos 62.50 mg, Enzimas Digestivas 25 mg, Papaina de Carica Papaya 37.50 mg, Alfa Galactosidasa 12.50 mg, Jengibre Raiz en Polvo 12.50 mg, Aceite de Ajowan 5 mg, Aceite de Hinojo 5 mg, Bromelaina 7.50 mg, Lipasa 5 mg.",vtex_spec_or_regex,false_no_component_match
Farmacia Universal,Roinka Aceite Sacha Inchi - Frasco 250 ml,Roinka Aceite Sacha Inchi 250 ml Precio + Delivery Gratis,C1308510NUIEAROO,38.73,PEN,available,https://www.farmaciauniversal.com/roinka-aceite-sacha-inchi-frasco-250-ml/p,3079,Roinka,vtex_catalog_search,2026-06-08T00:47:04.143107+00:00,100,"/Productos Saludables/Aceites y Vinagres/ /Productos Saludables/ /9/271/ /9/ Frasco 250 ml C1308510NUIEAROO Se recomienda consumirlo como parte de una alimentación equilibrada, agregándolo a ensaladas, batidos o platos fríos. No se recomienda su uso para freír. Mantener en un lugar fresco, seco y protegido de la luz para preservar sus propiedades. En caso de alergia a semillas o frutos secos, consultar con un profesional de la salud antes de su consumo. Presentación Registro Sanitario Modo de uso Precauciones y Contraindicaciones No Producto a Pedido 3 Presentación Registro Sanitario Modo de uso Precauciones y Contraindicaciones Producto a Pedido Stock Security Campos Auxiliares Highlight Stock Security El Aceite de Sacha Inchi es un producto natural extraído mediante prensado en frío de las semillas de la planta Plukenetia volubilis, originaria de la Amazonía. Este aceite se destaca por su alto contenido de ácidos grasos esenciales, incluyendo Omega 3, Omega 6 y Omega 9. Además, es una fuente rica en antioxidantes y vitaminas A y E.",vtex_spec_or_regex,false_no_component_match
Farmacia Universal,Eat It! Melatonina Gomitas Sabor Manzana - Frasco 60 und,Eat It! Melatonina Gomitas Sabor Manzana 60 und Precio + Delivery Gratis,G7715223N NANTIN,49.00,PEN,available,https://www.farmaciauniversal.com/eat-it-melatonina-gomitas-sabor-manzana-frasco-60-und/p,29351,Eat It,vtex_catalog_search,2026-06-08T00:47:04.599267+00:00,100,"/Vitaminas y Suplementos/Multivitamínicos/Relajantes/ /Vitaminas y Suplementos/Multivitamínicos/ /Vitaminas y Suplementos/ /1/344/351/ /1/344/ /1/ Frasco 60 und G7715223N NANTIN Ingerir 2 gomitas por la noches. Almacenar en lugar fresco y seco, lejos de la luz solar directa. Se recomienda almacenar a temperaturas menores a los 25°C. Presentación Registro Sanitario Modo de uso Precauciones y Contraindicaciones No Producto a Pedido 1 Presentación Registro Sanitario Modo de uso Precauciones y Contraindicaciones Producto a Pedido Stock Security Campos Auxiliares Highlight Stock Security Gomitas funcionales formuladas con extracto de melatonina. Ayuda a mejorar tanto el inicio como el mantenimiento del sueño. Sabor a manzana.",vtex_spec_or_regex,false_no_component_match
Farmacia Universal,Isdin Isdinceutics Retinal Eyes Serum - Frasco 20 ml,Isdin Isdinceutics Retinal Eyes Serum 20 ml Precio + Delivery Gratis,NSOC4031925CO,207.92,PEN,unavailable,https://www.farmaciauniversal.com/isdin-isdinceutics-retinal-eyes-serum-frasco-20-ml/p,32347,Isdin,vtex_catalog_search,2026-06-08T00:47:04.603111+00:00,,"/Dermocosmética/Serums y Ampollas/Antiedad/ /Dermocosmética/Serums y Ampollas/ /Dermocosmética/ /6/174/197/ /6/174/ /6/ Frasco 20 ml NSOC4031925CO Aplicar en la rutina de noche dosificando una pequeña cantidad en la yema del dedo y mezclando ambas fases hasta obtener un color homogéneo; luego aplicar en el contorno de ojos con suaves toques hasta su completa absorción. Si es la primera vez que se utiliza un retinoide, se recomienda un periodo de adaptación: la primera semana aplicar tres noches por semana dejando días de descanso entre aplicaciones, la segunda semana en noches alternas y, a partir de la tercera, aumentar según tolerancia. Durante el uso, es recomendable complementar con fotoprotección durante el día. Uso externo. Evitar el contacto directo con los ojos. Puede presentarse picor, enrojecimiento o ligera descamación durante las primeras aplicaciones como parte del proceso de adaptación al retinoide. En caso de irritación persistente, suspender su uso y consultar con un profesional de la salud. Mantener fuera del alcance de los niños y conservar en un lugar fresco y seco. Presentación Registro Sanitario Modo de uso Precauciones y Contraindicaciones No Producto a Pedido Presentación Registro Sanitario Modo de uso Precauciones y Contraindicaciones Producto a Pedido Campos Auxiliares Highlight Isdin Isdinceutics Retinal Eyes es un sérum bifásico para el contorno de ojos formulado con retinaldehído, diseñado para ayudar a mejorar visiblemente los signos de la edad en esta zona. Su fórmula combina retinaldehído, bakuchiol, LiftExtract, melatonina y niacinamida, ingredientes que actúan de forma complementaria para aportar una acción antiedad. Su innovador sistema bifásico permite que los componentes se mezclen en el momento de la aplicación, favoreciendo la estabilidad del retinal y una mejor experiencia de uso con una textura ligera y sedosa. Está indicado para todo tipo de piel y puede integrarse fácilmente en la rutina nocturna, ayudando a mejorar la apariencia de arrugas, bolsas y ojeras, así como la firmeza, luminosidad y signos de fatiga.",vtex_spec_or_regex,false_no_component_match
Farmacia Universal,Gel NB Probiótico - Frasco 100 ml,Gel NB Probiótico 100 ml Precio + Delivery Gratis,P2620815NNALBMD,28.00,PEN,available,https://www.farmaciauniversal.com/gel-nb-probiotico-frasco-100-ml-ant/p,14472,Lmb H. Colichon,vtex_catalog_search,2026-06-08T00:47:04.967234+00:00,10,"/Vitaminas y Suplementos/Multivitamínicos/Digestivos/ /Vitaminas y Suplementos/Multivitamínicos/ /Vitaminas y Suplementos/ /1/344/352/ /1/344/ /1/ Frasco 100 ml P2620815NNALBMD Seguir las indicaciones de su médico tratante. No se automedique. Mantener fuera del alcance de los niños. Si detecta alguna reacción negativa al consumir este producto, consulte con su médico. Para mayor información, leer el inserto adjunto al producto o consultar con un profesional de la salud. Presentación Registro Sanitario Modo de uso Precauciones y Contraindicaciones No Producto a Pedido 1 Presentación Registro Sanitario Modo de uso Precauciones y Contraindicaciones Producto a Pedido Stock Security Campos Auxiliares Highlight Stock Security Bebida a base de cereales con Lactobacillus acidophilus y Lactobacillus bulgaricus, sabor vainilla-cereza.",vtex_spec_or_regex,false_no_component_match
Farmacia Universal,Daeha Probióticos Cápsulas - Frasco 30 und,Daeha Probióticos Cápsulas 30 und Precio + Delivery Gratis,DE3491,155.10,PEN,available,https://www.farmaciauniversal.com/daeha-probioticos-capsulas-frasco-30-und/p,28923,Medihealth,vtex_catalog_search,2026-06-08T00:47:04.969019+00:00,100,"/Vitaminas y Suplementos/Multivitamínicos/Digestivos/ /Vitaminas y Suplementos/Multivitamínicos/ /Vitaminas y Suplementos/ /1/344/352/ /1/344/ /1/ Frasco 30 und DE3491 Tomar una cápsula al día, preferentemente por la mañana. Evitar consumir paciente Inmunodeprimidos y recién nacidos prematuros. No use este suplemento si es alérgico a alguno de sus componentes. Las cápsulas podrían no ser adecuadas para niños menores de 6 años o pacientes con dificultades en la deglución. En caso de embarazo o lactancia queda a criterio del médico. Presentación Registro Sanitario Modo de uso Precauciones y Contraindicaciones No Producto a Pedido 1 Presentación Registro Sanitario Modo de uso Precauciones y Contraindicaciones Producto a Pedido Stock Security Campos Auxiliares Highlight Stock Security Daeha está constituido por bifidobacterias y lactobacilus que ayudan a restaurar la flora intestinal contribuyendo a reforzar el sistema inmunológico.",vtex_spec_or_regex,false_no_component_match
Farmacia Universal,Eat It! Probióticos y Prebióticos Gomitas - Frasco 60 und,Eat It! Probióticos y Prebióticos Gomitas 60 und Precio + Delivery Gratis,G7714823N NANTIN,49.00,PEN,available,https://www.farmaciauniversal.com/eat-it-probioticos-y-prebioticos-gomitas-frasco-60-und/p,29355,Eat It,vtex_catalog_search,2026-06-08T00:47:04.969283+00:00,1,"/Vitaminas y Suplementos/Multivitamínicos/Digestivos/ /Vitaminas y Suplementos/Multivitamínicos/ /Vitaminas y Suplementos/ /1/344/352/ /1/344/ /1/ Frasco 60 und G7714823N NANTIN Ingerir 1 o 2 gomitas diarias, preferentemente en el desayuno. Almacenar en lugar fresco y seco, lejos de la luz solar directa. Se recomienda almacenar a temperaturas menores a los 25°C. Presentación Registro Sanitario Modo de uso Precauciones y Contraindicaciones No Producto a Pedido 1 Presentación Registro Sanitario Modo de uso Precauciones y Contraindicaciones Producto a Pedido Stock Security Campos Auxiliares Highlight Stock Security Gomitas funcionales de gelatina formuladas con probióticos y prebióticos (fibra soluble). Ayudan a mejorar síntomas digestivos y función intestinal tanto en personas en general como en aquellas que sufren de intestino irritable. Sabor a frambuesa.",vtex_spec_or_regex,false_no_component_match
Farmacia Universal,Florax SM 500 millones/5 ml Suspensión Oral - Caja 5 und,Florax SM 500 millones/5 ml Suspensión Oral 5 und Precio + Delivery Gratis,DE2651,33.30,PEN,available,https://www.farmaciauniversal.com/florax-sm-500-millones-5-ml-suspension-oral-caja-5-und/p,4783,Contilab,vtex_catalog_search,2026-06-08T00:47:04.971653+00:00,10,"/Vitaminas y Suplementos/Multivitamínicos/Digestivos/ /Vitaminas y Suplementos/Multivitamínicos/ /Vitaminas y Suplementos/ /1/344/352/ /1/344/ /1/ Caja 5 und Saccharomyces Cerevisiae 500 millones/5 ml DE2651 Administrar por vía oral siguiendo las indicaciones del envase o la recomendación del profesional de la salud. No utilizar en caso de alergia a alguno de sus componentes. Si los síntomas persisten, consultar con un profesional de la salud. Mantener fuera del alcance de los niños. Presentación Principio Activo Registro Sanitario Modo de uso Precauciones y Contraindicaciones No Producto a Pedido 0 Presentación Principio Activo Registro Sanitario Modo de uso Precauciones y Contraindicaciones Producto a Pedido Stock Security Campos Auxiliares Highlight Stock Security Florax SM es una suspensión oral que contiene Saccharomyces cerevisiae, utilizada como probiótico para contribuir al equilibrio de la flora intestinal en determinadas condiciones, según indicación profesional. Puede emplearse como parte del manejo de trastornos digestivos leves.",vtex_spec_or_regex,false_no_component_match
Farmacia Universal,Daeha Probióticos en Polvo Sachets - Caja 30 und,Daeha Probióticos en Polvo Sachets 30 und Precio + Delivery Gratis,DE3169,165.00,PEN,unavailable,https://www.farmaciauniversal.com/daeha-probioticos-en-polvo-sachets-caja-30-und/p,28924,Medihealth,vtex_catalog_search,2026-06-08T00:47:04.974188+00:00,,"/Vitaminas y Suplementos/Multivitamínicos/Digestivos/ /Vitaminas y Suplementos/Multivitamínicos/ /Vitaminas y Suplementos/ /1/344/352/ /1/344/ /1/ Caja 30 und DE3169 Tomar un sachet al día, preferentemente por la mañana. Evitar consumir paciente Inmunodeprimidos y recién nacidos prematuros. No use este suplemento si es alérgico a alguno de sus componentes. Las cápsulas podrían no ser adecuadas para niños menores de 6 años o pacientes con dificultades en la deglución. En caso de embarazo o lactancia queda a criterio del médico. Presentación Registro Sanitario Modo de uso Precauciones y Contraindicaciones No Producto a Pedido Presentación Registro Sanitario Modo de uso Precauciones y Contraindicaciones Producto a Pedido Campos Auxiliares Highlight Daeha está constituido por bifidobacterias y lactobacilus que ayudan a restaurar la flora intestinal contribuyendo a reforzar el sistema inmunológico.",vtex_spec_or_regex,false_no_component_match
Farmacia Universal,Enterogermina 2000 millones/5 ml Frascos Bebibles - Caja 10 und,Enterogermina 2000 millones/5 ml Frascos Bebibles 10 und Precio + Delivery Gratis,BE00409,41.10,PEN,unavailable,https://www.farmaciauniversal.com/enterogermina-2-billion5-ml-frascos-bebibles-caja-10-und/p,12659,Enterogermina,vtex_catalog_search,2026-06-08T00:47:04.974796+00:00,,"/Vitaminas y Suplementos/Multivitamínicos/Digestivos/ /Vitaminas y Suplementos/Multivitamínicos/ /Vitaminas y Suplementos/ /1/344/352/ /1/344/ /1/ Caja 10 und BE00409 Adultos: 2-3- frascos diarios. Niños: 1-2 frascos diarios. Lactantes: 1-2 frascos diarios. Advertencias y precauciones: No tome Enterogermina si es alérgico a las esporas de Bacillus clausii o a cualquiera de los componentes del producto. Medicamento solo para uso oral. No inyectar o administrar por otra vía. Un uso incorrecto del medicamento ha provocado reacciones anafilácticas graves. Si recibe antibióticos, tome Enterogermina en el intervalo entre una y otra dosis del antibiótico. La presencia de partículas visibles en los frascos de Enterogermina se debe a agregados de esporas de Bacillus clausii, y no indica que el producto haya sufrido cambios. Presentación Registro Sanitario Modo de uso Precauciones y Contraindicaciones No Producto a Pedido 1 Presentación Registro Sanitario Modo de uso Precauciones y Contraindicaciones Producto a Pedido Stock Security Campos Auxiliares Highlight Stock Security Enterogermina es el probiótico que cuida la salud digestiva de tu familia mediante sus 4 acciones: fortalece, protege, restaura y alivia. Su composición de 4 cepas de Bacillus clausii le permiten resistir a los antibióticos más comunes y asi ayudar a prevenir un desbalance intestinal. Su forma en esporas le permite llegar al intestino y comenzar a actuar ahí donde se necesita. Enterogermina se compone de 2 mil millones de esporas de Bacillus clausii y agua. Cada frasco contiene 5mL de la suspensión, siendo la dosis recomendada de 2 a 3 frascos para adultos y 1 a 2 frascos para niños y lactantes⁵. Sus beneficios pueden ser aprovechados por toda la familia (adultos y niños*).",vtex_spec_or_regex,false_no_component_match
Farmacia Universal,Pack x 30 Pediasure Bebible Sabor Chocolate 220 ml c/u,Precio + Delivery Gratis,I4101221ENAABLB,302.40,PEN,unavailable,https://www.farmaciauniversal.com/pack-x-30-pediasure-bebible-sabor-chocolate-220-ml-c-u/p,99244,Pediasure,vtex_catalog_search,2026-06-08T00:47:07.199357+00:00,,"/Cuidado Infantil/Nutrición Infantil/Fórmulas Infantiles/ /Cuidado Infantil/Nutrición Infantil/ /Cuidado Infantil/ /5/151/167/ /5/151/ /5/ Pack Promocional I4101221ENAABLB Agitar bien antes de usar. Se puede consumir frío o a temperatura ambiente. Si el envase ya ha sido abierto, se debe tapar, refrigerar y usar dentro de las siguientes 24 horas. No debe administrarse por vía parenteral. Este producto está pensado como complemento de una dieta completa y variada, y no debe sustituir alimentos principales. Se recomienda consultar al pediatra o nutricionista antes de incluirlo en la alimentación del niño. En caso de presentar alergias o intolerancias, verificar los ingredientes e informar al profesional de salud. Presentación Registro Sanitario Modo de uso Precauciones y Contraindicaciones No Producto a Pedido Presentación Registro Sanitario Modo de uso Precauciones y Contraindicaciones Producto a Pedido Campos Auxiliares Highlight PediaSure está recomendado para niños: Con patrones de crecimiento por debajo de los de su misma edad. Con requisitos nutricionales y calóricos incrementados. Con desnutrición o ingesta reducida de alimentos por disminución del apetito. Consulte a su médico acerca de las necesidades de alimentación específificas de su. hijo. Con 5 grupos de nutrientes que apoyan el crecimiento y desarrollo.",vtex_spec_or_regex,false_no_component_match
Farmacia Universal,Drasanvi Biotina + Aloe Vera Champú - Frasco 1000 ml,Drasanvi Biotina + Aloe Vera Champú 1000 ml Precio + Delivery Gratis,NSOC4916421PE,60.00,PEN,available,https://www.farmaciauniversal.com/drasanvi-biotina-aloe-vera-champu-frasco-1000-ml/p,28199,Drasanvi,vtex_catalog_search,2026-06-08T00:47:08.263095+00:00,10,"/Cuidado Personal/Cuidado del Cabello/Shampoo/ /Cuidado Personal/Cuidado del Cabello/ /Cuidado Personal/ /7/209/236/ /7/209/ /7/ Frasco 1000 ml NSOC4916421PE Aplicar una pequeña cantidad de champú sobre el cuero cabelludo y masajear. Dejar actuar unos minutos y, finalmente, aclarar con abundante agua. Uso tópico. No aplicar en los ojos. producto destinado a la higiene personal. Presentación Registro Sanitario Modo de uso Precauciones y Contraindicaciones No Producto a Pedido Frasco 1000 ml Presentaciones 1 Presentación Registro Sanitario Modo de uso Precauciones y Contraindicaciones Producto a Pedido Presentaciones Stock Security Campos Auxiliares Highlight Filtros Stock Security La biotina y la sinergia de otros ingredientes le confieren al producto las siguientes propiedades: Nutrición: Aporta las sustancias que tu cabello necesita para crecer fuerte y sano. Protección: Gracias a las proteínas y aminoácidos, protegen el cabello de las agresiones externas. Brillo: El poder del Aloe Vera penetra en el interior del cuero cabelludo para proporcionar un brillo inigualable.",vtex_spec_or_regex,false_no_component_match
Farmacia Universal,Folifort Max Shampoo Reparación y Protección Capilar - Frasco 300 ml,Folifort Max Shampoo Reparación y Protección Capilar 300 ml Precio + Delivery Gratis,NSOC9933020CO,118.00,PEN,unavailable,https://www.farmaciauniversal.com/folifort-max-shampoo-reparacion-y-proteccion-capilar-frasco-300-ml/p,28934,Carnot,vtex_catalog_search,2026-06-08T00:47:08.268292+00:00,,"/Dermocosmética/Cuidado Capilar/Caída del Cabello/ /Dermocosmética/Cuidado Capilar/ /Dermocosmética/ /6/171/185/ /6/171/ /6/ Frasco 300 ml NSOC9933020CO Folifort® MAX Shampoo, a través de la acción del complejo antioxidante y la Biotina Plus, repara y protege las células del folículo piloso afectadas por factores internos y externos. Aplicar Folifort Max Shampoo, en la piel cabelluda previamente humedecida y frotar suavemente de 2 a 4 minutos, hasta romper las microesferas con el fin de que las vitaminas se liberen. Enjuagar con agua tibia. Repetir la aplicación y enjuagar nuevamente con agua tibia. Se recomienda el uso de Folifort Max Shampoo, 3 veces por semana. Presentación Registro Sanitario Modo de uso Precauciones y Contraindicaciones No Producto a Pedido 1 Presentación Registro Sanitario Modo de uso Precauciones y Contraindicaciones Producto a Pedido Stock Security Campos Auxiliares Highlight Stock Security Folifort® MAX Shampoo, a través de la acción del complejo antioxidante y la Biotina Plus, repara y protege las células del folículo piloso afectadas por factores internos y externos.",vtex_spec_or_regex,false_no_component_match
Farmacia Universal,Prostanatur Max Cápsulas Blandas - Caja 30 und,Prostanatur Max Cápsulas Blandas 30 und Precio + Delivery Gratis,PNE1658,120.90,PEN,available,https://www.farmaciauniversal.com/prostanatur-max-capsulas-blandas-caja-30-und/p,26711,Sherfarma,vtex_catalog_search,2026-06-08T00:47:09.459773+00:00,1,"/Medicinas/Cuidado Urinario/Tratamiento de Próstata/ /Medicinas/Cuidado Urinario/ /Medicinas/ /2/405/408/ /2/405/ /2/ Caja 30 und Extracto de Serenoa Repens 352 mg, Solanum Lycopersicum 5.5 mg, Levadura con Selenio 27.5 mg PNE1658 La dosis recomendada es de una cápsula blanda al día, administrada por vía oral, preferiblemente con las comidas para optimizar su absorción. Prostanatur Max está contraindicado en personas con hipersensibilidad a Serenoa repens, licopeno o a alguno de los componentes del producto. También se desaconseja su uso en personas que estén tomando medicamentos anticoagulantes, debido al riesgo potencial de sangrado. Se recomienda no exceder la dosis indicada y mantener el producto fuera del alcance de los niños. En caso de observar reacciones adversas, como molestias gastrointestinales, se debe suspender el tratamiento y consultar a un profesional de la salud. Presentación Principio Activo Registro Sanitario Modo de uso Precauciones y Contraindicaciones No No No Producto a Pedido Requiere receta médica Requiere refrigeración 1 Presentación Principio Activo Registro Sanitario Modo de uso Precauciones y Contraindicaciones Producto a Pedido Requiere receta médica Requiere refrigeración Stock Security Campos Auxiliares Highlight Stock Security Prostanatur Max combina ingredientes naturales como Serenoa repens, licopeno y selenio, formulados especialmente para quienes buscan mantener la salud prostática y sentirse más cómodos en su día a día. Este complemento puede ser un gran aliado frente a molestias urinarias comunes en hombres mayores, como la necesidad de orinar con frecuencia o la dificultad para vaciar completamente la vejiga.",vtex_spec_or_regex,false_no_component_match
