pharmacy,commercial_name,formal_name,registro_sanitario,price,currency,availability,url,sku,brand,source_strategy,scraped_at,stock,component_text,registro_sanitario_source,component_traceable
Mifarma,Sunvit Vitamin E 400 IU Cápsula Blanda,Sunvit Vitamin E 400 IU Cápsula Blanda,E-400,28.40,PEN,available,https://www.mifarma.com.pe/producto/sunvit-vitamin-e-400-iu-capsula-blanda/816513,816513,SUNVIT,algolia_public_search,2026-06-08T00:46:24.186653+00:00,,Cada cápsula blanda contiene: Vitamina E 400 UI (como acetato de dl-alfa tocoferilo).....180 mg Este producto es distribuido por Inretail Pharma S.A. (Ley 32033) Vitaminas Vitamina E,page_or_detail_regex,false_no_component_match
Mifarma,Sunvit Vitamina B12+B6+Folic Tableta sublinguales,Sunvit Vitamina B12+B6+Folic Tableta sublinguales,,57.30,PEN,available,https://www.mifarma.com.pe/producto/sunvit-vitamina-b12-b6-folic-tableta-sublinguales/303878,303878,SUNVIT,algolia_public_search,2026-06-08T00:46:24.186942+00:00,,Vitamina B12 100mcgVitamina B6 2mgFolato 1360 mcg Este producto es distribuido por Inretail Pharma S.A. (Ley 32033) Vitaminas Suplementos y Vitaminas Vitamina B-Complejo B B6 y B12 Vitamina B,,false_no_registro_sanitario
Mifarma,Zinc 10 mg + Vitamina C + Vitamina E Vitamins For Life Tableta Efervescente Sabor Durazno / Maracuyá,Zinc 10 mg + Vitamina C + Vitamina E Vitamins For Life Tableta Efervescente Sabor Durazno / Maracuyá,,15.90,PEN,unavailable,https://www.mifarma.com.pe/producto/zinc-10mg-vitamina-c-vitamina-e-tabletas-eferv/529513,529513,VITAMINS FOR LIFE,algolia_public_search,2026-06-08T00:46:24.187412+00:00,,"VITAMINA C 150mg, ZINC 10mg, VITAMINA E 18mg Este producto es distribuido por Inretail Pharma S.A. (Ley 32033) Contiene Zinc 10mg, Vitamina C 150mg y Vitamina E 18mg. Sin lactosa. Sin gluten. Sin azúcar. Sin preservantes. Sabor melocotón / maracuyá. Fácil de tomar y rápida absorción. Hecho en Alemania. Preguntas frecuentes .faq-grid { display: grid; grid-template-columns: repeat(2, 1fr); gap: 16px; margin: 24px 0; } .faq-card { background: #f8f9fa; border: 1px solid #e9ecef; border-radius: 10px; padding: 20px 24px; } .faq-card h3 { font-size: 16px; font-weight: 600; color: #1a1a1a; margin: 0 0 10px; line-height: 1.4; } .faq-card p { font-size: 14px; color: #555; margin: 0; line-height: 1.7; } @media (max-width: 600px) { .faq-grid { grid-template-columns: 1fr; } } ¿Qué ingredientes contiene Zinc 10 mg con vitamina C y vitamina E? Este producto contiene zinc, vitamina C y vitamina E en presentación de tabletas efervescentes para consumo oral. ¿Cómo se presentan las tabletas efervescentes con zinc? La presentación corresponde a tabletas efervescentes que deben disolverse en agua antes de su consumo. Este formato es utilizado en suplementos nutricionales. ¿Cómo se consume una tableta efervescente con vitaminas y zinc? La tableta debe disolverse completamente en agua antes de ingerirse. La forma de consumo debe seguir las instrucciones señaladas en el etiquetado. ¿Qué caracteriza a la vitamina E en suplementos nutricionales? La vitamina E es una vitamina liposoluble presente en suplementos y formulaciones vitamínicas de administración oral. Minerales Vitaminas Zinc Vitamina C",,false_no_registro_sanitario
Mifarma,Enat 400UI Vitamina E Cápsula Blanda,Enat 400UI Vitamina E Cápsula Blanda,E-400UI,53.01,PEN,available,https://www.mifarma.com.pe/producto/enat-400ui-vitamina-e/553828,553828,ENAT,algolia_public_search,2026-06-08T00:46:24.187571+00:00,,Vitamina E 400UI Este producto es distribuido por Inretail Pharma S.A. (Ley 32033) Vitaminas Vitamina E,page_or_detail_regex,false_no_component_match
Mifarma,Vitamina E 1000 U.I Cápsula Blanda,Vitamina E 1000 U.I Cápsula Blanda,,66.90,PEN,available,https://www.mifarma.com.pe/producto/vitamina-e-1000-ui-capsula-blanda/529763,529763,EMELE,algolia_public_search,2026-06-08T00:46:24.187747+00:00,,"Dl-Alpha Tocoferil Acetato 1000 U.I (450mg) Este producto es distribuido por Inretail Pharma S.A. (Ley 32033) Sin Transgénicos, Sin colores artificiales, Sin Sabores Artificiales, Sin Edulcorante Artificial, Sin preservantes, Sin azúcar, Sin almidón, Sin Leche, Sin Lactosa, Sin Gluten, Sin Trigo, Sin Levadura, Sin Pescado, Libre De Sodio. Vitaminas para Adultos Vitaminas Vitamina E",,false_no_registro_sanitario
Mifarma,E-port 400UI Vitamina E Cápsula blanda,E-port 400UI Vitamina E Cápsula blanda,E-400UI,56.94,PEN,available,https://www.mifarma.com.pe/producto/e-port-400ui-vitamina-e/525924,525924,E-PORT,algolia_public_search,2026-06-08T00:46:24.188180+00:00,,Vitamina E 400UI Este producto es distribuido por Inretail Pharma S.A. (Ley 32033) Vitaminas Vitamina E,page_or_detail_regex,false_no_component_match
Mifarma,Vitamina C + Zinc Vitamins For Life Tableta Efervescente Sabor Naranja,Vitamina C + Zinc Vitamins For Life Tableta Efervescente Sabor Naranja,,11.50,PEN,available,https://www.mifarma.com.pe/producto/vitamina-c-1000mgzinc-10mg-tabletas-efervescentes/538033,538033,VITAMINS FOR LIFE,algolia_public_search,2026-06-08T00:46:24.188808+00:00,,"Zinc 10mg, Vitamina C 1000mg. Este producto es distribuido por Inretail Pharma S.A. (Ley 32033) Vitamina C 1000mg +zinc 10mg Suplemento nutricional efervescente, sin preservantes, sin azúcar, sin gluten, sin lactosa. Cupón INKA20 Vitaminas Vitamina C",,false_no_registro_sanitario
Mifarma,Vitamina E 400 UI Cápsula Blanda,Vitamina E 400 UI Cápsula Blanda,A-400,26.50,PEN,available,https://www.mifarma.com.pe/producto/vitamina-e-400-ui-capsula-blanda/132873,132873,PROCAPS,algolia_public_search,2026-06-08T00:46:24.188961+00:00,,"Dl-alfa tocoferil acetato/Vitamina E sintética (equivalente a 400 U.I de vitamina E), aceite vegetal,gelatina,glicerina,metilparabeno sódico,propilparabeno sódico,agua purificada, c.s. Este producto es distribuido por Inretail Pharma S.A. (Ley 32033) Vitaminas Vitamina E",page_or_detail_regex,false_no_component_match
Mifarma,Pack 03 Vitaminas C Efervescentes con Zinc,Pack 03 Vitaminas C Efervescentes con Zinc,,31.50,PEN,available,https://www.mifarma.com.pe/producto/pack-03-vitaminas-c-efervescentes-con-zinc/PACKNT33,PACKNT33,VITAMINS FOR LIFE,algolia_public_search,2026-06-08T00:46:24.189123+00:00,,"ZINC 10mg, VITAMINA C 1000mg Este producto es distribuido por Inretail Pharma S.A. (Ley 32033) Suplemento nutricional efervescente, sin preservantes, sin azúcar, sin gluten, sin lactosa. Vitaminas Packs de Nutrición y Bienestar Vitamina C",,false_no_registro_sanitario
Mifarma,Pack 02 Vitaminas C Efervescentes con Zinc,Pack 02 Vitaminas C Efervescentes con Zinc,,21.90,PEN,available,https://www.mifarma.com.pe/producto/pack-02-vitaminas-c-efervescentes-con-zinc/PACKNT32,PACKNT32,VITAMINS FOR LIFE,algolia_public_search,2026-06-08T00:46:24.189292+00:00,,"ZINC 10mg, VITAMINA C 1000mg Este producto es distribuido por Inretail Pharma S.A. (Ley 32033) Suplemento nutricional efervescente, sin preservantes, sin azúcar, sin gluten, sin lactosa. Vitaminas Packs de Nutrición y Bienestar Vitamina C",,false_no_registro_sanitario
Mifarma,Vital Vitaminado Adulto Sabor Vainilla,Vital Vitaminado Adulto Sabor Vainilla,,92.90,PEN,available,https://www.mifarma.com.pe/producto/vital-vitaminado-adulto-900g-sabor-vainilla/816600,816600,VITAL,algolia_public_search,2026-06-08T00:46:24.189648+00:00,,"Sólidos de jarabe de glucosa, sacarosa, aislado de proteína de soya, aceite de soya, proteína de leche, dextrina de maíz, minerales (calcio, potasio, cloro, sodio, fósforo, magnesio, zinc, hierro, manganeso, cobre, yodo, molibdeno, cromo, selenio), CaHMB (hidroximetilbutirato de calcio), saborizantes, concentrado de proteína del suero de leche, FOS, cloruro de sodio, espesante: goma celulosa (SIN 466), goma guar (SIN 412), aceite de pescado (fuente de DHA), vitaminas (vitamina C, vitamina E, niacina, ácido pantoténico, piridoxina, tiamina, riboflavina, vitamina A, ácido fólico, biotina, vitamina K1, vitamina D, cianocobalamina), bitartrato de colina, maltodextrina, anti aglutinante: dióxido de silicio (SIN 551), antioxidante: concentrado de tocoferol (SIN 307), inositol, mono y diglicéridos (SIN 471), beta-caroteno (SIN 160a), luteína (SIN 161b). Este producto es distribuido por Inretail Pharma S.A. (Ley 32033) Mezcla en polvo con proteína, aceite de soya y suero de leche sabor vainilla con HMB, vitaminas y minerales. Suplementos Nutricionales Suplementos / Complementos Suplementos y Vitaminas Nutrición Adulto Adultos Adulto Geriátricos Geriaplus y Vital Vitaminado en Varios Sabores",,false_no_registro_sanitario
Mifarma,Vitamina D 2000UI Vitagamma D3 Tableta,Vitamina D 2000UI Vitagamma D3 Tableta,,67.50,PEN,available,https://www.mifarma.com.pe/producto/vitagamma-d3-tableta/538151,538151,VITAGAMMA,algolia_public_search,2026-06-08T00:46:24.189784+00:00,,Vitamina D3 2000UI Este producto es distribuido por Inretail Pharma S.A. (Ley 32033) Vitaminas para Adultos Vitaminas Vitamina D,,false_no_registro_sanitario
Mifarma,Vitamina D 1000UI Deferol Cápsula Blanda,Vitamina D 1000UI Deferol Cápsula Blanda,,60.42,PEN,available,https://www.mifarma.com.pe/producto/deferol-1000-ui-capsula-blanda/559543,559543,DEFEROL,algolia_public_search,2026-06-08T00:46:24.189897+00:00,,Vitamina D3 1000UI Este producto es distribuido por Inretail Pharma S.A. (Ley 32033) Vitaminas para Adultos Vitaminas Vitamina D,,false_no_registro_sanitario
Mifarma,Vitamina D 2000UI Deferol Cápsula Blanda,Vitamina D 2000UI Deferol Cápsula Blanda,,60.51,PEN,available,https://www.mifarma.com.pe/producto/deferol-2000-ui-capsula-blanda/559544,559544,DEFEROL,algolia_public_search,2026-06-08T00:46:24.190011+00:00,,Vitamina D3 2000UI Este producto es distribuido por Inretail Pharma S.A. (Ley 32033) Vitaminas para Adultos Vitaminas Vitamina D,,false_no_registro_sanitario
Mifarma,Sérum Antioxidante La Roche Posay Pure Vitamina C10,Sérum Antioxidante La Roche Posay Pure Vitamina C10,,155.90,PEN,available,https://www.mifarma.com.pe/producto/serum-antioxidante-la-roche-posay-vitamin-c10/538700,538700,LA ROCHE-POSAY,algolia_public_search,2026-06-08T00:46:24.190754+00:00,,"Vitamina C 10% concentración de vitamina C pura. Ácido salicílico que exfolia la piel permitiendo que se absorba la vitamina c con mas eficiencia. Neurosensina que calma las pieles sensibles. Contiene Ácido hialuronico que hidrata la piel. Este producto es distribuido por Inretail Pharma S.A. (Ley 32033) La Roche-Posay cuenta con productos revolucionarios y soluciones personalizadas para las necesidades de cada tipo de piel. Además, ofrece completas líneas de productos para el cuidado de la piel y maquillajes para tu rostro. Productos probados 100 % contra alergias y en cada piel sensible. Sérum Antioxidante La Roche Posay Pure Vitamin C10 Corrige los Signos del Envejecimiento de la Piel Mejorando su Calidad Sérum antioxidante formulado con un 10% de vitamina C pura para iluminar y reafirmar la piel. Contiene ácido salicílico que incrementa la penetración de vitamina C para una mayor eficacia y neurosensina calmante. Todo ello formulado a un pH fisiológico, que lo hace apto incluso para una piel sensible. Sérums La Roche Posay N°01 en Marca Dermocosmética más Recomendada Sérum Anti-imperfecciones La Roche Posay Effaclar Duo+ Sérum concentrado con una fusión poderosa de un complejo triácido exfoliante, ácido glicólico, acido salicílico, ácido LHA y Niacinamida, destinada a combatir las imperfecciones, los poros abiertos y los puntos negros. Sérum Anti-arrugas La Roche Posay Hyalu B5 Rellena las arrugas y promueve la producción de colágeno gracias al ácido hialurónico, Vitamina B5 para disminuir la inflamación y la madecassoide para reparar la barrera de la piel. Apto post tratamientos quirúrgicos a partir del cuarto día. Sérum Anti-manchas La Roche Posay Pure Niacinamide 10 Sérum desarrollado para combatir las reacciones y las manchas cutáneas producidas por la hipersensibilidad. Formulado con un 10% de Niacinamida pura, que ayudar a reducir la hiperpigmentación y el tono desigual de la piel. Sérum Anti-arrugas Profundas La Roche Posay Retinol B3 Primer Retinol en suero, apto para pieles sensibles que combate los signos de la edad: Arrugas profundas y tono irregular. Cuenta con un complejo único de Retinol puro y de liberación gradual, para una acción anti-arrugas. Lo Mejor en Dermocosmética Cupón INKA20 Tratamiento Facial Todo en Serum Dermatológico La Roche Posay + Regalo Antiedad",,false_no_registro_sanitario
Mifarma,Serum Antioxidante Vichy Liftactiv Vitamina C,Serum Antioxidante Vichy Liftactiv Vitamina C,,143.90,PEN,available,https://www.mifarma.com.pe/producto/serum-vitamina-c-vichy-liftactiv-supreme/302236,302236,VICHY,algolia_public_search,2026-06-08T00:46:24.191206+00:00,,"Vitamina C pura Vitamina C pura, Vitamina E, Neohesperidina natural, Polifenoles de pino marítimo y Ácido hialurónico fragmentado Este producto es distribuido por Inretail Pharma S.A. (Ley 32033) El objetivo de Vichy es ayudar y fortalecer la piel, desarrollando productos para cada necesidad y afección. Además, el agua mineralizante de Vichy es el ingrediente principal y activo estrella en los productos de cuidado de la piel. Descubre el poder de Vichy en tu Piel ¿Ya lo probaste? Descubre el nuevo Sérum Antioxidante con Efecto iluminador Activos que combina un 15% Vitamina C Pura, Vitamina E, Polifenoles de Pino y Ácido Hialurónico Puro en un sérum de grado dermatológico para potenciar las defensas antioxidantes de la piel y conseguir una piel más luminosa y saludable.Sin perfumes y sin siliconas, es oil-free y se absorbe rápidamente en la superficie de la piel. Además, no deja sensación grasa ni pegajosa y sin brillos. Mayor concentración de Vitamina C pura para un intenso efecto iluminador Sin sensación grasa ni pegajosa y sin brillos Lo Mejor en Dermocosmética Cupón INKA20 Tratamiento Facial Todo en Serum Dermatológico Antiedad Vichy - Marca Exclusiva Regalo",,false_no_registro_sanitario
Mifarma,Vitamina K2 + D3 Mason Natural Tableta,Vitamina K2 + D3 Mason Natural Tableta,,65.90,PEN,available,https://www.mifarma.com.pe/producto/k2-d3-tableta/319568,319568,MASON,algolia_public_search,2026-06-08T00:46:24.191657+00:00,,"Cada Tableta contiene: Vitamina D3-25 mcg (1,000 UI)(colecalciferol) Vitamina K-100 mcg K-2 (Menaquinona) Excipientes C.S.P. Este producto es distribuido por Inretail Pharma S.A. (Ley 32033) La vitamina D ayuda a formar huesos y dientes fuertes. La vitamina D ayuda en la absorción y uso de calcio y fósforo. La vitamina D ayuda a mantener la función inmunológica. La ingesta de calcio, cuando se combina con suficiente vitamina D, una dieta saludable y ejercicio regular puede reducir el riesgo de desarrollar osteoporosis. La vitamina D contribuye al buen funcionamiento de los músculos. La vitamina D contribuye al buen funcionamiento del sistema inmunológico. La vitamina D contribuye al proceso de división celular. La vitamina K contribuye a la coagulación sanguínea normal. La vitamina K contribuye al mantenimiento de los huesos en condiciones normales. Con Vitaminas D y K en alta potencia Sin levadura Sin soya Sin trigo Sin gluten Sin lácteos Sin pescado Sin frutos secos Sin maní Sin huevo Sin fragancia Sin colorantes artificiales Sin saborizantes artificiales Sin productos animales Sin mariscos crustáceos Producto Americano Suplementos Nutricionales Naturales",,false_no_registro_sanitario
Mifarma,Vitamin D 1000 IU Tableta,Vitamin D 1000 IU Tableta,,43.10,PEN,available,https://www.mifarma.com.pe/producto/vitamin-d-1000-iu-tableta/992165,992165,SUNVIT,algolia_public_search,2026-06-08T00:46:24.191911+00:00,,Este producto es distribuido por Inretail Pharma S.A. (Ley 32033) Vitaminas para Adultos Suplementos Nutricionales Naturales,,false_no_registro_sanitario
Mifarma,Shampoo Control Grasa Amarás Raíces y Puntas Felices con Extracto de Lima + Aceite de Menta + Vitamina E,Shampoo Control Grasa Amarás Raíces y Puntas Felices con Extracto de Lima + Aceite de Menta + Vitamina E,,11.90,PEN,available,https://www.mifarma.com.pe/producto/shampoo-amaras-raices-y-puntas-felices-400ml/306379,306379,AMARÁS,algolia_public_search,2026-06-08T00:46:24.192590+00:00,,"INGREDIENTES: AQUA, SODIUM LAURETH SULFATE, COCAMIDOPROPYL BETAINE, DIMETHICONOL (AND) TEA-DODECYLBENZENESULFONATE, PEG-4 RAPESEEDAMIDE, DIMETHICONE, FRAGRANCE, CLIMBAZOLE, SALICYLIC ACID, POTASSIUM CHLORIDE, PHENOXYETHANOL, CARBOMER, GUAR HYDROXYPROPYLTRIMONIUM CHLORIDE, ALLANTOIN, SODIUM BENZOATE, DISODIUM EDTA, MENTHOL, SODIUM HYDROXIDE, BENZOTRIAZOLYL DODECYL P-CRESOL, CITRIC ACID, TOCOPHEROL, LINALOOL, HEXYL CINNAMAL, LIMONENE, CITRUS AURANTIFOLIA (LIME) FRUIT EXTRACT, MINTHOSTACHYS MOLLIS BRANCH/LEAF OIL, CI 19140, CI 42090, CI 16035 Este producto es distribuido por Inretail Pharma S.A. (Ley 32033) Amarás es la nueva marca premium de la compañía peruana Alicorp, línea de cuidado capilar especialmente creado para las peruanas, una mezcla de exquisitos ingredientes de la riqueza natural de la selva peruana.Amarás ofrece varias colecciones partiendo de las necesidades y las condiciones climatológicas de nuestro país: “Reparación Divina”, diseñada para reparar el cabello dañado; “Diosa Rulosa”, para el cuidado del cabello con rizos, “Bendito Clima de Lima”, para el control del frizz y Magia Andina para la restauración intensiva y más. ¿Lista para usarlo? Shampoo Control Grasa Amarás Raíces y Puntas Felices con Extracto de Lima + Aceite de Menta + Vitamina E Shampoo Control de Grasa para purificar tus raíces y así despedirte del dilema del cabello mixto. Contiene lo mejor que brinda la naturaleza, Extracto de Lima + Aceite de Menta + Vitamina E. Además, producto sin alcohol (Sin Etanol), sin Parabenos, sin sal (Sin Cloruro de Sodio). Destila naturalidad y energía durante todo el día ¡Atrévete a usarlo y lo Amarás! Shampoo y Acondicionador Cuidado del Cabello Shampoo y Acondicionadores",,false_no_registro_sanitario
Mifarma,Crema Depilatoria Facial Manzanilla y Vitamina E,Crema Depilatoria Facial Manzanilla y Vitamina E,,14.30,PEN,available,https://www.mifarma.com.pe/producto/crema-depilatoria-facial-manzanilla-y-vitamina-e/559551,559551,DEPILÉ,algolia_public_search,2026-06-08T00:46:24.192871+00:00,,"Este producto es distribuido por Inretail Pharma S.A. (Ley 32033) Disfruta de belleza y cuidado especializado con Depile, li?nea experta en productos de Depilacio?n corporal y facial. Sus productos fueron desarrollados para ofrecerte máxima calidad y eficacia. Distintos productos para satisfacer cada necesidad y adaptarse a cada tipo de piel. Belleza y cuidado con Crema Depilatoria Facial Manzanilla y Vitamina E Depilación instantánea y duradera, deja la piel suave hasta por 4 semanas. Depilación Cremas Depilatorias",,false_no_registro_sanitario
Mifarma,Serum Pure Vitamin C12 La Roche-Posay Oil Control,Serum Pure Vitamin C12 La Roche-Posay Oil Control,N70038666,161.10,PEN,available,https://www.mifarma.com.pe/producto/serum-pure-vitamin12-laroche-posay-oil-control/309573,309573,LA ROCHE-POSAY,algolia_public_search,2026-06-08T00:46:24.193415+00:00,,"Vitamina C 2039132 44-INGREDIENTS: AQUA/WATER/EAU . ASCORBIC ACID . PENTYLENE GLYCOL . GLYCERIN . POTASSIUM HYDROXIDE . SODIUM HYALURONATE . ADENOSINE . HYDROXYACETOPHENONE . CAPRYLYL GLYCOL . CITRIC ACID . LAURETH-23 . TRISODIUM ETHYLENEDIAMINE DISUCCINATE. POLYQUATERNIUM-67 . SALICYLICACID . PARFUM/ FRAGRANCE.(CODE FLL .: N70038666/1) Este producto es distribuido por Inretail Pharma S.A. (Ley 32033) Descubre como vivir tranquilo con tu piel sensible con La Roche Posay. Somos recomendados por 25 000 dermatólogos en todo el mundo. Una mejor vida para una piel sensible. Nosotros creamos las soluciones que tu piel merece. Soluciones que mejoran la calidad de vida. Para eso somos pioneros en ciencia, microbioma, inmunidad y cuidado reconstructivo. Diseñamos fórmulas y servicios pensadas para problemas reales. Serum Pure Vitamin C12 La Roche-Posay Oil Control Tu aliado diario para combatir arrugas, mejorar la textura de tu piel y controlar el brillo. El Serum Pure Vitamin C12 de La Roche-Posay está formulado especialmente para pieles grasas o sensibles, aportando luminosidad y renovación desde la primera aplicación. Características del Producto: Alta concentración de vitamina C pura (12%) con poder antioxidante. Con ácido salicílico para mejorar la textura de la piel. Especialmente indicado para piel grasa o propensa a sensibilidad. Textura ultraligera, no comedogénica y de rápida absorción. Beneficios: Reduce arrugas y líneas de expresión visiblemente. Aporta luminosidad natural y mejora el tono desigual. Controla el exceso de sebo para un acabado mate y duradero. Descubre más de los Serums de La Roche Posay El Mejor Tratamiento para tu Piel lo tienes con La Roche Posay Lo Mejor en Dermocosmética Cupón INKA20 Tratamiento Facial Todo en Serum Dermatológico La Roche Posay + Regalo Antiedad",page_or_detail_regex,false_no_component_match
Mifarma,Gel Hidratante Pond's Vitamina C,Gel Hidratante Pond's Vitamina C,,24.40,PEN,available,https://www.mifarma.com.pe/producto/gel-hidratante-ponds-vitamina-c/314159,314159,POND'S,algolia_public_search,2026-06-08T00:46:24.193739+00:00,,"AQUA, DIMETHICONE, GLYCERIN, BUTYLENE GLYCOL, AMMONIUM ACRYLOYLDIMETHYLTAURATE/VP COPOLYMER, ISOHEXADECANE, NIACINAMIDE, DIMETHICONE/VINYL DIMETHICONE CROSSPOLYMER, CAPRYLIC/ CAPRIC TRIGLYCERIDE, PHENOXYETHANOL, PARFUM, TOCOPHERYL ACETATE, AMMONIUM ACRYLOYLDIMETHYLTAURATE/BEHENETH-25 METHACRYLATE CROSSPOLYMER, CETEARYL ALCOHOL, ALLANTOIN, BENZOPHENONE-4, LINOLEAMIDOPROPYL PG-DIMONIUM CHLORIDE PHOSPHATE, PROPYLENE GLYCOL, STEARIC ACID, DIMETHICONOL, CETEARYL GLUCOSIDE, BHT, DISODIUM EDTA, SODIUM PCA, C12-14 PARETH-12, SODIUM HYDROXIDE, SODIUM ASCORBYL PHOSPHATE, HYDROXYSTEARIC ACID, IODOPROPYNYL BUTYLCARBAMATE, CITRUS LIMON JUICE, CI 19140, CI 14700, CITRAL, GERANIOL, HEXIL CINNAMAL, LIMONENE, LINALOOL. Este producto es distribuido por Inretail Pharma S.A. (Ley 32033) Lo Más Pedido en Belleza Cuidado Facial Busca tu Pond's Favorito Cuidado Facial en Todas las Marcas Crema facial",,false_no_registro_sanitario
Mifarma,Sérum Facial Cluny Vitamina C y Ácido Hialurónico,Sérum Facial Cluny Vitamina C y Ácido Hialurónico,,21.90,PEN,available,https://www.mifarma.com.pe/producto/serum-facial-cluny-vitamina-c-y-hialuronico/816597,816597,CLUNY,algolia_public_search,2026-06-08T00:46:24.194059+00:00,,"Vitamina C, Ácido hialurónico, Filtro UV Este producto es distribuido por Inretail Pharma S.A. (Ley 32033) Cluny brinda una línea de productos innovadores para cada una de sus necesidades y cuidado de tu piel. Productos especializados en limpiar, hidratar y proteger tu piel. ¡Reafirma tu belleza con Cluny! Sérum Facial Cluny Vitamina C y Ácido Hialurónico Atenúa las manchas de la piel y aporta un extra de hidratación y luminosidad. Cuenta con textura fresca, ligera y de fácil absorción. además, es antioxidante y fotoprotector. Con la nueva línea facial sérum de cluny experimenta una piel más luminosa, brillante y perfecta. Dale el cuidado que merece tu piel durante todo el día Productos especializados en limpiar hidratar y proteger tu piel Lo Más Pedido en Belleza Cuidado Facial Sérum Cuidado Facial en Todas las Marcas",,false_no_registro_sanitario
Mifarma,Vitamina D 400UI Mason Cápsula Blanda,Vitamina D 400UI Mason Cápsula Blanda,,53.90,PEN,available,https://www.mifarma.com.pe/producto/vitamina-d-400iu-capsulas-blandas/140746,140746,MASON,algolia_public_search,2026-06-08T00:46:24.194756+00:00,,"Vitamina D3 10 mcg (400 UI) (colecalciferol) Este producto es distribuido por Inretail Pharma S.A. (Ley 32033) La vitamina D ayuda a formar huesos y dientes fuertes. La vitamina D ayuda en el mantenimiento de huesos y dientes. La vitamina D ayuda en la absorción y uso de calcio y fósforo. La vitamina D ayuda a mantener la función inmunológica. La vitamina D ayuda a prevenir la deficiencia de vitamina D. La ingesta de calcio, cuando se combina con suficiente vitamina D, una dieta saludable y ejercicio regular puede reducir el riesgo de desarrollar osteoporosis. La vitamina D contribuye al mantenimiento de niveles saludables de calcio en sangre. La vitamina D contribuye al buen funcionamiento de los músculos. La vitamina D contribuye al buen funcionamiento del sistema inmunológico. La vitamina D contribuye al proceso de división celular. La vitamina D contribuye a la absorción y utilización normal del calcio y fósforo. Vitamina D en cápsulas blandas pequeñas de fácil deglución. Sin lácteos, huevo, pescado, mariscos crustáceos, frutos secos, maní, trigo. Libre de gluten. Producto Americano Vitaminas para Adultos Vitaminas Vitamina D",,false_no_registro_sanitario
Mifarma,Citrato de Calcio con Vitamina D3 Mason Tabletas,Citrato de Calcio con Vitamina D3 Mason Tabletas,,80.00,PEN,available,https://www.mifarma.com.pe/producto/calcium-citrate-with-vitamin-d3-tabletas/131759,131759,MASON,algolia_public_search,2026-06-08T00:46:24.195033+00:00,,"Vitamina D3 (Colecalciferol) 5 mcg (200 UI). Calcio (como Citrato de calcio) 315 mg. Este producto es distribuido por Inretail Pharma S.A. (Ley 32033) El calcio ayuda en el desarrollo y mantenimiento de huesos y dientes (especialmente adultos). La vitamina D ayuda en la absorción y uso de calcio y fósforo, mantener la función inmunológica y contribuye al buen funcionamiento de los músculos. Con calcio citrato y vitamina D3. Sin colorantes o sabores artificiales, Sin preservantes, leche, trigo, pescado, soya, levadura, frutos secos, maní, mariscos crustáceos. Libre de gluten. Apto para vegetarianos y Apto para veganos. Vitaminas para Adultos Vitaminas Vitamina D",,false_no_registro_sanitario
Mifarma,Vital Vitaminado Mujer,Vital Vitaminado Mujer,,99.90,PEN,available,https://www.mifarma.com.pe/producto/vital-vitaminado-mujer/309295,309295,VITAL VITAMINADO,algolia_public_search,2026-06-08T00:46:24.195683+00:00,,"Almidón hidrolizado de maíz, proteína de leche, sacarosa, inulina, concentrado de proteína de suero de leche, mezcla de minerales (fosfato tricálcico, fosfato de potasio, cloruro de sodio, óxido de magnesio, citrato trisódico, cloruro de potasio, sulfato de zinc, pirofosfato férrico, sulfato de manganeso, sulfato de cobre, yodato de potasio, selenito de sodio, molibdato de sodio, cloruro de cromo), aceite de soya, FOS, saborizante natural a vainilla y crema, colágeno hidrolizado, mezcla de vitaminas (ácido ascórbico, acetato de dl-alfa tocoferol, niacinamida, d-pantotenato de calcio, mononitrato de tiamina, clorhidrato de piridoxina, acetato de retinol, riboflavina, ácido fólico, d-biotina, fitoquinona, colecalciferol, cianocobalamina), bitartrato de colina, espesante: carragenina, inositol antioxidante: concentrado de tocoferoles, luteína, probiótico: Bifidobacterium bifidum, betacaroteno. Este producto es distribuido por Inretail Pharma S.A. (Ley 32033) Preguntas frecuentes .faq-grid { display: grid; grid-template-columns: repeat(2, 1fr); gap: 16px; margin: 24px 0; } .faq-card { background: #f8f9fa; border: 1px solid #e9ecef; border-radius: 10px; padding: 20px 24px; } .faq-card h2 { font-size: 16px; font-weight: 600; color: #1a1a1a; margin: 0 0 10px; line-height: 1.4; } .faq-card p { font-size: 14px; color: #555; margin: 0; line-height: 1.7; } @media (max-width: 600px) { .faq-grid { grid-template-columns: 1fr; } } ¿Qué nutrientes contiene Vital Vitaminado Mujer? Este producto contiene vitaminas y minerales utilizados en suplementos nutricionales para adultos. Su formulación incluye distintos nutrientes que complementan la alimentación diaria. ¿En qué presentación viene Vital Vitaminado Mujer? El producto se presenta en formato de lata con contenido en polvo sabor vainilla. Esta presentación permite preparar la bebida según las indicaciones del envase. ¿Cómo se consume Vital Vitaminado Mujer? El consumo se realiza preparando el producto en agua u otra bebida según las instrucciones indicadas en el empaque. La cantidad de preparación puede variar según el uso previsto. ¿Cómo conservar este producto vitaminado? Se recomienda almacenar la lata en un lugar fresco y seco, bien cerrada después de cada uso. Evitar la exposición a la humedad ayuda a mantener las características del producto. Suplementos / Complementos Suplementos y Vitaminas Nutrición Adulto Adulto Geriaplus y Vital Vitaminado en Varios Sabores",,false_no_registro_sanitario
Mifarma,Crema Antiojeras Garnier Skin Active Vitamina C,Crema Antiojeras Garnier Skin Active Vitamina C,,34.50,PEN,available,https://www.mifarma.com.pe/producto/crema-antiojeras-garnier-skin-active-vitamina-c/307093,307093,GARNIER,algolia_public_search,2026-06-08T00:46:24.196444+00:00,,"La Crema Iluminadora para el Contorno de Ojos con Niacinamida + Vitamina C + Cafeína + Polvo de banana reduce visiblemente los signos de fatiga e ilumina la mirada. Este producto es distribuido por Inretail Pharma S.A. (Ley 32033) Explora y disfruta el mundo de Garnier, tu principal referente en cuidado, protección para tu piel y cabello. Los productos Garnier fueron desarrollados para brindarte soluciones ideales en tu día a día, combina fórmulas innovadoras e ingredientes derivados de forma natural, el objetivo con cada producto es una belleza saludable que nos conecte con la naturaleza. Crema Anti-ojeras Garnier Skin Active Vitamina C Crema anti-ojeras con vitamina c para reducir ojeras, líneas de expresión y opacidad. Contiene potentes ingredientes como vitamina c, niacinamida, cafeína y extracto de banana. Resultados clínicamente probados: reduce 6 signos de fatiga, incluyendo ojeras, líneas finas, tono opaco, falta de firmeza y falta de suavidad, mejorando visiblemente la apariencia general de la piel. Ilumina tu mirada y logra una piel más firme. Descubre de todo los beneficios que trae Garnier Skin Active Express Aclara Anti Manchas Gel Limpiador Garnier Skin Active Express Aclara Tono Uniforme Limpiador en Gel Garnier Skin Active Express Aclara, brinda limpieza y suavidad. Su fórmula aclarante con vitamina C penetra profundamente sobre tu piel y remueve la oleosidad, mientras reduce imperfecciones. Mascarilla Facial en Tela Garnier Skin Active Express Aclara Tono Uniforme Mascarilla en tela que aclara la piel opaca, en 15 minutos rehidratada intensamente para una piel con más brillo y reduce las manchas. Apto para todo tipo de piel, incluso las más sensibles. Booster Serum Anti Manchas Garnier Skin Active Express Aclara Sérum Express Aclara es la solución para una piel sin manchas y uniforme, reducción visible de las manchas desde el 3er día de uso además, de disfrutar de una piel iluminada, hidratada y matificada. Crema Facial Hidratante de Día Garnier Skin Active Express Aclara La crema facial de día te permite restaurar y aclarar tu piel, mientras la hidrata. Su fórmula con vitamina C, limón y protección solar de 30 fps es ideal para todo tipo de piel. Cuidado Facial Crema Contorno de Ojos",,false_no_registro_sanitario
Mifarma,Antitranspirante Roll On Dove con Aceites Esenciales y Vitamina E,Antitranspirante Roll On Dove con Aceites Esenciales y Vitamina E,DE-400,13.90,PEN,available,https://www.mifarma.com.pe/producto/antitranspirante-roll-on-dove-aceites-esenciales/302609,302609,DOVE,algolia_public_search,2026-06-08T00:46:24.196994+00:00,,"AQUA, ALUMINUM CHLOROHYDRATE, GLYCERIN, HELIANTHUS ANNUUS SEED OIL, STEARETH-2, PARFUM, STEARETH-20, DISODIUM EDTA, PENTAERYTHRITYL TETRA-DI-T-BUTYL HYDROXYHYDROCINNAMATE, CALÉNDULA OFFICINALIS FLOWER EXTRACT. Este producto es distribuido por Inretail Pharma S.A. (Ley 32033) Unilever es una compañía de renombre mundial, conocida por tener más de 400 productos en el mercado de cuidado personal, industria alimentaria, perfumería, fabricación de productos de molinería, almidones, etc. Marcas reconocidas como Rexona, Axe, Dove, Savital, Ego, Sedal, Cif, Hellmann’s, Maizena y más.Asimismo, Unilever no es ajeno a los problemas que enfrenta el mundo, con su nueva estrategia afirma su gran compromiso de hacer la sustentabilidad en algo cotidiano para mejorar la salud del planeta y el bienestar de las personas. Cuida la Piel de tus Axilas con el Antitranspirante Roll On Dove Hasta 48 horas de protección ¿Buscas un antitranspirante contra las manchas en las axilas? Prueba Dove tono uniforme, el único con 1/4 de crema humectante, aceites esenciales y vitamina E, ingredientes conocidos por sus propiedades benéficas para la piel. Además, humecta la zona ayudando a restaurar el tono natural de la piel. Previene y reduce las manchas Siéntete segura y libre con Dove Desodorantes Mujer Aclarado",page_or_detail_regex,false_no_component_match
Mifarma,Vital vitaminado Gluco control Sabor vainilla,Vital vitaminado Gluco control Sabor vainilla,,116.90,PEN,available,https://www.mifarma.com.pe/producto/vital-vitaminado-gluco-control-sabor-vainilla/301711,301711,VITAL,algolia_public_search,2026-06-08T00:46:24.197332+00:00,,"Maltodextrina, isomaltulosa, aislado de proteína de soya, aceite de soya, maltitol, dextrina de maíz,proteína de leche, minerales (potasio, cloruro, calcio, sodio, fósforo, magnesio, zinc, hierro,manganeso, cobre, yodo, cromo, molibdeno, selenio), FOS, saborizantes a vainilla y leche, bitartratode colina, sal, espesante: goma xantana (SIN 415), vitaminas (ácido ascórbico, niacina, vitamina E, ácidopantoténico, vitamina B6, vitamina B2, vitamina B1, vitamina A, ácido fólico, vitamina K, biotina,vitamina D, vitamina B12), anti aglomerante: dióxido de silicio (SIN 551), endulzante: acesulfame depotasio (SIN 950), beta-glucano, antioxidante: concentrado de tocoferoles (SIN 307b), beta-caroteno(SIN 160a), luteína (161b). Este producto es distribuido por Inretail Pharma S.A. (Ley 32033) Suplementos Nutricionales Suplementos / Complementos Suplementos y Vitaminas Nutrición Adulto Adultos Adulto Geriátricos Geriaplus y Vital Vitaminado en Varios Sabores",,false_no_registro_sanitario
Mifarma,Crema para Manos Antiedad Cluny Q10 + Vitamina E,Crema para Manos Antiedad Cluny Q10 + Vitamina E,,9.90,PEN,available,https://www.mifarma.com.pe/producto/crema-para-manos-antiedad-cluny-q10-vitamina-e/800657,800657,CLUNY,algolia_public_search,2026-06-08T00:46:24.197743+00:00,,"Q10 y Vitamina E: Reconocidos antioxidantes, que favorecen una mejor defensa de la piel contra las agresiones externas.Aceite de Almendra y Glicerina: Que cuentan con propiedades hidratantes y ayuda a prevenir los signos de la edad como manchas y arrugas.Filtros Solares: Que ayuda a disminuir la apariencia del envejecimiento prematuro provocado por la radiación solar Este producto es distribuido por Inretail Pharma S.A. (Ley 32033) Disfruta del mejor cuidado y belleza para tu piel y cabello que solo Cluny puede brindarte. Tratamientos intensivos capilares, higiene, hidratación, fragancias corporales y mucho más. Cluny brinda una línea de productos innovadores para cada una de sus necesidades y bienestar. Adaptándose a satisfacer las necesidades de la mujer de hoy. Cuida y protege tus manos con la crema antiedad Cluny La crema de manos anti edad de Cluny, brinda una rápida absorción y está enriquecida con Q10 y vitamina E. Cuenta con aceites de almendras, glicerina y filtros Solares que ayudan a rejuvenecer y reafirmar la piel. El mejor cuidado para tus manos Crema Anti edad de Cluny. Crema rejuvenecedora que reafirma e hidrata la piel. Cremas Hidratantes Crema para Manos",,false_no_registro_sanitario
Mifarma,Spray Para Peinar Johnson Fuerza y Vitamina,Spray Para Peinar Johnson Fuerza y Vitamina,,22.10,PEN,available,https://www.mifarma.com.pe/producto/spray-para-peinar-johnson-fuerza-y-vitamina/528927,528927,JOHNSON'S BABY,algolia_public_search,2026-06-08T00:46:24.198218+00:00,,"Este producto es distribuido por Inretail Pharma S.A. (Ley 32033) Todos los productos Johnson's Baby especializados para el cuidado y protección delicada de tu bebé. Aventura más gratificante de la vida con los mejores productos de Johnson's en Inkafarma. Limpieza y cuidado de la piel con Johnson's Jabón Cremoso Humectante Fórmula Original Limpia y cuida tu piel diariamente con el Jabón Cremoso Humectante Jhonson's Fórmula Original que te protege gracias a su contenido de crema humectante. Elaborado con ingredientes y emolientes naturales para el mejor cuidado de tu piel. Descubre Toda la Línea Johnson's que Cuida la Piel de tu Bebé Productos delicados para el aseo y cuidado en Inkafarma Colonia Sonrisas Johnson's Baby Contiene miel y extracto de linaza que cuida la piel del bebé. Crema Corporal para Bebe Johnson's Baby Ideal para el cuerpo del bebé, posee suaves y efectivos emolientes que ayuda a humectar la piel, protegiéndola de la resequedad. Aceite Johnson's Baby Antes de Dormir Ayuda al bebé a conciliar el sueño, gracias a su fórmula preparada con esencia relajante. Cuidado de Bebés y Perfumería Loción para peinar",,false_no_registro_sanitario
Mifarma,Eliton Vitamina Gotas,Eliton Vitamina Gotas,,32.90,PEN,available,https://www.mifarma.com.pe/producto/eliton-vit-gotas-solucion-oral/571913,571913,ELIFARMA,algolia_public_search,2026-06-08T00:46:24.198440+00:00,,Vitamina A (Retinol) 1500UI| Vitamina D (Colecalciferol) 400UI | Vitamina C (ácido ascórbico) 35mg |Vitamina E (dl-alfa tocoferol) 3mg | Vitamina B1 (Tiamina) 1mg | Vitamina B2 (Riboflavina) 1mg | Vitamina B6 (Piridoxina) 1mg |Nicotinamida (Niacinamida) 1mg | Dexpantenol 10mg Este producto es distribuido por Inretail Pharma S.A. (Ley 32033) Multivitamínicos Sistema Sanguíneo Antianémicos Para Niños,,false_no_registro_sanitario
Mifarma,Vitamina B-12 1000mcg Tabletas Sublinguales,Vitamina B-12 1000mcg Tabletas Sublinguales,,99.90,PEN,available,https://www.mifarma.com.pe/producto/vitamina-b-12-1000mcg-tabletas-sublinguales/554689,554689,MASON,algolia_public_search,2026-06-08T00:46:24.198807+00:00,,"Vitamina B 12 1,000 mcg (como cianocobalamina) Este producto es distribuido por Inretail Pharma S.A. (Ley 32033) La Vitamina B-12 ayuda en el adecuado metabolismo energético. La Vitamina B-12 contribuye al adecuado funcionamiento del sistema nervioso. La Vitamina B-12 favorece la formación adecuada de glóbulos rojos. La Vitamina B-12 contribuye al buen funcionamiento del sistema inmunológico. La Vitamina B-12 ayuda a disminuir el cansancio y la fatiga. La Vitamina B-12 contribuye al proceso de división celular. La Vitamina B-12 ayuda a prevenir la deficiencia de vitamina B12. La deficiencia de Vitamina B-12 puede producir cansancio, debilidad, mala memoria, depresión, demencia entre otros. Aporta 1,000 mcg de Vitamina B12 en Alta Potencia. Las tabletas sublinguales se disuelven bajo la lengua. Vía sublingual es de rápida absorción. Sin conservante, colorantes artificiales, saborizantes artificiales, productos lácteos, trigo. Sin productos de origen animal. Apto para vegetarianos. Libre de gluten. Vitaminas Suplementos y Vitaminas Vitamina B-Complejo B B6 y B12 Vitamina B",,false_no_registro_sanitario
Mifarma,Sérum Medik8 C-Tetra Lux Vitamina C,Sérum Medik8 C-Tetra Lux Vitamina C,,344.90,PEN,available,https://www.mifarma.com.pe/producto/serum-medik8-c-tetra-lux-vitamina-c/302567,302567,Medik8,algolia_public_search,2026-06-08T00:46:24.198968+00:00,,"Ascorbato de tetrahexildecilo, Vitamina E, Ácido hialurónico, Moisture Magnets Este producto es distribuido por Inretail Pharma S.A. (Ley 32033) Lo Mejor en Dermocosmética Tratamiento Facial Todo en Serum Dermatológico Antiedad",,false_no_registro_sanitario
Mifarma,Pack Fisserum Vitamina C y Hyaluronic 100,Pack Fisserum Vitamina C y Hyaluronic 100,,292.50,PEN,available,https://www.mifarma.com.pe/producto/pack-fisserum-vitamina-c-hyaluronic-100/PACKDB42,PACKDB42,FISSION LAB,algolia_public_search,2026-06-08T00:46:24.199349+00:00,,"Aqua (Water), Ethoxydiglycol, Ascorbic Acid, Propylene Glycol, Glycerin, Laureth-23, Triethanolamine, Tocopherol, Ferulic Acid, Panthenol, Sodium Hyaluronate, Sodium PCA, Niacinamide, Phenoxyethanol, Ethylhexylglycerin, Citric Acid. Aqua (Water), Sodium Hyaluronate, Phenoxyethanol, Ethylhexylglycerin. Este producto es distribuido por Inretail Pharma S.A. (Ley 32033) Empresa 100% peruana, produciendo con la más alta calidad, tecnología e innovación en productos dermatológicos que permitan mejorar la salud de la piel. Dale a tu Piel Vitalidad y Cuidado con el FIsserum Vitamina C y Ácido Hialurónico Vitamina C Fisserum Complejo B, E y Ferulic: Antioxidante que hidrata y humecta la piel dándole luminosidad y elasticidad. El mejor cuidado para tu piel que previene el envejecimiento prematuro.Fisserum Hyaluronic 100: Con ácido hialurónico hidrosoluble, provee instantáneamente los niveles de agua, rellena y restaura la flexibilidad de la piel. Elige la mejor opción para tu piel Encuentra tus productos Fissionlab en Inkafarma Lo Mejor en Dermocosmética Tratamiento Facial Todo en Serum Dermatológico Antiedad Fisserum Fissprotect Sebamed Dermaglós",,false_no_registro_sanitario
Mifarma,Pack Dúo Oil Control La Roche Posay: Serum Antioxidante Pure Vitamin C12 + Protector Solar Anthelios Oil Control Fluido UVMune 400,Pack Dúo Oil Control La Roche Posay: Serum Antioxidante Pure Vitamin C12 + Protector Solar Anthelios Oil Control Fluido UVMune 400,N70038666,280.80,PEN,available,https://www.mifarma.com.pe/producto/pack-duo-oil-control-la-roche-posay/PACKDB499,PACKDB499,LA ROCHE-POSAY,algolia_public_search,2026-06-08T00:46:24.200322+00:00,,"Serum Pure Vitamin C12 La Roche-Posay Oil Control: 2039132 44-INGREDIENTS: AQUA/WATER/EAU . ASCORBIC ACID . PENTYLENE GLYCOL . GLYCERIN . POTASSIUM HYDROXIDE . SODIUM HYALURONATE . ADENOSINE . HYDROXYACETOPHENONE . CAPRYLYL GLYCOL . CITRIC ACID . LAURETH-23 . TRISODIUM ETHYLENEDIAMINE DISUCCINATE. POLYQUATERNIUM-67 . SALICYLICACID . PARFUM/ FRAGRANCE.(CODE FLL .: N70038666/1). Protector Solar La Roche Posay Anthelios UVMune 400 Oil Control Fluido Invisible FPS 50+: [MEXORYL 400]: Filtro de protección solar incluso para los rayos UV más insidiosos (380-400nm). [TECNOLOGÍA OIL CONTROL]: Micropartículas matificantes. Se funde de inmediato y controla todas las causas de brillo (sebo, sudor y humedad). Este producto es distribuido por Inretail Pharma S.A. (Ley 32033) Descubre como vivir tranquilo con tu piel sensible con La Roche Posay. Somos recomendados por 25 000 dermatólogos en todo el mundo. Una mejor vida para una piel sensible. Nosotros creamos las soluciones que tu piel merece. Soluciones que mejoran la calidad de vida. Para eso somos pioneros en ciencia, microbioma, inmunidad y cuidado reconstructivo. Diseñamos fórmulas y servicios pensadas para problemas reales. Pack Dúo Oil Control La Roche Posay: Serum Antioxidante Pure Vitamin C12 + Protector Solar Anthelios Oil Control Fluido UVMune 400 Protección Especializada con el Protector Solar Anthelios La Roche Posay Oil Control Fluido Invisible FPS 50+: El Protector Solar Anthelios La Roche Posay Oil Control Fluido Invisible FPS 50+ es un protector solar para el rostro de muy alta protección que proporciona una máxima protección contra los rayos UVB+UVA, con el nuevo filtro UV Mexoryl 400. Este protector solar es ideal para personas con piel sensible y alérgica al sol que buscan una protección solar muy alta. El nuevo filtro UV Mexoryl 400 ofrece una protección solar muy alta contra los rayos UVB+UVA, incluso contra los rayos UVA más largos, responsables de las manchas solares. ¿Cómo usar? Aplica el protector solar generosamente sobre la piel seca del rostro, 20 minutos antes de la exposición al sol. Serum Pure Vitamin C12 La Roche-Posay Oil Control: Tu aliado diario para combatir arrugas, mejorar la textura de tu piel y controlar el brillo. El Serum Pure Vitamin C12 de La Roche-Posay está formulado especialmente para pieles grasas o sensibles, aportando luminosidad y renovación desde la primera aplicación. Características del Producto: Alta concentración de vitamina C pura (12%) con poder antioxidante. Con ácido salicílico para mejorar la textura de la piel. Especialmente indicado para piel grasa o propensa a sensibilidad. Textura ultraligera, no comedogénica y de rápida absorción. Beneficios: Reduce arrugas y líneas de expresión visiblemente. Aporta luminosidad natural y mejora el tono desigual. Controla el exceso de sebo para un acabado mate y duradero. Descubre más de los Serums de La Roche Posay El Mejor Tratamiento para tu Piel lo tienes con La Roche Posay e Inkafarma. Packs de Belleza Fotoprotector Lo Mejor en Dermocosmética Tratamiento Facial La Roche Posay + Regalo Antiedad Fotoprotector Facial",page_or_detail_regex,false_no_component_match
Mifarma,Pack Cosheal Vitamina C Rutina Completa,Pack Cosheal Vitamina C Rutina Completa,,251.00,PEN,available,https://www.mifarma.com.pe/producto/pack-cosheal-vitamina-c-rutina-completa/PACKDB777,PACKDB777,COSHEAL,algolia_public_search,2026-06-08T00:46:24.201743+00:00,,"Bruma Hidratante Cosheal: Water, Butylene Glycol, Glycerin, Niacinamide, Octyldodeceth-16, Betaine, Caprylhydroxamic Acid, 1,2-Hexanediol, Fragrance, Boswellia Serrata Resin Extract, Carbomer, Adenosine, Oryza sativa (Rice) callus culture extract, Solanum Lycopersicum (Tomato) Callus Culture Extract, Arginine, Sodium Hyaluronate, Alcohol, Hydrolyzed Hyaluronic Acid, Achillea Millefolium Extract, Alchemilla Vulgaris Extract, Malva Sylvestris (Mallow) Extract, Melissa Officinalis Leaf Extract, Mentha Piperita (Peppermint) Leaf Extract, Primula Veris Extract, Veronica Officinalis Extract, Sodium Hyaluronate Crosspolymer, Hyaluronic Acid, Ethylhexylglycerin, Hydrolyzed Sodium Hyaluronate, Potassium Hyaluronate, Polysorbate 20, Sodium Hydroxide, Lecithin, Nicotinoyl Hexapeptide-44, sh-Oligopeptide-1, sh-Polypeptide-1, sh-Polypeptide-16, sh-Polypeptide-4 Sérum Ampolla Vita C Cosheal: Water, Butylene Glycol, 1,2-Hexanediol, Niacinamide, Aloe Barbadensis Leaf Juice, Trehalose, Sodium Acrylate/Sodium Acryloyldimethyl Taurate Copolymer, Glycerin, Arginine, Isohexadecane, Acrylates/C10-30 Alkyl Acrylate Crosspolymer, Allantoin, Xanthan Gum, Biosaccharide Gum-1, Fragrance, Ethylhexylglycerin, Polysorbate 80, Sodium Chondroitin Sulfate, Sodium Hyaluronate, Disodium EDTA, Glyceryl Caprylate, Sorbitan Oleate, Dipotassium Glycyrrhizate, Oryza sativa (Rice) callus culture extract, Solanum Lycopersicum (Tomato) Callus Culture Extract, Citric Acid, Potassium Sorbate, 3-O-Ethyl Ascorbic Acid, Sodium Benzoate, Alcohol, Achillea Millefolium Extract, Alchemilla Vulgaris Extract, Malva Sylvestris (Mallow) Extract, Melissa Officinalis Leaf Extract, Mentha Piperita (Peppermint) Leaf Extract, Primula Veris Extract, Veronica Officinalis Extract, Polysorbate 20, Lecithin, Sodium Hydroxide, Nicotinoyl Hexapeptide-44, sh-Oligopeptide-1, sh-Polypeptide-1, sh-Polypeptide-16, sh-Polypeptide-4, Sodium Levulinate, p-Anisic Acid Crema Iluminadora Cosheal: Water, Glycerin, Butylene Glycol, Ethylhexyl Pelargonate, Hydrogenated Polydecene, Cetyl Ethylhexanoate, Cetearyl Alcohol, Niacinamide, Caprylic/Capric Triglyceride, Glyceryl Stearate, Polysorbate 60, Cetearyl Olivate, Dimethicone, Sorbitan Olivate, Sorbitan Sesquioleate, Carbomer, Arginine, 1,2-Hexanediol, Caprylhydroxamic Acid, Tocopheryl Acetate, Allantoin, Fragrance, Boswellia Serrata Resin Extract, Sodium Hyaluronate, Disodium EDTA, Solanum Lycopersicum (Tomato) Callus Culture Extract, Oryza Sativa (Rice) Callus Culture Extract, Ethylhexylglycerin, Primula Veris Extract, Mentha Piperita (Peppermint) Leaf Extract, Veronica Officinalis Flower/Leaf/Stem Extract, Achillea Millefolium Extract, Alchemilla Vulgaris Extract, Melissa Officinalis Leaf Extract, Malva Sylvestris (Mallow) Flower/Leaf/Stem Extract, Citric Acid, Polysorbate 20, Lecithin, Nicotinoyl Hexapeptide-44, sh-Oligopeptide-1, sh-Polypeptide-4, sh-Polypeptide-16, sh-Polypeptide-1 Este producto es distribuido por Inretail Pharma S.A. (Ley 32033) COSHEAL es la primera marca dermocosmética coreana en el Perú respaldada por estudios científicos que transforman tu piel. Como marca cosmética profesional, COSHEAL combina fórmulas avanzadas con un exclusivo complejo de péptidos patentado y extractos naturales de plantas, ofreciendo soluciones efectivas y personalizadas para el cuidado integral de la piel. Bruma Hidratante Cosheal Nuestra bruma facial multifuncional está diseñada para proporcionar hidratación profunda, luminosidad y beneficios antienvejecimiento . Su fórmula ligera y de rápida absorción es ideal para todo tipo de piel, especialmente piel seca o deshidratada, dejando un acabado fresco y revitalizado. Esta bruma tonificante ayuda a mejorar la elasticidad de la piel y aporta un brillo saludable, al tiempo que reduce visiblemente la apariencia de líneas finas y arrugas. Ingredientes clave 6 tipos de ácido hialurónico: proporcionan hidratación profunda y duradera en todas las capas de la piel Extractos antioxidantes que ayudan a proteger contra signos de envejecimiento Agentes calmantes que revitalizan y tonifican la piel Beneficios principales Hidratación profunda y prolongada Mejora la elasticidad y firmeza de la piel Reduce visiblemente líneas finas y arrugas Aporta luminosidad y tono uniforme Textura ligera, rápida absorción y sensación fresca Acción dual: antiarrugas e iluminadora Nuestro serum facial iluminador está formulado para combatir la hiperpigmentación, manchas oscuras y opacidad de la piel . Su potente combinación de Vitamina C y Vitamina B3 (Niacinamida) ayuda a iluminar la piel, unificar el tono y dejar un acabado más brillante y cristalino. Ideal para pieles afectadas por acné, daño solar o marcas hormonales , este serum actúa sobre todos los tipos de acné, incluyendo espinillas, acné quístico y hormonal, para reducir la apariencia de manchas y mejorar la luminosidad. Ingredientes clave Complejo GIGA BLANCO: exclusivo para potenciar el blanqueamiento dermocosmético Vitamina C: antioxidante que ilumina y protege la piel Vitamina B3 (Niacinamida): unifica el tono y reduce manchas oscuras Ácido Hialurónico: hidrata profundamente y mantiene la piel flexible Beneficios principales Ilumina la piel opaca y cansada Reduce visiblemente la hiperpigmentación y marcas de acné Hidrata y mejora la elasticidad Protege contra radicales libres con efecto antioxidante Unifica el tono y aporta luminosidad natural Deja la piel más clara, radiante y saludable Tratamientos faciales y corporales COSHEAL ofrece resultados visibles Packs de Belleza",,false_no_registro_sanitario
Mifarma,Sérum Avène Vitamin Activ CG Luminosidad,Sérum Avène Vitamin Activ CG Luminosidad,,165.90,PEN,available,https://www.mifarma.com.pe/producto/serum-avene-vitamin-activ-cg-luminosidad/308521,308521,AVENE,algolia_public_search,2026-06-08T00:46:24.202347+00:00,,"Niacinamide Este cuidado contien 3 activos: VITAMINA C 1,8% (Ascorbil Glucósido): Antioxidante e iluminador. NIACINAMIDA 3%: Restaura la suavidad de la piel. Bakuchiol 1,5%: Alternativa vegetal al retinol, iguala el tono de la piel, elimina las líneas finas de expresión, corrige arrugas Este producto es distribuido por Inretail Pharma S.A. (Ley 32033) Eau Thermale Avène marca que cuenta con 100% de productos que ofrecen seguridad, eficacia y comprometidos en mejorar la calidad de vida de las personas y cuidado de la piel. Además, el 93 % de envases son reciclables. Sérum Avène Vitamin Activ CG Luminosidad Unifica el tono de la piel, corrige las finas líneas de expresión y atenúa visiblemente las pequeñas manchas superficiales en el rostro. Fórmula exclusiva con: Vitamina Cg (1,8%): Potente antioxidante e iluminador. Niacinamida (3%): Restaura la suavidad y mejora la textura de la piel. Bakuchiol (1,5%): Alternativa vegetal al retinol, que iguala el tono, suaviza las líneas de expresión y corrige las arrugas. Este tratamiento actúa profundamente para revitalizar y rejuvenecer la piel del rostro. Resalta tu belleza natural con Avène Lo Mejor en Dermocosmética Tratamiento Facial Todo en Serum Dermatológico Avène para Piel Sensible Antimanchas",,false_no_registro_sanitario
Mifarma,Pack 02 Vitamina C Sunvit 1000mg,Pack 02 Vitamina C Sunvit 1000mg,,156.90,PEN,available,https://www.mifarma.com.pe/producto/pack-02-vitamina-c-sunvit-1000mg/PACKNT385,PACKNT385,SUNVIT,algolia_public_search,2026-06-08T00:46:24.202523+00:00,,Vitamina C (Acido ascórbico 1000mg Este producto es distribuido por Inretail Pharma S.A. (Ley 32033) Packs de Nutrición y Bienestar,,false_no_registro_sanitario
Mifarma,"Sérum Antioxidante Fisserum Vitamin C Complex B, E y Ferulic 20","Sérum Antioxidante Fisserum Vitamin C Complex B, E y Ferulic 20",,149.90,PEN,available,https://www.mifarma.com.pe/producto/vitamina-c-15-fisserum-complejo-ferulic-20-frasco/816475,816475,FISSIONLAB,algolia_public_search,2026-06-08T00:46:24.202829+00:00,,"Aqua (Water),Ethoxydiglycol, Ascorbic Acid,Propylene Glycol, Glycerin,Laureth-23, Triethanolamine,Tocopherol, Ferulic Acid,Panthenol, Sodium Hyaluronate,Sodium PCA, Niacinamide,Phenoxyethanol,Ethylhexylglycerin, Citric Acid. Este producto es distribuido por Inretail Pharma S.A. (Ley 32033) Empresa 100% peruana, produciendo con la más alta calidad, tecnología e innovación en productos dermatológicos que permitan mejorar la salud de la piel. El Mejor Cuidado para tu Rostro con la Vitamina C Fisserum Complejo B, E y Ferulic Fisserum Vitamin C es un antioxidante que hidrata y humecta la piel dándole luminosidad y elasticidad. El mejor cuidado para tu piel que previene el envejecimiento prematuro. Los mejores beneficios que tu piel merece Redefine tu piel con Fisserum Lo Mejor en Dermocosmética Tratamiento Facial Todo en Serum Dermatológico Antiedad Fisserum Fissprotect Sebamed Dermaglós",,false_no_registro_sanitario
Mifarma,Pack Vitamina C Pond's Completo,Pack Vitamina C Pond's Completo,,110.30,PEN,available,https://www.mifarma.com.pe/producto/pack-ponds-vitamina-c-completo/PACKDB714,PACKDB714,POND'S,algolia_public_search,2026-06-08T00:46:24.203712+00:00,,"Gel Limpiador Pond's Vitamina C: AQUA, SODIUM COCOYL GLYCINATE, GLYCERIN, HYDROXYPROPYL STARCH PHOSPHATE, SODIUM LAUROAMPHOACETATE, ACRYLATES COPOLYMER, DECYL GLUCOSIDE, LAURAMIDOPROPYL BETAINE, PHENOXYETHANOL, CAPRYLYL GLYCOL, PARFUM, POLYQUATERNIUM-6, CITRIC ACID, PEG-150 DISTEARATE, STEARIC ACID, TETRASODIUM EDTA, BENZOPHENONE-4, BHT, SODIUM HYDROXIDE, NIACINAMIDE, CITRUS LIMON JUICE, SODIUM ASCORBYL PHOSPHATE, CI 19140, CI 14700, HEXIL CINNAMAL, LIMONENE, LINALOOL. Serum Booster Pond's Vitamina C: AQUA, GLYCERIN, DIMETHICONE, NIACINAMIDE, PENTYLENE GLYCOL, BUTYLENE GLYCOL, CAPRYLIC/CAPRIC TRIGLYCERIDE, POLYSORBATE 20, PHENOXYETHANOL, AMMONIUM ACRYLOYLDIMETHYLTAURATE/VP COPOLYMER, XANTHAN GUM, AMMONIUM ACRYLOYLDIMETHYLTAURATE/BEHENETH-25 METHACRYLATE CROSSPOLYMER, ALLANTOIN, CYSTINE*, GLYCINE*, METHYLPARABEN, TOCOPHERYL ACETATE, DISODIUM EDTA, PARFUM, PROPYLPARABEN, SODIUM PCA*, STEARIC ACID, CITRIC ACID, SODIUM HYDROXIDE, BHT, CETYL ALCOHOL, BIFIDA FERMENT LYSATE, PROPYLENE GLYCOL, SODIUM ACETYLATED HYALURONATE, 3-O-ETHYL ASCORBIC ACID*, CITRUS LIMON JUICE, SODIUM HYALURONATE, SODIUM HYALURONATE CROSSPOLYMER, HYDROLYZED SODIUM HYALURONATE, ETHYLHEXYLGLYCERIN, CI 19140, SODIUM BENZOATE, POTASSIUM SORBATE, CITRONELLOL, GERANIOL, HEXIL CINNAMAL, HYDROXYCITRONELLAL, LIMONENE, LINALOOL Gel Hidratante Pond's Vitamina C: AQUA, DIMETHICONE, GLYCERIN, BUTYLENE GLYCOL, AMMONIUM ACRYLOYLDIMETHYLTAURATE/VP COPOLYMER, ISOHEXADECANE, NIACINAMIDE, DIMETHICONE/VINYL DIMETHICONE CROSSPOLYMER, CAPRYLIC/ CAPRIC TRIGLYCERIDE, PHENOXYETHANOL, PARFUM, TOCOPHERYL ACETATE, AMMONIUM ACRYLOYLDIMETHYLTAURATE/BEHENETH-25 METHACRYLATE CROSSPOLYMER, CETEARYL ALCOHOL, ALLANTOIN, BENZOPHENONE-4, LINOLEAMIDOPROPYL PG-DIMONIUM CHLORIDE PHOSPHATE, PROPYLENE GLYCOL, STEARIC ACID, DIMETHICONOL, CETEARYL GLUCOSIDE, BHT, DISODIUM EDTA, SODIUM PCA, C12-14 PARETH-12, SODIUM HYDROXIDE, SODIUM ASCORBYL PHOSPHATE, HYDROXYSTEARIC ACID, IODOPROPYNYL BUTYLCARBAMATE, CITRUS LIMON JUICE, CI 19140, CI 14700, CITRAL, GERANIOL, HEXIL CINNAMAL, LIMONENE, LINALOOL. Agua Micelar Pond's Vitamina C: AQUA, HEXYLENE GLYCOL, GLYCERIN, PEG-6-CAPRYLIC/CAPRIC GLYCERIDES, PHENOXYETHANOL, CETRIMONIUM CHLORIDE, HYDROXYETHYL UREA, TETRASODIUM EDTA, CITRIC ACID, PEG-40 HYDROGENATED CASTOR OIL, TRIDECETH-9, CETYLPYRIDINIUM CHLORIDE, NIACINAMIDE, POTASSIUM CHLORIDE, SODIUM CHLORIDE, PANTHENOL, BENZOPHENONE-4, CITRUS LIMON JUICE, SODIUM ASCORBYL PHOSPHATE, TOCOPHERYL ACETATE, RETINYL PROPIONATE Este producto es distribuido por Inretail Pharma S.A. (Ley 32033) Lo Más Pedido en Belleza Packs de Belleza Cuidado Facial Busca tu Pond's Favorito Cuidado Facial en Todas las Marcas Limpieza Facial",,false_no_registro_sanitario
Mifarma,Vitamina B12 Mason Natural 3000mcg Tableta Sublingual,Vitamina B12 Mason Natural 3000mcg Tableta Sublingual,,104.90,PEN,available,https://www.mifarma.com.pe/producto/b-12-3000mcg-tableta-sublingual/319567,319567,MASON,algolia_public_search,2026-06-08T00:46:24.204198+00:00,,"Cada tableta sublingual contiene: Vitamina B 12 3,000 mcg(como cianocobalamina) Excipientes c.s.p. Este producto es distribuido por Inretail Pharma S.A. (Ley 32033) La Vitamina B-12 ayuda en el adecuado metabolismo energético. La Vitamina B-12 contribuye al adecuado funcionamiento del sistema nervioso. La Vitamina B-12 favorece la formación adecuada de glóbulos rojos. La Vitamina B-12 contribuye al buen funcionamiento del sistema inmunológico. La Vitamina B-12 ayuda a disminuir el cansancio y la fatiga. La Vitamina B-12 contribuye al proceso de división celular. La Vitamina B-12 ayuda a prevenir la deficiencia de vitamina B12. La deficiencia de Vitamina B-12 puede producir cansancio, debilidad, mala memoria, depresión, demencia entre otros. Aporta 3,000 mcg de Vitamina B12 en Alta Potencia. Las tabletas sublinguales se disuelven bajo la lengua. Vía sublingual de rápida absorción.(5) Sin azúcar Sin almidón Sin levadura Sin soya Sin maíz Sin trigo Sin lácteos Sin pescado Sin frutos secos Sin maní Sin huevo Sin fragancias Sin saborizantes artificiales Sin conservantes Sin mariscos crustáceos Apto para vegetarianos Vitaminas Vitamina B",,false_no_registro_sanitario
Mifarma,Vitamina e 400mg Capsula Blanda,Vitamina e 400mg Capsula Blanda,E-400,87.50,PEN,available,https://www.mifarma.com.pe/producto/vitamina-e-400mg-capsula-blanda/320452,320452,DRASANVI,algolia_public_search,2026-06-08T00:46:24.204704+00:00,,"Vitamina E Natural (D- alpha tocopherol) 400 mg, Agente de recubrimiento (Gelatina y Glicerina) , Aceite de soja (Contiene SOJA) Este producto es distribuido por Inretail Pharma S.A. (Ley 32033) Preguntas frecuentes .faq-grid { display: grid; grid-template-columns: repeat(2, 1fr); gap: 16px; margin: 24px 0; } .faq-card { background: #f8f9fa; border: 1px solid #e9ecef; border-radius: 10px; padding: 20px 24px; } .faq-card h3 { font-size: 16px; font-weight: 600; color: #1a1a1a; margin: 0 0 10px; line-height: 1.4; } .faq-card p { font-size: 14px; color: #555; margin: 0; line-height: 1.7; } @media (max-width: 600px) { .faq-grid { grid-template-columns: 1fr; } } ¿Qué contiene Vitamina E 400 mg Cápsula Blanda? Este producto contiene vitamina E en concentración de 400 mg. La vitamina E forma parte de suplementos nutricionales de administración oral. ¿En qué presentación viene Vitamina E 400 mg? La presentación corresponde a cápsulas blandas para consumo oral. Este formato es utilizado en suplementos vitamínicos de administración diaria. ¿Cómo se consume la vitamina E en cápsulas blandas? Las cápsulas blandas se administran por vía oral acompañadas de agua. La forma de consumo debe seguir las indicaciones señaladas en el etiquetado. ¿Cómo conservar las cápsulas blandas de vitamina E? Se recomienda mantener el producto en un lugar fresco y seco, protegido de la humedad y de la exposición directa al sol. Mantener el envase correctamente cerrado. Vitaminas Vitamina E",page_or_detail_regex,false_no_component_match
Mifarma,Pack Vitamina C Pond's Esencial,Pack Vitamina C Pond's Esencial,,87.00,PEN,available,https://www.mifarma.com.pe/producto/pack-ponds-vitamina-c-esencial/PACKDB713,PACKDB713,POND'S,algolia_public_search,2026-06-08T00:46:24.205249+00:00,,"Gel Limpiador Pond's Vitamina C: AQUA, SODIUM COCOYL GLYCINATE, GLYCERIN, HYDROXYPROPYL STARCH PHOSPHATE, SODIUM LAUROAMPHOACETATE, ACRYLATES COPOLYMER, DECYL GLUCOSIDE, LAURAMIDOPROPYL BETAINE, PHENOXYETHANOL, CAPRYLYL GLYCOL, PARFUM, POLYQUATERNIUM-6, CITRIC ACID, PEG-150 DISTEARATE, STEARIC ACID, TETRASODIUM EDTA, BENZOPHENONE-4, BHT, SODIUM HYDROXIDE, NIACINAMIDE, CITRUS LIMON JUICE, SODIUM ASCORBYL PHOSPHATE, CI 19140, CI 14700, HEXIL CINNAMAL, LIMONENE, LINALOOL. Serum Booster Pond's Vitamina C: AQUA, GLYCERIN, DIMETHICONE, NIACINAMIDE, PENTYLENE GLYCOL, BUTYLENE GLYCOL, CAPRYLIC/CAPRIC TRIGLYCERIDE, POLYSORBATE 20, PHENOXYETHANOL, AMMONIUM ACRYLOYLDIMETHYLTAURATE/VP COPOLYMER, XANTHAN GUM, AMMONIUM ACRYLOYLDIMETHYLTAURATE/BEHENETH-25 METHACRYLATE CROSSPOLYMER, ALLANTOIN, CYSTINE*, GLYCINE*, METHYLPARABEN, TOCOPHERYL ACETATE, DISODIUM EDTA, PARFUM, PROPYLPARABEN, SODIUM PCA*, STEARIC ACID, CITRIC ACID, SODIUM HYDROXIDE, BHT, CETYL ALCOHOL, BIFIDA FERMENT LYSATE, PROPYLENE GLYCOL, SODIUM ACETYLATED HYALURONATE, 3-O-ETHYL ASCORBIC ACID*, CITRUS LIMON JUICE, SODIUM HYALURONATE, SODIUM HYALURONATE CROSSPOLYMER, HYDROLYZED SODIUM HYALURONATE, ETHYLHEXYLGLYCERIN, CI 19140, SODIUM BENZOATE, POTASSIUM SORBATE, CITRONELLOL, GERANIOL, HEXIL CINNAMAL, HYDROXYCITRONELLAL, LIMONENE, LINALOOL Gel Hidratante Pond's Vitamina C: AQUA, DIMETHICONE, GLYCERIN, BUTYLENE GLYCOL, AMMONIUM ACRYLOYLDIMETHYLTAURATE/VP COPOLYMER, ISOHEXADECANE, NIACINAMIDE, DIMETHICONE/VINYL DIMETHICONE CROSSPOLYMER, CAPRYLIC/ CAPRIC TRIGLYCERIDE, PHENOXYETHANOL, PARFUM, TOCOPHERYL ACETATE, AMMONIUM ACRYLOYLDIMETHYLTAURATE/BEHENETH-25 METHACRYLATE CROSSPOLYMER, CETEARYL ALCOHOL, ALLANTOIN, BENZOPHENONE-4, LINOLEAMIDOPROPYL PG-DIMONIUM CHLORIDE PHOSPHATE, PROPYLENE GLYCOL, STEARIC ACID, DIMETHICONOL, CETEARYL GLUCOSIDE, BHT, DISODIUM EDTA, SODIUM PCA, C12-14 PARETH-12, SODIUM HYDROXIDE, SODIUM ASCORBYL PHOSPHATE, HYDROXYSTEARIC ACID, IODOPROPYNYL BUTYLCARBAMATE, CITRUS LIMON JUICE, CI 19140, CI 14700, CITRAL, GERANIOL, HEXIL CINNAMAL, LIMONENE, LINALOOL. Este producto es distribuido por Inretail Pharma S.A. (Ley 32033) Lo Más Pedido en Belleza Packs de Belleza Cuidado Facial Busca tu Pond's Favorito Cuidado Facial en Todas las Marcas Limpieza Facial",,false_no_registro_sanitario
Mifarma,Pack Garnier Skin Active Sérum Vitamina C + Agua Micelar,Pack Garnier Skin Active Sérum Vitamina C + Agua Micelar,,84.40,PEN,available,https://www.mifarma.com.pe/producto/pack-serum-vitamina-c-agua-micelar/PACKDB186,PACKDB186,GARNIER,algolia_public_search,2026-06-08T00:46:24.205883+00:00,,"Booster Serum Anti Manchas Garnier Skin Active Express Aclara:Vitamina C, extracto de limón, ácido salicílico y niacinamidaAgua Micelar con Aceite-Óleo Garnier Skin Active:Micelas + Aceite de Argán Este producto es distribuido por Inretail Pharma S.A. (Ley 32033) Explora y disfruta el mundo de Garnier, tu principal referente en cuidado, protección para tu piel y cabello. Los productos Garnier fueron desarrollados para brindarte soluciones ideales en tu día a día, combina fórmulas innovadoras e ingredientes derivados de forma natural, el objetivo con cada producto es una belleza saludable que nos conecte con la naturaleza. Cuidado de la Piel con el Pack Garnier Skin Active Sérum Vitamina C + Agua Micelar Sérum Express Aclara es la solución para una piel sin manchas y uniforme, reducción visible de las manchas desde el 3er día de uso además, de disfrutar de una piel iluminada, hidratada y matificada. Gracias a su fórmula enriquecida con una alta concentración de vitamina C, extracto de limón, ácido salicílico y niacinamida. Su textura ligera de rápida absorción actúa sin dejar sensación grasosa y mantiene la piel sin brillo todo el día. Todos los productos de Garnier están oficialmente libre de maltrato animal y aprobado por el programa Leaping Bunny, organización que trabaja para ponerle fin a todas pruebas en animales. El agua micelar Garnier Skin Active Express Aclara Tono Uniforme te permite desmaquillar, limpiar y unificar el tono de tu piel con un solo gesto. Su fórmula con vitamina C limpia tu rostro, ojos y labio. Ideal para todo tipo de piel, incluso las sensibles. Descubre de todo los beneficios que trae Garnier Skin Active Lo Más Pedido en Belleza Packs de Belleza Belleza en Casa L'Oréal Cuidado Facial Agua Micelar L'Oreal y Garnier Cuidado Facial en Todas las Marcas Crema facial",,false_no_registro_sanitario
Mifarma,Pack Zinc + Vitamina C y E Efervescente,Pack Zinc + Vitamina C y E Efervescente,,84.00,PEN,available,https://www.mifarma.com.pe/producto/pack-zinc-vitamina-c-y-e-efervescente/PACKNT10,PACKNT10,VITAMINS FOR LIFE,algolia_public_search,2026-06-08T00:46:24.206257+00:00,,"Este producto es distribuido por Inretail Pharma S.A. (Ley 32033) Contiene Zinc 10mg, Vitamina C 150mg y Vitamina E 18mg. Sin lactosa. Sin gluten. Sin azúcar. Sin preservantes. Sabor melocotón / maracuyá. Fácil de tomar y rápida absorción. Hecho en Alemania. Minerales Vitaminas Packs de Nutrición y Bienestar Zinc Vitamina C",,false_no_registro_sanitario
Mifarma,Vitamina E 1000UI Cápsula Blanda,Vitamina E 1000UI Cápsula Blanda,A-1000,74.90,PEN,available,https://www.mifarma.com.pe/producto/vitamina-e-1000ui-capsula-blanda/313933,313933,SUNVIT,algolia_public_search,2026-06-08T00:46:24.207293+00:00,,"Cada cápsula contiene 450 mg de vitamina E (equivalente a 1000 UI) como acetato de dl-alfa-tocoferol. Este producto es distribuido por Inretail Pharma S.A. (Ley 32033) Suplemento dietético con vitamina E (acetato de dl-alfa-tocoferol), que contribuye a la protección celular frente al daño oxidativo y al fortalecimiento del sistema inmune. Hecho en EE. UU. Apoya el sistema inmunológico. Protege las células del estrés oxidativo. Favorece la salud cardiovascular y la piel. Sin gluten ni azúcar. Fórmula concentrada de alta absorción. Preguntas frecuentes .faq-grid { display: grid; grid-template-columns: repeat(2, 1fr); gap: 16px; margin: 24px 0; } .faq-card { background: #f8f9fa; border: 1px solid #e9ecef; border-radius: 10px; padding: 20px 24px; } .faq-card h3 { font-size: 16px; font-weight: 600; color: #1a1a1a; margin: 0 0 10px; line-height: 1.4; } .faq-card p { font-size: 14px; color: #555; margin: 0; line-height: 1.7; } @media (max-width: 600px) { .faq-grid { grid-template-columns: 1fr; } } ¿Qué contiene Vitamina E 1000 UI Cápsula Blanda? Este producto contiene vitamina E en concentración de 1000 UI y se presenta en cápsulas blandas de administración oral. ¿En qué presentación viene Vitamina E 1000 UI? La presentación corresponde a cápsulas blandas para consumo oral. Este formato es utilizado en suplementos vitamínicos de administración oral. ¿Cómo se consume la vitamina E en cápsulas blandas? Las cápsulas blandas se administran por vía oral acompañadas de agua. La forma de consumo debe seguir las indicaciones señaladas en el etiquetado. ¿Qué es la vitamina E? La vitamina E es una vitamina liposoluble presente en suplementos nutricionales y alimentos de origen vegetal. Puede encontrarse en distintas concentraciones y formatos de administración oral. Vitaminas Vitamina E",page_or_detail_regex,false_no_component_match
Mifarma,Eau de Toilette Victorio & Lucchino Aguas Frutales Vitamina Apasionada Nº19,Eau de Toilette Victorio & Lucchino Aguas Frutales Vitamina Apasionada Nº19,,60.70,PEN,available,https://www.mifarma.com.pe/producto/eau-de-toilette-victorio-lucchino-aguas-frutales-vitamina-apasionada/309548,309548,V&L,algolia_public_search,2026-06-08T00:46:24.207449+00:00,,Este producto es distribuido por Inretail Pharma S.A. (Ley 32033) Fragancias para Ella,,false_no_registro_sanitario
Mifarma,Pack 02 Gomix Vitamina C Sabor Naranja,Pack 02 Gomix Vitamina C Sabor Naranja,,59.90,PEN,available,https://www.mifarma.com.pe/producto/pack-02-gomix-vitamina-c-naranja/PACKNT78,PACKNT78,GCA TRADING,algolia_public_search,2026-06-08T00:46:24.207629+00:00,,"Gelatina de naranja, gelatina neutra, glucosa, azúcar, ácido cítrico, color naranja, ácido ascórbico, sabor naranja y agua tratada. Este producto es distribuido por Inretail Pharma S.A. (Ley 32033) Vitaminas Suplementos y Vitaminas Packs de Nutrición y Bienestar Gomitas Funcionales para Todo Vitamina C",,false_no_registro_sanitario
Mifarma,Sérum Protector Solar Antimanchas Garnier Super UV con Vitamina C,Sérum Protector Solar Antimanchas Garnier Super UV con Vitamina C,,54.60,PEN,available,https://www.mifarma.com.pe/producto/serum-antimanchas-protector-solar-garnier/313926,313926,GARNIER,algolia_public_search,2026-06-08T00:46:24.208524+00:00,,"AQUA / WATER, ALCOHOL DENAT., DISOPROPYL SEBACATE, SILICA, ISOPROPYL MYRISTATE, ETHYLHEXYL SALICYLATE, BIS-ETHYLHEXYLOXYPHENOL METHOXYPHENYL TRIAZINE, ETHYLHEXYL TRIAZONE, BUTYL METHOXYDIBENZOYLMETHANE, GLYCERIN, PHENYLBENZIMIDAZOLESULFONICACID, PROPANEDIOL,C12-22ALKYL ACRYLATE YDROXYETHYLACRYLATE COPOLYMER, TRETHANOLAMINE, DROMETRIZOLE TRIS LOXANE, CAPRYLIC/CAPRIC TRIGLYCERIDE, TOCOPHEROL, ASCORBYL GLUCOSIDE, HYDROXYACETOPHENONE, SODIUM HYALURONATE, HYDROXYETHYLCELLULOSE, SODIUM LACTATE, SODIUM PHOSPHATE, ADENOSINE, TRISODIUM ETHYLENEDIAMINE DISUCCINATE, SILICA SILYLATE, CELLULOSE, POLYSORBATE 20, POLYSORBATE 60, PALMITOYL TRIPEPTIDE-1, PALMITOYL TETRAPEPTIDE-7, LIMONENE, LINALOOL, BENZYL SALICYLATE, BENZYL ALCOHOL, TROMETHAMINE, CAPRYLOYL SALICYLIC ACID, CAPRYLYL GLYCOL, ACRYLATES/C10-30 ALKYLACRYLATE CROSSPOLYMER, CARBOMER, GERANIOL, DISODIUM PHOSPHATE, BUTYLENE GLYCOL, CITRUS LIMON FRUIT EXTRACT / LEMON FRUIT EXTRACT, CITRAL, PARFUM / FRAG RANCE. Este producto es distribuido por Inretail Pharma S.A. (Ley 32033) Explora y disfruta el mundo de Garnier, tu principal referente en cuidado, protección para tu piel y cabello. Los productos Garnier fueron desarrollados para brindarte soluciones ideales en tu día a día, combina fórmulas innovadoras e ingredientes derivados de forma natural, el objetivo con cada producto es una belleza saludable que nos conecte con la naturaleza. Sérum Antimanchas con Protector Solar Garnier y Vitamina C Protección y Luminosidad Producto de cuidado personal para rostro que cuida tu piel cada día, con vitamina c. Características del Producto Fórmula pensada para el cuidado diario Textura cómoda y fácil de aplicar Compatible con el resto de tu rutina Vitamina C para un aspecto más luminoso Beneficios Mejora del aspecto general de la piel Sensación de confort inmediata Resultados consistentes con el uso continuo Tu piel y cabello, naturalmente radiantes Belleza al natural Siempre Lo Más Pedido en Belleza Cuidado Facial Todo en Bloqueador Solar L'Oreal y Garnier Sérum",,false_no_registro_sanitario
Mifarma,Sunvit Vitamin E 400 IU Cápsula Blanda,Sunvit Vitamin E 400 IU Cápsula Blanda,E-400,51.90,PEN,available,https://www.mifarma.com.pe/producto/sunvit-vitamin-e-400-iu-capsula-blanda/816514,816514,SUNVIT,algolia_public_search,2026-06-08T00:46:24.208719+00:00,,Vitamina E 400 UI 180mg Este producto es distribuido por Inretail Pharma S.A. (Ley 32033) Suplemento dietético Vitaminas Vitamina E,page_or_detail_regex,false_no_component_match
Mifarma,Gomix Vitamina C Caramelo blando,Gomix Vitamina C Caramelo blando,,31.50,PEN,available,https://www.mifarma.com.pe/producto/gomix-vitamina-c-caramelo-blando/548797,548797,GCA TRADING,algolia_public_search,2026-06-08T00:46:24.210018+00:00,,"Gelatina de naranja, gelatina neutra, glucosa, azúcar, ácido cítrico, color naranja, ácido ascórbico, sabor naranja y agua tratada. Este producto es distribuido por Inretail Pharma S.A. (Ley 32033) Vitaminas Suplementos y Vitaminas Gomitas Funcionales para Todo Vitamina C",,false_no_registro_sanitario
Mifarma,Vitamina D3 Kids 400 UI Drasanvi Tableta Masticable,Vitamina D3 Kids 400 UI Drasanvi Tableta Masticable,DE-400,26.30,PEN,available,https://www.mifarma.com.pe/producto/vitamina-d3-kids-400-ui-tableta-masticable/320585,320585,DRASANVI,algolia_public_search,2026-06-08T00:46:24.210434+00:00,,"Cada tableta masticable contiene: Vitamina D3 .....10 MCG (400 UI) Este producto es distribuido por Inretail Pharma S.A. (Ley 32033) Preguntas frecuentes .faq-grid { display: grid; grid-template-columns: repeat(2, 1fr); gap: 16px; margin: 24px 0; } .faq-card { background: #f8f9fa; border: 1px solid #e9ecef; border-radius: 10px; padding: 20px 24px; } .faq-card h3 { font-size: 16px; font-weight: 600; color: #1a1a1a; margin: 0 0 10px; line-height: 1.4; } .faq-card p { font-size: 14px; color: #555; margin: 0; line-height: 1.7; } @media (max-width: 600px) { .faq-grid { grid-template-columns: 1fr; } } ¿Qué contiene Vitamina D3 Kids 400 UI? Este producto contiene vitamina D3 en concentración de 400 UI y se presenta en tabletas masticables de administración oral. ¿En qué presentación viene Vitamina D3 Kids? La presentación corresponde a tabletas masticables para consumo oral. Este formato es utilizado en suplementos vitamínicos infantiles. ¿Cómo se consume la vitamina D3 en tabletas masticables? Las tabletas masticables se consumen por vía oral siguiendo las indicaciones señaladas en el etiquetado del producto. ¿Qué es la vitamina D3? La vitamina D3 es un nutriente presente en suplementos nutricionales de administración oral. Puede encontrarse en cápsulas, tabletas y otras presentaciones. Multivitamínicos Vitaminas y Complementos Para Niños Vitamina D",page_or_detail_regex,false_no_component_match
Mifarma,Shampoo Control Grasa Amarás Raíces y Puntas Felices con Extracto de Lima + Aceite de Menta + Vitamina E,Shampoo Control Grasa Amarás Raíces y Puntas Felices con Extracto de Lima + Aceite de Menta + Vitamina E,,20.50,PEN,available,https://www.mifarma.com.pe/producto/shampoo-amaras-raices-y-puntas-felices-700ml/306380,306380,AMARÁS,algolia_public_search,2026-06-08T00:46:24.211047+00:00,,"INGREDIENTES: AQUA, SODIUM LAURETH SULFATE, COCAMIDOPROPYL BETAINE, DIMETHICONOL (AND) TEA-DODECYLBENZENESULFONATE, PEG-4 RAPESEEDAMIDE, DIMETHICONE, FRAGRANCE, CLIMBAZOLE, SALICYLIC ACID, POTASSIUM CHLORIDE, PHENOXYETHANOL, CARBOMER, GUAR HYDROXYPROPYLTRIMONIUM CHLORIDE, ALLANTOIN, SODIUM BENZOATE, DISODIUM EDTA, MENTHOL, SODIUM HYDROXIDE, BENZOTRIAZOLYL DODECYL P-CRESOL, CITRIC ACID, TOCOPHEROL, LINALOOL, HEXYL CINNAMAL, LIMONENE, CITRUS AURANTIFOLIA (LIME) FRUIT EXTRACT, MINTHOSTACHYS MOLLIS BRANCH/LEAF OIL, CI 19140, CI 42090, CI 16035 Este producto es distribuido por Inretail Pharma S.A. (Ley 32033) Amarás es la nueva marca premium de la compañía peruana Alicorp, línea de cuidado capilar especialmente creado para las peruanas, una mezcla de exquisitos ingredientes de la riqueza natural de la selva peruana.Amarás ofrece varias colecciones partiendo de las necesidades y las condiciones climatológicas de nuestro país: “Reparación Divina”, diseñada para reparar el cabello dañado; “Diosa Rulosa”, para el cuidado del cabello con rizos, “Bendito Clima de Lima”, para el control del frizz y Magia Andina para la restauración intensiva y más. ¿Lista para usarlo? Shampoo Control Grasa Amarás Raíces y Puntas Felices con Extracto de Lima + Aceite de Menta + Vitamina E Shampoo Control de Grasa para purificar tus raíces y así despedirte del dilema del cabello mixto. Contiene lo mejor que brinda la naturaleza, Extracto de Lima + Aceite de Menta + Vitamina E. Además, producto sin alcohol (Sin Etanol), sin Parabenos, sin sal (Sin Cloruro de Sodio). Destila naturalidad y energía durante todo el día ¡Atrévete a usarlo y lo Amarás! Shampoo y Acondicionador Cuidado del Cabello Shampoo y Acondicionadores",,false_no_registro_sanitario
Mifarma,Serum Fluido Hidratación Dove Vitamina E y Vitamina A,Serum Fluido Hidratación Dove Vitamina E y Vitamina A,,16.90,PEN,available,https://www.mifarma.com.pe/producto/serum-fluido-hidratacion-dove-vitamina-e-y-vitamina-a/305592,305592,DOVE,algolia_public_search,2026-06-08T00:46:24.211633+00:00,,"AQUA, GLYCERYN, PROPYLENE GLYCOL, SODIUM BENZONATE, PVP, PARFUM, AMODIMETHICONE, POLYSORBATE 20, CETRIMONIUM CHLORIDE, LACTIC ACID, DISODIUM EDTA, ETHYLHEXYL METHOXYCINNAMATE, HYDROLYZED COLLAGEN, TOCOPHERYL ACETATE, RETINOL, ALPHA-ISOMETHYL IONONE, CITRONELLOL, GERANIOL, HEXYL CINNAMAL, HYDROXYCITRONELLAL, LINALOOL. Este producto es distribuido por Inretail Pharma S.A. (Ley 32033) Tratamientos Cuidado del Cabello Tratamiento capilar",,false_no_registro_sanitario
Mifarma,Acondicionador Puntas Hidratadas Amarás Raíces y Puntas Felices con Extracto de Lima + Aceite de Jojoba + Vitamina E,Acondicionador Puntas Hidratadas Amarás Raíces y Puntas Felices con Extracto de Lima + Aceite de Jojoba + Vitamina E,,15.90,PEN,available,https://www.mifarma.com.pe/producto/acondicionador-amaras-raices-puntas-felices-475ml/306381,306381,AMARÁS,algolia_public_search,2026-06-08T00:46:24.212212+00:00,,"INGREDIENTES: AQUA, CETEARYL ALCOHOL, BEHENTRIMONIUM CHLORIDE, STEARAMIDOPROPYL DIMETHYLAMINE, CETYL ALCOHOL, CYCLOPENTASILOXANE (AND) DIMETHICONOL, DIMETHICONE, PARAFFINUM LIQUIDUM, BIS-HYDROXY/METHOXY AMODIMETHICONE, PHENOXYETHANOL, CETRIMONIUM CHLORIDE, CAPRYLIC/CAPRIC TRIGLYCERIDE, CITRIC ACID, CETEARETH-20, FRAGRANCE, HYDROXYPROPYL STARCH PHOSPHATE, SODIUM BENZOATE, DISODIUM EDTA, CLIMBAZOLE, ALLANTOIN, BENZOTRIAZOLYL DODECYL P-CRESOL, PETROLATUM, TOCOPHEROL, PANTHENOL, LINALOOL, HEXYL CINNAMAL, LIMONENE, SIMMONDSIA CHINENSIS (JOJOBA) SEED OIL, CITRUS AURANTIFOLIA (LIME) FRUIT EXTRACT, CI 19140, CI 42090, CI 16035. Este producto es distribuido por Inretail Pharma S.A. (Ley 32033) Amarás es la nueva marca premium de la compañía peruana Alicorp, línea de cuidado capilar especialmente creado para las peruanas, una mezcla de exquisitos ingredientes de la riqueza natural de la selva peruana.Amarás ofrece varias colecciones partiendo de las necesidades y las condiciones climatológicas de nuestro país: “Reparación Divina”, diseñada para reparar el cabello dañado; “Diosa Rulosa”, para el cuidado del cabello con rizos, “Bendito Clima de Lima”, para el control del frizz y Magia Andina para la restauración intensiva y más. ¿Lista para usarlo? Adiós raíces grasas y puntas secas con el Acondicionador Amarás Extracto de Lima + Aceite de Jojoba + Vitamina E Acondicionador para hidratar tus puntas y así despedirte del dilema del cabello mixto Contiene lo mejor que brinda la naturaleza, Extracto de Lima + Aceite de Jojoba + Vitamina E. Ideal para raíces grasas y puntas secas. Además, producto sin alcohol (Sin Etanol), sin Parabenos, sin sal (Sin Cloruro de Sodio) Destila naturalidad y energía durante todo el día ¡Atrévete a usarlo y lo Amarás! Shampoo y Acondicionador Cuidado del Cabello Shampoo y Acondicionadores",,false_no_registro_sanitario
Mifarma,Desodorante Spray Lady Speed Stick Derma + Vitamina E,Desodorante Spray Lady Speed Stick Derma + Vitamina E,,13.50,PEN,available,https://www.mifarma.com.pe/producto/desodorante-spray-lady-speed-stick-derma-vitamin/557702,557702,LADY SPEED STICK,algolia_public_search,2026-06-08T00:46:24.212713+00:00,,"INGREDIENTES: Butane, Propane, Isobutane, Aluminum Chlorohydrate, Cyclopentasiloxane, Dimethicone, Parfum, Disteardimonium Hectorite, Propylene Carbonate, Dimethiconol, Tocopheryl Acetate [Vitamina E], Glycyrrhiza Glabra (Licorice) Root Extract [Extracto de regaliz], Mother of Pearl Extract [Extracto de madre perla], Limonene. Este producto es distribuido por Inretail Pharma S.A. (Ley 32033) Lady Speed Stick es una marca de desodorantes y antitranspirantes principalmente dirigida al mercado femenino. Conocida por la gran variedad de antitranspirantes y desodorantes diseñados para proporcionar protección duradera contra el olor y la humedad. Estos productos suelen estar disponibles en diferentes fragancias y formatos, como en barra o en gel. Protección y Frescura Duradera con el Desodorante Lady Speed Stick Derma + Vitamina E Aerosol Desodorante Lady Speed Stick Derma + Vitamina E Aerosol 91 g es la elección perfecta para quienes buscan una experiencia de cuidado personal superior. Su fórmula ha sido diseñada pensando en tu bienestar diario, ofreciendo resultados notables desde el primer uso. Características del Producto Diseñado con ingredientes de alta calidad. Adecuado para el uso diario. Formulación específica para necesidades particulares. Beneficios Resultados visibles con el uso constante. Mayor comodidad y cuidado personalizado. Confianza en cada aplicación. Tu aliado de todos los días Con Lady Speed Stick, la frescura y la confianza te acompaña siempre Desodorantes Mujer Aclarado",,false_no_registro_sanitario
Mifarma,Pre Shampoo Control Grasa Amarás Raíces y Puntas Felices con Extracto de Lima + Vinagre de Manzana + Vitamina E,Pre Shampoo Control Grasa Amarás Raíces y Puntas Felices con Extracto de Lima + Vinagre de Manzana + Vitamina E,,11.90,PEN,available,https://www.mifarma.com.pe/producto/preshampoo-control-raices-y-puntas-felices-300ml/306382,306382,AMARÁS,algolia_public_search,2026-06-08T00:46:24.213322+00:00,,"INGREDIENTES:AQUA, COCAMIDOPROPYL BETAINE, PEG-4 RAPSEEDAMIDE, CETRIMONIUM CHLORIDE, LAURAMIDOPROPYLAMINEOXIDE, CITRIC ACID, PHENOXYETHANOL, FRAGRANCE, VINEGAR (AND) PYRUS MALUS (APPLE) FRUITEXTRACT (AND) WATER (AND) FRUCTOSE (AND) GLUCOSE (AND) GLUCONIC ACID (AND) GLUCONOLACTONE(AND) CAESALPINIA SPINOSA GUM, BENZOTRIAZOLYL DODECYL P-CRESOL, DISODIUM EDTA, SODIUMBENZOATE, MENTHOL, TOCOPHEROL, LINALOOL, HEXYL CINNAMAL, LIMONENE, CITRUS AURANTIFOLIA(LIME) FRUIT EXTRACT. Este producto es distribuido por Inretail Pharma S.A. (Ley 32033) Amarás es la nueva marca premium de la compañía peruana Alicorp, línea de cuidado capilar especialmente creado para las peruanas, una mezcla de exquisitos ingredientes de la riqueza natural de la selva peruana.Amarás ofrece varias colecciones partiendo de las necesidades y las condiciones climatológicas de nuestro país: “Reparación Divina”, diseñada para reparar el cabello dañado; “Diosa Rulosa”, para el cuidado del cabello con rizos, “Bendito Clima de Lima”, para el control del frizz y Magia Andina para la restauración intensiva y más. ¿Lista para usarlo? Pre Shampoo Control Grasa Amarás Raíces y Puntas Felices con Extracto de Lima + Vinagre de Manzana + Vitamina E ¿Cabello graso? ¡Ya no más! Purifica el cuero cabelludo con el Pre Shampoo que ayuda a remover el exceso de grasa y así lucir un cabello manejable. Contiene lo mejor que brinda la naturaleza, Extracto de Lima + Vinagre de Manzana + Vitamina E. Usar antes del shampoo, 1 a 2 veces por semana y dejar actuar por 1 minuto y Amarás la diferencia. Destila naturalidad y energía durante todo el día ¡Atrévete a usarlo y lo Amarás! Shampoo y Acondicionador Cuidado del Cabello Shampoo y Acondicionadores",,false_no_registro_sanitario
Mifarma,Acondicionador Sedal Colágeno y Vitamina C,Acondicionador Sedal Colágeno y Vitamina C,DE-400,10.50,PEN,available,https://www.mifarma.com.pe/producto/acondicionador-sedal-colageno-vitamina-c-340ml/800812,800812,SEDAL,algolia_public_search,2026-06-08T00:46:24.213926+00:00,,"aqua, cetearyl alcohol, behentrimonium chloride, dimethicone, parfum, amodimethicone, gluconolactone, trehalose, disodium edta, lactic acid, sodium sulfate, argania spinosa kernel oil, hydrolyzed collagen, sodium ascorbyl phosphate, methylchloroisothiazolinone, methylisothiazolinone, benzyl salicylate, hexyl cinnamal, limonene, linalool. Este producto es distribuido por Inretail Pharma S.A. (Ley 32033) Unilever es una compañía de renombre mundial, conocida por tener más de 400 productos en el mercado de cuidado personal, industria alimentaria, perfumería, fabricación de productos de molinería, almidones, etc. Marcas reconocidas como Rexona, Axe, Dove, Savital, Ego, Sedal, Cif, Hellmann’s, Maizena y más. Asimismo, Unilever no es ajeno a los problemas que enfrenta el mundo, con su nueva estrategia afirma su gran compromiso de hacer la sustentabilidad en algo cotidiano para mejorar la salud del planeta y el bienestar de las personas. Acondicionador Sedal Colágeno y Vitamina C para un Un Cabello Deslumbrante Descubre los ingredientes expertos en el cuidado de la piel, ahora en tu cabello, la exclusiva fórmula con infusión activa que combina el colágeno + vitamina C para darle a tu cabello una hidratación profunda, regeneración y luminosidad increíble. La fórmula contiene: Colágeno conocido por aportar firmeza, ayudando a la regeneración de las fibras capilares debilitadas y vitamina C, antioxidante esencial para la producción de colágeno y potenciador de la luminosidad. Además, Sedal no testea en animales en ningún lugar del mundo. Encuentra el producto perfecto para tu cabello ¡Prueba lo Mejor de Sedal! Baño Cuidado del Cabello Acondicionador Shampoo y Acondicionadores",page_or_detail_regex,false_no_component_match
Mifarma,Shampoo Sedal Hialurónico y Vitamina A,Shampoo Sedal Hialurónico y Vitamina A,DE-400,10.50,PEN,available,https://www.mifarma.com.pe/producto/shampoo-sedal-hialuronico-vitamina-a-340ml/800806,800806,SEDAL,algolia_public_search,2026-06-08T00:46:24.214559+00:00,,"aqua, sodium laureth sulfate, sodium chloride, cocamidopropyl betaine, glycerin, parfum, sodium benzoate, glycol distearate, carbomer, citric acid, guar hydroxypropyltrimonium chloride, hydroxypropyl methylcellulose, cocamide mea, disodium edta, peg-45m, mica, titanium dioxide, cocos nucifera oil, dimethiconol, retinyl palmitate, sodium hydroxide, hydrolyzed silk, hydrolyzed hyaluronic acid, benzyl salicylate, citronellol, geraniol, hexyl cinnamal, limonene, linalool Este producto es distribuido por Inretail Pharma S.A. (Ley 32033) Unilever es una compañía de renombre mundial, conocida por tener más de 400 productos en el mercado de cuidado personal, industria alimentaria, perfumería, fabricación de productos de molinería, almidones, etc. Marcas reconocidas como Rexona, Axe, Dove, Savital, Ego, Sedal, Cif, Hellmann’s, Maizena y más. Asimismo, Unilever no es ajeno a los problemas que enfrenta el mundo, con su nueva estrategia afirma su gran compromiso de hacer la sustentabilidad en algo cotidiano para mejorar la salud del planeta y el bienestar de las personas. Shampoo Sedal Hialurónico y Vitamina A para un Un Cabello Deslumbrante Descubre los ingredientes expertos en el cuidado de la piel, ahora en tu cabello la exclusiva fórmula con infusión activa que combina ácido hialurónico y vitamina A, para darle a tu cabello una hidratación profunda y ayudar a combatir el frizz. La fórmula contiene: Ácido hialurónico, ingrediente experto en brindar hidratación profunda y vitamina A, conocida por ayudar a fortalecer el cabello para un crecimiento saludable. Además, Sedal no testea en animales en ningún lugar del mundo. Encuentra el producto perfecto para tu cabello ¡Prueba lo Mejor de Sedal! Baño Cuidado del Cabello Shampoo y Acondicionadores Shampoo",page_or_detail_regex,false_no_component_match
Mifarma,Acondicionador Puntas Hidratadas Amarás Raíces y Puntas Felices con Extracto de Lima + Aceite de Jojoba + Vitamina E,Acondicionador Puntas Hidratadas Amarás Raíces y Puntas Felices con Extracto de Lima + Aceite de Jojoba + Vitamina E,,9.90,PEN,available,https://www.mifarma.com.pe/producto/acondicionador-amaras-raices-puntas-felices-260ml/306378,306378,AMARÁS,algolia_public_search,2026-06-08T00:46:24.215146+00:00,,"INGREDIENTES: AQUA, CETEARYL ALCOHOL, BEHENTRIMONIUM CHLORIDE, STEARAMIDOPROPYL DIMETHYLAMINE, CETYL ALCOHOL, CYCLOPENTASILOXANE (AND) DIMETHICONOL, DIMETHICONE, PARAFFINUM LIQUIDUM, BIS-HYDROXY/METHOXY AMODIMETHICONE, PHENOXYETHANOL, CETRIMONIUM CHLORIDE, CAPRYLIC/CAPRIC TRIGLYCERIDE, CITRIC ACID, CETEARETH-20, FRAGRANCE, HYDROXYPROPYL STARCH PHOSPHATE, SODIUM BENZOATE, DISODIUM EDTA, CLIMBAZOLE, ALLANTOIN, BENZOTRIAZOLYL DODECYL P-CRESOL, PETROLATUM, TOCOPHEROL, PANTHENOL, LINALOOL, HEXYL CINNAMAL, LIMONENE, SIMMONDSIA CHINENSIS (JOJOBA) SEED OIL, CITRUS AURANTIFOLIA (LIME) FRUIT EXTRACT, CI 19140, CI 42090, CI 16035. Este producto es distribuido por Inretail Pharma S.A. (Ley 32033) Amarás es la nueva marca premium de la compañía peruana Alicorp, línea de cuidado capilar especialmente creado para las peruanas, una mezcla de exquisitos ingredientes de la riqueza natural de la selva peruana.Amarás ofrece varias colecciones partiendo de las necesidades y las condiciones climatológicas de nuestro país: “Reparación Divina”, diseñada para reparar el cabello dañado; “Diosa Rulosa”, para el cuidado del cabello con rizos, “Bendito Clima de Lima”, para el control del frizz y Magia Andina para la restauración intensiva y más. ¿Lista para usarlo? Adiós raíces grasas y puntas secas con el Acondicionador Amarás Extracto de Lima + Aceite de Jojoba + Vitamina E Acondicionador para hidratar tus puntas y así despedirte del dilema del cabello mixto Contiene lo mejor que brinda la naturaleza, Extracto de Lima + Aceite de Jojoba + Vitamina E. Ideal para raíces grasas y puntas secas. Además, producto sin alcohol (Sin Etanol), sin Parabenos, sin sal (Sin Cloruro de Sodio) Destila naturalidad y energía durante todo el día ¡Atrévete a usarlo y lo Amarás! Shampoo y Acondicionador Cuidado del Cabello Shampoo y Acondicionadores",,false_no_registro_sanitario
Mifarma,Serúm Facial Vitamina C Eucerin Anti-edad Hyaluron Filler + 3x Effect,Serúm Facial Vitamina C Eucerin Anti-edad Hyaluron Filler + 3x Effect,DE-111,68.20,PEN,available,https://www.mifarma.com.pe/producto/serum-vitamina-c-eucerin-anti-edad-hyaluron-filler/304085,304085,EUCERIN,algolia_public_search,2026-06-08T00:46:24.215613+00:00,,"Aqua, Ascorbic-Acid, Glycerin, Squalane, Isopropyl Palmitate, Dibutyl Adipate, Glyceryl Stearate, Distarch Phosphate, Methylpropanediol, Sodium Hyaluronate, Glycyrrhiza Inflata Root Extract, PEG-40 Stearate, Sorbitan Stearate, Sodium Cetearyl Sulfate, Dimethicone, Acrylic Acid-VP Crosspolymer, Xanthan Gum, Trisodium EDTA, 1-2-Hexanediol, Piroctone Olamine, Phenoxyethanol, BHT, Parfum Este producto es distribuido por Inretail Pharma S.A. (Ley 32033) Eucerin con más de 111 años de ciencia visible en la piel y una de las marcas líderes en dermocosmética a nivel mundial, cuenta con una extensa línea de productos que ofrece soluciones y tratamiento para la piel. Todos los productos de Eucerin han demostrado una eficacia probada para proteger y cuidar tu piel. Rellena y Estimula con el Serúm Facial Vitamina C Eucerin Anti-edad Hyaluron Filler + 3x Effect Sérum de absorción rápida que fortalece, suaviza y rellena las arrugas. Adecuado para todo tipo de pieles y está probado, desde el punto de vista clínico y dermatológico. Proporciona una piel con el aspecto más suave, fresco y radiante en tan solo siete días y los resultados mejorarán con el paso del tiempo. Además, es un producto comedogénico, ligeramente perfumado y excelente base de maquillaje ¿Ya la probaste? Comienza tu día con Eucerin Lo Mejor en Dermocosmética Tratamiento Facial Todo en Serum Dermatológico Antiedad",page_or_detail_regex,false_no_component_match
Mifarma,Agua Micelar Pond's Vitamina C,Agua Micelar Pond's Vitamina C,,23.60,PEN,available,https://www.mifarma.com.pe/producto/agua-micelar-ponds-vitamina-c/314164,314164,POND'S,algolia_public_search,2026-06-08T00:46:24.215856+00:00,,"AQUA, HEXYLENE GLYCOL, GLYCERIN, PEG-6-CAPRYLIC/CAPRIC GLYCERIDES, PHENOXYETHANOL, CETRIMONIUM CHLORIDE, HYDROXYETHYL UREA, TETRASODIUM EDTA, CITRIC ACID, PEG-40 HYDROGENATED CASTOR OIL, TRIDECETH-9, CETYLPYRIDINIUM CHLORIDE, NIACINAMIDE, POTASSIUM CHLORIDE, SODIUM CHLORIDE, PANTHENOL, BENZOPHENONE-4, CITRUS LIMON JUICE, SODIUM ASCORBYL PHOSPHATE, TOCOPHERYL ACETATE, RETINYL PROPIONATE Este producto es distribuido por Inretail Pharma S.A. (Ley 32033) Lo Más Pedido en Belleza Cuidado Facial Busca tu Pond's Favorito Cuidado Facial en Todas las Marcas Limpieza Facial",,false_no_registro_sanitario
Mifarma,Serum Booster Pond's Vitamina C,Serum Booster Pond's Vitamina C,,42.70,PEN,available,https://www.mifarma.com.pe/producto/serum-booster-ponds-vitamina-c/314161,314161,POND'S,algolia_public_search,2026-06-08T00:46:24.216124+00:00,,"AQUA, GLYCERIN, DIMETHICONE, NIACINAMIDE, PENTYLENE GLYCOL, BUTYLENE GLYCOL, CAPRYLIC/CAPRIC TRIGLYCERIDE, POLYSORBATE 20, PHENOXYETHANOL, AMMONIUM ACRYLOYLDIMETHYLTAURATE/VP COPOLYMER, XANTHAN GUM, AMMONIUM ACRYLOYLDIMETHYLTAURATE/BEHENETH-25 METHACRYLATE CROSSPOLYMER, ALLANTOIN, CYSTINE*, GLYCINE*, METHYLPARABEN, TOCOPHERYL ACETATE, DISODIUM EDTA, PARFUM, PROPYLPARABEN, SODIUM PCA*, STEARIC ACID, CITRIC ACID, SODIUM HYDROXIDE, BHT, CETYL ALCOHOL, BIFIDA FERMENT LYSATE, PROPYLENE GLYCOL, SODIUM ACETYLATED HYALURONATE, 3-O-ETHYL ASCORBIC ACID*, CITRUS LIMON JUICE, SODIUM HYALURONATE, SODIUM HYALURONATE CROSSPOLYMER, HYDROLYZED SODIUM HYALURONATE, ETHYLHEXYLGLYCERIN, CI 19140, SODIUM BENZOATE, POTASSIUM SORBATE, CITRONELLOL, GERANIOL, HEXIL CINNAMAL, HYDROXYCITRONELLAL, LIMONENE, LINALOOL Este producto es distribuido por Inretail Pharma S.A. (Ley 32033) Lo Más Pedido en Belleza Cuidado Facial Busca tu Pond's Favorito Sérum Cuidado Facial en Todas las Marcas",,false_no_registro_sanitario
Mifarma,Gel Limpiador Pond's Vitamina C,Gel Limpiador Pond's Vitamina C,DE-150,25.90,PEN,available,https://www.mifarma.com.pe/producto/gel-limpiador-ponds-vitamina-c/314160,314160,POND'S,algolia_public_search,2026-06-08T00:46:24.216607+00:00,,"AQUA, SODIUM COCOYL GLYCINATE, GLYCERIN, HYDROXYPROPYL STARCH PHOSPHATE, SODIUM LAUROAMPHOACETATE, ACRYLATES COPOLYMER, DECYL GLUCOSIDE, LAURAMIDOPROPYL BETAINE, PHENOXYETHANOL, CAPRYLYL GLYCOL, PARFUM, POLYQUATERNIUM-6, CITRIC ACID, PEG-150 DISTEARATE, STEARIC ACID, TETRASODIUM EDTA, BENZOPHENONE-4, BHT, SODIUM HYDROXIDE, NIACINAMIDE, CITRUS LIMON JUICE, SODIUM ASCORBYL PHOSPHATE, CI 19140, CI 14700, HEXIL CINNAMAL, LIMONENE, LINALOOL. Este producto es distribuido por Inretail Pharma S.A. (Ley 32033) Disfruta y conoce un mundo de belleza, cuidado de la piel y más de 150 años de experiencia. Los productos Pond’s fueron diseñados, especialmente, para brindarte una piel, limpia, suave y radiante, en cualquier momento. Marca comprometida a no testear en animales Gel Limpiador Pond's Vitamina C Fórmula con Vitamina C y extracto de limón de origen natural que limpia profundamente mientras hidrata la piel. Ideal para un cuidado facial completo, elimina impurezas dejando la piel fresca, suave y radiante. Características principales: Limpieza eficaz y suave Hidratación natural gracias a la Vitamina C Extracto de limón de origen natural Fórmula 2 en 1: limpia e hidrata Pond’s hidratatu piel todo el día Lo Más Pedido en Belleza Cuidado Facial Busca tu Pond's Favorito Cuidado Facial en Todas las Marcas Crema facial",page_or_detail_regex,false_no_component_match
Mifarma,Crema Facial Cluny Día & Noche Retinol + Vitamina E,Crema Facial Cluny Día & Noche Retinol + Vitamina E,,27.90,PEN,available,https://www.mifarma.com.pe/producto/crema-facial-cluny-dia-noche-retinol-vitamina-e/800664,800664,CLUNY,algolia_public_search,2026-06-08T00:46:24.216996+00:00,,"Retinol, que reduce visiblemente la aparición de las líneas de expresión y arrugas, mejora la tonicidad, firmeza y elasticidad. Ayuda a la renovación de la piel, logrando una piel más suave y de aspecto más joven. Filtros solares, para evitar el envejecimiento prematuro provocado por la radiación solar. Este producto es distribuido por Inretail Pharma S.A. (Ley 32033) Disfruta del mejor cuidado y belleza para tu piel y cabello que solo Cluny puede brindarte. Tratamientos intensivos capilares, higiene, hidratación, fragancias corporales y mucho más. Cluny brinda una línea de productos innovadores para cada una de sus necesidades y bienestar. Adaptándose a satisfacer las necesidades de la mujer de hoy. Cuida tu rostro con la Crema facial día & noche retinol+ vitamina E La crema facial de día & noche cuenta con una formula renovada que reduce las líneas de expresión y arrugas ocasionadas por la pérdida de colágeno y elastina de la piel. Con Cluny reduce las líneas de expresión y arrugas. Adaptándose a satisfacer las necesidades de la mujer de hoy. Para un óptimo cuidado de tu piel, Cluny tu mejor aliado Lo Más Pedido en Belleza Cuidado Facial Cuidado Facial en Todas las Marcas Crema facial",,false_no_registro_sanitario
Mifarma,Crema Iluminadora Avène Vitamin Activ CG,Crema Iluminadora Avène Vitamin Activ CG,,200.80,PEN,available,https://www.mifarma.com.pe/producto/crema-iluminadora-avene-vitamin-activ-cg/308522,308522,AVENE,algolia_public_search,2026-06-08T00:46:24.217395+00:00,,"Niacinamide Este cuidado contien 3 activos: VITAMINA C 1,8% (Ascorbil Glucósido): Antioxidante e iluminador. NIACINAMIDA 6%: Restaura la suavidad de la piel. %: Alternativa vegetal al retinol, iguala el tono de la piel, elimina las líneas finas de expresión, corrige arrugas Este producto es distribuido por Inretail Pharma S.A. (Ley 32033) Eau Thermale Avène marca que cuenta con 100% de productos que ofrecen seguridad, eficacia y comprometidos en mejorar la calidad de vida de las personas y cuidado de la piel. Además, el 93 % de envases son reciclables. Crema Iluminadora Avène Vitamin Activ CG Ilumina la tez y suaviza las arrugas, dejando la piel visiblemente más fresca y rejuvenecida. Fórmula exclusiva con: Vitamina Cg (1,8%): Potente antioxidante e iluminador. Niacinamida (6%): Restaura la suavidad y mejora la textura de la piel. Ácido Hialurónico: Hidrata profundamente, mejorando la apariencia de la piel seca y restaurando su flexibilidad. Indicaciones: Atenúa las arrugas y líneas finas de expresión. Devuelve la luminosidad y vitalidad a la piel opaca. Innovación: Este tratamiento exclusivo combina tres activos eficaces para revitalizar la piel, dejándola suave, hidratada y radiante. Fórmula exclusiva VITAMIN Cg- NIACINAMIDA Cuida tu piel con los productos Avène Lo Mejor en Dermocosmética Tratamiento Facial Antiedad Avène para Piel Sensible",,false_no_registro_sanitario
Mifarma,Shampoo Johnson's NF Fuerza y Vitamina,Shampoo Johnson's NF Fuerza y Vitamina,DE-750ML,42.90,PEN,available,https://www.mifarma.com.pe/producto/shampoo-johnsons-nf-fuerza-y-vitamina/529570,529570,JOHNSON'S BABY,algolia_public_search,2026-06-08T00:46:24.217740+00:00,,"Este producto es distribuido por Inretail Pharma S.A. (Ley 32033) Bienvenido a la aventura más gratificante de la vida, en la que cada momento con tu bebé se vuelve especial y se convierte en una experiencia maravillosa. Todos los productos Johnson's Baby están elaborados para cada etapa, edad y especializados para el mejor cuidado y protección de tu bebé. Descubre todo de Johnson's en Inkafarma, pureza que inspira. Limpieza y Cuidado Capilar con Johnson's Shampoo NF Fuerza y Vitamina La línea johnson's Fuerza y Vitamina realza la fuerza natural del pelo en desarrollo, ayudando a prevenir los quiebres. Posee glicerina, germen de trigo y vitamina E, presente en las frutas. Fórmula hipoalergénica, con pH fisiológico y libre de colorantes, parabenos, sulfatos e ftalatos. Cabello más fuerte y protegido contra el quiebre Comprometidos con la salud de tu bebé, productos de calidad con Johnson's Aseo Bebé / Niños Promociones para el Cuidado Infantil Shampoo para Niños Johnsons Baby de 750ML",page_or_detail_regex,false_no_component_match
Mifarma,Crema Cetopic con Vitamina C,Crema Cetopic con Vitamina C,,98.30,PEN,available,https://www.mifarma.com.pe/producto/crema-cetopic-con-vitamina-c-frasco-50-g/814852,814852,Cetopic,algolia_public_search,2026-06-08T00:46:24.218091+00:00,,"Agua, ascorbil fosfato de sodio, ácido hialurónico, acetato de tocoferilo, D-pantenol en una base emoliente. Este producto es distribuido por Inretail Pharma S.A. (Ley 32033) Medihealth línea especializada con más de 20 años de experiencia en dermatología que brinda soluciones de alta calidad para las diferentes patologías en la piel. Con amplio portafolio de productos que satisfacen todas las necesidades y que se caracteriza por utilizar materias primas que cumplen con los más altos estándares terapéuticos. Medihealth no realiza pruebas en animales y están comprometidos con las buenas prácticas, protegiendo al máximo la salud de tu piel. Una piel más suave e hidratada con Cetopic Vitamina C Crema Cetopic está indicado para evitar el envejecimiento prematuro de la piel, previene los efectos de la radiación, tratamiento de eritema post-láser, post-peeling y en el tratamiento de melasma. Diseñado para ser aplicada en el contorno de los ojos, cuello y rostro. Contiene sustancias similares a los factores naturales de hidratación, evitando la pérdida transepidérmica de agua. Disminuye los signos visibles de resequedad y fotoenvejecimiento. con Cetopic de Medihealth Cuidado Facial Crema facial",,false_no_registro_sanitario
Mifarma,Sérum Antiedad Endocare Radiance C Ferulic Vitamina C Antioxidante,Sérum Antiedad Endocare Radiance C Ferulic Vitamina C Antioxidante,,172.50,PEN,available,https://www.mifarma.com.pe/producto/serum-antiedad-endocare-radiance-ferulic-vitamina/308820,308820,ENDOCARE,algolia_public_search,2026-06-08T00:46:24.218583+00:00,,"EDAFENCE® Powerful Anti-Pollution Defence, SCA® Growth Factor Technology, Vitamina C, Ácido Ferúlico, Vitamina E Este producto es distribuido por Inretail Pharma S.A. (Ley 32033) Cantabria Labs es una empresa farmacéutica de referencia en España en el ámbito de la prescripción dermatológica, destacándose tanto por el respaldo científico de sus productos como por la confianza que depositan los profesionales en su calidad. Con más de 25 años de experiencia en dermatología y un fuerte enfoque internacional, presente en más de 80 países, la compañía ofrece soluciones innovadoras para el cuidado de la piel, que responden a las necesidades de profesionales y pacientes a nivel global. Sérum Antiedad Endocare Cantabria Labs Radiance C Ferulic Vitamina C Antioxidante Ideal para Todo Tipo de Piel Sérum antipolución y antioxidante avanzado de rápida absorción, con excelente tolerancia, que protege la piel de los daños causados por la contaminación y los factores de estrés ambiental. Su fórmula ligera, sin residuo graso y con acabado aterciopelado, defiende la piel contra los efectos de los radicales libres y los contaminantes urbanos, siendo ideal para todo tipo de pieles. Además, es no comedogénico.Enriquecido con EDAfence®, una innovadora tecnología antipolución de eficacia comprobada contra metales pesados, humo de tabaco y contaminantes urbanos, y con Advanced Antiox Synergy, un sistema antioxidante de última generación. Su exclusiva combinación de SCA® Growth Factor Technology, vitamina C, ácido ferúlico y vitamina E proporciona una acción antioxidante y reparadora avanzada, ayudando a proteger y revitalizar la piel con alta tolerancia. Protección frente a la polución Textura ligera y rápida absorción Lo Mejor en Dermocosmética Tratamiento Facial Todo en Serum Dermatológico Hidratación Mejores Marcas de Cantabria Labs",,false_no_registro_sanitario
Mifarma,Pack 02 Vitamina B-12 1000mcg Mason Natural,Pack 02 Vitamina B-12 1000mcg Mason Natural,,199.80,PEN,available,https://www.mifarma.com.pe/producto/pack-02-vitamina-b-12-mason-natural/PACKNT136,PACKNT136,MASON,algolia_public_search,2026-06-08T00:46:24.218756+00:00,,Vitamina B12 1000mcg Este producto es distribuido por Inretail Pharma S.A. (Ley 32033) Vitaminas Suplementos y Vitaminas Packs de Nutrición y Bienestar Vitamina B-Complejo B B6 y B12 Vitamina B,,false_no_registro_sanitario
Mifarma,Pack 02 Vitamina E 400 Mason Natural,Pack 02 Vitamina E 400 Mason Natural,E-400UI,84.40,PEN,available,https://www.mifarma.com.pe/producto/pack-02-vitamina-e-400-mason-natural/PACKNT135,PACKNT135,MASON,algolia_public_search,2026-06-08T00:46:24.218871+00:00,,Vitamina E 400UI Este producto es distribuido por Inretail Pharma S.A. (Ley 32033) Vitaminas para Adultos Vitaminas Packs de Nutrición y Bienestar Vitamina E,page_or_detail_regex,false_no_component_match
Mifarma,Pack 02 Vitamina E 1000 Mason Natural,Pack 02 Vitamina E 1000 Mason Natural,E-1000UI,202.00,PEN,available,https://www.mifarma.com.pe/producto/pack-02-vitamina-e-1000-mason-natural/PACKNT122,PACKNT122,MASON,algolia_public_search,2026-06-08T00:46:24.218980+00:00,,Vitamina E 1000UI Este producto es distribuido por Inretail Pharma S.A. (Ley 32033) Vitaminas Packs de Nutrición y Bienestar Vitamina E,page_or_detail_regex,false_no_component_match
Mifarma,Pack Cluny Crema para Manos Antiedad Q10 Vitamina E + Crema Corporal Reafirmante,Pack Cluny Crema para Manos Antiedad Q10 Vitamina E + Crema Corporal Reafirmante,,26.80,PEN,available,https://www.mifarma.com.pe/producto/pack-cluny-crema-manos-corporal-reafirmante/PACKDB806,PACKDB806,CLUNY,algolia_public_search,2026-06-08T00:46:24.219373+00:00,,"Crema para Manos Antiedad Cluny Q10 + Vitamina E: Q10 y Vitamina E: Reconocidos antioxidantes, que favorecen una mejor defensa de la piel contra las agresiones externas.Aceite de Almendra y Glicerina: Que cuentan con propiedades hidratantes y ayuda a prevenir los signos de la edad como manchas y arrugas.Filtros Solares: Que ayuda a disminuir la apariencia del envejecimiento prematuro provocado por la radiación solar Crema Corporal Reafirmante Cluny: Q10 + Vitamina ECon manteca de karité Este producto es distribuido por Inretail Pharma S.A. (Ley 32033) Disfruta del mejor cuidado y belleza para tu piel y cabello que solo Cluny puede brindarte. Tratamientos intensivos capilares, higiene, hidratación, fragancias corporales y mucho más. Cluny brinda una línea de productos innovadores para cada una de sus necesidades y bienestar. Adaptándose a satisfacer las necesidades de la mujer de hoy. Pack Cluny Crema para Manos Antiedad Q10 Vitamina E + Crema Corporal Reafirmante La crema de manos anti edad de Cluny, brinda una rápida absorción y está enriquecida con Q10 y vitamina E. Cuenta con aceites de almendras, glicerina y filtros Solares que ayudan a rejuvenecer y reafirmar la piel. La Crema Corporal Reafirmante cuenta con una fórmula de Vitamina E y Q10 y reconocidos antioxidantes, que ayudan a mejorar y aclarar la piel, ralentizando el envejecimiento. Es un producto libre de parabenos y dermatológicamente testado. El mejor cuidado para tus manos y cuerpo Packs de Belleza",,false_no_registro_sanitario
Mifarma,Pack Cluny Crema para Manos Antiedad Cluny Q10 Vitamina E + Crema Corporal Piernas Perfectas Anti Celulitis,Pack Cluny Crema para Manos Antiedad Cluny Q10 Vitamina E + Crema Corporal Piernas Perfectas Anti Celulitis,,26.80,PEN,available,https://www.mifarma.com.pe/producto/pack-cluny-crema-manos--corporal-anti-celulitis/PACKDB805,PACKDB805,CLUNY,algolia_public_search,2026-06-08T00:46:24.219798+00:00,,"Q10 y Vitamina E: Reconocidos antioxidantes, que favorecen una mejor defensa de la piel contra las agresiones externas.Aceite de Almendra y Glicerina: Que cuentan con propiedades hidratantes y ayuda a prevenir los signos de la edad como manchas y arrugas.Filtros Solares: Que ayuda a disminuir la apariencia del envejecimiento prematuro provocado por la radiación solar Este producto es distribuido por Inretail Pharma S.A. (Ley 32033) Disfruta del mejor cuidado y belleza para tu piel y cabello que solo Cluny puede brindarte. Tratamientos intensivos capilares, higiene, hidratación, fragancias corporales y mucho más. Cluny brinda una línea de productos innovadores para cada una de sus necesidades y bienestar. Adaptándose a satisfacer las necesidades de la mujer de hoy. Pack Cluny Crema para Manos Antiedad Cluny Q10 Vitamina E + Crema Corporal Piernas Perfectas Anti Celulitis La crema de manos anti edad de Cluny, brinda una rápida absorción y está enriquecida con Q10 y vitamina E. Cuenta con aceites de almendras, glicerina y filtros Solares que ayudan a rejuvenecer y reafirmar la piel. La Crema Corporal Piernas Perfectas Cluny, cuenta con una fórmula de Q10 reconocido antioxidante, que ayuda a una mejor defensa de la piel contra las agresiones externas. Es un producto libre de parabenos y dermatológicamente testado. El mejor cuidado para tus manos y cuerpo Packs de Belleza",,false_no_registro_sanitario
Mifarma,Pack Sérum Antimanchas + Protector Solar Vitamina C Garnier,Pack Sérum Antimanchas + Protector Solar Vitamina C Garnier,,153.00,PEN,available,https://www.mifarma.com.pe/producto/pack-serum-antimanchas-protector-solar-vitamina-c-garnier/PACKDB731,PACKDB731,GARNIER,algolia_public_search,2026-06-08T00:46:24.219936+00:00,,Este producto es distribuido por Inretail Pharma S.A. (Ley 32033) Packs de Belleza,,false_no_registro_sanitario
Mifarma,Pack Cluny Agua Micelar + Crema Facial Antiedad y Vitamina C y Ácido Hialurónico,Pack Cluny Agua Micelar + Crema Facial Antiedad y Vitamina C y Ácido Hialurónico,,63.70,PEN,available,https://www.mifarma.com.pe/producto/pack-cluny-agua-micelar-crema-facial-antiedad-acido-hialuronico/PACKDB630,PACKDB630,CLUNY,algolia_public_search,2026-06-08T00:46:24.220325+00:00,,"Agua Micelar Facial Cluny - FRASCO 400 ML: Aloe Vera: que cuenta con propiedades hidratantes y mejora el aspecto de la piel dejándola suave. Crema Facial AntiEdad Cluny - POTE 100 ML: Colágeno Sérum Facial Cluny Vitamina C y Ácido Hialurónico - FRASCO 30 ML: Vitamina C, Ácido hialurónico, Filtro UV Este producto es distribuido por Inretail Pharma S.A. (Ley 32033) Disfruta del mejor cuidado y belleza para tu piel y cabello que solo Cluny puede brindarte. Tratamientos intensivos capilares, higiene, hidratación, fragancias corporales y mucho más. Cluny brinda una línea de productos innovadores para cada una de sus necesidades y bienestar. Adaptándose a satisfacer las necesidades de la mujer de hoy. Descubre tu Pack Ideal con Cluny El agua micelar Cluny 5 en 1, actúa limpiando profundamente y mejorando la apariencia de tu rostro. Elimina el maquillaje, las células muertas y el exceso de la grasa en la piel. Crema Facial Aclarante, unifica el tono de tu piel y a su vez reafirma e hidrata el rostro. Es un producto libre de parabenos y dermatológicamente testado. Atenúa las manchas de la piel y aporta un extra de hidratación y luminosidad. Cuenta con textura fresca, ligera y de fácil absorción. además, es antioxidante y fotoprotector. Con la nueva línea facial sérum de cluny experimenta una piel más luminosa, brillante y perfecta. Cluny para tu piel resultados que se ven y se sienten Packs de Belleza",,false_no_registro_sanitario
Mifarma,Pack Cluny Agua Micelar + Crema Facial y Vitamina C y Ácido Hialurónico,Pack Cluny Agua Micelar + Crema Facial y Vitamina C y Ácido Hialurónico,,63.70,PEN,available,https://www.mifarma.com.pe/producto/pack-cluny-agua-micelar-vitamina-c-y-hialuronico/PACKDB626,PACKDB626,CLUNY,algolia_public_search,2026-06-08T00:46:24.220757+00:00,,"Agua Micelar Facial Cluny - FRASCO 400 ML: Aloe Vera: que cuenta con propiedades hidratantes y mejora el aspecto de la piel dejándola suave. Crema Facial Aclarante Cluny - POTE 100 ML: Sérum Facial Cluny Vitamina C y Ácido Hialurónico - FRASCO 30 ML: Vitamina C, Ácido hialurónico, Filtro UV Este producto es distribuido por Inretail Pharma S.A. (Ley 32033) Disfruta del mejor cuidado y belleza para tu piel y cabello que solo Cluny puede brindarte. Tratamientos intensivos capilares, higiene, hidratación, fragancias corporales y mucho más. Cluny brinda una línea de productos innovadores para cada una de sus necesidades y bienestar. Adaptándose a satisfacer las necesidades de la mujer de hoy. Descubre tu Pack Ideal con Cluny El agua micelar Cluny 5 en 1, actúa limpiando profundamente y mejorando la apariencia de tu rostro. Elimina el maquillaje, las células muertas y el exceso de la grasa en la piel. Crema Facial Aclarante, unifica el tono de tu piel y a su vez reafirma e hidrata el rostro. Es un producto libre de parabenos y dermatológicamente testado. Atenúa las manchas de la piel y aporta un extra de hidratación y luminosidad. Cuenta con textura fresca, ligera y de fácil absorción. además, es antioxidante y fotoprotector. Con la nueva línea facial sérum de cluny experimenta una piel más luminosa, brillante y perfecta Cluny para tu piel resultados que se ven y se sienten Packs de Belleza",,false_no_registro_sanitario
Mifarma,Pack Cluny Agua Micelar + Crema Hidratante y Vitamina C y Ácido Hialurónico,Pack Cluny Agua Micelar + Crema Hidratante y Vitamina C y Ácido Hialurónico,,63.70,PEN,available,https://www.mifarma.com.pe/producto/pack-cluny-agua-micelar-crema-c-acido-hialuronico/PACKDB622,PACKDB622,CLUNY,algolia_public_search,2026-06-08T00:46:24.221156+00:00,,"Agua Micelar Facial Cluny - FRASCO 400 ML: Aloe Vera: que cuenta con propiedades hidratantes y mejora el aspecto de la piel dejándola suave. Crema Facial Humectante Cluny - POTE 100 ML: Ácido Hialurónico Sérum Facial Cluny Vitamina C y Ácido Hialurónico - FRASCO 30 ML: Vitamina C, Ácido hialurónico, Filtro UV Este producto es distribuido por Inretail Pharma S.A. (Ley 32033) Disfruta del mejor cuidado y belleza para tu piel y cabello que solo Cluny puede brindarte. Tratamientos intensivos capilares, higiene, hidratación, fragancias corporales y mucho más. Cluny brinda una línea de productos innovadores para cada una de sus necesidades y bienestar. Adaptándose a satisfacer las necesidades de la mujer de hoy. Descubre tu Pack Ideal con Cluny El agua micelar Cluny 5 en 1, actúa limpiando profundamente y mejorando la apariencia de tu rostro. Elimina el maquillaje, las células muertas y el exceso de la grasa en la piel. La Crema Facial Humectante con Ácido Hialurónico, nutre y repara intensamente la piel. Es un producto libre de parabenos y dermatológicamente testado. Atenúa las manchas de la piel y aporta un extra de hidratación y luminosidad. Cuenta con textura fresca, ligera y de fácil absorción. además, es antioxidante y fotoprotector. Con la nueva línea facial sérum de cluny experimenta una piel más luminosa, brillante y perfecta. Cluny para tu piel resultados que se ven y se sienten Packs de Belleza",,false_no_registro_sanitario
Mifarma,Loción Corporal Aquamarine con Vitamina E para Piel Normal a Seca,Loción Corporal Aquamarine con Vitamina E para Piel Normal a Seca,,17.90,PEN,available,https://www.mifarma.com.pe/producto/locion-corporal-aquamarine-con-vitamina-e-para-pie/138281,138281,AQUAMARINE,algolia_public_search,2026-06-08T00:46:24.221316+00:00,,"Este producto es distribuido por Inretail Pharma S.A. (Ley 32033) Loción hidratante no grasosa de rápida absorción, elaborada con Vitaminas E, humectantes y emolientes que proporcionan frescura y suavidad a manos y cuerpo. Cremas Hidratantes Cremas Corporales",,false_no_registro_sanitario
Mifarma,Loción Corporal Aquamarine con Vitamina A para Piel Extra Seca,Loción Corporal Aquamarine con Vitamina A para Piel Extra Seca,,17.90,PEN,available,https://www.mifarma.com.pe/producto/locion-corporal-aquamarine-con-vitamina-a-para-pie/130572,130572,AQUAMARINE,algolia_public_search,2026-06-08T00:46:24.392703+00:00,,"Este producto es distribuido por Inretail Pharma S.A. (Ley 32033) Loción hidratante no grasosa de rápida absorción, elaborada con Vitaminas A, humectantes y emolientes que proporcionan frescura y suavidad a manos y cuerpo. Cremas Hidratantes Cremas Corporales",,false_no_registro_sanitario
Mifarma,Crema Facial Enat con Vitamina E,Crema Facial Enat con Vitamina E,,51.50,PEN,available,https://www.mifarma.com.pe/producto/crema-facial-enat-con-vitamina-e/527473,527473,MEGA,algolia_public_search,2026-06-08T00:46:24.392895+00:00,,"Este producto es distribuido por Inretail Pharma S.A. (Ley 32033) Indicado en el tratamiento de la piel, la crema hidrata y ayuda a reducir las arrugas, también ayuda a suavizar y disminuir las cicatrices. Cuidado Facial Crema facial",,false_no_registro_sanitario
Mifarma,Vitamina B-12 250mcg Tabletas,Vitamina B-12 250mcg Tabletas,DE-250,56.90,PEN,available,https://www.mifarma.com.pe/producto/vitamina-b-12-250mcg-tabletas/513949,513949,MASON,algolia_public_search,2026-06-08T00:46:24.393324+00:00,,"Vitamina B12 (Cianocobalamina) 250mcg Este producto es distribuido por Inretail Pharma S.A. (Ley 32033) Preguntas frecuentes .faq-grid { display: grid; grid-template-columns: repeat(2, 1fr); gap: 16px; margin: 24px 0; } .faq-card { background: #f8f9fa; border: 1px solid #e9ecef; border-radius: 10px; padding: 20px 24px; } .faq-card h3 { font-size: 16px; font-weight: 600; color: #1a1a1a; margin: 0 0 10px; line-height: 1.4; } .faq-card p { font-size: 14px; color: #555; margin: 0; line-height: 1.7; } @media (max-width: 600px) { .faq-grid { grid-template-columns: 1fr; } } ¿Qué contiene Vitamina B-12 250 mcg Tabletas? Este producto contiene vitamina B12 en concentración de 250 mcg por tableta. La vitamina B12 forma parte de las vitaminas del complejo B. ¿En qué presentación viene Vitamina B-12 250 mcg? La presentación corresponde a tabletas de administración oral. El producto está diseñado para consumo según las indicaciones del etiquetado. ¿Cómo se consume la vitamina B12 en tabletas? Las tabletas de vitamina B12 se administran por vía oral acompañadas de agua. La frecuencia de consumo puede variar según las indicaciones del fabricante. ¿Qué es la vitamina B12? La vitamina B12 es un nutriente hidrosoluble presente en suplementos y vitaminas del complejo B. Puede encontrarse en distintas concentraciones y presentaciones. Vitaminas Vitamina B",page_or_detail_regex,false_no_component_match
Mifarma,"Vitamina A-10,000UI Mason Cápsulas Blandas","Vitamina A-10,000UI Mason Cápsulas Blandas",,49.80,PEN,available,https://www.mifarma.com.pe/producto/vitamina-a-10000iu-capsulas-blandas/131741,131741,MASON,algolia_public_search,2026-06-08T00:46:24.393619+00:00,,"Vitamina A 3,000 mcg RAE (10,000 UI) Este producto es distribuido por Inretail Pharma S.A. (Ley 32033) La Vitamina A contribuye a mantener una visión saludable. La Vitamina A ayuda en el mantenimiento de la visión nocturna. La Vitamina A contribuye al buen funcionamiento del sistema inmune. La Vitamina A contribuye a mantener una piel y mucosas en buenas condiciones. La Vitamina A ayuda a mantener la salud de la piel. Con vitamina A en Alta Potencia. Sin colorantes artificiales o sabores artificiales, Sin preservantes, azúcar, almidón, trigo, adulcorantes, lacteos, levadura, frutos secos, huevos. Libre de gluten. Vitaminas Vitamina A",,false_no_registro_sanitario
Mifarma,Vitamina E 1000UI Mason Cápsulas Blandas,Vitamina E 1000UI Mason Cápsulas Blandas,E-450,101.00,PEN,unavailable,https://www.mifarma.com.pe/producto/vitamina-e-1000ui-capsulas-blandas/131905,131905,MASON,algolia_public_search,2026-06-08T00:46:24.394005+00:00,,"Vitamina E 450 mg (equivalente a 1000 UI de dl alfa tocoferol) Este producto es distribuido por Inretail Pharma S.A. (Ley 32033) La vitamina E ayuda a proteger contra el daño celular causado por radicales libres. La vitamina E es un antioxidante para el mantenimiento de la buena salud. La vitamina E es un antioxidante que protege la grasa de los tejidos corporales de la oxidación. Aporta 1000 UI de Vitamina E en alta potencia. Sin leche, frutos secos, maní, pescado, huevo, mariscos crustáceos, soya. Libre de gluten. Producto Americano. Vitaminas Vitamina E",page_or_detail_regex,false_no_component_match
Mifarma,Vitamina E 400 UI Mason Natural Cápsula blanda,Vitamina E 400 UI Mason Natural Cápsula blanda,E-180,91.90,PEN,available,https://www.mifarma.com.pe/producto/vitamina-e-400iu-capsulas-blandas/133476,133476,MASON,algolia_public_search,2026-06-08T00:46:24.394252+00:00,,"Vitamina E 180 mg (400 UI) (como acetato de dl-alfa-tocoferilo) Este producto es distribuido por Inretail Pharma S.A. (Ley 32033) La vitamina E ayuda a proteger contra el daño celular causado por radicales libres. La vitamina E es un antioxidante para el mantenimiento de la buena salud. La vitamina E es un antioxidante que protege la grasa de los tejidos corporales de la oxidación. Sin leche, frutos secos, maní, pescado, huevo, mariscos crustáceos, soya. Libre de gluten. Producto AmericanoPequeñas cápsulas blandas fáciles de deglutir Vitaminas Vitamina E",page_or_detail_regex,false_no_component_match
Mifarma,Vitamina E 400UI Cápsulas Blandas,Vitamina E 400UI Cápsulas Blandas,E-180,42.20,PEN,unavailable,https://www.mifarma.com.pe/producto/vitamina-e-400iu-capsulas-blandas/133470,133470,MASON,algolia_public_search,2026-06-08T00:46:24.394815+00:00,,"Vitamina E 180 mg (400 UI) (como acetato de dl-alfa-tocoferilo) Este producto es distribuido por Inretail Pharma S.A. (Ley 32033) La vitamina E ayuda a proteger contra el daño celular causado por radicales libres. La vitamina E es un antioxidante para el mantenimiento de la buena salud. La vitamina E es un antioxidante que protege la grasa de los tejidos corporales de la oxidación. Sin leche, frutos secos, maní, pescado, huevo, mariscos crustáceos, soya. Libre de gluten. Producto americano. Pequeñas cápsulas blandas fáciles de deglutir. Preguntas frecuentes .faq-grid { display: grid; grid-template-columns: repeat(2, 1fr); gap: 16px; margin: 24px 0; } .faq-card { background: #f8f9fa; border: 1px solid #e9ecef; border-radius: 10px; padding: 20px 24px; } .faq-card h3 { font-size: 16px; font-weight: 600; color: #1a1a1a; margin: 0 0 10px; line-height: 1.4; } .faq-card p { font-size: 14px; color: #555; margin: 0; line-height: 1.7; } @media (max-width: 600px) { .faq-grid { grid-template-columns: 1fr; } } ¿Qué contiene Vitamina E 400 IU Cápsulas Blandas? Este producto contiene vitamina E en concentración de 400 IU y se presenta en cápsulas blandas para administración oral. ¿En qué presentación viene Vitamina E 400 IU? La presentación corresponde a cápsulas blandas de consumo oral. Este formato es utilizado en suplementos vitamínicos de administración oral. ¿Cómo se consume la vitamina E 400 IU? Las cápsulas blandas se administran por vía oral acompañadas de agua. La forma de consumo debe seguir las indicaciones señaladas en el etiquetado. ¿Qué es la vitamina E en suplementos nutricionales? La vitamina E es una vitamina liposoluble presente en distintos suplementos nutricionales. Puede encontrarse en cápsulas blandas y otras presentaciones orales. Vitaminas para Adultos Vitaminas Vitamina E",page_or_detail_regex,false_no_component_match
Mifarma,Vitamina B6 100 mg Mason Natural Tableta,Vitamina B6 100 mg Mason Natural Tableta,,67.90,PEN,available,https://www.mifarma.com.pe/producto/vitamina-b6-100-mg-tableta/320614,320614,MASON,algolia_public_search,2026-06-08T00:46:24.394985+00:00,,Cada tableta contiene Vitamina B6 (como clorhidrato de piridoxina) 100 mg Calcio (fosfato dicalcico) 110mg Este producto es distribuido por Inretail Pharma S.A. (Ley 32033) Vitaminas Vitamina B,,false_no_registro_sanitario
Mifarma,Pack Shampoo + Acondicionado Dove Hidratación + Vitamina A&E,Pack Shampoo + Acondicionado Dove Hidratación + Vitamina A&E,,26.90,PEN,available,https://www.mifarma.com.pe/producto/pack-shampoo-acondicionado-dove-hidratacion-vit-ae/319949,319949,DOVE,algolia_public_search,2026-06-08T00:46:24.395996+00:00,,Este producto es distribuido por Inretail Pharma S.A. (Ley 32033) Cuidado del Cabello Shampoo y Acondicionadores,,false_no_registro_sanitario
Mifarma,Sérum Facial Babaria Vitamina D,Sérum Facial Babaria Vitamina D,,42.90,PEN,available,https://www.mifarma.com.pe/producto/serum-facial-babaria-vitamina-d/319826,319826,BABARIA,algolia_public_search,2026-06-08T00:46:24.396108+00:00,,Este producto es distribuido por Inretail Pharma S.A. (Ley 32033) Cuidado Facial Sérum,,false_no_registro_sanitario
Mifarma,DHA + Vitamina D Nancare Nestlé Suspensión Oral,DHA + Vitamina D Nancare Nestlé Suspensión Oral,,77.50,PEN,available,https://www.mifarma.com.pe/producto/dha-vitamina-d-nancare-nestle-suspension-oral/319754,319754,NANCARE,algolia_public_search,2026-06-08T00:46:24.396370+00:00,,"Cada 0.31mL (8 gotas) contiene: 110mg DHA, 10ug Vitamina D. Este producto es distribuido por Inretail Pharma S.A. (Ley 32033) Multivitamínicos Para Niños",,false_no_registro_sanitario
Mifarma,Sérum Vitamin C Catrice Fresh Glow,Sérum Vitamin C Catrice Fresh Glow,,31.90,PEN,available,https://www.mifarma.com.pe/producto/serum-vitamin-c-catrice-fresh-glow/318515,318515,CATRICE,algolia_public_search,2026-06-08T00:46:24.396497+00:00,,Vitamina C Este producto es distribuido por Inretail Pharma S.A. (Ley 32033) Cuidado Facial Sérum,,false_no_registro_sanitario
Mifarma,Exfoliante Corporal Tree Hut Vitamin C,Exfoliante Corporal Tree Hut Vitamin C,,81.80,PEN,available,https://www.mifarma.com.pe/producto/exfoliante-corporal-tree-hut-vitamin-c/317250,317250,TREE HUT,algolia_public_search,2026-06-08T00:46:24.396949+00:00,,"Vitamina C Manteca de karité, vitamina C y aceites naturales. Fórmula libre de parabenos y sulfatos agresivos. Este producto es distribuido por Inretail Pharma S.A. (Ley 32033) Tree Hut es una marca de cuidado corporal que combina la riqueza de ingredientes naturales con aromas exóticos para transformar tu rutina diaria en un verdadero ritual de bienestar. Sus productos, desde exfoliantes hasta lociones hidratantes, nutren, suavizan y revitalizan la piel mientras envuelven los sentidos en fragancias inspiradas en la naturaleza, ofreciendo una experiencia sensorial única y deliciosa. Momentos de Bienestar y Placer Diario con Exfoliante Corporal Tree Hut Vitamin C Un exfoliante corporal es un producto diseñado para eliminar las células muertas de la piel, mejorando su textura y apariencia. Ideal para todo tipo de piel, ayuda a mantenerla suave, luminosa y saludable. Beneficios principales del exfoliante corporal Elimina células muertas: Limpia la capa superficial de la piel y deja un tacto suave y uniforme. Mejora la textura y luminosidad: La piel luce más fresca, radiante y rejuvenecida. Favorece la absorción de hidratantes: Potencia la eficacia de lociones, cremas y aceites corporales. Estimula la circulación: Masajear la piel activa la circulación y promueve mayor vitalidad. Descubre la suavidad y nutrición de la piel Productos formulados con extractos y aceites de origen vegetal Baño Sales y Exfoliantes",,false_no_registro_sanitario
Mifarma,Crema Facial Dhems Vitamina C,Crema Facial Dhems Vitamina C,,84.00,PEN,available,https://www.mifarma.com.pe/producto/crema-facial-dhems-vitamina-c/317193,317193,DHEMS,algolia_public_search,2026-06-08T00:46:24.397229+00:00,,"Chromocare AQUA (WATER). CYCLOHEXASILOXANE. CYCLOPENTASILOXANE. LAURYL PEG/PPG-18/18 METHICONE. ISODODECANE. SODIUM CHLORIDE BUTYLENE GLYCOL ASCORBYL GLUCOSIDE SIEGESBECKIA ORIENTALIS EXTRACT. RABDOSIA RUBESCENS EXTRACT. DIMETHICONE/BIS-ISOBU-TYL PPG-20 CROSSPOLYMER. TOCOPHERYL ACETATE, CITRIC ACID. SODIUM CITRATE, PPG-3 BENZYL ETHER MYRISTATE. ISOSTEARYL ALCOHOL DIAZOLIDINYL UREASODIUM BENZOATE. POTASSIUM SORBATE. SODIUM HYDROXIDE. TRIETHYLENE GLYCOL. CAPRYLYL GLYCOL. CETYLPYRIDINIUM CHLORIDE. ETHYL LAUROYL ARGINATE HCL. DISODIUM EDTA. PARFUM (FRAGRANCE). D-LIMONENE, LINALOOL. CITRAL. CII 5985 (FD&C YELLOW N°6). Este producto es distribuido por Inretail Pharma S.A. (Ley 32033) Cuidado Facial Crema facial",,false_no_registro_sanitario
Mifarma,Bálsamo Labial con Protección Solar Sun Bum con Aloe E y Vitamina E SPF 30,Bálsamo Labial con Protección Solar Sun Bum con Aloe E y Vitamina E SPF 30,,19.90,PEN,available,https://www.mifarma.com.pe/producto/balsamo-labial-con-proteccion-solar-sun-bum-spf-30/316366,316366,SUN BUM,algolia_public_search,2026-06-08T00:46:24.398005+00:00,,"Ingredientes activos Avobenzona (3%), Homosalato (10%), Octisalato (5%) y Octocrileno (10%). Ingredientes inactivos Aceite mineral, extracto de hoja de Aloe Barbadensis, aceite de semilla de albaricoque (Prunus Armeniaca), aceite de semilla de jojoba (Simmondsia Chinensis), aceite de almendra dulce (Prunus Amygdalus Dulcis), aceite de semilla de girasol (Helianthus Annuus), aceite de coco (Cocos Nucifera), aceite de semilla de lino (Linum Usitatissimum), aceite de palta o aguacate (Persea Gratissima), aceite de semilla de argán (Argania Spinosa), aceite de semilla de macadamia (Macadamia Ternifolia), aceite de fruto de oliva (Olea Europaea), aceite de semilla de maracuyá (Passiflora Edulis), aceite de fruto de rosa mosqueta (Rosa Canina), aceite de semilla de Camellia Oleifera, manteca de semilla de cacao (Theobroma Cacao), polvo de hoja de té verde (Camellia Sinensis), aceite de semilla de marula (Sclerocarya Birrea), aceite vegetal hidrogenado y fragancia. Vitamina E Ingredientes activos Avobenzona (3%), Homosalato (10%), Octisalato (5%) y Octocrileno (10%). Ingredientes inactivos Aceite mineral, extracto de hoja de Aloe Barbadensis, aceite de semilla de albaricoque (Prunus Armeniaca), aceite de semilla de jojoba (Simmondsia Chinensis), aceite de almendra dulce (Prunus Amygdalus Dulcis), aceite de semilla de girasol (Helianthus Annuus), aceite de coco (Cocos Nucifera), aceite de semilla de lino (Linum Usitatissimum), aceite de palta o aguacate (Persea Gratissima), aceite de semilla de argán (Argania Spinosa), aceite de semilla de macadamia (Macadamia Ternifolia), aceite de fruto de oliva (Olea Europaea), aceite de semilla de maracuyá (Passiflora Edulis), aceite de fruto de rosa mosqueta (Rosa Canina), aceite de semilla de Camellia Oleifera, manteca de semilla de cacao (Theobroma Cacao), polvo de hoja de té verde (Camellia Sinensis), aceite de semilla de marula (Sclerocarya Birrea), aceite vegetal hidrogenado y fragancia. Ingredientes activos Avobenzona (3%), Homosalato (10%), Octisalato (5%) y Octocrileno (10%). Ingredientes inactivos Aceite mineral, extracto de hoja de Aloe Barbadensis, aceite de semilla de albaricoque (Prunus Armeniaca), aceite de semilla de jojoba (Simmondsia Chinensis), aceite de almendra dulce (Prunus Amygdalus Dulcis), aceite de semilla de girasol (Helianthus Annuus), aceite de coco (Cocos Nucifera), aceite de semilla de lino (Linum Usitatissimum), aceite de palta o aguacate (Persea Gratissima), aceite de semilla de argán (Argania Spinosa), aceite de semilla de macadamia (Macadamia Ternifolia), aceite de fruto de oliva (Olea Europaea), aceite de semilla de maracuyá (Passiflora Edulis), aceite de fruto de rosa mosqueta (Rosa Canina), aceite de semilla de Camellia Oleifera, manteca de semilla de cacao (Theobroma Cacao), polvo de hoja de té verde (Camellia Sinensis), aceite de semilla de marula (Sclerocarya Birrea), aceite vegetal hidrogenado y fragancia. Cuidado Facial Protección para Labios",,false_no_registro_sanitario
Mifarma,Autobronceador B.TAN Darkest Ácido Hialurónico y Vitamina C,Autobronceador B.TAN Darkest Ácido Hialurónico y Vitamina C,,74.90,PEN,available,https://www.mifarma.com.pe/producto/autobronceador-b-tan-darkest-hialuronico-vitc/316362,316362,B.TAN,algolia_public_search,2026-06-08T00:46:24.398206+00:00,,Este producto es distribuido por Inretail Pharma S.A. (Ley 32033) Cuidado de la Piel Bloqueadores Solares Bronceador,,false_no_registro_sanitario
Mifarma,Autobronceador B.TAN Insanely Dark Ácido Hialurónico y Vitamina C,Autobronceador B.TAN Insanely Dark Ácido Hialurónico y Vitamina C,,74.90,PEN,available,https://www.mifarma.com.pe/producto/autobronceador-btan-insanely-dark-hialuronico-vitc/316361,316361,B.TAN,algolia_public_search,2026-06-08T00:46:24.398328+00:00,,Este producto es distribuido por Inretail Pharma S.A. (Ley 32033) Cuidado de la Piel Bloqueadores Solares Bronceador,,false_no_registro_sanitario
Mifarma,Protector Labial Babaria 30 SPF Vitamina E,Protector Labial Babaria 30 SPF Vitamina E,,15.90,PEN,available,https://www.mifarma.com.pe/producto/protector-labial-babaria-30-spf-vitamina-e/314612,314612,BABARIA,algolia_public_search,2026-06-08T00:46:24.398426+00:00,,VITAMINA E VITAMINA E VITAMINA E Bloqueadores Solares,,false_no_registro_sanitario
Mifarma,Sérum Martiderm Shots Vitamina C Antiox,Sérum Martiderm Shots Vitamina C Antiox,,144.00,PEN,available,https://www.mifarma.com.pe/producto/serum-martiderm-shots-vitamina-c-antiox/313212,313212,MARTIDERM,algolia_public_search,2026-06-08T00:46:24.398633+00:00,,"Vitamina C pura 15% Vitamina C pura (ácido ascórbico): Potente antioxidante que combate los radicales libres, potencia la producción de colágeno y tiene efecto iluminador. Extracto de jengibre: Contiene gingeroles con propiedades antioxidantes que combaten el daño de los radicales libres. Este producto es distribuido por Inretail Pharma S.A. (Ley 32033) Lo Mejor en Dermocosmética Tratamiento Facial Lo Mejor de Martiderm Todo en Serum Dermatológico Antiedad",,false_no_registro_sanitario
Mifarma,Contorno de Ojos Portugal Q10 Vitamina E y Retinol,Contorno de Ojos Portugal Q10 Vitamina E y Retinol,,28.50,PEN,available,https://www.mifarma.com.pe/producto/contorno-de-ojos-portugal-q10-vitamina-e-y-retinol/312535,312535,PORTUGAL,algolia_public_search,2026-06-08T00:46:24.399188+00:00,,"Acrylates /C10-30 alkyl acrylate crosspolymer, Glyceryl stearate / cetearyl alcohol / stearic acid / sodium cocoyl glutamate, Disodium EDTA, Propylene glycol, Dimethicone, Isopropyl myristate, Cetearyl ethylhexanoate, Methylsilanol mannuronate, Silanetriol (and) hyaluronic acid, Tocopheryl acetate, Aqua (water), glycerin, sorbitol, lecithin, retinyl palmitate, xanthan gum, phenoxyethanol, caprylyl glycol, disodium EDTA, glyceryl caprylate, 2-phenoxyethanol, Diazolidinyl urea, Aqua (water), glycerin, sorbitol, lecithin, thioctic acid, caprylic / capric triglyceride, ubiquinone, xanthan gum, phenoxyethanol, caprylyl glycol, disodium EDTA, glyceryl caprylate, Aqua Este producto es distribuido por Inretail Pharma S.A. (Ley 32033) Portugal es una marca peruana de Laboratorios Portugal S.R.L., con más de un siglo y medio de historia en el cuidado de la salud y la belleza.Desde su base en Arequipa, produce y distribuye a nivel nacional una amplia gama de productos farmacéuticos, cosméticos y de higiene personal, como lociones, cremas, jabones y tratamientos faciales y corporales.Reconocida por su calidad y tradición, combina fórmulas efectivas con procesos de fabricación propios, abarcando desde el desarrollo y envasado hasta la impresión y distribución, lo que le permite mantener un alto estándar y una presencia constante en el mercado peruano. Contorno de Ojos Portugal con Q10, Vitamina E y Retinol Reafirmante y Antiedad Producto de cuidado personal para la piel que cuida tu piel cada día, con vitamina e. Características del Producto Fórmula pensada para el cuidado diario Textura cómoda y fácil de aplicar Compatible con el resto de tu rutina Vitamina E con acción antioxidante Beneficios Mejora del aspecto general de la piel Sensación de confort inmediata Resultados consistentes con el uso continuo Portugal: Tradición que cuida tu piel calidad que sientes en cada uso Cuidado Facial Crema Contorno de Ojos",,false_no_registro_sanitario
Mifarma,Agua Micelar Garnier Skin Active Vitamina C,Agua Micelar Garnier Skin Active Vitamina C,,16.50,PEN,available,https://www.mifarma.com.pe/producto/agua-micelar-garnier-skin-active-vitamina-c/309786,309786,GARNIER,algolia_public_search,2026-06-08T00:46:24.399369+00:00,,Este producto es distribuido por Inretail Pharma S.A. (Ley 32033) Lo Más Pedido en Belleza Cuidado Facial Agua Micelar L'Oreal y Garnier,,false_no_registro_sanitario
Mifarma,Vitamin C Injektopas 7.5/50ml Solución Inyectable,Vitamin C Injektopas 7.5/50ml Solución Inyectable,,80.00,PEN,available,https://www.mifarma.com.pe/producto/vitamin-c-injektopas-7-5-50ml-solucion-inyectable/308771,308771,NATURMEDIZIN,algolia_public_search,2026-06-08T00:46:24.399545+00:00,,"1 vial de inyección con 50 ml de solución inyectable contiene. Ingrediente activo: Ácido ascórbico 7,5 g. Excipientes: Carbonato de sodio hidrogenado, agua para inyectable. Este producto es distribuido por Inretail Pharma S.A. (Ley 32033) Multivitamínicos Suplementos / Complementos Adulto Para Adultos",,false_no_registro_sanitario
Mifarma,Sérum Puntas Hidratadas Amarás Raíces y Puntas Felices con Extracto de Lima + Aceite de Jojoba + Vitamina E,Sérum Puntas Hidratadas Amarás Raíces y Puntas Felices con Extracto de Lima + Aceite de Jojoba + Vitamina E,,18.90,PEN,available,https://www.mifarma.com.pe/producto/serum-amaras-raices-y-puntas-felices/306377,306377,AMARÁS,algolia_public_search,2026-06-08T00:46:24.400062+00:00,,"INGREDIENTES: CYCLOPENTASILOXANE (AND) DIMETHICONOL, PARAFFINUM LIQUIDUM, CYCLOPENTASILOXANE, ISOPROPYL MYRISTATE, DIMETHICONE, C12-15 ALKYL BENZOATE, FRAGRANCE, BENZOTRIAZOLYL DODECYL P-CRESOL, LINALOOL,HEXYL CINNAMAL, LIMONENE, TOCOPHEROL, CITRUS AURANTIFOLIA (LIME) FRUIT EXTRACT, SIMMONDSIA CHINENSIS (JOJOBA) SEED OIL, CITRONELLOL,ALPHA-ISOMETHYL IONONE. Este producto es distribuido por Inretail Pharma S.A. (Ley 32033) Amarás es la nueva marca premium de la compañía peruana Alicorp, línea de cuidado capilar especialmente creado para las peruanas, una mezcla de exquisitos ingredientes de la riqueza natural de la selva peruana.Amarás ofrece varias colecciones partiendo de las necesidades y las condiciones climatológicas de nuestro país: “Reparación Divina”, diseñada para reparar el cabello dañado; “Diosa Rulosa”, para el cuidado del cabello con rizos, “Bendito Clima de Lima”, para el control del frizz y Magia Andina para la restauración intensiva y más. ¿Lista para usarlo? Sérum Puntas Hidratadas Amarás Raíces y Puntas Felices con Extracto de Lima + Aceite de Jojoba + Vitamina E Sérum puntas hidratadas para lucir un cabello sano de raíz a puntas. Contiene lo mejor que brinda la naturaleza, Extracto de Lima, Aceite de Jojoba y Vitamina E. Ideal para raíces grasas y puntas secas y no necesita enjuague. Destila naturalidad y energía durante todo el día ¡Atrévete a usarlo y lo Amarás! Shampoo y Acondicionador Cuidado del Cabello Shampoo y Acondicionadores",,false_no_registro_sanitario
Mifarma,Crema Corporal Portugal Acaricé con Vitamina E,Crema Corporal Portugal Acaricé con Vitamina E,DE-150,25.60,PEN,available,https://www.mifarma.com.pe/producto/crema-corporal-portugal-acarice-con-vitamina-e/302653,302653,PORTUGAL,algolia_public_search,2026-06-08T00:46:24.400725+00:00,,"MantecA de Karite y Vitamina E Este producto es distribuido por Inretail Pharma S.A. (Ley 32033) Laboratorios Portugal, con más de 150 años de experiencia en el mercado con más de 2000 productos; Línea Cosmética (entre las más importantes la marca Bahía, Portugal Cosmetics y Floresta), Línea de Productos Naturales, Suplementos Nutricionales, Vitaminas, Línea Farmacéutica entre otros. Encuentra tus marcas de siempre en un solo lugar. Engrie a tu Piel con la Crema Corporal Portugal Acaricé con Vitamina E Ayuda a recuperar y mantener la hidratación de la piel, devolviéndole la humedad necesaria para mantenerla suave y protegida contra la sequedad del ambiente. Además, hidrata hasta el 100% ayudando a prevenir y aliviar la sequedad de la piel. Sigue cuidando y protegiendo tu piel ¡Portugal más cerca de ti! Cremas Hidratantes Cremas Corporales",page_or_detail_regex,false_no_component_match
Mifarma,Crema Corporal Portugal Acaricé con Vitamina E,Crema Corporal Portugal Acaricé con Vitamina E,DE-150,8.90,PEN,available,https://www.mifarma.com.pe/producto/crema-corporal-portugal-acarice-con-vitamina-e/302647,302647,PORTUGAL,algolia_public_search,2026-06-08T00:46:24.401091+00:00,,"Vitamina E Este producto es distribuido por Inretail Pharma S.A. (Ley 32033) Laboratorios Portugal, con más de 150 años de experiencia en el mercado con más de 2000 productos; Línea Cosmética (entre las más importantes la marca Bahía, Portugal Cosmetics y Floresta), Línea de Productos Naturales, Suplementos Nutricionales, Vitaminas, Línea Farmacéutica entre otros. Encuentra tus marcas de siempre en un solo lugar. Engrie a tu Piel con la Crema Corporal Portugal Acaricé con Vitamina E Ayuda a recuperar y mantener la hidratación de la piel, devolviéndole la humedad necesaria para mantenerla suave y protegida contra la sequedad del ambiente. Además, hidrata hasta el 100% ayudando a prevenir y aliviar la sequedad de la piel. Sigue cuidando y protegiendo tu piel ¡Portugal más cerca de ti! Cremas Hidratantes Cremas Corporales",page_or_detail_regex,false_no_component_match
Mifarma,Crema Corporal Portugal Acaricé con Vitamina E,Crema Corporal Portugal Acaricé con Vitamina E,DE-150,19.40,PEN,available,https://www.mifarma.com.pe/producto/crema-corporal-portugal-acarice-con-vitamina-e/302646,302646,PORTUGAL,algolia_public_search,2026-06-08T00:46:24.401449+00:00,,"Vitamina E Este producto es distribuido por Inretail Pharma S.A. (Ley 32033) Laboratorios Portugal, con más de 150 años de experiencia en el mercado con más de 2000 productos; Línea Cosmética (entre las más importantes la marca Bahía, Portugal Cosmetics y Floresta), Línea de Productos Naturales, Suplementos Nutricionales, Vitaminas, Línea Farmacéutica entre otros. Encuentra tus marcas de siempre en un solo lugar. Engrie a tu Piel con la Crema Corporal Portugal Acaricé con Vitamina E Ayuda a recuperar y mantener la hidratación de la piel, devolviéndole la humedad necesaria para mantenerla suave y protegida contra la sequedad del ambiente. Además, hidrata hasta el 100% ayudando a prevenir y aliviar la sequedad de la piel. Sigue cuidando y protegiendo tu piel ¡Portugal más cerca de ti! Cremas Hidratantes Cremas Corporales",page_or_detail_regex,false_no_component_match
Mifarma,Vital vitaminado Beauty Sabor vainilla,Vital vitaminado Beauty Sabor vainilla,,99.90,PEN,available,https://www.mifarma.com.pe/producto/vital-vitaminado-beauty-sabor-vainilla/301502,301502,VITAL VITAMINADO,algolia_public_search,2026-06-08T00:46:24.401681+00:00,,"Maltodextrina, caseinato, sacarosa, inulina, concentrado de proteína de suero de leche, aceites vegetales, minerales, FOS,colágeno hidrolizado, vitaminas, colina, carragenina (espesante natural), saborizantes naturales de vainilla y crema, inositol,L-carnitina, luteína, coenzima Q10, Bifidobacterium animalis, beta-caroteno Este producto es distribuido por Inretail Pharma S.A. (Ley 32033) Suplementos / Complementos Suplementos y Vitaminas Nutrición Adulto Adulto Geriaplus y Vital Vitaminado en Varios Sabores",,false_no_registro_sanitario
Mifarma,Aceite Dr. Zaidman Baby con Aloe Vera y Vitamina E,Aceite Dr. Zaidman Baby con Aloe Vera y Vitamina E,,19.70,PEN,available,https://www.mifarma.com.pe/producto/aceite-dr-zaidman-baby-frasco-200-ml/286275,286275,DR. ZAIDMAN,algolia_public_search,2026-06-08T00:46:24.402130+00:00,,"paraffinum liquidum; isopropyl myristate; aloe barbadensis extract; tocopheryl acetate; parfum (fragrance); bht. Este producto es distribuido por Inretail Pharma S.A. (Ley 32033) Disfruta del cuidado infantil especializado con Dr. Zaidman, productos de alta calidad que brindan limpieza, tratamiento, acondicionamiento y protección para la piel y cabello del bebé. Descubre las cremas anti escaldaduras, jabones líquidos y en barra, shampoos, colonias, talcos, aceites, toallitas húmedas y más. Productos seguros con el Dr. Zaidman. Ayuda a mantener hidratado la piel de tu bebé con el Aceite Dr. Zaidman El aceite del Dr. Zaidman Baby cuenta con ingredientes de aloe vera y vitamina E, forma una película protectora que mantiene suave y lubricada la piel del bebé. Sensación natural de suavidad y tersura que otorga Dr. Zaidman Baby marca que cuida de tus bebés Cuidado de Bebés y Perfumería Aceite de Bebé",,false_no_registro_sanitario
Mifarma,Aceite Dr. Zaidman Baby con Aloe Vera y Vitamina E,Aceite Dr. Zaidman Baby con Aloe Vera y Vitamina E,,13.80,PEN,available,https://www.mifarma.com.pe/producto/aceite-dr-zaidman-baby-frasco-100-ml/286274,286274,DR. ZAIDMAN,algolia_public_search,2026-06-08T00:46:24.402485+00:00,,"paraffinum liquidum; isopropyl myristate; aloe barbadensis extract; tocopheryl acetate; parfum (fragrance); bht. Este producto es distribuido por Inretail Pharma S.A. (Ley 32033) Disfruta del cuidado infantil especializado con Dr. Zaidman, productos de alta calidad que brindan limpieza, tratamiento, acondicionamiento y protección para la piel y cabello del bebé. Descubre las cremas anti escaldaduras, jabones líquidos y en barra, shampoos, colonias, talcos, aceites, toallitas húmedas y más. Productos seguros con el Dr. Zaidman. Ayuda a mantener hidratado la piel de tu bebé con el Aceite Dr. Zaidman El aceite del Dr. Zaidman Baby cuenta con ingredientes de aloe vera y vitamina E, forma una película protectora que mantiene suave y lubricada la piel del bebé. Sensación natural de suavidad y tersura que otorga Dr. Zaidman Baby marca que cuida de tus bebés Cuidado de Bebés y Perfumería Aceite de Bebé",,false_no_registro_sanitario
Mifarma,Vitamin E 1000 UI Cápsula blanda,Vitamin E 1000 UI Cápsula blanda,A-1000UI,92.90,PEN,available,https://www.mifarma.com.pe/producto/vitamin-e-1000-ui-capsula-blanda/814334,814334,Vitamins For Life,algolia_public_search,2026-06-08T00:46:24.402662+00:00,,Acetato de DI-alfa tocoferilo 100mg (equivalente a 1000UI de vitamina E) Este producto es distribuido por Inretail Pharma S.A. (Ley 32033) Suplemento dietético RS: DE-2476 Vitaminas para Adultos Vitaminas Vitamina E,page_or_detail_regex,false_no_component_match
Mifarma,Vitamin E 400 UI Cápsula blanda,Vitamin E 400 UI Cápsula blanda,A-400,72.90,PEN,available,https://www.mifarma.com.pe/producto/vitamin-e-400-ui-capsula-blanda/814333,814333,VITAMINS FOR LIFE,algolia_public_search,2026-06-08T00:46:24.402810+00:00,,Acetato de DI-alfa tocoferilo 400mg (equivalente a 400 UI de vitamina E) Este producto es distribuido por Inretail Pharma S.A. (Ley 32033) Suplemento dietético RS: DE-0939 Vitaminas para Adultos Vitaminas Vitamina E,page_or_detail_regex,false_no_component_match
Mifarma,"Gomitas con Vitamina C, D y Zinc Caramelli - Frasco 60 UN","Gomitas con Vitamina C, D y Zinc Caramelli - Frasco 60 UN",,37.00,PEN,unavailable,https://www.mifarma.com.pe/producto/gomitas-con-vitamina-c-d-y-zinc-caramelli/800908,800908,CARAMELLI,algolia_public_search,2026-06-08T00:46:24.402993+00:00,,"Azúcar, Glucosa, Gelatina, Dextrosa, Almidón modificado, Saborizante artificial a naranja, Regulador de acidez: Ácido cítrico (SIN 330), Vitamina C (SIN 300), Colorante: Amarillo 6 (SIN 110), Sulfato de Zinc (Zinc), Vitamina D. Este producto es distribuido por Inretail Pharma S.A. (Ley 32033) Caramelo blando sabor a naranja con vitamina C, D Y Zinc. Minerales Multivitamínicos Para Niños Hierro",,false_no_registro_sanitario
Mifarma,Acondicionador Sedal Colágeno y Vitamina C,Acondicionador Sedal Colágeno y Vitamina C,DE-400,24.50,PEN,available,https://www.mifarma.com.pe/producto/acondicionador-sedal-colageno-vitamina-c-650ml/800813,800813,SEDAL,algolia_public_search,2026-06-08T00:46:24.403563+00:00,,"aqua, cetearyl alcohol, behentrimonium chloride, dimethicone, parfum, amodimethicone, gluconolactone, trehalose, disodium edta, lactic acid, sodium sulfate, argania spinosa kernel oil, hydrolyzed collagen, sodium ascorbyl phosphate, methylchloroisothiazolinone, methylisothiazolinone, benzyl salicylate, hexyl cinnamal, limonene, linalool. Este producto es distribuido por Inretail Pharma S.A. (Ley 32033) Unilever es una compañía de renombre mundial, conocida por tener más de 400 productos en el mercado de cuidado personal, industria alimentaria, perfumería, fabricación de productos de molinería, almidones, etc. Marcas reconocidas como Rexona, Axe, Dove, Savital, Ego, Sedal, Cif, Hellmann’s, Maizena y más. Asimismo, Unilever no es ajeno a los problemas que enfrenta el mundo, con su nueva estrategia afirma su gran compromiso de hacer la sustentabilidad en algo cotidiano para mejorar la salud del planeta y el bienestar de las personas. Acondicionador Sedal Colágeno y Vitamina C para un Un Cabello Deslumbrante Descubre los ingredientes expertos en el cuidado de la piel, ahora en tu cabello, la exclusiva fórmula con infusión activa que combina el colágeno + vitamina C para darle a tu cabello una hidratación profunda, regeneración y luminosidad increíble. La fórmula contiene: Colágeno conocido por aportar firmeza, ayudando a la regeneración de las fibras capilares debilitadas y vitamina C, antioxidante esencial para la producción de colágeno y potenciador de la luminosidad. Además, Sedal no testea en animales en ningún lugar del mundo. Encuentra el producto perfecto para tu cabello ¡Prueba lo Mejor de Sedal! Baño Cuidado del Cabello Acondicionador Shampoo y Acondicionadores",page_or_detail_regex,false_no_component_match
Mifarma,Acondicionador Sedal Hialurónico y Vitamina A,Acondicionador Sedal Hialurónico y Vitamina A,DE-400,24.50,PEN,available,https://www.mifarma.com.pe/producto/acondicionador-sedal-hialuronico-vitamina-a-650ml/800811,800811,SEDAL,algolia_public_search,2026-06-08T00:46:24.404156+00:00,,"aqua, cetearyl alcohol, behentrimonium chloride, dimethicone, parfum, amodimethicone, disodium edta, cocos nucifera oil, retinyl palmitate, methylchloroisothiazolinone, hydrolyzed silk, methylisothiazolinone, hydrolyzed hyaluronic acid, benzyl salicylate, citronellol, geraniol, hexyl cinnamal, limonene, linalool Este producto es distribuido por Inretail Pharma S.A. (Ley 32033) Unilever es una compañía de renombre mundial, conocida por tener más de 400 productos en el mercado de cuidado personal, industria alimentaria, perfumería, fabricación de productos de molinería, almidones, etc. Marcas reconocidas como Rexona, Axe, Dove, Savital, Ego, Sedal, Cif, Hellmann’s, Maizena y más. Asimismo, Unilever no es ajeno a los problemas que enfrenta el mundo, con su nueva estrategia afirma su gran compromiso de hacer la sustentabilidad en algo cotidiano para mejorar la salud del planeta y el bienestar de las personas. Acondicionador Sedal Hialurónico y Vitamina A para un Un Cabello Deslumbrante Descubre los ingredientes expertos en el cuidado de la piel, ahora en tu cabello la exclusiva fórmula con infusión activa que combina ácido hialurónico y vitamina A, para darle a tu cabello una hidratación profunda y ayudar a combatir el frizz. La fórmula contiene: Ácido hialurónico, ingrediente experto en brindar hidratación profunda y vitamina A, conocida por ayudar a fortalecer el cabello para un crecimiento saludable. Además, Sedal no testea en animales en ningún lugar del mundo. Encuentra el producto perfecto para tu cabello ¡Prueba lo Mejor de Sedal! Baño Cuidado del Cabello Acondicionador Shampoo y Acondicionadores",page_or_detail_regex,false_no_component_match
Mifarma,Shampoo Sedal Colágeno y Vitamina C,Shampoo Sedal Colágeno y Vitamina C,DE-400,24.50,PEN,available,https://www.mifarma.com.pe/producto/shampoo-sedal-colageno-vitamina-c-650ml/800809,800809,SEDAL,algolia_public_search,2026-06-08T00:46:24.404799+00:00,,"aqua, sodium laureth sulfate, sodium chloride, cocamidopropyl betaine, glycerin, dimethiconol, parfum, sodium benzoate, glycol distearate, carbomer, citric acid, guar hydroxypropyltrimonium chloride, cocamide mea, disodium edta, mica, peg-45m, titanium dioxide, gluconolactone, hydrolyzed collagen, sodium ascorbyl phosphate, sodium sulfate, trehalose, sodium hydroxide, argania spinosa kernel oil, benzyl salicylate, hexyl cinnamal, limonene, linalool Este producto es distribuido por Inretail Pharma S.A. (Ley 32033) Unilever es una compañía de renombre mundial, conocida por tener más de 400 productos en el mercado de cuidado personal, industria alimentaria, perfumería, fabricación de productos de molinería, almidones, etc. Marcas reconocidas como Rexona, Axe, Dove, Savital, Ego, Sedal, Cif, Hellmann’s, Maizena y más. Asimismo, Unilever no es ajeno a los problemas que enfrenta el mundo, con su nueva estrategia afirma su gran compromiso de hacer la sustentabilidad en algo cotidiano para mejorar la salud del planeta y el bienestar de las personas. Shampoo Sedal Colágeno y Vitamina C para un Un Cabello Deslumbrante Descubre los ingredientes expertos en el cuidado de la piel, ahora en tu cabello, la exclusiva fórmula con infusión activa que combina el colágeno + vitamina C para darle a tu cabello una hidratación profunda, regeneración y luminosidad increíble. La fórmula contiene: Colágeno conocido por aportar firmeza, ayudando a la regeneración de las fibras capilares debilitadas y vitamina C, antioxidante esencial para la producción de colágeno y potenciador de la luminosidad. Además, Sedal no testea en animales en ningún lugar del mundo. Encuentra el producto perfecto para tu cabello ¡Prueba lo Mejor de Sedal! Baño Cuidado del Cabello Shampoo y Acondicionadores Shampoo",page_or_detail_regex,false_no_component_match
Mifarma,Jabón en Gel SkinLab Lift & Firm Microesferas de Vitamina E,Jabón en Gel SkinLab Lift & Firm Microesferas de Vitamina E,,79.90,PEN,available,https://www.mifarma.com.pe/producto/jabon-en-gel-skinlab-lift-firm-vitamina-e/800290,800290,SKINLAB,algolia_public_search,2026-06-08T00:46:24.405711+00:00,,"Colageno Este producto es distribuido por Inretail Pharma S.A. (Ley 32033) Jabón en Gel SkinLab Lift & Firm Microesferas de Vitamina E Nuestro gel limpiador facial de uso diario elimina eficazmente las impurezas y residuos que se acumulan en los poros, proporcionando una limpieza profunda del rostro sin resecar la piel. Su fórmula suave contiene esferas de Vitamina E que se liberan durante el enjuague, ayudando a hidratar, proteger y revitalizar la piel mientras limpian. Remueve suciedad, grasa y residuos de maquillaje Limpia profundamente los poros Hidrata y suaviza la piel Ayuda a renovar la apariencia del rostro Apto para todo tipo de piel Este limpiador facial suave y eficaz deja la piel fresca, luminosa y preparada para los siguientes pasos de tu rutina de cuidado facial. Protege la piel más fina y frágil del contorno de ojos Encuentra todos los productos de SkinLab en inkafarma Baño Jabones Jabones Gel de Ducha",,false_no_registro_sanitario
Mifarma,Crema Facial Babaria Vitamina C,Crema Facial Babaria Vitamina C,,36.00,PEN,available,https://www.mifarma.com.pe/producto/crema-facial-babaria-vitamina-c-50-ml/548831,548831,BABARIA,algolia_public_search,2026-06-08T00:46:24.405907+00:00,,Este producto es distribuido por Inretail Pharma S.A. (Ley 32033) La crema facial Babaria te brinda tratamiento y cuidado para tu piel. Brillo y luminosidad gracias a su fórmula que combina ativos de la Vitamina C y vitamina E por su poder antioxidante. Protección contra la luz azul. Lo Más Pedido en Belleza Cuidado Facial Cuidado Facial en Todas las Marcas Crema facial,,false_no_registro_sanitario
Mifarma,Jabones Johnson's Cremoso con Aloe y Vitamina E,Jabones Johnson's Cremoso con Aloe y Vitamina E,,13.60,PEN,available,https://www.mifarma.com.pe/producto/jabones-johnsons-cremoso-aloe-y-vitamina-e/547181,547181,JOHNSON'S BABY,algolia_public_search,2026-06-08T00:46:24.406061+00:00,,Este producto es distribuido por Inretail Pharma S.A. (Ley 32033) El Jabón JOHNSON'S contiene agentes hidratantes e ingredientes naturales que cuidan y protegen de tu piel. Dermatológicamente probado. Baño Jabones Jabón en Barra Jabones,,false_no_registro_sanitario
Mifarma,Serum Facial Babaria Vitamina C,Serum Facial Babaria Vitamina C,,40.00,PEN,available,https://www.mifarma.com.pe/producto/serum-facial-babaria-vitamina-c-30ml/538042,538042,BABARIA,algolia_public_search,2026-06-08T00:46:24.406416+00:00,,"Este producto es distribuido por Inretail Pharma S.A. (Ley 32033) Explora y disfruta de protección, belleza, cuidado, salud, bienestar, armonía y equilibrio con Babaria. Sus productos fueron diseñados especialmente para brindarte eficacia, calidad y cosmética facial, corporal y capilar. Desde 1981 brindándote cuidado para tu piel y cabello para todas y todos en la familia. Tratamiento y cuidado de la piel con Babaria Serum Facial Vitamina C El serum facial Babaria antioxidante te brinda cuidado para tu piel y luminosidad. Su fórmula con vitamina C protege frente a la Luz Azul proveniente de los dispositivos móviles, y frente a la polución, además estimula la síntesis de Ácido Hialurónico y del Colágeno natural de la piel, mejorando la flexibilidad. También inhibe la glicación, por lo que tiene un efecto antiedad. Aumenta el brillo de la piel y reduce las manchas por la edad. Y junto con la Vitamina E, hacen sinergia sus efectos antioxidantes y disminuyen los radicales libres. Lo Más Pedido en Belleza Cuidado Facial Cuidado Facial en Todas las Marcas Crema facial",,false_no_registro_sanitario
Mifarma,Shampoo Johnson's NF Fuerza y Vitamina,Shampoo Johnson's NF Fuerza y Vitamina,,31.80,PEN,available,https://www.mifarma.com.pe/producto/shampoo-johnsons-nf-fuerza-y-vitamina/529585,529585,JOHNSON'S BABY,algolia_public_search,2026-06-08T00:46:24.406909+00:00,,"Este producto es distribuido por Inretail Pharma S.A. (Ley 32033) Bienvenido a la aventura más gratificante de la vida, en la que cada momento con tu bebé se vuelve especial y se convierte en una experiencia maravillosa. Todos los productos Johnson's Baby están elaborados para cada etapa, edad y especializados para el mejor cuidado y protección de tu bebé. Descubre todo de Johnson's en Inkafarma, pureza que inspira. Higiene y Cuidado Capilar con Johnson's Shampoo NF Fuerza y Vitamina La línea johnson's Fuerza y Vitamina realza la fuerza natural del cabello en desarrollo, ayudando a prevenir los quiebres. Descubre Toda la Línea Johnson's que Cuida la Piel de tu Bebé Productos para el aseo y cuidado en Inkafarma Acondicionador Johnson's Gotas de Brillo Ayuda a realzar naturalmente el color del cabello claro de tu bebé. Exclusiva fórmula no más lágrimas y sin alcohol. Jabón Cremoso Johnson's Baby Original Ayuda con la higiene y cuidado de la piel, con fórmula ligera que limpia suavemente la piel de tu bebé. Aceite para Bebé Johnson's Baby Ayuda a remover costras, durezas de la cabecita y orejitas de tu bebé. Hidratación natural de la piel con Johnson's. Aseo Bebé / Niños Shampoo para Niños",,false_no_registro_sanitario
Mifarma,Acondicionador Johnson's NF Fuerza y Vitamina,Acondicionador Johnson's NF Fuerza y Vitamina,,31.80,PEN,available,https://www.mifarma.com.pe/producto/acondicionador-johnsons-nf-fuerza-y-vitamina/529567,529567,JOHNSON'S BABY,algolia_public_search,2026-06-08T00:46:24.407263+00:00,,"Este producto es distribuido por Inretail Pharma S.A. (Ley 32033) Bienvenido a la aventura más gratificante de la vida, en la que cada momento con tu bebé se torna especial y se convierte en una experiencia maravillosa. Los productos Johnsons te invitan a que cada momento compartido con tu bebé es una oportunidad para darle mucho más: más contacto, más estimulación y más estimulación, logrando en tu bebé un desarrollo más saludable. Hidratación y cuidado capilar con Johnson's Acondicionador NF Hidratación Intensa Especialmente formulado para lavar el pelo delicado de los niños de manera suave, eficaz y segura. Su exclusiva fórmula No Más Lágrimas, no irrita los ojos ni la piel de tu niño, es de uso diario y está enriquecido con Aloe y Vitamina E. El uso de toda la línea proporciona hidratación intensa al pelo. Baño Cuidado del Cabello Acondicionador Shampoo y Acondicionadores",,false_no_registro_sanitario
Mifarma,Crema Tratamiento Antioxidante La Roche Posay Pure Vitamina C,Crema Tratamiento Antioxidante La Roche Posay Pure Vitamina C,,176.90,PEN,available,https://www.mifarma.com.pe/producto/redermic-hyaluc-c-la-roche-posay-40ml/578304,578304,LA ROCHE-POSAY,algolia_public_search,2026-06-08T00:46:24.407855+00:00,,"Vitamina C pura Contiene Ácido Hialurónico: Proporciona un efecto de relleno. Vitamina C, estimula la producción de colágeno. Manosa: Redensifica la piel. Este producto es distribuido por Inretail Pharma S.A. (Ley 32033) La Roche-Posay cuenta con productos revolucionarios y soluciones personalizadas para las necesidades de cada tipo de piel. Además, ofrece completas líneas de productos para el cuidado de la piel y maquillajes para tu rostro. Productos probados 100 % contra alergias y en cada piel sensible. Tratamiento y Cuidado para tu piel con la Crema Tratamiento Antioxidante La Roche Posay Pure Vitamina Ccon Crema que ayuda a reafirmar, hidratar e iluminar el rostro y minimizar arrugas en el rostro. Ideal para todas las pieles, especialmente sensibles, que presenten arrugas profundas y falta de firmeza y elasticidad de la piel. Descubre todo los productos de La Roche Posay Productos efectivos con Vitamina C Sérum Antioxidante La Roche Posay Pure Vitamina C10 Formulado con un 10% de vitamina C pura para iluminar y reafirmar la piel. Contiene ácido salicílico que ayuda a incrementar la penetración de vitamina C para una mayor eficacia y neurosensina calmante. Todo ello formulado a un pH fisiológico, que lo hace apto incluso para una piel sensible. Crema Contorno de Ojos Antioxidante La Roche Posay Pure Vitamina C Crema para reafirmar e iluminar el contorno de los ojos y minimizar las arrugas. Contiene Vitamina C al 5% que estimula la producción de colágeno. Además, es ideal para todas las pieles, especialmente sensibles, que presenten arrugas profundas y falta de firmeza y elasticidad de la piel. Testeado oftalmológicamente. Lo Mejor en Dermocosmética Tratamiento Facial La Roche Posay + Regalo Antiedad",,false_no_registro_sanitario
Mifarma,Pack Cosheal Lively Vitamina C Rutina Esencial,Pack Cosheal Lively Vitamina C Rutina Esencial,,187.60,PEN,available,https://www.mifarma.com.pe/producto/pack-cosheal-lively-vitamina-c-rutina-esencial/PACKDB771,PACKDB771,COSHEAL,algolia_public_search,2026-06-08T00:46:24.409073+00:00,,"Sérum Ampolla Vita C Cosheal: Water, Butylene Glycol, 1,2-Hexanediol, Niacinamide, Aloe Barbadensis Leaf Juice, Trehalose, Sodium Acrylate/Sodium Acryloyldimethyl Taurate Copolymer, Glycerin, Arginine, Isohexadecane, Acrylates/C10-30 Alkyl Acrylate Crosspolymer, Allantoin, Xanthan Gum, Biosaccharide Gum-1, Fragrance, Ethylhexylglycerin, Polysorbate 80, Sodium Chondroitin Sulfate, Sodium Hyaluronate, Disodium EDTA, Glyceryl Caprylate, Sorbitan Oleate, Dipotassium Glycyrrhizate, Oryza sativa (Rice) callus culture extract, Solanum Lycopersicum (Tomato) Callus Culture Extract, Citric Acid, Potassium Sorbate, 3-O-Ethyl Ascorbic Acid, Sodium Benzoate, Alcohol, Achillea Millefolium Extract, Alchemilla Vulgaris Extract, Malva Sylvestris (Mallow) Extract, Melissa Officinalis Leaf Extract, Mentha Piperita (Peppermint) Leaf Extract, Primula Veris Extract, Veronica Officinalis Extract, Polysorbate 20, Lecithin, Sodium Hydroxide, Nicotinoyl Hexapeptide-44, sh-Oligopeptide-1, sh-Polypeptide-1, sh-Polypeptide-16, sh-Polypeptide-4, Sodium Levulinate, p-Anisic Acid Crema Iluminadora Cosheal: Water, Glycerin, Butylene Glycol, Ethylhexyl Pelargonate, Hydrogenated Polydecene, Cetyl Ethylhexanoate, Cetearyl Alcohol, Niacinamide, Caprylic/Capric Triglyceride, Glyceryl Stearate, Polysorbate 60, Cetearyl Olivate, Dimethicone, Sorbitan Olivate, Sorbitan Sesquioleate, Carbomer, Arginine, 1,2-Hexanediol, Caprylhydroxamic Acid, Tocopheryl Acetate, Allantoin, Fragrance, Boswellia Serrata Resin Extract, Sodium Hyaluronate, Disodium EDTA, Solanum Lycopersicum (Tomato) Callus Culture Extract, Oryza Sativa (Rice) Callus Culture Extract, Ethylhexylglycerin, Primula Veris Extract, Mentha Piperita (Peppermint) Leaf Extract, Veronica Officinalis Flower/Leaf/Stem Extract, Achillea Millefolium Extract, Alchemilla Vulgaris Extract, Melissa Officinalis Leaf Extract, Malva Sylvestris (Mallow) Flower/Leaf/Stem Extract, Citric Acid, Polysorbate 20, Lecithin, Nicotinoyl Hexapeptide-44, sh-Oligopeptide-1, sh-Polypeptide-4, sh-Polypeptide-16, sh-Polypeptide-1 Este producto es distribuido por Inretail Pharma S.A. (Ley 32033) COSHEAL es la primera marca dermocosmética coreana en el Perú respaldada por estudios científicos que transforman tu piel. Como marca cosmética profesional, COSHEAL combina fórmulas avanzadas con un exclusivo complejo de péptidos patentado y extractos naturales de plantas, ofreciendo soluciones efectivas y personalizadas para el cuidado integral de la piel. Sérum Ampolla Vita C Rutina Esencial Cosheal serum facial iluminador está formulado para combatir la hiperpigmentación, manchas oscuras y opacidad de la piel . Su potente combinación de Vitamina C y Vitamina B3 (Niacinamida) ayuda a iluminar la piel, unificar el tono y dejar un acabado más brillante y cristalino. Ideal para pieles afectadas por acné, daño solar o marcas hormonales , este serum actúa sobre todos los tipos de acné, incluyendo espinillas, acné quístico y hormonal, para reducir la apariencia de manchas y mejorar la luminosidad. Ingredientes clave Complejo GIGA BLANCO: exclusivo para potenciar el blanqueamiento dermocosmético Vitamina C: antioxidante que ilumina y protege la piel Vitamina B3 (Niacinamida): unifica el tono y reduce manchas oscuras Ácido Hialurónico: hidrata profundamente y mantiene la piel flexible Beneficios principales Ilumina la piel opaca y cansada Reduce visiblemente la hiperpigmentación y marcas de acné Hidrata y mejora la elasticidad Protege contra radicales libres con efecto antioxidante Unifica el tono y aporta luminosidad natural Deja la piel más clara, radiante y saludable Nuestra crema facial coreana está diseñada para iluminar, reafirmar y mejorar el tono de la piel , siendo especialmente efectiva para tratar manchas, hiperpigmentación y signos del envejecimiento . Su fórmula rica en nutrientes mantiene la piel hidratada, suave y protegida, fortaleciendo la barrera de humedad. Esta crema ofrece una solución integral para combatir la hiperpigmentación, marcas de acné y falta de luminosidad, potenciando un efecto blanqueador que deja la piel visiblemente más luminosa y uniforme. Ingredientes clave Complejo GIGA BLANCO: exclusivo para potenciar el efecto iluminador y blanqueador Vitamina C: antioxidante que ilumina y protege la piel Vitamina B3 (Niacinamida): unifica el tono y ayuda a reducir manchas oscuras Ácido Hialurónico: hidrata profundamente y mejora la elasticidad Beneficios principales Ilumina y unifica el tono de la piel Reduce visiblemente manchas y marcas de acné Reafirma y mejora la elasticidad de la piel Hidratación profunda y duradera Efecto antioxidante que protege contra signos de envejecimiento Textura ligera y de rápida absorción Tratamientos faciales y corporales COSHEAL ofrece resultados visibles Packs de Belleza",,false_no_registro_sanitario
Mifarma,Eau de Toilette Victorio & Lucchino Aguas Frutales Vitamina Cítrica Nº18,Eau de Toilette Victorio & Lucchino Aguas Frutales Vitamina Cítrica Nº18,,60.70,PEN,available,https://www.mifarma.com.pe/producto/eau-de-toilette-victorio-lucchino-aguas-frutales-vitamina-citrica/309530,309530,V&L,algolia_public_search,2026-06-08T00:46:24.409339+00:00,,Este producto es distribuido por Inretail Pharma S.A. (Ley 32033) Fragancias para Ella,,false_no_registro_sanitario
Mifarma,Pack Biotin 800mcg + Vitamina E 400UI 100 Softg + Colágeno 1500 Mason Natural,Pack Biotin 800mcg + Vitamina E 400UI 100 Softg + Colágeno 1500 Mason Natural,E-400,240.60,PEN,available,https://www.mifarma.com.pe/producto/pack-biotin-vitamina-e-colageno-mason-natural/PACKNT149,PACKNT149,MASON,algolia_public_search,2026-06-08T00:46:24.409572+00:00,,"Biotin: BIOTINA (D-BIOTINA) 800 mcg, CALCIO (FOSFATO DICÁLCICO) 62mg. Vitamina E 400: Vitamina E 400UI. Colágeno: BIOTINA 1% 800 mcg, ÁCIDO ASCÓRBICO (VITAMINA C 99%) 50 mg, COLAGENO HIDROLIZADO 500 mg Este producto es distribuido por Inretail Pharma S.A. (Ley 32033) Vitaminas Suplementos Nutricionales Suplementos y Vitaminas Packs de Nutrición y Bienestar Busca tu Marca de Colágeno Ideal Vitamina E Colágenos Vitamina B",page_or_detail_regex,false_no_component_match
Mifarma,Pack Calcium Citrato 500mg + Vitamina B-12 1000mcg Mason Natural,Pack Calcium Citrato 500mg + Vitamina B-12 1000mcg Mason Natural,,179.90,PEN,available,https://www.mifarma.com.pe/producto/pack-calcium-citrato-vitamina-b-12-mason-natural/PACKNT143,PACKNT143,MASON,algolia_public_search,2026-06-08T00:46:24.409730+00:00,,Calcium Citrato: Vitamina D3 200UI y Calcio 315mg. Vitamina B-12: Vitamina B12 1000mcg Este producto es distribuido por Inretail Pharma S.A. (Ley 32033) Vitaminas para Adultos Vitaminas Packs de Nutrición y Bienestar Vitamina B Vitamina D,,false_no_registro_sanitario
Mifarma,Pack Vitamina D 400 + Saw Palmetto Prost Comf Mason Natural,Pack Vitamina D 400 + Saw Palmetto Prost Comf Mason Natural,,185.70,PEN,available,https://www.mifarma.com.pe/producto/pack-vitamina-d-400-saw-palmetto-mason-natural/PACKNT142,PACKNT142,MASON,algolia_public_search,2026-06-08T00:46:24.409926+00:00,,"Vitamina D 400: Vitamina D3 400UI. aw Palmetto Prost Comf: SAW PALMETTO 160 mg Este producto es distribuido por Inretail Pharma S.A. (Ley 32033) Indicado en profilaxis y tratamiento del déficit de vitamina D, como resultado de nutrición inadecuada, mala absorción intestinal, o por falta de exposición solar. Vitaminas para Adultos Sistema Renal/ Reproductor Vitaminas Packs de Nutrición y Bienestar Problemas Reproductor Masculino Vitamina D",,false_no_registro_sanitario
Mifarma,Pack 02 Vitamina D 400 Mason Natural,Pack 02 Vitamina D 400 Mason Natural,,107.80,PEN,available,https://www.mifarma.com.pe/producto/pack-02-vitamina-d-400-mason-natural/PACKNT130,PACKNT130,MASON,algolia_public_search,2026-06-08T00:46:24.410100+00:00,,"Vitamina D3 400UI Este producto es distribuido por Inretail Pharma S.A. (Ley 32033) Indicado en profilaxis y tratamiento del déficit de vitamina D, como resultado de nutrición inadecuada, mala absorción intestinal, o por falta de exposición solar. Vitaminas para Adultos Vitaminas Packs de Nutrición y Bienestar Vitamina D",,false_no_registro_sanitario
Mifarma,Pack Cluny Crema para Manos Antiedad Q10 Vitamina E + Crema Corporal Aclarante,Pack Cluny Crema para Manos Antiedad Q10 Vitamina E + Crema Corporal Aclarante,,26.80,PEN,available,https://www.mifarma.com.pe/producto/pack-cluny-crema-manos-corporal/PACKDB804,PACKDB804,CLUNY,algolia_public_search,2026-06-08T00:46:24.410578+00:00,,"Crema para Manos Antiedad Cluny Q10 + Vitamina E: Q10 y Vitamina E: Reconocidos antioxidantes, que favorecen una mejor defensa de la piel contra las agresiones externas.Aceite de Almendra y Glicerina: Que cuentan con propiedades hidratantes y ayuda a prevenir los signos de la edad como manchas y arrugas.Filtros Solares: Que ayuda a disminuir la apariencia del envejecimiento prematuro provocado por la radiación solar Crema Corporal Aclarante Cluny: Con Manteca de Karité y Vitamina E Este producto es distribuido por Inretail Pharma S.A. (Ley 32033) Disfruta del mejor cuidado y belleza para tu piel y cabello que solo Cluny puede brindarte. Tratamientos intensivos capilares, higiene, hidratación, fragancias corporales y mucho más. Cluny brinda una línea de productos innovadores para cada una de sus necesidades y bienestar. Adaptándose a satisfacer las necesidades de la mujer de hoy. Pack Cluny Crema para Manos Antiedad Q10 Vitamina E + Crema Corporal Aclarante La crema de manos anti edad de Cluny, brinda una rápida absorción y está enriquecida con Q10 y vitamina E. Cuenta con aceites de almendras, glicerina y filtros Solares que ayudan a rejuvenecer y reafirmar la piel. Crema Corporal Aclarante Cluny, cuenta con un reconocido antioxidante de la Vitamina E, que favorece a una mejor defensa de la piel contra las agresiones externas. Es un producto libre de parabenos y dermatológicamente testado. El mejor cuidado para tus manos y cuerpo Packs de Belleza",,false_no_registro_sanitario
Mifarma,Pack Cluny Vitamina C + Crema Antiedad + Agua Micelar con Ácido Hialurónico + Discos Desmaquillantes,Pack Cluny Vitamina C + Crema Antiedad + Agua Micelar con Ácido Hialurónico + Discos Desmaquillantes,,73.60,PEN,available,https://www.mifarma.com.pe/producto/pack-cluny-vit-c-crema-antiedad-agua-micelar-ac-hialu-discos-desmaquillantes/PACKDB537,PACKDB537,CLUNY,algolia_public_search,2026-06-08T00:46:24.410806+00:00,,"Agua Micelar Cluny con Ácido Hialurónico: Ácido Hialurónico, Glicerina, Tensioactivos. Discos Desmaquillantes BIU Extra Suaves: 100% algodón Crema Facial AntiEdad Cluny: Colágeno Sérum Facial Cluny Vitamina C y Ácido Hialurónico: Vitamina C, Ácido hialurónico, Filtro UV Este producto es distribuido por Inretail Pharma S.A. (Ley 32033) Packs de Belleza",,false_no_registro_sanitario
Mifarma,Pack Cluny Vitamina C + Crema Aclarante + Agua Micelar con Ácido Hialurónico + Discos Desmaquillantes,Pack Cluny Vitamina C + Crema Aclarante + Agua Micelar con Ácido Hialurónico + Discos Desmaquillantes,,73.60,PEN,available,https://www.mifarma.com.pe/producto/pack-cluny-vit-c-crema-aclarante-agua-micelar-ac-hialu-discos-desmaquillantes/PACKDB536,PACKDB536,CLUNY,algolia_public_search,2026-06-08T00:46:24.410984+00:00,,"Agua Micelar Cluny con Ácido Hialurónico: Ácido Hialurónico, Glicerina, Tensioactivos. Discos Desmaquillantes BIU Extra Suaves: 100% algodón Sérum Facial Cluny Vitamina C y Ácido Hialurónico: Vitamina C, Ácido hialurónico, Filtro UV Este producto es distribuido por Inretail Pharma S.A. (Ley 32033) Packs de Belleza",,false_no_registro_sanitario
Mifarma,Pack Cluny Vitamina C + Crema Humectante + Agua Micelar con Ácido Hialurónico + Discos Desmaquillantes,Pack Cluny Vitamina C + Crema Humectante + Agua Micelar con Ácido Hialurónico + Discos Desmaquillantes,,73.60,PEN,available,https://www.mifarma.com.pe/producto/pack-cluny-vit-c-crema-humectante-agua-micelar-ac-hialu-desmaquillantes/PACKDB535,PACKDB535,CLUNY,algolia_public_search,2026-06-08T00:46:24.411168+00:00,,"Agua Micelar Cluny con Ácido Hialurónico: Ácido Hialurónico, Glicerina, Tensioactivos. Discos Desmaquillantes BIU Extra Suaves: 100% algodón Crema Facial Humectante Cluny: Ácido Hialurónico Sérum Facial Cluny Vitamina C y Ácido Hialurónico: Vitamina C, Ácido hialurónico, Filtro UV Este producto es distribuido por Inretail Pharma S.A. (Ley 32033) Packs de Belleza",,false_no_registro_sanitario
Mifarma,Pack Cluny Vitamina C + Crema Antiedad + Agua Micelar + Discos Desmaquillantes,Pack Cluny Vitamina C + Crema Antiedad + Agua Micelar + Discos Desmaquillantes,,70.60,PEN,available,https://www.mifarma.com.pe/producto/pack-cluny-vitamina-c-crema-antiedad-agua-micelar-discos-desmaquillantes/PACKDB525,PACKDB525,CLUNY,algolia_public_search,2026-06-08T00:46:24.411363+00:00,,"Agua Micelar Facial Cluny: Aloe Vera: que cuenta con propiedades hidratantes y mejora el aspecto de la piel dejándola suave. Discos Desmaquillantes BIU Extra Suaves: 100% algodón Crema Facial AntiEdad Cluny: Colágeno Sérum Facial Cluny Vitamina C y Ácido Hialurónico: Vitamina C, Ácido hialurónico, Filtro UV Este producto es distribuido por Inretail Pharma S.A. (Ley 32033) Packs de Belleza",,false_no_registro_sanitario
Mifarma,Pack Cluny Vitamina C + Crema Aclarante + Agua Micelar + Discos Desmaquillantes,Pack Cluny Vitamina C + Crema Aclarante + Agua Micelar + Discos Desmaquillantes,,70.60,PEN,available,https://www.mifarma.com.pe/producto/pack-cluny-vit-c-crema-aclarante-agua-micelar-desmaquillantes/PACKDB524,PACKDB524,CLUNY,algolia_public_search,2026-06-08T00:46:24.411567+00:00,,"Agua Micelar Facial Cluny: Aloe Vera: que cuenta con propiedades hidratantes y mejora el aspecto de la piel dejándola suave. Discos Desmaquillantes BIU Extra Suaves: 100% algodón Sérum Facial Cluny Vitamina C y Ácido Hialurónico: Vitamina C, Ácido hialurónico, Filtro UV Este producto es distribuido por Inretail Pharma S.A. (Ley 32033) Packs de Belleza",,false_no_registro_sanitario
Mifarma,Pack Cluny Vitamina C + Crema Humectante + Agua Micelar + Discos Desmaquillantes,Pack Cluny Vitamina C + Crema Humectante + Agua Micelar + Discos Desmaquillantes,,70.60,PEN,available,https://www.mifarma.com.pe/producto/pack-cluny-vit-c-crema-humec-agua-micelar-desmaquillantes/PACKDB523,PACKDB523,CLUNY,algolia_public_search,2026-06-08T00:46:24.411766+00:00,,"Agua Micelar Facial Cluny: Aloe Vera: que cuenta con propiedades hidratantes y mejora el aspecto de la piel dejándola suave. Discos Desmaquillantes BIU Extra Suaves: 100% algodón Crema Facial Humectante Cluny: Ácido Hialurónico Sérum Facial Cluny Vitamina C y Ácido Hialurónico: Vitamina C, Ácido hialurónico, Filtro UV Este producto es distribuido por Inretail Pharma S.A. (Ley 32033) Packs de Belleza",,false_no_registro_sanitario
Mifarma,Pack Anti-Manchas Cluny Agua Micelar + Crema Aclarante + Sérum Vitamina C,Pack Anti-Manchas Cluny Agua Micelar + Crema Aclarante + Sérum Vitamina C,,63.70,PEN,available,https://www.mifarma.com.pe/producto/pack-cluny-agua-micelar-crema-aclarante-vitamina-c/PACKDB213,PACKDB213,CLUNY,algolia_public_search,2026-06-08T00:46:24.412261+00:00,,"Agua Micelar Facial Cluny:Aloe Vera: que cuenta con propiedades hidratantes y mejora el aspecto de la piel dejándola suave.Crema Facial Anti-Edad Cluny:ColágenoSérum Facial Cluny Vitamina C y Ácido Hialurónico:Vitamina C, Ácido hialurónico, Filtro UV Este producto es distribuido por Inretail Pharma S.A. (Ley 32033) Disfruta del mejor cuidado y belleza para tu piel y cabello que solo Cluny puede brindarte. Tratamientos intensivos capilares, higiene, hidratación, fragancias corporales y mucho más. Cluny brinda una línea de productos innovadores para cada una de sus necesidades y bienestar. Adaptándose a satisfacer las necesidades de la mujer de hoy. Purifica tu rostro con el Pack Anti-Manchas Cluny Agua Micelar + Crema Aclarante + Sérum Vitamina C Agua Micelar Facial Cluny: El agua micelar Cluny 5 en 1, actúa limpiando profundamente y mejorando la apariencia de tu rostro. Elimina el maquillaje, las células muertas y el exceso de la grasa en la piel. Crema Facial Anti-Edad Cluny: La Crema facial Anti-Edad, ayuda a minimizar las líneas de expresión que son causadas por la pérdida del colágeno. Es un producto libre de parabenos y dermatológicamente testado. Sérum Facial Cluny Vitamina C y Ácido Hialurónico: Atenúa las manchas de la piel y aporta un extra de hidratación y luminosidad. Cuenta con textura fresca, ligera y de fácil absorción. además, es antioxidante y fotoprotector. Con la nueva línea facial sérum de cluny experimenta una piel más luminosa, brillante y perfecta. tu rutina ideal ¡Reafirma tu belleza con Cluny! Packs de Belleza Cuidado Facial Agua Micelar Sérum Crema facial",,false_no_registro_sanitario
Mifarma,Crema Gel Vitamina C Institut Esthederm Intensive,Crema Gel Vitamina C Institut Esthederm Intensive,,259.00,PEN,available,https://www.mifarma.com.pe/producto/crema-gel-vitamina-c-esthederm-intensive/325793,325793,INSTITUT ESTHEDERM,algolia_public_search,2026-06-08T00:46:24.412427+00:00,,Este producto es distribuido por Inretail Pharma S.A. (Ley 32033) Tratamiento Facial Hidratación,,false_no_registro_sanitario
Mifarma,Concentrado Vitamina C2 Institut Esthederm Intensive,Concentrado Vitamina C2 Institut Esthederm Intensive,,175.00,PEN,available,https://www.mifarma.com.pe/producto/concentrado-c2-esthederm-intensive/325788,325788,INSTITUT ESTHEDERM,algolia_public_search,2026-06-08T00:46:24.412558+00:00,,Este producto es distribuido por Inretail Pharma S.A. (Ley 32033) Tratamiento Facial Hidratación,,false_no_registro_sanitario
Mifarma,Loción Corporal Babaria Vitamin C,Loción Corporal Babaria Vitamin C,,26.90,PEN,available,https://www.mifarma.com.pe/producto/locion-corporal-babaria-vitamin-c/323548,323548,BABARIA,algolia_public_search,2026-06-08T00:46:24.412996+00:00,,"VITAMINA C Este producto es distribuido por Inretail Pharma S.A. (Ley 32033) La marca Babaria es originaria de España. Fue fundada en Valencia y es reconocida por desarrollar productos de cuidado personal, skincare, cuidado capilar y protección solar con fórmulas inspiradas en ingredientes naturales como aloe vera, rosa mosqueta, coco y aceite de oliva.Babaria se caracteriza por ofrecer productos accesibles y de uso diario, enfocados en la hidratación, nutrición y cuidado de la piel y el cabello. La marca destaca por combinar innovación cosmética con ingredientes naturales, además de mantener una filosofía orientada al bienestar, la belleza y el respeto por el medio ambiente. Actualmente, tiene presencia en diversos países y es muy valorada por su amplia variedad de líneas para toda la familia. Ilumina aporta luminosidad e hidratación a la piel combate los efectos de la polución diaria acción antioxidante que protege la piel estimula la producción de colágeno mejora la elasticidad y luminosidadtodo tipo de pieles textura ligera y rápida absorción Características del Producto Fórmula diseñada para el cuidado diario Ayuda a mantener una sensación de limpieza y frescura Ideal para complementar tu rutina de cuidado personal Beneficios Contribuye al cuidado y protección capilar Brinda una experiencia práctica y cómoda de uso Textura agradable y fácil aplicación Lo Más Pedido en Belleza Cremas Hidratantes Cremas Corporales Cuidado Corporal para toda la Familia",,false_no_registro_sanitario
Mifarma,Loción Corporal Babaria Vitamin E,Loción Corporal Babaria Vitamin E,,26.90,PEN,available,https://www.mifarma.com.pe/producto/locion-corporal-babaria-vitamin-e/323545,323545,BABARIA,algolia_public_search,2026-06-08T00:46:24.413456+00:00,,"VITAMINA E Este producto es distribuido por Inretail Pharma S.A. (Ley 32033) La marca Babaria es originaria de España. Fue fundada en Valencia y es reconocida por desarrollar productos de cuidado personal, skincare, cuidado capilar y protección solar con fórmulas inspiradas en ingredientes naturales como aloe vera, rosa mosqueta, coco y aceite de oliva.Babaria se caracteriza por ofrecer productos accesibles y de uso diario, enfocados en la hidratación, nutrición y cuidado de la piel y el cabello. La marca destaca por combinar innovación cosmética con ingredientes naturales, además de mantener una filosofía orientada al bienestar, la belleza y el respeto por el medio ambiente. Actualmente, tiene presencia en diversos países y es muy valorada por su amplia variedad de líneas para toda la familia. Nutre hidratación profunda y protección antioxidante aporta nutrición y suavidad duradera refuerza la barrera natural de la piel ideal para piel muy seca textura ligera y rápida absorción Características del Producto Fórmula diseñada para el cuidado diario Ayuda a mantener una sensación de limpieza y frescura Ideal para complementar tu rutina de cuidado personal Beneficios Contribuye al cuidado y protección capilar Brinda una experiencia práctica y cómoda de uso Textura agradable y fácil aplicación Lo Más Pedido en Belleza Cremas Hidratantes Cremas Corporales Cuidado Corporal para toda la Familia",,false_no_registro_sanitario
Mifarma,Mascarilla Facial Iroha Iluminadora Vitamina C,Mascarilla Facial Iroha Iluminadora Vitamina C,,24.90,PEN,available,https://www.mifarma.com.pe/producto/mascarilla-facial-iroha-iluminadora-vitamina-c/321621,321621,IROHA NATURE,algolia_public_search,2026-06-08T00:46:24.413622+00:00,,Este producto es distribuido por Inretail Pharma S.A. (Ley 32033) Cuidado Facial Mascarillas,,false_no_registro_sanitario
Mifarma,Vitamina C Solgar 1000mg Cápsula,Vitamina C Solgar 1000mg Cápsula,,115.00,PEN,available,https://www.mifarma.com.pe/producto/vitamina-c-solgar-1000mg-capsula/321199,321199,SOLGAR,algolia_public_search,2026-06-08T00:46:24.413752+00:00,,Cada capsula contiene: Vitamina C 1000 mg (Como L-Ácido Ascórbico) Este producto es distribuido por Inretail Pharma S.A. (Ley 32033) Vitaminas y Complementos Vitamina C,,false_no_registro_sanitario
Mifarma,Vitamina B1 100 mg Mason Natural Tableta,Vitamina B1 100 mg Mason Natural Tableta,,57.90,PEN,available,https://www.mifarma.com.pe/producto/vitamina-b1-100-mg-tableta/320613,320613,MASON,algolia_public_search,2026-06-08T00:46:24.413888+00:00,,Cada tableta contiene Vitamina B1 (como clorhidrato de tiamina) 100 mg Calcio (fosfato dicalcico) 35mg Este producto es distribuido por Inretail Pharma S.A. (Ley 32033) Vitaminas Vitamina B,,false_no_registro_sanitario
Mifarma,Crema Limpiadora Nutritiva Garnier Express Aclara Vitamina C,Crema Limpiadora Nutritiva Garnier Express Aclara Vitamina C,,56.90,PEN,available,https://www.mifarma.com.pe/producto/crema-limpiadora-nutritiva-garnier-express-aclara-vitamina-c/320550,320550,GARNIER,algolia_public_search,2026-06-08T00:46:24.414105+00:00,,"Garnier Gentle Cleanser con Vitamina C está formulado con Aqua / Water, Glycerin, Sodium Methyl Cocoyl Taurate, Coco-Betaine, Sodium Cocoyl Isethionate, Sodium Chloride, Glyceryl Stearate, PEG-100 Stearate, PPG-5-Ceteth-20, PEG-55 Propylene Glycol Oleate, Sodium Citrate, Sodium Hydroxide, Coconut Acid, Ascorbyl Glucoside, Propylene Glycol, Caprylyl Glycol, Citric Acid, Polyquaternium-53, Acrylates/C10-30 Alkyl Acrylate Crosspolymer, Sodium Benzoate, Salicylic Acid, Phenoxyethanol, Chlorphenesin, Linalool, Limonene, Parfum / Fragrance (F.I.L. Z70050958/1). Este producto es distribuido por Inretail Pharma S.A. (Ley 32033) Cuidado Facial Limpieza Facial",,false_no_registro_sanitario
Mifarma,Crema Facial Babaria Vitamina D,Crema Facial Babaria Vitamina D,,39.90,PEN,available,https://www.mifarma.com.pe/producto/crema-facial-babaria-vitamina-d/319825,319825,BABARIA,algolia_public_search,2026-06-08T00:46:24.414253+00:00,,Este producto es distribuido por Inretail Pharma S.A. (Ley 32033) Lo Más Pedido en Belleza Cuidado Facial Crema facial Cuidado Corporal para toda la Familia,,false_no_registro_sanitario
Mifarma,Aceite Sally Hansen para Uñas y Cutículas con Vitamina E,Aceite Sally Hansen para Uñas y Cutículas con Vitamina E,,54.00,PEN,available,https://www.mifarma.com.pe/producto/aceite-sally-hansen-tratamiento-para-unas-13-3-ml/316734,316734,SALLY HANSEN,algolia_public_search,2026-06-08T00:46:24.414368+00:00,,Este producto es distribuido por Inretail Pharma S.A. (Ley 32033) Cosméticos Esmaltes,,false_no_registro_sanitario
Mifarma,"Loción Corporal Hidratante B.Fresh con Ácido Hialurónico, niacinamida y Vitamina E","Loción Corporal Hidratante B.Fresh con Ácido Hialurónico, niacinamida y Vitamina E",,59.90,PEN,available,https://www.mifarma.com.pe/producto/locion-corporal-hidratante-bfresh-niacinamida-e/316357,316357,B.FRESH,algolia_public_search,2026-06-08T00:46:24.414512+00:00,,Ácido Hialurónico + Niacinamida Este producto es distribuido por Inretail Pharma S.A. (Ley 32033) Cremas Hidratantes Cremas Corporales,,false_no_registro_sanitario
Mifarma,Sérum Facial Frezyderm Vitamina C 5C3,Sérum Facial Frezyderm Vitamina C 5C3,,159.00,PEN,available,https://www.mifarma.com.pe/producto/serum-facial-frezyderm-vitamina-c-5c3/315016,315016,FREZYDERM,algolia_public_search,2026-06-08T00:46:24.414712+00:00,,"Ingredientes antiarrugas: Éster de ácido ascórbico estabilizado (Protección y conservación de la composición de vitamina C), Palmitoyl Pentapeptide -4 (Matrikinas), con acción 5X en comparación con la vitamina C natural,Extracto de ciruela de Kakadu, reducción de la rugosidad de la piel, mejora de la luminosidad (fuente rica en vit. C ), Dimeticona. Este producto es distribuido por Inretail Pharma S.A. (Ley 32033) Cuidado Facial Sérum",,false_no_registro_sanitario
Mifarma,Serum Colageno Aloe Vera y Vitamina E 50ml - DR RASHEL,Serum Colageno Aloe Vera y Vitamina E 50ml - DR RASHEL,,22.00,PEN,available,https://www.mifarma.com.pe/producto/serum-colageno-aloe-vera-y-vitamina-e-50ml-dr-rashel/000000,000000,DR RASHEL,algolia_public_search,2026-06-08T00:46:24.415011+00:00,,"Serum Colágeno, Aloe Vera y Vitamina E 50ml - DR RASHELIdeal para:Piel que necesita firmeza, hidratación y regeneración, especialmente en casos de pérdida de elasticidad, resequedad o irritación leve.Beneficios:- El colágeno ayuda a reafirmar y mejorar la elasticidad de la piel.- El aloe vera calma, refresca e hidrata profundamente.- La vitamina E actúa como antioxidante, protegiendo contra el envejecimiento prematuro.- Suaviza la textura de la piel y mejora su apariencia general.- Ideal para pieles normales, secas o sensibles.Modo de uso:Aplicar 2 a 3 gotas sobre el rostro limpio, masajeando suavemente hasta su total absorción. Puede usarse por la mañana y por la noche.Advertencia:Solo para uso externo. Evitar el contacto con los ojos. En caso de irritación, suspender su uso. Conservar en un lugar fresco, seco y alejado del sol. Cuidado Facial Sérum",,false_no_registro_sanitario
Mifarma,Pack Vital Vitaminado HMB Adulto Vainilla 400GR y Vital Vitaminado HMB Adulto Vainilla 900GR,Pack Vital Vitaminado HMB Adulto Vainilla 400GR y Vital Vitaminado HMB Adulto Vainilla 900GR,,94.90,PEN,available,https://www.mifarma.com.pe/producto/pack-vital-vitaminado-adulto-vainilla-400-y-900gr/PACKNT295,PACKNT295,VITAL,algolia_public_search,2026-06-08T00:46:26.065747+00:00,,"Vital Vitaminado Adulto 400G Sabor vainilla: Sólidos de jarabe de glucosa, sacarosa, aislado de proteína de soya, aceite de soya, proteína de leche, dextrina de maíz, minerales (calcio, potasio, cloro, sodio, fósforo, magnesio, zinc, hierro, manganeso, cobre, yodo, molibdeno, cromo, selenio), CaHMB (hidroximetilbutirato de calcio), saborizantes, concentrado de proteína del suero de leche, FOS, cloruro de sodio, espesante: goma celulosa (SIN 466), goma guar (SIN 412), aceite de pescado (fuente de DHA), vitaminas (vitamina C, vitamina E, niacina, ácido pantoténico, piridoxina, tiamina, riboflavina, vitamina A, ácido fólico, biotina, vitamina K1, vitamina D, cianocobalamina), bitartrato de colina, maltodextrina, anti aglutinante: dióxido de silicio (SIN 551), antioxidante: concentrado de tocoferol (SIN 307), inositol, mono y diglicéridos (SIN 471), beta-caroteno (SIN 160a), luteína (SIN 161b). Vital Vitaminado Adulto 900G Sabor vainilla: Sólidos de jarabe de glucosa, sacarosa, aislado de proteína de soya, aceite de soya, proteína de leche, dextrina de maíz, minerales (calcio, potasio, cloro, sodio, fósforo, magnesio, zinc, hierro, manganeso, cobre, yodo, molibdeno, cromo, selenio), CaHMB (hidroximetilbutirato de calcio), saborizantes, concentrado de proteína del suero de leche, FOS, cloruro de sodio, espesante: goma celulosa (SIN 466), goma guar (SIN 412), aceite de pescado (fuente de DHA), vitaminas (vitamina C, vitamina E, niacina, ácido pantoténico, piridoxina, tiamina, riboflavina, vitamina A, ácido fólico, biotina, vitamina K1, vitamina D, cianocobalamina), bitartrato de colina, maltodextrina, anti aglutinante: dióxido de silicio (SIN 551), antioxidante: concentrado de tocoferol (SIN 307), inositol, mono y diglicéridos (SIN 471), beta-caroteno (SIN 160a), luteína (SIN 161b). Este producto es distribuido por Inretail Pharma S.A. (Ley 32033) Suplementos Nutricionales Suplementos / Complementos Packs de Nutrición y Bienestar Nutrición Adulto Adultos Adulto Geriátricos",,false_no_registro_sanitario
Mifarma,Vital Vitaminado Adulto 400G Sabor vainilla,Vital Vitaminado Adulto 400G Sabor vainilla,,37.50,PEN,available,https://www.mifarma.com.pe/producto/vital-vitaminado-adulto-400g-sabor-vainilla/816599,816599,VITAL VITAMINADO,algolia_public_search,2026-06-08T00:46:26.066117+00:00,,"Sólidos de jarabe de glucosa, sacarosa, aislado de proteína de soya, aceite de soya, proteína de leche, dextrina de maíz, minerales (calcio, potasio, cloro, sodio, fósforo, magnesio, zinc, hierro, manganeso, cobre, yodo, molibdeno, cromo, selenio), CaHMB (hidroximetilbutirato de calcio), saborizantes, concentrado de proteína del suero de leche, FOS, cloruro de sodio, espesante: goma celulosa (SIN 466), goma guar (SIN 412), aceite de pescado (fuente de DHA), vitaminas (vitamina C, vitamina E, niacina, ácido pantoténico, piridoxina, tiamina, riboflavina, vitamina A, ácido fólico, biotina, vitamina K1, vitamina D, cianocobalamina), bitartrato de colina, maltodextrina, anti aglutinante: dióxido de silicio (SIN 551), antioxidante: concentrado de tocoferol (SIN 307), inositol, mono y diglicéridos (SIN 471), beta-caroteno (SIN 160a), luteína (SIN 161b). Este producto es distribuido por Inretail Pharma S.A. (Ley 32033) Mezcla en polvo con proteina y aceite de soya y suero de leche sabor vainilla con HMB, vitaminas y minerales Suplementos Nutricionales Suplementos / Complementos Nutrición Adulto Adultos Adulto Geriátricos",,false_no_registro_sanitario
Mifarma,Pack 02 Vital Vitaminado Gluco Control,Pack 02 Vital Vitaminado Gluco Control,,175.00,PEN,available,https://www.mifarma.com.pe/producto/pack-02-vital-vitaminado-gluco-control/PACKNT346,PACKNT346,VITAL VITAMINADO,algolia_public_search,2026-06-08T00:46:26.066425+00:00,,"Vital vitaminado Gluco control Sabor vainilla: Maltodextrina, isomaltulosa, aislado de proteína de soya, aceite de soya, maltitol, dextrina de maíz,proteína de leche, minerales (potasio, cloruro, calcio, sodio, fósforo, magnesio, zinc, hierro,manganeso, cobre, yodo, cromo, molibdeno, selenio), FOS, saborizantes a vainilla y leche, bitartratode colina, sal, espesante: goma xantana (SIN 415), vitaminas (ácido ascórbico, niacina, vitamina E, ácidopantoténico, vitamina B6, vitamina B2, vitamina B1, vitamina A, ácido fólico, vitamina K, biotina,vitamina D, vitamina B12), anti aglomerante: dióxido de silicio (SIN 551), endulzante: acesulfame depotasio (SIN 950), beta-glucano, antioxidante: concentrado de tocoferoles (SIN 307b), beta-caroteno(SIN 160a), luteína (161b). Este producto es distribuido por Inretail Pharma S.A. (Ley 32033) Suplementos Nutricionales Suplementos / Complementos Packs de Nutrición y Bienestar Nutrición Adulto Adultos Adulto Geriátricos",,false_no_registro_sanitario
Mifarma,Pack Vital Vitaminado Gluco Control Sabor Vainilla + Vital Vitaminado Gluco Control,Pack Vital Vitaminado Gluco Control Sabor Vainilla + Vital Vitaminado Gluco Control,,129.90,PEN,available,https://www.mifarma.com.pe/producto/pack-02-vital-vitaminado-gluco-control/PACKNT459,PACKNT459,VITAL VITAMINADO,algolia_public_search,2026-06-08T00:46:26.066893+00:00,,"Vital vitaminado Gluco control Sabor Vainilla: Maltodextrina, isomaltulosa, aislado de proteína de soya, aceite de soya, maltitol, dextrina de maíz,proteína de leche, minerales (potasio, cloruro, calcio, sodio, fósforo, magnesio, zinc, hierro,manganeso, cobre, yodo, cromo, molibdeno, selenio), FOS, saborizantes a vainilla y leche, bitartratode colina, sal, espesante: goma xantana (SIN 415), vitaminas (ácido ascórbico, niacina, vitamina E, ácidopantoténico, vitamina B6, vitamina B2, vitamina B1, vitamina A, ácido fólico, vitamina K, biotina,vitamina D, vitamina B12), anti aglomerante: dióxido de silicio (SIN 551), endulzante: acesulfame depotasio (SIN 950), beta-glucano, antioxidante: concentrado de tocoferoles (SIN 307b), beta-caroteno(SIN 160a), luteína (161b). Vital Vitaminado Gluco Control: Maltodextrina, isomaltulosa, aislado de proteína de soya, aceite de soya, maltitol, dextrina de maíz, proteína de leche, minerales (potasio, cloruro, calcio, sodio, fósforo, magnesio, zinc, hierro, manganeso, cobre, yodo, cromo, molibdeno, selenio), FOS, saborizantes a vainilla y leche, bitartrato de colina, sal, espesante: goma xantana (SIN 415), vitaminas (ácido ascórbico, niacina, vitamina E, ácido pantoténico, vitamina B6, vitamina B2, vitamina B1, vitamina A, ácido fólico, vitamina K, biotina, vitamina D, vitamina B12), anti aglomerante: dióxido de silicio (SIN 551), endulzante: acesulfame de potasio (SIN 950), beta-glucano, antioxidante: concentrado de tocoferoles (SIN 307b), beta-caroteno (SIN 160a), luteína (161b). Este producto es distribuido por Inretail Pharma S.A. (Ley 32033) Packs de Nutrición y Bienestar",,false_no_registro_sanitario
Mifarma,Pack 02 Vital Vitaminado HMB Adulto Vainilla 900GR,Pack 02 Vital Vitaminado HMB Adulto Vainilla 900GR,,139.90,PEN,available,https://www.mifarma.com.pe/producto/pack-02-vital-vitaminado-hmb-adulto-vainilla-900gr/PACKNT291,PACKNT291,VITAL VITAMINADO,algolia_public_search,2026-06-08T00:46:26.067244+00:00,,"Sólidos de jarabe de glucosa, sacarosa, aislado de proteína de soya, aceite de soya, proteína de leche, dextrina de maíz, minerales (calcio, potasio, cloro, sodio, fósforo, magnesio, zinc, hierro, manganeso, cobre, yodo, molibdeno, cromo, selenio), CaHMB (hidroximetilbutirato de calcio), saborizantes, concentrado de proteína del suero de leche, FOS, cloruro de sodio, espesante: goma celulosa (SIN 466), goma guar (SIN 412), aceite de pescado (fuente de DHA), vitaminas (vitamina C, vitamina E, niacina, ácido pantoténico, piridoxina, tiamina, riboflavina, vitamina A, ácido fólico, biotina, vitamina K1, vitamina D, cianocobalamina), bitartrato de colina, maltodextrina, anti aglutinante: dióxido de silicio (SIN 551), antioxidante: concentrado de tocoferol (SIN 307), inositol, mono y diglicéridos (SIN 471), beta-caroteno (SIN 160a), luteína (SIN 161b). Este producto es distribuido por Inretail Pharma S.A. (Ley 32033) Suplementos Nutricionales Suplementos / Complementos Packs de Nutrición y Bienestar Nutrición Adulto Adultos Adulto Geriátricos",,false_no_registro_sanitario
Mifarma,Pack 02 Vital Vitaminado Pediátrico Sabor Chocolate,Pack 02 Vital Vitaminado Pediátrico Sabor Chocolate,,149.90,PEN,available,https://www.mifarma.com.pe/producto/pack-02-vital-vitaminado-pediatrico-chocolate/PACKNT515,PACKNT515,VITAL VITAMINADO,algolia_public_search,2026-06-08T00:46:26.067628+00:00,,"Maltodextrina, sacarosa, aceite de soya, aislado de proteína de soya, cacao en polvo reducido en grasa, concentrado de proteína de suero de leche, sólidos de jarabe de glucosa, proteína de leche,saborizantes naturales (a vainilla y cacao), minerales (potasio, calcio, fósforo, sodio, cloruro, magnesio, hierro, zinc, cobre, manganeso, yod selenio, molibdeno, cromo), fructooligosacáridos, espesantes (goma acacia SIN 414 y carragenano SIN 407), L-arginina, inulina, aceite de pescado (fuente de DHA), bitartrato de colina, vitaminas (vitamina C, vitamina E, niacina, ácido pantoténico, tiamina, piridoxina, riboflavina vitamina A, ácido fólico, vitamina K1, biotina, vitamina K2, vitamina D, cianocobalamina), anti aglutinante (dióxido de silicio SIN 551), antioxidantes (concentrado de tocoferol SIN 307b), inositol, probióticos (bifidobacterias), emulsionantes (mono y diglicéridos de ácidos grasos SIN 471), luteina (SIN 161b), beta-caroteno (SIN 160a). Contiene ingredientes derivados de leche, soya y pescado. Este producto es distribuido por Inretail Pharma S.A. (Ley 32033) Promociones en Nutrición Infantil Suplementos Nutricionales Suplementos / Complementos Packs de Nutrición y Bienestar Pack Vital Pediátrico Vitaminado Vainilla y Chocolate Pediátricos",,false_no_registro_sanitario
Mifarma,Pack 02 Vital Vitaminado Crecimiento Pediátrico Vainilla,Pack 02 Vital Vitaminado Crecimiento Pediátrico Vainilla,,149.90,PEN,available,https://www.mifarma.com.pe/producto/pack-02-vital-vitaminado-pediatrico-vainilla/PACKNT294,PACKNT294,VITAL VITAMINADO,algolia_public_search,2026-06-08T00:46:26.067985+00:00,,"Maltodextrina, sacarosa, aceite de soya, aislado de proteína de soya, concentrado de proteína de suero de leche, proteína de leche, sólidos de jarabe de glucosa, minerales (calcio, potasio, fósforo, sodio, cloruro, magnesio, hierro, zinc, manganeso, cobre, yodo, molibdeno, selenio, cromo), saborizantes (leche y vainilla), fructooligosacáridos, espesantes (goma acacia SIN 414 y carragenano SIN 407), anti aglutinante (dióxido de silicio SIN 551), L-arginina, inulina, aceite de pescado (fuente de DHA), bitartrato de colina, vitaminas (vitamina C, vitamina E, niacina, ácido pantoténico, tiamina, piridoxina, riboflavina, vitamina A, ácido fólico, vitamina K1, biotina, vitamina K2, vitamina D, cianocobalamina), antioxidante (concentrado de tocoferol SIN 307b), inositol, caseinato de sodio, probióticos (bifidobacterias), emulsionantes (mono y diglicéridos de ácidos grasos SIN 471), luteína (SIN 161b), beta-caroteno (SIN 160a). Este producto es distribuido por Inretail Pharma S.A. (Ley 32033) Promociones en Nutrición Infantil Suplementos Nutricionales Suplementos / Complementos Packs de Nutrición y Bienestar Pack Vital Pediátrico Vitaminado Vainilla y Chocolate Pediátricos",,false_no_registro_sanitario
Mifarma,Vital Vitaminado Pediátrico Sabor Chocolate,Vital Vitaminado Pediátrico Sabor Chocolate,,92.90,PEN,available,https://www.mifarma.com.pe/producto/vital-vitaminado-pediatrico-sabor-chocolate-900gr/307282,307282,VITAL VITAMINADO,algolia_public_search,2026-06-08T00:46:26.068330+00:00,,"Maltodextrina, sacarosa, aceite de soya, aislado de proteína de soya, cacao en polvo reducido en grasa, concentrado de proteína de suero de leche, sólidos de jarabe de glucosa, proteína de leche,saborizantes naturales (a vainilla y cacao), minerales (potasio, calcio, fósforo, sodio, cloruro, magnesio, hierro, zinc, cobre, manganeso, yod selenio, molibdeno, cromo), fructooligosacáridos, espesantes (goma acacia SIN 414 y carragenano SIN 407), L-arginina, inulina, aceite de pescado (fuente de DHA), bitartrato de colina, vitaminas (vitamina C, vitamina E, niacina, ácido pantoténico, tiamina, piridoxina, riboflavina vitamina A, ácido fólico, vitamina K1, biotina, vitamina K2, vitamina D, cianocobalamina), anti aglutinante (dióxido de silicio SIN 551), antioxidantes (concentrado de tocoferol SIN 307b), inositol, probióticos (bifidobacterias), emulsionantes (mono y diglicéridos de ácidos grasos SIN 471), luteina (SIN 161b), beta-caroteno (SIN 160a). Contiene ingredientes derivados de leche, soya y pescado. Este producto es distribuido por Inretail Pharma S.A. (Ley 32033) Suplementos Nutricionales Suplementos / Complementos Pediátricos",,false_no_registro_sanitario
Mifarma,Vital Vitaminado Crecimiento Pediátrico 900g Sabor vainilla,Vital Vitaminado Crecimiento Pediátrico 900g Sabor vainilla,,92.90,PEN,available,https://www.mifarma.com.pe/producto/vital-vitaminado-crecimiento-ped-900g-s-v/816602,816602,VITAL VITAMINADO,algolia_public_search,2026-06-08T00:46:26.068702+00:00,,"Maltodextrina, sacarosa, aceite de soya, aislado de proteína de soya, concentrado de proteína de suero de leche, proteína de leche, sólidos de jarabe de glucosa, minerales (calcio, potasio, fósforo, sodio, cloruro, magnesio, hierro, zinc, manganeso, cobre, yodo, molibdeno, selenio, cromo), saborizantes (leche y vainilla), fructooligosacáridos, espesantes (goma acacia SIN 414 y carragenano SIN 407), anti aglutinante (dióxido de silicio SIN 551), L-arginina, inulina, aceite de pescado (fuente de DHA), bitartrato de colina, vitaminas (vitamina C, vitamina E, niacina, ácido pantoténico, tiamina, piridoxina, riboflavina, vitamina A, ácido fólico, vitamina K1, biotina, vitamina K2, vitamina D, cianocobalamina), antioxidante (concentrado de tocoferol SIN 307b), inositol, caseinato de sodio, probióticos (bifidobacterias), emulsionantes (mono y diglicéridos de ácidos grasos SIN 471), luteína (SIN 161b), beta-caroteno (SIN 160a). Este producto es distribuido por Inretail Pharma S.A. (Ley 32033) Mezcla en polvo para preparar bebida con proteína y aceite de soya, maltodextrina, arginina, vitamina K2, vitaminas y minerales - sabor vainilla Suplementos Nutricionales Suplementos / Complementos Pediátricos",,false_no_registro_sanitario
Mifarma,Vital Vitaminado Gluco Control,Vital Vitaminado Gluco Control,,41.90,PEN,available,https://www.mifarma.com.pe/producto/vital-vitaminado-gluco-control/306052,306052,VITAL VITAMINADO,algolia_public_search,2026-06-08T00:46:26.069003+00:00,,"Maltodextrina, isomaltulosa, aislado de proteína de soya, aceite de soya, maltitol, dextrina de maíz, proteína de leche, minerales (potasio, cloruro, calcio, sodio, fósforo, magnesio, zinc, hierro, manganeso, cobre, yodo, cromo, molibdeno, selenio), FOS, saborizantes a vainilla y leche, bitartrato de colina, sal, espesante: goma xantana (SIN 415), vitaminas (ácido ascórbico, niacina, vitamina E, ácido pantoténico, vitamina B6, vitamina B2, vitamina B1, vitamina A, ácido fólico, vitamina K, biotina, vitamina D, vitamina B12), anti aglomerante: dióxido de silicio (SIN 551), endulzante: acesulfame de potasio (SIN 950), beta-glucano, antioxidante: concentrado de tocoferoles (SIN 307b), beta-caroteno (SIN 160a), luteína (161b). Este producto es distribuido por Inretail Pharma S.A. (Ley 32033) Suplementos Nutricionales Suplementos / Complementos Nutrición Adulto Adultos Adulto Geriátricos",,false_no_registro_sanitario
Mifarma,Pack 02 Vital Vitaminado Mujer,Pack 02 Vital Vitaminado Mujer,,149.90,PEN,available,https://www.mifarma.com.pe/producto/pack-02-vital-vitaminado-mujer/PACKNT716,PACKNT716,VITAL VITAMINADO,algolia_public_search,2026-06-08T00:46:26.069323+00:00,,"Almidón hidrolizado de maíz, proteína de leche, sacarosa, inulina, concentrado de proteína de suero de leche, mezcla de minerales (fosfato tricálcico, fosfato de potasio, cloruro de sodio, óxido de magnesio, citrato trisódico, cloruro de potasio, sulfato de zinc, pirofosfato férrico, sulfato de manganeso, sulfato de cobre, yodato de potasio, selenito de sodio, molibdato de sodio, cloruro de cromo), aceite de soya, FOS, saborizante natural a vainilla y crema, colágeno hidrolizado, mezcla de vitaminas (ácido ascórbico, acetato de dl-alfa tocoferol, niacinamida, d-pantotenato de calcio, mononitrato de tiamina, clorhidrato de piridoxina, acetato de retinol, riboflavina, ácido fólico, d-biotina, fitoquinona, colecalciferol, cianocobalamina), bitartrato de colina, espesante: carragenina, inositol antioxidante: concentrado de tocoferoles, luteína, probiótico: Bifidobacterium bifidum, betacaroteno. Este producto es distribuido por Inretail Pharma S.A. (Ley 32033) Packs de Nutrición y Bienestar",,false_no_registro_sanitario
Mifarma,Pack 02 Vital vitaminado Beauty Sabor Vainilla,Pack 02 Vital vitaminado Beauty Sabor Vainilla,,149.90,PEN,available,https://www.mifarma.com.pe/producto/pack-02-vital-vitaminado-beauty-sabor-vainilla/PACKNT359,PACKNT359,VITAL VITAMINADO,algolia_public_search,2026-06-08T00:46:26.069538+00:00,,"Maltodextrina, caseinato, sacarosa, inulina, concentrado de proteína de suero de leche, aceites vegetales, minerales, FOS,colágeno hidrolizado, vitaminas, colina, carragenina (espesante natural), saborizantes naturales de vainilla y crema, inositol,L-carnitina, luteína, coenzima Q10, Bifidobacterium animalis, beta-caroteno Este producto es distribuido por Inretail Pharma S.A. (Ley 32033) Suplementos / Complementos Packs de Nutrición y Bienestar Nutrición Adulto Adulto",,false_no_registro_sanitario
Mifarma,Pack Vital Vitaminado Pediátrico Chocolate 900GR + Vainilla 400GR,Pack Vital Vitaminado Pediátrico Chocolate 900GR + Vainilla 400GR,,112.90,PEN,available,https://www.mifarma.com.pe/producto/pack-vital-vitaminado-pediatrico-chocolate-900gr-vainilla-400gr/PACKNT790,PACKNT790,VITAL VITAMINADO,algolia_public_search,2026-06-08T00:46:26.070112+00:00,,"Vital Vitaminado Pediátrico Sabor Chocolate: Maltodextrina, sacarosa, aceite de soya, aislado de proteína de soya, cacao en polvo reducido en grasa, concentrado de proteína de suero de leche, sólidos de jarabe de glucosa, proteína de leche,saborizantes naturales (a vainilla y cacao), minerales (potasio, calcio, fósforo, sodio, cloruro, magnesio, hierro, zinc, cobre, manganeso, yod selenio, molibdeno, cromo), fructooligosacáridos, espesantes (goma acacia SIN 414 y carragenano SIN 407), L-arginina, inulina, aceite de pescado (fuente de DHA), bitartrato de colina, vitaminas (vitamina C, vitamina E, niacina, ácido pantoténico, tiamina, piridoxina, riboflavina vitamina A, ácido fólico, vitamina K1, biotina, vitamina K2, vitamina D, cianocobalamina), anti aglutinante (dióxido de silicio SIN 551), antioxidantes (concentrado de tocoferol SIN 307b), inositol, probióticos (bifidobacterias), emulsionantes (mono y diglicéridos de ácidos grasos SIN 471), luteina (SIN 161b), beta-caroteno (SIN 160a). Contiene ingredientes derivados de leche, soya y pescado. Vital Vitaminado Crecimiento Pediátrico 400g Sabor vainilla: Maltodextrina, sacarosa, aceite de soya, aislado de proteína de soya, concentrado de proteína de suero de leche, proteína de leche, sólidos de jarabe de glucosa, minerales (calcio, potasio, fósforo, sodio, cloruro, magnesio, hierro, zinc, manganeso, cobre, yodo, molibdeno, selenio, cromo), saborizantes (leche y vainilla), fructooligosacáridos, espesantes (goma acacia SIN 414 y carragenano SIN 407), anti aglutinante (dióxido de silicio SIN 551), L-arginina, inulina, aceite de pescado (fuente de DHA), bitartrato de colina, vitaminas (vitamina C, vitamina E, niacina, ácido pantoténico, tiamina, piridoxina, riboflavina, vitamina A, ácido fólico, vitamina K1, biotina, vitamina K2, vitamina D, cianocobalamina), antioxidante (concentrado de tocoferol SIN 307b), inositol, caseinato de sodio, probióticos (bifidobacterias), emulsionantes (mono y diglicéridos de ácidos grasos SIN 471), luteína (SIN 161b), beta-caroteno (SIN 160a). Este producto es distribuido por Inretail Pharma S.A. (Ley 32033) Suplementos Nutricionales Suplementos / Complementos Packs de Nutrición y Bienestar Pediátricos",,false_no_registro_sanitario
Mifarma,Pack Vital Vitaminado Crecimiento Pediatrico Vainilla + Vital Vitaminado Crecimiento Pediatrico Vainilla 900Gr,Pack Vital Vitaminado Crecimiento Pediatrico Vainilla + Vital Vitaminado Crecimiento Pediatrico Vainilla 900Gr,,112.90,PEN,available,https://www.mifarma.com.pe/producto/pack-02-vital-vitaminado-crecimiento-pediatrico/PACKNT353,PACKNT353,VITAL VITAMINADO,algolia_public_search,2026-06-08T00:46:26.070729+00:00,,"Vital Vitaminado Crecimiento Pediátrico 400g Sabor vainilla: Maltodextrina, sacarosa, aceite de soya, aislado de proteína de soya, concentrado de proteína de suero de leche, proteína de leche, sólidos de jarabe de glucosa, minerales (calcio, potasio, fósforo, sodio, cloruro, magnesio, hierro, zinc, manganeso, cobre, yodo, molibdeno, selenio, cromo), saborizantes (leche y vainilla), fructooligosacáridos, espesantes (goma acacia SIN 414 y carragenano SIN 407), anti aglutinante (dióxido de silicio SIN 551), L-arginina, inulina, aceite de pescado (fuente de DHA), bitartrato de colina, vitaminas (vitamina C, vitamina E, niacina, ácido pantoténico, tiamina, piridoxina, riboflavina, vitamina A, ácido fólico, vitamina K1, biotina, vitamina K2, vitamina D, cianocobalamina), antioxidante (concentrado de tocoferol SIN 307b), inositol, caseinato de sodio, probióticos (bifidobacterias), emulsionantes (mono y diglicéridos de ácidos grasos SIN 471), luteína (SIN 161b), beta-caroteno (SIN 160a). Vital Vitaminado Crecimiento Pediátrico 900g Sabor vainilla: Maltodextrina, sacarosa, aceite de soya, aislado de proteína de soya, concentrado de proteína de suero de leche, proteína de leche, sólidos de jarabe de glucosa, minerales (calcio, potasio, fósforo, sodio, cloruro, magnesio, hierro, zinc, manganeso, cobre, yodo, molibdeno, selenio, cromo), saborizantes (leche y vainilla), fructooligosacáridos, espesantes (goma acacia SIN 414 y carragenano SIN 407), anti aglutinante (dióxido de silicio SIN 551), L-arginina, inulina, aceite de pescado (fuente de DHA), bitartrato de colina, vitaminas (vitamina C, vitamina E, niacina, ácido pantoténico, tiamina, piridoxina, riboflavina, vitamina A, ácido fólico, vitamina K1, biotina, vitamina K2, vitamina D, cianocobalamina), antioxidante (concentrado de tocoferol SIN 307b), inositol, caseinato de sodio, probióticos (bifidobacterias), emulsionantes (mono y diglicéridos de ácidos grasos SIN 471), luteína (SIN 161b), beta-caroteno (SIN 160a). Este producto es distribuido por Inretail Pharma S.A. (Ley 32033) Promociones en Nutrición Infantil Suplementos Nutricionales Suplementos / Complementos Packs de Nutrición y Bienestar Pack Vital Pediátrico Vitaminado Vainilla y Chocolate Pediátricos",,false_no_registro_sanitario
Mifarma,Pack Vital Vitaminado 900 Gr Chocolate + Vainilla,Pack Vital Vitaminado 900 Gr Chocolate + Vainilla,,149.90,PEN,available,https://www.mifarma.com.pe/producto/pack-vital-vitaminado-900-gr-chocolate-vainilla/PACKNT516,PACKNT516,VITAL VITAMINADO,algolia_public_search,2026-06-08T00:46:26.071350+00:00,,"Vital Vitaminado Pediátrico Sabor Chocolate 900 GR: Maltodextrina, sacarosa, aceite de soya, aislado de proteína de soya, cacao en polvo reducido en grasa, concentrado de proteína de suero de leche, sólidos de jarabe de glucosa, proteína de leche,saborizantes naturales (a vainilla y cacao), minerales (potasio, calcio, fósforo, sodio, cloruro, magnesio, hierro, zinc, cobre, manganeso, yod selenio, molibdeno, cromo), fructooligosacáridos, espesantes (goma acacia SIN 414 y carragenano SIN 407), L-arginina, inulina, aceite de pescado (fuente de DHA), bitartrato de colina, vitaminas (vitamina C, vitamina E, niacina, ácido pantoténico, tiamina, piridoxina, riboflavina vitamina A, ácido fólico, vitamina K1, biotina, vitamina K2, vitamina D, cianocobalamina), anti aglutinante (dióxido de silicio SIN 551), antioxidantes (concentrado de tocoferol SIN 307b), inositol, probióticos (bifidobacterias), emulsionantes (mono y diglicéridos de ácidos grasos SIN 471), luteina (SIN 161b), beta-caroteno (SIN 160a). Contiene ingredientes derivados de leche, soya y pescado. Vital Vitaminado Crecimiento Pediátrico Vainilla 900 GR: Maltodextrina, sacarosa, aceite de soya, aislado de proteína de soya, concentrado de proteína de suero de leche, proteína de leche, sólidos de jarabe de glucosa, minerales (calcio, potasio, fósforo, sodio, cloruro, magnesio, hierro, zinc, manganeso, cobre, yodo, molibdeno, selenio, cromo), saborizantes (leche y vainilla), fructooligosacáridos, espesantes (goma acacia SIN 414 y carragenano SIN 407), anti aglutinante (dióxido de silicio SIN 551), L-arginina, inulina, aceite de pescado (fuente de DHA), bitartrato de colina, vitaminas (vitamina C, vitamina E, niacina, ácido pantoténico, tiamina, piridoxina, riboflavina, vitamina A, ácido fólico, vitamina K1, biotina, vitamina K2, vitamina D, cianocobalamina), antioxidante (concentrado de tocoferol SIN 307b), inositol, caseinato de sodio, probióticos (bifidobacterias), emulsionantes (mono y diglicéridos de ácidos grasos SIN 471), luteína (SIN 161b), beta-caroteno (SIN 160a). Este producto es distribuido por Inretail Pharma S.A. (Ley 32033) Promociones en Nutrición Infantil Suplementos Nutricionales Suplementos / Complementos Packs de Nutrición y Bienestar Pack Vital Pediátrico Vitaminado Vainilla y Chocolate Pediátricos",,false_no_registro_sanitario
Mifarma,Pack 02 Vital Vitaminado Pediátrico Sabor Vainilla 900 GR + 400 GR,Pack 02 Vital Vitaminado Pediátrico Sabor Vainilla 900 GR + 400 GR,,235.70,PEN,available,https://www.mifarma.com.pe/producto/pack-02-vital-vitaminado-vainilla-900-400/PACKNT746,PACKNT746,VITAL VITAMINADO,algolia_public_search,2026-06-08T00:46:26.071716+00:00,,"Maltodextrina, sacarosa, aceite de soya, aislado de proteína de soya, concentrado de proteína de suero de leche, proteína de leche, sólidos de jarabe de glucosa, minerales (calcio, potasio, fósforo, sodio, cloruro, magnesio, hierro, zinc, manganeso, cobre, yodo, molibdeno, selenio, cromo), saborizantes (leche y vainilla), fructooligosacáridos, espesantes (goma acacia SIN 414 y carragenano SIN 407), anti aglutinante (dióxido de silicio SIN 551), L-arginina, inulina, aceite de pescado (fuente de DHA), bitartrato de colina, vitaminas (vitamina C, vitamina E, niacina, ácido pantoténico, tiamina, piridoxina, riboflavina, vitamina A, ácido fólico, vitamina K1, biotina, vitamina K2, vitamina D, cianocobalamina), antioxidante (concentrado de tocoferol SIN 307b), inositol, caseinato de sodio, probióticos (bifidobacterias), emulsionantes (mono y diglicéridos de ácidos grasos SIN 471), luteína (SIN 161b), beta-caroteno (SIN 160a). Este producto es distribuido por Inretail Pharma S.A. (Ley 32033) Packs de Nutrición Infantil",,false_no_registro_sanitario
Mifarma,Vital Vitaminado Crecimiento Pediátrico 400g Sabor vainilla,Vital Vitaminado Crecimiento Pediátrico 400g Sabor vainilla,,49.90,PEN,available,https://www.mifarma.com.pe/producto/vital-vitaminado-crecimiento-ped-400g-s-v/816601,816601,VITAL VITAMINADO,algolia_public_search,2026-06-08T00:46:26.072084+00:00,,"Maltodextrina, sacarosa, aceite de soya, aislado de proteína de soya, concentrado de proteína de suero de leche, proteína de leche, sólidos de jarabe de glucosa, minerales (calcio, potasio, fósforo, sodio, cloruro, magnesio, hierro, zinc, manganeso, cobre, yodo, molibdeno, selenio, cromo), saborizantes (leche y vainilla), fructooligosacáridos, espesantes (goma acacia SIN 414 y carragenano SIN 407), anti aglutinante (dióxido de silicio SIN 551), L-arginina, inulina, aceite de pescado (fuente de DHA), bitartrato de colina, vitaminas (vitamina C, vitamina E, niacina, ácido pantoténico, tiamina, piridoxina, riboflavina, vitamina A, ácido fólico, vitamina K1, biotina, vitamina K2, vitamina D, cianocobalamina), antioxidante (concentrado de tocoferol SIN 307b), inositol, caseinato de sodio, probióticos (bifidobacterias), emulsionantes (mono y diglicéridos de ácidos grasos SIN 471), luteína (SIN 161b), beta-caroteno (SIN 160a). Este producto es distribuido por Inretail Pharma S.A. (Ley 32033) Mezcla en polvo para preparar bebida con proteína y aceite de soya, maltodextrina, arginina, vitamina K2, vitaminas y minerales - sabor vainilla Suplementos Nutricionales Suplementos / Complementos Pediátricos",,false_no_registro_sanitario
Mifarma,Pack Vital Vitaminado Mujer,Pack Vital Vitaminado Mujer,,149.90,PEN,available,https://www.mifarma.com.pe/producto/pack-vital-vitaminado-mujer/PACKNT717,PACKNT717,VITAL VITAMINADO,algolia_public_search,2026-06-08T00:46:26.072409+00:00,,"Almidón hidrolizado de maíz, proteína de leche, sacarosa, inulina, concentrado de proteína de suero de leche, mezcla de minerales (fosfato tricálcico, fosfato de potasio, cloruro de sodio, óxido de magnesio, citrato trisódico, cloruro de potasio, sulfato de zinc, pirofosfato férrico, sulfato de manganeso, sulfato de cobre, yodato de potasio, selenito de sodio, molibdato de sodio, cloruro de cromo), aceite de soya, FOS, saborizante natural a vainilla y crema, colágeno hidrolizado, mezcla de vitaminas (ácido ascórbico, acetato de dl-alfa tocoferol, niacinamida, d-pantotenato de calcio, mononitrato de tiamina, clorhidrato de piridoxina, acetato de retinol, riboflavina, ácido fólico, d-biotina, fitoquinona, colecalciferol, cianocobalamina), bitartrato de colina, espesante: carragenina, inositol antioxidante: concentrado de tocoferoles, luteína, probiótico: Bifidobacterium bifidum, betacaroteno. Este producto es distribuido por Inretail Pharma S.A. (Ley 32033) Packs de Nutrición y Bienestar",,false_no_registro_sanitario
Mifarma,Pack 03 Vital Vitaminado Mujer,Pack 03 Vital Vitaminado Mujer,,299.70,PEN,available,https://www.mifarma.com.pe/producto/pack-03-vital-mujer/PACKNT816,PACKNT816,VITAL VITAMINADO,algolia_public_search,2026-06-08T00:46:26.073061+00:00,,"Almidón hidrolizado de maíz, proteína de leche, sacarosa, inulina, concentrado de proteína de suero de leche, mezcla de minerales (fosfato tricálcico, fosfato de potasio, cloruro de sodio, óxido de magnesio, citrato trisódico, cloruro de potasio, sulfato de zinc, pirofosfato férrico, sulfato de manganeso, sulfato de cobre, yodato de potasio, selenito de sodio, molibdato de sodio, cloruro de cromo), aceite de soya, FOS, saborizante natural a vainilla y crema, colágeno hidrolizado, mezcla de vitaminas (ácido ascórbico, acetato de dl-alfa tocoferol, niacinamida, d-pantotenato de calcio, mononitrato de tiamina, clorhidrato de piridoxina, acetato de retinol, riboflavina, ácido fólico, d-biotina, fitoquinona, colecalciferol, cianocobalamina), bitartrato de colina, espesante: carragenina, inositol antioxidante: concentrado de tocoferoles, luteína, probiótico: Bifidobacterium bifidum, betacaroteno. Este producto es distribuido por Inretail Pharma S.A. (Ley 32033) Packs de Nutrición y Bienestar",,false_no_registro_sanitario
Mifarma,Pack 03 Vital Vitaminado Beauty Sabor Vainilla,Pack 03 Vital Vitaminado Beauty Sabor Vainilla,,299.70,PEN,available,https://www.mifarma.com.pe/producto/pack-03-vital-beauty-vainilla/PACKNT815,PACKNT815,VITAL VITAMINADO,algolia_public_search,2026-06-08T00:46:26.073253+00:00,,"Maltodextrina, caseinato, sacarosa, inulina, concentrado de proteína de suero de leche, aceites vegetales, minerales, FOS,colágeno hidrolizado, vitaminas, colina, carragenina (espesante natural), saborizantes naturales de vainilla y crema, inositol,L-carnitina, luteína, coenzima Q10, Bifidobacterium animalis, beta-caroteno Este producto es distribuido por Inretail Pharma S.A. (Ley 32033) Packs de Nutrición y Bienestar",,false_no_registro_sanitario
Mifarma,Pack 03 Vital Vitaminado Adulto Sabor Vainilla,Pack 03 Vital Vitaminado Adulto Sabor Vainilla,,278.70,PEN,available,https://www.mifarma.com.pe/producto/pack-03-vital-adulto-vainilla/PACKNT814,PACKNT814,VITAL VITAMINADO,algolia_public_search,2026-06-08T00:46:26.073650+00:00,,"Sólidos de jarabe de glucosa, sacarosa, aislado de proteína de soya, aceite de soya, proteína de leche, dextrina de maíz, minerales (calcio, potasio, cloro, sodio, fósforo, magnesio, zinc, hierro, manganeso, cobre, yodo, molibdeno, cromo, selenio), CaHMB (hidroximetilbutirato de calcio), saborizantes, concentrado de proteína del suero de leche, FOS, cloruro de sodio, espesante: goma celulosa (SIN 466), goma guar (SIN 412), aceite de pescado (fuente de DHA), vitaminas (vitamina C, vitamina E, niacina, ácido pantoténico, piridoxina, tiamina, riboflavina, vitamina A, ácido fólico, biotina, vitamina K1, vitamina D, cianocobalamina), bitartrato de colina, maltodextrina, anti aglutinante: dióxido de silicio (SIN 551), antioxidante: concentrado de tocoferol (SIN 307), inositol, mono y diglicéridos (SIN 471), beta-caroteno (SIN 160a), luteína (SIN 161b). Este producto es distribuido por Inretail Pharma S.A. (Ley 32033) Mezcla en polvo con proteína, aceite de soya y suero de leche sabor vainilla con HMB, vitaminas y minerales. Packs de Nutrición y Bienestar",,false_no_registro_sanitario
Mifarma,Pack 03 Vital Vitaminado Gluco Control Sabor Vainilla,Pack 03 Vital Vitaminado Gluco Control Sabor Vainilla,,350.70,PEN,available,https://www.mifarma.com.pe/producto/pack-03-vital-gluco-control-vainilla/PACKNT813,PACKNT813,VITAL VITAMINADO,algolia_public_search,2026-06-08T00:46:26.073939+00:00,,"Maltodextrina, isomaltulosa, aislado de proteína de soya, aceite de soya, maltitol, dextrina de maíz,proteína de leche, minerales (potasio, cloruro, calcio, sodio, fósforo, magnesio, zinc, hierro,manganeso, cobre, yodo, cromo, molibdeno, selenio), FOS, saborizantes a vainilla y leche, bitartratode colina, sal, espesante: goma xantana (SIN 415), vitaminas (ácido ascórbico, niacina, vitamina E, ácidopantoténico, vitamina B6, vitamina B2, vitamina B1, vitamina A, ácido fólico, vitamina K, biotina,vitamina D, vitamina B12), anti aglomerante: dióxido de silicio (SIN 551), endulzante: acesulfame depotasio (SIN 950), beta-glucano, antioxidante: concentrado de tocoferoles (SIN 307b), beta-caroteno(SIN 160a), luteína (161b). Este producto es distribuido por Inretail Pharma S.A. (Ley 32033) Packs de Nutrición y Bienestar",,false_no_registro_sanitario
Mifarma,Pack 03 Vital Vitaminado Mujer,Pack 03 Vital Vitaminado Mujer,,299.70,PEN,available,https://www.mifarma.com.pe/producto/pack-03-vital-vitaminado-mujer/PACKNT768,PACKNT768,VITAL VITAMINADO,algolia_public_search,2026-06-08T00:46:26.074254+00:00,,"Almidón hidrolizado de maíz, proteína de leche, sacarosa, inulina, concentrado de proteína de suero de leche, mezcla de minerales (fosfato tricálcico, fosfato de potasio, cloruro de sodio, óxido de magnesio, citrato trisódico, cloruro de potasio, sulfato de zinc, pirofosfato férrico, sulfato de manganeso, sulfato de cobre, yodato de potasio, selenito de sodio, molibdato de sodio, cloruro de cromo), aceite de soya, FOS, saborizante natural a vainilla y crema, colágeno hidrolizado, mezcla de vitaminas (ácido ascórbico, acetato de dl-alfa tocoferol, niacinamida, d-pantotenato de calcio, mononitrato de tiamina, clorhidrato de piridoxina, acetato de retinol, riboflavina, ácido fólico, d-biotina, fitoquinona, colecalciferol, cianocobalamina), bitartrato de colina, espesante: carragenina, inositol antioxidante: concentrado de tocoferoles, luteína, probiótico: Bifidobacterium bifidum, betacaroteno. Este producto es distribuido por Inretail Pharma S.A. (Ley 32033) Packs de Nutrición y Bienestar",,false_no_registro_sanitario
Mifarma,Pack 03 Vital Vitaminado Beauty Sabor Vainilla,Pack 03 Vital Vitaminado Beauty Sabor Vainilla,,299.70,PEN,available,https://www.mifarma.com.pe/producto/pack-03-vital-vitaminado-beauty-sabor-vainilla/PACKNT767,PACKNT767,VITAL VITAMINADO,algolia_public_search,2026-06-08T00:46:26.074444+00:00,,"Maltodextrina, caseinato, sacarosa, inulina, concentrado de proteína de suero de leche, aceites vegetales, minerales, FOS,colágeno hidrolizado, vitaminas, colina, carragenina (espesante natural), saborizantes naturales de vainilla y crema, inositol,L-carnitina, luteína, coenzima Q10, Bifidobacterium animalis, beta-caroteno Este producto es distribuido por Inretail Pharma S.A. (Ley 32033) Packs de Nutrición y Bienestar",,false_no_registro_sanitario
Mifarma,Pack 03 Vital Vitaminado Adulto Sabor Vainilla,Pack 03 Vital Vitaminado Adulto Sabor Vainilla,,278.70,PEN,available,https://www.mifarma.com.pe/producto/pack-03-vital-vitaminado-adulto-sabor-vainilla/PACKNT766,PACKNT766,VITAL VITAMINADO,algolia_public_search,2026-06-08T00:46:26.074797+00:00,,"Sólidos de jarabe de glucosa, sacarosa, aislado de proteína de soya, aceite de soya, proteína de leche, dextrina de maíz, minerales (calcio, potasio, cloro, sodio, fósforo, magnesio, zinc, hierro, manganeso, cobre, yodo, molibdeno, cromo, selenio), CaHMB (hidroximetilbutirato de calcio), saborizantes, concentrado de proteína del suero de leche, FOS, cloruro de sodio, espesante: goma celulosa (SIN 466), goma guar (SIN 412), aceite de pescado (fuente de DHA), vitaminas (vitamina C, vitamina E, niacina, ácido pantoténico, piridoxina, tiamina, riboflavina, vitamina A, ácido fólico, biotina, vitamina K1, vitamina D, cianocobalamina), bitartrato de colina, maltodextrina, anti aglutinante: dióxido de silicio (SIN 551), antioxidante: concentrado de tocoferol (SIN 307), inositol, mono y diglicéridos (SIN 471), beta-caroteno (SIN 160a), luteína (SIN 161b). Este producto es distribuido por Inretail Pharma S.A. (Ley 32033) Mezcla en polvo con proteína, aceite de soya y suero de leche sabor vainilla con HMB, vitaminas y minerales. Packs de Nutrición y Bienestar",,false_no_registro_sanitario
Mifarma,Pack 03 Vital Vitaminado Gluco control Sabor Vainilla,Pack 03 Vital Vitaminado Gluco control Sabor Vainilla,,350.70,PEN,available,https://www.mifarma.com.pe/producto/pack-03-vital-vitaminado-gluco-control-vainilla/PACKNT765,PACKNT765,VITAL VITAMINADO,algolia_public_search,2026-06-08T00:46:26.075075+00:00,,"Maltodextrina, isomaltulosa, aislado de proteína de soya, aceite de soya, maltitol, dextrina de maíz,proteína de leche, minerales (potasio, cloruro, calcio, sodio, fósforo, magnesio, zinc, hierro,manganeso, cobre, yodo, cromo, molibdeno, selenio), FOS, saborizantes a vainilla y leche, bitartratode colina, sal, espesante: goma xantana (SIN 415), vitaminas (ácido ascórbico, niacina, vitamina E, ácidopantoténico, vitamina B6, vitamina B2, vitamina B1, vitamina A, ácido fólico, vitamina K, biotina,vitamina D, vitamina B12), anti aglomerante: dióxido de silicio (SIN 551), endulzante: acesulfame depotasio (SIN 950), beta-glucano, antioxidante: concentrado de tocoferoles (SIN 307b), beta-caroteno(SIN 160a), luteína (161b). Este producto es distribuido por Inretail Pharma S.A. (Ley 32033) Packs de Nutrición y Bienestar",,false_no_registro_sanitario
Mifarma,Hidrolágeno Q10 Sobre - Caja 30 UN,Hidrolágeno Q10 Sobre - Caja 30 UN,A-1000MCG,79.90,PEN,available,https://www.mifarma.com.pe/producto/hidrolageno-q10-sobre/529725,529725,HIDROFUGAL,algolia_public_search,2026-06-08T00:46:26.078371+00:00,,"BIOTINA 150mcg, ZINC 20mg, COLAGENO HIDROLIZADO 10g, VITAMINA D 10mcg, COENZIMA Q10 15mg, VITAMINA A 1000mcg, VITAMINA E 100mg, VITAMINA C 100mg, SELENIO 70mcg Este producto es distribuido por Inretail Pharma S.A. (Ley 32033) Suplementos Nutricionales Suplementos y Vitaminas Busca tu Marca de Colágeno Ideal Colágenos",page_or_detail_regex,false_no_component_match
Mifarma,Bonagest - DHA® Cápsula Blanda Gastrorresistente,Bonagest - DHA® Cápsula Blanda Gastrorresistente,A-2664,43.50,PEN,available,https://www.mifarma.com.pe/producto/bonagest-dha-capsula-blanda-gastrorresistente/309123,309123,BONAPHARM,algolia_public_search,2026-06-08T00:46:26.080483+00:00,,"Cada cápsula blanda gastrorresistente con cubierta entérica contiene: 1.5671 mg de Palmitato de Vitamina A (1 700 00 UI/g) (equivalente a 2664 UI de Vitamina A), 17 mg de Nicotinamida, 4 mg de Clorhidrato de Piridoxina (Vitamina B6), 0.6 mg de Ácido Fólico (equivalente a 600 mcg de Ácido Fólico), 333.33 mg de Ácido Docosahexaenoico (como aceite de pescado 10/45 grado EE equivalente a 150 mg DHA), 2.2 mg de Vitamina B12 (1:1000 Mezcla) (equivalente a 2.2 mcg de Vitamina B12), 91.269 mg de Fumarato Ferroso (equivalente a 30 mg de Hierro), 312.5 mg de Carbonato de Calcio (40 % de Calcio) (equivalente a 125 mg de Calcio), 18.6710 mg de Óxido de Zinc (80.35 % de Zinc) (equivalente a 15 mg de Zinc), 0.01 mg de Vitamina D3 (40 000 UI/mg) (equivalente a 400 UI de Vitamina D), 10 mg de Acetato de DL-alfa tocoferilo (equivalente a 10 Ul de Vitamina E), 78.7333 mg de Ascorbato de Sodio (equivalente a 70 mg de Ácido Ascórbico), 3 mg de Mononitrato de Tiamina (Vitamina B1), 3,40 mg de Riboflavina (Vitamina B2), Excipientes c.s.p. Este producto es distribuido por Inretail Pharma S.A. (Ley 32033) Vitaminas y Suplementos Multivitamínicos Prenatal Multivitamínico Prenatal",page_or_detail_regex,false_no_component_match
Mifarma,Pack Ensure Advance 1.7 Kg + Ensure Advance Vainilla 220ml,Pack Ensure Advance 1.7 Kg + Ensure Advance Vainilla 220ml,,194.90,PEN,available,https://www.mifarma.com.pe/producto/pack-ensure-advance-vainilla/PACKNT559,PACKNT559,ENSURE,algolia_public_search,2026-06-08T00:46:26.082856+00:00,,"﻿Pack 02 Ensure Advance Sabor Vainilla: Maltodextrina, almidón de maíz hidrolizado, sacarosa (azúcar), CASEINATOS (Caseinato de sodio, caseinato de calcio) ACEITES VEGETALES (Aceite de girasol alto en oleico, aceite de soya, aceite de canola) MINERALES (Citrato de potasio, citrato de sodio, fosfato dibásico de potasio, cloruro de potasio, cloruro de magnesio, carbonato de calcio, cloruro de sodio, sulfato de zinc, sulfato ferroso, sulfato de manganeso, sulfato cúprico, molibdato de sodio, yoduro de potasio, cloruro de cromo, selenato de sodio) aislado de proteína de soya, Ca-HMB (ß-hidroxi-ß-metilbutirato monohidratado de calcio), inulina, oligofructuosa, sabor artificial a vainilla, lecitina de soya (emulsificante) cloruro de colina. VITAMINAS (ácido ascórbico, acetato dl- alfa tocoferil, niacinamida, pantotenato de calcio, clorhidrato de priridoxina, clohidrato de tiamina, riboflavina, vitamina A palmitato, ácido fólico, ß-caroteno, biotina, filoquinona, vitamina D3, cianocobalamina, palmitato de ascorbilo (antioxidante), mezcla de tocoferoles (antioxidante). Puede contener: Sulfato de magnesio. ﻿ ﻿Ensure Advance Vainilla 220 ml: Agua, maltodextrina, sacarosa, caseinato de sodio, concentrado de proteína de leche, proteína de soya, aceite de soya, MINERALES (citrato de potasio,fosfato de magnesio, fosfato de potasio, citrato de sodio, cloruro de potasio, sulfato ferroso, sulfato de zinc, carbonato de calcio, sulfato de manganeso,sulfato de cobre, molibdato de sodio, cloruro de cromo, yoduro de potasio, selenato de sodio), aceite de maíz, Ca-HMB (ß-hidroxi-ß-metilbutirato de calcio monohidratado), aceite de canola, sabor a vainilla, sabor a caramelo, sabor a crema y sabor natural, celulosa (estabilizante), cloruro de colina,monoglicérido de ácidos grasos (emulsificante), lecitina de soya (emulsificante),VITAMINAS (ácido ascórbico, vitamina E, niacinamida, pantotenatode calcio, clorhidrato de piridoxina, clorhidrato de tiamina, riboflavina,palmitato de vitamina A, ácido fólico, filoquinona, biotina, vitamina D3,cianocobalamina), carboximetilcelulosa de sodio (estabilizante), acesulfamede potasio (edulcorante), goma gellan (estabilizante), sucralosa (edulcorante).Contiene derivados de leche y derivados de soya. ﻿ ﻿Pack 02 Ensure Advance Sabor Vainilla: Maltodextrina, almidón de maíz hidrolizado, sacarosa (azúcar), CASEINATOS (Caseinato de sodio, caseinato de calcio) ACEITES VEGETALES (Aceite de girasol alto en oleico, aceite de soya, aceite de canola) MINERALES (Citrato de potasio, citrato de sodio, fosfato dibásico de potasio, cloruro de potasio, cloruro de magnesio, carbonato de calcio, cloruro de sodio, sulfato de zinc, sulfato ferroso, sulfato de manganeso, sulfato cúprico, molibdato de sodio, yoduro de potasio, cloruro de cromo, selenato de sodio) aislado de proteína de soya, Ca-HMB (ß-hidroxi-ß-metilbutirato monohidratado de calcio), inulina, oligofructuosa, sabor artificial a vainilla, lecitina de soya (emulsificante) cloruro de colina. VITAMINAS (ácido ascórbico, acetato dl- alfa tocoferil, niacinamida, pantotenato de calcio, clorhidrato de priridoxina, clohidrato de tiamina, riboflavina, vitamina A palmitato, ácido fólico, ß-caroteno, biotina, filoquinona, vitamina D3, cianocobalamina, palmitato de ascorbilo (antioxidante), mezcla de tocoferoles (antioxidante). Puede contener: Sulfato de magnesio. ﻿ ﻿Ensure Advance Vainilla 220 ml: Agua, maltodextrina, sacarosa, caseinato de sodio, concentrado de proteína de leche, proteína de soya, aceite de soya, MINERALES (citrato de potasio,fosfato de magnesio, fosfato de potasio, citrato de sodio, cloruro de potasio, sulfato ferroso, sulfato de zinc, carbonato de calcio, sulfato de manganeso,sulfato de cobre, molibdato de sodio, cloruro de cromo, yoduro de potasio, selenato de sodio), aceite de maíz, Ca-HMB (ß-hidroxi-ß-metilbutirato de calcio monohidratado), aceite de canola, sabor a vainilla, sabor a caramelo, sabor a crema y sabor natural, celulosa (estabilizante), cloruro de colina,monoglicérido de ácidos grasos (emulsificante), lecitina de soya (emulsificante),VITAMINAS (ácido ascórbico, vitamina E, niacinamida, pantotenatode calcio, clorhidrato de piridoxina, clorhidrato de tiamina, riboflavina,palmitato de vitamina A, ácido fólico, filoquinona, biotina, vitamina D3,cianocobalamina), carboximetilcelulosa de sodio (estabilizante), acesulfamede potasio (edulcorante), goma gellan (estabilizante), sucralosa (edulcorante).Contiene derivados de leche y derivados de soya. ﻿ ﻿Pack 02 Ensure Advance Sabor Vainilla: Maltodextrina, almidón de maíz hidrolizado, sacarosa (azúcar), CASEINATOS (Caseinato de sodio, caseinato de calcio) ACEITES VEGETALES (Aceite de girasol alto en oleico, aceite de soya, aceite de canola) MINERALES (Citrato de potasio, citrato de sodio, fosfato dibásico de potasio, cloruro de potasio, cloruro de magnesio, carbonato de calcio, cloruro de sodio, sulfato de zinc, sulfato ferroso, sulfato de manganeso, sulfato cúprico, molibdato de sodio, yoduro de potasio, cloruro de cromo, selenato de sodio) aislado de proteína de soya, Ca-HMB (ß-hidroxi-ß-metilbutirato monohidratado de calcio), inulina, oligofructuosa, sabor artificial a vainilla, lecitina de soya (emulsificante) cloruro de colina. VITAMINAS (ácido ascórbico, acetato dl- alfa tocoferil, niacinamida, pantotenato de calcio, clorhidrato de priridoxina, clohidrato de tiamina, riboflavina, vitamina A palmitato, ácido fólico, ß-caroteno, biotina, filoquinona, vitamina D3, cianocobalamina, palmitato de ascorbilo (antioxidante), mezcla de tocoferoles (antioxidante). Puede contener: Sulfato de magnesio. ﻿ ﻿Ensure Advance Vainilla 220 ml: Agua, maltodextrina, sacarosa, caseinato de sodio, concentrado de proteína de leche, proteína de soya, aceite de soya, MINERALES (citrato de potasio,fosfato de magnesio, fosfato de potasio, citrato de sodio, cloruro de potasio, sulfato ferroso, sulfato de zinc, carbonato de calcio, sulfato de manganeso,sulfato de cobre, molibdato de sodio, cloruro de cromo, yoduro de potasio, selenato de sodio), aceite de maíz, Ca-HMB (ß-hidroxi-ß-metilbutirato de calcio monohidratado), aceite de canola, sabor a vainilla, sabor a caramelo, sabor a crema y sabor natural, celulosa (estabilizante), cloruro de colina,monoglicérido de ácidos grasos (emulsificante), lecitina de soya (emulsificante),VITAMINAS (ácido ascórbico, vitamina E, niacinamida, pantotenatode calcio, clorhidrato de piridoxina, clorhidrato de tiamina, riboflavina,palmitato de vitamina A, ácido fólico, filoquinona, biotina, vitamina D3,cianocobalamina), carboximetilcelulosa de sodio (estabilizante), acesulfamede potasio (edulcorante), goma gellan (estabilizante), sucralosa (edulcorante).Contiene derivados de leche y derivados de soya. ﻿ Nutrición Pensada en ti y tu Familia Suplementos / Complementos Suplementos Nutricionales Suplementos y Vitaminas Packs de Nutrición y Bienestar Adultos Pack 02 Ensure Advance Vainilla 850GR Adulto Geriátricos Ensure",,false_no_registro_sanitario
Mifarma,Pack Pediasure Líquido Sabor Vainilla,Pack Pediasure Líquido Sabor Vainilla,,230.00,PEN,available,https://www.mifarma.com.pe/producto/pack-pediasure-liquido-sabor-vainilla/PACKNT539,PACKNT539,PEDIASURE,algolia_public_search,2026-06-08T00:46:26.083432+00:00,,"﻿INGREDIENTES: Agua, maltodextrina, ACEITES VEGETALES (aceite de canola, aceite de maíz, aceite de triglicéridos de cadena media (TCM)), sacarosa, proteína láctea, fructooligosacáridos (FOS), aislado de proteína de soya, MINERALES (cloruro de potasio, fosfato dibásico de potasio, citrato de sodio, fosfato tribásico de calcio, fosfato dibásico de magnesio, citrato de potasio, sulfato ferroso, sulfato de zinc, sulfato de manganeso, sulfato cúprico, yoduro de potasio, molibdato de sodio2, cloruro de cromo3, selenato de sodio), fibra de soya, saborizantes, hidrolizado de caseína1, L-arginina, VITAMINAS (ácido ascórbico, cloruro de colina, niacinamida, vitamina E, pantotenato de calcio, menaquinona-7, clorhidrato de tiamina, clorhidrato de piridoxina, riboflavina, palmitato de vitamina A, ácido fólico, filoquinona, biotina, vitamina D3, cianocobalamina), monoglicéridos y diglicéridos de ácidos grasos (emulsionante), lecitina de soya (emulsionante), goma xantana (estabilizador), ácido docosahexaenoico (DHA) a partir de aceite de alga, mio-inositol, taurina, L-carnitina. Fuente de fosfopéptidos de caseína, fuente de molibdeno, fuente de cromo. CONTIENE INGREDIENTES DERIVADOS DE LECHE Y SOYA. Este producto es distribuido por Inretail Pharma S.A. (Ley 32033) Nutrición Pensada en ti y tu Familia Vitaminas y Suplementos Multivitamínicos Packs de Nutrición y Bienestar Multivitamínico para Bebés Para Niños Pediasure",,false_no_registro_sanitario
Mifarma,Prevencel Cápsula Blanda,Prevencel Cápsula Blanda,,30.35,PEN,available,https://www.mifarma.com.pe/producto/prevencel-capsula-blanda/136777,136777,BAGÓ,algolia_public_search,2026-06-08T00:46:26.083673+00:00,,Vitamina E Acetato 200 UI| Vitamina C (como ascorbato de Calcio) 250mg| Beta caroteno (como suspensión oleosa de Beta caroteno al 30%) 3mg| Cinc (Óxido de Cinc) 7.5mg| Cobre (como sulfato de cobre pentahidratado) 1mg| Selenio (como Selenio en levadura al 0.2%) 15ug| Manganeso (como sulfato de Manganeso monohidratado) 1.5mg Este producto es distribuido por Inretail Pharma S.A. (Ley 32033) Vitaminas y Complementos Multivitamínicos,,false_no_registro_sanitario
Mifarma,Vitesol E 400UI Cápsula Blanda,Vitesol E 400UI Cápsula Blanda,E-400UI,83.50,PEN,available,https://www.mifarma.com.pe/producto/vitesol-e-400-u-i-capsula-blanda/131609,131609,VITESOL,algolia_public_search,2026-06-08T00:46:26.084072+00:00,,"Vitamina E 400UI Este producto es distribuido por Inretail Pharma S.A. (Ley 32033) Preguntas frecuentes .faq-grid { display: grid; grid-template-columns: repeat(2, 1fr); gap: 16px; margin: 24px 0; } .faq-card { background: #f8f9fa; border: 1px solid #e9ecef; border-radius: 10px; padding: 20px 24px; } .faq-card h3 { font-size: 16px; font-weight: 600; color: #1a1a1a; margin: 0 0 10px; line-height: 1.4; } .faq-card p { font-size: 14px; color: #555; margin: 0; line-height: 1.7; } @media (max-width: 600px) { .faq-grid { grid-template-columns: 1fr; } } ¿Qué contiene Vitesol E 400 UI Cápsula Blanda? Este producto contiene vitamina E en concentración de 400 UI. En el PDP figura como cápsula blanda para consumo oral. ¿Cuál es la presentación de Vitesol E 400 UI? La presentación visible corresponde a caja con 50 cápsulas blandas. ¿Cómo se consume Vitesol E 400 UI Cápsula Blanda? La cápsula blanda se administra por vía oral con agua. La forma de uso debe seguir las indicaciones del producto. ¿Qué es la vitamina E en suplementos dietéticos? La vitamina E es una vitamina liposoluble utilizada en suplementos dietéticos y formulaciones de administración oral. Vitaminas Vitamina E",page_or_detail_regex,false_no_component_match
Mifarma,Pediasure Líquido Sabor Chocolate,Pediasure Líquido Sabor Chocolate,,11.50,PEN,available,https://www.mifarma.com.pe/producto/pediasure-liquido-sabor-chocolate-220/309075,309075,PEDIASURE,algolia_public_search,2026-06-08T00:46:26.084491+00:00,,"INGREDIENTES: Agua, maltodextrina, ACEITES VEGETALES (aceite de canola aceite de maíz, aceite de triglicéridos de cadena media (TCM)), sacarosa, proteína láctea, fructooligosacáridos (FOS), cocoa en polvo, aislado de proteína de soya MINERALES (cloruro de potasio, fosfato tribásico de calcio, citrato de sodio fosfato dibásico de potasio, fosfato dibásico de magnesio, citrato de potasio sulfato ferroso, sulfato de zinc, sulfato de manganeso, sulfato cúprico, yoduro de potasio, molibdato de sodio2, cloruro de cromo3, selenato de sodio), hidrolizado de caseína1, saborizantes, L-arginina, VITAMINAS (ácido ascórbico, cloruro de colina, niacinamida, vitamina E, menaquinona-7, pantotenato de calcio clorhidrato de tiamina, clorhidrato de piridoxina, riboflavina, palmitato de vitamina A, ácido fólico, filoquinona, biotina, vitamina D3, cianocobalamina) monoglicéridos y diglicéridos de ácidos grasos (emulsionante), lecitina de soya (emulsionante), goma xantana (estabilizador), ácido docosahexaenoico (DHA) a partir de aceite de alga, mio-inositol, taurina, L-carnitina. Fuente de fosfopéptidos de caseína, fuente de molibdeno, fuente de cromo. CONTIENE INGREDIENTES DERIVADOS DE LECHE Y SOYA. Este producto es distribuido por Inretail Pharma S.A. (Ley 32033) Nutrición Pensada en ti y tu Familia Vitaminas y Suplementos Multivitamínicos Multivitamínico para Bebés Para Niños Pediasure",,false_no_registro_sanitario
Mifarma,Pediasure Líquido Sabor Vainilla,Pediasure Líquido Sabor Vainilla,,11.50,PEN,available,https://www.mifarma.com.pe/producto/pediasure-liquido-sabor-vainilla-220/309074,309074,PEDIASURE,algolia_public_search,2026-06-08T00:46:26.084964+00:00,,"﻿INGREDIENTES: Agua, maltodextrina, ACEITES VEGETALES (aceite de canola, aceite de maíz, aceite de triglicéridos de cadena media (TCM)), sacarosa, proteína láctea, fructooligosacáridos (FOS), aislado de proteína de soya, MINERALES (cloruro de potasio, fosfato dibásico de potasio, citrato de sodio, fosfato tribásico de calcio, fosfato dibásico de magnesio, citrato de potasio, sulfato ferroso, sulfato de zinc, sulfato de manganeso, sulfato cúprico, yoduro de potasio, molibdato de sodio2, cloruro de cromo3, selenato de sodio), fibra de soya, saborizantes, hidrolizado de caseína1, L-arginina, VITAMINAS (ácido ascórbico, cloruro de colina, niacinamida, vitamina E, pantotenato de calcio, menaquinona-7, clorhidrato de tiamina, clorhidrato de piridoxina, riboflavina, palmitato de vitamina A, ácido fólico, filoquinona, biotina, vitamina D3, cianocobalamina), monoglicéridos y diglicéridos de ácidos grasos (emulsionante), lecitina de soya (emulsionante), goma xantana (estabilizador), ácido docosahexaenoico (DHA) a partir de aceite de alga, mio-inositol, taurina, L-carnitina. Fuente de fosfopéptidos de caseína, fuente de molibdeno, fuente de cromo. CONTIENE INGREDIENTES DERIVADOS DE LECHE Y SOYA. Este producto es distribuido por Inretail Pharma S.A. (Ley 32033) Nutrición Pensada en ti y tu Familia Vitaminas y Suplementos Multivitamínicos Multivitamínico para Bebés Para Niños Pediasure",,false_no_registro_sanitario
Mifarma,Pediasure Sabor Vainilla,Pediasure Sabor Vainilla,,179.00,PEN,available,https://www.mifarma.com.pe/producto/pediasure-sabor-vainilla-lata-1-6kg/308955,308955,PEDIASURE,algolia_public_search,2026-06-08T00:46:26.085396+00:00,,"Almidón de maíz hidrolizado, PROTEÍNAS (proteína láctea, aislado de proteína de soya, hidrolizado de caseína1), ACEITES VEGETALES (aceite de girasol alto en oleico, aceite de soya, aceite de canola, aceite de triglicéridos de cadena media (TCM)), sacarosa, fructooligosacáridos (FOS), MINERALES (cloruro de potasio, fosfato de calcio, fosfato de magnesio, citrato de sodio, fosfato de potasio, citrato de potasio, carbonato de calcio, cloruro de sodio, sulfato ferroso, sulfato de zinc, sulfato de manganeso, sulfato de cobre, yoduro de potasio, cloruro de cromo2, selenito de sodio, molibdato de sodio3), emulsionante (lecitina de soya), saborizantes, VITAMINAS (cloruro de colina, ácido ascórbico, palmitato de ascorbilo, dl-alfa-tocoferil acetato, d-pantotenato de calcio, niacinamida, clorhidrato de piridoxina, clorhidrato de tiamina, riboflavina, palmitato de vitamina A, ácido fólico, filoquinona, biotina, vitamina D3, menaquinona-7, cianocobalamina), L-arginina, ácido docosahexaenoico (DHA) a partir de aceite de alga, taurina, m-inositol, L-carnitina, Lactobacillus acidophilus, antioxidante (tocoferol concentrado, mezcla). Fuente de fosfopéptidos de caseína, fuente de cromo, fuente de molibdeno. CONTIENE INGREDIENTES DERIVADOS DE LECHE Y SOYA. Este producto es distribuido por Inretail Pharma S.A. (Ley 32033) Nutrición Pensada en ti y tu Familia Vitaminas y Suplementos Multivitamínicos Multivitamínico para Bebés Para Niños Pediasure",,false_no_registro_sanitario
Mifarma,Pediasure Sabor Vainilla Polvo,Pediasure Sabor Vainilla Polvo,,54.50,PEN,available,https://www.mifarma.com.pe/producto/pediasure-sabor-vainilla-lata400-gr/308951,308951,PEDIASURE,algolia_public_search,2026-06-08T00:46:26.085837+00:00,,"Lista de Ingredientes: Almidón de maíz hidrolizado, PROTEÍNAS (proteína láctea, aislado de proteína de soya, hidrolizado de caseína1), ACEITES VEGETALES (aceite de girasol alto en oleico, aceite de soya, aceite de canola, aceite de triglicéridos de cadena media (TCM)), sacarosa, fructooligosacáridos (FOS), MINERALES (cloruro de potasio, fosfato de calcio, fosfato de magnesio, citrato de sodio, fosfato de potasio, citrato de potasio, carbonato de calcio, cloruro de sodio, sulfato ferroso, sulfato de zinc, sulfato de manganeso, sulfato de cobre, yoduro de potasio, cloruro de cromo2, selenito de sodio, molibdato de sodio3), emulsionante (lecitina de soya), saborizantes, VITAMINAS (cloruro de colina, ácido ascórbico, palmitato de ascorbilo, dl-alfa-tocoferil acetato, d-pantotenato de calcio, niacinamida, clorhidrato de piridoxina, clorhidrato de tiamina, riboflavina, palmitato de vitamina A, ácido fólico, filoquinona, biotina, vitamina D3, menaquinona-7, cianocobalamina), L-arginina, ácido docosahexaenoico (DHA) a partir de aceite de alga, taurina, m-inositol, L-carnitina, Lactobacillus acidophilus, antioxidante (tocoferol concentrado, mezcla). Fuente de fosfopéptidos de caseína, fuente de cromo, fuente de molibdeno. CONTIENE INGREDIENTES DERIVADOS DE LECHE Y SOYA. Este producto es distribuido por Inretail Pharma S.A. (Ley 32033) Nutrición Pensada en ti y tu Familia Vitaminas y Suplementos Multivitamínicos Multivitamínico para Bebés Para Niños Pediasure",,false_no_registro_sanitario
Mifarma,Vitathon Gragea,Vitathon Gragea,,39.90,PEN,available,https://www.mifarma.com.pe/producto/vitathon-gragea/308304,308304,K2 PHARMAVIDA,algolia_public_search,2026-06-08T00:46:26.085994+00:00,,"Vitaminas B1: 5 mg, B2: 2 mg B3: 15 mg, ,B6: 1 mg, B12: 2 mg C: 10mg, E:2.5mg, y otros. Este producto es distribuido por Inretail Pharma S.A. (Ley 32033) Vitaminas y Complementos Vitamina B",,false_no_registro_sanitario
Mifarma,Geriaplus Advance Polvo Sabor Vainilla,Geriaplus Advance Polvo Sabor Vainilla,,106.00,PEN,available,https://www.mifarma.com.pe/producto/geriaplus-advance-polvo-sabor-vainilla/817000,817000,GERIAPLUS,algolia_public_search,2026-06-08T00:46:26.086402+00:00,,"Leche descremada en polvo, Proteína aislada de soya, Aceite de canola (Ácido linolénico/ Ácido linoleico), Polidextrosa(SIN 1200), Fibra de avena, Lacto suero, Maltodextrina, Sabor vainilla, Premix de vitaminas y minerales, Fosfato Tricálcico (fuente de fósforo y calcio), Aceite de pescado (Fuente de DHA/EPA),Betaglucano, Dióxido de silicio (SIN 551),Sucralosa (SIN 955). Este producto es distribuido por Inretail Pharma S.A. (Ley 32033) Es una bebida instantánea en polvo a base de leche y soya que aporta proteínas, vitaminas, minerales y c arbohidratos. Además, contiene InmunoActive. Suplementos Nutricionales Suplementos / Complementos Suplementos y Vitaminas Nutrición Adulto Adultos Adulto Geriátricos Geriaplus y Vital Vitaminado en Varios Sabores",,false_no_registro_sanitario
Mifarma,Geriaplus DB Inmunoact Polvo Sabor Vainilla,Geriaplus DB Inmunoact Polvo Sabor Vainilla,,89.90,PEN,available,https://www.mifarma.com.pe/producto/geriaplus-inmunoact-polvo-sabor-vainilla/816843,816843,GERIAPLUS,algolia_public_search,2026-06-08T00:46:26.086668+00:00,,"Soya en polvo, proteína aislada de soya, caseinato de calcio, maltodextrina, polidextrosa (SIN 1200), aceite de canola (ácido linolénico / ácido linoleico), fibra de avena, sorbitol (SIN 420i), sabor vainilla, sabor leche, premix de vitaminas y minerales, fosfoto tricalcico (fuente de fósforo y calcio), aceite de pescado (fuente de DHA/EPA), betaglucano, dióxido de silicio (SIN 551), Lecitina de soya (SIN 322i). Este producto es distribuido por Inretail Pharma S.A. (Ley 32033) Suplementos Nutricionales Suplementos / Complementos Suplementos y Vitaminas Nutrición Adulto Adultos Adulto Geriátricos Geriaplus y Vital Vitaminado en Varios Sabores",,false_no_registro_sanitario
Mifarma,Geriaplus Inmunoact Polvo Sabor Vainilla,Geriaplus Inmunoact Polvo Sabor Vainilla,,89.90,PEN,available,https://www.mifarma.com.pe/producto/geriaplus-inmunoact-polvo-sabor-vainilla/816837,816837,GERIAPLUS,algolia_public_search,2026-06-08T00:46:26.086887+00:00,,"Leche descremada en polvo, Proteína aislada de soya, Aceite de canola (Ácido linolénico/ Ácido linoleico), Polidextrosa (SIN 1200), Fibra de avena, Lactosuero, Maltodextrina, Sabor vainilla, Premix de vitaminas y minerales, Fosfato Tricálcico (fuente de fósforo y calcio), Aceite de pescado (Fuente de DHA/EPA), Betaglucano, Dióxido de silicio (SIN 551),Sucralosa (SIN 955). Este producto es distribuido por Inretail Pharma S.A. (Ley 32033) Suplementos Nutricionales Suplementos / Complementos Suplementos y Vitaminas Nutrición Adulto Adultos Adulto Geriátricos Geriaplus y Vital Vitaminado en Varios Sabores",,false_no_registro_sanitario
Mifarma,Vitagamma D3 Duo Tableta Recubierta,Vitagamma D3 Duo Tableta Recubierta,,67.50,PEN,available,https://www.mifarma.com.pe/producto/vitagamma-d3-duo-tableta-recubierta/267983,267983,WORWAG PHARMA PERÚ,algolia_public_search,2026-06-08T00:46:26.087684+00:00,,Vitamina D3 1000UI|Magnesio 150mg Este producto es distribuido por Inretail Pharma S.A. (Ley 32033) Minerales Multivitamínicos Vitaminas Magnesio Para Adultos Vitamina D,,false_no_registro_sanitario
Mifarma,Redoxitos Total Gomitas Masticables,Redoxitos Total Gomitas Masticables,,33.00,PEN,unavailable,https://www.mifarma.com.pe/producto/redoxitos-total-gomitas-masticables/270695,270695,REDOXITOS,algolia_public_search,2026-06-08T00:46:26.087843+00:00,,"Fórmula mejorada con vitamina D. Las vitaminas C, D y el zinc. Este producto es distribuido por Inretail Pharma S.A. (Ley 32033) Ayuda a fortalecer las capas de defensa: Vitamina C: Ayuda a reforzar las defensas. Zinc: Contribuye a la producción de nuevos anticuerpos. Vitamina D: Mantiene los huesos sanos. Vitaminas Vitamina C",,false_no_registro_sanitario
Mifarma,Nat C Yummy Gummyz Caramelos blandos Sabor a mandarina,Nat C Yummy Gummyz Caramelos blandos Sabor a mandarina,,33.00,PEN,available,https://www.mifarma.com.pe/producto/nat-c-yummy-gummyz/527463,527463,MEGALIFE,algolia_public_search,2026-06-08T00:46:26.088075+00:00,,"Azúcar, glucosa, concentrado de Hugo de fruta, gelatina, agua, ácido málico 296, regulador de acidez (ácido cítrico 330), Vitamina C (aporte ce Vitamina C por gomita 75 mg), sabor mandarina, colorantes naturales (luteina 161b, Carmira 120). Este producto es distribuido por Inretail Pharma S.A. (Ley 32033) Informándonos mejor: Sabias que la Vitamina C, es una sustancia que el cuerpo necesita para estimular la producción de nuestras defensas. El cuerpo no puede producir la Vitamina C por sí solo, ni tampoco la almacena. Por lo que, es importante incluir muchos alimentos que contengan Vitamina C en la dieta diaria. Vitaminas Vitamina C",,false_no_registro_sanitario
Mifarma,Sunvit B-12 1000mcg Tableta,Sunvit B-12 1000mcg Tableta,DE-1000,57.50,PEN,available,https://www.mifarma.com.pe/producto/sunvit-b-12-1000mcg-tableta/816500,816500,SUNVIT,algolia_public_search,2026-06-08T00:46:26.089476+00:00,,"Vitamina B12 1000 mcg. Este producto es distribuido por Inretail Pharma S.A. (Ley 32033) Suplemento dietético Preguntas frecuentes .faq-grid { display: grid; grid-template-columns: repeat(2, 1fr); gap: 16px; margin: 24px 0; } .faq-card { background: #f8f9fa; border: 1px solid #e9ecef; border-radius: 10px; padding: 20px 24px; } .faq-card h3 { font-size: 16px; font-weight: 600; color: #1a1a1a; margin: 0 0 10px; line-height: 1.4; } .faq-card p { font-size: 14px; color: #555; margin: 0; line-height: 1.7; } @media (max-width: 600px) { .faq-grid { grid-template-columns: 1fr; } } ¿Qué contiene Sunvit B-12 1000 mcg? Este producto contiene vitamina B12 en concentración de 1000 mcg y se presenta en tabletas de administración oral. ¿En qué presentación viene Sunvit B-12 1000 mcg? La presentación corresponde a tabletas para consumo oral. Este formato es utilizado en suplementos vitamínicos con vitamina B12. ¿Cómo se consume la vitamina B12 en tabletas? Las tabletas se administran por vía oral acompañadas de agua. La forma de consumo debe seguir las instrucciones señaladas en el etiquetado. ¿Qué es la vitamina B12 en suplementos nutricionales? La vitamina B12 es una vitamina hidrosoluble que forma parte del complejo B. Puede encontrarse en suplementos nutricionales de distintas concentraciones y presentaciones. Cupón INKA20 Vitaminas Suplementos y Vitaminas Vitamina B-Complejo B B6 y B12 Vitamina B",page_or_detail_regex,false_no_component_match
Mifarma,Colágeno Hidrolizado Mujer Aguaje Mora,Colágeno Hidrolizado Mujer Aguaje Mora,,52.50,PEN,available,https://www.mifarma.com.pe/producto/colageno-hidrolizado-mujer-aguaje-mora/306913,306913,OLEMART,algolia_public_search,2026-06-08T00:46:26.089850+00:00,,"Colágeno hidrolizado, harina de fruto de aguaje, cloruro de magnesio, vitamina c, vitamina b7 (biotina), sulfato de zinc, stevia. sabor natural a mora Este producto es distribuido por Inretail Pharma S.A. (Ley 32033) Suplementos Nutricionales Suplementos y Vitaminas Busca tu Marca de Colágeno Ideal Colágenos",,false_no_registro_sanitario
Mifarma,Gomitas More Happy Night,Gomitas More Happy Night,,49.50,PEN,available,https://www.mifarma.com.pe/producto/gomitas-more-happy-night/816984,816984,MORE,algolia_public_search,2026-06-08T00:46:27.899115+00:00,,"Agua, Emulsionantes: Jarabe de Maltitol (SIN 965(ii)) y Maltitol(SIN 965(i)), Gelatina, Azúcar, Sulfato de Magnesio,Regulador de la acidez: Ácido cítrico (SIN 330), Triptófano, Saborizante a Cola Roja, Sustancia conservadora: Sorbato de potasio (SIN 202), Colorante: Caramelo (SIN 150d), Edulcorante: Sucralosa (SIN 955), Vitamina B6. Este producto es distribuido por Inretail Pharma S.A. (Ley 32033) Minerales Suplementos y Vitaminas Ayuda a Relajarte y Dormir Mejor Gomitas Funcionales para Todo Zinc",,false_no_registro_sanitario
Mifarma,Gomitas Gummix Calm & Chill Kids,Gomitas Gummix Calm & Chill Kids,,39.90,PEN,available,https://www.mifarma.com.pe/producto/gomitas-calm-chill-gummix-kids/307076,307076,DIMERCA,algolia_public_search,2026-06-08T00:46:27.899523+00:00,,"Jugo de maracuyá, fibra dietaria soluble, alulosa, agua purificada, gelatina bovina, antioxidante (SIN 330), sabor natural fresa, citrato de magnesio, colorante natural (SIN 163(ii)), jugo de limón, clorhidrato de piridoxina (vitamina B6), agente de glaseado (SIN 903), aceite vegetal (palma y coco). Este producto es distribuido por Inretail Pharma S.A. (Ley 32033) Gummix combina sabor, bienestar y nutrición en cada gomita. Su línea de suplementos ofrece una forma práctica, deliciosa y divertida de cuidar tu cuerpo todos los días. Con fórmulas enriquecidas con vitaminas, minerales y extractos naturales, Gummix convierte tu rutina de bienestar en un momento que disfrutarás. Gomitas Gummix Calm & Chill Kids Nuestras gomitas están formuladas para ayudar a los niños a descansar mejor. Con ingredientes que promueven un sueño reparador, apoyan su crecimiento y bienestar, permitiéndoles enfrentar el día con más energía. Bienestar que se disfruta, nutrición que se siente Descubre el poder de las vitaminas con Gummix y encuentra tu equilibrio con Mifarma. Sistema Locomotor Suplementos Nutricionales Suplementos y Vitaminas Sedantes Ayuda a Relajarte y Dormir Mejor Gomitas Funcionales para Todo Naturales",,false_no_registro_sanitario
Mifarma,Gomitas Gummix para Dormir Adulto,Gomitas Gummix para Dormir Adulto,,39.90,PEN,available,https://www.mifarma.com.pe/producto/gomitas-gummix-para-dormir-adulto/307075,307075,DIMERCA,algolia_public_search,2026-06-08T00:46:27.899987+00:00,,"Jugo de maracuyá, fibra dietaria soluble, alulosa, agua purificada, gelatina bovina, antioxidante (SIN 330), sabor natural arándano, citrato de magnesio, harina de plátano, maíz morado, jugo de limón, clorhidrato de piridoxina (vitamina B6), agente de glaseado ((SIN 903), aceite vegetal (palma y coco)). Este producto es distribuido por Inretail Pharma S.A. (Ley 32033) Gummix combina sabor, bienestar y nutrición en cada gomita. Su línea de suplementos ofrece una forma práctica, deliciosa y divertida de cuidar tu cuerpo todos los días. Con fórmulas enriquecidas con vitaminas, minerales y extractos naturales, Gummix convierte tu rutina de bienestar en un momento que disfrutarás. Gomitas Gummix para Dormir Adulto Di ‘Buenas noches’ con nuestras gomitas para dormir, diseñadas para un sueño profundo y reparador. Con 2 gomitas, regula tu ciclo de sueño de forma natural y mejora la calidad de tu descanso. Bienestar que se disfruta, nutrición que se siente Descubre el poder de las vitaminas con Gummix y encuentra tu equilibrio con Inkafarma. Sistema Locomotor Suplementos Nutricionales Suplementos y Vitaminas Sedantes Ayuda a Relajarte y Dormir Mejor Gomitas Funcionales para Todo Naturales",,false_no_registro_sanitario
Mifarma,Pack 03 Ensure Advance Vainilla 1.4 KG + Ensure Advance Vainilla 400 GR + Regalo Ensure Advance Vainilla 1.4 KG,Pack 03 Ensure Advance Vainilla 1.4 KG + Ensure Advance Vainilla 400 GR + Regalo Ensure Advance Vainilla 1.4 KG,,563.70,PEN,available,https://www.mifarma.com.pe/producto/pack-04-ensure-vainilla-14kg-ensure-vainilla-400gr/PACKNT620,PACKNT620,ENSURE,algolia_public_search,2026-06-08T00:46:27.901019+00:00,,"Ensure Advance con HMB 1.4 KG: Maltodextrina, sacarosa, ACEITES VEGETALES (aceite de girasol alto en oleico, aceite de soya, aceite de canola), caseinato de calcio, aislado de proteína de soya, MINERALES (citrato de potasio, citrato de sodio, cloruro de potasio, cloruro de magnesio, fosfato de sodio, hidróxido de potasio (regulador de acidez), cloruro de sodio, fosfato de potasio, sulfato ferroso, sulfato de zinc, sulfato de manganeso, sulfato de cobre, cloruro de cromo, molibdato de sodio, yoduro de potasio, selenito de sodio), fructooligosacáridos, beta-hidroxi beta-metilbutirato de calcio, VITAMINAS (cloruro de colina, ácido ascórbico, palmitato de ascorbilo (función parcial antioxidante), mezcla de tocoferoles (función parcial antioxidante), niacinamida, d-pantotenato de calcio, acetato de dl-alfa tocoferilo, clorhidrato de piridoxina, clorhidrato de tiamina, ribo avina, palmitato de vitamina A, beta caroteno, ácido fólico, d-biotina, vitamina K1 (¬loquinona), vitamina D3 (colecalciferol), cianocobalamina), saborizante natural y arti¬cial a vainilla y saborizante arti¬cial a algodón de azúcar. Contiene ingredientes derivados de leche y soya. Ensure Advance Sabor Vainilla 400 gr: Maltodextrina, almido?n de mai?z hidrolizado, sacarosa(azu?car), CASEINATOS (Caseinato de sodio, caseinato de calcio), ACEITESVEGETALES (Aceite de girasol alto en oleico, aceite de soya, aceite de canola)MINERALES (Citrato de potasio, citrato de sodio, fosfato diba?sico de potasio,cloruro de potasio, cloruro de magnesio, carbonato de calcio, cloruro de sodio,sulfato de zinc, sulfato ferroso, sulfato de manganeso, sulfato cu?prico, molibdatode sodio, yoduro de potasio, cloruro de cromo, selenato de sodio) aislado deprotei?na de soya, Ca-HMB (ß-hidroxi-ß-metilbutirato monohidratado de calcio),inulina, oligofructuosa, sabor artificial a vainilla, lecitina de soya (emulsificante)cloruro de colina. VITAMINAS (a?cido asco?rbico, acetato dl- alfa tocoferil,niacinamida, pantotenato de calcio, clorhidrato de priridoxina, clohidrato detiamina, riboflavina, vitamina A palmitato, a?cido fo?lico, ß-caroteno, biotina,filoquinona, vitamina D3, cianocobalamina, palmitato de ascorbilo (antioxidante),mezcla de tocoferoles (antioxidante). Puede contener: Sulfato de magnesio. Este producto es distribuido por Inretail Pharma S.A. (Ley 32033) Nutrición en polvo completa y balanceada con HMB y proteínas de alta calidad, componentes clave que ayudan a promover la salud muscular. Con calcio que ayuda a fortalecer los huesos y 28 vitaminas y minerales que ayudan a mantenerte fuerte y saludable. Alimentación y nutrición para el adulto mayor con Ensure Advance Suplemento Alimenticio completo y equilibrado, diseñado para complementar la alimentación de adultos mayores con malnutrición, pérdida de masa y fuerza muscular. Suplementos y Vitaminas Packs de Nutrición y Bienestar Pack 02 Ensure Advance Vainilla 850GR",,false_no_registro_sanitario
Mifarma,Pack 30 Ensure Advance Chocolate,Pack 30 Ensure Advance Chocolate,,348.30,PEN,available,https://www.mifarma.com.pe/producto/pack-30-ensure-advance-chocolate/PACKNT609,PACKNT609,ENSURE,algolia_public_search,2026-06-08T00:46:27.901437+00:00,,"Agua, maltodextrina, sacarosa, caseinato de sodio, concentrado de proteína de leche, proteína de soya, aceite de soya, MINERALES (citrato de potasio,fosfato de potasio, fosfato de magnesio, citrato de sodio, cloruro de potasio, sulfato ferroso, sulfato de zinc, carbonato de calcio, sulfato de manganeso,sulfato de cobre, molibdato de sodio, cloruro de cromo, yoduro de potasio, selenato de sodio), aceite de maíz, cocoa en polvo, Ca-HMB (ß-hidroxi-ßmetilbutirato de calcio monohidratado), aceite de canola, celulosa(estabilizante), sabor artificial a vainilla, sabor natural, cloruro de colina,monoglicérido de ácidos grasos (emulsificante), lecitina de soya (emulsificante),VITAMINAS (ácido ascórbico, vitamina E, niacinamida, pantotenato de calcio, clorhidrato de tiamina, clorhidrato de piridoxina, riboflavina, palmitato de vitamina A, ácido fólico, filoquinona, biotina, vitamina D3,cianocobalamina), carboximetilcelulosa de sodio (estabilizante), acesulfamede potasio (edulcorante), goma gellan (estabilizante), sucralosa (edulcorante). Contiene derivados de leche y derivados de soya. Este producto es distribuido por Inretail Pharma S.A. (Ley 32033) Ensure advance está formulado científicamente con nutrientes para ayudar a promover la fuerza, la vitalidad y la actividad. Nutrición Pensada en ti y tu Familia Suplementos / Complementos Suplementos Nutricionales Suplementos y Vitaminas Packs de Nutrición y Bienestar Nutrición Adulto Packs Bebibles Ensure y Glucerna Adultos Adulto Geriátricos Ensure",,false_no_registro_sanitario
Mifarma,Pack 30 Ensure Advance Vainilla,Pack 30 Ensure Advance Vainilla,,348.30,PEN,available,https://www.mifarma.com.pe/producto/pack-ensure-advance-vainilla-220-ml/PACKNT522,PACKNT522,ENSURE,algolia_public_search,2026-06-08T00:46:27.901854+00:00,,"Agua, maltodextrina, sacarosa, caseinato de sodio, concentrado de proteína de leche, proteína de soya, aceite de soya, MINERALES (citrato de potasio,fosfato de magnesio, fosfato de potasio, citrato de sodio, cloruro de potasio, sulfato ferroso, sulfato de zinc, carbonato de calcio, sulfato de manganeso,sulfato de cobre, molibdato de sodio, cloruro de cromo, yoduro de potasio, selenato de sodio), aceite de maíz, Ca-HMB (ß-hidroxi-ß-metilbutirato de calcio monohidratado), aceite de canola, sabor a vainilla, sabor a caramelo, sabor a crema y sabor natural, celulosa (estabilizante), cloruro de colina,monoglicérido de ácidos grasos (emulsificante), lecitina de soya (emulsificante),VITAMINAS (ácido ascórbico, vitamina E, niacinamida, pantotenatode calcio, clorhidrato de piridoxina, clorhidrato de tiamina, riboflavina,palmitato de vitamina A, ácido fólico, filoquinona, biotina, vitamina D3,cianocobalamina), carboximetilcelulosa de sodio (estabilizante), acesulfamede potasio (edulcorante), goma gellan (estabilizante), sucralosa (edulcorante).Contiene derivados de leche y derivados de soya. Este producto es distribuido por Inretail Pharma S.A. (Ley 32033) Nutrición completa y balanceada con HMB y proteínas de alta calidad, componentes clave que ayudan a promover la salud muscular, calcio, que ayuda a fortalecer los huesos y 28 vitaminas y minerales que ayudan a mantenerte fuerte y saludable. Suplementos / Complementos Suplementos Nutricionales Suplementos y Vitaminas Packs de Nutrición y Bienestar Packs Bebibles Ensure y Glucerna Adultos Adulto Geriátricos",,false_no_registro_sanitario
Mifarma,Pack 30 Pediasure Líquido Sabor Chocolate,Pack 30 Pediasure Líquido Sabor Chocolate,,321.30,PEN,available,https://www.mifarma.com.pe/producto/pack-30-pediasure-liquido-chocolate/PACKNT605,PACKNT605,PEDIASURE,algolia_public_search,2026-06-08T00:46:27.902235+00:00,,"INGREDIENTES: Agua, maltodextrina, ACEITES VEGETALES (aceite de canola aceite de maíz, aceite de triglicéridos de cadena media (TCM)), sacarosa, proteína láctea, fructooligosacáridos (FOS), cocoa en polvo, aislado de proteína de soya MINERALES (cloruro de potasio, fosfato tribásico de calcio, citrato de sodio fosfato dibásico de potasio, fosfato dibásico de magnesio, citrato de potasio sulfato ferroso, sulfato de zinc, sulfato de manganeso, sulfato cúprico, yoduro de potasio, molibdato de sodio2, cloruro de cromo3, selenato de sodio), hidrolizado de caseína1, saborizantes, L-arginina, VITAMINAS (ácido ascórbico, cloruro de colina, niacinamida, vitamina E, menaquinona-7, pantotenato de calcio clorhidrato de tiamina, clorhidrato de piridoxina, riboflavina, palmitato de vitamina A, ácido fólico, filoquinona, biotina, vitamina D3, cianocobalamina) monoglicéridos y diglicéridos de ácidos grasos (emulsionante), lecitina de soya (emulsionante), goma xantana (estabilizador), ácido docosahexaenoico (DHA) a partir de aceite de alga, mio-inositol, taurina, L-carnitina. Fuente de fosfopéptidos de caseína, fuente de molibdeno, fuente de cromo. CONTIENE INGREDIENTES DERIVADOS DE LECHE Y SOYA. Este producto es distribuido por Inretail Pharma S.A. (Ley 32033) Nutrición Pensada en ti y tu Familia Vitaminas y Suplementos Multivitamínicos Packs de Nutrición y Bienestar Multivitamínico para Bebés Para Niños Pediasure",,false_no_registro_sanitario
Mifarma,Pack 30 Pediasure Líquido Sabor Vainilla,Pack 30 Pediasure Líquido Sabor Vainilla,,321.30,PEN,available,https://www.mifarma.com.pe/producto/pack-pediasure-liquido-sabor-vainilla/PACKNT520,PACKNT520,PEDIASURE,algolia_public_search,2026-06-08T00:46:27.902666+00:00,,"﻿INGREDIENTES: Agua, maltodextrina, ACEITES VEGETALES (aceite de canola, aceite de maíz, aceite de triglicéridos de cadena media (TCM)), sacarosa, proteína láctea, fructooligosacáridos (FOS), aislado de proteína de soya, MINERALES (cloruro de potasio, fosfato dibásico de potasio, citrato de sodio, fosfato tribásico de calcio, fosfato dibásico de magnesio, citrato de potasio, sulfato ferroso, sulfato de zinc, sulfato de manganeso, sulfato cúprico, yoduro de potasio, molibdato de sodio2, cloruro de cromo3, selenato de sodio), fibra de soya, saborizantes, hidrolizado de caseína1, L-arginina, VITAMINAS (ácido ascórbico, cloruro de colina, niacinamida, vitamina E, pantotenato de calcio, menaquinona-7, clorhidrato de tiamina, clorhidrato de piridoxina, riboflavina, palmitato de vitamina A, ácido fólico, filoquinona, biotina, vitamina D3, cianocobalamina), monoglicéridos y diglicéridos de ácidos grasos (emulsionante), lecitina de soya (emulsionante), goma xantana (estabilizador), ácido docosahexaenoico (DHA) a partir de aceite de alga, mio-inositol, taurina, L-carnitina. Fuente de fosfopéptidos de caseína, fuente de molibdeno, fuente de cromo. CONTIENE INGREDIENTES DERIVADOS DE LECHE Y SOYA. Este producto es distribuido por Inretail Pharma S.A. (Ley 32033) Vitaminas y Suplementos Multivitamínicos Packs de Nutrición y Bienestar Multivitamínico para Bebés Para Niños",,false_no_registro_sanitario
Mifarma,Pack 20 Pediasure Líquido Sabor Chocolate,Pack 20 Pediasure Líquido Sabor Chocolate,,230.00,PEN,available,https://www.mifarma.com.pe/producto/pack-20-pediasure-liquido-chocolate/PACKNT604,PACKNT604,PEDIASURE,algolia_public_search,2026-06-08T00:46:27.903050+00:00,,"INGREDIENTES: Agua, maltodextrina, ACEITES VEGETALES (aceite de canola aceite de maíz, aceite de triglicéridos de cadena media (TCM)), sacarosa, proteína láctea, fructooligosacáridos (FOS), cocoa en polvo, aislado de proteína de soya MINERALES (cloruro de potasio, fosfato tribásico de calcio, citrato de sodio fosfato dibásico de potasio, fosfato dibásico de magnesio, citrato de potasio sulfato ferroso, sulfato de zinc, sulfato de manganeso, sulfato cúprico, yoduro de potasio, molibdato de sodio2, cloruro de cromo3, selenato de sodio), hidrolizado de caseína1, saborizantes, L-arginina, VITAMINAS (ácido ascórbico, cloruro de colina, niacinamida, vitamina E, menaquinona-7, pantotenato de calcio clorhidrato de tiamina, clorhidrato de piridoxina, riboflavina, palmitato de vitamina A, ácido fólico, filoquinona, biotina, vitamina D3, cianocobalamina) monoglicéridos y diglicéridos de ácidos grasos (emulsionante), lecitina de soya (emulsionante), goma xantana (estabilizador), ácido docosahexaenoico (DHA) a partir de aceite de alga, mio-inositol, taurina, L-carnitina. Fuente de fosfopéptidos de caseína, fuente de molibdeno, fuente de cromo. CONTIENE INGREDIENTES DERIVADOS DE LECHE Y SOYA. Este producto es distribuido por Inretail Pharma S.A. (Ley 32033) Nutrición Pensada en ti y tu Familia Vitaminas y Suplementos Multivitamínicos Packs de Nutrición y Bienestar Multivitamínico para Bebés Para Niños Pediasure",,false_no_registro_sanitario
Mifarma,Pack 02 Pediasure Polvo Vainilla + 02 Pediasure Líquido Vainilla,Pack 02 Pediasure Polvo Vainilla + 02 Pediasure Líquido Vainilla,,381.00,PEN,available,https://www.mifarma.com.pe/producto/pack-02-pediasure-polvo-02-pediasure-vainilla/PACKNT557,PACKNT557,PEDIASURE,algolia_public_search,2026-06-08T00:46:27.904651+00:00,,"Pediasure Sabor Vainilla: Lista de Ingredientes: Almidón de maíz hidrolizado, PROTEÍNAS (proteína láctea, aislado de proteína de soya, hidrolizado de caseína1), ACEITES VEGETALES (aceite de girasol alto en oleico, aceite de soya, aceite de canola, aceite de triglicéridos de cadena media (TCM)), sacarosa, fructooligosacáridos (FOS), MINERALES (cloruro de potasio, fosfato de calcio, fosfato de magnesio, citrato de sodio, fosfato de potasio, citrato de potasio, carbonato de calcio, cloruro de sodio, sulfato ferroso, sulfato de zinc, sulfato de manganeso, sulfato de cobre, yoduro de potasio, cloruro de cromo2, selenito de sodio, molibdato de sodio3), emulsionante (lecitina de soya), saborizantes, VITAMINAS (cloruro de colina, ácido ascórbico, palmitato de ascorbilo, dl-alfa-tocoferil acetato, d-pantotenato de calcio, niacinamida, clorhidrato de piridoxina, clorhidrato de tiamina, riboflavina, palmitato de vitamina A, ácido fólico, filoquinona, biotina, vitamina D3, menaquinona-7, cianocobalamina), L-arginina, ácido docosahexaenoico (DHA) a partir de aceite de alga, taurina, m-inositol, L-carnitina, Lactobacillus acidophilus, antioxidante (tocoferol concentrado, mezcla). Fuente de fosfopéptidos de caseína, fuente de cromo, fuente de molibdeno. CONTIENE INGREDIENTES DERIVADOS DE LECHE Y SOYA. Pediasure Líquido Sabor Vainilla: Agua, maltodextrina, ACEITES VEGETALES (aceite de canola, aceite de maíz, aceite de triglicéridos de cadena media (TCM)), sacarosa, proteína láctea, fructooligosacáridos (FOS), aislado de proteína de soya, MINERALES (cloruro de potasio, fosfato dibásico de potasio, citrato de sodio, fosfato tribásico de calcio, fosfato dibásico de magnesio, citrato de potasio, sulfato ferroso, sulfato de zinc, sulfato de manganeso, sulfato cúprico, yoduro de potasio, molibdato de sodio2, cloruro de cromo3, selenato de sodio), fibra de soya, saborizantes, hidrolizado de caseína1, L-arginina, VITAMINAS (ácido ascórbico, cloruro de colina, niacinamida, vitamina E, pantotenato de calcio, menaquinona-7, clorhidrato de tiamina, clorhidrato de piridoxina, riboflavina, palmitato de vitamina A, ácido fólico, filoquinona, biotina, vitamina D3, cianocobalamina), monoglicéridos y diglicéridos de ácidos grasos (emulsionante), lecitina de soya (emulsionante), goma xantana (estabilizador), ácido docosahexaenoico (DHA) a partir de aceite de alga, mio-inositol, taurina, L-carnitina. Fuente de fosfopéptidos de caseína, fuente de molibdeno, fuente de cromo. CONTIENE INGREDIENTES DERIVADOS DE LECHE Y SOYA. Pediasure Sabor Vainilla: Lista de Ingredientes: Almidón de maíz hidrolizado, PROTEÍNAS (proteína láctea, aislado de proteína de soya, hidrolizado de caseína1), ACEITES VEGETALES (aceite de girasol alto en oleico, aceite de soya, aceite de canola, aceite de triglicéridos de cadena media (TCM)), sacarosa, fructooligosacáridos (FOS), MINERALES (cloruro de potasio, fosfato de calcio, fosfato de magnesio, citrato de sodio, fosfato de potasio, citrato de potasio, carbonato de calcio, cloruro de sodio, sulfato ferroso, sulfato de zinc, sulfato de manganeso, sulfato de cobre, yoduro de potasio, cloruro de cromo2, selenito de sodio, molibdato de sodio3), emulsionante (lecitina de soya), saborizantes, VITAMINAS (cloruro de colina, ácido ascórbico, palmitato de ascorbilo, dl-alfa-tocoferil acetato, d-pantotenato de calcio, niacinamida, clorhidrato de piridoxina, clorhidrato de tiamina, riboflavina, palmitato de vitamina A, ácido fólico, filoquinona, biotina, vitamina D3, menaquinona-7, cianocobalamina), L-arginina, ácido docosahexaenoico (DHA) a partir de aceite de alga, taurina, m-inositol, L-carnitina, Lactobacillus acidophilus, antioxidante (tocoferol concentrado, mezcla). Fuente de fosfopéptidos de caseína, fuente de cromo, fuente de molibdeno. CONTIENE INGREDIENTES DERIVADOS DE LECHE Y SOYA. Pediasure Líquido Sabor Vainilla: Agua, maltodextrina, ACEITES VEGETALES (aceite de canola, aceite de maíz, aceite de triglicéridos de cadena media (TCM)), sacarosa, proteína láctea, fructooligosacáridos (FOS), aislado de proteína de soya, MINERALES (cloruro de potasio, fosfato dibásico de potasio, citrato de sodio, fosfato tribásico de calcio, fosfato dibásico de magnesio, citrato de potasio, sulfato ferroso, sulfato de zinc, sulfato de manganeso, sulfato cúprico, yoduro de potasio, molibdato de sodio2, cloruro de cromo3, selenato de sodio), fibra de soya, saborizantes, hidrolizado de caseína1, L-arginina, VITAMINAS (ácido ascórbico, cloruro de colina, niacinamida, vitamina E, pantotenato de calcio, menaquinona-7, clorhidrato de tiamina, clorhidrato de piridoxina, riboflavina, palmitato de vitamina A, ácido fólico, filoquinona, biotina, vitamina D3, cianocobalamina), monoglicéridos y diglicéridos de ácidos grasos (emulsionante), lecitina de soya (emulsionante), goma xantana (estabilizador), ácido docosahexaenoico (DHA) a partir de aceite de alga, mio-inositol, taurina, L-carnitina. Fuente de fosfopéptidos de caseína, fuente de molibdeno, fuente de cromo. CONTIENE INGREDIENTES DERIVADOS DE LECHE Y SOYA. Pediasure Sabor Vainilla: Lista de Ingredientes: Almidón de maíz hidrolizado, PROTEÍNAS (proteína láctea, aislado de proteína de soya, hidrolizado de caseína1), ACEITES VEGETALES (aceite de girasol alto en oleico, aceite de soya, aceite de canola, aceite de triglicéridos de cadena media (TCM)), sacarosa, fructooligosacáridos (FOS), MINERALES (cloruro de potasio, fosfato de calcio, fosfato de magnesio, citrato de sodio, fosfato de potasio, citrato de potasio, carbonato de calcio, cloruro de sodio, sulfato ferroso, sulfato de zinc, sulfato de manganeso, sulfato de cobre, yoduro de potasio, cloruro de cromo2, selenito de sodio, molibdato de sodio3), emulsionante (lecitina de soya), saborizantes, VITAMINAS (cloruro de colina, ácido ascórbico, palmitato de ascorbilo, dl-alfa-tocoferil acetato, d-pantotenato de calcio, niacinamida, clorhidrato de piridoxina, clorhidrato de tiamina, riboflavina, palmitato de vitamina A, ácido fólico, filoquinona, biotina, vitamina D3, menaquinona-7, cianocobalamina), L-arginina, ácido docosahexaenoico (DHA) a partir de aceite de alga, taurina, m-inositol, L-carnitina, Lactobacillus acidophilus, antioxidante (tocoferol concentrado, mezcla). Fuente de fosfopéptidos de caseína, fuente de cromo, fuente de molibdeno. CONTIENE INGREDIENTES DERIVADOS DE LECHE Y SOYA. Pediasure Líquido Sabor Vainilla: Agua, maltodextrina, ACEITES VEGETALES (aceite de canola, aceite de maíz, aceite de triglicéridos de cadena media (TCM)), sacarosa, proteína láctea, fructooligosacáridos (FOS), aislado de proteína de soya, MINERALES (cloruro de potasio, fosfato dibásico de potasio, citrato de sodio, fosfato tribásico de calcio, fosfato dibásico de magnesio, citrato de potasio, sulfato ferroso, sulfato de zinc, sulfato de manganeso, sulfato cúprico, yoduro de potasio, molibdato de sodio2, cloruro de cromo3, selenato de sodio), fibra de soya, saborizantes, hidrolizado de caseína1, L-arginina, VITAMINAS (ácido ascórbico, cloruro de colina, niacinamida, vitamina E, pantotenato de calcio, menaquinona-7, clorhidrato de tiamina, clorhidrato de piridoxina, riboflavina, palmitato de vitamina A, ácido fólico, filoquinona, biotina, vitamina D3, cianocobalamina), monoglicéridos y diglicéridos de ácidos grasos (emulsionante), lecitina de soya (emulsionante), goma xantana (estabilizador), ácido docosahexaenoico (DHA) a partir de aceite de alga, mio-inositol, taurina, L-carnitina. Fuente de fosfopéptidos de caseína, fuente de molibdeno, fuente de cromo. CONTIENE INGREDIENTES DERIVADOS DE LECHE Y SOYA. Nutrición Pensada en ti y tu Familia Vitaminas y Suplementos Multivitamínicos Packs de Nutrición y Bienestar Multivitamínico para Bebés Para Niños Pediasure",,false_no_registro_sanitario
Mifarma,Pack 02 Pediasure Vainilla,Pack 02 Pediasure Vainilla,,358.00,PEN,available,https://www.mifarma.com.pe/producto/pack-pediasure-vainilla/PACKNT550,PACKNT550,PEDIASURE,algolia_public_search,2026-06-08T00:46:28.078754+00:00,,"Lista de Ingredientes: Almidón de maíz hidrolizado, PROTEÍNAS (proteína láctea, aislado de proteína de soya, hidrolizado de caseína1), ACEITES VEGETALES (aceite de girasol alto en oleico, aceite de soya, aceite de canola, aceite de triglicéridos de cadena media (TCM)), sacarosa, fructooligosacáridos (FOS), MINERALES (cloruro de potasio, fosfato de calcio, fosfato de magnesio, citrato de sodio, fosfato de potasio, citrato de potasio, carbonato de calcio, cloruro de sodio, sulfato ferroso, sulfato de zinc, sulfato de manganeso, sulfato de cobre, yoduro de potasio, cloruro de cromo2, selenito de sodio, molibdato de sodio3), emulsionante (lecitina de soya), saborizantes, VITAMINAS (cloruro de colina, ácido ascórbico, palmitato de ascorbilo, dl-alfa-tocoferil acetato, d-pantotenato de calcio, niacinamida, clorhidrato de piridoxina, clorhidrato de tiamina, riboflavina, palmitato de vitamina A, ácido fólico, filoquinona, biotina, vitamina D3, menaquinona-7, cianocobalamina), L-arginina, ácido docosahexaenoico (DHA) a partir de aceite de alga, taurina, m-inositol, L-carnitina, Lactobacillus acidophilus, antioxidante (tocoferol concentrado, mezcla). Fuente de fosfopéptidos de caseína, fuente de cromo, fuente de molibdeno. CONTIENE INGREDIENTES DERIVADOS DE LECHE Y SOYA. Este producto es distribuido por Inretail Pharma S.A. (Ley 32033) Vitaminas y Suplementos Multivitamínicos Multivitamínico para Bebés Para Niños",,false_no_registro_sanitario
Mifarma,Efer-C 1g/5g Polvo Efervescente,Efer-C 1g/5g Polvo Efervescente,,83.00,PEN,available,https://www.mifarma.com.pe/producto/efer-c-1g-5g-polvo-efervescente/510183,510183,EFER-C,algolia_public_search,2026-06-08T00:46:28.078936+00:00,,"Cada sobre contiene: Vitamina C 1g (Acido ascórbico), Excipientes c.s. Este producto es distribuido por Inretail Pharma S.A. (Ley 32033) Vitaminas Vitamina C",,false_no_registro_sanitario
Mifarma,Mucovit Jarabe,Mucovit Jarabe,,34.00,PEN,available,https://www.mifarma.com.pe/producto/mucovit-jarabe/134506,134506,MUCOVIT,algolia_public_search,2026-06-08T00:46:28.079075+00:00,,Vitamina A | Vitamina E | Ácido ascórbico | Vitamina D 50000UI | 100mg | 1000mg | 8000UI Este producto es distribuido por Inretail Pharma S.A. (Ley 32033) Vitaminas y Complementos,,false_no_registro_sanitario
Mifarma,Neurobion Tableta Recubierta,Neurobion Tableta Recubierta,,8.80,PEN,available,https://www.mifarma.com.pe/producto/neurobion-tableta-recubierta/123472,123472,NEUROBION,algolia_public_search,2026-06-08T00:46:28.079595+00:00,,"Cada tableta recubierta contiene: • Vitamina B1 100 mg • Vitamina B6 200 mg • Vitamina B12 200mcg Este producto es distribuido por Inretail Pharma S.A. (Ley 32033) Preguntas frecuentes .faq-grid { display: grid; grid-template-columns: repeat(2, 1fr); gap: 16px; margin: 24px 0; } .faq-card { background: #f8f9fa; border: 1px solid #e9ecef; border-radius: 10px; padding: 20px 24px; } .faq-card h3 { font-size: 16px; font-weight: 600; color: #1a1a1a; margin: 0 0 10px; line-height: 1.4; } .faq-card p { font-size: 14px; color: #555; margin: 0; line-height: 1.7; } @media (max-width: 600px) { .faq-grid { grid-template-columns: 1fr; } } ¿Qué contiene Neurobion Tableta Recubierta? Neurobion contiene vitaminas del complejo B en presentación de tabletas recubiertas. Este tipo de formulaciones suele incluir vitaminas B1, B6 y B12. ¿Qué diferencia tiene una tableta recubierta? Las tabletas recubiertas cuentan con una capa externa utilizada en distintas presentaciones farmacéuticas de administración oral. ¿Cómo se administra Neurobion en tabletas? Las tabletas recubiertas se consumen por vía oral acompañadas de agua. La frecuencia de uso debe respetar las indicaciones señaladas en el envase. ¿Qué significa complejo B en suplementos vitamínicos? El término complejo B hace referencia a un grupo de vitaminas hidrosolubles presentes en distintos suplementos y productos vitamínicos. Vitaminas Lo Mejor de P&G Health Vitamina B Neurobion",,false_no_registro_sanitario
Mifarma,Raquiferol D3 NF 200000 UI-2ml Solución Oral,Raquiferol D3 NF 200000 UI-2ml Solución Oral,,25.70,PEN,available,https://www.mifarma.com.pe/producto/raquiferol-d3-nf-200000-ui-2ml-solucion-oral/314526,314526,RAQUIFEROL D3 NF,algolia_public_search,2026-06-08T00:46:28.079786+00:00,,Cada frasco de 2 mL contiene: Colecalciferol 200 000 UI (Equivalente a 5 mg de Vitamina D3) Excipientes c.s.p 2 mL Este producto es distribuido por Inretail Pharma S.A. (Ley 32033) Problemas Generales Vitaminas y Complementos Suplemento Dietario Vitamina D,,false_no_registro_sanitario
Mifarma,GeroMucovit Max Cápsula,GeroMucovit Max Cápsula,,153.60,PEN,available,https://www.mifarma.com.pe/producto/geromucovit-max-capsula/314372,314372,GEROMUCOVIT MAX,algolia_public_search,2026-06-08T00:46:28.079993+00:00,,Cada cápsula contiene: Vitamina A (Retinol) 10 000.000 UI Vitamina B1 (Tiamina) 1.100 mg Vitamina B2 (Riboflavina) 1.100 mg Vitamina B5 (Ácido Pantoténico) 5.000 mg Vitamina B6 (Piridoxina) 50.000 mg Vitamina C (Ácido ascórbico) 150.000 mg Vitamina E (Acetato de Alfa Tocoferilo) 38.415 mg Excipientes c.s.p. Este producto es distribuido por Inretail Pharma S.A. (Ley 32033) Multivitamínicos Suplementos / Complementos Vitaminas y Complementos Adulto Vitamina B Para Adultos,,false_no_registro_sanitario
Mifarma,Pediasure Sabor Chocolate Polvo,Pediasure Sabor Chocolate Polvo,,179.00,PEN,available,https://www.mifarma.com.pe/producto/pediasure-sabor-chocolate-lata-1-6kg/308956,308956,PEDIASURE,algolia_public_search,2026-06-08T00:46:28.081601+00:00,,"Almidón de maíz hidrolizado, PROTEÍNAS (proteína láctea, aislado de proteína de soya, hidrolizado de caseína1), ACEITES VEGETALES (aceite de girasol alto en oleico, aceite de soya, aceite de canola, aceite de triglicéridos de cadena media (TCM)), sacarosa, cocoa en polvo, fructooligosacáridos (FOS), MINERALES (cloruro de potasio, fosfato de calcio, fosfato de magnesio, citrato de sodio, fosfato de potasio, citrato de potasio, carbonato de calcio, cloruro de sodio, sulfato ferroso, sulfato de zinc, sulfato de manganeso, sulfato de cobre, yoduro de potasio, cloruro de cromo2, selenito de sodio, molibdato de sodio3), emulsionante (lecitina de soya), saborizantes, VITAMINAS (cloruro de colina, ácido ascórbico, palmitato de ascorbilo, dl-alfa-tocoferil acetato, d-pantotenato de calcio, niacinamida, clorhidrato de piridoxina, clorhidrato de tiamina, riboflavina, palmitato de vitamina A, ácido fólico, filoquinona, biotina, vitamina D3, menaquinona-7, cianocobalamina), L-arginina, ácido docosahexaenoico (DHA) a partir de aceite de alga, taurina, m-inositol, L-carnitina, Lactobacillus acidophilus, antioxidante (tocoferol concentrado, mezcla).1Fuente de fosfopéptidos de caseína, 2fuente de cromo, 3fuente de molibdeno. CONTIENE INGREDIENTES DERIVADOS DE LECHE Y SOYA. Este producto es distribuido por Inretail Pharma S.A. (Ley 32033) Nutrición Pensada en ti y tu Familia Vitaminas y Suplementos Multivitamínicos Multivitamínico para Bebés Para Niños Pediasure",,false_no_registro_sanitario
Mifarma,Pediasure Sabor Chocolate Polvo,Pediasure Sabor Chocolate Polvo,,102.90,PEN,available,https://www.mifarma.com.pe/producto/pediasure-sabor-chocolate-lata850-gr/308954,308954,PEDIASURE,algolia_public_search,2026-06-08T00:46:28.082034+00:00,,"Lista de Ingredientes: Almidón de maíz hidrolizado, PROTEÍNAS (proteína láctea, aislado de proteína de soya, hidrolizado de caseína1), ACEITES VEGETALES (aceite de girasol alto en oleico, aceite de soya, aceite de canola, aceite de triglicéridos de cadena media (TCM)), sacarosa, cocoa en polvo, fructooligosacáridos (FOS), MINERALES (cloruro de potasio, fosfato de calcio, fosfato de magnesio, citrato de sodio, fosfato de potasio, citrato de potasio, carbonato de calcio, cloruro de sodio, sulfato ferroso, sulfato de zinc, sulfato de manganeso, sulfato de cobre, yoduro de potasio, cloruro de cromo2, selenito de sodio, molibdato de sodio3), emulsionante (lecitina de soya), saborizantes, VITAMINAS (cloruro de colina, ácido ascórbico, palmitato de ascorbilo, dl-alfa-tocoferil acetato, d-pantotenato de calcio, niacinamida, clorhidrato de piridoxina, clorhidrato de tiamina, riboflavina, palmitato de vitamina A, ácido fólico, filoquinona, biotina, vitamina D3, menaquinona-7, cianocobalamina), L-arginina, ácido docosahexaenoico (DHA) a partir de aceite de alga, taurina, m-inositol, L-carnitina, Lactobacillus acidophilus, antioxidante (tocoferol concentrado, mezcla). Fuente de fosfopéptidos de caseína, fuente de cromo, fuente de molibdeno. CONTIENE INGREDIENTES DERIVADOS DE LECHE Y SOYA. Este producto es distribuido por Inretail Pharma S.A. (Ley 32033) Nutrición Pensada en ti y tu Familia Vitaminas y Suplementos Multivitamínicos Multivitamínico para Bebés Para Niños Pediasure",,false_no_registro_sanitario
Mifarma,Pediasure Sabor Vainilla Polvo,Pediasure Sabor Vainilla Polvo,,102.90,PEN,available,https://www.mifarma.com.pe/producto/pediasure-sabor-vainilla-lata850-gr/308953,308953,PEDIASURE,algolia_public_search,2026-06-08T00:46:28.082457+00:00,,"Lista de Ingredientes: Almidón de maíz hidrolizado, PROTEÍNAS (proteína láctea, aislado de proteína de soya, hidrolizado de caseína1), ACEITES VEGETALES (aceite de girasol alto en oleico, aceite de soya, aceite de canola, aceite de triglicéridos de cadena media (TCM)), sacarosa, fructooligosacáridos (FOS), MINERALES (cloruro de potasio, fosfato de calcio, fosfato de magnesio, citrato de sodio, fosfato de potasio, citrato de potasio, carbonato de calcio, cloruro de sodio, sulfato ferroso, sulfato de zinc, sulfato de manganeso, sulfato de cobre, yoduro de potasio, cloruro de cromo2, selenito de sodio, molibdato de sodio3), emulsionante (lecitina de soya), saborizantes, VITAMINAS (cloruro de colina, ácido ascórbico, palmitato de ascorbilo, dl-alfa-tocoferil acetato, d-pantotenato de calcio, niacinamida, clorhidrato de piridoxina, clorhidrato de tiamina, riboflavina, palmitato de vitamina A, ácido fólico, filoquinona, biotina, vitamina D3, menaquinona-7, cianocobalamina), L-arginina, ácido docosahexaenoico (DHA) a partir de aceite de alga, taurina, m-inositol, L-carnitina, Lactobacillus acidophilus, antioxidante (tocoferol concentrado, mezcla). Fuente de fosfopéptidos de caseína, fuente de cromo, fuente de molibdeno. CONTIENE INGREDIENTES DERIVADOS DE LECHE Y SOYA. Este producto es distribuido por Inretail Pharma S.A. (Ley 32033) Nutrición Pensada en ti y tu Familia Vitaminas y Suplementos Multivitamínicos Multivitamínico para Bebés Para Niños Pediasure",,false_no_registro_sanitario
Mifarma,Pediasure Sabor Chocolate Polvo,Pediasure Sabor Chocolate Polvo,,54.50,PEN,available,https://www.mifarma.com.pe/producto/pediasure-sabor-chocolate-lata400-gr/308952,308952,PEDIASURE,algolia_public_search,2026-06-08T00:46:28.082898+00:00,,"Lista de Ingredientes: Almidón de maíz hidrolizado, PROTEÍNAS (proteína láctea, aislado de proteína de soya, hidrolizado de caseína1), ACEITES VEGETALES (aceite de girasol alto en oleico, aceite de soya, aceite de canola, aceite de triglicéridos de cadena media (TCM)), sacarosa, cocoa en polvo, fructooligosacáridos (FOS), MINERALES (cloruro de potasio, fosfato de calcio, fosfato de magnesio, citrato de sodio, fosfato de potasio, citrato de potasio, carbonato de calcio, cloruro de sodio, sulfato ferroso, sulfato de zinc, sulfato de manganeso, sulfato de cobre, yoduro de potasio, cloruro de cromo2, selenito de sodio, molibdato de sodio3), emulsionante (lecitina de soya), saborizantes, VITAMINAS (cloruro de colina, ácido ascórbico, palmitato de ascorbilo, dl-alfa-tocoferil acetato, d-pantotenato de calcio, niacinamida, clorhidrato de piridoxina, clorhidrato de tiamina, riboflavina, palmitato de vitamina A, ácido fólico, filoquinona, biotina, vitamina D3, menaquinona-7, cianocobalamina), L-arginina, ácido docosahexaenoico (DHA) a partir de aceite de alga, taurina, m-inositol, L-carnitina, Lactobacillus acidophilus, antioxidante (tocoferol concentrado, mezcla). Fuente de fosfopéptidos de caseína, fuente de cromo, fuente de molibdeno. CONTIENE INGREDIENTES DERIVADOS DE LECHE Y SOYA. Este producto es distribuido por Inretail Pharma S.A. (Ley 32033) Nutrición Pensada en ti y tu Familia Vitaminas y Suplementos Multivitamínicos Multivitamínico para Bebés Para Niños Pediasure",,false_no_registro_sanitario
Mifarma,Kidcal Zinc Sabor a Fresa Suspensión Oral,Kidcal Zinc Sabor a Fresa Suspensión Oral,A-300,54.00,PEN,available,https://www.mifarma.com.pe/producto/kidcal-zinc-sabor-fresa-suspension-oral/308738,308738,KIDCAL,algolia_public_search,2026-06-08T00:46:28.083120+00:00,,"Cada 5 mL contienen: Carbonato de Calcio precipitado liviano 750 mg(equivalente a 300 mg de Ión Calcio), Vitamina D3 (Colecalciferol) cristalina 0,0025 mg(equivalente a 100 U.I.), Oxido de Zinc 9,333mg (equivalente a 7,5 mg de Ión Zinc), Excipientes c.s.p. 5 mL. Este producto es distribuido por Inretail Pharma S.A. (Ley 32033) Vitaminas y Suplementos Multivitamínicos Multivitamínico para Bebés Para Niños",page_or_detail_regex,false_no_component_match
Mifarma,Vitathon Gragea,Vitathon Gragea,,142.50,PEN,available,https://www.mifarma.com.pe/producto/vitathon-gragea-100/308305,308305,K2 PHARMAVIDA,algolia_public_search,2026-06-08T00:46:28.083265+00:00,,"Vitaminas B1: 5 mg, B2: 2 mg B3: 15 mg, ,B6: 1 mg, B12: 2 mg C: 10mg, E:2.5mg, y otros. Este producto es distribuido por Inretail Pharma S.A. (Ley 32033) Vitaminas y Complementos Vitamina B",,false_no_registro_sanitario
Mifarma,Enfamil Mamá para Mujeres en Periodo de Embarazo y Lactancia,Enfamil Mamá para Mujeres en Periodo de Embarazo y Lactancia,,64.80,PEN,available,https://www.mifarma.com.pe/producto/enfamil-mama-para-mujeres-embarazadas-y-lactancia/306058,306058,ENFAMIL,algolia_public_search,2026-06-08T00:46:28.083638+00:00,,"Maltodextrina, leche estandarizada, fibra dietaria (polidextrosa (PDX), galacto-oligosacáridos (GOS), inulina), aceites vegetales*, lactosa, ácido docosahexaenoico (DHA), saborizantes (natural a leche, natural y artificial a vainilla), lecitina (emulsionante, SIN 322i), concentrado de proteína de suero**, palmitato de ascorbilo (antioxidante, SIN 304) e hidróxido de potasio (regulador de la acidez, SIN 525). MINERALES: carbonato de calcio, fosfato de magnesio, citrato de potasio, fosfato de calcio, sulfato ferroso, óxido de magnesio, sulfato de zinc, sulfato de manganeso, gluconato de cobre y selenito de sodio. VITAMINAS: bitartrato de colina, vitamina E, vitamina C, niacinamida, vitamina A, vitamina D3, biotina, vitamina K, pantotenato de calcio, clorhidrato de tiamina, clorhidrato de piridoxina y ácido fólico. CONTIENE: LECHE, LACTOSA, SOYA* (*Aceite de soya, el cual es libre de alergenos por ser altamente refinado) Y DERIVADOS DE PESCADO. **Membrana del glóbulo de grasa de leche, MFGM por sus siglas en inglés. Por su denominación del fabricante. Este producto es distribuido por Inretail Pharma S.A. (Ley 32033) Vitaminas y Suplementos Suplementos y Vitaminas Enfamil para Mamá Ácido Fólico",,false_no_registro_sanitario
Mifarma,Geriaplus Inmunoact Polvo Sabor chocolate,Geriaplus Inmunoact Polvo Sabor chocolate,,89.90,PEN,available,https://www.mifarma.com.pe/producto/geriaplus-inmunoact-polvo-sabor-chocolate/816840,816840,GERIAPLUS,algolia_public_search,2026-06-08T00:46:28.084186+00:00,,"Leche descremada en polvo, Proteínaaislada de soya, Aceite de canola (Ácidolinolénico/ Ácido linoleico), Polidextrosa(SIN 1200), Cocoa, Fibra de avena,Maltodextrina, Premix de vitaminas yminerales, Lactosuero, Sabor chocolate,Fosfato Tricálcico (fuente de fósforo ycalcio), Aceite de pescado (Fuente deDHA/EPA), Betaglucano, Dióxido de silicio(SIN 551), Color chocolate (SIN 129, SIN 150d,SIN 551), Sucralosa (SIN 955). Este producto es distribuido por Inretail Pharma S.A. (Ley 32033) Suplementos Nutricionales Suplementos / Complementos Suplementos y Vitaminas Nutrición Adulto Adultos Adulto Geriátricos Geriaplus y Vital Vitaminado en Varios Sabores",,false_no_registro_sanitario
Mifarma,Geriaplus Inmunoact Polvo Sabor lúcuma,Geriaplus Inmunoact Polvo Sabor lúcuma,,89.90,PEN,available,https://www.mifarma.com.pe/producto/geriaplus-inmunoact-polvo-sabor-lucuma/816838,816838,GERIAPLUS,algolia_public_search,2026-06-08T00:46:28.084423+00:00,,"Leche descremada en polvo, Proteínaaislada de soya, Aceite de canola (Ácidolinolénico/ Ácido linoleico), Polidextrosa(SIN 1200), Fibra de avena, Maltodextrina,Lactosuero, Premix de vitaminasy minerales, Sabor lúcuma, Fosfatotricálcico (fuente de fósforo y calcio), Aceite de pescado (Fuente de DHA/EPA),Betaglucano, Dióxido de silicio (SIN 551),Colorante lúcuma (SIN 110, SIN 129, SIN133), Sucralosa (SIN 955). Este producto es distribuido por Inretail Pharma S.A. (Ley 32033) Suplementos Nutricionales Suplementos / Complementos Suplementos y Vitaminas Nutrición Adulto Adultos Adulto Geriátricos Geriaplus y Vital Vitaminado en Varios Sabores",,false_no_registro_sanitario
Mifarma,Altad Caps 50 000Ui Cápsula Blanda,Altad Caps 50 000Ui Cápsula Blanda,,72.10,PEN,available,https://www.mifarma.com.pe/producto/altad-caps-50-000Ui-capsula-blanda/289780,289780,EUROFARMA,algolia_public_search,2026-06-08T00:46:28.084608+00:00,,Cada cápsula blanda: Colecalciferol………………..… 50 000 UI (equivalente a 1.25 mg de vitamina D3) Este producto es distribuido por Inretail Pharma S.A. (Ley 32033) Vitaminas para Adultos Vitaminas Vitamina D,,false_no_registro_sanitario
Mifarma,Altad Caps 7000 Ui Cápsula Blanda,Altad Caps 7000 Ui Cápsula Blanda,,34.20,PEN,available,https://www.mifarma.com.pe/producto/altad-caps-7000-Ui-capsula-blanda/289779,289779,EUROFARMA,algolia_public_search,2026-06-08T00:46:28.084780+00:00,,"Cada cápsula blanda: Colecalciferol………………..… 7 000 UI (equivalente a 0,175 mg de vitamina D3) Este producto es distribuido por Inretail Pharma S.A. (Ley 32033) Vitaminas para Adultos Vitaminas Vitamina D",,false_no_registro_sanitario
Mifarma,Farma D Gotas 200UI Solución oral,Farma D Gotas 200UI Solución oral,DE3267,55.00,PEN,available,https://www.mifarma.com.pe/producto/farma-d-gotas-200ui-solucion-oral/287377,287377,Quibi,algolia_public_search,2026-06-08T00:46:28.084923+00:00,,"Cada 5 gotas contiene Vitamina D 1000 UI, Cada gota contiene 200 UI. Este producto es distribuido por Inretail Pharma S.A. (Ley 32033) Multivitamínicos Vitaminas Para Niños Vitamina D",digemid_name_inference,false_no_component_match
Mifarma,Similac NeoSure HMO,Similac NeoSure HMO,,91.90,PEN,available,https://www.mifarma.com.pe/producto/similac-neosure-lata-370-g/814843,814843,SIMILAC,algolia_public_search,2026-06-08T00:46:28.085384+00:00,,"Maltodextrina, ACEITES VEGETALES (aceite de soya, aceite de girasol alto en oleico, aceite de triglicéridos de cadena media (TCM), aceite de coco), leche descremada en polvo, lactosa, concentrado de proteína de suero, MINERALES (carbonato de calcio, fosfato de potasio, hidróxido de potasio (SIN 525 regulador de la acidez), fosfato tricálcico, cloruro de sodio, cloruro de magnesio, sulfato ferroso, sulfato de zinc, sulfato de cobre, sulfato de manganeso, yoduro de potasio, selenato de sodio), ácido araquidónico (AA) proveniente de aceite de M. alpina , VITAMINAS (ascorbato de sodio, ácido ascórbico, palmitato de ascorbilo (SIN 304 función parcial antioxidante), niacinamida, acetato de d-alfa tocoferilo, d-pantotenato de calcio, palmitato de vitamina A, clorhidrato de tiamina, ribo avina, clorhidrato de piridoxina, ácido fólico, loquinona, d-biotina, colecalciferol, cianocobalamina), *oligosacárido2'-fucosil lactosa (2'-FL), lecitina (SIN 322 emulsi cante), ácido docosahexaenoico (DHA) proveniente de aceite de C. cohnii, NUCLEOTIDOS (5'-monofosfato de citidina, 5'-monofosfato de uridina disódica, 5' -monofosfato de guanosina disódica, 5' -monofosfato de adenosina), cloruro de colina, taurina,L-carnitina, mio-inositol, mezcla de tocoferoles (SIN 307bfunción parcial antioxidante), CAROTENOIDE (beta caroteno).Contiene derivados de leche y derivados de soya. Este producto es distribuido por Inretail Pharma S.A. (Ley 32033) Similac®NeoSureTM es una fórmula que provee una adecuada densidad calórica y contiene prebiótico 2'-FL HMO*, vitaminas y minerales. Similac®NeoSureTM debe ser recomendado por el profesional de la salud. No para uso en galactosemia. Vitaminas y Suplementos Multivitamínicos Multivitamínico para Bebés Para Niños",,false_no_registro_sanitario
Mifarma,Farma D 5000UI Cápsula Blanda,Farma D 5000UI Cápsula Blanda,,79.00,PEN,available,https://www.mifarma.com.pe/producto/farma-d-5000ui-capsula-blanda/279798,279798,FARMAKONSUMA,algolia_public_search,2026-06-08T00:46:28.085551+00:00,,Vitamina D3 5000UI Este producto es distribuido por Inretail Pharma S.A. (Ley 32033) Vitaminas para Adultos Vitaminas y Complementos Vitamina D,,false_no_registro_sanitario
Mifarma,Deblax 100000 UI Cápsulas Blandas,Deblax 100000 UI Cápsulas Blandas,,145.00,PEN,available,https://www.mifarma.com.pe/producto/deblax-100000-ui-capsulas-blandas/279041,279041,TECNOFARMA,algolia_public_search,2026-06-08T00:46:28.085693+00:00,,"Cada cápsula blanda, contiene: Vitamina D3 (Colecalciferol) 100.000 UI Aceite de soja Vitamina E acetato Este producto es distribuido por Inretail Pharma S.A. (Ley 32033) Vitaminas para Adultos",,false_no_registro_sanitario
Mifarma,Deblax 100000UI Cápsula blanda,Deblax 100000UI Cápsula blanda,,82.40,PEN,available,https://www.mifarma.com.pe/producto/deblax-100000-u-i-capsula-blanda/547919,547919,DEBLAX,algolia_public_search,2026-06-08T00:46:28.085809+00:00,,Vitamina D3 100000UI Este producto es distribuido por Inretail Pharma S.A. (Ley 32033) Vitaminas para Adultos,,false_no_registro_sanitario
Mifarma,Colnatur Complex Polvo para Solución Oral,Colnatur Complex Polvo para Solución Oral,,151.90,PEN,available,https://www.mifarma.com.pe/producto/colnatur-complex-polvo-para-solucion-oral/538341,538341,Bagó,algolia_public_search,2026-06-08T00:46:28.085974+00:00,,Grasas 0.0g| Hidratos de Carbono 0.1g| Proteínas 10.0g| Colágeno Hidrolizado 10.0g | Sal (Sodio x 2.5) 0.1g| Magnesio 150mg| Vitamina C 32mg| Acido Hialurónico 25mg Este producto es distribuido por Inretail Pharma S.A. (Ley 32033) Suplementos Nutricionales Suplementos y Vitaminas Busca tu Marca de Colágeno Ideal Colágenos,,false_no_registro_sanitario
Mifarma,Vitesol B6 Cápsulas blandas,Vitesol B6 Cápsulas blandas,E-400UI,43.80,PEN,available,https://www.mifarma.com.pe/producto/vitesol-b6-capsulas-blandas/571256,571256,VITESOL,algolia_public_search,2026-06-08T00:46:28.086729+00:00,,Vitamina E 400UI| Vitamina B6 50mg Este producto es distribuido por Inretail Pharma S.A. (Ley 32033) Vitaminas Vitamina B,page_or_detail_regex,false_no_component_match
Mifarma,MyProtein Impact Whey Protein Natural Vainilla Polvo,MyProtein Impact Whey Protein Natural Vainilla Polvo,,138.80,PEN,available,https://www.mifarma.com.pe/producto/mp-impact-whey-protein-natural-vainilla-polvo/307216,307216,MYPROTEIN,algolia_public_search,2026-06-08T00:46:28.087038+00:00,,"Composición Tamaño de porción: 30 g por scoop Aprox. 33 porciones por envase Valor Valor energético 113 kcal Proteínas totales 22 g Carbohidratos totales 2.3 g Azúcares añadidos 0 g Grasas totales 1.8 g Grasas saturadas 1.1 g Grasas trans 0 g Sodio 52 mg Potasio 10 mg Creatina 3 g Ingredientes: Proteína de suero de leche, Creatina (monohidratada), L-Leucina, L-Isoleucina, L-Valina, Colecalciferol Vitamina D3, Ácido L-ascórbico (Vitamina C), Lecitina de soja, Sucralosa, Acesulfamo de potasio Este producto es distribuido por Inretail Pharma S.A. (Ley 32033) Promociones en Suplementos y Vitaminas Suplementos Nutricionales Nutrición Deportiva Fitness y Deportivos Deportivos Suplementos Deportivos Más Proteinas con Mejores Resultados",,false_no_registro_sanitario
Mifarma,Colageno Marino Hidrolizado Articular Polvo Oral,Colageno Marino Hidrolizado Articular Polvo Oral,,114.70,PEN,available,https://www.mifarma.com.pe/producto/colageno-marino-hidrolizado-articular-polvo-oral/320433,320433,DRASANVI,algolia_public_search,2026-06-08T00:46:28.087695+00:00,,"Colágeno Marino Hidrolizado cada 5 gr contiene: (Contiene PESCADO,Tipo I, muy bajo peso molecular) (Proteina 93% = 2331.97mg) 2507.5 mg, Clorhidrato de glucosamina (Contiene CRUSTÁCEOS) (Glucosamina 90% = 501.75 mg) 557.5 mg, Carbonato de Magnesio (Magnesio 28.8% = 126 mg) 437.5 mg, Citrato de Calcio (Calcio 21% = 100.56 mg) 478.86 mg, Metil Sulfonil Metano (MSM) (Azufre 34% = 53.55 mg) 157.5 mg, Condroitina Sulfato (Condroitina 90% = 74.25%) 82.5 mg, Ácido Hialurónico 74 mg,Péptido de colágeno (Contiene PESCADO, colágeno marino Tipo II) (Proteína 62% = 17.05 mg) 27.5 mg, Extracto seco de Bambú (Bambusa arundinacea (tallo) 75% silicio = 20.62 mg) 27.5 mg, Gluconato de cobre (Cobre 14% = 0.5 mg) 3.57 mg, Colecalciferol (Vitamina D3 0.25% = 5 μg) 2 mg, Sulfato de manganeso (Manganeso 32.5% = 0.5 mg) 1.56 mg. Excipientes csp. Este producto es distribuido por Inretail Pharma S.A. (Ley 32033) Suplementos Nutricionales Suplementos y Vitaminas Busca tu Marca de Colágeno Ideal Colágenos",,false_no_registro_sanitario
Mifarma,Pack 02 Sunvit B-12 1000MCG,Pack 02 Sunvit B-12 1000MCG,,110.70,PEN,available,https://www.mifarma.com.pe/producto/pack-02-sunvit-b-12-1000mcg/PACKNT201,PACKNT201,SUNVIT,algolia_public_search,2026-06-08T00:46:28.087861+00:00,,Vitamina B 12 1000 mcg Este producto es distribuido por Inretail Pharma S.A. (Ley 32033) Suplemento dietético Vitaminas Suplementos y Vitaminas Packs de Nutrición y Bienestar Vitamina B-Complejo B B6 y B12 Vitamina B,,false_no_registro_sanitario
Mifarma,Colageno Marino Hidrolizado Sabor Vainilla Polvo Oral,Colageno Marino Hidrolizado Sabor Vainilla Polvo Oral,,106.20,PEN,available,https://www.mifarma.com.pe/producto/colageno-marino-hidrolizado-sabor-vainilla-polvo/320437,320437,DRASANVI,algolia_public_search,2026-06-08T00:46:28.088066+00:00,,"Colágeno Marino Hidrolizado Cada cuchara dosi_cadora (5g) contiene: Colágeno Marino Hidrolizado Enzimáticamente (Contiene pescado , Tipo I, muy bajo peso molecular) 4417 mg, Carbonato de Magnesio (Magnesio 28.8%) 426 mg, Extracto seco de Acerola (Malpighia punicifolia , Vitamina C al 25%) 145.5 mg, Ácido Hialurónico 4.55 mg. Excipientes: Aroma de Vainilla. Este producto es distribuido por Inretail Pharma S.A. (Ley 32033) Suplementos Nutricionales Suplementos y Vitaminas Busca tu Marca de Colágeno Ideal Colágenos",,false_no_registro_sanitario
Mifarma,Colágeno Marino Hidrolizado sabor Limon Polvo para Solución Oral,Colágeno Marino Hidrolizado sabor Limon Polvo para Solución Oral,,106.20,PEN,available,https://www.mifarma.com.pe/producto/colageno-marino-hidrolizado-sabor-limon-polvo/320436,320436,DRASANVI,algolia_public_search,2026-06-08T00:46:28.088260+00:00,,"Cada cuchara dosificadora (5g) contiene: Colágeno Marino Hidrolizado enzimáticamente(Contiene pescado, Tipo I, muy bajo peso molecular) 4198 mg, Carbonato de Magnesio (Magnesio28,8%) 407.4 mg, Extracto seco de Acerola (Malpighia punicifolia, al 25% en Vitamina C) 139 mg,Ácido Hialurónico 4.4 mg. Este producto es distribuido por Inretail Pharma S.A. (Ley 32033) Suplementos Nutricionales Suplementos y Vitaminas Busca tu Marca de Colágeno Ideal Colágenos",,false_no_registro_sanitario
Mifarma,Colageno Marino Hidrolizado Sabor Limón Polvo Oral,Colageno Marino Hidrolizado Sabor Limón Polvo Oral,A-117,106.20,PEN,available,https://www.mifarma.com.pe/producto/colageno-marino-hidrolizado-sabor-limon-polvo-oral/320434,320434,DRASANVI,algolia_public_search,2026-06-08T00:46:28.088515+00:00,,"Colágeno Marino Hidrolizado Cada cuchara dosificadora (5 g) contiene: Colágeno Marino Hidrolizado, Contiene pescado, Tipo I, muy bajo peso molecular 4147.55 mg, Carbonato de Magnesio 409.25 mg (Eq. a 117.8 mg de Magnesio), Extracto seco de Acerola (Malpighia punicifolia L., 25% de Vitamina C = 34.8 mg) 139 mg, Extracto seco de Cúrcuma (Curcuma longa Vahl. con 6.25 mg/g de curcumina soluble = 0.27 mg) 43.5 mg, Ácido Hialurónico 13 mg. Este producto es distribuido por Inretail Pharma S.A. (Ley 32033) Suplementos Nutricionales Suplementos y Vitaminas Busca tu Marca de Colágeno Ideal Colágenos",page_or_detail_regex,false_no_component_match
Mifarma,Omepur 3 Alta Concentración Drasanvi Cápsula Blanda,Omepur 3 Alta Concentración Drasanvi Cápsula Blanda,,97.70,PEN,available,https://www.mifarma.com.pe/producto/omepur-3-alta-concentracion-drasanvi-capsula-blanda/320584,320584,DRASANVI,algolia_public_search,2026-06-08T00:46:28.088872+00:00,,Ingredientes: Cada cápsula blanda contiene: Aceite de pescado concentrado*(contiene PESCADO) (EPA 46%=239.2 mg. DHA 38%=197.6 mg. Omega 313.3=69.16 mg) 520 mg. Vitamina E (Acetato de tocoferol) 1.34 mg. Este producto es distribuido por Inretail Pharma S.A. (Ley 32033) Vitaminas para Adultos Suplementos Nutricionales Suplementos y Vitaminas Omega 3-Fish Oil Naturales,,false_no_registro_sanitario
Mifarma,Pack 02 Sunvit Vit E 400UI,Pack 02 Sunvit Vit E 400UI,E-400,96.90,PEN,available,https://www.mifarma.com.pe/producto/pack-02-sunvit-vit-e-400ui/PACKNT202,PACKNT202,SUNVIT,algolia_public_search,2026-06-08T00:46:28.089011+00:00,,Vitamina E 400 UI 180mg Este producto es distribuido por Inretail Pharma S.A. (Ley 32033) Suplemento dietético Vitaminas Packs de Nutrición y Bienestar Vitamina E,page_or_detail_regex,false_no_component_match
Mifarma,Pack 02 Gomitas More Happy Night Sabor Cola,Pack 02 Gomitas More Happy Night Sabor Cola,,90.90,PEN,available,https://www.mifarma.com.pe/producto/pack-02-gomitas-more-happy-night/PACKNT75,PACKNT75,MORE,algolia_public_search,2026-06-08T00:46:28.089429+00:00,,"Agua, Emulsionantes: Jarabe de Maltitol (SIN 965(ii)) y Maltitol(SIN 965(i)), Gelatina, Azúcar, Sulfato de Magnesio,Regulador de la acidez: Ácido cítrico (SIN 330), Triptófano, Saborizante a Cola Roja, Sustancia conservadora: Sorbato de potasio (SIN 202), Colorante: Caramelo (SIN 150d), Edulcorante: Sucralosa (SIN 955), Vitamina B6. Este producto es distribuido por Inretail Pharma S.A. (Ley 32033) Minerales Suplementos y Vitaminas Packs de Nutrición y Bienestar Ayuda a Relajarte y Dormir Mejor Gomitas Funcionales para Todo Zinc",,false_no_registro_sanitario
Mifarma,Pack More Calm Arándano + More Multi Frutos Rojos,Pack More Calm Arándano + More Multi Frutos Rojos,,90.90,PEN,available,https://www.mifarma.com.pe/producto/pack-more-calm-arandano-multi-frutos-rojos/PACKNT680,PACKNT680,MORE,algolia_public_search,2026-06-08T00:46:28.089754+00:00,,"Gomitas More Multivit Frutos rojos: Agua, Emulsionantes: Jarabe de maltitol (SIN 965(ii)) y Maltitol(SIN 965(i)), Gelatina, Azúcar, Regulador de la acidez: Ácidocítrico (SIN 330), Pectina, Blend de vitaminas (Vit A, Vit D,Niacina, Vit B12, Vit C, Vit E, Vit B6, Biotina), SaborizanteFrutos Rojos, Sustancia conservadora: Sorbato de potasio(SIN 202), Edulcorante: sucralosa (SIN 955), Colorante: RojoAllura AC (SIN 129). Gomitas More Calm Sabor Arándano: Agua, Jarabe de maltitol (SIN 965(ii)), Maltitol (SIN 965(i)), Gelatina, Azúcar, Ashwagandha, Ácido cítrico (SIN 330), Saborizante a arándano, Sorbato de potasio (SIN 202), Sucralosa (SIN 955), Azul brillante FCF (SIN 133). Este producto es distribuido por Inretail Pharma S.A. (Ley 32033) Vitaminas y Suplementos Vitaminas Suplementos Nutricionales Suplementos y Vitaminas Packs de Nutrición y Bienestar Ayuda a Relajarte y Dormir Mejor Gomitas Funcionales para Todo Biotina Vitamina B Naturales",,false_no_registro_sanitario
Mifarma,Pack 02 Gomitas More Multivit Frutos Rojos,Pack 02 Gomitas More Multivit Frutos Rojos,,90.90,PEN,available,https://www.mifarma.com.pe/producto/pack-02-gomitas-more-multivit-frutos-rojos/PACKNT248,PACKNT248,MORE,algolia_public_search,2026-06-08T00:46:28.089993+00:00,,"Agua, Emulsionantes: Jarabe de maltitol (SIN 965(ii)) y Maltitol(SIN 965(i)), Gelatina, Azúcar, Regulador de la acidez: Ácidocítrico (SIN 330), Pectina, Blend de vitaminas (Vit A, Vit D,Niacina, Vit B12, Vit C, Vit E, Vit B6, Biotina), SaborizanteFrutos Rojos, Sustancia conservadora: Sorbato de potasio(SIN 202), Edulcorante: sucralosa (SIN 955), Colorante: RojoAllura AC (SIN 129). Este producto es distribuido por Inretail Pharma S.A. (Ley 32033) - Vitaminas y Suplementos Vitaminas Suplementos y Vitaminas Packs de Nutrición y Bienestar Gomitas Funcionales para Todo Biotina Vitamina B",,false_no_registro_sanitario
Mifarma,Pack 02 Gomix Multivitaminico Sabor Fresa,Pack 02 Gomix Multivitaminico Sabor Fresa,,59.90,PEN,available,https://www.mifarma.com.pe/producto/pack-2-gomix-multivitaminico-fresa/PACKNT481,PACKNT481,GOMIX,algolia_public_search,2026-06-08T00:46:28.090396+00:00,,"Glucosa, azúcar, gelatina, agua tratada, vitaminas (A, B (B2, B6, B12), C,D), sabor fresa, SIN (330, 202, 129). Este producto es distribuido por Inretail Pharma S.A. (Ley 32033) Multivitamínicos Suplementos y Vitaminas Packs de Nutrición y Bienestar Gomitas Funcionales para Todo Para Niños",,false_no_registro_sanitario
Mifarma,Sunvit Biotin 300 Complex Tableta,Sunvit Biotin 300 Complex Tableta,A-1500MCG,59.90,PEN,available,https://www.mifarma.com.pe/producto/sunvit-biotin-300-complex-tableta/816501,816501,SUNVIT,algolia_public_search,2026-06-08T00:46:28.090608+00:00,,Vitamina A 1500mcg Vitamina B-1 2mg Vitamina B-2 2mg Niacina 35mg NE Vitamina B-6 2mg Folato 680 mcg DFE Vitamina B-12 6mcg Biotina 300mcg Ácido pantoténico 100mg Hierro 4mg Yodo 150mcg Zinc 15mg Este producto es distribuido por Inretail Pharma S.A. (Ley 32033) Suplemento dietético Vitaminas para Adultos Vitaminas Vitamina D,page_or_detail_regex,false_no_component_match
Mifarma,B-12 1000 mcg Tableta recubierta,B-12 1000 mcg Tableta recubierta,DE-1000,55.90,PEN,available,https://www.mifarma.com.pe/producto/b-12-1000-mcg-tableta-recubierta/800378,800378,NATURE'S BOUNTY,algolia_public_search,2026-06-08T00:46:28.091088+00:00,,"Vitamina B-12 (Como Cianocobalamina) 1000 mcg Este producto es distribuido por Inretail Pharma S.A. (Ley 32033) * 100 Tabletas Recubiertas * Suplemento Dietético Preguntas frecuentes .faq-grid { display: grid; grid-template-columns: repeat(2, 1fr); gap: 16px; margin: 24px 0; } .faq-card { background: #f8f9fa; border: 1px solid #e9ecef; border-radius: 10px; padding: 20px 24px; } .faq-card h3 { font-size: 16px; font-weight: 600; color: #1a1a1a; margin: 0 0 10px; line-height: 1.4; } .faq-card p { font-size: 14px; color: #555; margin: 0; line-height: 1.7; } @media (max-width: 600px) { .faq-grid { grid-template-columns: 1fr; } } ¿Qué contiene B-12 1000 mcg Tableta Recubierta? Este producto contiene vitamina B12 en concentración de 1000 mcg y se presenta en tabletas recubiertas de administración oral. ¿En qué presentación viene la vitamina B12 1000 mcg? La presentación corresponde a tabletas recubiertas para consumo oral. Este formato es utilizado en suplementos vitamínicos de administración oral. ¿Cómo se consume la vitamina B12 en tabletas recubiertas? Las tabletas recubiertas se administran por vía oral acompañadas de agua. La forma de consumo debe seguir las indicaciones señaladas en el etiquetado. ¿Qué es la vitamina B12? La vitamina B12 es una vitamina hidrosoluble que forma parte del complejo B. Puede encontrarse en suplementos nutricionales de distintas concentraciones y presentaciones. Vitaminas Suplementos y Vitaminas Vitamina B-Complejo B B6 y B12 Vitamina B",page_or_detail_regex,false_no_component_match
Mifarma,Gomitas More Multivit Frutos Rojos,Gomitas More Multivit Frutos Rojos,,49.50,PEN,available,https://www.mifarma.com.pe/producto/gomitas-more-multivit-frutos-rojos/303336,303336,MORE,algolia_public_search,2026-06-08T00:46:28.091470+00:00,,"Agua, Emulsionantes: Jarabe de maltitol (SIN 965(ii)) y Maltitol(SIN 965(i)), Gelatina, Azúcar, Regulador de la acidez: Ácidocítrico (SIN 330), Pectina, Blend de vitaminas (Vit A, Vit D,Niacina, Vit B12, Vit C, Vit E, Vit B6, Biotina), SaborizanteFrutos Rojos, Sustancia conservadora: Sorbato de potasio(SIN 202), Edulcorante: sucralosa (SIN 955), Colorante: RojoAllura AC (SIN 129). Este producto es distribuido por Inretail Pharma S.A. (Ley 32033) Vitaminas y Suplementos Vitaminas Suplementos y Vitaminas Gomitas Funcionales para Todo Biotina Vitamina B",,false_no_registro_sanitario
Mifarma,Sunvit B 6 100 mg Tableta,Sunvit B 6 100 mg Tableta,,43.90,PEN,available,https://www.mifarma.com.pe/producto/sunvit-b-6-100-mg-tableta/816499,816499,SUNVIT,algolia_public_search,2026-06-08T00:46:28.092419+00:00,,Cada Tableta contiene: Vitamina B6 (as Piridoxina HCI)......100 mg Este producto es distribuido por Inretail Pharma S.A. (Ley 32033) Vitaminas Suplementos y Vitaminas Vitamina B-Complejo B B6 y B12 Vitamina B,,false_no_registro_sanitario
Mifarma,Gomitas Gummix Total Beauty Sabor Cranberry,Gomitas Gummix Total Beauty Sabor Cranberry,,39.90,PEN,available,https://www.mifarma.com.pe/producto/gomita-a-base-de-camu-camu-enriquecida-cranberry/318147,318147,GUMMIX,algolia_public_search,2026-06-08T00:46:28.092835+00:00,,"Camu camu atomizado, gelatina bovina, fibra dietaria soluble FOS, alulosa, agua tratada, antioxidante (ácido cítrico SIN 330), colágeno, biotina, zinc, vitamina A, vitamina C, vitamina E, colorante (rojo allura SIN 129), sabor natural cranberry, sorbato de potasio, agente de glaseado ((sin 903), aceite vegetal (palma y coco). Este producto es distribuido por Inretail Pharma S.A. (Ley 32033) Gummix combina sabor, bienestar y nutrición en cada gomita. Su línea de suplementos ofrece una forma práctica, deliciosa y divertida de cuidar tu cuerpo todos los días. Con fórmulas enriquecidas con vitaminas, minerales y extractos naturales, Gummix convierte tu rutina de bienestar en un momento que disfrutarás. Gomitas Gummix Total Beauty Sabor Cranberry Total Beauty es un suplemento que fortalece cabello, piel y uñas desde el interior, con una fórmulaavanzada que nutre y revitaliza para resultados visibles y duraderos. Ideal para realzar tu belleza natural de manera integral. Bienestar que se disfruta, nutrición que se siente Descubre el poder de las vitaminas con Gummix y encuentra tu equilibrio con Inkafarma. Suplementos Nutricionales Suplementos y Vitaminas Gomitas Funcionales para Todo Naturales",,false_no_registro_sanitario
Mifarma,Gomitas Gummix Relax Sabor Limón y Té Verde,Gomitas Gummix Relax Sabor Limón y Té Verde,,39.90,PEN,available,https://www.mifarma.com.pe/producto/gomita-a-base-de-jugo-de-limon-con-te-verde-b6/318146,318146,GUMMIX,algolia_public_search,2026-06-08T00:46:28.093277+00:00,,"Jugo de limón, fibra dietaria soluble FOS, alulosa, agua purificada, gelatina bovina, antioxidante (SIN 330), glicinato de magnesio, (te verde l-teanina), vitamina B6, sabor natural limón, colorantes (azul brillante SIN 133, tartrazina SIN 102), [Agente de Glaseado (SIN903), Aceite Vegetal (Palma y coco). Este producto es distribuido por Inretail Pharma S.A. (Ley 32033) Gummix combina sabor, bienestar y nutrición en cada gomita. Su línea de suplementos ofrece una forma práctica, deliciosa y divertida de cuidar tu cuerpo todos los días. Con fórmulas enriquecidas con vitaminas, minerales y extractos naturales, Gummix convierte tu rutina de bienestar en un momento que disfrutarás. Gomitas Gummix Relax Sabor Limón y Té Verde Suplemento en gomitas desarrollado para reducir el estrés, promover la relajación y apoyar el equilibrio de una manera natural y efectiva. Su fórmula combina Glicinato de Magnesio, L-Teanina y Vitamina B6 para apoyar el equilibrio del sistema nervioso sin generar somnolencia. Bienestar que se disfruta, nutrición que se siente Descubre el poder de las vitaminas con Gummix y encuentra tu equilibrio con Inkafarma. Alimentos Naturales Suplementos y Vitaminas Otros Alimentos Naturales Ayuda a Relajarte y Dormir Mejor Gomitas Funcionales para Todo",,false_no_registro_sanitario
Mifarma,Gomitas Gummix Men Booster Sabor Guaraná,Gomitas Gummix Men Booster Sabor Guaraná,,39.90,PEN,available,https://www.mifarma.com.pe/producto/gomita-a-base-de-jugo-de-sabor-guarana/318145,318145,GUMMIX,algolia_public_search,2026-06-08T00:46:28.093698+00:00,,"Jugo de guaraná, gelatina bovina, fibra dietaria soluble FOS, alulosa, agua tratada, antioxidante (ácido cítrico SIN 330), maca negra atomizada, jengibre atomizado, vitamina B12, vitamina D, Zinc, colorante (amarillo 6 SIN 110), sabor natural guaraná, sorbato de potasio, agente de glaseado (sin 903), aceite vegetal (palma y coco). Este producto es distribuido por Inretail Pharma S.A. (Ley 32033) Gummix combina sabor, bienestar y nutrición en cada gomita. Su línea de suplementos ofrece una forma práctica, deliciosa y divertida de cuidar tu cuerpo todos los días. Con fórmulas enriquecidas con vitaminas, minerales y extractos naturales, Gummix convierte tu rutina de bienestar en un momento que disfrutarás. Gomitas Gummix Men Booster Sabor Guaraná Men Booster es un suplemento natural que aumenta la energía y vitalidad, elevando los niveles de testosterona y potenciando la líbido sexual. Bienestar que se disfruta, nutrición que se siente Descubre el poder de las vitaminas con Gummix y encuentra tu equilibrio con Inkafarma. Suplementos Nutricionales Nutrición Deportiva Suplementos y Vitaminas Energizantes Naturales Gomitas Funcionales para Todo Naturales",,false_no_registro_sanitario
Mifarma,Gomitas Gummix Kids Sabor Maracumango,Gomitas Gummix Kids Sabor Maracumango,,39.90,PEN,available,https://www.mifarma.com.pe/producto/gomita-a-base-de-jugo-de-maracuya-y-mango/318144,318144,GUMMIX,algolia_public_search,2026-06-08T00:46:28.094152+00:00,,"Jugo de maracuyá, jugo de mango, gelatina bovina, fibra dietaria soluble FOS, alulosa, agua tratada, antioxidante (ácido cítrico SIN 330), DHA, vitamina A, vitamina B6, vitamina B9, vitamina B12, vitamina C, vitamina D3, vitamina E, calcio, zinc, hierro, ácido fólico, sustancia conservadora (sorbato de potasio SIN202), colorante natural (amarillo ocaso FCF SIN 110, agente de glaseado ((sin 903), aceite vegetal (palma y coco). Este producto es distribuido por Inretail Pharma S.A. (Ley 32033) Gummix combina sabor, bienestar y nutrición en cada gomita. Su línea de suplementos ofrece una forma práctica, deliciosa y divertida de cuidar tu cuerpo todos los días. Con fórmulas enriquecidas con vitaminas, minerales y extractos naturales, Gummix convierte tu rutina de bienestar en un momento que disfrutarás. Gomitas Gummix Kids Multivitamin Kids Multivitamin es un multivitamínico con más de 10 vitaminas y nutrientes esenciales, diseñado para apoyar el crecimiento, fortalecer el sistema inmunológico y proporcionar energía diaria con un sabor delicioso. Bienestar que se disfruta, nutrición que se siente Descubre el poder de las vitaminas con Gummix y encuentra tu equilibrio con Inkafarma. Suplementos Nutricionales Suplementos y Vitaminas Gomitas Funcionales para Todo Naturales",,false_no_registro_sanitario
Mifarma,Gomitas Gummix Adulto Sabor Granada,Gomitas Gummix Adulto Sabor Granada,,39.90,PEN,available,https://www.mifarma.com.pe/producto/gomita-a-base-de-jugo-sabor-granada/318142,318142,GUMMIX,algolia_public_search,2026-06-08T00:46:28.094592+00:00,,"Jugo de granada, gelatina bovina, fibra dietaria soluble FOS, alulosa, agua tratada, antioxidante (ácido cítrico SIN 330), Vitamina A, Vitamina B12, Vitamina C, Vitamina D3, Vitamina E, Calcio, Zinc, Hierro, Biotina, Selenio, Yodo, sustancia conservadora (sorbato de potasio SIN202), colorante natural (rojo allura AC SIN 129), agente glaseado ((sin 903), aceite vegetal (palma y coco)). Este producto es distribuido por Inretail Pharma S.A. (Ley 32033) Gummix combina sabor, bienestar y nutrición en cada gomita. Su línea de suplementos ofrece una forma práctica, deliciosa y divertida de cuidar tu cuerpo todos los días. Con fórmulas enriquecidas con vitaminas, minerales y extractos naturales, Gummix convierte tu rutina de bienestar en un momento que disfrutarás. Gomitas Gummix Adults Multivitamin Sabor Granada Adults Multivitamin es un multivitamínico que aumenta la energía y brinda sensación de bienestar general, ayudando a mantenerse activo durante el día. Bienestar que se disfruta, nutrición que se siente Descubre el poder de las vitaminas con Gummix y encuentra tu equilibrio con Inkafarma. Suplementos Nutricionales Suplementos y Vitaminas Gomitas Funcionales para Todo Naturales",,false_no_registro_sanitario
Mifarma,More Kids Multi Gomitas de Gelatina Sabor Plátano,More Kids Multi Gomitas de Gelatina Sabor Plátano,,34.50,PEN,available,https://www.mifarma.com.pe/producto/more-multi-gomitas-de-gelatina-sabor-platano/319540,319540,MORE,algolia_public_search,2026-06-08T00:46:28.094895+00:00,,"Agua, emulsionantes: maltitol (SIN 965(i)) y jarabe de maltitol (SIN 965(ii)), gelatina, azúcar blanca, regulador de acidez: ácido cítrico (SIN 330), blend de vitaminas y minerales (maltodextrina, sulfato de zinc, niacinamida, clorhidrato de piridoxina, vitamina A, colecalciferol, cianocobalamina), saborizante a plátano, edulcorante: sucralosa (SIN 955), sustancia conservadora: sorbato de potasio (SIN 202) y colorante: curcumina (SIN 100(i)). Este producto es distribuido por Inretail Pharma S.A. (Ley 32033) Gomitas de gelatina sabor plátano enriquecido con vitaminas: 1. Ayuda a reducir la inflamación. 2. Mejora el desarrollo cognitivo. 3. Apoya al crecimiento y reparación de tejidos. 4. Actúa como antioxidantes. 5. Fortalece el sistema inmune. Multivitamínicos Suplementos y Vitaminas Gomitas Funcionales para Todo Para Niños",,false_no_registro_sanitario
Mifarma,Colágeno Hidrolizado Mujer Aguaje Sabor Mora,Colágeno Hidrolizado Mujer Aguaje Sabor Mora,,32.50,PEN,available,https://www.mifarma.com.pe/producto/colageno-hidrolizado-mujer-aguaje-mora/306185,306185,OLEMART,algolia_public_search,2026-06-08T00:46:28.095061+00:00,,"Colágeno Hidrolizado, Harina de Fruto de Aguaje, Cloruro de Magnesio, Vitamina C, Vitamina B7, Sulfato de Zinc y Stevia Este producto es distribuido por Inretail Pharma S.A. (Ley 32033) Suplementos Nutricionales Suplementos y Vitaminas Busca tu Marca de Colágeno Ideal Colágenos",,false_no_registro_sanitario
Mifarma,Pack 02 Enfamil Mamá para Mujeres en Periodo de Embarazo y Lactancia,Pack 02 Enfamil Mamá para Mujeres en Periodo de Embarazo y Lactancia,,97.20,PEN,available,https://www.mifarma.com.pe/producto/pack-2-enfamil-mama-para-mujeres-periodo-embarazo-y-lactancia/PACKNT504,PACKNT504,ENFAMIL,algolia_public_search,2026-06-08T00:46:28.095432+00:00,,"Maltodextrina, leche estandarizada, fibra dietaria (polidextrosa (PDX), galacto-oligosacáridos (GOS), inulina), aceites vegetales*, lactosa, ácido docosahexaenoico (DHA), saborizantes (natural a leche, natural y artificial a vainilla), lecitina (emulsionante, SIN 322i), concentrado de proteína de suero**, palmitato de ascorbilo (antioxidante, SIN 304) e hidróxido de potasio (regulador de la acidez, SIN 525). MINERALES: carbonato de calcio, fosfato de magnesio, citrato de potasio, fosfato de calcio, sulfato ferroso, óxido de magnesio, sulfato de zinc, sulfato de manganeso, gluconato de cobre y selenito de sodio. VITAMINAS: bitartrato de colina, vitamina E, vitamina C, niacinamida, vitamina A, vitamina D3, biotina, vitamina K, pantotenato de calcio, clorhidrato de tiamina, clorhidrato de piridoxina y ácido fólico. CONTIENE: LECHE, LACTOSA, SOYA* (*Aceite de soya, el cual es libre de alergenos por ser altamente refinado) Y DERIVADOS DE PESCADO. **Membrana del glóbulo de grasa de leche, MFGM por sus siglas en inglés. Por su denominación del fabricante. Este producto es distribuido por Inretail Pharma S.A. (Ley 32033) Vitaminas y Suplementos Suplementos y Vitaminas Packs de Nutrición y Bienestar Enfamil para Mamá Ácido Fólico",,false_no_registro_sanitario
Mifarma,Pack 2 Pediasure Pepti Gro Chocolate,Pack 2 Pediasure Pepti Gro Chocolate,,205.80,PEN,available,https://www.mifarma.com.pe/producto/pack-2-pediasure-pepti-gro-chocolate/PACKNT742,PACKNT742,PEDIASURE,algolia_public_search,2026-06-08T00:46:28.095891+00:00,,"Lista de Ingredientes: Almidón de maíz hidrolizado, PROTEÍNAS (proteína láctea, aislado de proteína de soya, hidrolizado de caseína1), ACEITES VEGETALES (aceite de girasol alto en oleico, aceite de soya, aceite de canola, aceite de triglicéridos de cadena media (TCM)), sacarosa, cocoa en polvo, fructooligosacáridos (FOS), MINERALES (cloruro de potasio, fosfato de calcio, fosfato de magnesio, citrato de sodio, fosfato de potasio, citrato de potasio, carbonato de calcio, cloruro de sodio, sulfato ferroso, sulfato de zinc, sulfato de manganeso, sulfato de cobre, yoduro de potasio, cloruro de cromo2, selenito de sodio, molibdato de sodio3), emulsionante (lecitina de soya), saborizantes, VITAMINAS (cloruro de colina, ácido ascórbico, palmitato de ascorbilo, dl-alfa-tocoferil acetato, d-pantotenato de calcio, niacinamida, clorhidrato de piridoxina, clorhidrato de tiamina, riboflavina, palmitato de vitamina A, ácido fólico, filoquinona, biotina, vitamina D3, menaquinona-7, cianocobalamina), L-arginina, ácido docosahexaenoico (DHA) a partir de aceite de alga, taurina, m-inositol, L-carnitina, Lactobacillus acidophilus, antioxidante (tocoferol concentrado, mezcla). Fuente de fosfopéptidos de caseína, fuente de cromo, fuente de molibdeno. CONTIENE INGREDIENTES DERIVADOS DE LECHE Y SOYA. Este producto es distribuido por Inretail Pharma S.A. (Ley 32033) Nutrición Pensada en ti y tu Familia Packs de Nutrición Infantil Vitaminas y Suplementos Multivitamínicos Packs de Nutrición y Bienestar Multivitamínico para Bebés Para Niños Pediasure",,false_no_registro_sanitario
Mifarma,Pack 2 Pediasure Pepti Gro Vainilla,Pack 2 Pediasure Pepti Gro Vainilla,,205.80,PEN,available,https://www.mifarma.com.pe/producto/pack-2-pediasure-pepti-gro-vainilla/PACKNT741,PACKNT741,PEDIASURE,algolia_public_search,2026-06-08T00:46:28.096330+00:00,,"Lista de Ingredientes: Almidón de maíz hidrolizado, PROTEÍNAS (proteína láctea, aislado de proteína de soya, hidrolizado de caseína1), ACEITES VEGETALES (aceite de girasol alto en oleico, aceite de soya, aceite de canola, aceite de triglicéridos de cadena media (TCM)), sacarosa, fructooligosacáridos (FOS), MINERALES (cloruro de potasio, fosfato de calcio, fosfato de magnesio, citrato de sodio, fosfato de potasio, citrato de potasio, carbonato de calcio, cloruro de sodio, sulfato ferroso, sulfato de zinc, sulfato de manganeso, sulfato de cobre, yoduro de potasio, cloruro de cromo2, selenito de sodio, molibdato de sodio3), emulsionante (lecitina de soya), saborizantes, VITAMINAS (cloruro de colina, ácido ascórbico, palmitato de ascorbilo, dl-alfa-tocoferil acetato, d-pantotenato de calcio, niacinamida, clorhidrato de piridoxina, clorhidrato de tiamina, riboflavina, palmitato de vitamina A, ácido fólico, filoquinona, biotina, vitamina D3, menaquinona-7, cianocobalamina), L-arginina, ácido docosahexaenoico (DHA) a partir de aceite de alga, taurina, m-inositol, L-carnitina, Lactobacillus acidophilus, antioxidante (tocoferol concentrado, mezcla). Fuente de fosfopéptidos de caseína, fuente de cromo, fuente de molibdeno. CONTIENE INGREDIENTES DERIVADOS DE LECHE Y SOYA. Este producto es distribuido por Inretail Pharma S.A. (Ley 32033) Nutrición Pensada en ti y tu Familia Packs de Nutrición Infantil Vitaminas y Suplementos Multivitamínicos Packs de Nutrición y Bienestar Multivitamínico para Bebés Para Niños Pediasure",,false_no_registro_sanitario
Mifarma,Pack Pediasure Pepti Gro Vainilla + Chocolate,Pack Pediasure Pepti Gro Vainilla + Chocolate,,205.80,PEN,available,https://www.mifarma.com.pe/producto/pack-pediasure-pepti-gro-vainilla-chocolate/PACKNT740,PACKNT740,PEDIASURE,algolia_public_search,2026-06-08T00:46:28.097080+00:00,,"Pediasure Sabor Vainilla Polvo: Lista de Ingredientes: Almidón de maíz hidrolizado, PROTEÍNAS (proteína láctea, aislado de proteína de soya, hidrolizado de caseína1), ACEITES VEGETALES (aceite de girasol alto en oleico, aceite de soya, aceite de canola, aceite de triglicéridos de cadena media (TCM)), sacarosa, fructooligosacáridos (FOS), MINERALES (cloruro de potasio, fosfato de calcio, fosfato de magnesio, citrato de sodio, fosfato de potasio, citrato de potasio, carbonato de calcio, cloruro de sodio, sulfato ferroso, sulfato de zinc, sulfato de manganeso, sulfato de cobre, yoduro de potasio, cloruro de cromo2, selenito de sodio, molibdato de sodio3), emulsionante (lecitina de soya), saborizantes, VITAMINAS (cloruro de colina, ácido ascórbico, palmitato de ascorbilo, dl-alfa-tocoferil acetato, d-pantotenato de calcio, niacinamida, clorhidrato de piridoxina, clorhidrato de tiamina, riboflavina, palmitato de vitamina A, ácido fólico, filoquinona, biotina, vitamina D3, menaquinona-7, cianocobalamina), L-arginina, ácido docosahexaenoico (DHA) a partir de aceite de alga, taurina, m-inositol, L-carnitina, Lactobacillus acidophilus, antioxidante (tocoferol concentrado, mezcla). Fuente de fosfopéptidos de caseína, fuente de cromo, fuente de molibdeno. CONTIENE INGREDIENTES DERIVADOS DE LECHE Y SOYA. Pediasure Sabor Chocolate Polvo: Lista de Ingredientes: Almidón de maíz hidrolizado, PROTEÍNAS (proteína láctea, aislado de proteína de soya, hidrolizado de caseína1), ACEITES VEGETALES (aceite de girasol alto en oleico, aceite de soya, aceite de canola, aceite de triglicéridos de cadena media (TCM)), sacarosa, cocoa en polvo, fructooligosacáridos (FOS), MINERALES (cloruro de potasio, fosfato de calcio, fosfato de magnesio, citrato de sodio, fosfato de potasio, citrato de potasio, carbonato de calcio, cloruro de sodio, sulfato ferroso, sulfato de zinc, sulfato de manganeso, sulfato de cobre, yoduro de potasio, cloruro de cromo2, selenito de sodio, molibdato de sodio3), emulsionante (lecitina de soya), saborizantes, VITAMINAS (cloruro de colina, ácido ascórbico, palmitato de ascorbilo, dl-alfa-tocoferil acetato, d-pantotenato de calcio, niacinamida, clorhidrato de piridoxina, clorhidrato de tiamina, riboflavina, palmitato de vitamina A, ácido fólico, filoquinona, biotina, vitamina D3, menaquinona-7, cianocobalamina), L-arginina, ácido docosahexaenoico (DHA) a partir de aceite de alga, taurina, m-inositol, L-carnitina, Lactobacillus acidophilus, antioxidante (tocoferol concentrado, mezcla). Fuente de fosfopéptidos de caseína, fuente de cromo, fuente de molibdeno. CONTIENE INGREDIENTES DERIVADOS DE LECHE Y SOYA. Este producto es distribuido por Inretail Pharma S.A. (Ley 32033) Nutrición Pensada en ti y tu Familia Packs de Nutrición Infantil Vitaminas y Suplementos Multivitamínicos Packs de Nutrición y Bienestar Multivitamínico para Bebés Para Niños Pediasure",,false_no_registro_sanitario
Mifarma,Pack 02 Pediasure Polvo Chocolate + 02 Pediasure Líquido Vainilla,Pack 02 Pediasure Polvo Chocolate + 02 Pediasure Líquido Vainilla,,381.00,PEN,available,https://www.mifarma.com.pe/producto/pack-02-pediasure-chocolate-02-pediasure-vainilla/PACKNT558,PACKNT558,PEDIASURE,algolia_public_search,2026-06-08T00:46:28.099161+00:00,,"﻿Pediasure Sabor Chocolate Polvo: Almidón de maíz hidrolizado, PROTEÍNAS (proteína láctea, aislado de proteína de soya, hidrolizado de caseína1), ACEITES VEGETALES (aceite de girasol alto en oleico, aceite de soya, aceite de canola, aceite de triglicéridos de cadena media (TCM)), sacarosa, cocoa en polvo, fructooligosacáridos (FOS), MINERALES (cloruro de potasio, fosfato de calcio, fosfato de magnesio, citrato de sodio, fosfato de potasio, citrato de potasio, carbonato de calcio, cloruro de sodio, sulfato ferroso, sulfato de zinc, sulfato de manganeso, sulfato de cobre, yoduro de potasio, cloruro de cromo2, selenito de sodio, molibdato de sodio3), emulsionante (lecitina de soya), saborizantes, VITAMINAS (cloruro de colina, ácido ascórbico, palmitato de ascorbilo, dl-alfa-tocoferil acetato, d-pantotenato de calcio, niacinamida, clorhidrato de piridoxina, clorhidrato de tiamina, riboflavina, palmitato de vitamina A, ácido fólico, filoquinona, biotina, vitamina D3, menaquinona-7, cianocobalamina), L-arginina, ácido docosahexaenoico (DHA) a partir de aceite de alga, taurina, m-inositol, L-carnitina, Lactobacillus acidophilus, antioxidante (tocoferol concentrado, mezcla).1Fuente de fosfopéptidos de caseína, 2fuente de cromo, 3fuente de molibdeno.CONTIENE INGREDIENTES DERIVADOS DE LECHE Y SOYA. ﻿ ﻿Pediasure Líquido Sabor Vainilla: Agua, maltodextrina, ACEITES VEGETALES (aceite de canola, aceite de maíz, aceite de triglicéridos de cadena media (TCM)), sacarosa, proteína láctea, fructooligosacáridos (FOS), aislado de proteína de soya, MINERALES (cloruro de potasio, fosfato dibásico de potasio, citrato de sodio, fosfato tribásico de calcio, fosfato dibásico de magnesio, citrato de potasio, sulfato ferroso, sulfato de zinc, sulfato de manganeso, sulfato cúprico, yoduro de potasio, molibdato de sodio2, cloruro de cromo3, selenato de sodio), fibra de soya, saborizantes, hidrolizado de caseína1, L-arginina, VITAMINAS (ácido ascórbico, cloruro de colina, niacinamida, vitamina E, pantotenato de calcio, menaquinona-7, clorhidrato de tiamina, clorhidrato de piridoxina, riboflavina, palmitato de vitamina A, ácido fólico, filoquinona, biotina, vitamina D3, cianocobalamina), monoglicéridos y diglicéridos de ácidos grasos (emulsionante), lecitina de soya (emulsionante), goma xantana (estabilizador), ácido docosahexaenoico (DHA) a partir de aceite de alga, mio-inositol, taurina, L-carnitina. Fuente de fosfopéptidos de caseína, fuente de molibdeno, fuente de cromo. CONTIENE INGREDIENTES DERIVADOS DE LECHE Y SOYA. ﻿Pediasure Sabor Chocolate Polvo: Almidón de maíz hidrolizado, PROTEÍNAS (proteína láctea, aislado de proteína de soya, hidrolizado de caseína1), ACEITES VEGETALES (aceite de girasol alto en oleico, aceite de soya, aceite de canola, aceite de triglicéridos de cadena media (TCM)), sacarosa, cocoa en polvo, fructooligosacáridos (FOS), MINERALES (cloruro de potasio, fosfato de calcio, fosfato de magnesio, citrato de sodio, fosfato de potasio, citrato de potasio, carbonato de calcio, cloruro de sodio, sulfato ferroso, sulfato de zinc, sulfato de manganeso, sulfato de cobre, yoduro de potasio, cloruro de cromo2, selenito de sodio, molibdato de sodio3), emulsionante (lecitina de soya), saborizantes, VITAMINAS (cloruro de colina, ácido ascórbico, palmitato de ascorbilo, dl-alfa-tocoferil acetato, d-pantotenato de calcio, niacinamida, clorhidrato de piridoxina, clorhidrato de tiamina, riboflavina, palmitato de vitamina A, ácido fólico, filoquinona, biotina, vitamina D3, menaquinona-7, cianocobalamina), L-arginina, ácido docosahexaenoico (DHA) a partir de aceite de alga, taurina, m-inositol, L-carnitina, Lactobacillus acidophilus, antioxidante (tocoferol concentrado, mezcla).1Fuente de fosfopéptidos de caseína, 2fuente de cromo, 3fuente de molibdeno.CONTIENE INGREDIENTES DERIVADOS DE LECHE Y SOYA. ﻿ ﻿Pediasure Líquido Sabor Vainilla: Agua, maltodextrina, ACEITES VEGETALES (aceite de canola, aceite de maíz, aceite de triglicéridos de cadena media (TCM)), sacarosa, proteína láctea, fructooligosacáridos (FOS), aislado de proteína de soya, MINERALES (cloruro de potasio, fosfato dibásico de potasio, citrato de sodio, fosfato tribásico de calcio, fosfato dibásico de magnesio, citrato de potasio, sulfato ferroso, sulfato de zinc, sulfato de manganeso, sulfato cúprico, yoduro de potasio, molibdato de sodio2, cloruro de cromo3, selenato de sodio), fibra de soya, saborizantes, hidrolizado de caseína1, L-arginina, VITAMINAS (ácido ascórbico, cloruro de colina, niacinamida, vitamina E, pantotenato de calcio, menaquinona-7, clorhidrato de tiamina, clorhidrato de piridoxina, riboflavina, palmitato de vitamina A, ácido fólico, filoquinona, biotina, vitamina D3, cianocobalamina), monoglicéridos y diglicéridos de ácidos grasos (emulsionante), lecitina de soya (emulsionante), goma xantana (estabilizador), ácido docosahexaenoico (DHA) a partir de aceite de alga, mio-inositol, taurina, L-carnitina. Fuente de fosfopéptidos de caseína, fuente de molibdeno, fuente de cromo. CONTIENE INGREDIENTES DERIVADOS DE LECHE Y SOYA. ﻿Pediasure Sabor Chocolate Polvo: Almidón de maíz hidrolizado, PROTEÍNAS (proteína láctea, aislado de proteína de soya, hidrolizado de caseína1), ACEITES VEGETALES (aceite de girasol alto en oleico, aceite de soya, aceite de canola, aceite de triglicéridos de cadena media (TCM)), sacarosa, cocoa en polvo, fructooligosacáridos (FOS), MINERALES (cloruro de potasio, fosfato de calcio, fosfato de magnesio, citrato de sodio, fosfato de potasio, citrato de potasio, carbonato de calcio, cloruro de sodio, sulfato ferroso, sulfato de zinc, sulfato de manganeso, sulfato de cobre, yoduro de potasio, cloruro de cromo2, selenito de sodio, molibdato de sodio3), emulsionante (lecitina de soya), saborizantes, VITAMINAS (cloruro de colina, ácido ascórbico, palmitato de ascorbilo, dl-alfa-tocoferil acetato, d-pantotenato de calcio, niacinamida, clorhidrato de piridoxina, clorhidrato de tiamina, riboflavina, palmitato de vitamina A, ácido fólico, filoquinona, biotina, vitamina D3, menaquinona-7, cianocobalamina), L-arginina, ácido docosahexaenoico (DHA) a partir de aceite de alga, taurina, m-inositol, L-carnitina, Lactobacillus acidophilus, antioxidante (tocoferol concentrado, mezcla).1Fuente de fosfopéptidos de caseína, 2fuente de cromo, 3fuente de molibdeno.CONTIENE INGREDIENTES DERIVADOS DE LECHE Y SOYA. ﻿ ﻿Pediasure Líquido Sabor Vainilla: Agua, maltodextrina, ACEITES VEGETALES (aceite de canola, aceite de maíz, aceite de triglicéridos de cadena media (TCM)), sacarosa, proteína láctea, fructooligosacáridos (FOS), aislado de proteína de soya, MINERALES (cloruro de potasio, fosfato dibásico de potasio, citrato de sodio, fosfato tribásico de calcio, fosfato dibásico de magnesio, citrato de potasio, sulfato ferroso, sulfato de zinc, sulfato de manganeso, sulfato cúprico, yoduro de potasio, molibdato de sodio2, cloruro de cromo3, selenato de sodio), fibra de soya, saborizantes, hidrolizado de caseína1, L-arginina, VITAMINAS (ácido ascórbico, cloruro de colina, niacinamida, vitamina E, pantotenato de calcio, menaquinona-7, clorhidrato de tiamina, clorhidrato de piridoxina, riboflavina, palmitato de vitamina A, ácido fólico, filoquinona, biotina, vitamina D3, cianocobalamina), monoglicéridos y diglicéridos de ácidos grasos (emulsionante), lecitina de soya (emulsionante), goma xantana (estabilizador), ácido docosahexaenoico (DHA) a partir de aceite de alga, mio-inositol, taurina, L-carnitina. Fuente de fosfopéptidos de caseína, fuente de molibdeno, fuente de cromo. CONTIENE INGREDIENTES DERIVADOS DE LECHE Y SOYA. Nutrición Pensada en ti y tu Familia Vitaminas y Suplementos Multivitamínicos Packs de Nutrición y Bienestar Multivitamínico para Bebés Para Niños Pediasure",,false_no_registro_sanitario
Mifarma,Pack 02 Pediasure Chocolate,Pack 02 Pediasure Chocolate,,358.00,PEN,available,https://www.mifarma.com.pe/producto/pack-pediasure-chocolate/PACKNT551,PACKNT551,PEDIASURE,algolia_public_search,2026-06-08T00:46:28.099708+00:00,,"Lista de Ingredientes:Almidón de maíz hidrolizado, PROTEÍNAS (proteína láctea, aislado de proteína de soya, hidrolizado de caseína1), ACEITES VEGETALES (aceite de girasol alto en oleico, aceite de soya, aceite de canola, aceite de triglicéridos de cadena media (TCM)), sacarosa, cocoa en polvo, fructooligosacáridos (FOS), MINERALES (cloruro de potasio, fosfato de calcio, fosfato de magnesio, citrato de sodio, fosfato de potasio, citrato de potasio, carbonato de calcio, cloruro de sodio, sulfato ferroso, sulfato de zinc, sulfato de manganeso, sulfato de cobre, yoduro de potasio, cloruro de cromo2, selenito de sodio, molibdato de sodio3), emulsionante (lecitina de soya), saborizantes, VITAMINAS (cloruro de colina, ácido ascórbico, palmitato de ascorbilo, dl-alfa-tocoferil acetato, d-pantotenato de calcio, niacinamida, clorhidrato de piridoxina, clorhidrato de tiamina, riboflavina, palmitato de vitamina A, ácido fólico, filoquinona, biotina, vitamina D3, menaquinona-7, cianocobalamina), L-arginina, ácido docosahexaenoico (DHA) a partir de aceite de alga, taurina, m-inositol, L-carnitina, Lactobacillus acidophilus, antioxidante (tocoferol concentrado, mezcla).1Fuente de fosfopéptidos de caseína, 2fuente de cromo, 3fuente de molibdeno.CONTIENE INGREDIENTES DERIVADOS DE LECHE Y SOYA. Este producto es distribuido por Inretail Pharma S.A. (Ley 32033) Vitaminas y Suplementos Multivitamínicos Multivitamínico para Bebés Para Niños",,false_no_registro_sanitario
Mifarma,Pack 02 Pediasure Vainilla y Chocolate,Pack 02 Pediasure Vainilla y Chocolate,,358.00,PEN,available,https://www.mifarma.com.pe/producto/pack-02-pediasure-vainilla-y-chocolate/PACKNT549,PACKNT549,PEDIASURE,algolia_public_search,2026-06-08T00:46:28.100427+00:00,,"Pediasure Sabor Vainilla - Lata 1600 GR: Lista de Ingredientes: Almidón de maíz hidrolizado, PROTEÍNAS (proteína láctea, aislado de proteína de soya, hidrolizado de caseína1), ACEITES VEGETALES (aceite de girasol alto en oleico, aceite de soya, aceite de canola, aceite de triglicéridos de cadena media (TCM)), sacarosa, fructooligosacáridos (FOS), MINERALES (cloruro de potasio, fosfato de calcio, fosfato de magnesio, citrato de sodio, fosfato de potasio, citrato de potasio, carbonato de calcio, cloruro de sodio, sulfato ferroso, sulfato de zinc, sulfato de manganeso, sulfato de cobre, yoduro de potasio, cloruro de cromo2, selenito de sodio, molibdato de sodio3), emulsionante (lecitina de soya), saborizantes, VITAMINAS (cloruro de colina, ácido ascórbico, palmitato de ascorbilo, dl-alfa-tocoferil acetato, d-pantotenato de calcio, niacinamida, clorhidrato de piridoxina, clorhidrato de tiamina, riboflavina, palmitato de vitamina A, ácido fólico, filoquinona, biotina, vitamina D3, menaquinona-7, cianocobalamina), L-arginina, ácido docosahexaenoico (DHA) a partir de aceite de alga, taurina, m-inositol, L-carnitina, Lactobacillus acidophilus, antioxidante (tocoferol concentrado, mezcla). Fuente de fosfopéptidos de caseína, fuente de cromo, fuente de molibdeno. CONTIENE INGREDIENTES DERIVADOS DE LECHE Y SOYA. Pediasure Sabor Chocolate Polvo - Lata 1600 GR: Lista de Ingredientes:Almidón de maíz hidrolizado, PROTEÍNAS (proteína láctea, aislado de proteína de soya, hidrolizado de caseína1), ACEITES VEGETALES (aceite de girasol alto en oleico, aceite de soya, aceite de canola, aceite de triglicéridos de cadena media (TCM)), sacarosa, cocoa en polvo, fructooligosacáridos (FOS), MINERALES (cloruro de potasio, fosfato de calcio, fosfato de magnesio, citrato de sodio, fosfato de potasio, citrato de potasio, carbonato de calcio, cloruro de sodio, sulfato ferroso, sulfato de zinc, sulfato de manganeso, sulfato de cobre, yoduro de potasio, cloruro de cromo2, selenito de sodio, molibdato de sodio3), emulsionante (lecitina de soya), saborizantes, VITAMINAS (cloruro de colina, ácido ascórbico, palmitato de ascorbilo, dl-alfa-tocoferil acetato, d-pantotenato de calcio, niacinamida, clorhidrato de piridoxina, clorhidrato de tiamina, riboflavina, palmitato de vitamina A, ácido fólico, filoquinona, biotina, vitamina D3, menaquinona-7, cianocobalamina), L-arginina, ácido docosahexaenoico (DHA) a partir de aceite de alga, taurina, m-inositol, L-carnitina, Lactobacillus acidophilus, antioxidante (tocoferol concentrado, mezcla).1Fuente de fosfopéptidos de caseína, 2fuente de cromo, 3fuente de molibdeno.CONTIENE INGREDIENTES DERIVADOS DE LECHE Y SOYA. Este producto es distribuido por Inretail Pharma S.A. (Ley 32033) Vitaminas y Suplementos Packs de Nutrición Infantil Multivitamínicos Multivitamínico para Bebés Para Niños",,false_no_registro_sanitario
Mifarma,Pack Ascenda Nestle Sabor vainilla,Pack Ascenda Nestle Sabor vainilla,,91.80,PEN,available,https://www.mifarma.com.pe/producto/pack-ascenda-nestle-sabor-vainilla/PACKNT273,PACKNT273,NESTLE,algolia_public_search,2026-06-08T00:46:28.101572+00:00,,"Leche descremada en polvo, Suero dulce líquido de leche, Maltodextrina, Mezcla de aceites vegetales [Aceite de Oleína depalma, Aceite de palma, Aceite de colza, Aceite de maíz con Antioxidante (Palmitato de ascorbilo) y Secuestrante (Ácidocítrico)], Grasa láctea, Fructooligosacárido (FOS), Proteína de suero de leche en polvo (α-lactoalbúmina), Concentrado deproteína de suero de leche en polvo, Lactosa, Citrato de calcio, Fosfato dicálcico, Mezcla de minerales (Sulfato ferroso,Sulfato de zinc, Sulfato de cobre), Mezcla de aceite de pescado [Aceite de pescado (Fuente de DHA), Antioxidante(Concentrado de tocoferoles mixtos (de soya))], Jugo concentrado de fruta del monje, Mezcla de vitaminas y minerales[Maltodextrina, Vitamina C (L-ascorbato sódico), Inositol, Nicotinamida, Vitamina E (DL-alfa-tocoferil acetato), Sulfato demanganeso, Vitamina B5 (D-pantotenato cálcico), Vitamina B6 (Hidrocloruro de piridoxina), Vitamina B1 (Tiaminamononitrato), Vitamina A (Acetato de retinilo), Vitamina B2 (Riboflavina), Vitamina B9 (Ácido fólico), Cloruro de cromo (III),Molibdato de sodio, Luteína, Vitamina K1 (Fitomenadiona), Biotina, Selenato sódico, Vitamina D3 (Colecalciferol), Yoduropotásico, Vitamina B12 (Cianocobalamina)], Emulsionante (Lecitina de soya), Reguladores de la acidez (Hidróxido depotasio, Ácido cítrico, Hidróxido de sodio), Bitartrato de colina, Fosfato dipotásico, Saborizante natural (Vainilla), Citrato demagnesio, Cloruro de magnesio. Este producto es distribuido por Inretail Pharma S.A. (Ley 32033) Vitaminas y Suplementos Suplementos Nutricionales Packs de Nutrición y Bienestar Multivitamínico para Bebés Pediátricos",,false_no_registro_sanitario
Mifarma,Pack 02 Colágeno 1500 Mason Natural,Pack 02 Colágeno 1500 Mason Natural,,187.60,PEN,available,https://www.mifarma.com.pe/producto/pack-02-colageno-1500-mason-natural/PACKNT126,PACKNT126,MASON,algolia_public_search,2026-06-08T00:46:28.101761+00:00,,"BIOTINA 1% 800 mcg, ÁCIDO ASCÓRBICO (VITAMINA C 99%) 50 mg, COLAGENO HIDROLIZADO 500 mg Este producto es distribuido por Inretail Pharma S.A. (Ley 32033) Suplementos Nutricionales Suplementos y Vitaminas Packs de Nutrición y Bienestar Busca tu Marca de Colágeno Ideal Colágenos",,false_no_registro_sanitario
Mifarma,Pack 02 Blíster Neurobion,Pack 02 Blíster Neurobion,,17.60,PEN,available,https://www.mifarma.com.pe/producto/pack-02-blister-neurobion/PACKFC32,PACKFC32,NEUROBION,algolia_public_search,2026-06-08T00:46:28.102291+00:00,,"Cada tableta recubierta contiene: • Vitamina B1 100 mg • Vitamina B6 200 mg • Vitamina B12 200mcg Este producto es distribuido por Inretail Pharma S.A. (Ley 32033) Neurobion® combate sintomas causados por deficiencia de Vit. B1, B6 y B12. Preguntas frecuentes .faq-grid { display: grid; grid-template-columns: repeat(2, 1fr); gap: 16px; margin: 24px 0; } .faq-card { background: #f8f9fa; border: 1px solid #e9ecef; border-radius: 10px; padding: 20px 24px; } .faq-card h3 { font-size: 16px; font-weight: 600; color: #1a1a1a; margin: 0 0 10px; line-height: 1.4; } .faq-card p { font-size: 14px; color: #555; margin: 0; line-height: 1.7; } @media (max-width: 600px) { .faq-grid { grid-template-columns: 1fr; } } ¿Qué incluye el Pack 02 Blister Neurobion? Este pack contiene tabletas recubiertas con vitaminas del complejo B. Las presentaciones en blister son utilizadas para conservar y organizar las dosis del producto. ¿Cómo se presenta Neurobion en blister? El producto se presenta en formato blister con tabletas recubiertas para administración oral. Este tipo de empaque es común en productos vitamínicos. ¿Cómo se consumen las tabletas recubiertas de Neurobion? Las tabletas deben administrarse por vía oral acompañadas de agua. La forma de consumo debe seguir las indicaciones del etiquetado. ¿Qué vitaminas forman parte del complejo B? El complejo B está compuesto por vitaminas hidrosolubles como B1, B6 y B12, utilizadas en suplementos y productos vitamínicos de administración oral. Vitaminas Packs de Nutrición y Bienestar Vitamina B",,false_no_registro_sanitario
Mifarma,Super B-50 Mason Cápsula,Super B-50 Mason Cápsula,,67.00,PEN,available,https://www.mifarma.com.pe/producto/super-b-50-complex-400mcg-acido-folico-capsula/514225,514225,MASON,algolia_public_search,2026-06-08T00:46:28.103092+00:00,,"Vitamina B-1 (Tiamina Clorhidrato) 50 mg Vitamina B-2 (Riboflavina)50 mg Vitamina B-3 (Niacinamida) 50 mg Vitamina B-6 (Piridoxina Clorhidrato) 50 mg Ácido fólico 400 mcg Vitamina B12 (Cianocobalamina) 50 mcg Biotina 50 mcg Ácido Pantoténico (d-Calcio-Pantotenato) 50 mg Inositol 50 mg Colina Bitartrato 50 mg --PABA (Acido Para Amino Benzoico) 50 mg Este producto es distribuido por Inretail Pharma S.A. (Ley 32033) Con Complejo B en alta potencia. Con Vitaminas B1, B2, niacinamida, B6, B12, ácido pantoténico, ácido fólico, biotina, colina, inositol y PABA. Con Vitamina B1 (Tiamina), que contribuye al buen funcionamiento del corazón. Con Vitamina B1 (Tiamina), que ayuda en la producción de energía. Con Vitamina B3 (Niacinamida), que contribuye al adecuado metabolismo energético. Con Vitamina B6 (Piridoxina), que contribuye al buen funcionamiento del sistema nervioso. Con Vitamina B2 (Riboflavina), que ayuda a disminuir el cansancio y la fatiga. Con Vitamina B5 (Ácido Pantoténico), que contribuye al buen rendimiento intelectual. Con Vitamina B7 (Biotina), que favorece el mantenimiento del cabello en buenas condiciones. Con Vitamina B9 (Ácido fólico), que contribuye a la adecuada formación de células sanguíneas. Con Vitamina B12 (Cianocobalamina), que contribuye al buen funcionamiento del sistema inmunológico. Sin colorantes artificiales, saborizantes artificiales ni conservantes. Sin azúcar, lácteos ni trigo. Libre de gluten. Libre de sodio. Preguntas frecuentes .faq-grid { display: grid; grid-template-columns: repeat(2, 1fr); gap: 16px; margin: 24px 0; } .faq-card { background: #f8f9fa; border: 1px solid #e9ecef; border-radius: 10px; padding: 20px 24px; } .faq-card h3 { font-size: 16px; font-weight: 600; color: #1a1a1a; margin: 0 0 10px; line-height: 1.4; } .faq-card p { font-size: 14px; color: #555; margin: 0; line-height: 1.7; } @media (max-width: 600px) { .faq-grid { grid-template-columns: 1fr; } } ¿Qué contiene Super B-50 Complex con ácido fólico? Este producto contiene vitaminas del complejo B y ácido fólico en cápsulas de administración oral. Estos componentes forman parte de suplementos nutricionales. ¿En qué presentación viene Super B-50 Complex? La presentación corresponde a cápsulas para consumo oral. Este formato es utilizado en suplementos vitamínicos con complejo B. ¿Cómo se consumen las cápsulas de complejo B con ácido fólico? Las cápsulas se administran por vía oral acompañadas de agua. La forma de consumo debe seguir las instrucciones indicadas en el etiquetado. ¿Qué es el ácido fólico en suplementos vitamínicos? El ácido fólico es una vitamina del complejo B presente en distintos suplementos nutricionales. Puede encontrarse combinado con otras vitaminas del complejo B. Vitaminas para Adultos Vitaminas Suplementos y Vitaminas Vitamina B-Complejo B B6 y B12 Vitamina B",,false_no_registro_sanitario
Mifarma,Deferol 50000 Ui Cápsula Blanda,Deferol 50000 Ui Cápsula Blanda,,34.30,PEN,available,https://www.mifarma.com.pe/producto/deferol-50000-ui-capsula-blanda/323538,323538,DEFEROL,algolia_public_search,2026-06-08T00:46:28.103277+00:00,,Cada cápsula blanda contiene: Vitamina D3 50000 UI Este producto es distribuido por Inretail Pharma S.A. (Ley 32033) Vitaminas para Adultos Vitaminas Vitamina D,,false_no_registro_sanitario
Mifarma,Gestavit DHA Mujer Cápsula Blanda,Gestavit DHA Mujer Cápsula Blanda,A-150,88.50,PEN,available,https://www.mifarma.com.pe/producto/gestavit-dha-mujer-capsula-blanda/322311,322311,GESTAVIT,algolia_public_search,2026-06-08T00:46:28.103676+00:00,,350 mg de ácido omega fish oil tg 60% (equivalente a 150.0 mg de DHA y 26.0 mg de EPA) 1.56710 mg de vitamina A palmitato (equivalente a 2664 U.I de vitamina A) 0.4 mg de vitamina D3 (equivalente a 400 U.I de vitamina D) 10 mg de DL-alfa-tocoferil acetato / vitamina E sintética (equivalente a 10 U.I de vitamina E) 78.73330 mg de ascorbato de sodio (equivalente a 70 mg de vitamina C) 3 mg de tiamina mononitrato (vitamina B1) 3.4 mg de riboflavina (vitamina B2) 17 mg de nicotinamida 4 mg de piridoxina clorhidrato (vitamina B6) 0.6 mg de ácido fólico (equivalente a 600 mcg de ácido fólico) 2.2 mg de vitamina B12 (equivalente a 2.2 mcg de vitamina B12) 150 mg de bisglicinato ferroso quelato (equivalente a 30 mg de hierro) 18.671 mg de óxido de zinc (equivalente a 15 mg de zinc) 312.5 mg de carbonato de calcio pesado (equivalente a 125 mg de calcio) Este producto es distribuido por Inretail Pharma S.A. (Ley 32033) Vitaminas y Suplementos Multivitamínicos Prenatal Multivitamínico Prenatal,page_or_detail_regex,false_no_component_match
Mifarma,Vitatrim Multivitamínico y Multimineral Mason Natural Tableta,Vitatrim Multivitamínico y Multimineral Mason Natural Tableta,,37.90,PEN,available,https://www.mifarma.com.pe/producto/vitatrim-multivitaminico-multimineral-tableta/320633,320633,MASON,algolia_public_search,2026-06-08T00:46:28.104099+00:00,,"Cada tableta contiene: Vitamina A (como acetato de retinol y 29% como betacaroteno) 1050 MCG Vitamina C (como acido ascorbico) 60 mg Vitamina D3 (como colecalciferol) 25 mcg (1000 UI) Vitamina E (como acetato de dl-alfa tocoferilo) 13.5 mg (30 UI) Vitamina K (como fitomenadiona) 25 mcg Tiamina (Vitamina B1) (como mononitrato de tiamina) 1.5 mg Riboflavina (Vitamina B2) 1.7 mg Niacina (como niacinamida) 20 mg Vitamina B6 (como clorhidrato de piridoxina) 2mg Folato (400 mcg acido folico) 667 mcg Vitamina B12 (como cianocobalamina) 6 mcg Biotina 30 mcg Acido pantotenico (como d-pantotenato calcico) 10 mg Calcio (como carbonato de calcio, fosfato dicalcico) 200 mg Hierro (omo fumarato ferroso) 18 mg Fosforo (como fosfato dicalcico) 20 mg Yodo (como yoduro de potasio) 150 mcg Magnesio (como oxido de magnesio) 50 mg Zinc (como oxido de zinc) 11 mg Selenio (como selenato de sodio) 55 mcg Cobre (como sulfato de cobre) 0.5 mg Manganeso (como sulfato de manganeso) 2.3 mg Cromo (como picolinato de cromo) 35 mcg Molibdeno (como molibdato de sodio) 45 mcg Cloro (como cloruro de potasio) 72 mg Potasio (como cloruro de potasio) 80 mg Este producto es distribuido por Inretail Pharma S.A. (Ley 32033) Vitaminas y Complementos Multivitamínicos",,false_no_registro_sanitario
Mifarma,Farma D 7000 UI Cápsula Blanda,Farma D 7000 UI Cápsula Blanda,,79.00,PEN,available,https://www.mifarma.com.pe/producto/farma-d-7000-ui-capsula-blanda/320090,320090,FARMA D,algolia_public_search,2026-06-08T00:46:28.104256+00:00,,Cada cápsula contiene 7000 UI de colecalciferol (Vitamina D3). Este producto es distribuido por Inretail Pharma S.A. (Ley 32033) Vitaminas Suplementos / Complementos Nutrición Adulto Adulto Vitamina D,,false_no_registro_sanitario
Mifarma,Materna Nestlé Cápsula Blanda Gastrorresistente,Materna Nestlé Cápsula Blanda Gastrorresistente,,66.90,PEN,available,https://www.mifarma.com.pe/producto/materna-nestle-capsula-blanda-gastrorresistente/319694,319694,MATERNA,algolia_public_search,2026-06-08T00:46:28.104706+00:00,,"Aceite de pescado, Gelatina bovina, Vitamina C (Ácido ascórbico), Quelato de bisglicinato ferroso, Humectantes (Glicerol, Sorbitol), Aceite de coco, Estabilizadores (Cera de abeja, Citrato de trietilo), Agente de glaseado (Goma laca), Emulsionantes (Lecitina de girasol, Monoglicéridos y diglicéridos de ácidos grasos), Quelato de glicinato de zinc, Vitamina B3, Aceite de girasol, Vitamina E, Ácido pantoténico, Vitamina B12, Vitamina B6, Vitamina B2, Vitamina B1, Regulador de la acidez (Carbonato de amonio), Colorantes (Óxido de hierro, Carmín, Dióxido de titanio), Vitamina A, Vitamina D, Ácido fólico, Ioduro de potasio, Vitamina H. CONTIENE DERIVADO DE PESCADO. PUEDE CONTENER DERIVADOS DE SOYA Y LECHE. Este producto es distribuido por Inretail Pharma S.A. (Ley 32033) Vitaminas y Suplementos Multivitamínicos Prenatal Multivitamínico Prenatal",,false_no_registro_sanitario
Mifarma,Vitagel Colágeno Sabor Uva Pastilla Masticable,Vitagel Colágeno Sabor Uva Pastilla Masticable,,99.00,PEN,available,https://www.mifarma.com.pe/producto/vitagel-colageno-sabor-uva-pastilla-masticable/318940,318940,VITAGEL,algolia_public_search,2026-06-08T00:46:28.104918+00:00,,"INGREDIENTES ACTIVOS: Por una (1) tableta masticable Péptido de colágeno hidrolizado 500.00 mg Carbonato de magnesio (24% Mg) 122.22 mg Ascorbato de calcio (82.2% vitamina C) 57.58 mg Acido ascórbico (95% vitamina C) 28.07 mg Colecalciferol (100,000 UI/g vitamina D) 1.33 mg Este producto es distribuido por Inretail Pharma S.A. (Ley 32033) Suplementos Nutricionales Suplementos y Vitaminas Busca tu Marca de Colágeno Ideal Colágenos",,false_no_registro_sanitario
Mifarma,Vitagel Colágeno Sabor Surtido Pastilla Masticable,Vitagel Colágeno Sabor Surtido Pastilla Masticable,,99.00,PEN,available,https://www.mifarma.com.pe/producto/vitagel-colageno-sabor-surtido-pastilla-masticable/318939,318939,VITAGEL,algolia_public_search,2026-06-08T00:46:28.105117+00:00,,"INGREDIENTES ACTIVOS: Por una (1) tableta masticable Péptido de colágeno hidrolizado 500.00 mg Carbonato de magnesio (24% Mg) 122.22 mg Ascorbato de calcio (82.2% vitamina C) 57.58 mg Acido ascórbico (95% vitamina C) 28.07 mg Colecalciferol (100,000 UI/g vitamina D) 1.33 mg Este producto es distribuido por Inretail Pharma S.A. (Ley 32033) Suplementos Nutricionales Suplementos y Vitaminas Busca tu Marca de Colágeno Ideal Colágenos",,false_no_registro_sanitario
Mifarma,Ascenda Nestlé Sabor Vainilla,Ascenda Nestlé Sabor Vainilla,,100.60,PEN,available,https://www.mifarma.com.pe/producto/nestle-ascenda-sabor-vainilla/312843,312843,ASCENDA,algolia_public_search,2026-06-08T00:46:28.106143+00:00,,"Leche descremada en polvo, Suero dulce líquido de leche, Maltodextrina, Mezcla de aceites vegetales [Aceite de Oleína de palma, Aceite de palma, Aceite de colza, Aceite de maíz con Antioxidante (Palmitato de ascorbilo) y Secuestrante (Ácido cítrico)], Grasa láctea, Fructooligosacárido (FOS), Proteína de suero de leche en polvo (α-lactoalbúmina), Concentrado de proteína de suero de leche en polvo, Lactosa, Citrato de calcio, Fosfato dicálcico, Mezcla de minerales (Sulfato ferroso, Sulfato de zinc, Sulfato de cobre), Mezcla de aceite de pescado [Aceite de pescado (Fuente de DHA), Antioxidante (Concentrado de tocoferoles mixtos (de soya))], Jugo concentrado de fruta del monje, Mezcla de vitaminas y minerales [Maltodextrina, Vitamina C (L-ascorbato sódico), Inositol, Nicotinamida, Vitamina E (DL-alfa-tocoferil acetato), Sulfato de manganeso, Vitamina B5 (D-pantotenato cálcico), Vitamina B6 (Hidrocloruro de piridoxina), Vitamina B1 (Tiamina mononitrato), Vitamina A (Acetato de retinilo), Vitamina B2 (Riboflavina), Vitamina B9 (Ácido fólico), Cloruro de cromo (III), Molibdato de sodio, Luteína, Vitamina K1 (Fitomenadiona), Biotina, Selenato sódico, Vitamina D3 (Colecalciferol), Yoduro potásico, Vitamina B12 (Cianocobalamina)], Emulsionante (Lecitina de soya), Reguladores de la acidez (Hidróxido de potasio, Ácido cítrico, Hidróxido de sodio), Bitartrato de colina, Fosfato dipotásico, Saborizante natural (Vainilla), Citrato de magnesio, Cloruro de magnesio. CONTIENE LECHE. CONTIENE LACTOSA. CONTIENE PESCADO. CONTIENE SOYA. Este producto es distribuido por Inretail Pharma S.A. (Ley 32033) Ascenda es un complemento alimenticio de Nestlé diseñado para niños de 2 a 10 años. 1. Aporte de energía y proteína que promueven la ganancia de talla y peso junto con una alimentación balanceada y el acompañameinto de un profesional de la salud. 2. Sin azúcar de mesa (sacarosa) añadida* *Contiene otras fuentes de azúcares propios de los ingredientes. Vitaminas y Suplementos Suplementos Nutricionales Multivitamínico para Bebés Pediátricos",,false_no_registro_sanitario
Mifarma,Pedialact Vainilla Lata 400gr,Pedialact Vainilla Lata 400gr,,53.00,PEN,available,https://www.mifarma.com.pe/producto/pedialact-vainilla-lata-400gr/308571,308571,PEDIALACT,algolia_public_search,2026-06-08T00:46:28.106631+00:00,,"Leche descremada en polvo; Aceites vegetales [soya, girasololeico, palma, cártamo]; Concentrado de proteína de suero;Maltodextrina; Sólidos de jarabe de maíz; Sacarosa; Lactosa;Oligofructosa; Emulsionante (Lecitina de soya, SIN 322); Etilvainillina; Ácido 2-amino-etano-sulfónico (Taurina); Ácidosgrasos poliinsaturados de cadena larga provenientes defuentes unicelulares [Ácido Araquidónico AA (ARA), ÁcidoDocosahexaenoico (DHA)]; Nucleótidos (5'-monofosfato decitidina. 5'-monofosfato de uridina disódica, 5'-monofosfato deadenosina, 5'-monofosfato de inosina disódica, 5'-monofosfatode guanosina disódica); (3R)-3-hidroxi-4(trimetilazaniomil)butanoato (L-Carnitina); Antioxidante (Mezcla concentrada detocoferoles, SIN 307b); Antioxidante (Palmitato de ascorbilo, SIN304i); Luteína. Minerales: Regulador de la acidez (Hidróxido depotasio, SIN 525); Carbonato de calcio; Cloruro de sodio;Hidróxido de calcio; Sulfato ferroso; Bicarbonato de potasio;Fosfato de calcio; Sulfato de zinc; Sulfato de cobre; Sulfato demanganeso; Selenito de sodio; Yoduro de potasio. Vitaminas:Cloruro de colina; Vitamina C; lnositol; Vitamina E; Niacinamida;Palmitato de vitamina A; Vitamina B6 ; Ácido pantoténico;Vitamina B1; Vitamina D; Vitamina B2; Beta-caroteno; Ácidofólico; Vitamina K; Biotina; Vitamina B12.Contiene leche, soya y maíz Este producto es distribuido por Inretail Pharma S.A. (Ley 32033) Pedialact® está diseñado para ayudar a complementar las necesidades nutricionales de los niños de mal comer. Pedialact® proporciona una combinación de ingredientes para ayudar a complementar su alimentación. Vitaminas y Suplementos Multivitamínicos Fórmula para Bebés Multivitamínico para Bebés Para Niños Otras Fórmulas y Suplementos",,false_no_registro_sanitario
Mifarma,Retin's Vit Cápsula,Retin's Vit Cápsula,A-1200,98.00,PEN,available,https://www.mifarma.com.pe/producto/retin's-vit-apsula/308438,308438,VESCAFARMA,algolia_public_search,2026-06-08T00:46:28.106821+00:00,,"Acido Ascórbico (Vitamina C) 180 mgVitamina E 30 mgVitamina A 1200 μαLuteina 15 mgZeaxantina 0,68 mg Este producto es distribuido por Inretail Pharma S.A. (Ley 32033) Vitaminas Vitamina E Vitamina A Vitamina C",page_or_detail_regex,false_no_component_match
Mifarma,Geriaplus DB Polvo Sabor Vainilla,Geriaplus DB Polvo Sabor Vainilla,,89.90,PEN,available,https://www.mifarma.com.pe/producto/geriaplus-db-polvo-vainilla/306895,306895,GERIAPLUS DB,algolia_public_search,2026-06-08T00:46:28.107153+00:00,,"SOYA, PROTEINA AISLADA DE SOYA, FIBRA SOLUBLE (POLIDEXTROSA SIN 1200), MALTODEXTRINA, FIBRA DE AVENA, CITRATO DE POTASIO (FUENTE DE POTASIO),FOSFATO TRICALCICO (FUENTE DE POTASIO Y FOSFORO), MEZCLA DE VITAMINAS Y MINERALES (VITAMINA A, VITAMINA D3,VITAMINA E,VITAMINA C, VITAMINA K,ACIDO FOLICO, VITAMINA B1, VITAMINA B2, VITAMINA B6, VITAMINA B12, NIACINA, BIOTINA, ACIDO PANTOTENICO, SODIO, MAGNESIO, YODO, MANGANESO, COBRE, ZINC, HIERRO Y SELENIO), SABORIZANTE AUTORIZADO (SABOR VAINILLA), SABORIZANTE AUTORIZADO (SABOR CANELA CLAVO), ACEITE DE CHIA (FUENTE DE OMEGA 3 Y 6), BETAGLUCANO, CLORURO DE SODIO, LECITINA DE SOYA, ACIDO DOCOSAHEXAENOCIO (DHA), ACIDO EICOSAPENTAENOICO (EPA), ANTIAGLOMERANTE (DIOXIDO DE SILICIO SIN 551), COLORANTE AUTORIZADO (DIOXIDO DE TITANIO SIN 171), ESTABILIZANTE (GOMA XANTAN SIN 415) Y EDULCORANTE (SUCRALOSA SIN 955). Este producto es distribuido por Inretail Pharma S.A. (Ley 32033) Suplementos Nutricionales Suplementos / Complementos Suplementos y Vitaminas Nutrición Adulto Adultos Adulto Geriátricos Geriaplus y Vital Vitaminado en Varios Sabores",,false_no_registro_sanitario
Mifarma,Ascenda Nestlé Sabor Vainilla,Ascenda Nestlé Sabor Vainilla,,45.90,PEN,available,https://www.mifarma.com.pe/producto/ascenda-nestle-sabor-vainilla/304043,304043,NESTLE,algolia_public_search,2026-06-08T00:46:28.107988+00:00,,"Leche descremada en polvo, Suero dulce líquido de leche, Maltodextrina, Mezcla de aceites vegetales [Aceite de Oleína depalma, Aceite de palma, Aceite de colza, Aceite de maíz con Antioxidante (Palmitato de ascorbilo) y Secuestrante (Ácidocítrico)], Grasa láctea, Fructooligosacárido (FOS), Proteína de suero de leche en polvo (α-lactoalbúmina), Concentrado deproteína de suero de leche en polvo, Lactosa, Citrato de calcio, Fosfato dicálcico, Mezcla de minerales (Sulfato ferroso,Sulfato de zinc, Sulfato de cobre), Mezcla de aceite de pescado [Aceite de pescado (Fuente de DHA), Antioxidante(Concentrado de tocoferoles mixtos (de soya))], Jugo concentrado de fruta del monje, Mezcla de vitaminas y minerales[Maltodextrina, Vitamina C (L-ascorbato sódico), Inositol, Nicotinamida, Vitamina E (DL-alfa-tocoferil acetato), Sulfato demanganeso, Vitamina B5 (D-pantotenato cálcico), Vitamina B6 (Hidrocloruro de piridoxina), Vitamina B1 (Tiaminamononitrato), Vitamina A (Acetato de retinilo), Vitamina B2 (Riboflavina), Vitamina B9 (Ácido fólico), Cloruro de cromo (III),Molibdato de sodio, Luteína, Vitamina K1 (Fitomenadiona), Biotina, Selenato sódico, Vitamina D3 (Colecalciferol), Yoduropotásico, Vitamina B12 (Cianocobalamina)], Emulsionante (Lecitina de soya), Reguladores de la acidez (Hidróxido depotasio, Ácido cítrico, Hidróxido de sodio), Bitartrato de colina, Fosfato dipotásico, Saborizante natural (Vainilla), Citrato demagnesio, Cloruro de magnesio. Este producto es distribuido por Inretail Pharma S.A. (Ley 32033) Ascenda es un complemento alimenticio de Nestlé diseñado para niños de 2 a 10 años: 1. Aporte de energía y proteína que promueven la ganancia de talla y peso junto con una alimentación balanceada y el acompañameinto de un profesional de la salud. 2. Sin azúcar de mesa (sacarosa) añadida* Contiene otras fuentes de azúcares propios de los ingredientes. Vitaminas y Suplementos Suplementos Nutricionales Multivitamínico para Bebés Pediátricos",,false_no_registro_sanitario
Mifarma,D3 50 mcg (2000 IU) Cápsula blanda,D3 50 mcg (2000 IU) Cápsula blanda,A-2000,124.90,PEN,available,https://www.mifarma.com.pe/producto/d3-50-mcg-2000-iu-capsula-blanda/800459,800459,NATURE'S BOUNTY,algolia_public_search,2026-06-08T00:46:28.109686+00:00,,"Vitamina D 50 mcg (2000 UI)(como D3 Colecalciferol) Este producto es distribuido por Inretail Pharma S.A. (Ley 32033) 150 Cápsulas blandas*Suplemento Dietético Preguntas frecuentes .faq-grid { display: grid; grid-template-columns: repeat(2, 1fr); gap: 16px; margin: 24px 0; } .faq-card { background: #f8f9fa; border: 1px solid #e9ecef; border-radius: 10px; padding: 20px 24px; } .faq-card h3 { font-size: 16px; font-weight: 600; color: #1a1a1a; margin: 0 0 10px; line-height: 1.4; } .faq-card p { font-size: 14px; color: #555; margin: 0; line-height: 1.7; } @media (max-width: 600px) { .faq-grid { grid-template-columns: 1fr; } } ¿Qué contiene D3 50 mcg 2000 IU cápsula blanda? Este suplemento contiene vitamina D3 en concentración de 50 mcg equivalentes a 2000 UI. La vitamina D3 es utilizada en suplementos nutricionales de administración oral. ¿En qué presentación viene la vitamina D3 2000 IU? El producto se presenta en cápsulas blandas para consumo oral. Este formato es utilizado comúnmente en suplementos vitamínicos por su practicidad de administración. ¿Cómo se consume la vitamina D3 en cápsulas blandas? Las cápsulas blandas se administran por vía oral acompañadas de agua. La frecuencia de consumo debe seguir las indicaciones señaladas en el empaque o por el profesional de salud. ¿Qué es la vitamina D3? La vitamina D3 es una forma de vitamina D presente en distintos suplementos nutricionales. Participa en procesos relacionados con el metabolismo del organismo. Vitaminas para Adultos Vitaminas Vitamina D",page_or_detail_regex,false_no_component_match
Mifarma,Deferol 7000UI Cápsula blanda,Deferol 7000UI Cápsula blanda,,49.20,PEN,available,https://www.mifarma.com.pe/producto/deferol-7000-ui-capsula-blanda/548468,548468,Unimed,algolia_public_search,2026-06-08T00:46:28.109819+00:00,,Vitamina D3 7000UI Este producto es distribuido por Inretail Pharma S.A. (Ley 32033) Vitaminas Vitamina D,,false_no_registro_sanitario
Mifarma,Calcibone D Soya Forte Tableta - Frasco 30 UN,Calcibone D Soya Forte Tableta - Frasco 30 UN,,66.90,PEN,available,https://www.mifarma.com.pe/producto/calcibone-d-soya-forte-tableta/268888,268888,CALCIBONE,algolia_public_search,2026-06-08T00:46:28.109952+00:00,,"EXTRACTO DE SOYA CON ISOFLAVONAS DE SOYA AL 40% 125mg, OXIDO DE MAGNESIO 83mg, VITAMINA D3 (COLECALCIFEROL) 4mg, CITRATO DE CALCIO TETRAHIDRATADO Este producto es distribuido por Inretail Pharma S.A. (Ley 32033) Vitaminas Vitamina D",,false_no_registro_sanitario
Mifarma,Pack Suplemento Proteico Musclen Isolate For Her Sabor Strawberry + Quemador de Grasa Oxylite Passion Fruit,Pack Suplemento Proteico Musclen Isolate For Her Sabor Strawberry + Quemador de Grasa Oxylite Passion Fruit,E300,131.90,PEN,available,https://www.mifarma.com.pe/producto/pack-suplemento-proteico-musclen-isolate-quemador/PACKNT770,PACKNT770,MUSCLEN,algolia_public_search,2026-06-08T00:46:28.228717+00:00,,"Suplemento Proteico Musclen Isolate For Her Sabor Strawberry: Proteína aislada de suero de leche , Colágeno hidrolizado , Harina de aguaje, Ácido Ascórbico (E300), Ácido cítrico (E330), Sabor fresa, Goma xantán (SIN 415), Sucralosa (SIN 955), Stevia (SIN 960a), Color rojo, Emulsionantes (SIN 322(i), SIN 415). Quemador de Grasa Musclen Oxylite Sabor Passion Fruit: Café, guarana, pitahaya, maltodextrina, stevia (SIN 960a), sucralosa (SIN 955), acido citrico (SIN 330), goma xantan (SIN 415), colorante curcumina (100 i). CONTIENE CAFEINA. Este producto es distribuido por Inretail Pharma S.A. (Ley 32033) Musclen es una marca especializada en nutrición deportiva diseñada para impulsar el rendimiento, la fuerza y la recuperación de quienes buscan resultados visibles y sostenibles. Sus fórmulas combinan ingredientes de alta calidad con estándares modernos de fabricación, ofreciendo proteínas, aminoácidos y suplementos funcionales que acompañan cada fase del entrenamiento. Con un enfoque en eficacia, pureza y accesibilidad, Musclen se convierte en un aliado confiable tanto para deportistas como para personas activas que quieren maximizar su bienestar físico día a día. Suplemento Proteico Musclen Isolate For Her Sabor Strawberry ISOLATE FOR HER combina proteína aislada de alta pureza con colágeno de doble hidrolizado e isoflavonas naturales. Una fórmula pensada para potenciar el rendimiento, dar elasticidad a la piel y fortalecer el cabello y uñas. Además, ayuda a proteger los huesos y mantener el equilibrio hormonal. ISOLATE FOR HER contiene 23g de proteína por servicio, cero calorías y cero BCCAs. OXYLITE está pensando para las personas que buscan más energía y apoyo en la quema de calorías. Su fórmula ayuda a activar el metabolismo, mejorar la concentración y controlar el apetito de manera ligera y efectiva. Con un efecto prolongado, acompaña en los entrenamientos y rutina diaria, dando el impulso necesario para que la persona se sienta activa mientras favorece la pérdida de grasa. OXYLITE es el aliado perfecto para los primeros pasos hacia un estilo de vida mas enérgico, saludable y ligero.OXYLITE controla el apetito, acelera el metabolismo, contiene cero azúcares y es termogénico. N Nutrición deportiva diseñada para potenciar tu mejor versión Rinde más cada día con Musclen Promociones en Suplementos y Vitaminas Packs de Nutrición y Bienestar Productos Proteínas Musclen Más Proteinas con Mejores Resultados",page_or_detail_regex,false_no_component_match
Mifarma,Suplemento Proteico Musclen Muscle Whey Sabor Creamy Vanilla,Suplemento Proteico Musclen Muscle Whey Sabor Creamy Vanilla,,215.00,PEN,available,https://www.mifarma.com.pe/producto/suplemento-proteico-musclen-muscle-whey-vanilla/319787,319787,MUSCLEN,algolia_public_search,2026-06-08T00:46:28.229287+00:00,,"Suero de leche en polvo (WHEY), Sabor vainilla, Emulsionantes (SIN 322(i), SIN 415), Enzima Lactasa, Edulcorante (SIN 955), Stevia (SIN 960a). Este producto es distribuido por Inretail Pharma S.A. (Ley 32033) Musclen es una marca especializada en nutrición deportiva diseñada para impulsar el rendimiento, la fuerza y la recuperación de quienes buscan resultados visibles y sostenibles. Sus fórmulas combinan ingredientes de alta calidad con estándares modernos de fabricación, ofreciendo proteínas, aminoácidos y suplementos funcionales que acompañan cada fase del entrenamiento. Con un enfoque en eficacia, pureza y accesibilidad, Musclen se convierte en un aliado confiable tanto para deportistas como para personas activas que quieren maximizar su bienestar físico día a día. Proteína Muscle Whey Musclen Sabor Creamy Vainilla MUSCLE WHEY es una proteína concentrada de suero de leche creada para las personas que busquen resistencia y desarrollo muscular. Su fórmula aporta un perfil completo de aminoácidos que favorecen a la recuperación, el crecimiento y la energía sostenida durante los entrenamientos. Gracias a su rápida absorción, ayuda a reparar las fibras musculares, reducir la fatiga y maximizar el rendimiento. N utrición deportiva diseñada para potenciar tu mejor versión Rinde más cada día con Musclen, disponible en Inkafarma. Promociones en Suplementos y Vitaminas Suplementos Nutricionales Nutrición Deportiva Fitness y Deportivos Deportivos Productos Proteínas Musclen Suplementos Deportivos Más Proteinas con Mejores Resultados",,false_no_registro_sanitario
Mifarma,Suplemento Proteico Musclen Isolate For Her Sabor Strawberry,Suplemento Proteico Musclen Isolate For Her Sabor Strawberry,E300,109.00,PEN,available,https://www.mifarma.com.pe/producto/suplemento-proteico-msuclen-isolate-for-her-strawberry/319971,319971,MUSCLEN,algolia_public_search,2026-06-08T00:46:28.229853+00:00,,"Proteína aislada de suero de leche , Colágeno hidrolizado , Harina de aguaje, Ácido Ascórbico (E300), Ácido cítrico (E330), Sabor fresa, Goma xantán (SIN 415), Sucralosa (SIN 955), Stevia (SIN 960a), Color rojo, Emulsionantes (SIN 322(i), SIN 415). Este producto es distribuido por Inretail Pharma S.A. (Ley 32033) Musclen es una marca especializada en nutrición deportiva diseñada para impulsar el rendimiento, la fuerza y la recuperación de quienes buscan resultados visibles y sostenibles. Sus fórmulas combinan ingredientes de alta calidad con estándares modernos de fabricación, ofreciendo proteínas, aminoácidos y suplementos funcionales que acompañan cada fase del entrenamiento. Con un enfoque en eficacia, pureza y accesibilidad, Musclen se convierte en un aliado confiable tanto para deportistas como para personas activas que quieren maximizar su bienestar físico día a día. Suplemento Proteico Musclen Isolate For Her Sabor Strawberry ISOLATE FOR HER combina proteína aislada de alta pureza con colágeno de doble hidrolizado e isoflavonas naturales. Una fórmula pensada para potenciar el rendimiento, dar elasticidad a la piel y fortalecer el cabello y uñas. Además, ayuda a proteger los huesos y mantener el equilibrio hormonal. ISOLATE FOR HER contiene 23g de proteína por servicio, cero calorías y cero BCCAs. N utrición deportiva diseñada para potenciar tu mejor versión Rinde más cada día con Musclen Promociones en Suplementos y Vitaminas Suplementos Nutricionales Nutrición Deportiva Fitness y Deportivos Deportivos Productos Proteínas Musclen Suplementos Deportivos Más Proteinas con Mejores Resultados",page_or_detail_regex,false_no_component_match
Mifarma,Suplemento de Carbohidrato Enterex Karbs Polvo Solución Oral,Suplemento de Carbohidrato Enterex Karbs Polvo Solución Oral,,70.00,PEN,available,https://www.mifarma.com.pe/producto/suplemento-de-carbohidrato-enterex-karbs-polvo-solucion-oral/529775,529775,ENTEREX,algolia_public_search,2026-06-08T00:46:28.230181+00:00,,Este producto es distribuido por Inretail Pharma S.A. (Ley 32033) Suplementos / Complementos Adulto,,false_no_registro_sanitario
Mifarma,Pack Suplemento Proteico Musclen Muscle Whey Sabor Creamy Vanilla + Quemador de Grasa Musclen Oxylite Sabor Passion Fruit,Pack Suplemento Proteico Musclen Muscle Whey Sabor Creamy Vanilla + Quemador de Grasa Musclen Oxylite Sabor Passion Fruit,,269.90,PEN,available,https://www.mifarma.com.pe/producto/pack-suplemento-proteico-creamy-vanilla-quemador/PACKNT757,PACKNT757,MUSCLEN,algolia_public_search,2026-06-08T00:46:28.230738+00:00,,"Proteína Aislada Iso Clean Musclen Sabor Fudgy Chocolate: Suero de leche en polvo (WHEY), Sabor vainilla, Emulsionantes (SIN 322(i), SIN 415), Enzima Lactasa, Edulcorante (SIN 955), Stevia (SIN 960a). Quemador de Grasa Musclen Oxylite Sabor Passion Fruit:Café, guarana, pitahaya, maltodextrina, stevia (SIN 960a), sucralosa (SIN 955), acido citrico (SIN 330), goma xantan (SIN 415), colorante curcumina (100 i). CONTIENE CAFEINA. Este producto es distribuido por Inretail Pharma S.A. (Ley 32033) Musclen es una marca especializada en nutrición deportiva diseñada para impulsar el rendimiento, la fuerza y la recuperación de quienes buscan resultados visibles y sostenibles. Sus fórmulas combinan ingredientes de alta calidad con estándares modernos de fabricación, ofreciendo proteínas, aminoácidos y suplementos funcionales que acompañan cada fase del entrenamiento. Con un enfoque en eficacia, pureza y accesibilidad, Musclen se convierte en un aliado confiable tanto para deportistas como para personas activas que quieren maximizar su bienestar físico día a día. Proteína Muscle Whey Musclen Sabor Creamy Vainilla MUSCLE WHEY es una proteína concentrada de suero de leche creada para las personas que busquen resistencia y desarrollo muscular. Su fórmula aporta un perfil completo de aminoácidos que favorecen a la recuperación, el crecimiento y la energía sostenida durante los entrenamientos. Gracias a su rápida absorción, ayuda a reparar las fibras musculares, reducir la fatiga y maximizar el rendimiento. N utrición deportiva diseñada para potenciar tu mejor versión Rinde más cada día con Musclen, disponible en Inkafarma. Promociones en Suplementos y Vitaminas Packs de Nutrición y Bienestar Productos Proteínas Musclen Más Proteinas con Mejores Resultados",,false_no_registro_sanitario
Mifarma,Magnesol Polvo Efervescente Naranja,Magnesol Polvo Efervescente Naranja,,31.90,PEN,unavailable,https://www.mifarma.com.pe/producto/magnesol-polvo-efervescente-sabor-naranja/236425,236425,MAGNESOL,algolia_public_search,2026-06-08T00:46:28.452362+00:00,,Trimagnesio dicitrato Anhidro 1547.085mg Zinc Oxido 13.692mg Excipientes 5g Stevia Este producto es distribuido por Inretail Pharma S.A. (Ley 32033) Minerales Suplementos y Vitaminas Lo más Buscado en Citrato y Glicinato de Magnesio Magnesio,,false_no_registro_sanitario
Mifarma,Magnesol Polvo Efervescente Limón,Magnesol Polvo Efervescente Limón,,30.80,PEN,available,https://www.mifarma.com.pe/producto/magnesol-polvo-efervescente-sabor-limon/236426,236426,MAGNESOL,algolia_public_search,2026-06-08T00:46:28.452528+00:00,,Trimagnesio dicitrato Anhidro 1547.085mg Zinc Oxido 13.692mg Excipientes 5g Este producto es distribuido por Inretail Pharma S.A. (Ley 32033) Minerales Suplementos y Vitaminas Lo más Buscado en Citrato y Glicinato de Magnesio Magnesio,,false_no_registro_sanitario
Mifarma,Magnesol Polvo,Magnesol Polvo,,25.00,PEN,available,https://www.mifarma.com.pe/producto/magnesol-polvo/640425,640425,MAGNESOL,algolia_public_search,2026-06-08T00:46:28.452681+00:00,,Cloruro de Magnesio Hexahidratado 1.860g|Carbonato de Magnesio 0.124g|Óxido de Zinc 0.016g Este producto es distribuido por Inretail Pharma S.A. (Ley 32033) Minerales Vitaminas para Adultos Suplementos y Vitaminas Lo más Buscado en Citrato y Glicinato de Magnesio Magnesio,,false_no_registro_sanitario
Mifarma,Pack 06 Magnesol en Polvo Naranja,Pack 06 Magnesol en Polvo Naranja,,178.70,PEN,available,https://www.mifarma.com.pe/producto/pack-06-magnesol-en-polvo-naranja/PACKNT157,PACKNT157,VIDA SOL,algolia_public_search,2026-06-08T00:46:28.452813+00:00,,Este producto es distribuido por Inretail Pharma S.A. (Ley 32033) Minerales Suplementos y Vitaminas Packs de Nutrición y Bienestar Lo más Buscado en Citrato y Glicinato de Magnesio Magnesio,,false_no_registro_sanitario
Mifarma,Ciruelax Forte Comprimido Recubierto,Ciruelax Forte Comprimido Recubierto,,93.90,PEN,available,https://www.mifarma.com.pe/producto/ciruelax-forte-125-mg-comprimido-recubierto/231941,231941,CIRUELAX,algolia_public_search,2026-06-08T00:46:28.452943+00:00,,Extracto seco de hojas de Cassia angustifolia Vahl 125mg Este producto es distribuido por Inretail Pharma S.A. (Ley 32033) Cupón INKA20 Suplementos Nutricionales Sistema digestivo Laxantes Naturales,,false_no_registro_sanitario
Mifarma,Artrialiv MSM Polvo para Solución Oral,Artrialiv MSM Polvo para Solución Oral,,91.90,PEN,available,https://www.mifarma.com.pe/producto/artrialiv-msm-polvo/526005,526005,ARTRIALIV,algolia_public_search,2026-06-08T00:46:28.453082+00:00,,"Glucosamina sulfato 1500mg, Condroitina Sulfato de sodio 1200mg, Metilsulfonilmetano 1000mg. Este producto es distribuido por Inretail Pharma S.A. (Ley 32033) Cupón INKA20 Suplementos Nutricionales Suplementos y Vitaminas Antiflamatorio y Antiartrósico Naturales",,false_no_registro_sanitario
Mifarma,Pack 03 Magnesol en Polvo Naranja,Pack 03 Magnesol en Polvo Naranja,,89.80,PEN,available,https://www.mifarma.com.pe/producto/pack-03-magnesol-en-polvo-naranja/PACKNT154,PACKNT154,VIDA SOL,algolia_public_search,2026-06-08T00:46:28.453214+00:00,,Este producto es distribuido por Inretail Pharma S.A. (Ley 32033) Minerales Suplementos y Vitaminas Packs de Nutrición y Bienestar Lo más Buscado en Citrato y Glicinato de Magnesio Magnesio,,false_no_registro_sanitario
Mifarma,Fin Artrit Advanced Polvo para Solución Oral,Fin Artrit Advanced Polvo para Solución Oral,,87.90,PEN,available,https://www.mifarma.com.pe/producto/fin-artrit-advanced-polvo-sabor-naranja/237939,237939,FIN ARTRIT,algolia_public_search,2026-06-08T00:46:28.453368+00:00,,Glucosamina 1500mg|Condroitina 200mg|MSM (Metilsulfonilmetanol) 1500mg|Extracto insaponificable de persea gratissima 100mg|Extracto insaponificable de glycine max 200mg Este producto es distribuido por Inretail Pharma S.A. (Ley 32033) Cupón INKA20 Suplementos Nutricionales Suplementos y Vitaminas Antiflamatorio y Antiartrósico Naturales,,false_no_registro_sanitario
Mifarma,Pack x2 Magnesol Polvo Naranja,Pack x2 Magnesol Polvo Naranja,,59.70,PEN,available,https://www.mifarma.com.pe/producto/pack-x2-magnesol-polvo-naranja/PACKNT564,PACKNT564,VIDA SOL,algolia_public_search,2026-06-08T00:46:28.453730+00:00,,Trimagnesio dicitrato Anhidro 1547.085mg Zinc Oxido 13.692mg Excipientes 5g Stevia Este producto es distribuido por Inretail Pharma S.A. (Ley 32033) Minerales Vitaminas para Adultos Suplementos y Vitaminas Lo más Buscado en Citrato y Glicinato de Magnesio Magnesio,,false_no_registro_sanitario
Mifarma,Pack x2 Magnesol Polvo Clásico,Pack x2 Magnesol Polvo Clásico,,48.20,PEN,available,https://www.mifarma.com.pe/producto/pack-x2-magnesol-polvo-clasico/PACKNT562,PACKNT562,MAGNESOL,algolia_public_search,2026-06-08T00:46:28.453882+00:00,,Cloruro de Magnesio Hexahidratado 1.860g|Carbonato de Magnesio 0.124g|Óxido de Zinc 0.016g Este producto es distribuido por Inretail Pharma S.A. (Ley 32033) Minerales Vitaminas para Adultos Suplementos y Vitaminas Lo más Buscado en Citrato y Glicinato de Magnesio Magnesio,,false_no_registro_sanitario
Mifarma,Tiamina 100mg Tableta recubierta,Tiamina 100mg Tableta recubierta,,8.00,PEN,available,https://www.mifarma.com.pe/producto/tiamina-100mg-tableta/510236,510236,TIAMINA,algolia_public_search,2026-06-08T00:46:28.455121+00:00,,Tiamina clorhidrato 100mg Este producto es distribuido por Inretail Pharma S.A. (Ley 32033) Vitaminas Suplementos y Vitaminas Vitamina B-Complejo B B6 y B12 Vitamina B,,false_no_registro_sanitario
Mifarma,Ácido Fólico 0.5mg Tableta,Ácido Fólico 0.5mg Tableta,,10.00,PEN,unavailable,https://www.mifarma.com.pe/producto/acido-folico-0-5mg-tableta/130084,130084,PORTUGAL,algolia_public_search,2026-06-08T00:46:28.455248+00:00,,Ácido fólico 0.5mg Este producto es distribuido por Inretail Pharma S.A. (Ley 32033) Vitaminas y Suplementos Vitaminas Suplementos y Vitaminas Vitamina B-Complejo B B6 y B12 Vitamina B Ácido Fólico,,false_no_registro_sanitario
Mifarma,Ovusitol D Polvo para Solución Oral,Ovusitol D Polvo para Solución Oral,E551,105.20,PEN,available,https://www.mifarma.com.pe/producto/ovusitol-d-polvo-para-solucion-oral/305249,305249,Itf Farmaceutica PERÚ,algolia_public_search,2026-06-08T00:46:28.455398+00:00,,"Ingredientes: Mio-inositol, agente antiaglomerante: silice colloidal (E551), colecalciferol, ácido fólico. Este producto es distribuido por Inretail Pharma S.A. (Ley 32033) Cupón INKA20 Multivitamínicos Suplementos y Vitaminas Prenatal Vitamina B-Complejo B B6 y B12",page_or_detail_regex,false_no_component_match
Mifarma,Neolife Polvo para Solución Oral,Neolife Polvo para Solución Oral,,81.00,PEN,available,https://www.mifarma.com.pe/producto/neolife-polvo-solucion-oral-2g-30un/547977,547977,NeOLI 21fe,algolia_public_search,2026-06-08T00:46:28.455555+00:00,,2000mg de Inositol y 200 ug de ácido fólico. Este producto es distribuido por Inretail Pharma S.A. (Ley 32033) Cupón INKA20 Suplementos / Complementos Suplementos y Vitaminas Vitamina B-Complejo B B6 y B12 Adulto,,false_no_registro_sanitario
Mifarma,Complejo B Comprimidos,Complejo B Comprimidos,,30.30,PEN,available,https://www.mifarma.com.pe/producto/compejo-b-comprimidos/640099,640099,COMPLEJO B,algolia_public_search,2026-06-08T00:46:28.456050+00:00,,"Cada comprimido contiene: Tiamina Mononitrato (Vit.B1) 2,000 mg Riboflavina (Vit. B2) 2,000 mg Piridoxina Clorhidrato (Vit.B6) 0,125 mg Niacinamida (Nicotinamida) 10,000 mg Calcio Pantotenato 2,000 mg Excipientes c.s.p 1 comprimido Este producto es distribuido por Inretail Pharma S.A. (Ley 32033) Preguntas frecuentes .faq-grid {display: grid;grid-template-columns: repeat(2, 1fr);gap: 16px;margin: 24px 0;}.faq-card {background: #f8f9fa;border: 1px solid #e9ecef;border-radius: 10px;padding: 20px 24px;}.faq-card h2 {font-size: 16px;font-weight: 600;color: #1a1a1a;margin: 0 0 10px;line-height: 1.4;}.faq-card p {font-size: 14px;color: #555;margin: 0;line-height: 1.7;}@media (max-width: 600px) {.faq-grid { grid-template-columns: 1fr; }} ¿Qué contiene Complejo B Comprimidos? Este suplemento contiene vitaminas del complejo B, nutrientes que participan en distintos procesos metabólicos del organismo. Las vitaminas del grupo B suelen incluir componentes como tiamina, riboflavina, piridoxina y cianocobalamina. ¿En qué presentación viene Complejo B Comprimidos? El producto se presenta en comprimidos de administración oral. Esta presentación es utilizada comúnmente en suplementos vitamínicos destinados al consumo diario según indicación profesional. ¿Cómo se consume el Complejo B en comprimidos? Los comprimidos se administran por vía oral con ayuda de agua. La frecuencia de consumo puede variar según las indicaciones del fabricante o del profesional de salud. ¿Cómo conservar este suplemento vitamínico? Se recomienda mantener el producto en un lugar fresco y seco, protegido de la humedad y de la exposición directa al sol. También es importante conservarlo fuera del alcance de los niños. Suplementos y Vitaminas Vitaminas y Complementos Vitamina B-Complejo B B6 y B12 Vitamina B",,false_no_registro_sanitario
Mifarma,Pack 06 Magnesol en Polvo Limón,Pack 06 Magnesol en Polvo Limón,,179.70,PEN,available,https://www.mifarma.com.pe/producto/pack-06-magnesol-en-polvo-limon/PACKNT156,PACKNT156,MAGNESOL,algolia_public_search,2026-06-08T00:46:28.456347+00:00,,Este producto es distribuido por Inretail Pharma S.A. (Ley 32033) Minerales Suplementos y Vitaminas Packs de Nutrición y Bienestar Lo más Buscado en Citrato y Glicinato de Magnesio Magnesio,,false_no_registro_sanitario
Mifarma,Pack 06 Magnesol en Polvo Clásico,Pack 06 Magnesol en Polvo Clásico,,144.90,PEN,available,https://www.mifarma.com.pe/producto/pack-06-magnesol-en-polvo-clasico/PACKNT90,PACKNT90,MAGNESOL,algolia_public_search,2026-06-08T00:46:28.456518+00:00,,Cloruro de Magnesio Hexahidratado 1.860g|Carbonato de Magnesio 0.124g|Óxido de Zinc 0.016g Este producto es distribuido por Inretail Pharma S.A. (Ley 32033) Minerales Vitaminas para Adultos Suplementos y Vitaminas Packs de Nutrición y Bienestar Lo más Buscado en Citrato y Glicinato de Magnesio Magnesio,,false_no_registro_sanitario
Mifarma,Vitagel Colágeno Hidrolizado Fortiflex Polvo,Vitagel Colágeno Hidrolizado Fortiflex Polvo,E122,134.90,PEN,unavailable,https://www.mifarma.com.pe/producto/vitagel-colageno-hidrolizado-fortiflex-polvo/539725,539725,VITAGEL,algolia_public_search,2026-06-08T00:46:28.456784+00:00,,"Colágeno hidrolizado (93.6%), acidificante (ácido cítrico) (2.0%), aromas (contiene lactosa), fosfato de calcio, polvo de fruta de saúco (maltodextrina, concentrado de saúco, ácido cítrico, jarabe de azúcar carmín) (0.8%), carbonato de magnesio, endulzante (Ciclamato de sodio, aspartame, sacarina), ácido L-ascórbico, acetato de D-alfa tocoferol, colorantes (E122, E160a), nicotinamida, D-pantoténico de calcio, clorhidrato de piridoxina, mononitrato de tiamina, riboflavina, ácido pteroil monoglutámico, D-biotina, cianocobalamina. Libre de manipulación genética (EG-VO 1829/2003 y 1830/2003) Este producto es distribuido por Inretail Pharma S.A. (Ley 32033) Cupón INKA20 Suplementos Nutricionales Suplementos y Vitaminas Busca tu Marca de Colágeno Ideal Colágenos",page_or_detail_regex,false_no_component_match
Mifarma,Pack 03 Magnesol en Polvo Limón,Pack 03 Magnesol en Polvo Limón,,89.80,PEN,available,https://www.mifarma.com.pe/producto/pack-03-magnesol-en-polvo-limon/PACKNT153,PACKNT153,MAGNESOL,algolia_public_search,2026-06-08T00:46:28.457150+00:00,,Este producto es distribuido por Inretail Pharma S.A. (Ley 32033) Minerales Suplementos y Vitaminas Packs de Nutrición y Bienestar Lo más Buscado en Citrato y Glicinato de Magnesio Magnesio,,false_no_registro_sanitario
Mifarma,Pack 03 Magnesol Polvo Clasico,Pack 03 Magnesol Polvo Clasico,,72.40,PEN,available,https://www.mifarma.com.pe/producto/pack-03-magnesol-polvo-clasico/PACKNT89,PACKNT89,MAGNESOL,algolia_public_search,2026-06-08T00:46:28.457527+00:00,,Cloruro de Magnesio Hexahidratado 1.860g|Carbonato de Magnesio 0.124g|Óxido de Zinc 0.016g Este producto es distribuido por Inretail Pharma S.A. (Ley 32033) Minerales Vitaminas para Adultos Suplementos y Vitaminas Packs de Nutrición y Bienestar Lo más Buscado en Citrato y Glicinato de Magnesio Magnesio,,false_no_registro_sanitario
Mifarma,Pack x2 Magnesol Polvo Limón,Pack x2 Magnesol Polvo Limón,,59.70,PEN,available,https://www.mifarma.com.pe/producto/pack-x2-magnesol-polvo-limon/PACKNT563,PACKNT563,VIDA SOL,algolia_public_search,2026-06-08T00:46:28.457914+00:00,,Trimagnesio dicitrato Anhidro 1547.085mg Zinc Oxido 13.692mg Excipientes 5g Este producto es distribuido por Inretail Pharma S.A. (Ley 32033) Minerales Vitaminas para Adultos Suplementos y Vitaminas Lo más Buscado en Citrato y Glicinato de Magnesio Magnesio,,false_no_registro_sanitario
Mifarma,Pack 1 Caja Magnesol Polvo + 1 Caja Magnesol Polvo Sabor Naranja,Pack 1 Caja Magnesol Polvo + 1 Caja Magnesol Polvo Sabor Naranja,,53.90,PEN,available,https://www.mifarma.com.pe/producto/pack-1-magnesol-polvo-1-magnesol-polvo-naranja/PACKNT466,PACKNT466,MAGNESOL,algolia_public_search,2026-06-08T00:46:28.458265+00:00,,Magnesol Polvo Cloruro de Magnesio Hexahidratado 1.860g Carbonato de Magnesio 0.124g Óxido de Zinc 0.016g Magnesol Polvo sabor Naranja Trimagnesio dicitrato Anhidro 1547.085mg Zinc Oxido 13.692mg Stevia Excipientes 5g Este producto es distribuido por Inretail Pharma S.A. (Ley 32033) Minerales Vitaminas para Adultos Suplementos y Vitaminas Packs de Nutrición y Bienestar Lo más Buscado en Citrato y Glicinato de Magnesio Magnesio,,false_no_registro_sanitario
Mifarma,Gomitas More Sleep Melatonina,Gomitas More Sleep Melatonina,,49.50,PEN,unavailable,https://www.mifarma.com.pe/producto/gomitas-more-sleep-melatonina/800582,800582,MORE,algolia_public_search,2026-06-08T00:46:28.458639+00:00,,"Agua, Emulsionantes: Jarabe de maltitol (SIN 965(ii)) y Maltitol (SIN 965(i)), Gelatina, Azúcar, Regulador de la acidez: Ácido cítrico (SIN 330), Saborizante a Cola, Melatonina, Edulcorante: Sucralosa (SIN 955), Sustancia Conservadora: Sorbato de potasio (SIN 202) y Colorante: Caramelo (SIN 150d). Este producto es distribuido por Inretail Pharma S.A. (Ley 32033) Cupón INKA20 Sistema Locomotor Suplementos Nutricionales Suplementos y Vitaminas Sedantes Ayuda a Relajarte y Dormir Mejor Gomitas Funcionales para Todo Naturales",,false_no_registro_sanitario
Mifarma,Contravaris 100mg Cápsula - Caja 60 UN,Contravaris 100mg Cápsula - Caja 60 UN,,45.90,PEN,available,https://www.mifarma.com.pe/producto/contravaris-100mg-capsula/137557,137557,GARDEN HOUSE,algolia_public_search,2026-06-08T00:46:28.458773+00:00,,"EXTRACTO DE RUSCUS ACULEATUS, L. 100,00 mg Este producto es distribuido por Inretail Pharma S.A. (Ley 32033) Sistema Digestivo Suplementos Nutricionales Antihemorroidales Naturales",,false_no_registro_sanitario
Mifarma,Magnesol Kids Polvo para Solución Oral Sabor Fresa,Magnesol Kids Polvo para Solución Oral Sabor Fresa,,32.70,PEN,available,https://www.mifarma.com.pe/producto/magnesol-kids-polvo-para-solucion-oral/307690,307690,MAGNESOL,algolia_public_search,2026-06-08T00:46:28.459521+00:00,,Citrato de Magnesio 69.48 mg Lactato de Zinc 2.12 mg Este producto es distribuido por Inretail Pharma S.A. (Ley 32033) Suplementos Nutricionales Suplementos y Vitaminas Lo más Buscado en Citrato y Glicinato de Magnesio Colágenos,,false_no_registro_sanitario
Mifarma,Pack 03 Vivactiv Tabletas Efervescentes Naranja,Pack 03 Vivactiv Tabletas Efervescentes Naranja,,31.50,PEN,available,https://www.mifarma.com.pe/producto/pack-03-vivactiv-tabletas-efervescentes-naranja/PACKNT31,PACKNT31,VIVACTIV,algolia_public_search,2026-06-08T00:46:28.459686+00:00,,"Magnesio 300mgZinc 10mg Este producto es distribuido por Inretail Pharma S.A. (Ley 32033) Suplemento nutricional efervescente, sabor naranja, libre de azúcar y preservantes. Hecho en alemania. Minerales Suplementos y Vitaminas Packs de Nutrición y Bienestar Lo más Buscado en Citrato y Glicinato de Magnesio Magnesio Zinc",,false_no_registro_sanitario
Mifarma,Uña De Gato Schuler 150mg Cápsula,Uña De Gato Schuler 150mg Cápsula,,44.50,PEN,available,https://www.mifarma.com.pe/producto/una-de-gato-schuler-150-mg/134843,134843,SCHULER,algolia_public_search,2026-06-08T00:46:28.463865+00:00,,Uncaria tomentosa 150mg Este producto es distribuido por Inretail Pharma S.A. (Ley 32033) Sistema Renal/ Reproductor Suplementos Nutricionales Problemas Urinarios Naturales,,false_no_registro_sanitario
Mifarma,Warmi Capsula,Warmi Capsula,,126.00,PEN,available,https://www.mifarma.com.pe/producto/warmi-capsulas/513442,513442,HERSIL,algolia_public_search,2026-06-08T00:46:28.464128+00:00,,Extracto de Citrus aurantium L. 10mg | Lepidium meyeni walp 500mg Este producto es distribuido por Inretail Pharma S.A. (Ley 32033) Suplementos Nutricionales Cuidado de la Mujer Antimenospausico Naturales,,false_no_registro_sanitario
Mifarma,Maxucal D 400 UI Comprimidos,Maxucal D 400 UI Comprimidos,,139.92,PEN,available,https://www.mifarma.com.pe/producto/maxucal-d-400-ui/511420,511420,MAXUCAL,algolia_public_search,2026-06-08T00:46:28.464243+00:00,,Calcio 1500mg| Vitamina D3 400UI Este producto es distribuido por Inretail Pharma S.A. (Ley 32033) Minerales Suplementos / Complementos Otros Minerales Embarazo,,false_no_registro_sanitario
Mifarma,Ciruelax Infusión Filtrante Té - Caja 30 UN,Ciruelax Infusión Filtrante Té - Caja 30 UN,,45.00,PEN,available,https://www.mifarma.com.pe/producto/ciruelax-infusion-filtrante-te/137555,137555,CIRUELAX,algolia_public_search,2026-06-08T00:46:28.464362+00:00,,Sen 85.470g|Menta 8.547|Extracto de ciruelas Este producto es distribuido por Inretail Pharma S.A. (Ley 32033) Suplementos Nutricionales Sistema digestivo Laxantes Naturales,,false_no_registro_sanitario
Mifarma,Potenciator Solución Oral Ampollas Bebibles,Potenciator Solución Oral Ampollas Bebibles,E150,156.00,PEN,available,https://www.mifarma.com.pe/producto/potenciator-5g-10ml-ampolla-bebible/138882,138882,FAES GRUPO,algolia_public_search,2026-06-08T00:46:28.464563+00:00,,"Cada ampolla bebible contiene: Aspartato de arginina 5g, Sorbitol solución al 70% 2g, sacarosa 1.3g, Ác. Cítrico monohidrato 20mg, sacarina sódica 13mg, aroma de caramelo (15.6mg), colorante caramelo (E150) 3.3mg, sorbato potásico (E202) 10mg, metilparaben (E218) 8mg, propilparaben (E213) 2mg Este producto es distribuido por Inretail Pharma S.A. (Ley 32033) Suplementos Nutricionales Naturales",page_or_detail_regex,false_no_component_match
Mifarma,Tomevit Cápsula - Caja 300 UN,Tomevit Cápsula - Caja 300 UN,,51.90,PEN,available,https://www.mifarma.com.pe/producto/tomevit-capsula/553941,553941,TOMEVIT,algolia_public_search,2026-06-08T00:46:28.464723+00:00,,"RIBOFLAVINA 2.00 mg, NICOTINAMIDA 10.00 mg, PIRIDOXINA CLORHIDRATO 0.125 mg, TIAMINA MONONITRATO 2.00 mg, CALCIO PANTOTENATO 2.00 mg Este producto es distribuido por Inretail Pharma S.A. (Ley 32033) Vitaminas Suplementos y Vitaminas Vitamina B-Complejo B B6 y B12 Vitamina B",,false_no_registro_sanitario
Mifarma,Phyto soya 17.5 mg Cápsulas,Phyto soya 17.5 mg Cápsulas,,101.40,PEN,available,https://www.mifarma.com.pe/producto/phyto-soya-17-5-mg/136128,136128,EUROFARMA,algolia_public_search,2026-06-08T00:46:28.464853+00:00,,Extracto seco de Glycine max (L.) Merr 175 mg Este producto es distribuido por Inretail Pharma S.A. (Ley 32033) Sistema Renal/ Reproductor Suplementos Nutricionales Problemas Reproductor Femenino Naturales,,false_no_registro_sanitario
Mifarma,Valupass Cápsula,Valupass Cápsula,,26.00,PEN,available,https://www.mifarma.com.pe/producto/valupass-capsulas/505541,505541,VALUPASS,algolia_public_search,2026-06-08T00:46:28.464995+00:00,,Valeriana officinalis (polvo de raíz) 70 mg| Humulus lupulus (polvo de escamas) 70 mg| Passiflora coerulea (polvo planta total) 70 mg Este producto es distribuido por Inretail Pharma S.A. (Ley 32033) Sistema Locomotor Suplementos Nutricionales Sedantes Naturales,,false_no_registro_sanitario
Mifarma,Glucerna Triple Care Líquido Sabor Vainilla,Glucerna Triple Care Líquido Sabor Vainilla,,12.90,PEN,available,https://www.mifarma.com.pe/producto/glucerna-triple-care-liquido-vainilla-220ml/320440,320440,GLUCERNA,algolia_public_search,2026-06-08T00:46:28.465619+00:00,,"Agua, maltodextrina, ACEITES VEGETALES (aceite de canola, aceite de girasol alto en oleico), proteína láctea, sucromaltosa, maltitol, aislado de proteína de soya, caseinato de sodio, oligofructosa (FOS), MINERALES (cloruro de potasio, citrato de sodio, fosfato dibásico de potasio, carbonato de calcio, fosfato dibásico de magnesio, sulfato demagnesio, cloruro de sodio, citrato de potasio, sulfato ferroso, sulfato de zinc, sulfato de manganeso, sulfato cúprico, cloruro de cromo, yoduro de potasio, molibdato de sodio, selenato de sodio), isomaltulosa, mio-Inositol, saborizantes, fibra de avena, lecitina de soya (emulsionante), VITAMINAS (ácido ascórbico, niacinamida, vitamina E, pantotenato de calcio, clorhidrato de piridoxina, clorhidrato de tiamina, riboflavina, palmitato de vitamina A, ácido fólico, filoquinona, biotina, vitamina D₃, cianocobalamina), cloruro de colina, acesulfame de potasio (edulcorante), curcumina (colorante), goma gellan (estabilizador), sucralosa (edulcorante). CONTIENTE INGREDIENTES DERIVADOS DE LECHE, SOYA Y AVENA. Este producto es distribuido por Inretail Pharma S.A. (Ley 32033) Glucerna® es un producto alimenticio específicamente diseñado con nutrientes para ayudar a controlar los niveles de glucosa en sangre* y apoyar el estado nutricional como parte de un plan de alimentación para personas con diabetes ya que contiene: Un nuevo y mejorado sistema avanzado de carbohidratos de digestión lenta y ahora con inositol, que te ayudan a controlar tus niveles de glucosa en sangre*. Contiene 35 nutrientes que te ayudan a cubrir tus necesidades nutricionales, entre ellos: Proteínas. Combinación de ácidos grasos saludables para apoyar la salud cardiovascular. Antioxidantes (vitamina C, vitamina E y selenio) y zinc para apoyar tu sistema inmune. Una mezcla de fibras solubles incluyendo FOS (fibras prebióticas) y fibras insolubles para promover la salud digestiva. Nutrición Pensada en ti y tu Familia Suplementos Nutricionales Geriátricos Glucerna",,false_no_registro_sanitario
Mifarma,Natalben Supra D Cápsula Blanda,Natalben Supra D Cápsula Blanda,E-422,66.00,PEN,available,https://www.mifarma.com.pe/producto/natalben-supra-d-capsula-blanda/319697,319697,NATALBEN SUPRA D,algolia_public_search,2026-06-08T00:46:28.635797+00:00,,"Cada cápsula blanda contiene: Aceite de pescado (DHA/EPA Omega- 3), gelatina, fumarato ferroso, ácido L-ascórbico, humectante (glicerina E-422), emulgente (ácidos grasos E-570), humectante (sorbitol E-420), nicotinamida, óxido de zinc, emulgentes (cera amarilla de abejas E-901 y lecitina de girasol E-322), D-pantotenato cálcico, cianocobalamina, clorhidrato de piridoxina, riboflavina, colorante (óxido de hierro rojo E-172), mononitrato de tiamina, colecalciferol, ácido pteroilmonoglutámico, colorante (óxido de hierro negro E-172), yodato potásico, selenito sódico y biotina. Sin azúcares. Exento de gluten. Este producto es distribuido por Inretail Pharma S.A. (Ley 32033) Vitaminas y Suplementos Multivitamínicos Prenatal Multivitamínico Prenatal",page_or_detail_regex,false_no_component_match
Mifarma,Bio Magnes Naranja 250 mg / 11 mg Polvo Efervescente,Bio Magnes Naranja 250 mg / 11 mg Polvo Efervescente,A-250MG,31.02,PEN,available,https://www.mifarma.com.pe/producto/bio-magnes-naranja-250mg-11mg-polvo-efervescente/308043,308043,BIO MAGNES,algolia_public_search,2026-06-08T00:46:28.637818+00:00,,Cada sobre de 5 g contiene: Citrato de magnesio.......1547.016 mg (equivalente a 250mg de magnesio) Óxido de zinc……...13.692 mg (equivalente a 11mg de zinc) Este producto es distribuido por Inretail Pharma S.A. (Ley 32033) Minerales Suplementos Nutricionales Suplementos y Vitaminas Lo más Buscado en Citrato y Glicinato de Magnesio Magnesio Naturales,page_or_detail_regex,false_no_component_match
Mifarma,Sedistress 200 Mg Comprimido Recubierto,Sedistress 200 Mg Comprimido Recubierto,A-700,90.30,PEN,available,https://www.mifarma.com.pe/producto/sedistress-200-mg-comprimido-recubierto/307613,307613,GARDEN HOUSE,algolia_public_search,2026-06-08T00:46:28.638025+00:00,,"Cada comprimido recubierto contiene Extracto seco de Passiflora incarnata L., herba 200 mg (DER 3.5-5:1), equivalente a 700 mg - 1000 mg de partes aéreas de Pasiflora Este producto es distribuido por Inretail Pharma S.A. (Ley 32033) Sistema Locomotor Suplementos Nutricionales Sedantes Naturales",page_or_detail_regex,false_no_component_match
Mifarma,"Milgamma 300 Protekt, 300mg Comprimido Recubierto","Milgamma 300 Protekt, 300mg Comprimido Recubierto",,195.90,PEN,available,https://www.mifarma.com.pe/producto/milgamnma-300-protekt-300mg-comprimido-recubierto/306828,306828,MILGAMMA,algolia_public_search,2026-06-08T00:46:28.638186+00:00,,Cada comprimido recubierto contiene Benfotiamina300 mg y excipientes c.s.p. Este producto es distribuido por Inretail Pharma S.A. (Ley 32033) Suplementos Nutricionales Suplementos / Complementos Suplementos y Vitaminas Nutrición Adulto Vitamina B-Complejo B B6 y B12 Adultos Adulto Geriátricos,,false_no_registro_sanitario
Mifarma,Pack 02 Ensure Advance Sabor Vainilla,Pack 02 Ensure Advance Sabor Vainilla,,194.90,PEN,available,https://www.mifarma.com.pe/producto/ensure-advance-sabor-vainilla-850/306057,306057,ENSURE,algolia_public_search,2026-06-08T00:46:28.638668+00:00,,"Maltodextrina, almidón de maíz hidrolizado, sacarosa (azúcar), CASEINATOS (Caseinato de sodio, caseinato de calcio) ACEITES VEGETALES (Aceite de girasol alto en oleico, aceite de soya, aceite de canola) MINERALES (Citrato de potasio, citrato de sodio, fosfato dibásico de potasio, cloruro de potasio, cloruro de magnesio, carbonato de calcio, cloruro de sodio, sulfato de zinc, sulfato ferroso, sulfato de manganeso, sulfato cúprico, molibdato de sodio, yoduro de potasio, cloruro de cromo, selenato de sodio) aislado de proteína de soya, Ca-HMB (ß-hidroxi-ß-metilbutirato monohidratado de calcio), inulina, oligofructuosa, sabor artificial a vainilla, lecitina de soya (emulsificante) cloruro de colina. VITAMINAS (ácido ascórbico, acetato dl- alfa tocoferil, niacinamida, pantotenato de calcio, clorhidrato de priridoxina, clohidrato de tiamina, riboflavina, vitamina A palmitato, ácido fólico, ß-caroteno, biotina, filoquinona, vitamina D3, cianocobalamina, palmitato de ascorbilo (antioxidante), mezcla de tocoferoles (antioxidante). Puede contener: Sulfato de magnesio. Este producto es distribuido por Inretail Pharma S.A. (Ley 32033) Nutrición en polvo completa y balanceada con HMB y proteínas de alta calidad, componentes clave que ayudan a promover la salud muscular. Con calcio que ayuda a fortalecer los huesos y 28 vitaminas y minerales que ayudan a mantenerte fuerte y saludable. Alimentación y nutrición para el adulto mayor con Ensure Advance Vainilla Suplemento Alimenticio completo y equilibrado, diseñado para complementar la alimentación de adultos mayores con malnutrición, pérdida de masa y fuerza muscular. Nutrición Pensada en ti y tu Familia Suplementos / Complementos Suplementos Nutricionales Nutrición Adulto Adultos Adulto Geriátricos Ensure",,false_no_registro_sanitario
Mifarma,Feranin Fol 100mg/0.35mg Tableta masticable,Feranin Fol 100mg/0.35mg Tableta masticable,,62.70,PEN,available,https://www.mifarma.com.pe/producto/feranin-fol-100mg-0-35mg-tableta-masticable/685860,685860,QUILAB,algolia_public_search,2026-06-08T00:46:28.640363+00:00,,HIERRO POLIMALTOSADO Este producto es distribuido por Inretail Pharma S.A. (Ley 32033) Vitaminas y Suplementos Vitaminas Vitamina B Ácido Fólico,,false_no_registro_sanitario
Mifarma,Feranin 100mg Tableta masticable,Feranin 100mg Tableta masticable,,57.60,PEN,available,https://www.mifarma.com.pe/producto/feranin-100mg-tableta-masticable/685859,685859,QUILAB,algolia_public_search,2026-06-08T00:46:28.640493+00:00,,HIERRO POLIMALTOSADO Este producto es distribuido por Inretail Pharma S.A. (Ley 32033) Vitaminas y Suplementos Vitaminas Vitamina B Ácido Fólico,,false_no_registro_sanitario
Mifarma,Ensure Advance Vainilla,Ensure Advance Vainilla,,12.90,PEN,available,https://www.mifarma.com.pe/producto/ensure-advance-vainilla-frasco/816000,816000,ENSURE,algolia_public_search,2026-06-08T00:46:28.641094+00:00,,"Agua, maltodextrina, sacarosa, caseinato de sodio, concentrado de proteína de leche, proteína de soya, aceite de soya, MINERALES (citrato de potasio,fosfato de magnesio, fosfato de potasio, citrato de sodio, cloruro de potasio, sulfato ferroso, sulfato de zinc, carbonato de calcio, sulfato de manganeso,sulfato de cobre, molibdato de sodio, cloruro de cromo, yoduro de potasio, selenato de sodio), aceite de maíz, Ca-HMB (ß-hidroxi-ß-metilbutirato de calcio monohidratado), aceite de canola, sabor a vainilla, sabor a caramelo, sabor a crema y sabor natural, celulosa (estabilizante), cloruro de colina,monoglicérido de ácidos grasos (emulsificante), lecitina de soya (emulsificante),VITAMINAS (ácido ascórbico, vitamina E, niacinamida, pantotenatode calcio, clorhidrato de piridoxina, clorhidrato de tiamina, riboflavina,palmitato de vitamina A, ácido fólico, filoquinona, biotina, vitamina D3,cianocobalamina), carboximetilcelulosa de sodio (estabilizante), acesulfamede potasio (edulcorante), goma gellan (estabilizante), sucralosa (edulcorante).Contiene derivados de leche y derivados de soya. Este producto es distribuido por Inretail Pharma S.A. (Ley 32033) Nutrición completa y balanceada con HMB y proteínas de alta calidad, componentes clave que ayudan a promover la salud muscular, calcio, que ayuda a fortalecer los huesos y 28 vitaminas y minerales que ayudan a mantenerte fuerte y saludable. Nutrición Pensada en ti y tu Familia Suplementos / Complementos Suplementos Nutricionales Adultos Adulto Geriátricos Ensure",,false_no_registro_sanitario
Mifarma,Herbals & Health Ashwagandha Cápsulas,Herbals & Health Ashwagandha Cápsulas,,76.90,PEN,available,https://www.mifarma.com.pe/producto/herbals-health-ashwagandha-capsulas/814531,814531,HERBALS & HEALTH,algolia_public_search,2026-06-08T00:46:28.641348+00:00,,"Extracto pulverizado de raíz de Ashwagandha orgánica (Withania Somnífera) 500 mg Este producto es distribuido por Inretail Pharma S.A. (Ley 32033) Ashwagandha - Withania somnífera - ha sido referido como Ginseng indio; sus raíces se usan en la medicina ayurvédica de la misma manera que el ginseng se usa en la medicina tradicional china. Esta magnífica hierba es muy útil para aumentar la energía, la fuerza, la resistencia, el rejuvenecimiento total del cuerpo y su capacidad para aliviar el estrés. Cupón INKA20 Multivitamínicos Suplementos y Vitaminas Ayuda a Relajarte y Dormir Mejor Para Adultos",,false_no_registro_sanitario
Mifarma,Uroberry Pacs Forte Tableta Recubierta de Liberación Retardada,Uroberry Pacs Forte Tableta Recubierta de Liberación Retardada,A-144MG,154.02,PEN,available,https://www.mifarma.com.pe/producto/uroberry-pacs-forte-tableta-recubierta/548777,548777,LAFAGE,algolia_public_search,2026-06-08T00:46:28.641509+00:00,,Extracto de Arándano 400mg (Equivalente a 144mg de Proantocianidinas Tipo A) Este producto es distribuido por Inretail Pharma S.A. (Ley 32033) Sistema Renal/ Reproductor Suplementos Nutricionales Problemas Urinarios Naturales,page_or_detail_regex,false_no_component_match
Mifarma,Nutira 9000 FCC Cápsula,Nutira 9000 FCC Cápsula,A-9000,57.00,PEN,available,https://www.mifarma.com.pe/producto/nutira-9000-fcc-capsula/525224,525224,LUKOLL,algolia_public_search,2026-06-08T00:46:28.642031+00:00,,Lactasa 90mg (Obtenida de la fermentación de Aspergillus oryzae Equivalente a 9000 FCC) Este producto es distribuido por Inretail Pharma S.A. (Ley 32033) Suplementos Nutricionales Suplementos / Complementos Nutrición Adulto Adultos Adulto Naturales,page_or_detail_regex,false_no_component_match
Mifarma,Ciruelax Minitabs Comprimido Recubierto - Caja 100 UN,Ciruelax Minitabs Comprimido Recubierto - Caja 100 UN,,76.00,PEN,available,https://www.mifarma.com.pe/producto/ciruelax-minitabs-comprimido-recubierto/529204,529204,CIRUELAX,algolia_public_search,2026-06-08T00:46:28.642320+00:00,,Extracto seco de hojas de cassia angustifolia Vahl 75mg Este producto es distribuido por Inretail Pharma S.A. (Ley 32033) Suplementos Nutricionales Sistema digestivo Laxantes Naturales,,false_no_registro_sanitario
Mifarma,Uroberry Fem Tableta,Uroberry Fem Tableta,,169.02,PEN,available,https://www.mifarma.com.pe/producto/uroberry-fem-tableta/557596,557596,AMINOTER,algolia_public_search,2026-06-08T00:46:28.643157+00:00,,Extracto de cranberry |Vit. C (acido ascorbico) | Lactobacillus Sporogenes Este producto es distribuido por Inretail Pharma S.A. (Ley 32033) Dietas Suplementos Nutricionales Nutrición Deportiva Fitness y Deportivos Suplementos Dietéticos Dietéticos Otros Productos de Dieta Naturales,,false_no_registro_sanitario
Mifarma,Ensure Advance Sabor Vainilla,Ensure Advance Sabor Vainilla,,103.90,PEN,unavailable,https://www.mifarma.com.pe/producto/ensure-advance-sabor-vainilla/244339,244339,ENSURE,algolia_public_search,2026-06-08T00:46:28.643830+00:00,,"Maltodextrina,almidón de maíz hidrolizado, sacarosa, CASEINATOS (caseinato de sodio,caseinato de calcio), ACEITES VEGETALES (aceite de girasol alto en oleico,aceite de soya, aceite de canola), MINERALES (citrato de potasio, citrato desodio, fosfato dibásico de potasio, cloruro de potasio, cloruro de magnesio,carbonato de calcio, cloruro de sodio, sulfato de zinc, sulfato ferroso,sulfato de manganeso, sulfato cúprico, molibdato de sodio, yoduro de potasio,cloruro de cromo, selenato de sodio), aislado de proteína de soya, Ca-HMB (B- hidroxi -B- metibutirato monohidatado de calcio), inulina, oligofructosa ,sabor artificial a vainilla, lecitina de soya (emulsificante), cloruro decolina, VITAMINAS (ácido ascórbico, acetato de dl-alfa tocoferilo , niacinamida ,pantotenato de calcio, clorhidrato de piridoxina, clorhidrato de tiamina,riboflavina, palmitato de vitamina A, ácido fólico, b-caroteno, biotina, filoquinona ,vitamina D3, cianocobalamina), palmitato de ascorbilo (antioxidante), mezcla de tocoferolees (antioxidante) .Contiene ingredientes derivados de leche y soya. Este producto es distribuido por Inretail Pharma S.A. (Ley 32033) Nutrición en polvo completa y balanceada con HMB y proteínas de alta calidad, componentes clave que ayudan a promover la salud muscular. Con calcio que ayuda a fortalecer los huesos y 28 vitaminas y minerales que ayudan a mantenerte fuerte y saludable. Alimentación y nutrición para el adulto mayor con Ensure Advance Suplemento Alimenticio completo y equilibrado, diseñado para complementar la alimentación de adultos mayores con malnutrición, pérdida de masa y fuerza muscular. Nutrición Pensada en ti y tu Familia Suplementos / Complementos Suplementos Nutricionales Nutrición Adulto Adultos Adulto Geriátricos Ensure",,false_no_registro_sanitario
Mifarma,Giloba Phytosome 40 Mg Cápsula Blanda - Caja 30 UN,Giloba Phytosome 40 Mg Cápsula Blanda - Caja 30 UN,,69.90,PEN,available,https://www.mifarma.com.pe/producto/giloba-phytosome-40-mg-capsula-blanda/527460,527460,GILOBA,algolia_public_search,2026-06-08T00:46:28.643969+00:00,,Este producto es distribuido por Inretail Pharma S.A. (Ley 32033) Suplementos Nutricionales Naturales,,false_no_registro_sanitario
Mifarma,Vitacap Cápsula Blanda,Vitacap Cápsula Blanda,A-5000,56.90,PEN,available,https://www.mifarma.com.pe/producto/vitacap/527472,527472,MEGA,algolia_public_search,2026-06-08T00:46:28.644192+00:00,,Vitamina A 5000 ui| Vitamina B1 5 mg| Vitamina B2 5 mg| Vitamina B6 2 mg| Vitamina B12 5 mcg| Vitamina C 75 mg| Vitamina D3 400 ui| Vitamina E 15 mg| Nicotinamida 45 mg| D. Pantenol 5mg| Ácido fólico 1000 mcg| Fumarato ferroso 50 mg| Fosfato dibásico de calcio 70 mg| Sulfato de cobre 0.1 mg|Sulfato de manganeso 0.01 mg| Sulfato de zinc seco 50 mg| Yoduro de potasio 0.025 mg| Oxido de magnesio 0.5 mg Este producto es distribuido por Inretail Pharma S.A. (Ley 32033) Multivitamínicos Suplementos / Complementos Adulto Para Adultos,page_or_detail_regex,false_no_component_match
Mifarma,Caprimida UD Polvo Para Suspensión Oral,Caprimida UD Polvo Para Suspensión Oral,,104.10,PEN,available,https://www.mifarma.com.pe/producto/caprimida-ud-polvo-para-suspension-oral/579803,579803,Caprimida,algolia_public_search,2026-06-08T00:46:28.644318+00:00,,Calcio 1200mg |Vitamina D3 800UI Este producto es distribuido por Inretail Pharma S.A. (Ley 32033) Minerales Suplementos / Complementos Otros Minerales Embarazo,,false_no_registro_sanitario
Mifarma,Calcium D Tableta,Calcium D Tableta,,36.90,PEN,available,https://www.mifarma.com.pe/producto/calcium-d-1500-mg-tableta-recubierta/525922,525922,CALCIUM,algolia_public_search,2026-06-08T00:46:28.644431+00:00,,Calcio 1500mg |Vitamina D3 400UI Este producto es distribuido por Inretail Pharma S.A. (Ley 32033) Minerales Suplementos / Complementos Otros Minerales Embarazo,,false_no_registro_sanitario
Mifarma,Aceite De Pescado 1000 mg MaxXomega 3,Aceite De Pescado 1000 mg MaxXomega 3,,66.00,PEN,available,https://www.mifarma.com.pe/producto/aceite-de-pescado-1000-mg-maxxomega-3/527469,527469,MAXXOMEGA,algolia_public_search,2026-06-08T00:46:28.644597+00:00,,Cada capsula blanda contiene: Aceite de pescado concentrado 1000 mg | Ácidos grasos Omega 3 como: Acido docosahexaenoico (DHA) 200 mg y Acido eicosapentaenoico (EPA) 300 mg Este producto es distribuido por Inretail Pharma S.A. (Ley 32033) Suplementos Nutricionales Suplementos y Vitaminas Omega 3-Fish Oil Naturales,,false_no_registro_sanitario
Mifarma,Maxucal D 800 Comprimidos,Maxucal D 800 Comprimidos,,152.04,PEN,available,https://www.mifarma.com.pe/producto/maxucal-d-800-ui-comprimido/571560,571560,Maxucal,algolia_public_search,2026-06-08T00:46:28.644715+00:00,,Calcio 1500mg |Vitamina D3 800UI Este producto es distribuido por Inretail Pharma S.A. (Ley 32033) Minerales Suplementos / Complementos Otros Minerales Embarazo,,false_no_registro_sanitario
Mifarma,ISO-XP Whey Protein Isolate Chocolate,ISO-XP Whey Protein Isolate Chocolate,DE-100,349.90,PEN,available,https://www.mifarma.com.pe/producto/iso-xp-whey-protein-isolate-chocolate/304994,304994,APPLIED NUTRITION,algolia_public_search,2026-06-08T00:46:28.645227+00:00,,"Por dosis 25.00 g - Aislado de proteína de suero de leche E 23.700000 g Este producto es distribuido por Inretail Pharma S.A. (Ley 32033) ISO-XP de Applied Nutrition es una proteína aislada de suero ultra pura, baja en carbohidratos y sin azúcar añadido, diseñada para quienes buscan resultados reales sin comprometer la calidad. Gracias a su rápida absorción y alto contenido proteico por porción, contribuye eficazmente a la recuperación muscular, el mantenimiento y el desarrollo de masa magra. Ideal para después del entrenamiento o en cualquier momento del día donde necesites una dosis limpia de proteína de alto valor biológico. ISO-XP Whey Protein Isolate Chocolate ISO-XP es un suplemento rico en proteínas y de lejos el aislado de proteína de suero de leche más limpio y de mayor calidad disponible en el mercado. Básicamente, no hay otra proteína, en ningún lugar, que exceda este nivel de proteína por proporción de 100 gramos. ISO-XP está hecho de suero de leche dulce extremadamente fresco de la Unión Europea que se aísla y luego se seca por pulverización. ISO-XP no tiene SOJA agregada y en su lugar utiliza lecitina de girasol como emulsionante. ISO-XP es el suplemento dietetico con la mayor concetrancion de proteina por servicio, con solo 0.1g de lactosa y 22.5 gr de proteina por cada 25 gr de servicio. No contiene Soya, 0G de azucar, sin grasas adicionales o carbohidratos. El suero de leche utilizado en la ISO XP es producido por Grass Feed Cows Alta concentración proteína Fácil digestión y rápida absorción Promociones en Suplementos y Vitaminas Suplementos Nutricionales Nutrición Deportiva Fitness y Deportivos Proteinas Aisladas a Precio más Bajo Deportivos Suplementos Deportivos Más Proteinas con Mejores Resultados",page_or_detail_regex,false_no_component_match
Mifarma,ISO-XP Whey Protein Isolate Vainilla,ISO-XP Whey Protein Isolate Vainilla,DE-100,349.90,PEN,available,https://www.mifarma.com.pe/producto/iso-xp-whey-protein-isolate-vainilla/304993,304993,APPLIED NUTRITION,algolia_public_search,2026-06-08T00:46:28.645785+00:00,,"Por dosis 25.00 g - Aislado de proteína de suero de leche 24.700000 g Este producto es distribuido por Inretail Pharma S.A. (Ley 32033) ISO-XP de Applied Nutrition es una proteína aislada de suero ultra pura, baja en carbohidratos y sin azúcar añadido, diseñada para quienes buscan resultados reales sin comprometer la calidad. Gracias a su rápida absorción y alto contenido proteico por porción, contribuye eficazmente a la recuperación muscular, el mantenimiento y el desarrollo de masa magra. Ideal para después del entrenamiento o en cualquier momento del día donde necesites una dosis limpia de proteína de alto valor biológico. ISO-XP Whey Protein Isolate Vainilla ISO-XP es un suplemento rico en proteínas y de lejos el aislado de proteína de suero de leche más limpio y de mayor calidad disponible en el mercado. Básicamente, no hay otra proteína, en ningún lugar, que exceda este nivel de proteína por proporción de 100 gramos. ISO-XP está hecho de suero de leche dulce extremadamente fresco de la Unión Europea que se aísla y luego se seca por pulverización. ISO-XP no tiene SOJA agregada y en su lugar utiliza lecitina de girasol como emulsionante. ISO-XP es el suplemento dietetico con la mayor concetrancion de proteina por servicio, con solo 0.1g de lactosa y 23.4 gr de proteina por cada 25 gr de servicio. No contiene Soya, 0G de azucar, sin grasas adicionales o carbohidratos. El suero de leche utilizado en la ISO XP es producido por Grass Feed Cows Alta concentración proteína Fácil digestión y rápida absorción Promociones en Suplementos y Vitaminas Suplementos Nutricionales Nutrición Deportiva Fitness y Deportivos Proteinas Aisladas a Precio más Bajo Deportivos Suplementos Deportivos Más Proteinas con Mejores Resultados",page_or_detail_regex,false_no_component_match
Mifarma,Pack 02 Recover Protein Sabor frutos rojos,Pack 02 Recover Protein Sabor frutos rojos,,225.00,PEN,available,https://www.mifarma.com.pe/producto/pack-02-recover-protein-sabor-frutos-rojos/PACKNT311,PACKNT311,V4L,algolia_public_search,2026-06-08T00:46:28.646016+00:00,,"Colágeno hidrolizado, agua, aislado de proteína desuero de leche, arginina, regulador de acidez: ácidocítrico (SIN 330), saborizante de frutos rojos,preservantes: sorbato de potasio (SIN 202) ybenzoato de sodio (SIN 211), endulzante: sucralosa(SIN 955). Este producto es distribuido por Inretail Pharma S.A. (Ley 32033) Promociones en Suplementos y Vitaminas Suplementos Nutricionales Nutrición Deportiva Packs de Nutrición y Bienestar Fitness y Deportivos Deportivos Suplementos Deportivos Más Proteinas con Mejores Resultados",,false_no_registro_sanitario
Mifarma,Pack 02 Collaflex Colágeno 450GR,Pack 02 Collaflex Colágeno 450GR,DE3616,175.00,PEN,available,https://www.mifarma.com.pe/producto/pack-02-collaflex-colageno-450gr/PACKNT292,PACKNT292,COLLAFLEX,algolia_public_search,2026-06-08T00:46:28.646156+00:00,,Este producto es distribuido por Inretail Pharma S.A. (Ley 32033) Suplementos Nutricionales Suplementos y Vitaminas Packs de Nutrición y Bienestar Busca tu Marca de Colágeno Ideal Colágenos,digemid_name_inference,false_no_component_match
Mifarma,Pack 02 Magnesol en Polvo + 02 Magnesol Efervescentes Limón + 02 Magnesol Efervescentes Naranja,Pack 02 Magnesol en Polvo + 02 Magnesol Efervescentes Limón + 02 Magnesol Efervescentes Naranja,,168.10,PEN,available,https://www.mifarma.com.pe/producto/pack-02-magnesol-polvo-efervescente-limon-naranja/PACKNT155,PACKNT155,MAGNESOL,algolia_public_search,2026-06-08T00:46:28.646297+00:00,,Este producto es distribuido por Inretail Pharma S.A. (Ley 32033) Minerales Vitaminas para Adultos Suplementos y Vitaminas Packs de Nutrición y Bienestar Lo más Buscado en Citrato y Glicinato de Magnesio Magnesio,,false_no_registro_sanitario
Mifarma,Pack x3 Colágeno Hidrolizado Collaflex,Pack x3 Colágeno Hidrolizado Collaflex,DE3616,159.90,PEN,available,https://www.mifarma.com.pe/producto/pack-x3-colageno-hidrolizado-collaflex/PACKNT13,PACKNT13,COLLAFLEX,algolia_public_search,2026-06-08T00:46:28.646504+00:00,,Este producto es distribuido por Inretail Pharma S.A. (Ley 32033) ¿Qué es el colágeno? Es la proteína más abundante del cuerpo humano y es el componente esencial de la piel y las articulaciones. Peptan: los péptidos de colágeno Peptan proporcionan múltiples beneficios para la salud y demuestran propiedades bioactivas únicas en los tejidos corporales. Suplementos Nutricionales Suplementos y Vitaminas Packs de Nutrición y Bienestar Busca tu Marca de Colágeno Ideal Colágenos,digemid_name_inference,false_no_component_match
Mifarma,Colágeno Hidrolizado en Polvo Vitagel,Colágeno Hidrolizado en Polvo Vitagel,,119.90,PEN,available,https://www.mifarma.com.pe/producto/colageno-vitagel-polvo/528597,528597,VITAGEL,algolia_public_search,2026-06-08T00:46:28.647577+00:00,,"Este producto es distribuido por Inretail Pharma S.A. (Ley 32033) Indicado en el tratamiento de los dolores y el desgaste de las articulaciones y de los músculos, mejora la elasticidad de la piel, evita que aparezcan estrías, potencia el crecimiento de las uñas y del cabello. Cupón INKA20 Suplementos Nutricionales Suplementos y Vitaminas Busca tu Marca de Colágeno Ideal Colágenos",,false_no_registro_sanitario
Mifarma,Pack 02 Sunvit L-Arginina 1000 Tableta,Pack 02 Sunvit L-Arginina 1000 Tableta,,95.00,PEN,available,https://www.mifarma.com.pe/producto/pack-02-sunvit-l-arginina-1000-tableta/PACKNT322,PACKNT322,SUNVIT,algolia_public_search,2026-06-08T00:46:28.648289+00:00,,Este producto es distribuido por Inretail Pharma S.A. (Ley 32033) Vitaminas Suplementos Nutricionales Alimentos Naturales Nutrición Deportiva Packs de Nutrición y Bienestar Fitness y Deportivos Energizantes Naturales Deportivos Maca Suplementos Deportivos Vitamina C,,false_no_registro_sanitario
Mifarma,Collaflex Polvo para Solución Oral,Collaflex Polvo para Solución Oral,DE3616,94.90,PEN,available,https://www.mifarma.com.pe/producto/collaflex-polvo-para-solucion-oral/547916,547916,Collaflex,algolia_public_search,2026-06-08T00:46:28.648960+00:00,,Este producto es distribuido por Inretail Pharma S.A. (Ley 32033) Cupón INKA20 Suplementos Nutricionales Suplementos y Vitaminas Busca tu Marca de Colágeno Ideal Colágenos,digemid_name_inference,false_no_component_match
Mifarma,Pack 03 Magnesol Kids Polvo para Solución Oral Sabor Fresa,Pack 03 Magnesol Kids Polvo para Solución Oral Sabor Fresa,,92.30,PEN,available,https://www.mifarma.com.pe/producto/pack-02-magnesol-kids-polvo-para-solucion-fresa-I/PACKNT709,PACKNT709,VIDA SOL,algolia_public_search,2026-06-08T00:46:28.649109+00:00,,Citrato de Magnesio 69.48 mg Lactato de Zinc 2.12 mg Este producto es distribuido por Inretail Pharma S.A. (Ley 32033) Suplementos y Vitaminas Packs de Nutrición y Bienestar Lo más Buscado en Citrato y Glicinato de Magnesio,,false_no_registro_sanitario
Mifarma,Pack 02 Gomitas More Sleep Melatonina Sabor Cola,Pack 02 Gomitas More Sleep Melatonina Sabor Cola,,90.90,PEN,available,https://www.mifarma.com.pe/producto/pack-02-gomitas-more-sleep-melatonina/PACKNT73,PACKNT73,COSTA VIVA,algolia_public_search,2026-06-08T00:46:28.649313+00:00,,"Agua, Emulsionantes: Jarabe de maltitol (SIN 965(ii)) y Maltitol (SIN 965(i)), Gelatina, Azúcar, Regulador de la acidez: Ácido cítrico (SIN 330), Saborizante a Cola, Melatonina, Edulcorante: Sucralosa (SIN 955), Sustancia Conservadora: Sorbato de potasio (SIN 202) y Colorante: Caramelo (SIN 150d). Este producto es distribuido por Inretail Pharma S.A. (Ley 32033) Sistema Locomotor Suplementos Nutricionales Suplementos y Vitaminas Packs de Nutrición y Bienestar Sedantes Ayuda a Relajarte y Dormir Mejor Gomitas Funcionales para Todo Naturales",,false_no_registro_sanitario
Mifarma,Demolitor Creatina Monohidratada con Maca Polvo,Demolitor Creatina Monohidratada con Maca Polvo,,84.00,PEN,available,https://www.mifarma.com.pe/producto/demolitor-creatina-monohidratada-con-maca-polvo/302225,302225,DEMOLITOR,algolia_public_search,2026-06-08T00:46:28.649753+00:00,,"Creatina monohidratada; Maca negra gelatinizada Este producto es distribuido por Inretail Pharma S.A. (Ley 32033) Demolitor es una marca peruana de suplementos nutricionales y alimentos funcionales que ha ganado reconocimiento por su enfoque innovador en el uso de proteínas sostenibles y superalimentos andinos. Demolitor se distingue por su compromiso con la sostenibilidad y la nutrición. Utiliza ingredientes de alto valor nutricional, procesados con tecnología avanzada para asegurar pureza y óptima absorción. Además, sus productos están respaldados por registros en entidades como la FDA, lo que garantiza estándares internacionales de seguridad y eficacia Demolitor Creatina Monohidratada con Maca en Polvo La creatina monohidratada con maca negra gelatinizada Demolitor te proporciona energía natural y la fuerza que necesitas para tus entrenamientos. Tiene la capacidad de mejorar el rendimiento durante las jornadas de entrenamiento y potenciar la ganancia muscular. Por otro lado, la maca negra gelatinizada es el booster natural de testosterona más potente que existe, aportando energía sostenida por periodos prolongados de tiempo. Incrementa la resistencia Mejora la recuperación Promueve la síntesis de glucógeno Mejora el rendimiento 500 g y 100 servicios Rinde al máximo Fuerza y sudor, con Demolitor Multivitamínicos Promociones en Suplementos y Vitaminas Creatina más Fuerza en Cada Entrenamiento Para Adultos",,false_no_registro_sanitario
Mifarma,Pack 01 Magnesol en Polvo + 01 Magnesol Efervescentes Limón + 01 Magnesol Efervescentes Naranja,Pack 01 Magnesol en Polvo + 01 Magnesol Efervescentes Limón + 01 Magnesol Efervescentes Naranja,,84.00,PEN,available,https://www.mifarma.com.pe/producto/pack-01-magnesol-efervescentes-limon-naranja/PACKNT152,PACKNT152,MAGNESOL,algolia_public_search,2026-06-08T00:46:28.649923+00:00,,Este producto es distribuido por Inretail Pharma S.A. (Ley 32033) Minerales Vitaminas para Adultos Suplementos y Vitaminas Packs de Nutrición y Bienestar Lo más Buscado en Citrato y Glicinato de Magnesio Magnesio,,false_no_registro_sanitario
Mifarma,Tinku Melena de León Cápsula,Tinku Melena de León Cápsula,,69.90,PEN,available,https://www.mifarma.com.pe/producto/tinku-melena-de-leon-capsula/313199,313199,TINKU,algolia_public_search,2026-06-08T00:46:28.650533+00:00,,"Extracto de melena de león, harina de camu camu y vitamina C. Este producto es distribuido por Inretail Pharma S.A. (Ley 32033) Suplementos Nutricionales Naturales",,false_no_registro_sanitario
Mifarma,Neuro Complex With Alpha Lipoic Acid,Neuro Complex With Alpha Lipoic Acid,,65.90,PEN,available,https://www.mifarma.com.pe/producto/neuro-complex-with-alpha-lipoic-acid/319566,319566,MASON,algolia_public_search,2026-06-08T00:46:28.651347+00:00,,"Cada Tableta contiene: Tiamina (Vitamina B1)100 mg(como mononitrato de tiamina) Vitamina B6 100 mg(como clorhidrato de piridoxina) Vitamina B12-1,000 mcg(Como cianocobalamina) Acido alfa lipoico 50 mg Excipientes c.s.p Este producto es distribuido por Inretail Pharma S.A. (Ley 32033) Con Tiamina (Vitamina B1), Vitamina B6 y Vitamina B12, que contribuyen al buen funcionamiento del sistema nervioso. Con Tiamina (Vitamina B1), que ayuda en la producción de energía. Con Tiamina (Vitamina B1), Vitaminas B6 y B12 que contribuyen al buen metabolismo energético. Con Tiamina (Vitamina B1) contribuye al buen funcionamiento del corazón. Con vitamina B12 contribuye a la formación normal de glóbulos rojos. Con vitamina B12 contribuye al buen funcionamiento del sistema inmunológico. Con vitamina B12 que ayuda en el cansancio y la fatiga. Con vitamina B6 contribuye al buen metabolismo de las proteínas. Con vitamina B6 que ayuda a regular la actividad hormonal. Con ácido alfa lipoico, fuente antioxidante, que ayuda a proteger la célula contra el daño celular causado por radicales libres. Sin lácteos. Sin huevo. Sin pescado. Sin mariscos crustáceos. Sin frutos secos. Sin maní. Sin trigo. Sin soya. Sin ajonjolí. Sin azúcar. Sin almidón. Sin levadura. Sin maíz. Sin fragancia. Sin colorantes artificiales. Sin saborizantes artificiales. Sin conservantes. Sin productos de origen animal. Apto para vegetarianos. Suplementos Nutricionales Naturales",,false_no_registro_sanitario
Mifarma,Tinku Nad+Resveratrol Cápsula,Tinku Nad+Resveratrol Cápsula,,64.90,PEN,available,https://www.mifarma.com.pe/producto/tinku-nad+resveratrol-capsula/313198,313198,TINKU,algolia_public_search,2026-06-08T00:46:28.651542+00:00,,"Nicotinamida (vitamina B3), romero, salvia, hojas y flores de manzanilla, almidón de tapoica, magnesio (cloruro de magnesio), vitamina B1 (tiamina), B2 (riboflavina), B6,B9 (folato), B12, vitaminas K y resveratrol Este producto es distribuido por Inretail Pharma S.A. (Ley 32033) Suplementos Nutricionales Naturales",,false_no_registro_sanitario
Mifarma,Collaflex Polvo para Solución Oral,Collaflex Polvo para Solución Oral,DE3616,59.90,PEN,available,https://www.mifarma.com.pe/producto/collaflex-polvo-para-solucion-oral/547915,547915,COLLAFLEX,algolia_public_search,2026-06-08T00:46:28.651789+00:00,,Este producto es distribuido por Inretail Pharma S.A. (Ley 32033) Suplementos Nutricionales Suplementos y Vitaminas Busca tu Marca de Colágeno Ideal Colágenos,digemid_name_inference,false_no_component_match
Mifarma,Sunvit L-Arginina 1000 Tableta,Sunvit L-Arginina 1000 Tableta,,57.40,PEN,available,https://www.mifarma.com.pe/producto/sunvit-l-arginina-1000-tableta/816507,816507,SUNVIT,algolia_public_search,2026-06-08T00:46:28.652355+00:00,,Este producto es distribuido por Inretail Pharma S.A. (Ley 32033) Vitaminas Suplementos Nutricionales Alimentos Naturales Nutrición Deportiva Fitness y Deportivos Energizantes Naturales Deportivos Maca Suplementos Deportivos Vitamina C,,false_no_registro_sanitario
Mifarma,Pack 1 Caja Magnesol Polvo + 1 Caja Magnesol Polvo Sabor Limón,Pack 1 Caja Magnesol Polvo + 1 Caja Magnesol Polvo Sabor Limón,,53.90,PEN,available,https://www.mifarma.com.pe/producto/pack-1-magnesol-polvo-1-magnesol-polvo-limon/PACKNT467,PACKNT467,MAGNESOL,algolia_public_search,2026-06-08T00:46:28.653148+00:00,,Magnesol Polvo Cloruro de Magnesio Hexahidratado 1.860g Carbonato de Magnesio 0.124g Óxido de Zinc 0.016g Magnesol Polvo sabor Limón Trimagnesio dicitrato Anhidro 1547.085mg Zinc Oxido 13.692mg Excipientes 5g Este producto es distribuido por Inretail Pharma S.A. (Ley 32033) Minerales Vitaminas para Adultos Suplementos y Vitaminas Packs de Nutrición y Bienestar Lo más Buscado en Citrato y Glicinato de Magnesio Magnesio,,false_no_registro_sanitario
Mifarma,Gomitas More Calm Sabor Arándano,Gomitas More Calm Sabor Arándano,,49.50,PEN,available,https://www.mifarma.com.pe/producto/gomitas-more-ashwagandha-arand-frasco-100-un/816134,816134,MORE,algolia_public_search,2026-06-08T00:46:28.654644+00:00,,"Agua, Jarabe de maltitol (SIN 965(ii)), Maltitol (SIN 965(i)),Gelatina, Azúcar, Ashwagandha, Ácido cítrico (SIN 330),Saborizante a arándano, Sorbato de potasio (SIN 202),Sucralosa (SIN 955), Azul brillante FCF (SIN 133). Este producto es distribuido por Inretail Pharma S.A. (Ley 32033) Suplementos Nutricionales Suplementos y Vitaminas Ayuda a Relajarte y Dormir Mejor Gomitas Funcionales para Todo Naturales",,false_no_registro_sanitario
Mifarma,Colágeno Hidrolizado Mujer Aguaje,Colágeno Hidrolizado Mujer Aguaje,,47.50,PEN,available,https://www.mifarma.com.pe/producto/colageno-hidrolizado-mujer-aguaje/306912,306912,OLEMART,algolia_public_search,2026-06-08T00:46:28.655110+00:00,,Colágeno hidrolizado 100% puro. Este producto es distribuido por Inretail Pharma S.A. (Ley 32033) Suplementos Nutricionales Suplementos y Vitaminas Busca tu Marca de Colágeno Ideal Colágenos,,false_no_registro_sanitario
Mifarma,Omeflex Cápsula Blanda,Omeflex Cápsula Blanda,,47.50,PEN,available,https://www.mifarma.com.pe/producto/omeflex-capsula-blanda/286029,286029,MEGA LIFE,algolia_public_search,2026-06-08T00:46:28.655289+00:00,,Cada cápsula blanda contiene: Aceite de pescado 350.00 mg Glucosamina Sulfato de cloruro de potasio 664.07 mg (equivalente a Glucosamina Sulfato 500 mg) Excipientes: lecitina. Cera blanca de abejas. Aceite vegetal hidrogenado. Aceite de soya. Este producto es distribuido por Inretail Pharma S.A. (Ley 32033) Suplementos / Complementos Suplementos Nutricionales Suplementos y Vitaminas Adulto Colágenos Omega 3-Fish Oil,,false_no_registro_sanitario
Mifarma,Mujer Aguaje Cúrcuma con Pimienta y Kion 500mg,Mujer Aguaje Cúrcuma con Pimienta y Kion 500mg,,37.90,PEN,available,https://www.mifarma.com.pe/producto/mujer-aguaje-curcuma-500mg-frasco/816315,816315,MUJER AGUAJE,algolia_public_search,2026-06-08T00:46:28.657358+00:00,,Este producto es distribuido por Inretail Pharma S.A. (Ley 32033) Alimentos Naturales Suplementos y Vitaminas Aguaje Antiflamatorio y Antiartrósico,,false_no_registro_sanitario
Mifarma,Colágeno Hidrolizado Cartílago de Tiburón Mujer Aguaje,Colágeno Hidrolizado Cartílago de Tiburón Mujer Aguaje,,32.50,PEN,available,https://www.mifarma.com.pe/producto/colageno-cartilago-tiburon-mujer-aguaje/306186,306186,OLEMART,algolia_public_search,2026-06-08T00:46:28.658155+00:00,,"Colágeno, Camu Camu, Cartílago de Tiburón, Calcio, Magnesio y Zinc. Este producto es distribuido por Inretail Pharma S.A. (Ley 32033) Suplementos Nutricionales Suplementos y Vitaminas Busca tu Marca de Colágeno Ideal Colágenos",,false_no_registro_sanitario
Mifarma,Sunvit Naturals Cúrcuma Cápsula,Sunvit Naturals Cúrcuma Cápsula,,31.60,PEN,available,https://www.mifarma.com.pe/producto/sunvit-naturals-curcuma-capsula/303407,303407,SUNVIT,algolia_public_search,2026-06-08T00:46:28.658274+00:00,,Cúrcuma molida Este producto es distribuido por Inretail Pharma S.A. (Ley 32033) Suplementos Nutricionales Suplementos y Vitaminas Antiflamatorio y Antiartrósico Naturales,,false_no_registro_sanitario
Mifarma,Gomix Zinc Caramelo Blando,Gomix Zinc Caramelo Blando,,30.90,PEN,available,https://www.mifarma.com.pe/producto/gomix-zinc-gomitas-sabor-fresa/526380,526380,GOMIX,algolia_public_search,2026-06-08T00:46:28.658432+00:00,,"Gelatina de fresa, gelatina neutra, glucosa, almidón de yuca, azúcar, ácido cítrico, sorbato de potasio, color rojo allura, zinc (citrato de zinc), sabor a fresa, agua tratada. Este producto es distribuido por Inretail Pharma S.A. (Ley 32033) Minerales Sistema Sanguíneo Suplementos y Vitaminas Antianémicos Gomitas Funcionales para Todo Zinc",,false_no_registro_sanitario
Mifarma,Sunvit Folic Acid 400mcg Tableta,Sunvit Folic Acid 400mcg Tableta,DE-400,26.00,PEN,available,https://www.mifarma.com.pe/producto/sunvit-folic-acid-400mcg-tableta/816505,816505,SUNVIT,algolia_public_search,2026-06-08T00:46:28.659111+00:00,,"Folato 666.6 mcg DFE Este producto es distribuido por Inretail Pharma S.A. (Ley 32033) Suplemento dietético Preguntas frecuentes .faq-grid { display: grid; grid-template-columns: repeat(2, 1fr); gap: 16px; margin: 24px 0; } .faq-card { background: #f8f9fa; border: 1px solid #e9ecef; border-radius: 10px; padding: 20px 24px; } .faq-card h3 { font-size: 16px; font-weight: 600; color: #1a1a1a; margin: 0 0 10px; line-height: 1.4; } .faq-card p { font-size: 14px; color: #555; margin: 0; line-height: 1.7; } @media (max-width: 600px) { .faq-grid { grid-template-columns: 1fr; } } ¿Qué contiene Sunvit Folic Acid 400 mcg? Este producto contiene ácido fólico en concentración de 400 mcg y se presenta en tabletas de administración oral. ¿Qué es el ácido fólico en suplementos nutricionales? El ácido fólico es una vitamina del complejo B utilizada en distintos suplementos y formulaciones vitamínicas de consumo oral. ¿Cómo se consumen las tabletas de ácido fólico? Las tabletas se administran por vía oral acompañadas de agua. La frecuencia de consumo debe seguir las indicaciones señaladas en el etiquetado. ¿Qué caracteriza a una tableta de ácido fólico 400 mcg? Las tabletas de ácido fólico pueden encontrarse en distintas concentraciones y formatos de administración oral dentro de suplementos vitamínicos. Vitaminas y Suplementos Vitaminas Suplementos y Vitaminas Vitamina B-Complejo B B6 y B12 Vitamina B Ácido Fólico",page_or_detail_regex,false_no_component_match
Mifarma,Pack 02 Vivactiv Tabletas Efervescentes Naranja,Pack 02 Vivactiv Tabletas Efervescentes Naranja,,21.90,PEN,available,https://www.mifarma.com.pe/producto/pack-02-vivactiv-tabletas-efervescentes-naranja/PACKNT34,PACKNT34,VIVACTIV,algolia_public_search,2026-06-08T00:46:28.831316+00:00,,"Magnesio 300mgZinc 10mg Este producto es distribuido por Inretail Pharma S.A. (Ley 32033) Vivactiv magnesio + zinc suplemento nutricional efervescente, sabor naranja,libre de azúcar y preservantes. Hecho en alemania. Minerales Suplementos y Vitaminas Packs de Nutrición y Bienestar Lo más Buscado en Citrato y Glicinato de Magnesio Magnesio Zinc",,false_no_registro_sanitario
Mifarma,Pack Creatina Applied Nutrition 250gr 3 UN,Pack Creatina Applied Nutrition 250gr 3 UN,,134.90,PEN,available,https://www.mifarma.com.pe/producto/pack-creatina-applied-nutrition-250gr-3-un/PACKNT578,PACKNT578,APPLIED NUTRITION,algolia_public_search,2026-06-08T00:46:28.832219+00:00,,Una Cucharada (5g) contiene: Creatina Monohidratada 5g. Este producto es distribuido por Inretail Pharma S.A. (Ley 32033) Promociones en Suplementos y Vitaminas Suplementos Nutricionales Nutrición Deportiva Packs de Nutrición y Bienestar Fitness y Deportivos Creatina más Fuerza en Cada Entrenamiento Deportivos Suplementos Deportivos,,false_no_registro_sanitario
Mifarma,Kevin Levrone 100% Creatina Monohidratada,Kevin Levrone 100% Creatina Monohidratada,,46.50,PEN,available,https://www.mifarma.com.pe/producto/kevin-levrone-100-creatina-monohidratada/303847,303847,KEVIN LEVRONE,algolia_public_search,2026-06-08T00:46:28.832679+00:00,,"Por dosis - Creatina Monohidrato 2.5g Este producto es distribuido por Inretail Pharma S.A. (Ley 32033) Kevin Levrone te acompaña en cada paso hacia tu mejor versión. Formulada con creatina monohidratada de alta calidad, esta línea potencia la fuerza muscular, mejora el rendimiento físico y acelera la recuperación post-entrenamiento. Inspirada en la leyenda del fisicoculturismo, es ideal para quienes entrenan con disciplina, metas claras y actitud imparable. Kevin Levrone 100% Creatina Monohidratada 100% Creatine Monohydrate de Kevin Levrone Signature Series contiene Creatina Monohidratada de grado farmacéutico, libre de doping y testeado para ser consumido por atletas de alto rendimiento sin preocupaciones. La creatina es uno de los suplementos más estudiados y con mayores efectos demostrados por la ciencia. Es uno de los suplementos más efectivos para el rendimiento del ejercicio. Se recomienda el uso de Creatina 100% Monohidratada y Micronizada en adultos, mejorando el rendimiento en ejercicios de alta intensidad y mejorando la construccion muscular. La creatina incrementa el rendimiento relacionado con todas las actividades fisicas, mejorando el rendimiento, durancion y construccion de masa muscular. Rinde al máximo Fuerza y sudor, con Kevin Levrone Multivitamínicos Promociones en Suplementos y Vitaminas Creatina más Fuerza en Cada Entrenamiento Para Adultos",,false_no_registro_sanitario
Mifarma,Pack Creatina Applied Nutrition 250gr 2 UN,Pack Creatina Applied Nutrition 250gr 2 UN,,94.90,PEN,available,https://www.mifarma.com.pe/producto/pack-creatina-applied-nutrition-250gr-2-un/PACKNT577,PACKNT577,APPLIED NUTRITION,algolia_public_search,2026-06-08T00:46:28.832873+00:00,,Una Cucharada (5g) contiene: Creatina Monohidratada 5g. Este producto es distribuido por Inretail Pharma S.A. (Ley 32033) Promociones en Suplementos y Vitaminas Suplementos Nutricionales Nutrición Deportiva Packs de Nutrición y Bienestar Fitness y Deportivos Creatina más Fuerza en Cada Entrenamiento Deportivos Suplementos Deportivos,,false_no_registro_sanitario
Mifarma,Pack Creatina Applied Nutrition 500gr 2 UN,Pack Creatina Applied Nutrition 500gr 2 UN,,149.90,PEN,available,https://www.mifarma.com.pe/producto/pack-creatina-applied-nutrition-500gr-2-un/PACKNT579,PACKNT579,APPLIED NUTRITION,algolia_public_search,2026-06-08T00:46:28.833491+00:00,,Una Cucharada (5g) contiene: Creatina Monohidratada 5g. Este producto es distribuido por Inretail Pharma S.A. (Ley 32033) Promociones en Suplementos y Vitaminas Suplementos Nutricionales Nutrición Deportiva Packs de Nutrición y Bienestar Fitness y Deportivos Creatina más Fuerza en Cada Entrenamiento Deportivos Suplementos Deportivos,,false_no_registro_sanitario
Mifarma,Lab Nutrition Proteína 100% Hidrolizada Milk Chocolate,Lab Nutrition Proteína 100% Hidrolizada Milk Chocolate,,359.00,PEN,available,https://www.mifarma.com.pe/producto/lab-nutrition-proteina-100-hidrolizada-milk-chocolate/303510,303510,LAB NUTRITION,algolia_public_search,2026-06-08T00:46:28.834438+00:00,,Hidrolizado de Proteína de Suero Aislado* 29.185 g*( Aportan el valor de proteína 25g) Excipientes: c.s. Este producto es distribuido por Inretail Pharma S.A. (Ley 32033) Promociones en Suplementos y Vitaminas Nutrición Deportiva Suplementos Deportivos Más Proteinas con Mejores Resultados,,false_no_registro_sanitario
Mifarma,SukiDul Comprimido Dispersable - Dispensador 500 UN,SukiDul Comprimido Dispersable - Dispensador 500 UN,,20.90,PEN,available,https://www.mifarma.com.pe/producto/sukidul-comprimido-dispersable/525928,525928,SUKIDOL,algolia_public_search,2026-06-08T00:46:28.835380+00:00,,SUCRALOSA 8mg Este producto es distribuido por Inretail Pharma S.A. (Ley 32033) Dietas Suplementos Nutricionales Fitness y Deportivos Suplementos Dietéticos Dietéticos Edulcorante,,false_no_registro_sanitario
Mifarma,Forticao Hierro Hemínico Polvo,Forticao Hierro Hemínico Polvo,,49.00,PEN,available,https://www.mifarma.com.pe/producto/forticao-polvo/512842,512842,FORTICAO,algolia_public_search,2026-06-08T00:46:28.835521+00:00,,Cacao en polvo natural y hierro hemínico. Este producto es distribuido por Inretail Pharma S.A. (Ley 32033) Vitaminas y Suplementos Sistema Sanguíneo Antianémicos Hierro,,false_no_registro_sanitario
Mifarma,Demolitor Creatina Monohidratada con Maca Cápsulas,Demolitor Creatina Monohidratada con Maca Cápsulas,,39.90,PEN,available,https://www.mifarma.com.pe/producto/demolitor-creatina-monohidratada-con-maca-capsulas/302226,302226,DEMOLITOR,algolia_public_search,2026-06-08T00:46:28.835914+00:00,,"Creatina monohidratada; Maca negra gelatinizada Este producto es distribuido por Inretail Pharma S.A. (Ley 32033) Demolitor es una marca peruana de suplementos nutricionales y alimentos funcionales que ha ganado reconocimiento por su enfoque innovador en el uso de proteínas sostenibles y superalimentos andinos. Demolitor se distingue por su compromiso con la sostenibilidad y la nutrición. Utiliza ingredientes de alto valor nutricional, procesados con tecnología avanzada para asegurar pureza y óptima absorción. Además, sus productos están respaldados por registros en entidades como la FDA, lo que garantiza estándares internacionales de seguridad y eficacia Demolitor Creatina Monohidratada con Maca Cápsulas Demolitor Creatina Sport es un producto formulado especialmente para deportistas de alto rendimiento. La creatina monohidratada ayuda a mejorar el rendimiento físico, aumenta tu fuerza y mejora la recuperación. La maca negra aporta energía, antioxidantes y favorece la creación natural de testosterona Incrementa la resistencia Mejora la recuperación Promueve la síntesis de glucógeno Mejora el rendimiento Cápsula 30 servicios Rinde al máximo Fuerza y sudor, con Demolitor Multivitamínicos Promociones en Suplementos y Vitaminas Creatina más Fuerza en Cada Entrenamiento Para Adultos",,false_no_registro_sanitario
Mifarma,Forticao Hierro Hemínico Chocolate,Forticao Hierro Hemínico Chocolate,,59.00,PEN,available,https://www.mifarma.com.pe/producto/forticao-chocolate/525369,525369,FORTICAO,algolia_public_search,2026-06-08T00:46:28.836867+00:00,,"Cobertura de leche: Azúcar blanda, manteca vegetal, cacao natural, leche descremada, lecitina de soya y saborizante. Chocolate de leche: Azúcar, manteca de cacao, leche descremada en polvo, leche entera en polvo, masa de cacao, caramelo en polvo, suero de leche, lactosa, emulsificante y saborizante. Este producto es distribuido por Inretail Pharma S.A. (Ley 32033) Minerales Vitaminas y Suplementos Hierro",,false_no_registro_sanitario
Mifarma,Stevia la Boliviana,Stevia la Boliviana,,18.90,PEN,available,https://www.mifarma.com.pe/producto/stevia-la-boliviana/304634,304634,NUTRA STEVIA,algolia_public_search,2026-06-08T00:46:28.837019+00:00,,"Harina de hojas de stevia, dextrosa, maltodextrina y acentuadores del sabor (SIN 950,SIN 951). Este producto es distribuido por Inretail Pharma S.A. (Ley 32033) Dietas Suplementos Nutricionales Nutrición Deportiva Fitness y Deportivos Suplementos Dietéticos Dietéticos Edulcorante",,false_no_registro_sanitario
Mifarma,Aceite de Coco Orgánico Peruvian Health,Aceite de Coco Orgánico Peruvian Health,,24.90,PEN,available,https://www.mifarma.com.pe/producto/aceite-de-coco-organico-peruvian-health/526346,526346,PERÚVIAN HEALTH,algolia_public_search,2026-06-08T00:46:28.837135+00:00,,Este producto es distribuido por Inretail Pharma S.A. (Ley 32033) Cupón INKA20 Suplementos Nutricionales Naturales,,false_no_registro_sanitario
Mifarma,Aceite de Coco Virgen Orgánico,Aceite de Coco Virgen Orgánico,,75.00,PEN,available,https://www.mifarma.com.pe/producto/aceite-de-coco-virgen-organico/304074,304074,PERÚVIAN HEALTH,algolia_public_search,2026-06-08T00:46:28.838207+00:00,,Este producto es distribuido por Inretail Pharma S.A. (Ley 32033) Suplementos Nutricionales Naturales,,false_no_registro_sanitario
Mifarma,ArtriAliv 1.884g/1.200g Polvo,ArtriAliv 1.884g/1.200g Polvo,,91.90,PEN,available,https://www.mifarma.com.pe/producto/artrialiv-sobres/525918,525918,ARTRIALIV,algolia_public_search,2026-06-08T00:46:28.839530+00:00,,Glucosamina 1.884g|Condroitina sulfato de sodio 1.200g Este producto es distribuido por Inretail Pharma S.A. (Ley 32033) Suplementos Nutricionales Suplementos y Vitaminas Antiflamatorio y Antiartrósico Naturales,,false_no_registro_sanitario
Mifarma,Aceite de Oliva Extra Virgen OLI,Aceite de Oliva Extra Virgen OLI,,14.90,PEN,available,https://www.mifarma.com.pe/producto/oli-aceite-de-oliva-extra-virgen/304709,304709,OLI21,algolia_public_search,2026-06-08T00:46:28.840549+00:00,,Aceite de oliva Este producto es distribuido por Inretail Pharma S.A. (Ley 32033) Suplementos Nutricionales Naturales,,false_no_registro_sanitario
Mifarma,Fitness Té Green Seng Filtrante,Fitness Té Green Seng Filtrante,,22.90,PEN,available,https://www.mifarma.com.pe/producto/fitness-te-green-filtrantes-te-verde/514613,514613,TE GREEN,algolia_public_search,2026-06-08T00:46:28.840773+00:00,,"Este producto es distribuido por Inretail Pharma S.A. (Ley 32033) Green Seng es una combinación de hierbas del mundo, agradable y que cumplirá su objetivo porque adelgaza y adelgaza bien. Botanicals: Es una marca internacional usada para identificar productos naturales de calidad, los mismos que cumpliendo con altos estándares de seguridad en los procesos de clasificación, selección y elaboración, invitan a compartir lo natural en forma dietética y efectiva. Suplementos Nutricionales Nutrición Deportiva Infusiones Naturales Fitness y Deportivos Suplementos Dietéticos Infusiones Reductores Dietéticos Adelgazantes Naturales",,false_no_registro_sanitario
Mifarma,Botanical's Fitness Té Premium 90g,Botanical's Fitness Té Premium 90g,,22.90,PEN,available,https://www.mifarma.com.pe/producto/botanicals-fitnes-te-premium-90g/527910,527910,BOTANICAL'S,algolia_public_search,2026-06-08T00:46:28.840915+00:00,,Este producto es distribuido por Inretail Pharma S.A. (Ley 32033) Suplementos Nutricionales Infusiones Naturales Nutrición Deportiva Fitness y Deportivos Suplementos Dietéticos Infusiones Reductores Dietéticos Adelgazantes Naturales,,false_no_registro_sanitario
Mifarma,Similac Sensitive Libre De Lactosa,Similac Sensitive Libre De Lactosa,,91.70,PEN,available,https://www.mifarma.com.pe/producto/similac-sensitive-eye-q-libre-de-lactosa/190871,190871,SIMILAC,algolia_public_search,2026-06-08T00:46:28.843831+00:00,,"Este producto es distribuido por Inretail Pharma S.A. (Ley 32033) Fórmula de inicio libre de lactosa para el tratamiento de la diarrea, gases y otros síntomas causados por intolerancia a la lactosa en lactantes de 0 a 12 meses. Suplementos / Complementos Suplementos Nutricionales Fórmula para Bebés Fórmula Láctea Regular 1 Fórmula Infantil Especial Pediátricos",,false_no_registro_sanitario
Mifarma,Prostabien Schuler Tabletas recubiertas,Prostabien Schuler Tabletas recubiertas,,99.90,PEN,available,https://www.mifarma.com.pe/producto/prostabien-schuler-tableta/139514,139514,PROSTABIEN,algolia_public_search,2026-06-08T00:46:28.844085+00:00,,Extracto seco atomizado de Uña de gato 90mg | Achiote 100mg Este producto es distribuido por Inretail Pharma S.A. (Ley 32033) Sistema Renal/ Reproductor Suplementos Nutricionales Problemas Reproductor Masculino Naturales,,false_no_registro_sanitario
Mifarma,NAN® Sin Lactosa,NAN® Sin Lactosa,,91.00,PEN,available,https://www.mifarma.com.pe/producto/nan-sin-lactosa/118453,118453,NAN,algolia_public_search,2026-06-08T00:46:28.844983+00:00,,"Jarabe de glucosa, Mezcla de aceites [Oleína de palma, Aceite de canola bajo en ácido erúcico, Aceite de coco, Aceite de girasol, Antioxidante (Palmitato de ascorbilo SIN304i) y Regulador de acidez (Ácido cítrico SIN330)], Proteína de suero de leche, Caseína de leche, Minerales (Sulfato ferroso, Sulfato de zinc y Sulfato de cobre), Citrato de calcio, Mezcla de aceites [Oleína de palma, Aceite de canola bajo en ácido erúcico, Aceite de coco, Aceite vegetal de Crypthecodinium cohnii (LC-PUFA: DHA), Aceite vegetal de Mortierella alpina (LC-PUFA: ARA), Aceite de girasol, Antioxidantes (Concentrado de tocoferoles mixtos SIN307b y Palmitato de ascorbilo SIN304i) y Regulador de acidez (Ácido cítrico SIN330)], Emulsionante (Lecitina de soya SIN322), Cloruro de potasio, Cloruro de magnesio, Fosfato de sodio, Vitaminas y minerales [Vitamina C (Ascorbato de sodio), Inositol, Taurina, Niacina, Pantotenato de calcio, Vitamina E (D,L-alfa tocoferil acetato), Vitamina B1 (Mononitrato de tiamina), Vitamina A (Acetato de retinol), Vitamina B2 (Riboflavina), Vitamina B6 (Hidrocloruro de piridoxina), Sulfato de manganeso, Yoduro de potasio, Ácido fólico, Vitamina K1 (Filoquinona), Biotina, Vitamina D3 (Colecalciferol), Selenato de sodio y Vitamina B12 (Cianocobalamina)], Fosfato tricálcico, Fosfato de potasio, Probióticos (Lactobacillus reuteri 1x10^6 UFC/g), Bitartrato de colina, Vitamina C (Ascorbato de sodio), Nucleótidos (Citidina 5 monofosfato ácido, Uridina 5 monofosfato ácido de sodio, Adenosina 5 monofosfato ácido y Guanosina 5 monofosfato ácido de sodio) y L-Carnitina. Este producto es distribuido por Inretail Pharma S.A. (Ley 32033) NAN® SIN LACTOSA es una fórmula diseñada especialmente para el manejo dietario de una mala digestión/intolerancia a la lactosa. Fórmula infantil en polvo exenta de lactosa con proteínas lácteas y ácidos grasos polinsaturados de cadena larga (DHA/ARA).AVISO IMPORTANTE: La leche materna es el mejor alimento para el lactante y Nestlé apoya esta recomendación. Recomendamos conversar con el profesional de la salud que la atiende sobre su decisión de cómo alimentar a su bebé, así como conocer más acerca de cómo prepararse y para mantener la lactancia. Si decide no dar de lactar, tenga en cuenta que la decisión puede resultar difícil de revertir. Usar fórmulas infantiles trae consigo consecuencias sociales y económicas que deben considerarse. Suplementos Nutricionales Suplementos / Complementos Fórmula para Bebés Fórmula Láctea sin Lactosa 1 Fórmula Infantil Especial Pediátricos",,false_no_registro_sanitario
Mifarma,Ácido Fólico 800mcg Mason Tabletas,Ácido Fólico 800mcg Mason Tabletas,,48.40,PEN,available,https://www.mifarma.com.pe/producto/acido-folico-800mcg-tabletas/511984,511984,MASON,algolia_public_search,2026-06-08T00:46:28.845392+00:00,,"Ácido Fólico 800mcg Este producto es distribuido por Inretail Pharma S.A. (Ley 32033) El ácido fólico contribuye al crecimiento de los tejidos maternos durante el embarazo. Aporta 800 mcg de Ácido fólico en Alta Potencia. Sin conservantes o sabores artificiales, sin colorantes artificiales, pescado soya, almidon, levadura, frutos secos, maní, pescado, huevos, maíz, mariscos crustáceos. Libre de gluten. Vitaminas y Suplementos Vitaminas Suplementos y Vitaminas Vitamina B-Complejo B B6 y B12 Vitamina B Ácido Fólico",,false_no_registro_sanitario
Mifarma,Cereal Infantil CERELAC® 5 Cereales y Leche,Cereal Infantil CERELAC® 5 Cereales y Leche,,19.50,PEN,available,https://www.mifarma.com.pe/producto/cerelac-etapa-2-nestle-5-cereales/138622,138622,CERELAC,algolia_public_search,2026-06-08T00:46:28.845741+00:00,,"Ingredientes: entera, Harina de arroz, Mezcla de aceites vegetales (Maíz, Canola y Oleína de palma), Harina de maíz, Mantequilla, Harina de cebada, Harina de avena, Carbonato de calcio, Vitaminas y minerales [Vitamina C, Fumarato ferroso, Vitamina E, Sulfato de zinc, Pantotenato de calcio, Vitamina B3 (Niacina), Sulfato de cobre, Vitamina B1 (Tiamina), Vitamina A acetato, Vitamina B3 (Piridoxina), Vitamina B2 (Riboflavina), Ácido fólico, Yoduro de potasio, Vitamina K1 (Filoquinona), Biotina, Vitamina D3 (Colecalciferol)y Vitamina B12 (Cianocobalamina)], Fosfato dipotásico, Probióticos (Bifidobacterium Lactis 10^6 ufc/g) y Saborizante (Vainillina). Este producto es distribuido por Inretail Pharma S.A. (Ley 32033) Cerelac ® 5 CEREALES y Leche es un Cereal Infantil para bebés a partir de los 6 meses que aporta en una porción el 60% del hierro* diario que tu bebé necesita . (*Del % de Ingesta Diaria Recomendada (IDR) para infantes hasta los 12 meses según FDA) Suplementos / Complementos Fórmula para Bebés Cereales Cereales y Compotas",,false_no_registro_sanitario
Mifarma,Natalben Preconceptivo Cápsula Blanda,Natalben Preconceptivo Cápsula Blanda,E-422,43.00,PEN,available,https://www.mifarma.com.pe/producto/natalben-preconceptivo-capsula-blanda/319987,319987,NATALBEN,algolia_public_search,2026-06-08T00:46:28.846110+00:00,,"Aceite de girasol (Helianthus annuus C), agente de recubrimiento (gelatina), humectante (glicerina E-422), emulgente (Softisan E-471), óxido de zinc, emulgente (cera amarilla de abeja E-901), emulgente (lecitina de girasol E-322), cianocobalamina, ácido fólico, colecalciferol, yodato de potasio y colorante (óxido de hierro marrón E-172). Sin azúcares. Exento de gluten. Este producto es distribuido por Inretail Pharma S.A. (Ley 32033) Vitaminas y Suplementos Multivitamínicos Prenatal Multivitamínico Prenatal",page_or_detail_regex,false_no_component_match
Mifarma,Nan Expertpro Comfort,Nan Expertpro Comfort,,194.00,PEN,available,https://www.mifarma.com.pe/producto/nan-expertpro-comfort/319139,319139,NAN EXPERTPRO COMFORT,algolia_public_search,2026-06-08T00:46:28.846824+00:00,,"Maltodextrina, Mezcla de aceites vegetales [Aceite de girasol alto en ácido oleico, Aceite de canola bajo en ácido erúcico,Aceite de girasol, con Antioxidantes (Concentrados de tocoferoles mixtos SIN307b y Palmitato de ascorbilo SIN304i)],Lactosa, Proteína de suero de leche de vaca en polvo parcialmente hidrolizada, Coadyuvantes (Hidróxido de PotasioSIN525, Ácido cítrico SIN330 e Hidróxido de Sodio SIN524), Mezcla de aceites LC-PUFA [Aceite de girasol alto en ácidooleico, Aceite de pescado (Fuente de DHA), Aceite de Mortierella alpina (Fuente de ARA) con Antioxidantes (Concentradosde tocoferoles mixtos SIN307b, Palmitato de ascorbilo SIN304i)], Glicerofosfato Cálcico, Cloruro de Potasio, Fosfatos de Calcio, Cloruro de Magnesio, Cloruro de Calcio, Mezcla de minerales (Sulfato Ferroso, Sulfato de Zinc, Sulfato de Cobre, Selenato de Sodio), L-Arginina, Oligosacárido 2-Fucosillactosa (2'FL), Vitaminas y minerales [Vitamina C (Ascorbato de Sodio), Taurina, Pantotenato de Calcio (Vitamina B5), Nicotinamida, Vitamina E (DL-alfa-tocoferil acetato), Inositol, Vitamina B2 (Riboflavina), Vitamina A (Retinol Acetato), Vitamina B1 (Mononitrato de Tiamina), Vitamina B6 (Piridoxina), Sulfato de Manganeso, Yoduro de Potasio, Ácido Fólico, Vitamina K1 (Fitomenadiona), Biotina (Vitamina B7), Vitamina D3 (Colecalciferol), Vitamina B12 (Cianocobalamina)], Cloruro de Sodio, Bitartrato de Colina, L-Histidina, L-Tirosina, Probiótico(L. reuteri* 1x10⁶UFC/g), Inositol, Nucleótidos (CMP, UMP, AMP, GMP), L-Carnitina. Este producto es distribuido por Inretail Pharma S.A. (Ley 32033) Suplementos Nutricionales Suplementos / Complementos Fórmula para Bebés Fórmula Infantil Especial Pediátricos Fórmula Láctea Confort",,false_no_registro_sanitario
Mifarma,Blemil Arroz Hidrolizado ProTech,Blemil Arroz Hidrolizado ProTech,,100.00,PEN,available,https://www.mifarma.com.pe/producto/blemil-arroz-hidrolizado-protech/309328,309328,BLEMIL,algolia_public_search,2026-06-08T00:46:28.847620+00:00,,"Maltodextrina, Aceites vegetales (Aceite de palma, Aceite de nabina, Aceite de coco, Aceite de girasol, Aceite de palmiste, Emulgente (Lecitina de girasol, Lecitina de soya), Antioxidantes (Mezcla de tocoferoles, Palmitato de ascorbilo)), Proteína de arroz hidrolizada, Almidón de maíz, Triglicéridos de cadena media (TCM), Sales minerales (Fosfato monocálcico, Hidróxido cálcico, Cloruro potásico, Citrato trisódico, Hidróxido de potasio, Hidróxido de magnesio, Sulfato de hierro, Citrato tripotásico, Sulfato de zinc, Sulfato de cobre, Sulfato de manganeso, Yoduro potásico, Cloruro de cromo, Molibdato sódico, Selenito sódico), Emulgentes (Monoglicéridos de aceites vegetales), L-Lisina, Vitaminas (Vitamina C, Vitamina E, Nicotinamida, Pantotenato cálcico, Vitamina 82, Vitamina A, Vitamina B6, Vitamina 81, Ácido fólico, Vitamina K, 8iotina, Vitamina D, Vitamina B12), L-Triptófano, Cloruro de colina, Taurina, lnositol, Nucleótidos (5'­Monofosfato de citidina, 5'-Monofosfato de uridina disódico, 5'-Monofosfato de adenosina, 5'­Monofosfato de inosina disódico, 5'-Monofosfato de guanosina disódico), Fermentos lácticos (8. infantis, L. rhamnosus), L-carnitina. Contiene: Soya Este producto es distribuido por Inretail Pharma S.A. (Ley 32033) Suplementos / Complementos Suplementos Nutricionales Fórmula para Bebés Fórmula Láctea Regular 1 Fórmula Infantil Especial Pediátricos",,false_no_registro_sanitario
Mifarma,Blemil 3 Optimum ProTech,Blemil 3 Optimum ProTech,,167.90,PEN,available,https://www.mifarma.com.pe/producto/blemil-3-optimum-protech-1200-gr/309310,309310,BLEMIL,algolia_public_search,2026-06-08T00:46:28.848004+00:00,,"Leche descremada, Maltodextrina, Aceites vegetales (Aceite de palma, Aceite de nabina, Aceite de coco, Aceite de girasol, Emulgente (Lecitina de girasol), Antioxidantes {Mezcla de tocoferoles, Palmitato de ascorbilo)), Fructooligosacáridos, Lactosa, Sales minerales (Hidrofosfato cálcico, Carbonato cálcico, Citrato trisódico, Citrato tripotásico, Sulfato de hierro, Sulfato de zinc, Sulfato de cobre, Sulfato de manganeso, Yoduro potásico), Vitaminas {Vitamina C, Vitamina E, Nicotinamida, Pantotenato cálcico, Vitamina A, Vitamina B6, Vitamina B1, Vitamina B2, Ácido fólico, Vitamina K, Biotina, Vitamina D), Cloruro de colina, Taurina, Etilvainillina, lnositol, Nucleótidos (Monofosfato de: citidina, uridina disódica, adenosina, inosina disódica, guanosina disódica), Fermentos lácticos (8. infantis, l. rhamnosus), Aceite de Mortierella alpina (rico en ARA) (Aceite de Mortierel/a alpina, Antioxidantes (Mezcla de tocoferoles, Palmitato de ascorbilo)), Aceite de pescado (rico en DHA) (Aceite de pescado, Antioxidantes (Mezcla de tocoferoles, Palmitato de ascorbilo)), L-carnitina. Información de alérgenos: contiene leche, lactosa y pescado. Este producto es distribuido por Inretail Pharma S.A. (Ley 32033) Suplementos / Complementos Suplementos Nutricionales Fórmula para Bebés Fórmula Láctea Regular 3 Fórmula Infantil Especial Pediátricos",,false_no_registro_sanitario
Mifarma,Blemil 2 Optimum ProTech,Blemil 2 Optimum ProTech,,152.50,PEN,available,https://www.mifarma.com.pe/producto/blemil-2-optimum-protech/309308,309308,BLEMIL,algolia_public_search,2026-06-08T00:46:28.848429+00:00,,"Suero desmineralizado de leche, Leche descremada, Aceites vegetales (Aceite de palma, Aceite de nabina, Aceite de coco, Aceite de girasol, Emulsificante (Lecitina de girasol), Antioxidantes (Mezcla de tocoferoles, Palmitato de ascorbilo)), Maltodextrina, Proteínas séricas, Minerales (Citrato trisódico, Cloruro potásico, Fosfato monocálcico, Citrato tricálcico, Sulfato de magnesio, Carbonato cálcico, Cloruro cálcico, Hidróxido cálcico, Hidróxido de potasio, Citrato tripotásico, Sulfato de hierro, Sulfato de zinc, Sulfato de cobre, Sulfato de manganeso, Yoduro potásico, Selenito sódico), Fructooligosacáridos de cadena larga, Aceite de pescado (fuente de DHA) (Aceite de pescado, Antioxidantes (Mezcla de tocoferoles, Palmitato de ascorbilo)), 2'-fucosil-lactosa, Vitaminas (Vitamina C, Vitamina E, Nicotinamida, Pantotenato cálcico, Vitamina A, Vitamina B6, Vitamina B1, Vitamina B2, Ácido fólico, Vitamina K, Biotina, Vitamina D), Aceite de Mortierella alpina (fuente de ARA) (Aceite de Mortierella alpina, Antioxidantes (Mezcla de tocoferoles, Palmitato de ascorbilo)), Cloruro de colina, Taurina, Inositol, Nucleótidos (5'-Monofosfato de citidina, 5'-Monofosfato de uridina disódico, 5'-Monofosfato de adenosina, 5'-Monofosfato de inosina disódico, 5'-Monofosfato de guanosina disódico), Probióticos (L. rhamnosus, B. infantis), Fosfolípidos de huevo, L-carnitina, Luteína. Este producto es distribuido por Inretail Pharma S.A. (Ley 32033) Suplementos Nutricionales Suplementos / Complementos Fórmula para Bebés Fórmula Láctea Regular 2 Fórmula Infantil Especial Pediátricos",,false_no_registro_sanitario
Mifarma,Infavit Multivitaminico Solución Oral,Infavit Multivitaminico Solución Oral,A-400,37.60,PEN,available,https://www.mifarma.com.pe/producto/infavit-multivitaminico-solucion-oral/308347,308347,KEZER-LAB,algolia_public_search,2026-06-08T00:46:28.852279+00:00,,"Cada 1 ml. (12 gotas) contiene: Vitamin C 40.00 mg, Vitamin B3 9.00 mg, Vitamin E 5.00 mg Vitamin B5 2.00 mg, Vitamin B6 0.70 mg, Vitamina B2 0.80 mg Vitamin A 400 mcg, Vitamin B1 0.60 mg, Vitamin D3 10.0 mcg Vitamin K1 0.02 mg, Acido Folico 100 mcg, Vitamin H 10.0 mcg Vitamin B12 0.70 mcg. Este producto es distribuido por Inretail Pharma S.A. (Ley 32033) Multivitamínicos Suplementos / Complementos Adulto Para Niños",page_or_detail_regex,false_no_component_match
Mifarma,Glucerna Sabor Vainilla,Glucerna Sabor Vainilla,,139.90,PEN,available,https://www.mifarma.com.pe/producto/glucerna-sabor-vainilla/303406,303406,ABBOTT,algolia_public_search,2026-06-08T00:46:28.853598+00:00,,"Maltodextrina, ACEITES VEGETALES (aceite de canola, aceite de girasol alto en oleico),sucromaltosa, caseinato de calcio, maltitol, proteína de soya, proteína láctea, MINERALES(citrato de sodio, cloruro de potasio, fosfato dibásico de magnesio, carbonato de calcio,fosfato dibásico de potasio, sulfato de sodio, sulfato de magnesio, citrato de potasio, sulfatoferroso, sulfato de zinc, sulfato de manganeso, sulfato cúprico, cloruro de cromo, yoduro de potasio, molibdato de sodio, selenato de sodio), oligofructosa (FOS), isomaltulosa, mioinositol,fibradeavena, sabor artificial a vainilla,VITAMINAS (ácido ascórbico, palmitato de ascorbilo, vitamina E, niacinamida, pantotenato de calcio, clorhidrato de piridoxina, clorhidrato de tiamina, riboflavina, palmitato de vitamina A, ácido fólico, filoquinona, biotina, vitamina D3, cianocobalamina), lecitina de soya (emulsionante), cloruro de colina, acesulfame de potasio (edulcorante). Este producto es distribuido por Inretail Pharma S.A. (Ley 32033) Nutrición Pensada en ti y tu Familia Suplementos Nutricionales Geriátricos Glucerna",,false_no_registro_sanitario
Mifarma,Similac Rice HMO,Similac Rice HMO,,127.80,PEN,available,https://www.mifarma.com.pe/producto/similac-rice-400g/301647,301647,SIMILAC,algolia_public_search,2026-06-08T00:46:28.854292+00:00,,Este producto es distribuido por Inretail Pharma S.A. (Ley 32033) Suplementos / Complementos Embarazo,,false_no_registro_sanitario
Mifarma,Recover Protein Sabor Frutos Rojos,Recover Protein Sabor Frutos Rojos,,144.90,PEN,available,https://www.mifarma.com.pe/producto/recover-protein-sabor-frutos-rojos/301596,301596,V4L,algolia_public_search,2026-06-08T00:46:28.854494+00:00,,"Colágeno hidrolizado, agua, aislado de proteína desuero de leche, arginina, regulador de acidez: ácido cítrico (SIN 330), saborizante de frutos rojos, preservantes: sorbato de potasio (SIN 202) ybenzoato de sodio (SIN 211), endulzante: sucralosa( SIN 955). Este producto es distribuido por Inretail Pharma S.A. (Ley 32033) Promociones en Suplementos y Vitaminas Suplementos Nutricionales Nutrición Deportiva Fitness y Deportivos Deportivos Suplementos Deportivos Más Proteinas con Mejores Resultados",,false_no_registro_sanitario
Mifarma,Vitybell Fem Tableta recubierta,Vitybell Fem Tableta recubierta,A-562,152.40,PEN,available,https://www.mifarma.com.pe/producto/vitybell-fem-tableta-recubierta/817193,817193,VITYBELL,algolia_public_search,2026-06-08T00:46:28.854674+00:00,,"Colágeno hidrolizado 90% (equivalente a 562.2mg de colágeno), ácido ascórbico 97% (equivalente a 100mg de vitamina C), vitamina E50 % seca (equivalente a 50U.I de vitamina E),L (+) seleniometionina (equivalente a 52.5ug de selenio). Este producto es distribuido por Inretail Pharma S.A. (Ley 32033) Suplementos Nutricionales Colágenos",page_or_detail_regex,false_no_component_match
Mifarma,Ensure Advance Chocolate,Ensure Advance Chocolate,,12.90,PEN,available,https://www.mifarma.com.pe/producto/ensure-advance-chocolate-frasco/816005,816005,ENSURE,algolia_public_search,2026-06-08T00:46:28.855881+00:00,,"Agua, maltodextrina, sacarosa, caseinato de sodio, concentrado de proteína de leche, proteína de soya, aceite de soya, MINERALES (citrato de potasio, fosfato de potasio, fosfato de magnesio, citrato de sodio, cloruro de potasio, sulfato ferroso, sulfato de zinc, carbonato de calcio, sulfato de manganeso, sulfato de cobre, molibdato de sodio, cloruro de cromo, yoduro de potasio, selenato de sodio), aceite de maíz, cocoa en polvo, Ca-HMB (ß-hidroxi-ßmetilbutirato de calcio monohidratado), aceite de canola, celulosa (estabilizante), sabor artificial a vainilla, sabor natural, cloruro de colina,monoglicérido de ácidos grasos (emulsificante), lecitina de soya (emulsificante),VITAMINAS (ácido ascórbico, vitamina E, niacinamida, pantotenato de calcio, clorhidrato de tiamina, clorhidrato de piridoxina, riboflavina, palmitato de vitamina A, ácido fólico, filoquinona, biotina, vitamina D3, cianocobalamina), carboximetilcelulosa de sodio (estabilizante), acesulfame de potasio (edulcorante), goma gellan (estabilizante), sucralosa (edulcorante). Contiene derivados de leche y derivados de soya. Este producto es distribuido por Inretail Pharma S.A. (Ley 32033) Ensure advance esta formulado cientificamente con nutrientes para ayudar a promver la fuerza,la vitalidad y la actividad. Suplementos / Complementos Suplementos Nutricionales Adultos Adulto Geriátricos",,false_no_registro_sanitario
Mifarma,Similac Total Comfort KID ProSensitive,Similac Total Comfort KID ProSensitive,,91.00,PEN,available,https://www.mifarma.com.pe/producto/similac-total-comfort-kid/814919,814919,SIMILAC,algolia_public_search,2026-06-08T00:46:28.856315+00:00,,"Maltodextrina, ACEITES VEGETALES (aceite de girasol alto en oleico, aceite de soya,aceite de coco), proteína de suero parcialmente hidrolizada, sacarosa, MINERALES(fosfato tricálcico, cloruro de calcio, fosfato de potasio, hidróxido de potasio (regulador de acidez), sulfato de magnesio, citrato de sodio, cloruro de sodio, sulfato ferroso,cloruro de potasio, sulfato de zinc, sulfato de cobre, sulfato de manganeso, yoduro de potasio, selenito de sodio), fructo-oligosacáridos (FOS), sabor artificial a vainilla, VITAMINAS (ácido ascórbico, ascorbato de sodio, palmitato de ascorbilo (función parcial antioxidante), niacinamida, vitamina E, d-pantotenato de calcio, clorhidrato de piridoxina, palmitato de vitamina A,clorhidrato de tiamina, riboflavina, ácido fólico,vitamina K1, d biotina, vitamina D3, vitamina B12), *oligosacárido 2´-fucosilactosa (2´FL),lecitina de soya(emulsificante),cloruro de colina,ácido araquidónico(AA) a partir de aceite de M. alpina,ácido docosahexaenoico (DHA) a partir de aceite de C. cohnii,NUCLEÓTIDOS (5'-monofosfato de citidina, 5'-monofosfato de uridina disódica, 5'monofosfatode guanosina disódica,5'-monofosfato de adenosina),taurina,mezcla de tocoferoles (antioxidante),CAROTENOIDES(luteína,betacaroteno). Este producto es distribuido por Inretail Pharma S.A. (Ley 32033) Alimento en polvo con matodextrina,aceites vegetales,proteína suero parcialmente hidrolizadas,vitaminas y minerales. Nutrición Pensada en ti y tu Familia Suplementos Nutricionales Suplementos / Complementos Fórmula para Bebés Fórmula Láctea Regular 1 Fórmula Infantil Especial Pediátricos Similac",,false_no_registro_sanitario
Mifarma,Ensure Advance con HMB Fresa-Platano 850 gr,Ensure Advance con HMB Fresa-Platano 850 gr,,103.90,PEN,available,https://www.mifarma.com.pe/producto/ensure-advance-con-hmb-fresa-platano-lata/285341,285341,ENSURE,algolia_public_search,2026-06-08T00:46:28.857248+00:00,,"Maltodextrina, sacarosa, ACEITES VEGETALES (aceite de girasol alto en oleico, aceitede soya, aceite de canola), caseinato de calcio, aislado de proteína de soya,MINERALES (citrato de potasio, citrato de sodio, cloruro de potasio, cloruro demagnesio, fosfato de sodio, hidróxido de potasio (regulador de la acidez), cloruro desodio, fosfato de potasio, fosfato tricálcico, sulfato de magnesio, sulfato de zinc, sulfatoferroso, sulfato de manganeso, sulfato cúprico, cloruro de cromo, yoduro de potasio,molibdato de sodio, selenito de sodio), Ca-HMB (?-hidroxi-?-metilbutirato de calcio),inulina, fructo-oligosacárido, sabor artificial a fresa, a plátano y a crema, lecitina(emulsificante), cloruro de colina, rojo de remolacha (colorante), VITAMINAS (ácidoascórbico, palmitato de ascorbilo (función parcial antioxidante), niacinamida, vitamina E,d-pantotenato de calcio, clorhidrato de piridoxina, clorhidrato de tiamina, riboflavina,palmitato de vitamina A, beta caroteno, ácido fólico, d-biotina, filoquinona, colecalciferol,cianocobalamina), sucralosa (edulcorante). Este producto es distribuido por Inretail Pharma S.A. (Ley 32033) Nutrición en polvo completa ybalanceada con HMB y proteínas de alta calidad, componentes clave que ayudan apromover la salud muscular. Con calcio que ayuda a fortalecer los huesos y 28vitaminas y minerales que ayudan a mantenerte fuerte y saludable. Nutrición Pensada en ti y tu Familia Suplementos / Complementos Adulto Ensure",,false_no_registro_sanitario
Mifarma,Ensure Advance con HMB 1.4 KG Vainilla,Ensure Advance con HMB 1.4 KG Vainilla,,167.90,PEN,available,https://www.mifarma.com.pe/producto/ensure-advance-hmb-caja-1-4-kg/285044,285044,ENSURE,algolia_public_search,2026-06-08T00:46:28.857707+00:00,,"Maltodextrina, sacarosa, ACEITES VEGETALES (aceite de girasol alto en oleico, aceite de soya, aceite de canola), caseinato de calcio, aislado de proteína de soya, MINERALES (citrato de potasio, citrato de sodio, cloruro de potasio, cloruro de magnesio, fosfato de sodio, hidróxido de potasio (regulador de acidez), cloruro de sodio, fosfato de potasio, sulfato ferroso, sulfato de zinc, sulfato de manganeso, sulfato de cobre, cloruro de cromo, molibdato de sodio, yoduro de potasio, selenito de sodio), fructooligosacáridos, beta-hidroxi beta-metilbutirato de calcio, VITAMINAS (cloruro de colina, ácido ascórbico, palmitato de ascorbilo (función parcial antioxidante), mezcla de tocoferoles (función parcial antioxidante), niacinamida, d-pantotenato de calcio, acetato de dl-alfa tocoferilo, clorhidrato de piridoxina, clorhidrato de tiamina, ribo avina, palmitato de vitamina A, beta caroteno, ácido fólico, d-biotina, vitamina K1 ( loquinona), vitamina D3 (colecalciferol), cianocobalamina), saborizante natural y arti cial a vainilla y saborizante arti cial a algodón de azúcar. Contiene ingredientes derivados de leche y soya. Este producto es distribuido por Inretail Pharma S.A. (Ley 32033) Nutrición en polvo completa y balanceadacon HMB y proteínas de alta calidad, componentes clave que ayudan a promover lasalud muscular. Con calcio que ayuda a fortalecer los huesos y 28 vitaminas yminerales que ayudan a mantenerte fuerte y saludable. Suplementos Nutricionales Adultos",,false_no_registro_sanitario
Mifarma,"Ceregen Vit 10, Solucion.Oral","Ceregen Vit 10, Solucion.Oral",,63.00,PEN,available,https://www.mifarma.com.pe/producto/ceregen-vit-10-solucion-oral-frasco-325-ml/546524,546524,K2 PHARMAVIDA,algolia_public_search,2026-06-08T00:46:28.859014+00:00,,"Cada 100 ml contiene: Glicerofosfato de sodio 0,6 g | Gluconato de calcio (como monohidrato) 1 g | Glicerofosfato de manganeso 0,1 g | Glicerofosfato de potasio 0,32 g | Tiamina clorhidrato-Vit. B1 16 mg | Riboflavina (fosfato sódico)-Vit. B2 12 mg | Piridoxina clorhidrato-Vit. B6 3,4 mg | Nicotinamida-Vit. B3 100 mg Este producto es distribuido por Inretail Pharma S.A. (Ley 32033) Multivitamínicos Suplementos / Complementos Adulto Para Adultos",,false_no_registro_sanitario
Mifarma,Natalben Lactancia Cápsula,Natalben Lactancia Cápsula,,57.60,PEN,available,https://www.mifarma.com.pe/producto/natalben-lactancia-capsula/539062,539062,Itf Farmaceutica PERÚ,algolia_public_search,2026-06-08T00:46:28.859158+00:00,,Este producto es distribuido por Inretail Pharma S.A. (Ley 32033) Natalben Lactancia es un suplemento nutricional formulado para cubrir los requerimientos nutricionales de la madre a lo largo del periodo de lactancia materna. Vitaminas y Suplementos Multivitamínico Prenatal,,false_no_registro_sanitario
Mifarma,Nutrigel Advance Polvo Sabor Mandarina - Caja 30 UN,Nutrigel Advance Polvo Sabor Mandarina - Caja 30 UN,,171.60,PEN,available,https://www.mifarma.com.pe/producto/nutrigel-advance-polvo-sabor-mandarina/538064,538064,NUTRIGROW,algolia_public_search,2026-06-08T00:46:28.859440+00:00,,"VITAMINA D3 1000UI, COLAGENO HIDROLIZADO , VITAMINA C 500mg, POTASIO , SOBREROL 500mg, CARBOCISTEINA 1000UI Este producto es distribuido por Inretail Pharma S.A. (Ley 32033) Suplementos Nutricionales Colágenos",,false_no_registro_sanitario
Mifarma,Magnerot 500 mg Tableta,Magnerot 500 mg Tableta,,35.80,PEN,available,https://www.mifarma.com.pe/producto/magnerot-500-mg-tableta/269759,269759,WORWAG PHARMA PERÚ,algolia_public_search,2026-06-08T00:46:28.859580+00:00,,Orotato de magnesio dihidrato 500 mg Este producto es distribuido por Inretail Pharma S.A. (Ley 32033) Suplementos / Complementos Suplementos y Vitaminas Lo más Buscado en Citrato y Glicinato de Magnesio Adulto,,false_no_registro_sanitario
Mifarma,Ensure Advance Sabor Chocolate,Ensure Advance Sabor Chocolate,,103.90,PEN,available,https://www.mifarma.com.pe/producto/ensure-advance-sabor-chocolate/273555,273555,ENSURE,algolia_public_search,2026-06-08T00:46:28.860039+00:00,,"Maltodextrina,almidón de maíz hidrolizado, sacarosa, CASEINATOS (caseinato de sodio,caseinato de calcio), ACEITES VEGETALES (aceite de girasol alto en oleico,aceite de soya, aceite de canola), MINERALES (citrato de potasio, citrato desodio, fosfato dibásico de potasio, cloruro de potasio, cloruro de magnesio,carbonato de calcio, cloruro de sodio, sulfato de zinc, sulfato ferroso,sulfato de manganeso, sulfato cúprico, molibdato de sodio, yoduro de potasio,cloruro de cromo, selenatode sodio), aislado de proteína de soya, Ca-HMB (B-hidroxi-B-metibutiratomonohidatadode calcio), inulina, oligofructosa,sabor artificial a vainilla, lecitina de soya (emulsificante), cloruro decolina, VITAMINAS (ácido ascórbico, acetato de dl-alfa tocoferilo,niacinamida,pantotenato de calcio, clorhidrato de piridoxina, clorhidrato de tiamina,riboflavina, palmitato de vitamina A, ácido fólico, b-caroteno, biotina, filoquinona,vitamina D3, cianocobalamina), palmitato de ascorbilo(antioxidante), mezcla de tocoferolees(antioxidante) .Contiene ingredientes derivados de leche y soya. Este producto es distribuido por Inretail Pharma S.A. (Ley 32033) Nutrición en polvo completa y balanceada con HMB y proteínas de alta calidad, componentes clave que ayudan a promover la salud muscular. Con calcio que ayuda a fortalecer los huesos y 28 vitaminas y minerales que ayudan a mantenerte fuerte y saludable. Alimentación y nutrición para el adulto mayor con Ensure Advance Suplemento Alimenticio completo y equilibrado, diseñado para complementar la alimentación de adultos mayores con malnutrición, pérdida de masa y fuerza muscular. Nutrición Pensada en ti y tu Familia Suplementos / Complementos Suplementos Nutricionales Nutrición Adulto Adultos Adulto Geriátricos Ensure",,false_no_registro_sanitario
Mifarma,Diagrin Flex MSM Polvo para Solución Oral,Diagrin Flex MSM Polvo para Solución Oral,,190.20,PEN,available,https://www.mifarma.com.pe/producto/diagrin-flex-msm-polvo-para-solucion-oral/514916,514916,IQFARMA,algolia_public_search,2026-06-08T00:46:28.860415+00:00,,"Glucosamina sulfato 1,5 g (Como glucosamina sulfato cloruro sódico 1,884 g)Condroitina sulfato sódico1,2 gMetilsulfonilmetano 1 g Este producto es distribuido por Inretail Pharma S.A. (Ley 32033) Suplementos Nutricionales Naturales",,false_no_registro_sanitario
Mifarma,Gold Test diagnóstico embarazo Tira,Gold Test diagnóstico embarazo Tira,,5.50,PEN,available,https://www.mifarma.com.pe/producto/gold-test-diagnostico-de-embarazo-tira/574194,574194,GOLD,algolia_public_search,2026-06-08T00:46:29.048846+00:00,,"Este producto es distribuido por Inretail Pharma S.A. (Ley 32033) Test altamente sensible, para diagnóstico precoz del embarazo, seguro y confiable. - Fácil realizar e interpretar. - Resultado en 5 minutos. Suplementos / Complementos Embarazo",,false_no_registro_sanitario
Mifarma,Uroberry Pacs 36mg Comprimido,Uroberry Pacs 36mg Comprimido,,145.02,PEN,available,https://www.mifarma.com.pe/producto/uroberry-pacs-36mg-comprimido/556470,556470,AMINOTER,algolia_public_search,2026-06-08T00:46:29.049508+00:00,,Extracto de Cranberry |Vit. C (acido ascorbico) Este producto es distribuido por Inretail Pharma S.A. (Ley 32033) Dietas Suplementos Nutricionales Nutrición Deportiva Fitness y Deportivos Suplementos Dietéticos Dietéticos Otros Productos de Dieta Naturales,,false_no_registro_sanitario
Mifarma,Gold Test diagnostico embarazo Cassette,Gold Test diagnostico embarazo Cassette,,9.60,PEN,available,https://www.mifarma.com.pe/producto/gold-test-diagnostico-de-embarazo-casset/575888,575888,GOLD,algolia_public_search,2026-06-08T00:46:29.049678+00:00,,"Este producto es distribuido por Inretail Pharma S.A. (Ley 32033) Test altamente sensible, para diagnóstico precoz del embarazo, seguro y confiable. - Fácil realizar e interpretar. - Resultado en 5 minutos. - Lea y siga cuidadosamente las instrucciones que están en el sobre interior Suplementos / Complementos Embarazo",,false_no_registro_sanitario
Mifarma,NAN® Prematuros,NAN® Prematuros,,85.00,PEN,available,https://www.mifarma.com.pe/producto/nan-nf-prematuros/559731,559731,NAN,algolia_public_search,2026-06-08T00:46:29.050262+00:00,,"Lactosa, Mezcla de aceites vegetales [Aceite de palma, Aceite de canola bajo en ácido erúcico, Aceite de girasol alto en ácido oleico, Aceite de girasol, Aceite de coco y Antioxidantes (Concentrado de tocoferolesmixtos SIN307 by Palmitato de ascorbilo SIN304i)], Maltodextrina, Proteína de suero de leche de vaca hidrolizada enzimáticamente, Mezcla de aceites vegetales [Aceite de girasol alto en ácido oleico, Aceite de girasol, Aceite de Crypthecodiniumcohnii (FuentedeDHA), Aceite de Mortierellaalpina (FuentedeARA) (Contienesoya yAntioxidantes (Concentrado de tocoferolesmixtos SIN307 by Palmitato de ascorbilo SIN304i)], Fosfato de Calcio, Reguladores de la acidez (Hidróxido de potasio SIN525, Ácido cítrico SIN330, Hidróxido de sodio SIN524), Cloruro de Magnesio, Dihidrogeno fosfato de Potasio, Mezcla de Vitaminas y Minerales [VitaminaC (Ascorbatodesodio), Taurina, Vitamina E(D,L-alfatocoferilacetato), Pantotenato de Calcio, Niacina(PP), VitaminaB2(Riboflavina), VitaminaB1 (MononitratodeTiamina), Vitamina A (Acetatoderetinol), Vitamina B6 (Piridoxina), Sulfato de Manganeso, Yoduro de Potasio, Ácido Fólico, Vitamina K1 (Filoquinona), Biotina, Selenato de Sodio, Vitamina D3 (Colecalciferol), Vitamina B12 (Cianocobalamina)], Minerales (Sulfato Ferroso, Sulfato de Zinc, Sulfato de Cobre), Cloruro de Potasio, Bitartrato de colina, Cloruro de Calcio, Inositol, L-arginina, Nucleótidos (Citidina 5 monofosfatoácido, Uridina 5 monofosfatoácido de Sodio, Adenosina 5 monofosfatoácido y Guanosina 5 monofosfatoácido de Sodio),L-carnitina y Probióticos (Bifidobacteriumlactis1x106ufc/g). Este producto es distribuido por Inretail Pharma S.A. (Ley 32033) Fórmula Infantil para lactantes de bajo peso al nacer con proteína de suero de leche, Hierro, DHA, ARA y probióticos.AVISO IMPORTANTE: La leche materna es el mejor alimento para el lactante y Nestlé apoya esta recomendación. Recomendamos conversar con el profesional de la salud que la atiende sobre su decisión de cómo alimentar a su bebé, así como conocer más acerca de cómo prepararse y para mantener la lactancia. Si decide no dar de lactar, tenga en cuenta que la decisión puede resultar difícil de revertir. Usar fórmulas infantiles trae consigo consecuencias sociales y económicas que deben considerarse. Suplementos Nutricionales Suplementos / Complementos Fórmula para Bebés Fórmula Láctea Prematuros Fórmula Infantil Especial Pediátricos",,false_no_registro_sanitario
Mifarma,Calcibone D3 1500mg-800UI Tabletas Recubiertas,Calcibone D3 1500mg-800UI Tabletas Recubiertas,,140.30,PEN,available,https://www.mifarma.com.pe/producto/calcibone-d-1500-mg-800-ui/242269,242269,Calcibone,algolia_public_search,2026-06-08T00:46:29.050429+00:00,,Citrato de calcio 1500mg|Vitamina D3 800UI Este producto es distribuido por Inretail Pharma S.A. (Ley 32033) Minerales Suplementos / Complementos Otros Minerales Embarazo Calcio,,false_no_registro_sanitario
Mifarma,Cereal Infantil NESTUM® Arroz,Cereal Infantil NESTUM® Arroz,,17.70,PEN,available,https://www.mifarma.com.pe/producto/nestum-arroz-1cereal-6-meses-a-mas/141635,141635,NESTUM,algolia_public_search,2026-06-08T00:46:29.050720+00:00,,"Harina de arroz (96.5%), Minerales (Carbonato de calcio, Fosfato dipotásico), Vitaminas y Minerales Vitamina C, Fumarato ferroso Sulfato de zinc, Vitmina E, Niacina, Pantotenato de calcio, Vitamina B1, Vitamina B2, Vitamina A, Vitamina B6, Ácido fólico, Biotina,Vitamina D3 y Vitamina B12), Emulsionante (Lecitina de soya), Aromatizante artificial (Vainillina), Probióticos Bifidobacteium Lactis 1 x 106 UFC/g). Contiene derivados de Soya Puede contener gluten y leche. Este producto es distribuido por Inretail Pharma S.A. (Ley 32033) El cereal infantil NESTUM ® ARROZ está especialmente creado para bebés. Contiene 14 vitaminas y minerales. Además, una porción aporta el 60% del hierro* diario que tu bebé necesita. (*Del % de Ingesta Diaria Recomendada (IDR) para infantes hasta los 12 meses según FDA) Suplementos / Complementos Fórmula para Bebés Cereales Cereales y Compotas",,false_no_registro_sanitario
Mifarma,Cereal Infantil NESTUM® 5 Cereales,Cereal Infantil NESTUM® 5 Cereales,,17.70,PEN,available,https://www.mifarma.com.pe/producto/nestum-5-cereales-6-meses-a-mas/558013,558013,NESTUM,algolia_public_search,2026-06-08T00:46:29.051025+00:00,,"Harina de trigo, Azúcar, Harina de avena integral, Harina de cebada, Harina de maíz, Harina de arroz, Minerales (Carbonato de Calcio, Fosfato Dipotásico), Vitaminas y Minerales [Vitamina C, Fumarato Ferroso, Sulfato de Zinc, Vitamina E, Niacina, Pantotenato de Calcio, Vitamina BI, Vitamina B2, Vitamina A, Vitamina B6, Ácido Fólico, Biotina, Vitamina D3 y Vitamina B12], Probióticos (Bifidobacterium lactis 1 x 106 UFC/g) y Aroma idéntico al natural (Vainillina). CONTIENE GLUTEN, Puede contener leche, lactosa. Este producto es distribuido por Inretail Pharma S.A. (Ley 32033) El cereal infantil NESTUM ® 5 CEREALES está especialmente creado para bebés. Contiene 14 vitaminas y minerales. Además, una porción aporta el 60% del hierro* diario que tu bebé necesita. *Del % de Ingesta Diaria Recomendada (IDR) para infantes hasta los 12 meses según FDA. Suplementos / Complementos Fórmula para Bebés Cereales Cereales y Compotas",,false_no_registro_sanitario
Mifarma,Calcibone D3 1500mg-800UI Tabletas Recubiertas,Calcibone D3 1500mg-800UI Tabletas Recubiertas,,78.80,PEN,available,https://www.mifarma.com.pe/producto/calcibone-d-315mg-800ui-tabletas/240736,240736,Calcibone,algolia_public_search,2026-06-08T00:46:29.051473+00:00,,Calcio 1500mg|Vitamina D3 800UI Este producto es distribuido por Inretail Pharma S.A. (Ley 32033) Minerales Suplementos / Complementos Otros Minerales Embarazo Calcio,,false_no_registro_sanitario
Mifarma,Fórmula Infantil Enfamil Promental Premium Sin Lactosa,Fórmula Infantil Enfamil Promental Premium Sin Lactosa,,101.30,PEN,available,https://www.mifarma.com.pe/producto/enfamil-premium-sin-lactosa/554831,554831,ENFAMIL,algolia_public_search,2026-06-08T00:46:29.051635+00:00,,"Este producto es distribuido por Inretail Pharma S.A. (Ley 32033) Fórmula adaptada para lactantes de 0 a 12 meses sin lactosa y sin sacarosa, con hierro. Con vitaminas y minerales. Suplementos Nutricionales Suplementos / Complementos Fórmula para Bebés Fórmula Láctea sin Lactosa 1 Fórmula Infantil Especial Pediátricos",,false_no_registro_sanitario
Mifarma,Ciruelax® Forte Jalea,Ciruelax® Forte Jalea,,45.00,PEN,available,https://www.mifarma.com.pe/producto/ciruelax-jalea-forte/236581,236581,CIRUELAX,algolia_public_search,2026-06-08T00:46:29.052104+00:00,,"Extracto seco de hojas de cassia angustifolia 2g Este producto es distribuido por Inretail Pharma S.A. (Ley 32033) Pulpa de frutas (pasas morena sin semilla, Ciruelas descarozadas o pulpa de manzana), Semillas de linaza, Colorante caramelo, Miel de abejas, Benzoato de sodio, Sorbato de potasio, Talco, Macrogol 400, Copolímero de ácido metacrílico, Dispersión del copolímero del ácido metacrílico, Sacarosa, Ácido cítrico anhidro y agua purificada. Suplementos Nutricionales Sistema digestivo Laxantes Naturales",,false_no_registro_sanitario
Mifarma,Nutramigen Premium Con LGG,Nutramigen Premium Con LGG,,117.90,PEN,available,https://www.mifarma.com.pe/producto/nutramigen-premium-con-lgg/552070,552070,NUTRAMIGEN,algolia_public_search,2026-06-08T00:46:29.052790+00:00,,"Este producto es distribuido por Inretail Pharma S.A. (Ley 32033) Fórmula látea para lactantes de 0 a 12 meses, hipoalergénica. Con proteína láctea extensamente hidrolizada y probiótico LGG. Contiene DHA & ARA, Hierro y Colina. Suplementos / Complementos Suplementos Nutricionales Fórmula para Bebés Fórmula Láctea Regular 1 Fórmula Infantil Especial Pediátricos",,false_no_registro_sanitario
Mifarma,Puramino Hipoalergénica Sin Lactosa,Puramino Hipoalergénica Sin Lactosa,,210.90,PEN,available,https://www.mifarma.com.pe/producto/puramino-hipoalergenica-sin-lactosa/579931,579931,PURAMINO,algolia_public_search,2026-06-08T00:46:29.052962+00:00,,"Este producto es distribuido por Inretail Pharma S.A. (Ley 32033) Indicado para lactantes que presenten alergia a la proteína de leche de vaca. Fórmula, que contiene proteína extensamente hidrolizada, es libre de lactosa y de fácil digestión. Suplementos Nutricionales Suplementos / Complementos Fórmula para Bebés Fórmula Láctea sin Lactosa 1 Fórmula Infantil Especial Pediátricos",,false_no_registro_sanitario
Mifarma,Similac Mamá Sabor Vainilla,Similac Mamá Sabor Vainilla,,51.50,PEN,available,https://www.mifarma.com.pe/producto/similac-mama-sabor-vainilla/215836,215836,SIMILAC,algolia_public_search,2026-06-08T00:46:29.053115+00:00,,Este producto es distribuido por Inretail Pharma S.A. (Ley 32033) Similac Mamá es un complemento alimenticio diseñado para las mujeres durante el período de embarazo y lactancia. Esta formulado para complementar las necesidades nutricionales que aumentan durante estos periodos. Suplementos / Complementos Embarazo,,false_no_registro_sanitario
Mifarma,Cereal Infantil NESTUM® Trigo y Quinua,Cereal Infantil NESTUM® Trigo y Quinua,,17.70,PEN,available,https://www.mifarma.com.pe/producto/nestum-trigo-quinua-9-meses-a-mas/577278,577278,NESTUM,algolia_public_search,2026-06-08T00:46:29.053440+00:00,,"Harina de cereales (86.8%) (Trigo, Triticalé, Quinua, Maíz, Centeno, Cebada, Arroz y Avena), Azúcar,Vitaminas y minerales [Carbonato de calcio, Fosfato dipotásico, Vitamina C (Ácido ascórbico), Maltodextrina, Fumarato ferroso, Sulfato de zinc, Vitamina E (D, L - alfa tocoferil acetato), Niacina, Pantotenato de calcio, Vitamina B1 (Mononitrato de tiamina), Vitamina B2 (Riboflavina), Vitamina A (Acetato de retinol), Vitamina B6 (Hidrocloruro de piridoxina), Ácido fólico, Biotina, Vitamina D3 (Colecalciferol) y Vitamina B12 (Cianocobalamina)], Probiótico (Bifidobacterium lactis 1 x 106 UFC/g) y Saborizante. Puede contener leche. Este producto es distribuido por Inretail Pharma S.A. (Ley 32033) El cereal infantil NESTUM ® TRIGO QUINUA Y OTROS 6 CEREALES está especialmente creado para bebés. Contiene 14 vitaminas y minerales. Además, una porción aporta el 60% del hierro* diario que tu bebé necesita. Porciones por envase: 14 (*Del % de Ingesta Diaria Recomendada (IDR) para infantes hasta los 12 meses según FDA) Suplementos / Complementos Fórmula para Bebés Cereales Cereales y Compotas",,false_no_registro_sanitario
Mifarma,Serecur 320mg Cápsula,Serecur 320mg Cápsula,,179.91,PEN,available,https://www.mifarma.com.pe/producto/serecur-320mg-capsula/571899,571899,LAFAGE,algolia_public_search,2026-06-08T00:46:29.053595+00:00,,Extracto de Serenoa repens 320mg Este producto es distribuido por Inretail Pharma S.A. (Ley 32033) Sistema Renal/ Reproductor Suplementos Nutricionales Problemas Reproductor Masculino Naturales,,false_no_registro_sanitario
Mifarma,Ensure Advance Sabor Vainilla 400 gr,Ensure Advance Sabor Vainilla 400 gr,,60.00,PEN,available,https://www.mifarma.com.pe/producto/ensure-advance-sabor-vainilla/200807,200807,ENSURE,algolia_public_search,2026-06-08T00:46:29.054163+00:00,,"Maltodextrina, almidón de maíz hidrolizado, sacarosa(azúcar), CASEINATOS (Caseinato de sodio, caseinato de calcio), ACEITESVEGETALES (Aceite de girasol alto en oleico, aceite de soya, aceite de canola)MINERALES (Citrato de potasio, citrato de sodio, fosfato dibásico de potasio,cloruro de potasio, cloruro de magnesio, carbonato de calcio, cloruro de sodio,sulfato de zinc, sulfato ferroso, sulfato de manganeso, sulfato cúprico, molibdatode sodio, yoduro de potasio, cloruro de cromo, selenato de sodio) aislado deproteína de soya, Ca-HMB (ß-hidroxi-ß-metilbutirato monohidratado de calcio),inulina, oligofructuosa, sabor artificial a vainilla, lecitina de soya (emulsificante)cloruro de colina. VITAMINAS (ácido ascórbico, acetato dl- alfa tocoferil,niacinamida, pantotenato de calcio, clorhidrato de priridoxina, clohidrato detiamina, riboflavina, vitamina A palmitato, ácido fólico, ß-caroteno, biotina,filoquinona, vitamina D3, cianocobalamina, palmitato de ascorbilo (antioxidante),mezcla de tocoferoles (antioxidante). Puede contener: Sulfato de magnesio. Este producto es distribuido por Inretail Pharma S.A. (Ley 32033) Nutrición en polvo completa y balanceada con HMB y proteínas de alta calidad, componentes clave que ayudan a promover la salud muscular. Con calcio que ayuda a fortalecer los huesos y 28 vitaminas y minerales que ayudan a mantenerte fuerte y saludable. Alimentación y nutrición para el adulto mayor con Ensure Advance Suplemento Alimenticio completo y equilibrado, diseñado para complementar la alimentación de adultos mayores con malnutrición, pérdida de masa y fuerza muscular. Nutrición Pensada en ti y tu Familia Suplementos / Complementos Suplementos Nutricionales Nutrición Adulto Adultos Adulto Geriátricos Ensure",,false_no_registro_sanitario
Mifarma,Hialudrin Polvo para Solución Oral Sobres Sabor Naranja,Hialudrin Polvo para Solución Oral Sobres Sabor Naranja,,254.10,PEN,available,https://www.mifarma.com.pe/producto/hialudrin-polvo-para-solucion-oral-sobres-sabor-na/571249,571249,HIALUDRIN,algolia_public_search,2026-06-08T00:46:29.054334+00:00,,"Glucosamina sulfato 1,5g|Metilsulfonilmetano 1,0g|Condroitina sulfato sódico 1,2g|Hialuronato de sodio (grado alimenticio) 0,12g Este producto es distribuido por Inretail Pharma S.A. (Ley 32033) Suplementos / Complementos Adulto",,false_no_registro_sanitario
Mifarma,Pack 02 ISO- XP 100% Proteina Isolatada Sabor Vainilla,Pack 02 ISO- XP 100% Proteina Isolatada Sabor Vainilla,,369.90,PEN,available,https://www.mifarma.com.pe/producto/pack-02-iso-xp-100-proteina-isolatada-vainilla/PACKNT531,PACKNT531,APPLIED NUTRITION,algolia_public_search,2026-06-08T00:46:29.055808+00:00,,"100% Whey Protein isolate (Milk) ( emulsified with sunflower lecithin), natural flavour, sweetener (sucralose) Este producto es distribuido por Inretail Pharma S.A. (Ley 32033) Promociones en Suplementos y Vitaminas Suplementos Nutricionales Nutrición Deportiva Packs de Nutrición y Bienestar Fitness y Deportivos Deportivos Suplementos Deportivos Más Proteinas con Mejores Resultados",,false_no_registro_sanitario
Mifarma,ISO - XP Choco Peanut Polvo Oral,ISO - XP Choco Peanut Polvo Oral,DE-100,366.00,PEN,available,https://www.mifarma.com.pe/producto/iso--xp-choco-peanut-polvo-oral/307291,307291,APPLIED NUTRITION,algolia_public_search,2026-06-08T00:46:29.056346+00:00,,"Por dosis 25.00 g - Aislado de proteína de suero de leche 23.700000 g Este producto es distribuido por Inretail Pharma S.A. (Ley 32033) ISO-XP de Applied Nutrition es una proteína aislada de suero ultra pura, baja en carbohidratos y sin azúcar añadido, diseñada para quienes buscan resultados reales sin comprometer la calidad. Gracias a su rápida absorción y alto contenido proteico por porción, contribuye eficazmente a la recuperación muscular, el mantenimiento y el desarrollo de masa magra. Ideal para después del entrenamiento o en cualquier momento del día donde necesites una dosis limpia de proteína de alto valor biológico. ISO - XP Choco Peanut Polvo Oral ISO-XP es un suplemento rico en proteínas y de lejos el aislado de proteína de suero de leche más limpio y de mayor calidad disponible en el mercado. Básicamente, no hay otra proteína, en ningún lugar, que exceda este nivel de proteína por proporción de 100 gramos. ISO-XP está hecho de suero de leche dulce extremadamente fresco de la Unión Europea que se aísla y luego se seca por pulverización. ISO-XP no tiene SOJA agregada y en su lugar utiliza lecitina de girasol como emulsionante. ISO-XP es el suplemento dietetico con la mayor concetrancion de proteina por servicio, con solo 0.1g de lactosa y 22.5 gr de proteina por cada 25 gr de servicio. No contiene Soya, 0G de azucar, sin grasas adicionales o carbohidratos. El suero de leche utilizado en la ISO XP es producido por Grass Feed Cows Mejora el rendimiento deportivo y la recuperación Recupera y construye músculo con ISO-XP de Applied Nutrition Promociones en Suplementos y Vitaminas Suplementos Nutricionales Nutrición Deportiva Fitness y Deportivos Proteinas Aisladas a Precio más Bajo Deportivos Suplementos Deportivos Más Proteinas con Mejores Resultados",page_or_detail_regex,false_no_component_match
Mifarma,Pack 02 ISO- XP 100% Proteina Isolatada Sabor Chocolate,Pack 02 ISO- XP 100% Proteina Isolatada Sabor Chocolate,,359.90,PEN,available,https://www.mifarma.com.pe/producto/pack-02-iso-xp-100-proteina-isolatada-chocolate/PACKNT532,PACKNT532,APPLIED NUTRITION,algolia_public_search,2026-06-08T00:46:29.056563+00:00,,"100% Whey Protein isolate (Milk) ( emulsified with sunflower lecithin),Cocoa Powder, natural flavour, sweetener (sucralose) Este producto es distribuido por Inretail Pharma S.A. (Ley 32033) Promociones en Suplementos y Vitaminas Suplementos Nutricionales Nutrición Deportiva Packs de Nutrición y Bienestar Fitness y Deportivos Deportivos Suplementos Deportivos Más Proteinas con Mejores Resultados",,false_no_registro_sanitario
Mifarma,Pack Proteína Aislada Iso Clean Musclen Caramel Vainilla + Quemador de Grasa Musclen Oxylite Sabor Passion Fruit,Pack Proteína Aislada Iso Clean Musclen Caramel Vainilla + Quemador de Grasa Musclen Oxylite Sabor Passion Fruit,,349.90,PEN,available,https://www.mifarma.com.pe/producto/pack-proteina-aislada-vainilla-quemador-grasa/PACKNT754,PACKNT754,MUSCLEN,algolia_public_search,2026-06-08T00:46:29.057067+00:00,,"Proteína Aislada Iso Clean Musclen Sabor Fudgy Chocolate: Suero de leche descremado (ISO), Sabor vainilla, Emulsionantes (SIN 322(i), SIN 415), Edulcorante (SIN 955), Stevia (SIN 960a). Quemador de Grasa Musclen Oxylite Sabor Passion Fruit: Café, guarana, pitahaya, maltodextrina, stevia (SIN 960a), sucralosa (SIN 955), acido citrico (SIN 330), goma xantan (SIN 415), colorante curcumina (100 i). CONTIENE CAFEINA. Este producto es distribuido por Inretail Pharma S.A. (Ley 32033) Musclen es una marca especializada en nutrición deportiva diseñada para impulsar el rendimiento, la fuerza y la recuperación de quienes buscan resultados visibles y sostenibles. Sus fórmulas combinan ingredientes de alta calidad con estándares modernos de fabricación, ofreciendo proteínas, aminoácidos y suplementos funcionales que acompañan cada fase del entrenamiento. Con un enfoque en eficacia, pureza y accesibilidad, Musclen se convierte en un aliado confiable tanto para deportistas como para personas activas que quieren maximizar su bienestar físico día a día. Proteína Aislada Iso Clean Musclen Sabor Caramel Vainilla Suplemento proteico especialmente formulado para la ganancia muscular limpia con bajo contenido de carbohidratos y máxima pureza. Es una alternativa ligera, pura y de rápida absorción es un perfecto complemento nutricional deportivo. Musclen® ISO CLEAN posee uno de los mejores valores proteicos por scoop del mercado. Nutrición deportiva diseñada para potenciar tu mejor versión Rinde más cada día con Musclen, disponible en Inkafarma. Promociones en Suplementos y Vitaminas Packs de Nutrición y Bienestar Productos Proteínas Musclen Más Proteinas con Mejores Resultados",,false_no_registro_sanitario
Mifarma,ISO - XP Choco Honeycomb Polvo Oral,ISO - XP Choco Honeycomb Polvo Oral,DE-100,349.90,PEN,available,https://www.mifarma.com.pe/producto/iso--xp-choco-honeycomb-polvo-oral/307288,307288,APPLIED NUTRITION,algolia_public_search,2026-06-08T00:46:29.057637+00:00,,"Por dosis 25.00 g - Aislado de proteína de suero de leche 23.700000 g Este producto es distribuido por Inretail Pharma S.A. (Ley 32033) ISO-XP de Applied Nutrition es una proteína aislada de suero ultra pura, baja en carbohidratos y sin azúcar añadido, diseñada para quienes buscan resultados reales sin comprometer la calidad. Gracias a su rápida absorción y alto contenido proteico por porción, contribuye eficazmente a la recuperación muscular, el mantenimiento y el desarrollo de masa magra. Ideal para después del entrenamiento o en cualquier momento del día donde necesites una dosis limpia de proteína de alto valor biológico. ISO - XP Choco Honeycomb Polvo Oral ISO-XP es un suplemento rico en proteínas y de lejos el aislado de proteína de suero de leche más limpio y de mayor calidad disponible en el mercado. Básicamente, no hay otra proteína, en ningún lugar, que exceda este nivel de proteína por proporción de 100 gramos. ISO-XP está hecho de suero de leche dulce extremadamente fresco de la Unión Europea que se aísla y luego se seca por pulverización. ISO-XP no tiene SOJA agregada y en su lugar utiliza lecitina de girasol como emulsionante. ISO-XP es el suplemento dietetico con la mayor concetrancion de proteina por servicio, con solo 0.1g de lactosa y 22.5 gr de proteina por cada 25 gr de servicio. No contiene Soya, 0G de azucar, sin grasas adicionales o carbohidratos. El suero de leche utilizado en la ISO XP es producido por Grass Feed Cows Mejora el rendimiento deportivo y la recuperación Los Mejores resulatdos con Applied Nutrition. Promociones en Suplementos y Vitaminas Suplementos Nutricionales Nutrición Deportiva Fitness y Deportivos Proteinas Aisladas a Precio más Bajo Deportivos Suplementos Deportivos Más Proteinas con Mejores Resultados",page_or_detail_regex,false_no_component_match
Mifarma,Pack Proteína + Creatina Lab Nutrition Vanilla,Pack Proteína + Creatina Lab Nutrition Vanilla,,334.90,PEN,available,https://www.mifarma.com.pe/producto/pack-proteina-creatina-lab-nutrition-vanilla/PACKNT239,PACKNT239,LAB NUTRITION,algolia_public_search,2026-06-08T00:46:29.057932+00:00,,"Creatine unflavored: Cada cucharadita (5g) contiene:Creatina Monohidrato 5g Este producto es distribuido por Inretail Pharma S.A. (Ley 32033) Suplemento dietético Elaborado a base de concentrado de proteína de suero de leche, Hidrolizado de Proteína de Suero Aislado y Aislado de Proteína de Suero. Contiene 25 gr de proteína por cada cucharada dosificadora. Contiene Lactasa y proteasa. Libre de gluten.Ayuda a complementar los requerimientos de proteína diaria, como además contribuye en evitar la disminución de la masa muscular y promoviendo su aumento acompañado con actividad física y una alimentación balanceada. Promociones en Suplementos y Vitaminas Suplementos Nutricionales Nutrición Deportiva Packs de Nutrición y Bienestar Deportivos Suplementos Deportivos Más Proteinas con Mejores Resultados",,false_no_registro_sanitario
Mifarma,Pack Iso XP Chocolate 1KG + Creatina Applied Nutrition 500GR,Pack Iso XP Chocolate 1KG + Creatina Applied Nutrition 500GR,,259.90,PEN,available,https://www.mifarma.com.pe/producto/pack-iso-xp-choco-1kg-creatina-applied-nutrition/PACKNT584,PACKNT584,APPLIED NUTRITION,algolia_public_search,2026-06-08T00:46:29.058299+00:00,,"ISO- XP 100% Proteina isolatada sabor chocolate:100% Whey Protein isolate (Milk) ( emulsified with sunflower lecithin),Cocoa Powder, natural flavour, sweetener (sucralose) Creatine Monohydrate 500g Polvo Oral:Una Cucharada (5g) contiene: Creatina Monohidratada 5g. Este producto es distribuido por Inretail Pharma S.A. (Ley 32033) Promociones en Suplementos y Vitaminas Packs de Nutrición y Bienestar Más Proteinas con Mejores Resultados",,false_no_registro_sanitario
Mifarma,Pack Iso XP Vainilla 1KG + Creatina Applied Nutrition 500GR,Pack Iso XP Vainilla 1KG + Creatina Applied Nutrition 500GR,,259.90,PEN,available,https://www.mifarma.com.pe/producto/pack-iso-xp-vainilla-creatina-applied-nutrition-I/PACKNT582,PACKNT582,APPLIED NUTRITION,algolia_public_search,2026-06-08T00:46:29.058510+00:00,,"ISO- XP 100% Proteina isolatada sabor vainilla:100% Whey Protein isolate (Milk) ( emulsified with sunflower lecithin), natural flavour, sweetener (sucralose) Creatine Monohydrate 500g Polvo Oral: Una Cucharada (5g) contiene: Creatina Monohidratada 5g. Este producto es distribuido por Inretail Pharma S.A. (Ley 32033) Promociones en Suplementos y Vitaminas Packs de Nutrición y Bienestar Más Proteinas con Mejores Resultados",,false_no_registro_sanitario
Mifarma,Pack Iso XP Chocolate 1KG + Creatina Applied Nutrition 250GR,Pack Iso XP Chocolate 1KG + Creatina Applied Nutrition 250GR,,229.90,PEN,available,https://www.mifarma.com.pe/producto/pack-iso-xp-choco-creatina-applied-nutrition/PACKNT583,PACKNT583,APPLIED NUTRITION,algolia_public_search,2026-06-08T00:46:29.058896+00:00,,"ISO- XP 100% Proteina isolatada sabor chocolate:100% Whey Protein isolate (Milk) ( emulsified with sunflower lecithin),Cocoa Powder, natural flavour, sweetener (sucralose) Creatine Monohydrate 250g Polvo Oral:Una Cucharada (5g) contiene: Creatina Monohidratada 5g. Este producto es distribuido por Inretail Pharma S.A. (Ley 32033) Promociones en Suplementos y Vitaminas Packs de Nutrición y Bienestar Más Proteinas con Mejores Resultados",,false_no_registro_sanitario
Mifarma,Pack Iso XP Vainilla 1KG + Creatina Applied Nutrition 250GR,Pack Iso XP Vainilla 1KG + Creatina Applied Nutrition 250GR,,229.90,PEN,available,https://www.mifarma.com.pe/producto/pack-iso-xp-vainilla-creatina-applied-nutrition/PACKNT581,PACKNT581,APPLIED NUTRITION,algolia_public_search,2026-06-08T00:46:29.059050+00:00,,"100% Whey Protein isolate (Milk) ( emulsified with sunflower lecithin), natural flavour, sweetener (sucralose) Una Cucharada (5g) contiene: Creatina Monohidratada 5g. Este producto es distribuido por Inretail Pharma S.A. (Ley 32033) Promociones en Suplementos y Vitaminas Packs de Nutrición y Bienestar Más Proteinas con Mejores Resultados",,false_no_registro_sanitario
Mifarma,Pack Whey Protein Chocolate + Demolitor Creatina Con Maca,Pack Whey Protein Chocolate + Demolitor Creatina Con Maca,,229.00,PEN,available,https://www.mifarma.com.pe/producto/pack-whey-protein-chocolate-demolitor-creatina-maca/PACKNT597,PACKNT597,DEMOLITOR,algolia_public_search,2026-06-08T00:46:29.059257+00:00,,"Whey Protein Demolitor Sabor Chocolate: Proteina Whey,sabor chocolate, harina de maca gelatinizada, harina de camu camu, stevia (960a),sucralosa (955),goma xantana (415),color caramelo (150ud),lecitina de soya,enzima lactasa,cacao en polvo. Demolitor Creatina Monohidratada con Maca Polvo: Creatina monohidratada 4g Maca negra gelatinizada 1g Este producto es distribuido por Inretail Pharma S.A. (Ley 32033) Promociones en Suplementos y Vitaminas Suplementos Nutricionales Nutrición Deportiva Packs de Nutrición y Bienestar Fitness y Deportivos Deportivos Suplementos Deportivos Más Proteinas con Mejores Resultados",,false_no_registro_sanitario
Mifarma,Pack Whey Protein Vainilla + Demolitor Creatina Con Maca,Pack Whey Protein Vainilla + Demolitor Creatina Con Maca,,229.00,PEN,available,https://www.mifarma.com.pe/producto/pack-whey-protein-vainilla-demolitor-creatina-maca/PACKNT596,PACKNT596,DEMOLITOR,algolia_public_search,2026-06-08T00:46:29.059423+00:00,,Demolitor Creatina Monohidratada con Maca Polvo: Creatina monohidratada 4g Maca negra gelatinizada 1g Este producto es distribuido por Inretail Pharma S.A. (Ley 32033) Promociones en Suplementos y Vitaminas Suplementos Nutricionales Nutrición Deportiva Packs de Nutrición y Bienestar Fitness y Deportivos Deportivos Suplementos Deportivos Más Proteinas con Mejores Resultados,,false_no_registro_sanitario
Mifarma,Demolitor ISO 100% Proteína Aislada de Suero Sabor Chocolate,Demolitor ISO 100% Proteína Aislada de Suero Sabor Chocolate,,229.00,PEN,available,https://www.mifarma.com.pe/producto/demolitor-iso-100-proteina-aislada-de-suero-sabor-chocolate/303888,303888,DEMOLITOR,algolia_public_search,2026-06-08T00:46:29.059850+00:00,,"Proteína aislada de suero; BCAAs sabor chocolate Este producto es distribuido por Inretail Pharma S.A. (Ley 32033) Demolitor es una marca peruana de suplementos nutricionales y alimentos funcionales que ha ganado reconocimiento por su enfoque innovador en el uso de proteínas sostenibles y superalimentos andinos. Demolitor se distingue por su compromiso con la sostenibilidad y la nutrición. Utiliza ingredientes de alto valor nutricional, procesados con tecnología avanzada para asegurar pureza y óptima absorción. Además, sus productos están respaldados por registros en entidades como la FDA, lo que garantiza estándares internacionales de seguridad y eficacia Demolitor ISO 100% Proteína Aislada de Suero Sabor Chocolate Suplemento proteico a base de suero de leche aislado de rápida absorción y fortificado con BCAAs. Sin azúcares añadidos y bajo en colesterol. Ideal para las personas que desean crecer sin exceso de grasa, además ayuda a mejorar la recuperación y ganancia muscular luego del entrenamiento. Ideal para atletas en definición. Desarrolla músculo Mejora la recuperación Sin lactosa Aumenta la fuerza 28 g proteína por scoop 6.5 g BCAA; 110 kcal 4lb y 55 servicios, sabor chocolate Rápida absorción y digestibilidad Fuerza y sudor, con Demolitor Promociones en Suplementos y Vitaminas Suplementos Nutricionales Nutrición Deportiva Fitness y Deportivos Proteinas Aisladas a Precio más Bajo Deportivos Suplementos Deportivos Más Proteinas con Mejores Resultados",,false_no_registro_sanitario
Mifarma,Demolitor ISO 100% Proteína Aislada de Suero Sabor Vainilla,Demolitor ISO 100% Proteína Aislada de Suero Sabor Vainilla,,229.00,PEN,available,https://www.mifarma.com.pe/producto/demolitor-iso-100-proteina-aislada-de-suero-sabor-vainilla/303887,303887,DEMOLITOR,algolia_public_search,2026-06-08T00:46:29.060281+00:00,,"Proteína aislada de suero; BCAAs sabor vainilla Este producto es distribuido por Inretail Pharma S.A. (Ley 32033) Demolitor es una marca peruana de suplementos nutricionales y alimentos funcionales que ha ganado reconocimiento por su enfoque innovador en el uso de proteínas sostenibles y superalimentos andinos. Demolitor se distingue por su compromiso con la sostenibilidad y la nutrición. Utiliza ingredientes de alto valor nutricional, procesados con tecnología avanzada para asegurar pureza y óptima absorción. Además, sus productos están respaldados por registros en entidades como la FDA, lo que garantiza estándares internacionales de seguridad y eficacia Demolitor ISO 100% Proteína Aislada de Suero Sabor Vainilla Suplemento proteico a base de suero de leche aislado de rápida absorción y fortificado con BCAAs. Sin azúcares añadidos y bajo en colesterol. Ideal para las personas que desean crecer sin exceso de grasa, además ayuda a mejorar la recuperación y ganancia muscular luego del entrenamiento. Ideal para atletas en definición. Desarrolla músculo Mejora la recuperación Sin lactosa Aumenta la fuerza 28 g proteína por scoop 6.5 g BCAA 110 kcal 4lb y 55 servicios, sabor vainilla Rápida absorción y digestibilidad Fuerza y sudor, con Demolitor Promociones en Suplementos y Vitaminas Suplementos Nutricionales Nutrición Deportiva Fitness y Deportivos Proteinas Aisladas a Precio más Bajo Deportivos Suplementos Deportivos Más Proteinas con Mejores Resultados",,false_no_registro_sanitario
Mifarma,Pack Vitagel Fortiflex + Collashake Vainilla,Pack Vitagel Fortiflex + Collashake Vainilla,E-960A,205.00,PEN,available,https://www.mifarma.com.pe/producto/pack-vitagel-fortiflex-collashake-vainilla/PACKNT676,PACKNT676,VITAGEL,algolia_public_search,2026-06-08T00:46:29.060611+00:00,,"Vitagel Collashake Vainilla: Colágeno hidrolizado, avena en polvo, aroma natural devainilla, Edulcorante (Glucósidos de esteviol E-960a), Aminoácidos Esenciales Origen vacuno. Vitagel Colágeno Hidrolizado Fortiflex Polvo: Colágeno hidrolizado (93.6%), acidificante (ácido cítrico) (2.0%), aromas (contiene lactosa), fosfato de calcio, polvo de fruta de saúco (maltodextrina, concentrado de saúco, ácido cítrico, jarabe de azúcar carmín) (0.8%), carbonato de magnesio, endulzante (Ciclamato de sodio, aspartame, sacarina), ácido L-ascórbico, acetato de D-alfa tocoferol, colorantes (E122, E160a), nicotinamida, D-pantoténico de calcio, clorhidrato de piridoxina, mononitrato de tiamina, riboflavina, ácido pteroil monoglutámico, D-biotina, cianocobalamina. Libre de manipulación genética (EG-VO 1829/2003 y 1830/2003) Este producto es distribuido por Inretail Pharma S.A. (Ley 32033) Suplementos Nutricionales Suplementos y Vitaminas Packs de Nutrición y Bienestar Busca tu Marca de Colágeno Ideal Colágenos",page_or_detail_regex,false_no_component_match
Mifarma,Pack Vitagel Fortiflex + Collashake Chocolate,Pack Vitagel Fortiflex + Collashake Chocolate,E-960A,205.00,PEN,available,https://www.mifarma.com.pe/producto/pack-vitagel-fortiflex-collashake-chocolate/PACKNT675,PACKNT675,VITAGEL,algolia_public_search,2026-06-08T00:46:29.060921+00:00,,"Vitagel Collashake Chocolate: Colágeno hidrolizado, avena en polvo, aroma natural dechocolate, Edulcorante (Glucósidos de esteviol E-960a), Aminoácidos Esenciales Origen vacuno. Vitagel Colágeno Hidrolizado Fortiflex Polvo: Colágeno hidrolizado (93.6%), acidificante (ácido cítrico) (2.0%), aromas (contiene lactosa), fosfato de calcio, polvo de fruta de saúco (maltodextrina, concentrado de saúco, ácido cítrico, jarabe de azúcar carmín) (0.8%), carbonato de magnesio, endulzante (Ciclamato de sodio, aspartame, sacarina), ácido L-ascórbico, acetato de D-alfa tocoferol, colorantes (E122, E160a), nicotinamida, D-pantoténico de calcio, clorhidrato de piridoxina, mononitrato de tiamina, riboflavina, ácido pteroil monoglutámico, D-biotina, cianocobalamina. Libre de manipulación genética (EG-VO 1829/2003 y 1830/2003) Este producto es distribuido por Inretail Pharma S.A. (Ley 32033) Suplementos Nutricionales Suplementos y Vitaminas Packs de Nutrición y Bienestar Busca tu Marca de Colágeno Ideal Colágenos",page_or_detail_regex,false_no_component_match
Mifarma,Pack 03 Demolitor Creatina Con Maca 500gr,Pack 03 Demolitor Creatina Con Maca 500gr,,201.00,PEN,available,https://www.mifarma.com.pe/producto/pack-03-demolitor-creatina-con-maca-500gr/PACKNT601,PACKNT601,DEMOLITOR,algolia_public_search,2026-06-08T00:46:29.061090+00:00,,Creatina monohidratada 4g Maca negra gelatinizada 1g Este producto es distribuido por Inretail Pharma S.A. (Ley 32033) Promociones en Suplementos y Vitaminas Suplementos Nutricionales Nutrición Deportiva Packs de Nutrición y Bienestar Fitness y Deportivos Creatina más Fuerza en Cada Entrenamiento Deportivos Suplementos Deportivos,,false_no_registro_sanitario
Mifarma,Pack Proteína Aislada Iso Clean Musclen Sabor Caramel Vainilla + Quemador de Grasa Musclen Oxylite Sabor Passion Fruit,Pack Proteína Aislada Iso Clean Musclen Sabor Caramel Vainilla + Quemador de Grasa Musclen Oxylite Sabor Passion Fruit,,179.90,PEN,available,https://www.mifarma.com.pe/producto/pack-proteina-aislada-caramel-vainilla-quemador/PACKNT755,PACKNT755,MUSCLEN,algolia_public_search,2026-06-08T00:46:29.061581+00:00,,"Proteína Aislada Iso Clean Musclen Sabor Fudgy Chocolate:Suero de leche descremado (ISO), Sabor vainilla, Emulsionantes (SIN 322(i), SIN 415), Edulcorante (SIN 955), Stevia (SIN 960a). Quemador de Grasa Musclen Oxylite Sabor Passion Fruit:Café, guarana, pitahaya, maltodextrina, stevia (SIN 960a), sucralosa (SIN 955), acido citrico (SIN 330), goma xantan (SIN 415), colorante curcumina (100 i). CONTIENE CAFEINA. Este producto es distribuido por Inretail Pharma S.A. (Ley 32033) Musclen es una marca especializada en nutrición deportiva diseñada para impulsar el rendimiento, la fuerza y la recuperación de quienes buscan resultados visibles y sostenibles. Sus fórmulas combinan ingredientes de alta calidad con estándares modernos de fabricación, ofreciendo proteínas, aminoácidos y suplementos funcionales que acompañan cada fase del entrenamiento. Con un enfoque en eficacia, pureza y accesibilidad, Musclen se convierte en un aliado confiable tanto para deportistas como para personas activas que quieren maximizar su bienestar físico día a día. Proteína Aislada Iso Clean Musclen Sabor Caramel Vainilla Suplemento proteico especialmente formulado para la ganancia muscular limpia con bajo contenido de carbohidratos y máxima pureza. Es una alternativa ligera, pura y de rápida absorción es un perfecto complemento nutricional deportivo. Musclen® ISO CLEAN posee uno de los mejores valores proteicos por scoop del mercado. Nutrición deportiva diseñada para potenciar tu mejor versión Rinde más cada día con Musclen, disponible en Inkafarma. Promociones en Suplementos y Vitaminas Packs de Nutrición y Bienestar Productos Proteínas Musclen Más Proteinas con Mejores Resultados",,false_no_registro_sanitario
Mifarma,MyProtein Impact Whey Isolate Vainilla,MyProtein Impact Whey Isolate Vainilla,,173.00,PEN,available,https://www.mifarma.com.pe/producto/myprotein-impact-whey-isolate-vainilla/311724,311724,MYPROTEIN,algolia_public_search,2026-06-08T00:46:29.061794+00:00,,Concentrado de proteína de suero (Leche) (91%). Emulsionante (lecitina de soja). Cacao en polvo. Saborizante. Edulcorante (Sucralosa) ALÉRGENOS para los alérgenos consultar los ingredientes en negrita Este producto es distribuido por Inretail Pharma S.A. (Ley 32033) Promociones en Suplementos y Vitaminas Suplementos Nutricionales Nutrición Deportiva Fitness y Deportivos Proteinas Aisladas a Precio más Bajo Deportivos Suplementos Deportivos Más Proteinas con Mejores Resultados,,false_no_registro_sanitario
Mifarma,MyProtein Impact Whey Isolate Chocolate Polvo,MyProtein Impact Whey Isolate Chocolate Polvo,,173.00,PEN,available,https://www.mifarma.com.pe/producto/myprotein-impact-whey-isolate-chocolate-polvo/311723,311723,MYPROTEIN,algolia_public_search,2026-06-08T00:46:29.061976+00:00,,Concentrado de proteína de suero (Leche) (91%). Emulsionante (lecitina de soja). Cacao en polvo. Saborizante. Edulcorante (Sucralosa) ALÉRGENOS para los alérgenos consultar los ingredientes en negrita Este producto es distribuido por Inretail Pharma S.A. (Ley 32033) Promociones en Suplementos y Vitaminas Suplementos Nutricionales Nutrición Deportiva Fitness y Deportivos Proteinas Aisladas a Precio más Bajo Deportivos Suplementos Deportivos Más Proteinas con Mejores Resultados,,false_no_registro_sanitario
Mifarma,Whey Protein Demolitor Sabor Vainilla,Whey Protein Demolitor Sabor Vainilla,,169.00,PEN,available,https://www.mifarma.com.pe/producto/whey-protein-demolitor-sabor-vainilla/303421,303421,DEMOLITOR,algolia_public_search,2026-06-08T00:46:29.062495+00:00,,"Concentrado de proteína de suero; sabor vainilla; Edulcorante (sucralosa) Este producto es distribuido por Inretail Pharma S.A. (Ley 32033) Demolitor es una marca peruana de suplementos nutricionales y alimentos funcionales que ha ganado reconocimiento por su enfoque innovador en el uso de proteínas sostenibles y superalimentos andinos. Demolitor se distingue por su compromiso con la sostenibilidad y la nutrición. Utiliza ingredientes de alto valor nutricional, procesados con tecnología avanzada para asegurar pureza y óptima absorción. Además, sus productos están respaldados por registros en entidades como la FDA, lo que garantiza estándares internacionales de seguridad y eficacia Whey Protein Demolitor Sabor Vainilla Suplemento proteico formulado con gran contenido de aminoácidos esenciales para reconstruir rápida y eficazmente las fibras musculares después del entrenamiento. Posee uno de los mejores porcentajes de digestibilidad y absorción de nutrientes dado el alto grado de pureza. Desarrolla músculo Mejora la recuperación Sin azúcar Aumenta la fuerza 5 lb y 69 servicios sabor vainilla Potencia el rendimiento físico y la recuperación muscular Fuerza y sudor, con Demolitor Multivitamínicos Promociones en Suplementos y Vitaminas Más Proteinas con Mejores Resultados Para Adultos",,false_no_registro_sanitario
Mifarma,Whey Protein Demolitor Sabor Chocolate,Whey Protein Demolitor Sabor Chocolate,,169.00,PEN,available,https://www.mifarma.com.pe/producto/whey-protein-demolitor-sabor-chocolate/303420,303420,DEMOLITOR,algolia_public_search,2026-06-08T00:46:29.062861+00:00,,"Concentrado de proteína de suero; sabor chocolate; Edulcorante (sucralosa). Este producto es distribuido por Inretail Pharma S.A. (Ley 32033) Demolitor es una marca peruana de suplementos nutricionales y alimentos funcionales que ha ganado reconocimiento por su enfoque innovador en el uso de proteínas sostenibles y superalimentos andinos. Demolitor se distingue por su compromiso con la sostenibilidad y la nutrición. Utiliza ingredientes de alto valor nutricional, procesados con tecnología avanzada para asegurar pureza y óptima absorción. Además, sus productos están respaldados por registros en entidades como la FDA, lo que garantiza estándares internacionales de seguridad y eficacia Whey Protein Demolitor Sabor Chocolate Suplemento proteico formulado con gran contenido de aminoácidos esenciales para reconstruir rápida y eficazmente las fibras musculares después del entrenamiento. Posee uno de los mejores porcentajes de digestibilidad y absorción de nutrientes dado el alto grado de pureza. Desarrolla músculo Mejora la recuperación Sin azúcar Aumenta la fuerza 5 lb y 69 servicios, sabor chocolate Potencia el rendimiento físico y la recuperación muscular Fuerza y sudor, con Demolitor Multivitamínicos Promociones en Suplementos y Vitaminas Más Proteinas con Mejores Resultados Para Adultos",,false_no_registro_sanitario
Mifarma,Metapure Proteína 100% Isolatada sabor Vainilla,Metapure Proteína 100% Isolatada sabor Vainilla,,163.30,PEN,available,https://www.mifarma.com.pe/producto/metapure-zero-carb-vainilla-polvo-para-solucion-oral/303277,303277,QNT,algolia_public_search,2026-06-08T00:46:29.063310+00:00,,"Aislado de proteína de suero de leche, saborizante avainilla, sucralosa. Este producto es distribuido por Inretail Pharma S.A. (Ley 32033) Promociones en Suplementos y Vitaminas Suplementos Nutricionales Nutrición Deportiva Fitness y Deportivos Proteinas Aisladas a Precio más Bajo Deportivos Suplementos Deportivos Más Proteinas con Mejores Resultados",,false_no_registro_sanitario
Mifarma,Pack Whey Protein Vainilla + Demolitor Creatina Con Maca,Pack Whey Protein Vainilla + Demolitor Creatina Con Maca,,159.00,PEN,available,https://www.mifarma.com.pe/producto/pack-whey-protein-vainilla-demolitor-creatina-maca/PACKNT595,PACKNT595,DEMOLITOR,algolia_public_search,2026-06-08T00:46:29.063516+00:00,,"Whey Protein Demolitor Sabor Vainilla: Proteina Whey,sabor artificial a vainilla, harina de maca gelatinizada, harina de camu camu, cúrcuma,cinammon,goma xantana (415),lecitina de soya,sucralosa (955),sulfato férrico,enzima lactasa. Demolitor Creatina Monohidratada con Maca Polvo: Creatina monohidratada 4g Maca negra gelatinizada 1g Este producto es distribuido por Inretail Pharma S.A. (Ley 32033) Promociones en Suplementos y Vitaminas Suplementos Nutricionales Nutrición Deportiva Packs de Nutrición y Bienestar Fitness y Deportivos Deportivos Suplementos Deportivos Más Proteinas con Mejores Resultados",,false_no_registro_sanitario
Mifarma,Pack Whey Protein Chocolate + Demolitor Creatina Con Maca,Pack Whey Protein Chocolate + Demolitor Creatina Con Maca,,159.00,PEN,available,https://www.mifarma.com.pe/producto/pack-whey-protein-chocolate-demolitor-creatina-maca/PACKNT594,PACKNT594,DEMOLITOR,algolia_public_search,2026-06-08T00:46:29.063719+00:00,,"Whey Protein Demolitor Sabor Chocolate: Proteina Whey,sabor artificial a vainilla, harina de maca gelatinizada, harina de camu camu, cúrcuma,cinammon,goma xantana (415),lecitina de soya,sucralosa (955),sulfato férrico,enzima lactasa. Demolitor Creatina Monohidratada con Maca Polvo: Creatina monohidratada 4g Maca negra gelatinizada 1g Este producto es distribuido por Inretail Pharma S.A. (Ley 32033) Promociones en Suplementos y Vitaminas Suplementos Nutricionales Nutrición Deportiva Packs de Nutrición y Bienestar Fitness y Deportivos Deportivos Suplementos Deportivos Más Proteinas con Mejores Resultados",,false_no_registro_sanitario
Mifarma,Critical Plant Protein Vanilla Applied Nutrition,Critical Plant Protein Vanilla Applied Nutrition,,154.90,PEN,available,https://www.mifarma.com.pe/producto/critical-plant-protein-vanilla-applied-nutrition/311531,311531,APPLIED NUTRITION,algolia_public_search,2026-06-08T00:46:29.063880+00:00,,"INGREDIENTES: Soya Protein Isolate (soy). Pea Protein Isolate, Brown Rice Protein, Natural Flavouring. Thickener (Xanthan Gum). Sweeteners (Sucralose. Steviol Glycosisdes from Stevia)} Este producto es distribuido por Inretail Pharma S.A. (Ley 32033) Promociones en Suplementos y Vitaminas Suplementos Nutricionales Nutrición Deportiva Fitness y Deportivos Deportivos Suplementos Deportivos Más Proteinas con Mejores Resultados",,false_no_registro_sanitario
Mifarma,Creatina Monohydrate Applied Nutrition Polvo Oral,Creatina Monohydrate Applied Nutrition Polvo Oral,,149.90,PEN,available,https://www.mifarma.com.pe/producto/creatina-monohydrate-polvo-oral/319121,319121,APPLIED NUTRITION,algolia_public_search,2026-06-08T00:46:29.064347+00:00,,"Una Cucharada contiene: Creatina monohidrato 5g Este producto es distribuido por Inretail Pharma S.A. (Ley 32033) Applied Nutrition es una marca líder en suplementos de alto rendimiento que combina ciencia, calidad y formulaciones avanzadas para acompañar a deportistas y personas activas en su camino hacia el bienestar. Sus proteínas, aminoácidos y fórmulas de energía y recuperación destacan por su pureza, eficacia y respaldo científico, ofreciendo resultados reales y apoyando cada etapa del entrenamiento y la nutrición diaria. Creatina Monohydrate Applied Nutrition Polvo Oral Creatine Monohydrate es el suplemento adecuado para cualquier persona que realice ejercicio prolongado o de alta intensidad y busque mejorar su rendimiento físico. La creatina de Applied Nutrition proporciona la creatina monohidratada y micronizada más pura y de más fácil absorción disponible en el mercado. Numerosos estudios reportan que el incremento de los niveles de creatina en el organismo ayudan a reducir la fatiga muscular, al aumento de energía y favorece al metabolismo en las células musculares mejorando las capacidades generales de nuestro cuerpo. Se recomienda el uso de Creatina 100% Monohidratada y Micronizada en adultos, mejorando el rendimiento en ejercicios de alta intensidad y mejorando la construccion muscular. La creatina incrementa el rendimiento relacionado con todas las actividades fisicas, mejorando el rendimiento, durancion y construccion de masa muscular Creatina premium, resultados visibles Recupera y construye músculo con de Applied Nutrition. Encuéntralo ahora en Inkafarma y da el siguiente paso en tu rendimiento. Promociones en Suplementos y Vitaminas Suplementos Nutricionales Nutrición Deportiva Fitness y Deportivos Creatina más Fuerza en Cada Entrenamiento Deportivos Suplementos Deportivos",,false_no_registro_sanitario
Mifarma,Pack 02 Demolitor Creatina Con Maca 500gr,Pack 02 Demolitor Creatina Con Maca 500gr,,147.00,PEN,available,https://www.mifarma.com.pe/producto/pack-02-demolitor-creatina-con-maca-500gr/PACKNT600,PACKNT600,DEMOLITOR,algolia_public_search,2026-06-08T00:46:29.064540+00:00,,Creatina monohidratada 4g Maca negra gelatinizada 1g Este producto es distribuido por Inretail Pharma S.A. (Ley 32033) Promociones en Suplementos y Vitaminas Suplementos Nutricionales Nutrición Deportiva Packs de Nutrición y Bienestar Fitness y Deportivos Creatina más Fuerza en Cada Entrenamiento Deportivos Suplementos Deportivos,,false_no_registro_sanitario
Mifarma,Pack Pantene Bond Repair Rutina Completa,Pack Pantene Bond Repair Rutina Completa,,138.90,PEN,available,https://www.mifarma.com.pe/producto/pack-pantene-bond-repair-rutina-completa/PACKCP404,PACKCP404,PANTENE,algolia_public_search,2026-06-08T00:46:29.065229+00:00,,"Acondicionador Pantene Bond Repair Molecular: AQUA, STEARYL ALCOHOL, BEHENTRIMONIUM METHOSULFATE, CETYL ALCOHOL, BIS AMINOPROPYL DIMETHICONE, PARFUM, BENZYL ALCOHOL, DISODIUM EDTA, POLYSORBATE 20, LINALOOL, PANTHENOL, HISTIDINE, CITRIC ACID, CARNOSINE, METHYLCHLOROISOTHIAZOLINONE, CI 19140, METHYLISOTHIAZOLINONE, CI 17200 Shampoo Pantene Bond Repair Molecular: AQUA, SODIUM LAURETH SULFATE, SODIUM CITRATE, COCAMIDOPROPYL BETAINE, SODIUM XYLENESULFONATE, SODIUM LAURYL SULFATE, PARFUM, POTASSIUM CHLORIDE, STEARYL ALCOHOL, DIMETHICONOL, DIMETHICONE, CETYL ALCOHOL, CITRIC ACID, SODIUM BENZOATE, GUAR HYDROXYPROPYLTRIMONIUM CHLORIDE, TEA DODECYLBENZENESULFONATE, TETRASODIUM EDTA, TRIDECETH 10, POLYQUATERNIUM 6, POLYQUATERNIUM 10, TRIHYDROXYSTEARIN, LINALOOL, PANTHENOL, COUMARIN, CARNOSINE, HISTIDINE, BENZYL ALCOHOL, METHYLCHLOROISOTHIAZOLINONE, METHYLISOTHIAZOLINONE Crema para Peinar Pantene Bond Repair Molecular: AQUA, STEARYL ALCOHOL, BEHENTRIMONIUM CHLORIDE, CETYL ALCOHOL, BIS AMINOPROPYL DIMETHICONE, BENZYL ALCOHOL, PHENOXYETHANOL, SODIUM BENZOATE, DISODIUM EDTA, POLYSORBATE 20, CITRIC ACID, PANTHENOL, PARFUM, LINALOOL, HISTIDINE, COUMARIN, LIMONENE, CARNOSINE Mascarilla Pantene Reconstrucción Molecular: AQUA, STEARYL ALCOHOL, BEHENTRIMONIUM METHOSULFATE, BIS-AMINOPROPYL DIMETHICONE, CETYL ALCOHOL, PARFUM, BENZYL ALCOHOL, DISODIUM EDTA, POLYSORBATE 20, LINALOOL, PANTHENOL, HISTIDINE, CITRIC ACID, CI 77492, CARNOSINE, METHYLCHLOROISOTHIAZOLINONE, METHYLISOTHIAZOLINONE, PANTHENYL ETHYL ETHER Protector Térmico Capilar Pantene Molecular Repair: AQUA, PROPYLENE GLYCOL, AMODIMETHICONE, QUATERNIUM 80, BENZYL ALCOHOL, 1,2 HEXANEDIOL, CAPRYLYL GLYCOL, CETRIMONIUM CHLORIDE, BEHENTRIMONIUM CHLORIDE, TRIDECETH 12, DISODIUM EDTA, PARFUM, PANTHENOL, CITRIC ACID, HISTIDINE, LINALOOL, COUMARIN, LIMONENE, CARNOSINE. AQUA, PROPYLENE GLYCOL, AMODIMETHICONE, QUATERNIUM 80, PARFUM, BENZYL ALCOHOL, 1,2 HEXANEDIOL, CAPRYLYL GLYCOL, OLEIC ACID, CETRIMONIUM CHLORIDE, BEHENTRIMONIUM CHLORIDE, TRIDECETH 12, GLYCERYL OLEATE, DISODIUM EDTA, PANTHENOL, CITRIC ACID, HISTIDINE, LINALOOL, COUMARIN, LIMONENE, CARNOSINE Loción Capilar Pantene Molecular Repair: AQUA, STEARYL ALCOHOL, BEHENTRIMONIUM CHLORIDE, CETYL ALCOHOL, BIS AMINOPROPYL DIMETHICONE, BENZYL ALCOHOL, PHENOXYETHANOL, SODIUM BENZOATE, PARFUM, DISODIUM EDTA, POLYSORBATE 20, CITRIC ACID, PANTHENOL, HISTIDINE, LINALOOL, CARNOSINE, COUMARIN, LIMONENE Este producto es distribuido por Inretail Pharma S.A. (Ley 32033) Suplementos Nutricionales Suplementos / Complementos Packs de Nutrición y Bienestar Pediátricos",,false_no_registro_sanitario
Mifarma,MyProtein Impact Whey Protein Natural Chocolate Polvo,MyProtein Impact Whey Protein Natural Chocolate Polvo,,138.80,PEN,available,https://www.mifarma.com.pe/producto/mp-impact-whey-protein-natural-chocolate-polvo/307215,307215,MYPROTEIN,algolia_public_search,2026-06-08T00:46:29.065735+00:00,,Concentrado de proteína de suero (Leche) (91%). Emulsionante (lecitina de soja). Cacao en polvo. Saborizante. Edulcorante (Sucralosa) ALÉRGENOS para los alérgenos consultar los ingredientes en negrita Este producto es distribuido por Inretail Pharma S.A. (Ley 32033) Promociones en Suplementos y Vitaminas Suplementos Nutricionales Nutrición Deportiva Fitness y Deportivos Deportivos Suplementos Deportivos Más Proteinas con Mejores Resultados,,false_no_registro_sanitario
Mifarma,Pack 02 Collaflex Colágeno 310GR,Pack 02 Collaflex Colágeno 310GR,DE3616,109.90,PEN,available,https://www.mifarma.com.pe/producto/pack-02-collaflex-colageno-310gr/PACKNT293,PACKNT293,COLLAFLEX,algolia_public_search,2026-06-08T00:46:29.066812+00:00,,Este producto es distribuido por Inretail Pharma S.A. (Ley 32033) Suplementos Nutricionales Suplementos y Vitaminas Packs de Nutrición y Bienestar Busca tu Marca de Colágeno Ideal Colágenos,digemid_name_inference,false_no_component_match
Mifarma,Demolitor ISO 100% Proteína Aislada de Suero Sabor Vainilla,Demolitor ISO 100% Proteína Aislada de Suero Sabor Vainilla,,105.00,PEN,available,https://www.mifarma.com.pe/producto/demolitor-iso-100-proteina-aislada-de-suero-sabor-vainilla/303904,303904,DEMOLITOR,algolia_public_search,2026-06-08T00:46:29.067830+00:00,,"Proteína aislada de suero; BCAAs sabor vainilla Este producto es distribuido por Inretail Pharma S.A. (Ley 32033) Demolitor es una marca peruana de suplementos nutricionales y alimentos funcionales que ha ganado reconocimiento por su enfoque innovador en el uso de proteínas sostenibles y superalimentos andinos. Demolitor se distingue por su compromiso con la sostenibilidad y la nutrición. Utiliza ingredientes de alto valor nutricional, procesados con tecnología avanzada para asegurar pureza y óptima absorción. Además, sus productos están respaldados por registros en entidades como la FDA, lo que garantiza estándares internacionales de seguridad y eficacia Demolitor ISO 100% Proteína Aislada de Suero Sabor Vainilla Suplemento proteico a base de suero de leche aislado de rápida absorción y fortificado con BCAAs. Sin azúcares añadidos y bajo en colesterol. Ideal para las personas que desean crecer sin exceso de grasa, además ayuda a mejorar la recuperación y ganancia muscular luego del entrenamiento. Ideal para atletas en definición. Desarrolla músculo Mejora la recuperación Sin lactosa Aumenta la fuerza 28 g proteína por scoop 6.5 g BCAA 110 kcal 4lb y 24 servicios Sabor vainilla Rápida absorción y digestibilidad Fuerza y sudor, con Demolitor Promociones en Suplementos y Vitaminas Suplementos Nutricionales Nutrición Deportiva Fitness y Deportivos Proteinas Aisladas a Precio más Bajo Deportivos Suplementos Deportivos Más Proteinas con Mejores Resultados",,false_no_registro_sanitario
Mifarma,Demolitor ISO 100% Proteina aislada de suero sabor chocolate,Demolitor ISO 100% Proteina aislada de suero sabor chocolate,,105.00,PEN,available,https://www.mifarma.com.pe/producto/demolitor-iso-100-proteina-aislada-de-suero-sabor-chocolate/303903,303903,DEMOLITOR,algolia_public_search,2026-06-08T00:46:29.068224+00:00,,"Proteína aislada de suero; BCAAs sabor chocolate Este producto es distribuido por Inretail Pharma S.A. (Ley 32033) Demolitor es una marca peruana de suplementos nutricionales y alimentos funcionales que ha ganado reconocimiento por su enfoque innovador en el uso de proteínas sostenibles y superalimentos andinos. Demolitor se distingue por su compromiso con la sostenibilidad y la nutrición. Utiliza ingredientes de alto valor nutricional, procesados con tecnología avanzada para asegurar pureza y óptima absorción. Además, sus productos están respaldados por registros en entidades como la FDA, lo que garantiza estándares internacionales de seguridad y eficacia Demolitor ISO 100% Proteína Aislada de Suero Sabor Chocolate Suplemento proteico a base de suero de leche aislado de rápida absorción y fortificado con BCAAs. Sin azúcares añadidos y bajo en colesterol. Ideal para las personas que desean crecer sin exceso de grasa, además ayuda a mejorar la recuperación y ganancia muscular luego del entrenamiento. Ideal para atletas en definición. Desarrolla músculo Mejora la recuperación Sin lactosa Aumenta la fuerza 28 g proteína por scoop 6.5 g BCAA 110 kcal .4lb y 24 servicios Sabor chocolate Rápida absorción y digestibilidad Fuerza y sudor, con Demolitor Promociones en Suplementos y Vitaminas Suplementos Nutricionales Nutrición Deportiva Fitness y Deportivos Proteinas Aisladas a Precio más Bajo Deportivos Suplementos Deportivos Más Proteinas con Mejores Resultados",,false_no_registro_sanitario
Mifarma,Vitagel Collashake Chocolate,Vitagel Collashake Chocolate,E-960A,99.90,PEN,available,https://www.mifarma.com.pe/producto/vitagel-collashake-chocolate/307392,307392,VITAGEL,algolia_public_search,2026-06-08T00:46:29.068507+00:00,,"Colágeno hidrolizado, avena en polvo, aroma natural dechocolate, Edulcorante (Glucósidos de esteviol E-960a), AminoácidosEsenciales Origen vacuno. Este producto es distribuido por Inretail Pharma S.A. (Ley 32033) Suplementos Nutricionales Suplementos y Vitaminas Busca tu Marca de Colágeno Ideal Colágenos",page_or_detail_regex,false_no_component_match
Mifarma,Vitagel Collashake Vainilla,Vitagel Collashake Vainilla,E-960A,99.90,PEN,available,https://www.mifarma.com.pe/producto/vitagel-collashake-vainila/307382,307382,VITAGEL,algolia_public_search,2026-06-08T00:46:29.068639+00:00,,"Colágeno hidrolizado, avena en polvo, aroma natural devainilla, Edulcorante (Glucósidos de esteviol E-960a), AminoácidosEsenciales Origen vacuno Este producto es distribuido por Inretail Pharma S.A. (Ley 32033) Suplementos Nutricionales Suplementos y Vitaminas Busca tu Marca de Colágeno Ideal Colágenos",page_or_detail_regex,false_no_component_match
Mifarma,Pack 03 Demolitor Creatina Con Maca,Pack 03 Demolitor Creatina Con Maca,,97.50,PEN,available,https://www.mifarma.com.pe/producto/pack-03-demolitor-creatina-con-maca/PACKNT599,PACKNT599,DEMOLITOR,algolia_public_search,2026-06-08T00:46:29.069060+00:00,,Este producto es distribuido por Inretail Pharma S.A. (Ley 32033) Promociones en Suplementos y Vitaminas Suplementos Nutricionales Nutrición Deportiva Packs de Nutrición y Bienestar Fitness y Deportivos Creatina más Fuerza en Cada Entrenamiento Deportivos Suplementos Deportivos,,false_no_registro_sanitario
Mifarma,Shaboom Pump Fruit Punch Kevin Levrone,Shaboom Pump Fruit Punch Kevin Levrone,,94.00,PEN,available,https://www.mifarma.com.pe/producto/shaboom-pump-fruit-punch-kevin-levrone/306857,306857,KEVIN LEVRONE,algolia_public_search,2026-06-08T00:46:29.069756+00:00,,Cada cucharada/porción (8.75g) contiene: L-citrulina DL-malato 3000 mg Beta-alanina 2500 mg Creatina Monohidratada 1500 mg L-arginina alfacetoglutarato 1000 mg Cafeína 200 mg Excipientes c.s.p Este producto es distribuido por Inretail Pharma S.A. (Ley 32033) Suplementos Nutricionales Nutrición Deportiva Fitness y Deportivos Deportivos Suplementos Deportivos,,false_no_registro_sanitario
Mifarma,Whey Protein Demolitor Sabor Vainilla,Whey Protein Demolitor Sabor Vainilla,,93.90,PEN,available,https://www.mifarma.com.pe/producto/whey-protein-demolitor-sabor-vainilla/303423,303423,DEMOLITOR,algolia_public_search,2026-06-08T00:46:29.070084+00:00,,"Concentrado de proteína de suero; sabor vainilla; Edulcorante (sucralosa) Este producto es distribuido por Inretail Pharma S.A. (Ley 32033) Demolitor es una marca peruana de suplementos nutricionales y alimentos funcionales que ha ganado reconocimiento por su enfoque innovador en el uso de proteínas sostenibles y superalimentos andinos. Demolitor se distingue por su compromiso con la sostenibilidad y la nutrición. Utiliza ingredientes de alto valor nutricional, procesados con tecnología avanzada para asegurar pureza y óptima absorción. Además, sus productos están respaldados por registros en entidades como la FDA, lo que garantiza estándares internacionales de seguridad y eficacia Whey Protein Demolitor Sabor Vainilla Suplemento proteico formulado con gran contenido de aminoácidos esenciales para reconstruir rápida y eficazmente las fibras musculares después del entrenamiento. Posee uno de los mejores porcentajes de digestibilidad y absorción de nutrientes dado el alto grado de pureza. Desarrolla músculo Mejora la recuperación Sin azúcar Aumenta la fuerza 2lb y 32 servicios, sabor vainilla Potencia el rendimiento físico y la recuperación muscular Fuerza y sudor, con Demolitor Multivitamínicos Promociones en Suplementos y Vitaminas Más Proteinas con Mejores Resultados Para Adultos",,false_no_registro_sanitario
Mifarma,Whey Protein Demolitor Sabor Chocolate,Whey Protein Demolitor Sabor Chocolate,,93.90,PEN,available,https://www.mifarma.com.pe/producto/whey-protein-demolitor-sabor-chocolate/303422,303422,DEMOLITOR,algolia_public_search,2026-06-08T00:46:29.070426+00:00,,"Concentrado de proteína de suero; sabor chocolate; Edulcorante (sucralosa) Este producto es distribuido por Inretail Pharma S.A. (Ley 32033) Demolitor es una marca peruana de suplementos nutricionales y alimentos funcionales que ha ganado reconocimiento por su enfoque innovador en el uso de proteínas sostenibles y superalimentos andinos. Demolitor se distingue por su compromiso con la sostenibilidad y la nutrición. Utiliza ingredientes de alto valor nutricional, procesados con tecnología avanzada para asegurar pureza y óptima absorción. Además, sus productos están respaldados por registros en entidades como la FDA, lo que garantiza estándares internacionales de seguridad y eficacia Whey Protein Demolitor Sabor Chocolate Suplemento proteico formulado con gran contenido de aminoácidos esenciales para reconstruir rápida y eficazmente las fibras musculares después del entrenamiento. Posee uno de los mejores porcentajes de digestibilidad y absorción de nutrientes dado el alto grado de pureza. Desarrolla músculo Mejora la recuperación Sin azúcar Aumenta la fuerza 2lb y 32 servicios, sabor chocolate Potencia el rendimiento físico y la recuperación muscular Fuerza y sudor, con Demolitor Multivitamínicos Promociones en Suplementos y Vitaminas Más Proteinas con Mejores Resultados Para Adultos",,false_no_registro_sanitario
Mifarma,Vitagel Colágeno Hidrolizado Tripeptide,Vitagel Colágeno Hidrolizado Tripeptide,,93.60,PEN,available,https://www.mifarma.com.pe/producto/vitagel-colageno-hidrolizado-tripeptide/313351,313351,VITAGEL,algolia_public_search,2026-06-08T00:46:29.070581+00:00,,Colágeno Hidrolizado (Colágeno Hidrolizado Tripéptido 40%). Este producto es distribuido por Inretail Pharma S.A. (Ley 32033) Suplementos / Complementos Suplementos Nutricionales Suplementos y Vitaminas Busca tu Marca de Colágeno Ideal Adulto Colágenos,,false_no_registro_sanitario
Mifarma,Pack 02 Gomitas More Sabor Arándanos,Pack 02 Gomitas More Sabor Arándanos,,90.90,PEN,available,https://www.mifarma.com.pe/producto/pack-02-gomitas-more-sabor-arandano-frasco-100-un/PACKNT74,PACKNT74,MORE,algolia_public_search,2026-06-08T00:46:29.070910+00:00,,"Agua, Jarabe de maltitol (SIN 965(ii)), Maltitol (SIN 965(i)),Gelatina, Azúcar, Ashwagandha, Ácido cítrico (SIN 330),Saborizante a arándano, Sorbato de potasio (SIN 202),Sucralosa (SIN 955), Azul brillante FCF (SIN 133). Este producto es distribuido por Inretail Pharma S.A. (Ley 32033) Gomitas de gelatina sabor arándanos. Suplementos Nutricionales Suplementos y Vitaminas Packs de Nutrición y Bienestar Ayuda a Relajarte y Dormir Mejor Gomitas Funcionales para Todo Naturales",,false_no_registro_sanitario
Mifarma,Whey Proteína en Polvo SP Nutrition Sabor Vainilla,Whey Proteína en Polvo SP Nutrition Sabor Vainilla,,89.90,PEN,available,https://www.mifarma.com.pe/producto/whey-proteina-en-polvo-sp-nutrition-sabor-vainilla/307783,307783,SP NUTRITION,algolia_public_search,2026-06-08T00:46:29.071739+00:00,,"Proteína concentrada de lacto-suero, almidón de maíz, linaza en polvo, fibra soluble, fosfato tricálcico, saborizante autorizado, vitaminas y minerales (sulfato de magnesio, ácido ascórbico, sulfato de zinc, vitamina E, niacinamida, pantotenato de calcio, sulfato de manganeso, clorhidrato de piridoxina, riboflavina, mononitrato de tiamina, vitamina A, sulfato de cobre, selenito de sodio, ácido fólico B9, yoduro de potasio, molibdato de sodio, vitamina K1, vitamina D3, cloruro de cromo, biotina, cianocobalamina), emulsificante (SIN 471), vainillina, l-glutamina, lactoferrina, hierro hemínico, edulcorante (SIN-955). Este producto es distribuido por Inretail Pharma S.A. (Ley 32033) Suplementos Nutricionales Nutrición Deportiva Fitness y Deportivos Deportivos Suplementos Deportivos",,false_no_registro_sanitario
Mifarma,Gomas Vinagre de Manzana Nature's Truth,Gomas Vinagre de Manzana Nature's Truth,,77.20,PEN,available,https://www.mifarma.com.pe/producto/gomas-vinagre-de-manzana-nature's-truth/306791,306791,BENINO,algolia_public_search,2026-06-08T00:46:29.241563+00:00,,"Jarabe de glucosa,azucar, pectina, citrato de sodio,sabor natural, glaseado natural de hojas de palma, jugo concentrado de zanahoria negra, vinagre de cidra de manzana. No contiene gluten Trigo, levadura, leche, lactosa, soja, saborizantes artificiales y edulcorantes artificiales Este producto es distribuido por Inretail Pharma S.A. (Ley 32033) Suplementos Nutricionales Naturales",,false_no_registro_sanitario
Mifarma,Omega Up Ultra Dha Cápsula Blanda,Omega Up Ultra Dha Cápsula Blanda,,76.50,PEN,available,https://www.mifarma.com.pe/producto/omega-up-ultra-dha-capsula-blanda/320054,320054,OMEGA UP,algolia_public_search,2026-06-08T00:46:29.241727+00:00,,"Cada cápsula blanda contiene: Aceite de pescado (Anchoveta, Engraulis ringens) 500 mg equivalente a: EPA (ácido eicosapentaenoico) 50 mg DHA (ácido docosahexaenoico) 230 mg Este producto es distribuido por Inretail Pharma S.A. (Ley 32033) Suplementos Nutricionales Suplementos y Vitaminas Omega 3-Fish Oil Naturales",,false_no_registro_sanitario
Mifarma,Colágeno Marino Hidrolizdo Comprimido,Colágeno Marino Hidrolizdo Comprimido,,75.60,PEN,available,https://www.mifarma.com.pe/producto/colageno-marino-hidrolizdo-comprimido/320435,320435,DRASANVI,algolia_public_search,2026-06-08T00:46:29.242103+00:00,,"Colágeno Marino Hidrolizado Enzimaticamente por toma ( 6 capsulas ) : Colágeno (Hidrolizado Enzimáticamente) 650 mg, Óxido de Magnesio (Magnesio 40%) 93.75 mg, Carbonato de Calcio (Calcio 40%) 72 mg, Extracto seco de Acerola (Vit. C al 25%) 13.33 mg, Ácido Hialurónico 1.67 mg Este producto es distribuido por Inretail Pharma S.A. (Ley 32033) Suplementos Nutricionales Suplementos y Vitaminas Busca tu Marca de Colágeno Ideal Colágenos",,false_no_registro_sanitario
Mifarma,Pack 02 Mujer aguaje curcuma 500mg frasco,Pack 02 Mujer aguaje curcuma 500mg frasco,,74.90,PEN,available,https://www.mifarma.com.pe/producto/pack-02-mujer-aguaje-curcuma-500mg/PACKNT297,PACKNT297,OLEMART,algolia_public_search,2026-06-08T00:46:29.242237+00:00,,Este producto es distribuido por Inretail Pharma S.A. (Ley 32033) Alimentos Naturales Suplementos y Vitaminas Packs de Nutrición y Bienestar Aguaje Antiflamatorio y Antiartrósico,,false_no_registro_sanitario
Mifarma,Pack 02 Demolitor Creatina Con Maca,Pack 02 Demolitor Creatina Con Maca,,69.90,PEN,available,https://www.mifarma.com.pe/producto/pack-02-demolitor-creatina-con-maca/PACKNT598,PACKNT598,DEMOLITOR,algolia_public_search,2026-06-08T00:46:29.242383+00:00,,Este producto es distribuido por Inretail Pharma S.A. (Ley 32033) Promociones en Suplementos y Vitaminas Suplementos Nutricionales Nutrición Deportiva Packs de Nutrición y Bienestar Fitness y Deportivos Creatina más Fuerza en Cada Entrenamiento Deportivos Suplementos Deportivos,,false_no_registro_sanitario
Mifarma,Pack 02 Sunvit Naturals Uña de Gato 350mg,Pack 02 Sunvit Naturals Uña de Gato 350mg,,66.00,PEN,available,https://www.mifarma.com.pe/producto/pack-02-sunvit-naturals-una-de-gato-350mg/PACKNT209,PACKNT209,SUNVIT,algolia_public_search,2026-06-08T00:46:29.243263+00:00,,Polvo deshidratado de corteza de uña de gato y hojas de achiote . No contiene preservantes ni aditivos. Este producto es distribuido por Inretail Pharma S.A. (Ley 32033) Multivitamínicos Suplementos y Vitaminas Packs de Nutrición y Bienestar Antiflamatorio y Antiartrósico Para Adultos,,false_no_registro_sanitario
Mifarma,Svelt Protein Demolitor Sabor fresa,Svelt Protein Demolitor Sabor fresa,,65.90,PEN,available,https://www.mifarma.com.pe/producto/svelt-protein-demolitor-sabor-fresa/303424,303424,DEMOLITOR,algolia_public_search,2026-06-08T00:46:29.243693+00:00,,"Proteína aislada de suero; Péptidos de colágeno; Aguaje; Enzimas digestivas Este producto es distribuido por Inretail Pharma S.A. (Ley 32033) Demolitor es una marca peruana de suplementos nutricionales y alimentos funcionales que ha ganado reconocimiento por su enfoque innovador en el uso de proteínas sostenibles y superalimentos andinos. Demolitor se distingue por su compromiso con la sostenibilidad y la nutrición. Utiliza ingredientes de alto valor nutricional, procesados con tecnología avanzada para asegurar pureza y óptima absorción. Además, sus productos están respaldados por registros en entidades como la FDA, lo que garantiza estándares internacionales de seguridad y eficacia Svelt Protein Demolitor Sabor fresa Svelt Protein es una proteína a base de suero de leche aislada con péptidos de colágeno hidrolizado y potenciado con aguaje, especializada para mujeres y perfecta para complementar rutinas de entrenamiento. Es de rápida asimilación y absorción por la pureza de insumos utilizados y no genera ningún tipo de inchazón. Desarrolla músculo Promueve hidratación de la piel Sin lactosa Aumenta la fuerza 22 g proteína 02 kcal 2.25 lb Potencia el rendimiento físico y la recuperación muscular Fuerza y sudor, con Demolitor Promociones en Suplementos y Vitaminas Fitness y Deportivos Suplementos Deportivos Más Proteinas con Mejores Resultados",,false_no_registro_sanitario
Mifarma,Glutamina Post Entreno DY Nutrition Polvo Oral,Glutamina Post Entreno DY Nutrition Polvo Oral,,64.90,PEN,available,https://www.mifarma.com.pe/producto/glutamina-post-entreno-dy-nutrition-polvo-oral/320070,320070,DY NUTRITION,algolia_public_search,2026-06-08T00:46:29.243856+00:00,,"L-Glutamina (forma libre de aminoácido), Beta-Glucano. Este producto es distribuido por Inretail Pharma S.A. (Ley 32033) Suplementos Nutricionales Nutrición Deportiva Fitness y Deportivos Deportivos Suplementos Deportivos",,false_no_registro_sanitario
Mifarma,Demolitor Creatina Monohidratada con Maca Polvo,Demolitor Creatina Monohidratada con Maca Polvo,,63.90,PEN,available,https://www.mifarma.com.pe/producto/demolitor-creatina-monohidratada-con-maca-polvo/302224,302224,DEMOLITOR,algolia_public_search,2026-06-08T00:46:29.244424+00:00,,"Creatina monohidratada; Maca negra gelatinizada Este producto es distribuido por Inretail Pharma S.A. (Ley 32033) Demolitor es la aliada de quienes buscan superar sus propios límites. Su creatina monohidratada de alta pureza está diseñada para maximizar el rendimiento físico, mejorar la fuerza y acelerar la recuperación muscular. Ideal para deportistas exigentes y amantes del fitness que quieren llevar su entrenamiento al siguiente nivel. Demolitor Creatina Monohidratada con Maca en Polvo La creatina monohidratada con maca negra gelatinizada Demolitor te proporciona energía natural y la fuerza que necesitas para tus entrenamientos. Tiene la capacidad de mejorar el rendimiento durante las jornadas de entrenamiento y potenciar la ganancia muscular. Por otro lado, la maca negra gelatinizada es el booster natural de testosterona más potente que existe, aportando energía sostenida por periodos prolongados de tiempo. Incrementa la resistencia Mejora la recuperación Promueve la síntesis de glucógeno Mejora el rendimiento 300 g y 60 servicios Rinde al máximo Fuerza y sudor, con Demolitor Multivitamínicos Promociones en Suplementos y Vitaminas Creatina más Fuerza en Cada Entrenamiento Para Adultos",,false_no_registro_sanitario
Mifarma,Pack 02 Aceite de Coco Virgen Helty 350 ML,Pack 02 Aceite de Coco Virgen Helty 350 ML,,62.90,PEN,available,https://www.mifarma.com.pe/producto/pack-02-aceite-de-coco-virgen-helty-350-ml/PACKNT197,PACKNT197,HELTY,algolia_public_search,2026-06-08T00:46:29.244602+00:00,,100% aceite de coco. Sin lactosa. Sin gluten. Sin azúcar. Sin preservantes. Este producto es distribuido por Inretail Pharma S.A. (Ley 32033) Suplementos Nutricionales Packs de Nutrición y Bienestar Naturales,,false_no_registro_sanitario
Mifarma,Pack 02 Magnesol Kids Polvo para Solución Oral Sabor Fresa,Pack 02 Magnesol Kids Polvo para Solución Oral Sabor Fresa,,62.50,PEN,available,https://www.mifarma.com.pe/producto/pack-02-magnesol-kids-polvo-para-solucion-fresa/PACKNT708,PACKNT708,VIDA SOL,algolia_public_search,2026-06-08T00:46:29.244756+00:00,,Citrato de Magnesio 69.48 mg Lactato de Zinc 2.12 mg Este producto es distribuido por Inretail Pharma S.A. (Ley 32033) Suplementos y Vitaminas Packs de Nutrición y Bienestar Lo más Buscado en Citrato y Glicinato de Magnesio,,false_no_registro_sanitario
Mifarma,Pack 02 Sunvit Naturals Cúrcuma Cápsula,Pack 02 Sunvit Naturals Cúrcuma Cápsula,,60.80,PEN,available,https://www.mifarma.com.pe/producto/pack-02-sunvit-naturals-curcuma-capsula/PACKNT394,PACKNT394,SUNVIT,algolia_public_search,2026-06-08T00:46:29.245341+00:00,,Cúrcuma molida Este producto es distribuido por Inretail Pharma S.A. (Ley 32033) Suplementos y Vitaminas Packs de Nutrición y Bienestar Antiflamatorio y Antiartrósico,,false_no_registro_sanitario
Mifarma,Mujer aguaje Colágeno hidrolizado Premium,Mujer aguaje Colágeno hidrolizado Premium,,59.90,PEN,available,https://www.mifarma.com.pe/producto/mujer-aguaje-colageno-hidrolizado-premium/304635,304635,MUJER AGUAJE,algolia_public_search,2026-06-08T00:46:29.245481+00:00,,Colágeno hidrolizado 100% Puro Este producto es distribuido por Inretail Pharma S.A. (Ley 32033) Suplementos Nutricionales Suplementos y Vitaminas Busca tu Marca de Colágeno Ideal,,false_no_registro_sanitario
Mifarma,Mujer Aguaje Colágeno Mora 500 Gr,Mujer Aguaje Colágeno Mora 500 Gr,,59.90,PEN,available,https://www.mifarma.com.pe/producto/mujer-aguaje-colageno-mora-500-gr/302146,302146,BIOLOGISTICA PERÚ,algolia_public_search,2026-06-08T00:46:29.245615+00:00,,Este producto es distribuido por Inretail Pharma S.A. (Ley 32033) Alimentos Naturales Nutrición Deportiva Suplementos y Vitaminas Energizantes Naturales Busca tu Marca de Colágeno Ideal Maca,,false_no_registro_sanitario
Mifarma,Pack 02 Gomix Zinc Sabor Fresa,Pack 02 Gomix Zinc Sabor Fresa,,59.90,PEN,available,https://www.mifarma.com.pe/producto/pack-02-gomix-zinc-fresa/PACKNT77,PACKNT77,GCA TRADING,algolia_public_search,2026-06-08T00:46:29.245787+00:00,,"Gelatina de fresa, gelatina neutra, glucosa, almidón de yuca, azúcar, ácido cítrico, sorbato de potasio, color rojo allura, zinc (citrato de zinc), sabor a fresa, agua tratada. Este producto es distribuido por Inretail Pharma S.A. (Ley 32033) Minerales Sistema Sanguíneo Suplementos y Vitaminas Packs de Nutrición y Bienestar Antianémicos Gomitas Funcionales para Todo Zinc",,false_no_registro_sanitario
Mifarma,Creatina Monohidratada DY Nutrition Polvo Oral,Creatina Monohidratada DY Nutrition Polvo Oral,,56.90,PEN,available,https://www.mifarma.com.pe/producto/creatina-monohidratada-dy-nutrition-polvo-oral/319986,319986,DY NUTRITION,algolia_public_search,2026-06-08T00:46:29.246483+00:00,,100% monohidrato de creatina (sin sabor) Este producto es distribuido por Inretail Pharma S.A. (Ley 32033) Promociones en Suplementos y Vitaminas Suplementos Nutricionales Nutrición Deportiva Fitness y Deportivos Creatina más Fuerza en Cada Entrenamiento Deportivos Suplementos Deportivos,,false_no_registro_sanitario
Mifarma,Androflam 160 mg Cápsulas Blandas,Androflam 160 mg Cápsulas Blandas,,55.90,PEN,available,https://www.mifarma.com.pe/producto/androflam-160-mg-capsulas-blandas/305258,305258,SANIMED,algolia_public_search,2026-06-08T00:46:29.247105+00:00,,Cada cápsula blanda contiene: Extracto del aceite de Saw Palmetto (Estandarizado al 85 - 95 % de ácidos grasos totales) 160 mg Este producto es distribuido por Inretail Pharma S.A. (Ley 32033) Sistema Renal/ Reproductor Suplementos Nutricionales Problemas Reproductor Masculino Naturales,,false_no_registro_sanitario
Mifarma,Vitagel Colágeno Hidrolizado Fortiflex Polvo,Vitagel Colágeno Hidrolizado Fortiflex Polvo,E122,54.90,PEN,available,https://www.mifarma.com.pe/producto/vitagel-colageno-hidrolizado-fortiflex-polvo-/546054,546054,VITAGEL,algolia_public_search,2026-06-08T00:46:29.247365+00:00,,"Colágeno hidrolizado (93.6%), acidificante (ácido cítrico) (2.0%), aromas (contiene lactosa), fosfato de calcio, polvo de fruta de saúco (maltodextrina, concentrado de saúco, ácido cítrico, jarabe de azúcar carmín) (0.8%), carbonato de magnesio, endulzante (Ciclamato de sodio, aspartame, sacarina), ácido L-ascórbico, acetato de D-alfa tocoferol, colorantes (E122, E160a), nicotinamida, D-pantoténico de calcio, clorhidrato de piridoxina, mononitrato de tiamina, riboflavina, acido pteroil monoglutámico, D-biotina, cianocobalamina. Libre de manipulación (EG-VO 1829/2003 y 1830/2003) genética Este producto es distribuido por Inretail Pharma S.A. (Ley 32033) Suplementos Nutricionales Suplementos y Vitaminas Busca tu Marca de Colágeno Ideal Colágenos",page_or_detail_regex,false_no_component_match
Mifarma,Pack 02 Sunvit Valerian Root 500 mg Cápsula,Pack 02 Sunvit Valerian Root 500 mg Cápsula,,53.70,PEN,available,https://www.mifarma.com.pe/producto/pack-02-sunvit-valerian-root-500-mg-capsula/PACKNT401,PACKNT401,SUNVIT,algolia_public_search,2026-06-08T00:46:29.247542+00:00,,Cada cápsula contiene: Valeriana (valeriana officinalis) (raíz).....500 mg Este producto es distribuido por Inretail Pharma S.A. (Ley 32033) Multivitamínicos Suplementos y Vitaminas Packs de Nutrición y Bienestar Ayuda a Relajarte y Dormir Mejor Para Adultos,,false_no_registro_sanitario
Mifarma,Mujer aguaje Colágeno hidrolizado Premium,Mujer aguaje Colágeno hidrolizado Premium,,51.90,PEN,available,https://www.mifarma.com.pe/producto/mujer-aguaje-colageno-hidrolizado-premium/304633,304633,MUJER AGUAJE,algolia_public_search,2026-06-08T00:46:29.247673+00:00,,Colágeno hidrolizado 100% Puro Este producto es distribuido por Inretail Pharma S.A. (Ley 32033) Suplementos Nutricionales Suplementos y Vitaminas Busca tu Marca de Colágeno Ideal,,false_no_registro_sanitario
Mifarma,Pack 02 Sunvit Folic Acid 400mcg,Pack 02 Sunvit Folic Acid 400mcg,,50.00,PEN,available,https://www.mifarma.com.pe/producto/pack-02-sunvit-folic-acid-400mcg/PACKNT203,PACKNT203,SUNVIT,algolia_public_search,2026-06-08T00:46:29.247962+00:00,,Folato 666.6 mcg DFE Este producto es distribuido por Inretail Pharma S.A. (Ley 32033) Suplemento dietético Vitaminas y Suplementos Vitaminas Suplementos y Vitaminas Packs de Nutrición y Bienestar Vitamina B-Complejo B B6 y B12 Vitamina B Ácido Fólico,,false_no_registro_sanitario
Mifarma,Pack 2 NutraStevia con Colágeno,Pack 2 NutraStevia con Colágeno,,47.90,PEN,available,https://www.mifarma.com.pe/producto/pack-2-nutrastevia-con-colageno/PACKNT178,PACKNT178,NUTRASTEVIA,algolia_public_search,2026-06-08T00:46:29.248334+00:00,,"Hojas de stevia en polvo, colágeno hidrolizado en polvo de origen bovino y antiaglutinante (SIN 551). Este producto es distribuido por Inretail Pharma S.A. (Ley 32033) Dietas Suplementos Nutricionales Nutrición Deportiva Packs de Nutrición y Bienestar Fitness y Deportivos Suplementos Dietéticos Dietéticos Edulcorante",,false_no_registro_sanitario
Mifarma,Gomitas Nutricionales para Adulto Natural Gummies Aguaje + Soya,Gomitas Nutricionales para Adulto Natural Gummies Aguaje + Soya,,47.90,PEN,available,https://www.mifarma.com.pe/producto/gomitas-para-adulto-natural-gummies-aguaje-soya/307380,307380,NATURAL GUMMIES,algolia_public_search,2026-06-08T00:46:29.248516+00:00,,"Maltitol líquido, Sorbitol, Agua, Gelatina; Eritritol; Ácido Cítrico,Aguaje (Regulador de acidez); Soya en polvo (textura); ColoranteNatural: Rojo Proveniente del maíz Morado 100 mg/kg SaborizanteNatural. Cereza. Este producto es distribuido por Inretail Pharma S.A. (Ley 32033) Multivitamínicos Suplementos y Vitaminas Gomitas Funcionales para Todo Para Adultos",,false_no_registro_sanitario
Mifarma,Vinagre Manzana Natural Gummies con Sabor a Manzana Natural,Vinagre Manzana Natural Gummies con Sabor a Manzana Natural,,47.90,PEN,available,https://www.mifarma.com.pe/producto/vinagre-manzana-natural-gummies-manzana-natural/307175,307175,NATURAL BUSINESS,algolia_public_search,2026-06-08T00:46:29.248784+00:00,,"Jarabe de Maltitol; Sorbitol, Agua; Eritritol; Sidra de Vinagre de Manzana Madre; Ácido Cítrico, Fibra de Inulina; Colorante Natural: Amarillo proveniente de la Cúrcuma (75 mg/kg). Azul de Huito (20 mg/kg) Saborizante Natural. Manzana. Jarabe de Maltitol; Sorbitol, Agua; Eritritol; Sidra de Vinagre de Manzana Madre; Ácido Cítrico, Fibra de Inulina; Colorante Natural: Amarillo proveniente de la Cúrcuma (75 mg/kg). Azul de Huito (20 mg/kg) Saborizante Natural. Manzana. Jarabe de Maltitol; Sorbitol, Agua; Eritritol; Sidra de Vinagre de Manzana Madre; Ácido Cítrico, Fibra de Inulina; Colorante Natural: Amarillo proveniente de la Cúrcuma (75 mg/kg). Azul de Huito (20 mg/kg) Saborizante Natural. Manzana. Multivitamínicos Suplementos / Complementos Adulto Para Niños",,false_no_registro_sanitario
Mifarma,Cúrcuma + Pimienta Negra Natural Gummies Sabor Tutti Fruti,Cúrcuma + Pimienta Negra Natural Gummies Sabor Tutti Fruti,,47.90,PEN,available,https://www.mifarma.com.pe/producto/curcuma-pimienta-negra-natural-gummies-tutti-fruti/307157,307157,NATURAL BUSINESS,algolia_public_search,2026-06-08T00:46:29.248978+00:00,,"Jarabe de Maltitol; Sorbitol; Agua; Eritritol; Ácido Cítrico, Cúrcuma; Pimienta Negra. Saborizante: Tutty Fruty Jarabe de Maltitol; Sorbitol; Agua; Eritritol; Ácido Cítrico, Cúrcuma; Pimienta Negra. Saborizante: Tutty Fruty Jarabe de Maltitol; Sorbitol; Agua; Eritritol; Ácido Cítrico, Cúrcuma; Pimienta Negra. Saborizante: Tutty Fruty Multivitamínicos Suplementos / Complementos Suplementos y Vitaminas Antiflamatorio y Antiartrósico Adulto Gomitas Funcionales para Todo Para Niños",,false_no_registro_sanitario
Mifarma,Colágeno + Biotina + Camu Camu Natural Gummies Sabor Mango,Colágeno + Biotina + Camu Camu Natural Gummies Sabor Mango,E-330,47.90,PEN,available,https://www.mifarma.com.pe/producto/colageno-biotina-camu-camu-natural-gummies-mango/307156,307156,NATURAL BUSINESS,algolia_public_search,2026-06-08T00:46:29.249232+00:00,,"Jarabe de Maltitol; Sorbitol, Gelatina; Eritritol; Agua Extracto de Camú Camú; Colágeno; Biotina; Ácido Cítrico, SIN (E-330). Saborizante Natural a Mango; Colorante Natrural; Amarillo Proveniente de la Curcuma. Jarabe de Maltitol; Sorbitol, Gelatina; Eritritol; Agua Extracto de Camú Camú; Colágeno; Biotina; Ácido Cítrico, SIN (E-330). Saborizante Natural a Mango; Colorante Natrural; Amarillo Proveniente de la Curcuma. Jarabe de Maltitol; Sorbitol, Gelatina; Eritritol; Agua Extracto de Camú Camú; Colágeno; Biotina; Ácido Cítrico, SIN (E-330). Saborizante Natural a Mango; Colorante Natrural; Amarillo Proveniente de la Curcuma. Multivitamínicos Suplementos / Complementos Suplementos y Vitaminas Adulto Gomitas Funcionales para Todo Para Niños",page_or_detail_regex,false_no_component_match
Mifarma,MyProtein L-Glutamina Polvo,MyProtein L-Glutamina Polvo,,47.20,PEN,available,https://www.mifarma.com.pe/producto/myprotein-l-glutamina-polvo/307218,307218,MYPROTEIN,algolia_public_search,2026-06-08T00:46:29.249381+00:00,,"L Glutamina (100%) ALÉRGENOS: También puede contener soja, leche y huevo Este producto es distribuido por Inretail Pharma S.A. (Ley 32033) Suplementos Nutricionales Nutrición Deportiva Fitness y Deportivos Deportivos Suplementos Deportivos",,false_no_registro_sanitario
Mifarma,Omega Power 60 Cápsulas Blandas Mujer Aguaje,Omega Power 60 Cápsulas Blandas Mujer Aguaje,,47.00,PEN,available,https://www.mifarma.com.pe/producto/omega-power-60-capsulas-blandas-mujer-aguaje/308832,308832,OLEMART,algolia_public_search,2026-06-08T00:46:29.249521+00:00,,ACEITE DE SACHA INCHI Este producto es distribuido por Inretail Pharma S.A. (Ley 32033) Suplementos Nutricionales Suplementos y Vitaminas Omega 3-Fish Oil Naturales,,false_no_registro_sanitario
Mifarma,Gomitas Nutricionales para Adulto Natural Gummies Arándanos,Gomitas Nutricionales para Adulto Natural Gummies Arándanos,E-330,45.90,PEN,available,https://www.mifarma.com.pe/producto/gomitas-para-adulto-natural-gummies-arandanos/306856,306856,NATURAL GUMMIES,algolia_public_search,2026-06-08T00:46:29.249687+00:00,,"Jarabe de Maltitol, Sorbitol, Agua; Gelatina; Eritritol; Extracto de Arándano;Extracto de Cranberry; Ácido Cítrico, SIN (E-330), (9 gr/kg). SaborizanteNatural Arándano. Este producto es distribuido por Inretail Pharma S.A. (Ley 32033) Multivitamínicos Suplementos y Vitaminas Gomitas Funcionales para Todo Para Adultos",page_or_detail_regex,false_no_component_match
Mifarma,Ciruela + Pitahaya Natural Gummies Sabor Fresa,Ciruela + Pitahaya Natural Gummies Sabor Fresa,,45.50,PEN,available,https://www.mifarma.com.pe/producto/ciruela-pitahaya-natural-gummies-fresa/307174,307174,NATURAL BUSINESS,algolia_public_search,2026-06-08T00:46:29.249925+00:00,,"Jarabe de Maltitol; Sorbitol; Agua, Eritritol Extracto de Ciruela; Extracto de Pitahaya; Ácido Cítrico, Inulina, Colorante Natural: Rojo proveniente del Maiz Morado (100 mg/kg).Saborizante Natural. Fresa. Jarabe de Maltitol; Sorbitol; Agua, Eritritol Extracto de Ciruela; Extracto de Pitahaya; Ácido Cítrico, Inulina, Colorante Natural: Rojo proveniente del Maiz Morado (100 mg/kg).Saborizante Natural. Fresa. Jarabe de Maltitol; Sorbitol; Agua, Eritritol Extracto de Ciruela; Extracto de Pitahaya; Ácido Cítrico, Inulina, Colorante Natural: Rojo proveniente del Maiz Morado (100 mg/kg).Saborizante Natural. Fresa. Multivitamínicos Suplementos / Complementos Suplementos y Vitaminas Adulto Gomitas Funcionales para Todo Para Niños",,false_no_registro_sanitario
Mifarma,Vitagel Colágeno Polvo - Caja 15 UN,Vitagel Colágeno Polvo - Caja 15 UN,,44.90,PEN,available,https://www.mifarma.com.pe/producto/colageno-vitagel-polvo/529004,529004,VITAGEL,algolia_public_search,2026-06-08T00:46:29.250547+00:00,,Este producto es distribuido por Inretail Pharma S.A. (Ley 32033) Suplementos Nutricionales Suplementos y Vitaminas Busca tu Marca de Colágeno Ideal Colágenos,,false_no_registro_sanitario
Mifarma,Ciruelax Jalea Laxante Natural - Pote 300 G,Ciruelax Jalea Laxante Natural - Pote 300 G,DE-110,42.50,PEN,available,https://www.mifarma.com.pe/producto/ciruelax-jalea-laxante-natural/138927,138927,CIRUELAX,algolia_public_search,2026-06-08T00:46:29.251494+00:00,,"Polvo de hojas de Cassia angustifolia Vahl 4,4 g (Equivalente a no menos de 110 mg de Senósidos B)Polvo de frutos de Cassia acutifolia D 2,2 g (Equivalente a no menos de 74,8 mg de Senósidos B)Pulpa de ciruela 13,8 gPulpa de manzana 23,8 gSemilla de linaza 2,5 g Este producto es distribuido por Inretail Pharma S.A. (Ley 32033) Suplementos Nutricionales Sistema digestivo Laxantes Naturales",page_or_detail_regex,false_no_component_match
Mifarma,Pack 02 Fitness Te Premium Botanicals,Pack 02 Fitness Te Premium Botanicals,,41.90,PEN,available,https://www.mifarma.com.pe/producto/pack-02-Fitness-te-premium-botanicals/PACKNT265,PACKNT265,BOTANICAL'S,algolia_public_search,2026-06-08T00:46:29.251933+00:00,,Este producto es distribuido por Inretail Pharma S.A. (Ley 32033) Suplementos Nutricionales Infusiones Naturales Nutrición Deportiva Packs de Nutrición y Bienestar Fitness y Deportivos Suplementos Dietéticos Infusiones Reductores Dietéticos Adelgazantes Naturales,,false_no_registro_sanitario
Mifarma,Pack 02 Fitness Té Green Seng Filtrante,Pack 02 Fitness Té Green Seng Filtrante,,41.90,PEN,available,https://www.mifarma.com.pe/producto/pack-2-te-fitness-premium-green-seng-filtrante/PACKNT264,PACKNT264,BOTANICALS,algolia_public_search,2026-06-08T00:46:29.252167+00:00,,"Este producto es distribuido por Inretail Pharma S.A. (Ley 32033) Green Seng es una combinación de hierbas del mundo, agradable y que cumplirá su objetivo porque adelgaza y adelgaza bien. Botanicals: Es una marca internacional usada para identificar productos naturales de calidad, los mismos que cumpliendo con altos estándares de seguridad en los procesos de clasificación, selección y elaboración, invitan a compartir lo natural en forma dietética y efectiva. Suplementos Nutricionales Infusiones Naturales Nutrición Deportiva Packs de Nutrición y Bienestar Fitness y Deportivos Suplementos Dietéticos Infusiones Reductores Dietéticos Adelgazantes Naturales",,false_no_registro_sanitario
Mifarma,Gomitas Gummix Aguaje Femenino Sabor Cereza,Gomitas Gummix Aguaje Femenino Sabor Cereza,,39.90,PEN,available,https://www.mifarma.com.pe/producto/gomita-a-base-de-jugo-de-aguaje-con-maca-rojo/318143,318143,GUMMIX,algolia_public_search,2026-06-08T00:46:29.254301+00:00,,"Jugo de aguaje, fibra dietaria soluble FOS, alulosa, agua purificada, gelatina bovina, antioxidante (SIN 330), maca roja, arginina, ginseng, sabor natural cereza, colorante natural (rojo allura AC SIN 129). [Agente de Glaseado (SIN903), Aceite Vegetal (Palma y coco). Este producto es distribuido por Inretail Pharma S.A. (Ley 32033) Gummix combina sabor, bienestar y nutrición en cada gomita. Su línea de suplementos ofrece una forma práctica, deliciosa y divertida de cuidar tu cuerpo todos los días. Con fórmulas enriquecidas con vitaminas, minerales y extractos naturales, Gummix convierte tu rutina de bienestar en un momento que disfrutarás. Gomitas Gummix Aguaje Femenino Sabor Cereza Suplemento en gomitas diseñado especialmente para acompañar a la mujer en la etapa de menopausia, ayudándola a reconectar con su bienestar: equilibrio hormonal y vitalidad sexual. Su fórmula combina aguaje atomizado, maca roja, ginseng y L-Arginina. Bienestar que se disfruta, nutrición que se siente Descubre el poder de las vitaminas con Gummix y encuentra tu equilibrio con Inkafarma. Multivitamínicos Suplementos y Vitaminas Gomitas Funcionales para Todo Para Adultos",,false_no_registro_sanitario
Mifarma,Pack 02 Aceite de Coco Virgen Helty 200 ML,Pack 02 Aceite de Coco Virgen Helty 200 ML,,39.90,PEN,available,https://www.mifarma.com.pe/producto/pack-02-aceite-de-coco-virgen-helty-200-ml/PACKNT196,PACKNT196,HELTY,algolia_public_search,2026-06-08T00:46:29.254893+00:00,,100% aceite de coco. Sin lactosa. Sin gluten. Sin azúcar. Sin preservantes. Este producto es distribuido por Inretail Pharma S.A. (Ley 32033) Suplementos Nutricionales Packs de Nutrición y Bienestar Naturales,,false_no_registro_sanitario
Mifarma,More Kids Calm Chill Gomita Sabor Arándano,More Kids Calm Chill Gomita Sabor Arándano,,34.50,PEN,available,https://www.mifarma.com.pe/producto/more-kids-calm-chill-gomita-sabor-arandano/319539,319539,MORE,algolia_public_search,2026-06-08T00:46:29.255453+00:00,,"Agua, Emulsionantes: SIN 965(i)) y SIN 965(ii), Gelatina, Azúcar, sulfato de magnesio (fuente de magnesio), Regulador de acidez: SIN 330, toronjil, manzanilla, Saborizante a arándano, Sustancia conservadora: SIN 202, Edulcorante: SIN 955 y Colorante: SIN 133. Este producto es distribuido por Inretail Pharma S.A. (Ley 32033) Caramelo blando con gelatina sabor arándano con Magnesio, Toronjil y Manzanilla. 1. Mejora la calidad del sueño. 2. Disminuye la ansiedad y el estrés. 3.Es antiflamatorio y digestivo. 4.Refuerza el sistema nervioso. 5.Alivia la inquietud e irritabilidad. Multivitamínicos Suplementos y Vitaminas Lo más Buscado en Citrato y Glicinato de Magnesio Gomitas Funcionales para Todo Para Niños",,false_no_registro_sanitario
Mifarma,Sunvit Nat Uña de gato+Achiote 350mg cápsulas,Sunvit Nat Uña de gato+Achiote 350mg cápsulas,,34.30,PEN,available,https://www.mifarma.com.pe/producto/sunvit-nat-una-de-gato-achiote-350mg-capsulas/816577,816577,SUNVIT,algolia_public_search,2026-06-08T00:46:29.255630+00:00,,Polvo deshidratado de corteza de uña de gato y hojas de achiote . No contiene preservantes ni aditivos. Este producto es distribuido por Inretail Pharma S.A. (Ley 32033) Multivitamínicos Suplementos y Vitaminas Antiflamatorio y Antiartrósico Para Adultos,,false_no_registro_sanitario
Mifarma,Helty Aceite de coco virgen 350ml,Helty Aceite de coco virgen 350ml,,32.90,PEN,available,https://www.mifarma.com.pe/producto/helty-aceite-de-coco-virgen-350ml/816952,816952,HELTY,algolia_public_search,2026-06-08T00:46:29.256384+00:00,,100% aceite de coco. Sin lactosa. Sin gluten. Sin azúcar. Sin preservantes. Este producto es distribuido por Inretail Pharma S.A. (Ley 32033) Suplementos Nutricionales Naturales,,false_no_registro_sanitario
Mifarma,Gomix Sleep Caramelos Blandos,Gomix Sleep Caramelos Blandos,,30.90,PEN,available,https://www.mifarma.com.pe/producto/gomix-sleep-caramelos-blandos/306569,306569,GOMIX,algolia_public_search,2026-06-08T00:46:29.257044+00:00,,Consumir 1 o 2 caramelos blandos una hora antes de dormir. Este producto es distribuido por Inretail Pharma S.A. (Ley 32033) Suplementos Nutricionales Suplementos y Vitaminas Ayuda a Relajarte y Dormir Mejor,,false_no_registro_sanitario
Mifarma,Mujer Aguaje Colágeno Hidrolizado Camu Camu,Mujer Aguaje Colágeno Hidrolizado Camu Camu,,29.90,PEN,available,https://www.mifarma.com.pe/producto/mujer-aguaje-colageno-hidrolizado-camu-camu/306576,306576,OLEMART,algolia_public_search,2026-06-08T00:46:29.257164+00:00,,Este producto es distribuido por Inretail Pharma S.A. (Ley 32033) Suplementos Nutricionales Suplementos y Vitaminas Busca tu Marca de Colágeno Ideal Colágenos,,false_no_registro_sanitario
Mifarma,Sweetener Onza Endulzante Con Sucralosa Polvo,Sweetener Onza Endulzante Con Sucralosa Polvo,,27.90,PEN,available,https://www.mifarma.com.pe/producto/sweetener-onza-endulzante-con-sucralosa-polvo/800029,800029,ONZA,algolia_public_search,2026-06-08T00:46:29.257287+00:00,,Este producto es distribuido por Inretail Pharma S.A. (Ley 32033) Dietas Suplementos Nutricionales Nutrición Deportiva Fitness y Deportivos Suplementos Dietéticos Dietéticos Edulcorante,,false_no_registro_sanitario
Mifarma,Sunvit Valerian Root 500 mg Cápsula,Sunvit Valerian Root 500 mg Cápsula,,27.90,PEN,available,https://www.mifarma.com.pe/producto/sunvit-valerian-root-500-mg-capsula/816512,816512,SUNVIT,algolia_public_search,2026-06-08T00:46:29.257424+00:00,,Cada cápsula contiene: Valeriana (valeriana officinalis) (raíz).....500 mg Este producto es distribuido por Inretail Pharma S.A. (Ley 32033) Multivitamínicos Suplementos y Vitaminas Ayuda a Relajarte y Dormir Mejor Para Adultos,,false_no_registro_sanitario
Mifarma,Stevia Onza Endulzante Best Quality Polvo,Stevia Onza Endulzante Best Quality Polvo,,26.90,PEN,available,https://www.mifarma.com.pe/producto/stevia-onza-endulzante-best-quality-polvo/800034,800034,ONZA,algolia_public_search,2026-06-08T00:46:29.257563+00:00,,Este producto es distribuido por Inretail Pharma S.A. (Ley 32033) Dietas Suplementos Nutricionales Nutrición Deportiva Fitness y Deportivos Suplementos Dietéticos Dietéticos Edulcorante,,false_no_registro_sanitario
Mifarma,Stevia Onza Endulzante Best Quality Polvo,Stevia Onza Endulzante Best Quality Polvo,,24.90,PEN,available,https://www.mifarma.com.pe/producto/stevia-onza-endulzante-best-quality-polvo/800038,800038,ONZA,algolia_public_search,2026-06-08T00:46:29.257687+00:00,,Este producto es distribuido por Inretail Pharma S.A. (Ley 32033) Dietas Suplementos Nutricionales Nutrición Deportiva Fitness y Deportivos Suplementos Dietéticos Dietéticos Edulcorante,,false_no_registro_sanitario
Mifarma,Nutrastevia con colágeno,Nutrastevia con colágeno,,24.90,PEN,available,https://www.mifarma.com.pe/producto/nutrastevia-con-colageno/302021,302021,NUTRASTEVIA,algolia_public_search,2026-06-08T00:46:29.257839+00:00,,"Hojas de stevia en polvo, colágeno hidrolizado en polvo de origen bovino y antiaglutinante (SIN 551). Este producto es distribuido por Inretail Pharma S.A. (Ley 32033) Dietas Suplementos Nutricionales Nutrición Deportiva Fitness y Deportivos Suplementos Dietéticos Dietéticos Edulcorante",,false_no_registro_sanitario
Mifarma,Stevia Helty - Pote 150 G,Stevia Helty - Pote 150 G,,23.90,PEN,available,https://www.mifarma.com.pe/producto/stevia-helty/526201,526201,HELTY,algolia_public_search,2026-06-08T00:46:29.258039+00:00,,"Este producto es distribuido por Inretail Pharma S.A. (Ley 32033) Producto obtenido de la hoja de STEVIA (Stevia rebaudiana), cultivada y producida en el Perú. La Stevia es una planta muy conocida como endulzante natural porque posee un sabor dulce en sus hojas debido a su alto contenido de glucósidos llamado esteviosidos, que es más dulce que la sacarosa, No contiene calorías. Dietas Suplementos Nutricionales Nutrición Deportiva Fitness y Deportivos Suplementos Dietéticos Dietéticos Edulcorante",,false_no_registro_sanitario
Mifarma,Ciruelax Jalea - Pote 150 G,Ciruelax Jalea - Pote 150 G,DE-110,22.90,PEN,available,https://www.mifarma.com.pe/producto/ciruelax-jalea/213940,213940,CIRUELAX,algolia_public_search,2026-06-08T00:46:29.258237+00:00,,"Polvo de hojas de Cassia angustifolia Vahl 4,4 g(Equivalente a no menos de 110 mg de Senósidos B) Polvo de frutos de Cassia acutifolia D 2,2 g(Equivalente a no menos de 74,8 mg de Senósidos B) Pulpa de ciruela 13,8 gPulpa de manzana 23,8 gSemilla de linaza 2,5 g Este producto es distribuido por Inretail Pharma S.A. (Ley 32033) Suplementos Nutricionales Sistema digestivo Laxantes Naturales",page_or_detail_regex,false_no_component_match
Mifarma,Stevia Onza Pura Endulzante Polvo,Stevia Onza Pura Endulzante Polvo,,21.90,PEN,available,https://www.mifarma.com.pe/producto/stevia-onza-pura-endulzante-polvo/800041,800041,ONZA,algolia_public_search,2026-06-08T00:46:29.258365+00:00,,Este producto es distribuido por Inretail Pharma S.A. (Ley 32033) Dietas Suplementos Nutricionales Nutrición Deportiva Fitness y Deportivos Suplementos Dietéticos Dietéticos Edulcorante,,false_no_registro_sanitario
Mifarma,Helty Aceite de coco virgen 200ml,Helty Aceite de coco virgen 200ml,,20.90,PEN,available,https://www.mifarma.com.pe/producto/helty-aceite-de-coco-virgen-200ml/816950,816950,HELTY,algolia_public_search,2026-06-08T00:46:29.258504+00:00,,100% aceite de coco. Sin lactosa. Sin gluten. Sin azúcar. Sin preservantes. Este producto es distribuido por Inretail Pharma S.A. (Ley 32033) Suplementos Nutricionales Naturales,,false_no_registro_sanitario
Mifarma,Stevia Helty Sobres - Caja 100 UN,Stevia Helty Sobres - Caja 100 UN,,16.90,PEN,available,https://www.mifarma.com.pe/producto/stevia-helty-sobres/538578,538578,HELTY,algolia_public_search,2026-06-08T00:46:29.258685+00:00,,"MALTODEXTRINA , DEXTROSA , HOJA STEVIA Este producto es distribuido por Inretail Pharma S.A. (Ley 32033) Gracias a sus propiedades ayuda a reducir los niveles de presión arterial en los hipertensos. Las hojas de la Stevia funcionan como antioxidante siendo 7 veces más fuerte que el té verde. Dietas Suplementos Nutricionales Nutrición Deportiva Fitness y Deportivos Suplementos Dietéticos Dietéticos Edulcorante",,false_no_registro_sanitario
Mifarma,Stevia Onza Pura Endulzante Polvo,Stevia Onza Pura Endulzante Polvo,,13.50,PEN,available,https://www.mifarma.com.pe/producto/stevia-onza-pura-endulzante-polvo/800042,800042,ONZA,algolia_public_search,2026-06-08T00:46:29.258811+00:00,,Este producto es distribuido por Inretail Pharma S.A. (Ley 32033) Dietas Suplementos Nutricionales Nutrición Deportiva Fitness y Deportivos Suplementos Dietéticos Dietéticos Edulcorante,,false_no_registro_sanitario
Mifarma,Pack 02 Kevin Levrone 100% Creatina Monohidratada,Pack 02 Kevin Levrone 100% Creatina Monohidratada,,89.90,PEN,available,https://www.mifarma.com.pe/producto/pack-02-kevin-levrone-100-creatina-monohidratada/PACKNT309,PACKNT309,FITNESS AUTHORITY,algolia_public_search,2026-06-08T00:46:29.259373+00:00,,Creatina Monohidrato 2.5g Este producto es distribuido por Inretail Pharma S.A. (Ley 32033) Multivitamínicos Promociones en Suplementos y Vitaminas Packs de Nutrición y Bienestar Creatina más Fuerza en Cada Entrenamiento Para Adultos,,false_no_registro_sanitario
Mifarma,Pack 02 Colágeno Hidrolizado Cartílago de Tiburón Mujer Aguaje,Pack 02 Colágeno Hidrolizado Cartílago de Tiburón Mujer Aguaje,,54.90,PEN,available,https://www.mifarma.com.pe/producto/pack-2-colageno-hidrolizado-tiburon-mujer-aguaje/PACKNT497,PACKNT497,MUJER AGUAJE,algolia_public_search,2026-06-08T00:46:29.259694+00:00,,"Colágeno, Camu Camu, Cartílago de Tiburón, Calcio, Magnesio y Zinc. Este producto es distribuido por Inretail Pharma S.A. (Ley 32033) Suplementos Nutricionales Suplementos y Vitaminas Packs de Nutrición y Bienestar Busca tu Marca de Colágeno Ideal Colágenos",,false_no_registro_sanitario
Mifarma,Lipo 6 Black Nutrex Ultraconcentrado Cápsulas,Lipo 6 Black Nutrex Ultraconcentrado Cápsulas,,89.90,PEN,available,https://www.mifarma.com.pe/producto/lipo-6-black-ultra-concentrate/816237,816237,NUTREX,algolia_public_search,2026-06-08T00:46:29.259863+00:00,,"Vitamina B12 (como cianocobalamina) Cromo (como picolinato de cromo) Cafeina anhidra Extracto de guarana (paullinia cupana, semillas) Teobromina (extracto de cacao) Este producto es distribuido por Inretail Pharma S.A. (Ley 32033) Quemador de grasa. Suplementos Nutricionales Nutrición Deportiva Fitness y Deportivos Suplementos Dietéticos Dietéticos Adelgazantes Naturales",,false_no_registro_sanitario
Mifarma,Pack Demolitor Iso Protein Vainilla + Creatina Con Maca,Pack Demolitor Iso Protein Vainilla + Creatina Con Maca,,177.00,PEN,available,https://www.mifarma.com.pe/producto/pack-demolitor-iso-protein-vainilla-creatina-maca/PACKNT593,PACKNT593,DEMOLITOR,algolia_public_search,2026-06-08T00:46:29.260245+00:00,,Demolitor Creatina Monohidratada con Maca Polvo: Creatina monohidratada 4g Maca negra gelatinizada 1g Este producto es distribuido por Inretail Pharma S.A. (Ley 32033) Promociones en Suplementos y Vitaminas Suplementos Nutricionales Nutrición Deportiva Packs de Nutrición y Bienestar Fitness y Deportivos Deportivos Suplementos Deportivos Más Proteinas con Mejores Resultados,,false_no_registro_sanitario
Mifarma,EAA Kevin Levrone Fruit Punch Polvo Oral,EAA Kevin Levrone Fruit Punch Polvo Oral,,89.00,PEN,available,https://www.mifarma.com.pe/producto/eaa-kevin-levrone-fruit-punch-polvo-oral/319514,319514,KEVIN LEVRONE,algolia_public_search,2026-06-08T00:46:29.261333+00:00,,"L-Leucina 918 mg L-Isoleucina 442 mg L-Valina 518 mg L-lisina HCL 1199 mg L-Treonina 667 mg L-Fenilalanina 500 mg L-metionina 432 mg L-Histidina 100 mg L-triptófano 77 mg Excipientes c.s.p Este producto es distribuido por Inretail Pharma S.A. (Ley 32033) Kevin Levrone te acompaña en cada paso hacia tu mejor versión. Formulada con creatina monohidratada de alta calidad, esta línea potencia la fuerza muscular, mejora el rendimiento físico y acelera la recuperación post-entrenamiento. Inspirada en la leyenda del fisicoculturismo, es ideal para quienes entrenan con disciplina, metas claras y actitud imparable. EAA Kevin Levrone Fruit Punch Polvo Oral EAA Kevin Levrone es un suplemento formulado con aminoácidos esenciales, diseñado para apoyar el desarrollo muscular, mejorar la recuperación y optimizar el rendimiento físico durante entrenamientos intensos. Cada porción contiene una combinación precisa de EAA que el cuerpo no puede producir por sí mismo, por lo que deben obtenerse mediante la dieta o suplementación. Suplemento con aminoácidos esenciales de rápida absorción, ideal para consumo antes, durante o después del entrenamiento. Apoya la construcción y recuperación muscular, reduce la fatiga y mejora la resistencia durante actividades físicas intensas. Contiene 62 servicios por envase y un sabor Fruit Punch agradable al paladar. Libre de azúcares añadidos y formulado para atletas que buscan rendimiento sostenido y desarrollo muscular de calidad. Rendimiento y fuerza al estilo Kevin Levrone Desata todo tu potencial con la creatina Kevin Levrone y alcanza tus objetivos con el respaldo de los grandes, ¡encuéntrala en Inkafarma! Suplementos Nutricionales Nutrición Deportiva Fitness y Deportivos Deportivos Suplementos Deportivos",,false_no_registro_sanitario
Mifarma,Proteína Iso Cool Ultimate Nutrition Chocolate Créme,Proteína Iso Cool Ultimate Nutrition Chocolate Créme,,375.90,PEN,available,https://www.mifarma.com.pe/producto/isocool-chocolate-creme-polvo-para-suspension-oral/302301,302301,ULTIMATE NUTRITION,algolia_public_search,2026-06-08T00:46:29.261574+00:00,,"Proteína aislada de suero premium equivalente a 23g de Proteína, cacao, sabores naturales y artificiales, sucralosa, acesulfame de potasio y lecitina de soya. Este producto es distribuido por Inretail Pharma S.A. (Ley 32033) Suplemento nutricional. Promociones en Suplementos y Vitaminas Suplementos Nutricionales Nutrición Deportiva Fitness y Deportivos Proteinas Aisladas a Precio más Bajo Deportivos Suplementos Deportivos Más Proteinas con Mejores Resultados",,false_no_registro_sanitario
Mifarma,Creatina Optimum Nutrition,Creatina Optimum Nutrition,,125.90,PEN,available,https://www.mifarma.com.pe/producto/creatina-unflavored-polvo-para-solucion-oral/529654,529654,OPTIMUM NUTRITION,algolia_public_search,2026-06-08T00:46:29.261975+00:00,,Creatina monohidrata (100%) Este producto es distribuido por Inretail Pharma S.A. (Ley 32033) Suplemento nutricional. Promociones en Suplementos y Vitaminas Suplementos Nutricionales Nutrición Deportiva Fitness y Deportivos Creatina más Fuerza en Cada Entrenamiento Deportivos Suplementos Deportivos,,false_no_registro_sanitario
Mifarma,Pack 2 Stevia Sukidul,Pack 2 Stevia Sukidul,,54.90,PEN,available,https://www.mifarma.com.pe/producto/pack-2-stevia-sukidul/PACKNT182,PACKNT182,NUTRASTEVIA,algolia_public_search,2026-06-08T00:46:29.433483+00:00,,"Hoja de stevia, lactosa ,estabilizante croscarmelosa sódica, antiaglutinante estearato de magnesio. Este producto es distribuido por Inretail Pharma S.A. (Ley 32033) Dietas Suplementos Nutricionales Nutrición Deportiva Packs de Nutrición y Bienestar Fitness y Deportivos Suplementos Dietéticos Dietéticos Edulcorante",,false_no_registro_sanitario
Mifarma,Creatina Monohidratada Ultimate Nutrition,Creatina Monohidratada Ultimate Nutrition,,219.90,PEN,available,https://www.mifarma.com.pe/producto/creatine-monohydrate-ultimate-nutrition-polvo-1kg/309370,309370,ULTIMATE NUTRITION - ISOCOOL,algolia_public_search,2026-06-08T00:46:29.434173+00:00,,Creatina monohidrata Este producto es distribuido por Inretail Pharma S.A. (Ley 32033) Suplemento nutricional. Promociones en Suplementos y Vitaminas Suplementos Nutricionales Nutrición Deportiva Fitness y Deportivos Creatina más Fuerza en Cada Entrenamiento Deportivos Suplementos Deportivos,,false_no_registro_sanitario
Mifarma,Pre Entreno Blood & Guts Sandía Polvo,Pre Entreno Blood & Guts Sandía Polvo,,89.00,PEN,available,https://www.mifarma.com.pe/producto/pre-entreno-blood-guts-sandia-polvo/307299,307299,MYPROTEIN,algolia_public_search,2026-06-08T00:46:29.434369+00:00,,"Cada cucharada (9,5 g) provee: Activos Cantidad L-citrulina 2,0425 g Beta alanina 2,750 g L-arginina 1,3395 g L-Tirosina 250 mg Cafeína Total 186 mg Polifenoles 118,5 mg Nicotinamida: 23,8 mg Este producto es distribuido por Inretail Pharma S.A. (Ley 32033) Suplementos Nutricionales Nutrición Deportiva Fitness y Deportivos Deportivos Suplementos Deportivos",,false_no_registro_sanitario
Mifarma,Pre Entreno Blood & Guts Fresa Polvo,Pre Entreno Blood & Guts Fresa Polvo,,89.00,PEN,available,https://www.mifarma.com.pe/producto/pre-entreno-blood-guts-fresa-polvo/307298,307298,DY,algolia_public_search,2026-06-08T00:46:29.434574+00:00,,"Cada cucharada (9,5 g) provee: Activos Cantidad L-citrulina 2,0425 g Beta alanina 2,750 g L-arginina 1,3395 g L-Tirosina 250 mg Cafeína Total 186 mg Polifenoles 118,5 mg Nicotinamida: 23,8 mg Este producto es distribuido por Inretail Pharma S.A. (Ley 32033) Suplementos Nutricionales Nutrición Deportiva Fitness y Deportivos Deportivos Suplementos Deportivos",,false_no_registro_sanitario
Mifarma,Miel de Abeja OLI21,Miel de Abeja OLI21,,11.90,PEN,available,https://www.mifarma.com.pe/producto/miel-de-abeja-oli21-350g/308009,308009,OLI 2121,algolia_public_search,2026-06-08T00:46:29.435424+00:00,,Este producto es distribuido por Inretail Pharma S.A. (Ley 32033) Suplementos Nutricionales Naturales,,false_no_registro_sanitario
Mifarma,Proteína Iso Cool Ultimate Nutrition Vainilla Créme,Proteína Iso Cool Ultimate Nutrition Vainilla Créme,,415.90,PEN,available,https://www.mifarma.com.pe/producto/isocool-vanilla-creme-polvo-para-suspension-oral/302303,302303,ULTIMATE NUTRITION - ISOCOOL,algolia_public_search,2026-06-08T00:46:29.435690+00:00,,"Proteína aislada de suero premium equivalente a 23g de Proteína, sabores naturales y artificiales, sucralosa, acesulfame de potasio y lecitina. Este producto es distribuido por Inretail Pharma S.A. (Ley 32033) La proteína desempeña una serie de funciones diferentes en el cuerpo, incluida la reparación de células corporales, la construcción y reparación de músculos y huesos, proporcionando una fuente de energía y controlando muchos de los procesos importantes en el cuerpo relacionados con metabolismo. Promociones en Suplementos y Vitaminas Suplementos Nutricionales Nutrición Deportiva Fitness y Deportivos Proteinas Aisladas a Precio más Bajo Deportivos Suplementos Deportivos Más Proteinas con Mejores Resultados",,false_no_registro_sanitario
Mifarma,Sukidul Stevia Tabletas,Sukidul Stevia Tabletas,,28.90,PEN,available,https://www.mifarma.com.pe/producto/sukidul-stevia-tabletas/529504,529504,NUTRASTEVIA,algolia_public_search,2026-06-08T00:46:29.435847+00:00,,"Hoja de stevia,lactosa,estabilizante croscarmelosa sódica, antiaglutinante estearato de magnesio. Este producto es distribuido por Inretail Pharma S.A. (Ley 32033) Dietas Suplementos Nutricionales Nutrición Deportiva Fitness y Deportivos Suplementos Dietéticos Dietéticos Edulcorante",,false_no_registro_sanitario
Mifarma,Pack Metapure Proteína 100% Isolatada Sabor Chocolate y Creatina 100% Monohidratada en Polvo QNT,Pack Metapure Proteína 100% Isolatada Sabor Chocolate y Creatina 100% Monohidratada en Polvo QNT,,369.00,PEN,available,https://www.mifarma.com.pe/producto/pack-metapure-isolatada-chocolate-creatina-polvo-qnt/PACKNT511,PACKNT511,QNT,algolia_public_search,2026-06-08T00:46:29.436045+00:00,,"Metapure Proteína 100% Isolatada sabor Chocolate: Aislado de proteína de suero de leche, saborizante achocolate, sucralosa. Creatina 100% Monohidratada en Polvo QNT: Creatina monohidrato Este producto es distribuido por Inretail Pharma S.A. (Ley 32033) Promociones en Suplementos y Vitaminas Suplementos Nutricionales Nutrición Deportiva Packs de Nutrición y Bienestar Fitness y Deportivos Deportivos Suplementos Deportivos Más Proteinas con Mejores Resultados",,false_no_registro_sanitario
Mifarma,Pack Metapure QNT Whey Isolate Vainilla 2KG + Creatina Monohidratada QNT 300GR,Pack Metapure QNT Whey Isolate Vainilla 2KG + Creatina Monohidratada QNT 300GR,,369.00,PEN,available,https://www.mifarma.com.pe/producto/pack-metapure-qnt-whey-isolate-2kg-creatina-qnt300/PACKNT355,PACKNT355,MEDIX,algolia_public_search,2026-06-08T00:46:29.436248+00:00,,"Metapure zero carb Vainilla Polvo para solución oral: Aislado de proteína de suero de leche, saborizante avainilla, sucralosa. Creatine monohydrate Polvo para solución oral: Creatina monohidrato Este producto es distribuido por Inretail Pharma S.A. (Ley 32033) Promociones en Suplementos y Vitaminas Suplementos Nutricionales Nutrición Deportiva Packs de Nutrición y Bienestar Fitness y Deportivos Deportivos Suplementos Deportivos Más Proteinas con Mejores Resultados",,false_no_registro_sanitario
Mifarma,Pack Metapure QNT Whey Isolate Chocolate 2KG + Creatina Monohidratada QNT 300GR,Pack Metapure QNT Whey Isolate Chocolate 2KG + Creatina Monohidratada QNT 300GR,,369.00,PEN,available,https://www.mifarma.com.pe/producto/pack-metapure-qnt-whey-isolate-2-kg-creatina-qnt/PACKNT354,PACKNT354,MEDIX,algolia_public_search,2026-06-08T00:46:29.436438+00:00,,"Metapure zero carb Chocolate Polvo para solución oral: Aislado de proteína de suero de leche, saborizante achocolate, sucralosa. Creatine monohydrate Polvo para solución oral: Creatina monohidrato Este producto es distribuido por Inretail Pharma S.A. (Ley 32033) Promociones en Suplementos y Vitaminas Nutrición Deportiva Packs de Nutrición y Bienestar Suplementos Deportivos Más Proteinas con Mejores Resultados",,false_no_registro_sanitario
Mifarma,Stevia con Yacón Onza caja x 50 sobres,Stevia con Yacón Onza caja x 50 sobres,,16.90,PEN,available,https://www.mifarma.com.pe/producto/stevia-con-yacon-onza-caja-x-50-sobres/308137,308137,ONZA,algolia_public_search,2026-06-08T00:46:29.436600+00:00,,Stevia 100% pura Yacón en Polvo Este producto es distribuido por Inretail Pharma S.A. (Ley 32033) Dietas Suplementos Nutricionales Nutrición Deportiva Fitness y Deportivos Suplementos Dietéticos Dietéticos Edulcorante,,false_no_registro_sanitario
Mifarma,Proteína Gold Standard Whey Optimum Nutrition Vainilla Ice Cream,Proteína Gold Standard Whey Optimum Nutrition Vainilla Ice Cream,,175.90,PEN,available,https://www.mifarma.com.pe/producto/gold-standard-whey-vainilla-icre-cream-flavor/309180,309180,OPTIMUM NUTRITION,algolia_public_search,2026-06-08T00:46:29.436822+00:00,,"Mezcla de proteínas (Aislado de proteínas de suero 77.4%, concentrado de proteínas de suero 10.2%, Proteína hidrolizada de suero 3.2%), Saborizante natural y artificial 3.2%, Lecitina 0.6%, Goma de celulosa 4.2%, Goma Xantan 0.4%, Sal 0.5%, Sucralosa 0.2%, Acesulfame de Potasio Este producto es distribuido por Inretail Pharma S.A. (Ley 32033) Suplemento nutricional. Promociones en Suplementos y Vitaminas Suplementos Nutricionales Nutrición Deportiva Fitness y Deportivos Deportivos Suplementos Deportivos Más Proteinas con Mejores Resultados",,false_no_registro_sanitario
Mifarma,Pack 2 Endulzante Sukidul,Pack 2 Endulzante Sukidul,,39.90,PEN,available,https://www.mifarma.com.pe/producto/pack-2-endulzante-sukidul/PACKNT180,PACKNT180,SUKIDOL,algolia_public_search,2026-06-08T00:46:29.436962+00:00,,SUCRALOSA 8mg Este producto es distribuido por Inretail Pharma S.A. (Ley 32033) Dietas Suplementos Nutricionales Packs de Nutrición y Bienestar Fitness y Deportivos Suplementos Dietéticos Dietéticos Edulcorante,,false_no_registro_sanitario
Mifarma,ISO- XP 100% Proteína Isolatada Sabor Chocolate,ISO- XP 100% Proteína Isolatada Sabor Chocolate,DE-100,189.90,PEN,available,https://www.mifarma.com.pe/producto/iso-xp-100-proteina-isolatada-sabor-chocolate/304019,304019,APPLIED NUTRITION,algolia_public_search,2026-06-08T00:46:29.437530+00:00,,"Por dosos 25.00 g - Aislado de proteína de suero de leche 23.700000 g Este producto es distribuido por Inretail Pharma S.A. (Ley 32033) ISO-XP de Applied Nutrition es una proteína aislada de suero ultra pura, baja en carbohidratos y sin azúcar añadido, diseñada para quienes buscan resultados reales sin comprometer la calidad. Gracias a su rápida absorción y alto contenido proteico por porción, contribuye eficazmente a la recuperación muscular, el mantenimiento y el desarrollo de masa magra. Ideal para después del entrenamiento o en cualquier momento del día donde necesites una dosis limpia de proteína de alto valor biológico. ISO- XP 100% Proteína Isolatada Sabor Chocolate ISO-XP es un suplemento rico en proteínas y de lejos el aislado de proteína de suero de leche más limpio y de mayor calidad disponible en el mercado. Básicamente, no hay otra proteína, en ningún lugar, que exceda este nivel de proteína por proporción de 100 gramos. ISO-XP está hecho de suero de leche dulce extremadamente fresco de la Unión Europea que se aísla y luego se seca por pulverización. ISO-XP no tiene SOJA agregada y en su lugar utiliza lecitina de girasol como emulsionante. ISO-XP es el suplemento dietetico con la mayor concetrancion de proteina por servicio, con solo 0.1g de lactosa y 22.5 gr de proteina por cada 25 gr de servicio. No contiene Soya, 0G de azucar, sin grasas adicionales o carbohidratos. El suero de leche utilizado en la ISO XP es producido por Grass Feed Cows Alta concentración proteína Fácil digestión y rápida absorción Promociones en Suplementos y Vitaminas Suplementos Nutricionales Nutrición Deportiva Fitness y Deportivos Proteinas Aisladas a Precio más Bajo Deportivos Suplementos Deportivos Más Proteinas con Mejores Resultados",page_or_detail_regex,false_no_component_match
Mifarma,Pack 02 Geriaplus DB Polvo Sabor Vainilla,Pack 02 Geriaplus DB Polvo Sabor Vainilla,,134.80,PEN,available,https://www.mifarma.com.pe/producto/pack-02-geriaplus-db-polvo-vainilla/PACKNT674,PACKNT674,GERIAPLUS,algolia_public_search,2026-06-08T00:46:29.437880+00:00,,"SOYA, PROTEINA AISLADA DE SOYA, FIBRA SOLUBLE (POLIDEXTROSA SIN 1200), MALTODEXTRINA, FIBRA DE AVENA, CITRATO DE POTASIO (FUENTE DE POTASIO),FOSFATO TRICALCICO (FUENTE DE POTASIO Y FOSFORO), MEZCLA DE VITAMINAS Y MINERALES (VITAMINA A, VITAMINA D3,VITAMINA E,VITAMINA C, VITAMINA K,ACIDO FOLICO, VITAMINA B1, VITAMINA B2, VITAMINA B6, VITAMINA B12, NIACINA, BIOTINA, ACIDO PANTOTENICO, SODIO, MAGNESIO, YODO, MANGANESO, COBRE, ZINC, HIERRO Y SELENIO), SABORIZANTE AUTORIZADO (SABOR VAINILLA), SABORIZANTE AUTORIZADO (SABOR CANELA CLAVO), ACEITE DE CHIA (FUENTE DE OMEGA 3 Y 6), BETAGLUCANO, CLORURO DE SODIO, LECITINA DE SOYA, ACIDO DOCOSAHEXAENOCIO (DHA), ACIDO EICOSAPENTAENOICO (EPA), ANTIAGLOMERANTE (DIOXIDO DE SILICIO SIN 551), COLORANTE AUTORIZADO (DIOXIDO DE TITANIO SIN 171), ESTABILIZANTE (GOMA XANTAN SIN 415) Y EDULCORANTE (SUCRALOSA SIN 955). Este producto es distribuido por Inretail Pharma S.A. (Ley 32033) Suplementos Nutricionales Suplementos / Complementos Packs de Nutrición y Bienestar Nutrición Adulto Adultos Adulto Geriátricos",,false_no_registro_sanitario
Mifarma,Pack 02 Geriaplus Inmunoact Polvo Sabor chocolate,Pack 02 Geriaplus Inmunoact Polvo Sabor chocolate,,134.80,PEN,available,https://www.mifarma.com.pe/producto/pack-2-geriaplus-inmunoact-polvo-chocolate/PACKNT494,PACKNT494,GERIAPLUS,algolia_public_search,2026-06-08T00:46:29.438113+00:00,,"Leche descremada en polvo, Proteínaaislada de soya, Aceite de canola (Ácidolinolénico/ Ácido linoleico), Polidextrosa(SIN 1200), Cocoa, Fibra de avena,Maltodextrina, Premix de vitaminas yminerales, Lactosuero, Sabor chocolate,Fosfato Tricálcico (fuente de fósforo ycalcio), Aceite de pescado (Fuente deDHA/EPA), Betaglucano, Dióxido de silicio(SIN 551), Color chocolate (SIN 129, SIN 150d,SIN 551), Sucralosa (SIN 955). Este producto es distribuido por Inretail Pharma S.A. (Ley 32033) Suplementos Nutricionales Suplementos / Complementos Packs de Nutrición y Bienestar Nutrición Adulto Adultos Adulto Geriátricos",,false_no_registro_sanitario
Mifarma,Pack 02 Geriaplus Inmunoact Polvo Sabor lúcuma,Pack 02 Geriaplus Inmunoact Polvo Sabor lúcuma,,134.80,PEN,available,https://www.mifarma.com.pe/producto/pack-2-geriaplus-inmunoact-polvo-lucuma/PACKNT492,PACKNT492,GERIAPLUS,algolia_public_search,2026-06-08T00:46:29.438338+00:00,,"Leche descremada en polvo, Proteínaaislada de soya, Aceite de canola (Ácidolinolénico/ Ácido linoleico), Polidextrosa(SIN 1200), Fibra de avena, Maltodextrina,Lactosuero, Premix de vitaminasy minerales, Sabor lúcuma, Fosfatotricálcico (fuente de fósforo y calcio), Aceite de pescado (Fuente de DHA/EPA),Betaglucano, Dióxido de silicio (SIN 551),Colorante lúcuma (SIN 110, SIN 129, SIN133), Sucralosa (SIN 955). Este producto es distribuido por Inretail Pharma S.A. (Ley 32033) Suplementos Nutricionales Suplementos / Complementos Packs de Nutrición y Bienestar Nutrición Adulto Adultos Adulto Geriátricos",,false_no_registro_sanitario
Mifarma,Muscletech Nitro tech Whey Gold Sabor chocolate,Muscletech Nitro tech Whey Gold Sabor chocolate,,299.90,PEN,available,https://www.mifarma.com.pe/producto/muscletech-nitro-tech-whey-gold-sabor-chocolate/303426,303426,NITRO TECH,algolia_public_search,2026-06-08T00:46:29.438533+00:00,,"Péptidos de suero, Aislado de proteína de suero, Aislado de proteína de suero 97%, Proteína concentrada de suero de lechey excipientes. Este producto es distribuido por Inretail Pharma S.A. (Ley 32033) Promociones en Suplementos y Vitaminas Suplementos Nutricionales Nutrición Deportiva Fitness y Deportivos Deportivos Suplementos Deportivos Más Proteinas con Mejores Resultados",,false_no_registro_sanitario
Mifarma,Muscletech Nitro tech 100% Whey Gold Sabor vainilla,Muscletech Nitro tech 100% Whey Gold Sabor vainilla,,299.90,PEN,available,https://www.mifarma.com.pe/producto/muscletech-nitro-tech-100-whey-gold-sabor-vainilla/303425,303425,NITRO TECH,algolia_public_search,2026-06-08T00:46:29.438713+00:00,,"Péptidos de suero, Aislado de proteína de suero, Aislado de proteína de suero 97%, Proteína concentrada de suero de leche y excipientes. Este producto es distribuido por Inretail Pharma S.A. (Ley 32033) Promociones en Suplementos y Vitaminas Suplementos Nutricionales Nutrición Deportiva Fitness y Deportivos Deportivos Suplementos Deportivos Más Proteinas con Mejores Resultados",,false_no_registro_sanitario
Mifarma,Metapure Proteína 100% Isolatada sabor Vainilla,Metapure Proteína 100% Isolatada sabor Vainilla,,299.90,PEN,available,https://www.mifarma.com.pe/producto/metapure-zero-carb-vainilla-polvo-para-solucion-oral/303286,303286,QNT,algolia_public_search,2026-06-08T00:46:29.438880+00:00,,"Aislado de proteína de suero de leche, saborizante avainilla, sucralosa. Este producto es distribuido por Inretail Pharma S.A. (Ley 32033) Promociones en Suplementos y Vitaminas Suplementos Nutricionales Nutrición Deportiva Fitness y Deportivos Proteinas Aisladas a Precio más Bajo Deportivos Suplementos Deportivos Más Proteinas con Mejores Resultados",,false_no_registro_sanitario
Mifarma,Metapure Proteína 100% Isolatada sabor Chocolate,Metapure Proteína 100% Isolatada sabor Chocolate,,299.90,PEN,available,https://www.mifarma.com.pe/producto/metapure-zero-carb-chocolate-polvo-para-solucion-oral/303280,303280,QNT,algolia_public_search,2026-06-08T00:46:29.439035+00:00,,"Aislado de proteína de suero de leche, saborizante achocolate, sucralosa. Este producto es distribuido por Inretail Pharma S.A. (Ley 32033) Promociones en Suplementos y Vitaminas Nutrición Deportiva Proteinas Aisladas a Precio más Bajo Suplementos Deportivos Más Proteinas con Mejores Resultados",,false_no_registro_sanitario
Mifarma,Pack Definición Hidrolizada y Creatina Lab Nutrition Cookie & Cream,Pack Definición Hidrolizada y Creatina Lab Nutrition Cookie & Cream,,489.00,PEN,available,https://www.mifarma.com.pe/producto/pack-definicion-hidrolizada-lab-cookie-cream/PACKNT243,PACKNT243,LAB NUTRITION,algolia_public_search,2026-06-08T00:46:29.439825+00:00,,LAB nutrition Proteina: Aislado De Proteína De Suero Hidrolizada 29.43 g*Provee el valor nutricional Proteína 25 gExcipientes: c.s. Creatine unflavored: Cada cucharadita (5g) contiene: Creatina Monohidrato 5g Este producto es distribuido por Inretail Pharma S.A. (Ley 32033) Promociones en Suplementos y Vitaminas Suplementos Nutricionales Nutrición Deportiva Packs de Nutrición y Bienestar Deportivos Suplementos Deportivos Más Proteinas con Mejores Resultados,,false_no_registro_sanitario
Mifarma,Pack Definición Hidrolizada y Creatina Lab Nutrition Chocolate,Pack Definición Hidrolizada y Creatina Lab Nutrition Chocolate,,489.00,PEN,available,https://www.mifarma.com.pe/producto/pack-definicion-creatina-lab-nutrition-chocolate/PACKNT242,PACKNT242,LAB NUTRITION,algolia_public_search,2026-06-08T00:46:29.440021+00:00,,LAB nutrition Proteina: Hidrolizado de Proteína de Suero Aislado* 29.185 g*(Aportan el valor de proteína 25g)Excipientes: c.s. Creatine unflavored: Cada cucharadita (5g) contiene: Creatina Monohidrato 5g Este producto es distribuido por Inretail Pharma S.A. (Ley 32033) Promociones en Suplementos y Vitaminas Suplementos Nutricionales Nutrición Deportiva Packs de Nutrición y Bienestar Deportivos Suplementos Deportivos Más Proteinas con Mejores Resultados,,false_no_registro_sanitario
Mifarma,Proteína Gold Standard Whey Double Rich Chocolate,Proteína Gold Standard Whey Double Rich Chocolate,,180.90,PEN,available,https://www.mifarma.com.pe/producto/gold-estandar-whey-double-rich-chocolate/309178,309178,OPTIMUM NUTRITION,algolia_public_search,2026-06-08T00:46:29.440234+00:00,,"Mezcla de proteínas (Aislado de proteínas de suero 78.9%, concentrado de proteínas de suero 8.7%, Proteína hidrolizada de suero 3.3%), Cocoa (procesado con álcali) 6.6g, Saborizante natural y artificial 1.6%, Lecitina 0.66%, Acesulfame de Potasio 0.2%. Este producto es distribuido por Inretail Pharma S.A. (Ley 32033) Suplemento nutricional. Promociones en Suplementos y Vitaminas Suplementos Nutricionales Nutrición Deportiva Fitness y Deportivos Deportivos Suplementos Deportivos Más Proteinas con Mejores Resultados",,false_no_registro_sanitario
Mifarma,Proteína Aislada Iso Clean Musclen Sabor Caramel Vainilla,Proteína Aislada Iso Clean Musclen Sabor Caramel Vainilla,,145.00,PEN,available,https://www.mifarma.com.pe/producto/supemento-proteico-iso-clean-musclen-caramel-vainilla/319786,319786,MUSCLEN,algolia_public_search,2026-06-08T00:46:29.440718+00:00,,"Suero de leche descremado (ISO), Sabor vainilla, Emulsionantes (SIN 322(i), SIN 415), Edulcorante (SIN 955), Stevia (SIN 960a). Este producto es distribuido por Inretail Pharma S.A. (Ley 32033) Musclen es una marca especializada en nutrición deportiva diseñada para impulsar el rendimiento, la fuerza y la recuperación de quienes buscan resultados visibles y sostenibles. Sus fórmulas combinan ingredientes de alta calidad con estándares modernos de fabricación, ofreciendo proteínas, aminoácidos y suplementos funcionales que acompañan cada fase del entrenamiento. Con un enfoque en eficacia, pureza y accesibilidad, Musclen se convierte en un aliado confiable tanto para deportistas como para personas activas que quieren maximizar su bienestar físico día a día. Proteína Aislada Iso Clean Musclen Sabor Caramel Vainilla Suplemento proteico especialmente formulado para la ganancia muscular limpia con bajo contenido de carbohidratos y máxima pureza. Es una alternativa ligera, pura y de rápida absorción es un perfecto complemento nutricional deportivo. Musclen® ISO CLEAN posee uno de los mejores valores proteicos por scoop del mercado. Nutrición deportiva diseñada para potenciar tu mejor versión Rinde más cada día con Musclen, disponible en Inkafarma. Promociones en Suplementos y Vitaminas Suplementos Nutricionales Nutrición Deportiva Fitness y Deportivos Proteinas Aisladas a Precio más Bajo Deportivos Productos Proteínas Musclen Suplementos Deportivos Más Proteinas con Mejores Resultados",,false_no_registro_sanitario
Mifarma,Proteína Aislada Iso Clean Musclen Sabor Fudgy Chocolate,Proteína Aislada Iso Clean Musclen Sabor Fudgy Chocolate,,145.00,PEN,available,https://www.mifarma.com.pe/producto/supemento-proteico-iso-clean-musclen-fudgy-chocolate/319784,319784,MUSCLEN,algolia_public_search,2026-06-08T00:46:29.441206+00:00,,"Suero de leche descremado (ISO), Cacao, Sabor Chocolate, Emulsionantes (SIN 322(i), SIN 415), Edulcorante (SIN 955), Stevia (SIN 960a). Este producto es distribuido por Inretail Pharma S.A. (Ley 32033) Musclen es una marca especializada en nutrición deportiva diseñada para impulsar el rendimiento, la fuerza y la recuperación de quienes buscan resultados visibles y sostenibles. Sus fórmulas combinan ingredientes de alta calidad con estándares modernos de fabricación, ofreciendo proteínas, aminoácidos y suplementos funcionales que acompañan cada fase del entrenamiento. Con un enfoque en eficacia, pureza y accesibilidad, Musclen se convierte en un aliado confiable tanto para deportistas como para personas activas que quieren maximizar su bienestar físico día a día. Proteína Aislada Iso Clean Musclen Sabor Fudgy Chocolate Suplemento proteico especialmente formulado para la ganancia muscular limpia con bajo contenido de carbohidratos y máxima pureza. Es una alternativa ligera, pura y de rápida absorción es un perfecto complemento nutricional deportivo. Musclen® ISO CLEAN posee uno de los mejores valores proteicos por scoop del mercado. Nutrición deportiva diseñada para potenciar tu mejor versión Rinde más cada día con Musclen, disponible en Inkafarma. Promociones en Suplementos y Vitaminas Suplementos Nutricionales Nutrición Deportiva Fitness y Deportivos Proteinas Aisladas a Precio más Bajo Deportivos Productos Proteínas Musclen Suplementos Deportivos Más Proteinas con Mejores Resultados",,false_no_registro_sanitario
Mifarma,Lab Nutrition Proteína 100% Hidrolizada Vainilla,Lab Nutrition Proteína 100% Hidrolizada Vainilla,,359.00,PEN,available,https://www.mifarma.com.pe/producto/lab-nutrition-proteina-100-hidrolizada-vainilla/303487,303487,LAB NUTRITION,algolia_public_search,2026-06-08T00:46:29.441403+00:00,,Hidrolizado de Proteína de Suero Aislado 29.780 g (Aportan el valor de proteína 25g) Excipientes: c.s. Este producto es distribuido por Inretail Pharma S.A. (Ley 32033) Promociones en Suplementos y Vitaminas Nutrición Deportiva Suplementos Deportivos Más Proteinas con Mejores Resultados,,false_no_registro_sanitario
Mifarma,LAB Nutrition Proteína 100% Hidrolizada Cookies & Cream,LAB Nutrition Proteína 100% Hidrolizada Cookies & Cream,,359.00,PEN,available,https://www.mifarma.com.pe/producto/lab-nutrition-proteina-100-hidrolizada-cookies-cream/303475,303475,LAB NUTRITION,algolia_public_search,2026-06-08T00:46:29.441583+00:00,,Aislado De Proteína De Suero Hidrolizada 29.43 g* (Provee el valor nutricional Proteína 25 g) Excipientes: c.s. Este producto es distribuido por Inretail Pharma S.A. (Ley 32033) Promociones en Suplementos y Vitaminas Nutrición Deportiva Suplementos Deportivos Más Proteinas con Mejores Resultados,,false_no_registro_sanitario
Mifarma,Proteína Prime Whey sabor Vainilla,Proteína Prime Whey sabor Vainilla,,229.90,PEN,available,https://www.mifarma.com.pe/producto/prime-whey-vainilla-polvo-para-solucion-oral/303373,303373,QNT,algolia_public_search,2026-06-08T00:46:29.441758+00:00,,"Concentrado de proteína de suero de leche, Aisladode proteína de suero de leche, Sabor Vainilla, GomaGuar, Goma Xantan, Sucralosa, Sabor Natural. Este producto es distribuido por Inretail Pharma S.A. (Ley 32033) Promociones en Suplementos y Vitaminas Suplementos Nutricionales Nutrición Deportiva Fitness y Deportivos Deportivos Suplementos Deportivos Más Proteinas con Mejores Resultados",,false_no_registro_sanitario
Mifarma,Proteína Prime Whey Chocolate sabor Brownie,Proteína Prime Whey Chocolate sabor Brownie,,229.90,PEN,available,https://www.mifarma.com.pe/producto/prime-whey-chocolate-brownie-polvo-para-solucion-oral/303287,303287,QNT,algolia_public_search,2026-06-08T00:46:29.441950+00:00,,"Concentrado de proteína de suero de leche, Aisladode proteína de suero de leche, Cacao en polvoreducido en grasa, Sabor chocolate, Goma guar,Goma Xantan, sal, Sucralosa, Sabor Natural. Este producto es distribuido por Inretail Pharma S.A. (Ley 32033) Promociones en Suplementos y Vitaminas Suplementos Nutricionales Nutrición Deportiva Fitness y Deportivos Proteinas Aisladas a Precio más Bajo Deportivos Suplementos Deportivos Más Proteinas con Mejores Resultados",,false_no_registro_sanitario
Mifarma,Barra Proteica QNT Metapure Crocante Sabor Frea,Barra Proteica QNT Metapure Crocante Sabor Frea,E965,9.90,PEN,available,https://www.mifarma.com.pe/producto/barra-proteica-qnt-metapure-crocante-frea/307778,307778,QNT METAPURE,algolia_public_search,2026-06-08T00:46:29.442297+00:00,,"Mezcla de proteínas 38% (colágeno de vacuno 13%, proteína de leche 12%, concentrado de proteína de suero (leche) 7%, aislado de proteína de soja 6%) Fructooligosacáridos Cobertura de chocolate negro 14% (edulcorante: E965(i), grasa de palma totalmente hidrogenada, cacao desgrasado en polvo, emulgente: lecitina de colza, aroma natural) Humectante: E422 Edulcorante: E420 Relleno con sabor a fresa 6% (aceite de coco, edulcorante: E965(i), proteína de leche, leche desnatada en polvo, fructooligosacáridos, suero en polvo (leche), fresas deshidratadas 0,04%, colorante natural, emulgente: lecitina de colza, aroma natural) Soja crujiente 5% (proteína de soja, sémola de arroz, harina de soja, sal) Aceite de coco Emulgentes: lecitina de colza, mono- y diglicéridos de ácidos grasos Aroma natural Edulcorantes: E955, E960a Este producto es distribuido por Inretail Pharma S.A. (Ley 32033) Suplementos Nutricionales Alimentos Naturales Nutrición Deportiva Fitness y Deportivos Deportivos Cereales Suplementos Deportivos",page_or_detail_regex,false_no_component_match
Mifarma,Barra Proteica QNT Metapure Crocante Sabor Chocolate,Barra Proteica QNT Metapure Crocante Sabor Chocolate,E965,9.90,PEN,available,https://www.mifarma.com.pe/producto/barra-proteica-qnt-metapure-crocante-chocolate/307777,307777,QNT METAPURE,algolia_public_search,2026-06-08T00:46:29.442677+00:00,,"Mezcla de proteínas 38% (colágeno de vacuno 13%, proteína de leche 12%, concentrado de proteína de suero (leche) 7%, aislado de proteína de soja 6%) Fructooligosacáridos Cobertura de chocolate negro 14% (edulcorante: E965(i), grasa de palma totalmente hidrogenada, cacao desgrasado en polvo, emulgente: lecitina de colza, aroma natural) Humectante: E422 Edulcorante: E420 Relleno con sabor a chocolate 6% (aceite de coco, edulcorante: E965(i), proteína de leche, cacao desgrasado en polvo, fructooligosacáridos, leche desnatada en polvo, suero en polvo (leche), emulgente: lecitina de colza, aroma natural: chocolate, aroma natural) Soja crujiente 5% (proteína de soja, sémola de arroz, harina de soja, sal) Aceite de coco Emulgentes: lecitina de colza, mono y diglicéridos de ácidos grasos Aroma natural: chocolate, aroma natural Edulcorantes: E955, E960a Este producto es distribuido por Inretail Pharma S.A. (Ley 32033) Suplementos Nutricionales Alimentos Naturales Nutrición Deportiva Fitness y Deportivos Deportivos Cereales Suplementos Deportivos",page_or_detail_regex,false_no_component_match
Mifarma,Proteína Muscle Whey Musclen Sabor Fudgy Chocolate,Proteína Muscle Whey Musclen Sabor Fudgy Chocolate,,215.00,PEN,available,https://www.mifarma.com.pe/producto/supemento-proteico-muscle-whey-musclen-fudgy-chocolate/319791,319791,MUSCLEN,algolia_public_search,2026-06-08T00:46:29.443126+00:00,,"Suero de leche en polvo (WHEY), Cacao, Sabor Chocolate, Emulsionantes (SIN 322(i), SIN 415), Enzima Lactasa, Edulcorante (SIN 955), Stevia (SIN 960a). Este producto es distribuido por Inretail Pharma S.A. (Ley 32033) Musclen es una marca especializada en nutrición deportiva diseñada para impulsar el rendimiento, la fuerza y la recuperación de quienes buscan resultados visibles y sostenibles. Sus fórmulas combinan ingredientes de alta calidad con estándares modernos de fabricación, ofreciendo proteínas, aminoácidos y suplementos funcionales que acompañan cada fase del entrenamiento. Con un enfoque en eficacia, pureza y accesibilidad, Musclen se convierte en un aliado confiable tanto para deportistas como para personas activas que quieren maximizar su bienestar físico día a día. Proteína Muscle Whey Musclen Sabor Fudgy Chocolate Suplemento proteico a base de suero de leche altamente concentrado, especial para quienes buscan resistencia y desarrollo muscular. Favorece a la recuperación y aporta energía durante los entrenamientos. Nutrición deportiva diseñada para potenciar tu mejor versión Rinde más cada día con Musclen, disponible en Mifarma. Promociones en Suplementos y Vitaminas Suplementos Nutricionales Nutrición Deportiva Fitness y Deportivos Deportivos Productos Proteínas Musclen Suplementos Deportivos Más Proteinas con Mejores Resultados",,false_no_registro_sanitario
Mifarma,Quemador de Grasa Musclen Oxylite Sabor Passion Fruit,Quemador de Grasa Musclen Oxylite Sabor Passion Fruit,,99.90,PEN,available,https://www.mifarma.com.pe/producto/quemador-grasa-musclen-oxylite-sabor-passion-fruit/319938,319938,MUSCLEN,algolia_public_search,2026-06-08T00:46:29.443829+00:00,,"Café, guarana, pitahaya, maltodextrina, stevia (SIN 960a), sucralosa (SIN 955), acido citrico (SIN 330), goma xantan (SIN 415), colorante curcumina (100 i). CONTIENE CAFEINA. Este producto es distribuido por Inretail Pharma S.A. (Ley 32033) Musclen es una marca especializada en nutrición deportiva diseñada para impulsar el rendimiento, la fuerza y la recuperación de quienes buscan resultados visibles y sostenibles. Sus fórmulas combinan ingredientes de alta calidad con estándares modernos de fabricación, ofreciendo proteínas, aminoácidos y suplementos funcionales que acompañan cada fase del entrenamiento. Con un enfoque en eficacia, pureza y accesibilidad, Musclen se convierte en un aliado confiable tanto para deportistas como para personas activas que quieren maximizar su bienestar físico día a día. Quemador de Grasa Musclen Oxylite Sabor Passion Fruit OXYLITE está pensando para las personas que buscan más energía y apoyo en la quema de calorías. Su fórmula ayuda a activar el metabolismo, mejorar la concentración y controlar el apetito de manera ligera y efectiva. Con un efecto prolongado, acompaña en los entrenamientos y rutina diaria, dando el impulso necesario para que la persona se sienta activa mientras favorece la pérdida de grasa. OXYLITE es el aliado perfecto para los primeros pasos hacia un estilo de vida mas enérgico, saludable y ligero.OXYLITE controla el apetito, acelera el metabolismo, contiene cero azúcares y es termogénico. N utrición deportiva diseñada para potenciar tu mejor versión Rinde más cada día con Musclen, disponible en Inkafarma. Promociones en Suplementos y Vitaminas Suplementos Nutricionales Nutrición Deportiva Fitness y Deportivos Deportivos Productos Proteínas Musclen Suplementos Deportivos",,false_no_registro_sanitario
Mifarma,Proteína Aislada Iso Clean Musclen Sabor Fudgy Chocolate,Proteína Aislada Iso Clean Musclen Sabor Fudgy Chocolate,,279.00,PEN,available,https://www.mifarma.com.pe/producto/supemento-proteico-iso-clean-musclen-fudgy-chocolate/319790,319790,MUSCLEN,algolia_public_search,2026-06-08T00:46:29.444319+00:00,,"Suero de leche descremado (ISO), Cacao, Sabor Chocolate, Emulsionantes (SIN 322(i), SIN 415), Edulcorante (SIN 955), Stevia (SIN 960a). Este producto es distribuido por Inretail Pharma S.A. (Ley 32033) Musclen es una marca especializada en nutrición deportiva diseñada para impulsar el rendimiento, la fuerza y la recuperación de quienes buscan resultados visibles y sostenibles. Sus fórmulas combinan ingredientes de alta calidad con estándares modernos de fabricación, ofreciendo proteínas, aminoácidos y suplementos funcionales que acompañan cada fase del entrenamiento. Con un enfoque en eficacia, pureza y accesibilidad, Musclen se convierte en un aliado confiable tanto para deportistas como para personas activas que quieren maximizar su bienestar físico día a día. Proteína Aislada Iso Clean Musclen Sabor Fudgy Chocolate Suplemento proteico especialmente formulado para la ganancia muscular limpia con bajo contenido de carbohidratos y máxima pureza. Es una alternativa ligera, pura y de rápida absorción es un perfecto complemento nutricional deportivo. Musclen® ISO CLEAN posee uno de los mejores valores proteicos por scoop del mercado. Nutrición deportiva diseñada para potenciar tu mejor versión Rinde más cada día con Musclen, disponible en Inkafarma. Promociones en Suplementos y Vitaminas Suplementos Nutricionales Nutrición Deportiva Fitness y Deportivos Proteinas Aisladas a Precio más Bajo Deportivos Productos Proteínas Musclen Suplementos Deportivos Más Proteinas con Mejores Resultados",,false_no_registro_sanitario
Mifarma,Proteína Aislada Iso Clean Musclen Sabor Caramel Vainilla,Proteína Aislada Iso Clean Musclen Sabor Caramel Vainilla,,279.00,PEN,available,https://www.mifarma.com.pe/producto/supemento-proteico-iso-clean-musclen-caramel-vainilla/319785,319785,MUSCLEN,algolia_public_search,2026-06-08T00:46:29.444814+00:00,,"Suero de leche descremado (ISO), Sabor vainilla, Emulsionantes (SIN 322(i), SIN 415), Edulcorante (SIN 955), Stevia (SIN 960a). Este producto es distribuido por Inretail Pharma S.A. (Ley 32033) Musclen es una marca especializada en nutrición deportiva diseñada para impulsar el rendimiento, la fuerza y la recuperación de quienes buscan resultados visibles y sostenibles. Sus fórmulas combinan ingredientes de alta calidad con estándares modernos de fabricación, ofreciendo proteínas, aminoácidos y suplementos funcionales que acompañan cada fase del entrenamiento. Con un enfoque en eficacia, pureza y accesibilidad, Musclen se convierte en un aliado confiable tanto para deportistas como para personas activas que quieren maximizar su bienestar físico día a día. Proteína Aislada Iso Clean Musclen Sabor Caramel Vainilla Suplemento proteico especialmente formulado para la ganancia muscular limpia con bajo contenido de carbohidratos y máxima pureza. Es una alternativa ligera, pura y de rápida absorción es un perfecto complemento nutricional deportivo. Musclen® ISO CLEAN posee uno de los mejores valores proteicos por scoop del mercado. Nutrición deportiva diseñada para potenciar tu mejor versión Rinde más cada día con Musclen, disponible en Inkafarma. Promociones en Suplementos y Vitaminas Suplementos Nutricionales Nutrición Deportiva Fitness y Deportivos Proteinas Aisladas a Precio más Bajo Deportivos Productos Proteínas Musclen Suplementos Deportivos Más Proteinas con Mejores Resultados",,false_no_registro_sanitario
Mifarma,ISO- XP 100% Proteina Isolatada Sabor Vainilla,ISO- XP 100% Proteina Isolatada Sabor Vainilla,DE-100,198.00,PEN,available,https://www.mifarma.com.pe/producto/iso-xp-100-proteina-isolatada-sabor-vainilla/304018,304018,APPLIED NUTRITION,algolia_public_search,2026-06-08T00:46:29.445379+00:00,,"Por dosis 25.00 g - Aislado de proteína de suero de leche 24.700000 g Este producto es distribuido por Inretail Pharma S.A. (Ley 32033) ISO-XP de Applied Nutrition es una proteína aislada de suero ultra pura, baja en carbohidratos y sin azúcar añadido, diseñada para quienes buscan resultados reales sin comprometer la calidad. Gracias a su rápida absorción y alto contenido proteico por porción, contribuye eficazmente a la recuperación muscular, el mantenimiento y el desarrollo de masa magra. Ideal para después del entrenamiento o en cualquier momento del día donde necesites una dosis limpia de proteína de alto valor biológico. ISO- XP 100% Proteina Isolatada Sabor Vainilla ISO-XP es un suplemento rico en proteínas y de lejos el aislado de proteína de suero de leche más limpio y de mayor calidad disponible en el mercado. Básicamente, no hay otra proteína, en ningún lugar, que exceda este nivel de proteína por proporción de 100 gramos. ISO-XP está hecho de suero de leche dulce extremadamente fresco de la Unión Europea que se aísla y luego se seca por pulverización. ISO-XP no tiene SOJA agregada y en su lugar utiliza lecitina de girasol como emulsionante. ISO-XP es el suplemento dietetico con la mayor concetrancion de proteina por servicio, con solo 0.1g de lactosa y 23.4 gr de proteina por cada 25 gr de servicio. No contiene Soya, 0G de azucar, sin grasas adicionales o carbohidratos. El suero de leche utilizado en la ISO XP es producido por Grass Feed Cows Alta concentración proteína Fácil digestión y rápida absorción Promociones en Suplementos y Vitaminas Suplementos Nutricionales Nutrición Deportiva Fitness y Deportivos Proteinas Aisladas a Precio más Bajo Deportivos Suplementos Deportivos Más Proteinas con Mejores Resultados",page_or_detail_regex,false_no_component_match
Mifarma,Onza Endulzante con Sucralosa Sobres - Caja 100 UN,Onza Endulzante con Sucralosa Sobres - Caja 100 UN,,20.90,PEN,available,https://www.mifarma.com.pe/producto/onza-endulzante-con-sucralosa-sobres/559433,559433,ONZA,algolia_public_search,2026-06-08T00:46:29.445569+00:00,,"DEXTROSA , MALLTODEXTRINA , SUCRALOSA , DIÓXIDO DE SILICIO Este producto es distribuido por Inretail Pharma S.A. (Ley 32033) Dietas Suplementos Nutricionales Nutrición Deportiva Fitness y Deportivos Suplementos Dietéticos Dietéticos Edulcorante",,false_no_registro_sanitario
Mifarma,Termogénico Fat Burner Cápsula,Termogénico Fat Burner Cápsula,,109.90,PEN,available,https://www.mifarma.com.pe/producto/termogenico-fat-burner-capsula/302403,302403,LAB NUTRITION,algolia_public_search,2026-06-08T00:46:29.445766+00:00,,"Green tea 500mg,Garcinia gambogia 160mg,guarana 140mg,green tea 100mg,green coffe 100mg,cocoa 50mg,bio perine 5mg Este producto es distribuido por Inretail Pharma S.A. (Ley 32033) El quemador de grasa es un potente termogénico para perder peso formulado con ingredientes probados para perder peso que incluyen té verde, garcinia cambogia, guaraná, café verde y BioPerine. Suplementos Nutricionales Nutrición Deportiva Fitness y Deportivos Suplementos Dietéticos Dietéticos",,false_no_registro_sanitario
Mifarma,Proteína Gold Standard Whey Optimum Nutrition Vainilla Ice Cream,Proteína Gold Standard Whey Optimum Nutrition Vainilla Ice Cream,,365.90,PEN,available,https://www.mifarma.com.pe/producto/gold-standard-whey-vainilla-icre-cream/309179,309179,OPTIMUM NUTRITION,algolia_public_search,2026-06-08T00:46:29.445991+00:00,,"Mezcla de proteínas (Aislado de proteínas de suero 77.4%, concentrado de proteínas de suero 10.2%, Proteína hidrolizada de suero 3.2%), Saborizante natural y artificial 3.2%, Lecitina 0.6%, Goma de celulosa 4.2%, Goma Xantan 0.4%, Sal 0.5%, Sucralosa 0.2%, Acesulfame de Potasio Este producto es distribuido por Inretail Pharma S.A. (Ley 32033) Suplemento nutricional. Promociones en Suplementos y Vitaminas Suplementos Nutricionales Nutrición Deportiva Fitness y Deportivos Deportivos Suplementos Deportivos Más Proteinas con Mejores Resultados",,false_no_registro_sanitario
Mifarma,100% Hydrolyzed Whey Protein Isolate Vainilla Polvo Oral,100% Hydrolyzed Whey Protein Isolate Vainilla Polvo Oral,,189.90,PEN,available,https://www.mifarma.com.pe/producto/100-hydrolyzed-whey-protein-isolate-vainilla/311522,311522,LAB NUTRITION,algolia_public_search,2026-06-08T00:46:29.447599+00:00,,"INGREDIENTES: Hydrolyzed Whey Protein Isolate, Natural & Artificial Flavors, Salt, Silicon Dioxide, Xanthan Gum, Sunflower Leithin, Sucralose, Reb A (Stevia).Contains Milk. Este producto es distribuido por Inretail Pharma S.A. (Ley 32033) Promociones en Suplementos y Vitaminas Suplementos Nutricionales Nutrición Deportiva Fitness y Deportivos Proteinas Aisladas a Precio más Bajo Deportivos Suplementos Deportivos Más Proteinas con Mejores Resultados",,false_no_registro_sanitario
Mifarma,Pack 02 Aceite De Coco 120ML,Pack 02 Aceite De Coco 120ML,,23.90,PEN,available,https://www.mifarma.com.pe/producto/pack-02-aceite-de-coco-120ml/PACKNT631,PACKNT631,PERÚVIAN HEALTH,algolia_public_search,2026-06-08T00:46:29.447738+00:00,,Aceite de coco puro Este producto es distribuido por Inretail Pharma S.A. (Ley 32033) Suplementos Nutricionales Packs de Nutrición y Bienestar Naturales,,false_no_registro_sanitario
Mifarma,Miel de Abeja OLI21,Miel de Abeja OLI21,,23.90,PEN,available,https://www.mifarma.com.pe/producto/oli-21-miel-de-abeja/304715,304715,OLI21,algolia_public_search,2026-06-08T00:46:29.447848+00:00,,Miel de abeja Este producto es distribuido por Inretail Pharma S.A. (Ley 32033) Suplementos Nutricionales Naturales,,false_no_registro_sanitario
Mifarma,Premium Whey Protein Polvo Sabor Vainilla,Premium Whey Protein Polvo Sabor Vainilla,,303.90,PEN,available,https://www.mifarma.com.pe/producto/premium-whey-polvo-sabor-vainilla/547338,547338,LAB NUTRITION,algolia_public_search,2026-06-08T00:46:29.448090+00:00,,"Este producto es distribuido por Inretail Pharma S.A. (Ley 32033) Suplemento dietético Elaborado a base de concentrado de proteína de suero de leche, Hidrolizado de Proteína de Suero Aislado y Aislado de Proteína de Suero. Contiene 25 gr de proteína por cada cucharada dosificadora. Contiene Lactasa y proteasa. Libre de gluten.Ayuda a complementar los requerimientos de proteína diaria, como además contribuye en evitar la disminución de la masa muscular y promoviendo su aumento acompañado con actividad física y una alimentación balanceada. Promociones en Suplementos y Vitaminas Suplementos Nutricionales Nutrición Deportiva Fitness y Deportivos Deportivos Suplementos Deportivos Más Proteinas con Mejores Resultados",,false_no_registro_sanitario
Mifarma,Premium Whey Protein Polvo Sabor Chocolate,Premium Whey Protein Polvo Sabor Chocolate,,303.90,PEN,available,https://www.mifarma.com.pe/producto/premium-whey-polvo-sabor-chocolate/547337,547337,LAB NUTRITION,algolia_public_search,2026-06-08T00:46:29.448345+00:00,,"Este producto es distribuido por Inretail Pharma S.A. (Ley 32033) Suplemento dietético Elaborado a base de concentrado de proteína de suero de leche, Hidrolizado de Proteína de Suero Aislado y Aislado de Proteína de Suero. Contiene 25 gr de proteína por cada cucharada dosificadora. Contiene Lactasa y proteasa. Libre de gluten.Ayuda a complementar los requerimientos de proteína diaria, como además contribuye en evitar la disminución de la masa muscular y promoviendo su aumento acompañado con actividad física y una alimentación balanceada. Promociones en Suplementos y Vitaminas Suplementos Nutricionales Nutrición Deportiva Fitness y Deportivos Deportivos Suplementos Deportivos Más Proteinas con Mejores Resultados",,false_no_registro_sanitario
Mifarma,Arginine Watermelon,Arginine Watermelon,DE4639,119.90,PEN,available,https://www.mifarma.com.pe/producto/arginine-watermelon/311528,311528,LAB NUTRITION,algolia_public_search,2026-06-08T00:46:29.448485+00:00,,Este producto es distribuido por Inretail Pharma S.A. (Ley 32033) Suplementos Nutricionales Nutrición Deportiva Fitness y Deportivos Deportivos Suplementos Deportivos,digemid_name_inference,false_no_component_match
Mifarma,Sottilite Solución oral,Sottilite Solución oral,,89.90,PEN,available,https://www.mifarma.com.pe/producto/sottilite-solucion-oral/816716,816716,FARMACIENCIA NATURAL,algolia_public_search,2026-06-08T00:46:29.449258+00:00,,Extracto de Cynara Scolymus (Alcachofa) 2mlExtracto de Mentha Piperita L. (Menta) 2mlExtracto de Aloysia Citriodora P.(Hierba Luisa) 2mlExtracto de Ocimum Basilicum L. (Albahaca) 2mlAgua purificada C.S.P 100ml Este producto es distribuido por Inretail Pharma S.A. (Ley 32033) Suplementos Nutricionales Suplementos / Complementos Adultos Adulto,,false_no_registro_sanitario
Mifarma,Cetopic Serum 22%,Cetopic Serum 22%,,110.70,PEN,available,https://www.mifarma.com.pe/producto/cetopic-serum-22/307576,307576,CETOPIC,algolia_public_search,2026-06-08T00:46:29.449383+00:00,,Contiene:22% de vitamina C Este producto es distribuido por Inretail Pharma S.A. (Ley 32033) Multivitamínicos Suplementos / Complementos Adulto Para Adultos,,false_no_registro_sanitario
Mifarma,Aceite de Coco Orgánico Peruvian Health,Aceite de Coco Orgánico Peruvian Health,,12.90,PEN,available,https://www.mifarma.com.pe/producto/aceite-de-coco-organico-peruvian-health-120ml/307868,307868,PERÚVIAN HEALTH,algolia_public_search,2026-06-08T00:46:29.449516+00:00,,Aceite de coco puro Este producto es distribuido por Inretail Pharma S.A. (Ley 32033) Suplementos Nutricionales Naturales,,false_no_registro_sanitario
Mifarma,Forticao Hierro Hemínico Chocolate en Barra,Forticao Hierro Hemínico Chocolate en Barra,,29.00,PEN,available,https://www.mifarma.com.pe/producto/forticao-hierro-heminico-chocolate-en-barra/529497,529497,FORTICAO,algolia_public_search,2026-06-08T00:46:29.449706+00:00,,"Cobertura de leche: Azúcar blanda, manteca vegetal, cacao natural, leche descremada, lecitina de soya y saborizante. Chocolate de leche: Azúcar, manteca de cacao, leche descremada en polvo, leche entera en polvo, masa de cacao, caramelo en polvo, suero de leche, lactosa, emulsificante y saborizante. Este producto es distribuido por Inretail Pharma S.A. (Ley 32033) Minerales Vitaminas y Suplementos Sistema Sanguíneo Antianémicos Hierro",,false_no_registro_sanitario
Mifarma,Pack 01 Fenogreco 500mg Lima Naturals + 01 Espirulina 500mg Lima Naturals,Pack 01 Fenogreco 500mg Lima Naturals + 01 Espirulina 500mg Lima Naturals,,81.00,PEN,available,https://www.mifarma.com.pe/producto/pack-1-fenogreco-500mg-lima-naturals-1-espirulina/PACKNT93,PACKNT93,OLEMART,algolia_public_search,2026-06-08T00:46:29.449862+00:00,,"100% Fenogreco. Espirulina: Espirulina, berros y alcachofa. Este producto es distribuido por Inretail Pharma S.A. (Ley 32033) Alimentos Naturales Suplementos y Vitaminas Packs de Nutrición y Bienestar Antiflamatorio y Antiartrósico Otros Alimentos Naturales Espirulina",,false_no_registro_sanitario
Mifarma,Stevia Helty Sobres - Caja 50 UN,Stevia Helty Sobres - Caja 50 UN,,9.90,PEN,available,https://www.mifarma.com.pe/producto/stevia-helty-sobres/538577,538577,HELTY,algolia_public_search,2026-06-08T00:46:29.450048+00:00,,"DEXTROSA , MALTODEXTRINA , HOJA STEVIA Este producto es distribuido por Inretail Pharma S.A. (Ley 32033) Gracias a sus propiedades ayuda a reducir los niveles de presión arterial en los hipertensos. Las hojas de la Stevia funcionan como antioxidante siendo 7 veces más fuerte que el té verde. Dietas Suplementos Nutricionales Nutrición Deportiva Fitness y Deportivos Suplementos Dietéticos Dietéticos Edulcorante",,false_no_registro_sanitario
Mifarma,Lima naturals Cúrcuma Pimienta negra & Kion Polvo,Lima naturals Cúrcuma Pimienta negra & Kion Polvo,,48.50,PEN,available,https://www.mifarma.com.pe/producto/lima-naturals-curcuma-pimienta-negra-kion-polvo/303995,303995,OLEMART,algolia_public_search,2026-06-08T00:46:29.450182+00:00,,"Cúrcuma, Pimienta negra y Kion en polvo Este producto es distribuido por Inretail Pharma S.A. (Ley 32033) Suplementos y Vitaminas Antiflamatorio y Antiartrósico",,false_no_registro_sanitario
Mifarma,Proteína 100% Whey Isolate Scitec Nutrition Chocolate,Proteína 100% Whey Isolate Scitec Nutrition Chocolate,,399.90,PEN,available,https://www.mifarma.com.pe/producto/100-whey-isolate-chocolate-polvo-para-susp-oral/302309,302309,SCITEC NUTRITION,algolia_public_search,2026-06-08T00:46:29.450376+00:00,,"Proteína aislada de suero (84%), lecitina, L-glutamina (5.3%), cocoa bajo en grasa, sabor a chocolate, L arginina (1.2%), sal, goma xantana, sucralosa, acesulfame de potasio. Este producto es distribuido por Inretail Pharma S.A. (Ley 32033) Suplemento nutricional. Promociones en Suplementos y Vitaminas Suplementos Nutricionales Nutrición Deportiva Fitness y Deportivos Proteinas Aisladas a Precio más Bajo Deportivos Suplementos Deportivos Más Proteinas con Mejores Resultados",,false_no_registro_sanitario
Mifarma,Fenogreco 500mg Lima Naturals Cápsulas,Fenogreco 500mg Lima Naturals Cápsulas,,42.90,PEN,available,https://www.mifarma.com.pe/producto/fenogreco-500mg-lima-naturals-capsulas/800409,800409,OLEMART,algolia_public_search,2026-06-08T00:46:29.450520+00:00,,100% Fenogreco. Este producto es distribuido por Inretail Pharma S.A. (Ley 32033) Alimentos Naturales Suplementos y Vitaminas Antiflamatorio y Antiartrósico Otros Alimentos Naturales,,false_no_registro_sanitario
Mifarma,Cúrcuma 500mg Lima Naturals Cápsulas,Cúrcuma 500mg Lima Naturals Cápsulas,,42.90,PEN,available,https://www.mifarma.com.pe/producto/curcuma-500mg-lima-naturals-capsulas/800403,800403,OLEMART,algolia_public_search,2026-06-08T00:46:29.450653+00:00,,"Cúrcuma, Pimienta Negra, Kion en polvo. Este producto es distribuido por Inretail Pharma S.A. (Ley 32033) Alimentos Naturales Suplementos y Vitaminas Antiflamatorio y Antiartrósico Otros Alimentos Naturales",,false_no_registro_sanitario
Mifarma,Pack Herbals & Health Ashwagandha + Golden Lady Shatavari Tableta,Pack Herbals & Health Ashwagandha + Golden Lady Shatavari Tableta,,185.90,PEN,available,https://www.mifarma.com.pe/producto/pack-herbals-health-ashwagandha-golden-lady/PACKNT751,PACKNT751,HERBALS & HEALTH,algolia_public_search,2026-06-08T00:46:29.450981+00:00,,"Extracto pulverizado de raíz de Ashwagandha orgánica (Withania Somnífera) 500 mg Extracto de Asparagus racemosus (raíz) (Shatavari) 250 mg Extracto de Dioscorea villosa (Raíz) (Ñame Silvestre) 200 mg Extracto de Pueraria tuberosa (Raíz) (Kudzu) 120 mg Extracto de Glycyrrhiza glabra (Raíz) (Regaliz) 100mg Polvo de Asparagus racemosus (raíz) (Shatavari) 100 mg Polvo de Dioscorea villosa (Raíz) (Ñame Silvestre) 100 mg Polvo de Pueraria tuberosa (Raíz)(Kudzu) 80 mg. Este producto es distribuido por Inretail Pharma S.A. (Ley 32033) Ashwagandha - Withania somnífera - ha sido referido como Ginseng indio; sus raíces se usan en la medicina ayurvédica de la misma manera que el ginseng se usa en la medicina tradicional china. Esta magnífica hierba es muy útil para aumentar la energía, la fuerza, la resistencia, el rejuvenecimiento total del cuerpo y su capacidad para aliviar el estrés. Suplementos y Vitaminas Packs de Nutrición y Bienestar Ayuda a Relajarte y Dormir Mejor",,false_no_registro_sanitario
Mifarma,Pack 3 Cereal Infatil NESTUM® Trigo y Miel,Pack 3 Cereal Infatil NESTUM® Trigo y Miel,,53.10,PEN,available,https://www.mifarma.com.pe/producto/pack-3-cereal-infatil-nestum-trigo-miel/PACKNT750,PACKNT750,NESTUM,algolia_public_search,2026-06-08T00:46:29.451537+00:00,,"Harina de trigo (93.3%), Miel de abejas (4.5%), Reguladores de acidez (Carbonato de Calcio INS170i y Fosfato Dipotásico INS340ii) Vitaminas y minerales (Vitamina C, Fumarato Ferroso, Sulfato de Zinc, Vitamina E, Niacina, Pantotenato de Calcio, Vimina B1, Vitamina B2, Vitamina A, Vitamina B6, Ácido Fólico, Biotina, Vitamina D3 y Vitamina B12), Probióticos (Bifidobacterium Lactis 1 x 106 UFC/g) y Aroma idéntico al natural (Vainillina), Contiene gluten. Puede contener leche. Este producto es distribuido por Inretail Pharma S.A. (Ley 32033) NAN® OPTIPRO® 3 entrega a tu hijo una combinación exclusiva de ingredientes de alta calidad, para contribuir a su adecuado crecimiento y desarrollo. Contiene: HMO 2’FL: Es un Oligosacárido que es estructuralmente idéntico al más abundante que se encuentra en la leche materna. El oligosacárido 2'FL junto a los nutrientes de NAN® contribuye a la función adecuada de la inmunidad. PROTEÍNA OPTIPRO®: Proceso de optimización de proteínas exclusiva de NAN® OPTIPRO® 3, único en calidad y cantidad. Aporta proteínas necesarias para apoyar el crecimiento adecuado de tu hijo. PROBIÓTICO BL: Promueve un intestino saludable. Ayuda al desarrollo de la microbiota intestinal adecuada y al normal funcionamiento del sistema digestivo. DHA: ácido graso esencial, importante en la nutrición de tu hijo. Packs de Nutrición Infantil Suplementos / Complementos Fórmula para Bebés Packs de Nutrición y Bienestar Cereales Cereales y Compotas",,false_no_registro_sanitario
Mifarma,Pack 3 Cereal Infantil NESTUM® Arroz,Pack 3 Cereal Infantil NESTUM® Arroz,,53.10,PEN,available,https://www.mifarma.com.pe/producto/pack-3-cereal-infantil-nestum-arroz/PACKNT749,PACKNT749,NESTUM,algolia_public_search,2026-06-08T00:46:29.452072+00:00,,"Harina de arroz (96.5%), Minerales (Carbonato de calcio, Fosfato dipotásico), Vitaminas y Minerales Vitamina C, Fumarato ferroso Sulfato de zinc, Vitmina E, Niacina, Pantotenato de calcio, Vitamina B1, Vitamina B2, Vitamina A, Vitamina B6, Ácido fólico, Biotina,Vitamina D3 y Vitamina B12), Emulsionante (Lecitina de soya), Aromatizante artificial (Vainillina), Probióticos Bifidobacteium Lactis 1 x 106 UFC/g). Contiene derivados de Soya Puede contener gluten y leche. Este producto es distribuido por Inretail Pharma S.A. (Ley 32033) NAN® OPTIPRO® 3 entrega a tu hijo una combinación exclusiva de ingredientes de alta calidad, para contribuir a su adecuado crecimiento y desarrollo. Contiene: HMO 2’FL: Es un Oligosacárido que es estructuralmente idéntico al más abundante que se encuentra en la leche materna. El oligosacárido 2'FL junto a los nutrientes de NAN® contribuye a la función adecuada de la inmunidad. PROTEÍNA OPTIPRO®: Proceso de optimización de proteínas exclusiva de NAN® OPTIPRO® 3, único en calidad y cantidad. Aporta proteínas necesarias para apoyar el crecimiento adecuado de tu hijo. PROBIÓTICO BL: Promueve un intestino saludable. Ayuda al desarrollo de la microbiota intestinal adecuada y al normal funcionamiento del sistema digestivo. DHA: ácido graso esencial, importante en la nutrición de tu hijo. Packs de Nutrición Infantil Suplementos / Complementos Fórmula para Bebés Packs de Nutrición y Bienestar Cereales Cereales y Compotas",,false_no_registro_sanitario
Mifarma,Pack 3 Cereal Infantil NESTUM® 5 Cereales,Pack 3 Cereal Infantil NESTUM® 5 Cereales,,53.10,PEN,available,https://www.mifarma.com.pe/producto/pack-3-cereal-infantil-nestum-5-cereales/PACKNT748,PACKNT748,NESTUM,algolia_public_search,2026-06-08T00:46:29.452628+00:00,,"Harina de trigo, Azúcar, Harina de avena integral, Harina de cebada, Harina de maíz, Harina de arroz, Minerales (Carbonato de Calcio, Fosfato Dipotásico), Vitaminas y Minerales [Vitamina C, Fumarato Ferroso, Sulfato de Zinc, Vitamina E, Niacina, Pantotenato de Calcio, Vitamina BI, Vitamina B2, Vitamina A, Vitamina B6, Ácido Fólico, Biotina, Vitamina D3 y Vitamina B12], Probióticos (Bifidobacterium lactis 1 x 106 UFC/g) y Aroma idéntico al natural (Vainillina). CONTIENE GLUTEN, Puede contener leche, lactosa. Este producto es distribuido por Inretail Pharma S.A. (Ley 32033) NAN® OPTIPRO® 3 entrega a tu hijo una combinación exclusiva de ingredientes de alta calidad, para contribuir a su adecuado crecimiento y desarrollo. Contiene: HMO 2’FL: Es un Oligosacárido que es estructuralmente idéntico al más abundante que se encuentra en la leche materna. El oligosacárido 2'FL junto a los nutrientes de NAN® contribuye a la función adecuada de la inmunidad. PROTEÍNA OPTIPRO®: Proceso de optimización de proteínas exclusiva de NAN® OPTIPRO® 3, único en calidad y cantidad. Aporta proteínas necesarias para apoyar el crecimiento adecuado de tu hijo. PROBIÓTICO BL: Promueve un intestino saludable. Ayuda al desarrollo de la microbiota intestinal adecuada y al normal funcionamiento del sistema digestivo. DHA: ácido graso esencial, importante en la nutrición de tu hijo. Packs de Nutrición Infantil Suplementos / Complementos Fórmula para Bebés Packs de Nutrición y Bienestar Cereales Cereales y Compotas",,false_no_registro_sanitario
Mifarma,Pack 3 Cereal Infantil NESTUM® Trigo y Quinua,Pack 3 Cereal Infantil NESTUM® Trigo y Quinua,,53.10,PEN,available,https://www.mifarma.com.pe/producto/pack-3-cereal-infantil-nestum-trigo-quinua/PACKNT747,PACKNT747,NESTUM,algolia_public_search,2026-06-08T00:46:29.453197+00:00,,"Harina de cereales (86.8%) (Trigo, Triticalé, Quinua, Maíz, Centeno, Cebada, Arroz y Avena), Azúcar,Vitaminas y minerales [Carbonato de calcio, Fosfato dipotásico, Vitamina C (Ácido ascórbico), Maltodextrina, Fumarato ferroso, Sulfato de zinc, Vitamina E (D, L - alfa tocoferil acetato), Niacina, Pantotenato de calcio, Vitamina B1 (Mononitrato de tiamina), Vitamina B2 (Riboflavina), Vitamina A (Acetato de retinol), Vitamina B6 (Hidrocloruro de piridoxina), Ácido fólico, Biotina, Vitamina D3 (Colecalciferol) y Vitamina B12 (Cianocobalamina)], Probiótico (Bifidobacterium lactis 1 x 106 UFC/g) y Saborizante. Puede contener leche. Este producto es distribuido por Inretail Pharma S.A. (Ley 32033) NAN® OPTIPRO® 3 entrega a tu hijo una combinación exclusiva de ingredientes de alta calidad, para contribuir a su adecuado crecimiento y desarrollo. Contiene: HMO 2’FL: Es un Oligosacárido que es estructuralmente idéntico al más abundante que se encuentra en la leche materna. El oligosacárido 2'FL junto a los nutrientes de NAN® contribuye a la función adecuada de la inmunidad. PROTEÍNA OPTIPRO®: Proceso de optimización de proteínas exclusiva de NAN® OPTIPRO® 3, único en calidad y cantidad. Aporta proteínas necesarias para apoyar el crecimiento adecuado de tu hijo. PROBIÓTICO BL: Promueve un intestino saludable. Ayuda al desarrollo de la microbiota intestinal adecuada y al normal funcionamiento del sistema digestivo. DHA: ácido graso esencial, importante en la nutrición de tu hijo. Packs de Nutrición Infantil Suplementos / Complementos Fórmula para Bebés Packs de Nutrición y Bienestar Cereales Cereales y Compotas",,false_no_registro_sanitario
Mifarma,Pack 02 Similac 3 con Mezcla de 5HMOs,Pack 02 Similac 3 con Mezcla de 5HMOs,,393.80,PEN,available,https://www.mifarma.com.pe/producto/pack-02-similac-3-mezcla-5hmos/PACKNT738,PACKNT738,SIMILAC,algolia_public_search,2026-06-08T00:46:29.455353+00:00,,"Leche descremada, lactosa, ACEITES VEGETALES (aceite de girasol alto en oleico, aceite de soya, aceite de coco), mezcla de 5 HMOs (oligosacáridos) [2'-fucosil lactosa, lacto-N-tetraosa, 3-fucosil lactosa, 6'-sialil lactosa, 3'-sialil lactosa],MINERALES (fosfato tricálcico, carbonato de calcio, citrato de potasio, cloruro de sodio, hidróxido de potasio, sulfato ferroso, sulfato de zinc, cloruro de calcio, cloruro de magnesio, sulfato de cobre, sulfato de manganeso, selenato de sodio, yoduro de potasio), VITAMINAS (ácido ascórbico, palmitato de ascorbilo, niacinamida, dl-alfatocoferil acetato,d-pantotenato de calcio, palmitato de retinilo, clorhidrato de tiamina, clorhidrato de piridoxina, riboflavina, ácido fólico, filoquinona, d-biotina, colecalciferol, cianocobalamina), emulsionante (lecitina de soya, SIN 322 (i)), mio-inositol, ácido docosahexaenoico (DHA) a partir de aceite de alga, saborizantes a vainilla, cloruro de colina, bitartrato de colina, taurina, NUCLEÓTIDOS (5'-monofosfato de citidina, 5'monofosfato de uridina disódica, 5'-monofosfato de adenosina, 5'-monofosfato de guanosina disódica), ácido araquidónico (AA) a partir de aceite de M. alpina, Bidobacterium lactis, antioxidante (tocoferol concentrado, mezcla, SIN 307b),CAROTENOIDES (luteína, ß-caroteno). Este producto es distribuido por Inretail Pharma S.A. (Ley 32033) Nutrición Pensada en ti y tu Familia Packs de Nutrición Infantil Suplementos Nutricionales Suplementos / Complementos Fórmula para Bebés Fórmula Láctea Regular 3 Fórmula Infantil Especial Similac Pediátricos",,false_no_registro_sanitario
Mifarma,Pack 02 Similac Total Comfort KID ProSensitive,Pack 02 Similac Total Comfort KID ProSensitive,,270.80,PEN,available,https://www.mifarma.com.pe/producto/pack-02-similac-total-comfort-kid-prosensitive/PACKNT737,PACKNT737,SIMILAC,algolia_public_search,2026-06-08T00:46:29.455813+00:00,,"Maltodextrina, ACEITES VEGETALES (aceite de girasol alto en oleico, aceite de soya, aceite de coco), proteína parcialmente hidrolizada de suero, sacarosa, MINERALES(fosfato tricálcico, cloruro de calcio, fosfato de potasio, hidróxido de potasio, sulfato de magnesio, citrato de sodio, cloruro de sodio, sulfato ferroso, cloruro de potasio, sulfato de zinc, sulfato de cobre, sulfato de manganeso, yoduro de potasio, selenito de sodio), fructo-oligosacáridos (FOS), saborizantes, VITAMINAS (ácido ascórbico, ascorbato de sodio, palmitato de ascorbilo, niacinamida, vitamina E, d-pantotenato de calcio,clorhidrato de piridoxina, palmitato de vitamina A, clorhidrato de tiamina, riboflavina, ácido fólico, vitamina K1, d-biotina, vitamina D3, vitamina B12), *oligosacárido 2'-fucosillactosa (2'-FL), emulsionante (lecitina de soya, SIN 322(i)), cloruro de colina, ácido araquidónico (AA) a partir de aceite de M. alpina, ácido docosahexaenoico (DHA) a partir de aceite de alga, NUCLEÓTIDOS (5'-monofosfato de citidina, 5'-monofosfato de uridina disódica, 5'-monofosfato de guanosina disódica, 5'-monofosfato de adenosina),taurina, antioxidante (tocoferol concentrado, mezcla, SIN 307b), CAROTENOIDES (luteína, beta caroteno). Contiene ingredientes derivados de leche y soya. Este producto es distribuido por Inretail Pharma S.A. (Ley 32033) Nutrición Pensada en ti y tu Familia Packs de Nutrición Infantil Suplementos Nutricionales Suplementos / Complementos Fórmula para Bebés Fórmula Láctea Regular 1 Fórmula Infantil Especial Pediátricos Similac",,false_no_registro_sanitario
Mifarma,Pack Geriaplus Defense Inmunoact Polvo Lúcuma 3 UN,Pack Geriaplus Defense Inmunoact Polvo Lúcuma 3 UN,,269.70,PEN,available,https://www.mifarma.com.pe/producto/pack-geriaplus-inmunoact-polvo-sabor-lucuma-3-un/PACKNT556,PACKNT556,GERIAPLUS,algolia_public_search,2026-06-08T00:46:29.458392+00:00,,"Geriaplus Inmunoact Polvo Sabor lúcuma: Leche descremada en polvo, Proteínaaislada de soya, Aceite de canola (Ácidolinolénico/ Ácido linoleico), Polidextrosa(SIN 1200), Fibra de avena, Maltodextrina,Lactosuero, Premix de vitaminasy minerales, Sabor lúcuma, Fosfatotricálcico (fuente de fósforo y calcio), Aceite de pescado (Fuente de DHA/EPA),Betaglucano, Dióxido de silicio (SIN 551),Colorante lúcuma (SIN 110, SIN 129, SIN133), Sucralosa (SIN 955). Geriaplus Inmunoact Polvo Sabor lúcuma: Leche descremada en polvo, Proteínaaislada de soya, Aceite de canola (Ácidolinolénico/ Ácido linoleico), Polidextrosa(SIN 1200), Fibra de avena, Maltodextrina,Lactosuero, Premix de vitaminasy minerales, Sabor lúcuma, Fosfatotricálcico (fuente de fósforo y calcio), Aceite de pescado (Fuente de DHA/EPA),Betaglucano, Dióxido de silicio (SIN 551),Colorante lúcuma (SIN 110, SIN 129, SIN133), Sucralosa (SIN 955). Geriaplus Inmunoact Polvo Sabor lúcuma: Leche descremada en polvo, Proteínaaislada de soya, Aceite de canola (Ácidolinolénico/ Ácido linoleico), Polidextrosa(SIN 1200), Fibra de avena, Maltodextrina,Lactosuero, Premix de vitaminasy minerales, Sabor lúcuma, Fosfatotricálcico (fuente de fósforo y calcio), Aceite de pescado (Fuente de DHA/EPA),Betaglucano, Dióxido de silicio (SIN 551),Colorante lúcuma (SIN 110, SIN 129, SIN133), Sucralosa (SIN 955). Suplementos Nutricionales Suplementos / Complementos Packs de Nutrición y Bienestar Nutrición Adulto Adultos Adulto Geriátricos",,false_no_registro_sanitario
Mifarma,Pack Geriaplus Defense Inmunoact Polvo Chocolate 3 UN,Pack Geriaplus Defense Inmunoact Polvo Chocolate 3 UN,,269.70,PEN,available,https://www.mifarma.com.pe/producto/pack-geriaplus-inmunoact-polvo-chocolate-3-un/PACKNT555,PACKNT555,GERIAPLUS,algolia_public_search,2026-06-08T00:46:29.458840+00:00,,"Geriaplus Inmunoact Polvo Sabor chocolate: Leche descremada en polvo, Proteínaaislada de soya, Aceite de canola (Ácidolinolénico/ Ácido linoleico), Polidextrosa(SIN 1200), Cocoa, Fibra de avena,Maltodextrina, Premix de vitaminas yminerales, Lactosuero, Sabor chocolate,Fosfato Tricálcico (fuente de fósforo ycalcio), Aceite de pescado (Fuente deDHA/EPA), Betaglucano, Dióxido de silicio(SIN 551), Color chocolate (SIN 129, SIN 150d,SIN 551), Sucralosa (SIN 955). Geriaplus Inmunoact Polvo Sabor chocolate: Leche descremada en polvo, Proteínaaislada de soya, Aceite de canola (Ácidolinolénico/ Ácido linoleico), Polidextrosa(SIN 1200), Cocoa, Fibra de avena,Maltodextrina, Premix de vitaminas yminerales, Lactosuero, Sabor chocolate,Fosfato Tricálcico (fuente de fósforo ycalcio), Aceite de pescado (Fuente deDHA/EPA), Betaglucano, Dióxido de silicio(SIN 551), Color chocolate (SIN 129, SIN 150d,SIN 551), Sucralosa (SIN 955). Geriaplus Inmunoact Polvo Sabor chocolate: Leche descremada en polvo, Proteínaaislada de soya, Aceite de canola (Ácidolinolénico/ Ácido linoleico), Polidextrosa(SIN 1200), Cocoa, Fibra de avena,Maltodextrina, Premix de vitaminas yminerales, Lactosuero, Sabor chocolate,Fosfato Tricálcico (fuente de fósforo ycalcio), Aceite de pescado (Fuente deDHA/EPA), Betaglucano, Dióxido de silicio(SIN 551), Color chocolate (SIN 129, SIN 150d,SIN 551), Sucralosa (SIN 955). Suplementos Nutricionales Suplementos / Complementos Packs de Nutrición y Bienestar Nutrición Adulto Adultos Adulto Geriátricos",,false_no_registro_sanitario
Mifarma,Pack Geriaplus Defense Inmunoact Polvo Vainilla 3 UN,Pack Geriaplus Defense Inmunoact Polvo Vainilla 3 UN,,269.70,PEN,available,https://www.mifarma.com.pe/producto/pack-geriaplus-inmunoact-polvo-vainilla-3-un/PACKNT554,PACKNT554,GERIAPLUS,algolia_public_search,2026-06-08T00:46:29.459226+00:00,,"Geriaplus Inmunoact Polvo Sabor vainilla: Leche descremada en polvo, Proteínaaislada de soya, Aceite de canola (Ácidolinolénico/ Ácido linoleico), Polidextrosa(SIN 1200), Fibra de avena, Lactosuero,Maltodextrina, Sabor vainilla, Premix devitaminas y minerales, Fosfato Tricálcico(fuente de fósforo y calcio), Aceite depescado (Fuente de DHA/EPA),Betaglucano, Dióxido de silicio (SIN 551),Sucralosa (SIN 955). Geriaplus Inmunoact Polvo Sabor vainilla: Leche descremada en polvo, Proteínaaislada de soya, Aceite de canola (Ácidolinolénico/ Ácido linoleico), Polidextrosa(SIN 1200), Fibra de avena, Lactosuero,Maltodextrina, Sabor vainilla, Premix devitaminas y minerales, Fosfato Tricálcico(fuente de fósforo y calcio), Aceite depescado (Fuente de DHA/EPA),Betaglucano, Dióxido de silicio (SIN 551),Sucralosa (SIN 955). Geriaplus Inmunoact Polvo Sabor vainilla: Leche descremada en polvo, Proteínaaislada de soya, Aceite de canola (Ácidolinolénico/ Ácido linoleico), Polidextrosa(SIN 1200), Fibra de avena, Lactosuero,Maltodextrina, Sabor vainilla, Premix devitaminas y minerales, Fosfato Tricálcico(fuente de fósforo y calcio), Aceite depescado (Fuente de DHA/EPA),Betaglucano, Dióxido de silicio (SIN 551),Sucralosa (SIN 955). Suplementos Nutricionales Suplementos / Complementos Packs de Nutrición y Bienestar Nutrición Adulto Adultos Adulto Geriátricos",,false_no_registro_sanitario
Mifarma,Pack Geriaplus DB Inmunoact Polvo Vainilla 3 UN,Pack Geriaplus DB Inmunoact Polvo Vainilla 3 UN,,269.70,PEN,available,https://www.mifarma.com.pe/producto/pack-geriaplus-inmunoact-polvo-vainilla-3-un/PACKNT553,PACKNT553,GERIAPLUS,algolia_public_search,2026-06-08T00:46:29.459732+00:00,,"Geriaplus DB Inmunoact Polvo Sabor vainilla: Soya en polvo, proteína aislada de soya, caseinato de calcio, maltodextrina, polidextrosa (SIN 1200), aceite de canola (ácido linolénico / ácido linoleico), fibra de avena, sorbitol (SIN 420i), sabor vainilla, sabor leche, premix de vitaminas y minerales, fosfoto tricalcico (fuente de fósforo y calcio), aceite de pescado (fuente de DHA/EPA), betaglucano, dióxido de silicio (SIN 551), Lecitina de soya (SIN 322i). Geriaplus DB Inmunoact Polvo Sabor vainilla: Soya en polvo, proteína aislada de soya, caseinato de calcio, maltodextrina, polidextrosa (SIN 1200), aceite de canola (ácido linolénico / ácido linoleico), fibra de avena, sorbitol (SIN 420i), sabor vainilla, sabor leche, premix de vitaminas y minerales, fosfoto tricalcico (fuente de fósforo y calcio), aceite de pescado (fuente de DHA/EPA), betaglucano, dióxido de silicio (SIN 551), Lecitina de soya (SIN 322i). Geriaplus DB Inmunoact Polvo Sabor vainilla: Soya en polvo, proteína aislada de soya, caseinato de calcio, maltodextrina, polidextrosa (SIN 1200), aceite de canola (ácido linolénico / ácido linoleico), fibra de avena, sorbitol (SIN 420i), sabor vainilla, sabor leche, premix de vitaminas y minerales, fosfoto tricalcico (fuente de fósforo y calcio), aceite de pescado (fuente de DHA/EPA), betaglucano, dióxido de silicio (SIN 551), Lecitina de soya (SIN 322i). Suplementos Nutricionales Suplementos / Complementos Packs de Nutrición y Bienestar Nutrición Adulto Adultos Adulto Geriátricos",,false_no_registro_sanitario
Mifarma,Pack Geriaplus Advance Polvo Vainilla 3 UN,Pack Geriaplus Advance Polvo Vainilla 3 UN,,318.00,PEN,available,https://www.mifarma.com.pe/producto/pack-geriaplus-advance-polvo-vainilla-3-un/PACKNT552,PACKNT552,GERIAPLUS,algolia_public_search,2026-06-08T00:46:29.460129+00:00,,"Geriaplus Advance Polvo Sabor vainilla: Leche descremada en polvo, Proteínaaislada de soya, Aceite de canola (Ácidolinolénico/ Ácido linoleico), Polidextrosa(SIN 1200), Fibra de avena, Lactosuero,Maltodextrina, Sabor vainilla, Premix devitaminas y minerales, Fosfato Tricálcico(fuente de fósforo y calcio), Aceite depescado (Fuente de DHA/EPA),Betaglucano, Dióxido de silicio (SIN 551),Sucralosa (SIN 955). Geriaplus Advance Polvo Sabor vainilla: Leche descremada en polvo, Proteínaaislada de soya, Aceite de canola (Ácidolinolénico/ Ácido linoleico), Polidextrosa(SIN 1200), Fibra de avena, Lactosuero,Maltodextrina, Sabor vainilla, Premix devitaminas y minerales, Fosfato Tricálcico(fuente de fósforo y calcio), Aceite depescado (Fuente de DHA/EPA),Betaglucano, Dióxido de silicio (SIN 551),Sucralosa (SIN 955). Geriaplus Advance Polvo Sabor vainilla: Leche descremada en polvo, Proteínaaislada de soya, Aceite de canola (Ácidolinolénico/ Ácido linoleico), Polidextrosa(SIN 1200), Fibra de avena, Lactosuero,Maltodextrina, Sabor vainilla, Premix devitaminas y minerales, Fosfato Tricálcico(fuente de fósforo y calcio), Aceite depescado (Fuente de DHA/EPA),Betaglucano, Dióxido de silicio (SIN 551),Sucralosa (SIN 955). Suplementos Nutricionales Suplementos / Complementos Packs de Nutrición y Bienestar Nutrición Adulto Adultos Adulto Geriátricos",,false_no_registro_sanitario
Mifarma,Pack 02 Glucerna Sabor Vainilla,Pack 02 Glucerna Sabor Vainilla,,279.80,PEN,available,https://www.mifarma.com.pe/producto/pack-glucerna-sabor-vainilla/PACKNT524,PACKNT524,ABBOTT,algolia_public_search,2026-06-08T00:46:29.461633+00:00,,"Maltodextrina, ACEITES VEGETALES (aceite de canola, aceite de girasol alto en oleico),sucromaltosa, caseinato de calcio, maltitol, proteína de soya, proteína láctea, MINERALES(citrato de sodio, cloruro de potasio, fosfato dibásico de magnesio, carbonato de calcio,fosfato dibásico de potasio, sulfato de sodio, sulfato de magnesio, citrato de potasio, sulfatoferroso, sulfato de zinc, sulfato de manganeso, sulfato cúprico, cloruro de cromo, yoduro depotasio, molibdato de sodio, selenato de sodio), oligofructosa (FOS), isomaltulosa, mioinositol,fibradeavena,saborartificialavainilla,VITAMINAS(ácidoascórbico,palmitatodeascorbilo,vitamina E, niacinamida, pantotenato de calcio, clorhidrato de piridoxina,clorhidrato de tiamina, riboflavina, palmitato de vitamina A, ácido fólico, filoquinona, biotina,vitamina D3, cianocobalamina), lecitina de soya (emulsionante), cloruro de colina,acesulfame de potasio (edulcorante). Este producto es distribuido por Inretail Pharma S.A. (Ley 32033) Suplementos Nutricionales Packs de Nutrición y Bienestar Geriátricos",,false_no_registro_sanitario
Mifarma,Pack 02 Endulzante Dul-Suc,Pack 02 Endulzante Dul-Suc,,51.80,PEN,available,https://www.mifarma.com.pe/producto/pack-2-endulzante-dul-suc/PACKNT263,PACKNT263,DUL-SUC,algolia_public_search,2026-06-08T00:46:29.462885+00:00,,Este producto es distribuido por Inretail Pharma S.A. (Ley 32033) Dietas Suplementos Nutricionales Nutrición Deportiva Packs de Nutrición y Bienestar Fitness y Deportivos Suplementos Dietéticos Dietéticos Edulcorante,,false_no_registro_sanitario
Mifarma,Pack 2 Helty Stevia Sobres,Pack 2 Helty Stevia Sobres,,39.80,PEN,available,https://www.mifarma.com.pe/producto/pack-2-helty-stevia-sobres/PACKNT175,PACKNT175,HELTY,algolia_public_search,2026-06-08T00:46:29.463064+00:00,,"MALTODEXTRINA , DEXTROSA , HOJA STEVIA Este producto es distribuido por Inretail Pharma S.A. (Ley 32033) Gracias a sus propiedades ayuda a reducir los niveles de presión arterial en los hipertensos. Las hojas de la Stevia funcionan como antioxidante siendo 7 veces más fuerte que el té verde. Dietas Suplementos Nutricionales Nutrición Deportiva Packs de Nutrición y Bienestar Fitness y Deportivos Suplementos Dietéticos Dietéticos Edulcorante",,false_no_registro_sanitario
Mifarma,Pack Herbals & Health Ashwagandha + Blissful Men Shilajit Tableta,Pack Herbals & Health Ashwagandha + Blissful Men Shilajit Tableta,,185.90,PEN,available,https://www.mifarma.com.pe/producto/pack-herbals-health-ashwagandha-blissful-men/PACKCP399,PACKCP399,HERBALS & HEALTH,algolia_public_search,2026-06-08T00:46:29.463732+00:00,,"Extracto pulverizado de raíz de Ashwagandha orgánica (Withania Somnífera) 500 mg Este producto es distribuido por Inretail Pharma S.A. (Ley 32033) Ashwagandha - Withania somnífera - ha sido referido como Ginseng indio; sus raíces se usan en la medicina ayurvédica de la misma manera que el ginseng se usa en la medicina tradicional china. Esta magnífica hierba es muy útil para aumentar la energía, la fuerza, la resistencia, el rejuvenecimiento total del cuerpo y su capacidad para aliviar el estrés. Suplementos y Vitaminas Packs de Cuidado Personal Ayuda a Relajarte y Dormir Mejor",,false_no_registro_sanitario
Mifarma,Warmi Polvo - Pote 330 G,Warmi Polvo - Pote 330 G,,77.00,PEN,available,https://www.mifarma.com.pe/producto/warmi-polvo/515126,515126,HERSIL,algolia_public_search,2026-06-08T00:46:29.463878+00:00,,"Este producto es distribuido por Inretail Pharma S.A. (Ley 32033) Indicado en el alivio de los sofocos que aparecen durante la menopausia, y los cambios de humor. Suplementos Nutricionales Cuidado de la Mujer Adultos Geriátricos Antimenospausico",,false_no_registro_sanitario
Mifarma,ArtriAliv® 500mg-400mg Comprimido,ArtriAliv® 500mg-400mg Comprimido,,91.90,PEN,available,https://www.mifarma.com.pe/producto/artrialiv-500-400-mg/514408,514408,ARTRIALIV,algolia_public_search,2026-06-08T00:46:29.463986+00:00,,Glucosamina 500mg| Condroitina 400mg Este producto es distribuido por Inretail Pharma S.A. (Ley 32033) Suplementos Nutricionales Naturales,,false_no_registro_sanitario
Mifarma,Diagrin Flex Polvo para Solución Oral,Diagrin Flex Polvo para Solución Oral,,190.20,PEN,available,https://www.mifarma.com.pe/producto/diagrin-flex-polvo-para-solucion-oral/514920,514920,IQFARMA,algolia_public_search,2026-06-08T00:46:29.464240+00:00,,"Glucosamina sulfato 1,5 g (Como glucosamina sulfato cloruro sódico 1,884 g).Condroitina sulfato sódico1,2 g Este producto es distribuido por Inretail Pharma S.A. (Ley 32033) Suplementos Nutricionales Naturales",,false_no_registro_sanitario
Mifarma,L-Arginina 500mg Mason Cápsulas,L-Arginina 500mg Mason Cápsulas,,64.90,PEN,unavailable,https://www.mifarma.com.pe/producto/l-arginine-500mg-capsulas/514226,514226,MASON,algolia_public_search,2026-06-08T00:46:29.634639+00:00,,"L-Arginina HCl 500 mg Este producto es distribuido por Inretail Pharma S.A. (Ley 32033) La L-arginina está involucrada en la formación de proteínas, las que contribuyen a que aumente la masa muscular. Sin colorantes artificiales, saborizantes artificiales, conservantes. Sin trigo, azúcar, lácteos, soya. Libre de sodio. Libre de gluten. Suplementos Nutricionales Nutrición Deportiva Fitness y Deportivos Deportivos Suplementos Deportivos",,false_no_registro_sanitario
Mifarma,Proteína Ovo Extreme Sabor Vainilla - Frasco 1000 G,Proteína Ovo Extreme Sabor Vainilla - Frasco 1000 G,,127.90,PEN,available,https://www.mifarma.com.pe/producto/proteina-ovo-extreme-sabor-vainilla/525908,525908,OVO EXTREME,algolia_public_search,2026-06-08T00:46:29.634830+00:00,,Este producto es distribuido por Inretail Pharma S.A. (Ley 32033) Alimenticio elaborado a base de albúmina de huevo deshidratada. aportan fuerza y energía empleadas por los músculos. Promociones en Suplementos y Vitaminas Suplementos Nutricionales Nutrición Deportiva Fitness y Deportivos Deportivos Suplementos Deportivos Más Proteinas con Mejores Resultados,,false_no_registro_sanitario
Mifarma,Extreme Ovo Protein Sabor Vainilla - Frasco 500 G,Extreme Ovo Protein Sabor Vainilla - Frasco 500 G,,77.90,PEN,available,https://www.mifarma.com.pe/producto/extreme-ovo-protein-sabor-vainilla/525910,525910,OVO EXTREME,algolia_public_search,2026-06-08T00:46:29.635006+00:00,,Este producto es distribuido por Inretail Pharma S.A. (Ley 32033) Alimenticio elaborado a base de albúmina de huevo deshidratada. aportan fuerza y energía empleadas por los músculos. Promociones en Suplementos y Vitaminas Suplementos Nutricionales Nutrición Deportiva Fitness y Deportivos Deportivos Suplementos Deportivos Más Proteinas con Mejores Resultados,,false_no_registro_sanitario
Mifarma,Extreme Ovo Protein Sabor Chocolate - Frasco 1000 G,Extreme Ovo Protein Sabor Chocolate - Frasco 1000 G,,127.90,PEN,available,https://www.mifarma.com.pe/producto/extreme-ovo-protein-sabor-chocolate/525907,525907,OVO EXTREME,algolia_public_search,2026-06-08T00:46:29.635176+00:00,,Este producto es distribuido por Inretail Pharma S.A. (Ley 32033) Alimenticio elaborado a base de albúmina de huevo deshidratada. aportan fuerza y energía empleadas por los músculos. Promociones en Suplementos y Vitaminas Suplementos Nutricionales Nutrición Deportiva Fitness y Deportivos Deportivos Suplementos Deportivos Más Proteinas con Mejores Resultados,,false_no_registro_sanitario
Mifarma,Ciruelax Líquido Jarabe,Ciruelax Líquido Jarabe,,20.60,PEN,available,https://www.mifarma.com.pe/producto/ciruelax-jarabe/513513,513513,CIRUELAX,algolia_public_search,2026-06-08T00:46:29.635307+00:00,,Extracto de hojas y frutos de cassia angustifolia 0.25g Este producto es distribuido por Inretail Pharma S.A. (Ley 32033) Suplementos Nutricionales Sistema digestivo Laxantes Naturales,,false_no_registro_sanitario
Mifarma,Femigen Forte Tabletas recubiertas,Femigen Forte Tabletas recubiertas,,169.10,PEN,available,https://www.mifarma.com.pe/producto/femigen-forte/514959,514959,GYNOPHARM,algolia_public_search,2026-06-08T00:46:29.635454+00:00,,Citrato de Calcio tetrahidrato 1500mg| Vitamina D3 400 U.I.| Isoflavona de soya 50mg Este producto es distribuido por Inretail Pharma S.A. (Ley 32033) Dietas Suplementos Nutricionales Fitness y Deportivos Suplementos Dietéticos Dietéticos Otros Productos de Dieta Naturales,,false_no_registro_sanitario
Mifarma,Proteínas Trisource Polvo Sabor Vainilla - Pote 1360 G,Proteínas Trisource Polvo Sabor Vainilla - Pote 1360 G,,121.90,PEN,available,https://www.mifarma.com.pe/producto/proteinas-trisource-polvo-sabor-vainilla/512124,512124,TRISOURCE,algolia_public_search,2026-06-08T00:46:29.635667+00:00,,"ALBUMINA , PROTEINA DE LECHE Este producto es distribuido por Inretail Pharma S.A. (Ley 32033) Alimento protéico sobre la base de tres fuentes de proteína de la más alta calidad y mayor valor biológico. Indicado para satisfacer las necesidades de atletas contribuyendo en la generación de fuerza. Promociones en Suplementos y Vitaminas Suplementos Nutricionales Nutrición Deportiva Fitness y Deportivos Deportivos Suplementos Deportivos Más Proteinas con Mejores Resultados",,false_no_registro_sanitario
Mifarma,Soy Protein 100 Sabor Vainilla - Frasco 1000 G,Soy Protein 100 Sabor Vainilla - Frasco 1000 G,,64.90,PEN,available,https://www.mifarma.com.pe/producto/soy-protein-100-sabor-vainilla/512122,512122,SOY PROTEIN,algolia_public_search,2026-06-08T00:46:29.635845+00:00,,Este producto es distribuido por Inretail Pharma S.A. (Ley 32033) Alimento elaborado a base de proteína de soya. Al momento de realizar deporte el cuerpo demanda una mayor cantidad de proteínas necesarias. Promociones en Suplementos y Vitaminas Suplementos Nutricionales Nutrición Deportiva Fitness y Deportivos Deportivos Suplementos Deportivos Más Proteinas con Mejores Resultados,,false_no_registro_sanitario
Mifarma,Whey Power Sabor Chocolate - Frasco 1000 G,Whey Power Sabor Chocolate - Frasco 1000 G,,124.90,PEN,available,https://www.mifarma.com.pe/producto/whey-power-sabor-chocolate/512120,512120,WHEY POWER,algolia_public_search,2026-06-08T00:46:29.636036+00:00,,Este producto es distribuido por Inretail Pharma S.A. (Ley 32033) Alimento elaborado sobre la base de proteína de suero de leche. La proteína de suero de leche posee un balance óptimo de aminoácidos esenciales y no esenciales que incluye una alta concentración de aminoácidos. Promociones en Suplementos y Vitaminas Suplementos Nutricionales Nutrición Deportiva Fitness y Deportivos Deportivos Suplementos Deportivos Más Proteinas con Mejores Resultados,,false_no_registro_sanitario
Mifarma,Whey Power Sabor Vainilla - Pote 1000 G,Whey Power Sabor Vainilla - Pote 1000 G,,124.90,PEN,available,https://www.mifarma.com.pe/producto/whey-power-sabor-vainilla/512118,512118,WHEY POWER,algolia_public_search,2026-06-08T00:46:29.636227+00:00,,Este producto es distribuido por Inretail Pharma S.A. (Ley 32033) Alimento elaborado sobre la base de proteína de suero de leche. La proteína de suero de leche posee un balance óptimo de aminoácidos esenciales y no esenciales que incluye una alta concentración de aminoácidos. Promociones en Suplementos y Vitaminas Suplementos Nutricionales Nutrición Deportiva Fitness y Deportivos Deportivos Suplementos Deportivos Más Proteinas con Mejores Resultados,,false_no_registro_sanitario
Mifarma,Whey Power Sabor Vainilla - Frasco 500 G,Whey Power Sabor Vainilla - Frasco 500 G,,69.90,PEN,available,https://www.mifarma.com.pe/producto/whey-power-sabor-vainilla/512119,512119,WHEY POWER,algolia_public_search,2026-06-08T00:46:29.636450+00:00,,Este producto es distribuido por Inretail Pharma S.A. (Ley 32033) Alimento elaborado sobre la base de proteína de suero de leche. La proteína de suero de leche posee un balance óptimo de aminoácidos esenciales y no esenciales que incluye una alta concentración de aminoácidos. Promociones en Suplementos y Vitaminas Suplementos Nutricionales Nutrición Deportiva Fitness y Deportivos Deportivos Suplementos Deportivos Más Proteinas con Mejores Resultados,,false_no_registro_sanitario
Mifarma,Glucosamina Condroitina Mason Cápsulas,Glucosamina Condroitina Mason Cápsulas,,140.90,PEN,available,https://www.mifarma.com.pe/producto/glucosamine-chondroitin-capsulas/511985,511985,MASON,algolia_public_search,2026-06-08T00:46:29.636717+00:00,,"Glucosamina Sulfato Cloruro Potásico 500mg Condroitina Sulfato Sódico 400mg Este producto es distribuido por Inretail Pharma S.A. (Ley 32033) El sulfato de glucosamina ayuda a proteger los cartílagos del deterioro. El sulfato de glucosamina es un factor en el mantenimiento de cartílagos saludables y la salud de las articulaciones. Con 1,500 mg de glucosamina y 1,200 mg de condroitina por dosis diaria. Con 1,500 mg de glucosamina y 1,200 mg de condroitina por dosis diaria. Con vitamina C y manganeso. Sin saborizantes artificiales, colorantes artificiales, conservantes. Sin lácteos, azúcar, soya, gluten. Producto Americano. Vitaminas para Adultos Suplementos Nutricionales Naturales",,false_no_registro_sanitario
Mifarma,Ciruelax Jalea Laxante Natural - Pote 600 G,Ciruelax Jalea Laxante Natural - Pote 600 G,DE-110,69.80,PEN,available,https://www.mifarma.com.pe/producto/ciruelax-jalea-laxante-natural/138928,138928,CIRUELAX,algolia_public_search,2026-06-08T00:46:29.636926+00:00,,"Polvo de hojas de Cassia angustifolia Vahl 4,4 g (Equivalente a no menos de 110 mg de Senósidos B)Polvo de frutos de Cassia acutifolia D 2,2 g (Equivalente a no menos de 74,8 mg de Senósidos B)Pulpa de ciruela 13,8 gPulpa de manzana 23,8 gSemilla de linaza 2,5 g Este producto es distribuido por Inretail Pharma S.A. (Ley 32033) Suplementos Nutricionales Sistema digestivo Laxantes Naturales",page_or_detail_regex,false_no_component_match
Mifarma,Gluconato de Potasio 595mg Mason Tabletas,Gluconato de Potasio 595mg Mason Tabletas,,44.90,PEN,available,https://www.mifarma.com.pe/producto/potassium-gluconate-595mg-tabletas/136694,136694,MASON,algolia_public_search,2026-06-08T00:46:29.637130+00:00,,"Gluconato de potasio 550 mg Este producto es distribuido por Inretail Pharma S.A. (Ley 32033) El potasio contribuye al mantenimiento de la presión arterial normal. El potasio contribuye al buen funcionamiento de los músculos y del sistema nervioso. Sin colorantes artificiales, saborizantes artificiales, productos de origen animal, conservantes. Apto para vegetarianos. Sin azúcar, lácteos, trigo, soya. Libre de gluten. Minerales Multivitamínicos Suplementos / Complementos Otros Minerales Embarazo Para Adultos",,false_no_registro_sanitario
Mifarma,Maddre Polvo Sabor Vainilla,Maddre Polvo Sabor Vainilla,,59.40,PEN,available,https://www.mifarma.com.pe/producto/maddre-polvo-sabor-vainilla/133385,133385,MADDRE,algolia_public_search,2026-06-08T00:46:29.637511+00:00,,"Este producto es distribuido por Inretail Pharma S.A. (Ley 32033) Indicado para pre gestantes, gestantes y en lactantes. Suplementos / Complementos Embarazo",,false_no_registro_sanitario
Mifarma,Apoyo Nutricional Sustagen Vainilla,Apoyo Nutricional Sustagen Vainilla,,53.40,PEN,available,https://www.mifarma.com.pe/producto/sustagen-polvo-sabor-vainilla/178059,178059,SUSTAGEN,algolia_public_search,2026-06-08T00:46:29.637654+00:00,,Este producto es distribuido por Inretail Pharma S.A. (Ley 32033) Indicado en el desarrollo mental o cognitivo y contribuye junto con una dieta balaceada al desarrollo fisico y mental. Vitaminas y Suplementos Suplementos Nutricionales Multivitamínico para Bebés Pediátricos,,false_no_registro_sanitario
Mifarma,PVM Sabor Vainilla,PVM Sabor Vainilla,,54.00,PEN,available,https://www.mifarma.com.pe/producto/pvm-sabor-vainilla/136965,136965,PVM,algolia_public_search,2026-06-08T00:46:29.637830+00:00,,"Este producto es distribuido por Inretail Pharma S.A. (Ley 32033) Fórmula que aporta vitalidad necesaria para las actividades diarias y antioxidantes que ayudan a mantenerse joven, brinda mayor cantidad de proteínas, calcio, vitaminas A, B, C y D para complementar los requerimientos nutricionales que nuestro organismo requiere. Suplementos Nutricionales Suplementos / Complementos Nutrición Adulto Adultos Adulto Geriátricos",,false_no_registro_sanitario
Mifarma,PVM Polvo Sabor Fresa,PVM Polvo Sabor Fresa,,54.00,PEN,available,https://www.mifarma.com.pe/producto/pvm-polvo-sabor-fresa-frasco-460-g/136959,136959,HERSIL,algolia_public_search,2026-06-08T00:46:29.638036+00:00,,"Este producto es distribuido por Inretail Pharma S.A. (Ley 32033) PVM® es un alimento nutritivo que aporta proteínas, vitaminas, minerales y energía (carbohidratos). PVM® es ideal para ser consumido por adultos cuando se requiera de un mayor aporte de nutrientes o cuando la ingesta de alimentos este por debajo de los requerimientos diarios. Si está bajo tratamiento seguir las instrucciones de un profesional de la salud calificado. Suplementos Nutricionales Suplementos / Complementos Nutrición Adulto Adultos Adulto Geriátricos",,false_no_registro_sanitario
Mifarma,PVM Sabor Chocolate,PVM Sabor Chocolate,,54.00,PEN,available,https://www.mifarma.com.pe/producto/pvm-sabor-chocolate/136956,136956,PVM,algolia_public_search,2026-06-08T00:46:29.638216+00:00,,"Este producto es distribuido por Inretail Pharma S.A. (Ley 32033) Fórmula que aporta vitalidad necesaria para las actividades diarias y antioxidantes que ayudan a mantenerse joven, brinda mayor cantidad de proteínas, calcio, vitaminas A, B, C y D para complementar los requerimientos nutricionales que nuestro organismo requiere. Suplementos Nutricionales Suplementos / Complementos Nutrición Adulto Adultos Adulto Geriátricos",,false_no_registro_sanitario
Mifarma,Prostaflam 500 Mg. - Frasco 60 UN,Prostaflam 500 Mg. - Frasco 60 UN,,42.00,PEN,available,https://www.mifarma.com.pe/producto/prostaflam-500-mg-/136840,136840,PROSTAFLAM,algolia_public_search,2026-06-08T00:46:29.638336+00:00,,Este producto es distribuido por Inretail Pharma S.A. (Ley 32033) Sistema Renal/ Reproductor Suplementos Nutricionales Problemas Reproductor Masculino Naturales,,false_no_registro_sanitario
Mifarma,Splenda Polvo en Sobre,Splenda Polvo en Sobre,,35.80,PEN,available,https://www.mifarma.com.pe/producto/endulzante-splenda-polvo-sobre/520572,520572,SPLENDA,algolia_public_search,2026-06-08T00:46:29.638482+00:00,,Dextrosa 95.8%| Maltodextrina 3% | Sucralosa (Edulcorante) 1.2% Este producto es distribuido por Inretail Pharma S.A. (Ley 32033) Dietas Suplementos Nutricionales Nutrición Deportiva Fitness y Deportivos Suplementos Dietéticos Dietéticos Edulcorante,,false_no_registro_sanitario
Mifarma,Endulzante Dul-Suc - Frasco 500 UN,Endulzante Dul-Suc - Frasco 500 UN,,25.90,PEN,available,https://www.mifarma.com.pe/producto/endulzante-dul-suc/138792,138792,DUL-SUC,algolia_public_search,2026-06-08T00:46:29.638607+00:00,,Este producto es distribuido por Inretail Pharma S.A. (Ley 32033) Dietas Suplementos Nutricionales Nutrición Deportiva Fitness y Deportivos Suplementos Dietéticos Dietéticos Edulcorante,,false_no_registro_sanitario
Mifarma,Tomevit Jarabe - Frasco 120 ML,Tomevit Jarabe - Frasco 120 ML,,13.00,PEN,available,https://www.mifarma.com.pe/producto/tomevit-jarabe/512500,512500,TOMEVIT,algolia_public_search,2026-06-08T00:46:29.638768+00:00,,"PIRIDOXINA CLORHIDRATO (VIT. B6) 0.125 mg, NICOTINAMIDA 5.000 mg, RIBOFLAVINA 5 FOSFATO (VIT. B2) 0.600 mg, TIAMINA CLORHIDRATO (VIT. B1) 1.250 mg, CIANOCOBALAMINA (VIT. B12) 0.005 mg Este producto es distribuido por Inretail Pharma S.A. (Ley 32033) Vitaminas Suplementos y Vitaminas Vitamina B-Complejo B B6 y B12 Vitamina B",,false_no_registro_sanitario
Mifarma,Biotinol 300mcg/10ml Solución oral,Biotinol 300mcg/10ml Solución oral,,33.70,PEN,available,https://www.mifarma.com.pe/producto/biotinol-300-mcg-solucion-bebible/131156,131156,BIOTINOL,algolia_public_search,2026-06-08T00:46:29.638878+00:00,,Biotina (Vit.H) Este producto es distribuido por Inretail Pharma S.A. (Ley 32033) Vitaminas y Suplementos Vitaminas Biotina Vitamina B,,false_no_registro_sanitario
Mifarma,Lecithin Soya 1200mg Cápsula blanda,Lecithin Soya 1200mg Cápsula blanda,,63.90,PEN,unavailable,https://www.mifarma.com.pe/producto/lecitina-de-soya-1200-mg-mason-natural/132614,132614,MASON,algolia_public_search,2026-06-08T00:46:29.639012+00:00,,Lecitina de Soya Líquida 1200mg Este producto es distribuido por Inretail Pharma S.A. (Ley 32033) Sistema Circulatorio Vitaminas para Adultos Suplementos Nutricionales Suplementos y Vitaminas Colesterol Omega 3-Fish Oil Naturales,,false_no_registro_sanitario
Mifarma,Complejo B Solución Oral,Complejo B Solución Oral,,7.00,PEN,available,https://www.mifarma.com.pe/producto/complejo-b-solucion-oral/132781,132781,PORTUGAL,algolia_public_search,2026-06-08T00:46:29.639474+00:00,,"Cada 5 mL contiene: Tiamina Clorhidrato 3.00 mg Riboflavina 2.75 mg Piridoxina 2.75 mg Nicotinamida 12.50 mg Excipientes 5.00 mL Este producto es distribuido por Inretail Pharma S.A. (Ley 32033) Preguntas frecuentes .faq-grid { display: grid; grid-template-columns: repeat(2, 1fr); gap: 16px; margin: 24px 0; } .faq-card { background: #f8f9fa; border: 1px solid #e9ecef; border-radius: 10px; padding: 20px 24px; } .faq-card h3 { font-size: 16px; font-weight: 600; color: #1a1a1a; margin: 0 0 10px; line-height: 1.4; } .faq-card p { font-size: 14px; color: #555; margin: 0; line-height: 1.7; } @media (max-width: 600px) { .faq-grid { grid-template-columns: 1fr; } } ¿Qué contiene Complejo B Solución Oral? Este producto contiene vitaminas del complejo B en presentación de solución oral. Las vitaminas del complejo B forman parte de suplementos de administración oral. ¿En qué presentación viene Complejo B Solución Oral? La presentación corresponde a solución oral para consumo según las indicaciones señaladas en el etiquetado del producto. ¿Cómo se consume el complejo B en solución oral? La solución oral se administra siguiendo las instrucciones indicadas en el envase. La frecuencia de consumo puede variar según las indicaciones del fabricante. ¿Qué es el complejo B en suplementos nutricionales? El complejo B está compuesto por distintas vitaminas hidrosolubles presentes en suplementos nutricionales. Puede encontrarse en tabletas, cápsulas y soluciones orales. Vitaminas Suplementos y Vitaminas Vitamina B-Complejo B B6 y B12 Vitamina B",,false_no_registro_sanitario
Mifarma,Levadura de Cerveza 680mg Tabletas - Frasco 100 UN,Levadura de Cerveza 680mg Tabletas - Frasco 100 UN,,49.90,PEN,available,https://www.mifarma.com.pe/producto/levadura-de-cerveza-680mg-tabletas/132688,132688,MASON,algolia_public_search,2026-06-08T00:46:29.639677+00:00,,"NIACINAMIDA 0.240 mg, LEVADURA DE CERVEZA 680 mg, RIBOFLAVINA (VIT B-2) 0.070 mg, TIAMINA (VIT B-1) 0.150 mg Este producto es distribuido por Inretail Pharma S.A. (Ley 32033) Dietas Suplementos Nutricionales Nutrición Deportiva Fitness y Deportivos Suplementos Dietéticos Incremento de Masa Muscular Dietéticos Naturales",,false_no_registro_sanitario
Mifarma,Ashwagandha 500mg Cápsula Mason Natural,Ashwagandha 500mg Cápsula Mason Natural,,54.90,PEN,available,https://www.mifarma.com.pe/producto/ashwagandha-500-mg-capsula-mason-natural/319750,319750,MASON,algolia_public_search,2026-06-08T00:46:29.642008+00:00,,Cada Cápsula contiene: Extracto de Ashwagandha 500 mg (Withania somnífera) (raíz) Este producto es distribuido por Inretail Pharma S.A. (Ley 32033) Multivitamínicos Suplementos y Vitaminas Ayuda a Relajarte y Dormir Mejor Para Adultos,,false_no_registro_sanitario
Mifarma,Materna G-Balance Nestlé Polvo Oral,Materna G-Balance Nestlé Polvo Oral,,200.00,PEN,available,https://www.mifarma.com.pe/producto/materna-g-balance-nestle-polvo-oral/319749,319749,MATERNA G-BALANCE,algolia_public_search,2026-06-08T00:46:29.642154+00:00,,"Cada sobre contiene: L. rhamnosus 0,04 g, Bifidobacterium lactis 0,01 g, Inositol (Mio-inositol) 2,10 g, Excipientes: c.s.p. Este producto es distribuido por Inretail Pharma S.A. (Ley 32033) Vitaminas y Suplementos Multivitamínicos Prenatal Multivitamínico Prenatal",,false_no_registro_sanitario
Mifarma,Mezcla de Especias Golden Mix Superblends,Mezcla de Especias Golden Mix Superblends,,22.90,PEN,available,https://www.mifarma.com.pe/producto/mezcla-especias-golden-mix-superblends/319743,319743,GOLDEN MIX,algolia_public_search,2026-06-08T00:46:29.642322+00:00,,"Cúrcuma en polvo, kion en polvo, canela en polvo,aceite de coco en polvo,clavo de olor en polvo,pimienta negra en polvo . Este producto es distribuido por Inretail Pharma S.A. (Ley 32033) Sistema Digestivo Suplementos Nutricionales Nutrición Deportiva Fitness y Deportivos Suplementos Dietéticos Dietéticos Reductores de Grasa Adelgazantes Naturales",,false_no_registro_sanitario
Mifarma,Nitro Tech 100% Whey Gold Churros Polvo Oral,Nitro Tech 100% Whey Gold Churros Polvo Oral,,409.00,PEN,available,https://www.mifarma.com.pe/producto/nitro-tech-100-whey-gold-churros-polvo-oral/319672,319672,NITRO TECH 100% WHEY,algolia_public_search,2026-06-08T00:46:29.643142+00:00,,"Cada cucharada (34g) contiene: Concentrado de proteína de suero de leche* 31.710g Aislado de proteína de suero de leche* 0.100g Péptidos de suero de leche* 0.100g (Aporta 24g de valor proteico) Excipiente c.s.p. Se recomienda al consumidor que siempre verifique la composición antes de comprar. Este producto es distribuido por Inretail Pharma S.A. (Ley 32033) Nitrotech 100% Whey Gold es una proteína de alta calidad formulada con péptidos de proteína, lo que permite una absorción más rápida y efectiva en comparación con las proteínas concentradas convencionales. Estos péptidos favorecen el crecimiento muscular, la recuperación y la mejora del rendimiento físico. Su bajo contenido en azúcar y carbohidratos lo convierte en una excelente opción tanto para ganar masa como para definir, sin añadir calorías innecesarias. Además, destaca por su sabor galardonado, ideal para quienes buscan rendimiento sin sacrificar el disfrute. Esta fórmula deliciosa de proteína en polvo que se destaca por su bajo contenido en azúcares y carbohidratos en comparación con otras opciones del mercado. Gracias a esto, cada porción te proporciona una mayor cantidad de proteínas para ayudarte a cubrir tus necesidades diarias de este nutriente tan importante. Promociones en Suplementos y Vitaminas Suplementos Nutricionales Nutrición Deportiva Fitness y Deportivos Deportivos Suplementos Deportivos Más Proteinas con Mejores Resultados",,false_no_registro_sanitario
Mifarma,Nitro Tech 100% Whey Gold Sabor Dulce de Leche Polvo Oral,Nitro Tech 100% Whey Gold Sabor Dulce de Leche Polvo Oral,,409.00,PEN,available,https://www.mifarma.com.pe/producto/nitro-tech-100-whey-gold-dulce-leche-polvo/318938,318938,MUSCLETECH,algolia_public_search,2026-06-08T00:46:29.643788+00:00,,Cada cucharada (34g) contiene: Concentrado de proteína de suero de leche* 31.710g Aislado de proteína de suero de leche* 0.100g Péptidos de suero de leche* 0.010g (*Aporta 24g de valor proteico) Este producto es distribuido por Inretail Pharma S.A. (Ley 32033) Promociones en Suplementos y Vitaminas Suplementos Nutricionales Nutrición Deportiva Fitness y Deportivos Proteinas Aisladas a Precio más Bajo Deportivos Suplementos Deportivos Más Proteinas con Mejores Resultados,,false_no_registro_sanitario
Mifarma,Hepalife Advance q10 Cápsula,Hepalife Advance q10 Cápsula,,99.90,PEN,available,https://www.mifarma.com.pe/producto/hepalife-advance-q10-capsula/314496,314496,NUTRISA,algolia_public_search,2026-06-08T00:46:29.644291+00:00,,"Mezclas de harinas: Alcachofa, Boldo, Diente de León, Berros, No ni Este producto es distribuido por Inretail Pharma S.A. (Ley 32033) Suplementos / Complementos Suplementos Nutricionales Adulto Colágenos",,false_no_registro_sanitario
Mifarma,Vitagel Colaghidrolizado Tripeptide,Vitagel Colaghidrolizado Tripeptide,,32.90,PEN,available,https://www.mifarma.com.pe/producto/vitagel-colaghidrolizado-tripeptide-/313960,313960,VITAGEL TRIPEPTIDE,algolia_public_search,2026-06-08T00:46:29.644767+00:00,,Ingredientes: Colágeno Hidrolizado (bovino) 3 g. Colágeno Hidrolizado Tripéptido (bovino) 2 g. Este producto es distribuido por Inretail Pharma S.A. (Ley 32033) Suplementos Nutricionales Suplementos y Vitaminas Busca tu Marca de Colágeno Ideal Colágenos,,false_no_registro_sanitario
Mifarma,Fresubin Renal Vainilla Emulsión Oral,Fresubin Renal Vainilla Emulsión Oral,,13.00,PEN,available,https://www.mifarma.com.pe/producto/fresubin-renal-vainilla-emulsion-oral/312373,312373,FRESUBIN RENAL,algolia_public_search,2026-06-08T00:46:29.646125+00:00,,"Cada 10 mL contiene; Trituración de vitaminas (0.060 g): Retinol palmitato (vitamina A) 0015 mg (como retinol0.058 mg). Β-caroteno 0.242 mg. Colecalciferol (vitamina D3) 0.001 mg. DL-α-acetato tocoferol (vitamina E) 1.405 mg como tocoferol 0.943 mg. Fitomenadiona (vitamina k1) 0.009 mg. Clorhidrato de tiamina (vitamina B1) 0.463 mg (como tiamina 0.364 mg). Riboflavina-5-fosfato de sodio (vitamina B2) 0.477 mg. (como riboflavina 0.375 mg ).Nicotinamida 5.080 mg clorhidrato de piridoxina (Vitamina B6) 1.223 mg (como piridoxina 1.006 mg). Cianocobalamina (vitamina B12) 0.001 mg, calcio-d-pantotenato 1.641 mg. como D-pantotenato 1.510 mg. D-biotina 0.019 mg. Acido fólico 0.150 mg. L-ácido ascórbico (vitamina C) 20.00 mg. Maltodextrina (19.184 mg. acido L-ascórbico (vitamina C) 0.012 mg. cianocobalamina 0.1% (vitaminaB12) 0.230 mg. maltodextrina 0.230ug. maltodextrina (valor DE: 15-18) 17.190 g. Maltodextrina (valor DE:11-16) 0.288 g. Isomaltulosa 6.890 g. Dextrina de tapioca 3.850 mg. Proteína de leche concentrada 3.740 g. Mio - Inositol 0.024 g. Taurina 0.020 g. L-Carnitina 0.010 . Tri-Citrato de potasio x 1H20 0.065 g. Cloruro de potasio 0.106 g. Tri-citrato de sodio x 1H20 0.230 g Hidróxido de sodio 0.013 g oxido de magnesio, ligero 0.026 g pirofosfato de hierro III x XH20 0.009 g. Sulfato de zinc II x 7H20 6.600 mg, Sulfato de cobre II 0.515 mg, Cloruro de manganeso II x 4H20 1,494, ioduro de potasio 23.616 ug, Fluoruro de sodio 0.663 mg. Cloruro de cromo III x 6H20 6.390 ug. Molibdato de sodio x 2H2O 13.860 ug. Selenio de sodio 20.807 ug, tartrato de hidrogeno de colina 0.125 g, Aceite de girasol 2.600 g, Aceite de semilla 3.890 g Triglicéridos de cadena media 2.220 g, Aceite de pescado 0.230 g, Lecitina de soja 0.120 g, Monoglicéridos 0.240 g. Sabor vainilla 0.155 g. Agua (20°C) 71.000 ml. Este producto es distribuido por Inretail Pharma S.A. (Ley 32033) Suplementos Nutricionales Suplementos / Complementos Nutrición Adulto Adultos Adulto Geriátricos",,false_no_registro_sanitario
Mifarma,Gerber Compota Manzana,Gerber Compota Manzana,,4.60,PEN,available,https://www.mifarma.com.pe/producto/gerber-compota-manzana/312285,312285,COMPOTA MANZANA,algolia_public_search,2026-06-08T00:46:29.646304+00:00,,"Puré de manzana (99.7%) preparado de concentrado, Jugo de limón concentrado y Vitamina C. Este producto es distribuido por Inretail Pharma S.A. (Ley 32033) Suplementos / Complementos Cereales y Compotas",,false_no_registro_sanitario
Mifarma,Gerber Compota Plátano,Gerber Compota Plátano,,4.60,PEN,available,https://www.mifarma.com.pe/producto/gerber-compota-platano/312284,312284,COMPOTA PLATANO,algolia_public_search,2026-06-08T00:46:29.646440+00:00,,"Puré de plátano (91%) preparado de concentrado, Agua, Jugo de limón concentrado y Vitamina C. Este producto es distribuido por Inretail Pharma S.A. (Ley 32033) Suplementos / Complementos Cereales y Compotas",,false_no_registro_sanitario
Mifarma,Gerber Nutri Puffs Plátano y Naranja,Gerber Nutri Puffs Plátano y Naranja,,19.30,PEN,available,https://www.mifarma.com.pe/producto/gerber-nutri-puffs-platano-naranja/312283,312283,GERBER NUTRI PUFFFS,algolia_public_search,2026-06-08T00:46:29.646625+00:00,,"Harina de arroz, Harina de avena integral, Aceite vegetal de girasol, Fresa en polvo(2.5%), Hojuelas de Plátano(2.3%), Minerales (Carbonato de calcio, Fumarato de hierro, Sulfato de Zinc) y Vitamina B1. Este producto es distribuido por Inretail Pharma S.A. (Ley 32033) Suplementos / Complementos Fórmula para Bebés Cereales Cereales y Compotas",,false_no_registro_sanitario
Mifarma,Gerber Nutri Puffs Plátano y Fresa,Gerber Nutri Puffs Plátano y Fresa,,19.30,PEN,available,https://www.mifarma.com.pe/producto/gerber-nutri-puffs-platano-fresa/312282,312282,GERBER NUTRI PUFFS,algolia_public_search,2026-06-08T00:46:29.646797+00:00,,"Harina de arroz, Harina de avena integral, Aceite vegetal de girasol, Fresa en polvo(2.5%), Hojuelas de Plátano(2.3%), Minerales (Carbonato de calcio, Fumarato de hierro, Sulfato de Zinc) y Vitamina B1. Este producto es distribuido por Inretail Pharma S.A. (Ley 32033) Suplementos / Complementos Fórmula para Bebés Cereales Cereales y Compotas",,false_no_registro_sanitario
Mifarma,Proteína Gold Standard Whey Cookies & Cream,Proteína Gold Standard Whey Cookies & Cream,,439.00,PEN,available,https://www.mifarma.com.pe/producto/gold-standard-100-whey-protein-cookies-cream/311537,311537,OPTIMUM NUTRITION,algolia_public_search,2026-06-08T00:46:29.646999+00:00,,"Mezcla de proteínas (Aislado de proteínas de suero 77%, concentrado de proteínas de suero 8.1%, Proteína hidrolizada de suero 3.2%), Saborizante natural y artificial 4.5%, galleta en trozos 4.1% menos de 3%: Lecitina, goma guar, goma acacia, goma xantana, cloruro de sodio, sucralosa. Este producto es distribuido por Inretail Pharma S.A. (Ley 32033) Suplemento nutricional. Suplementos Nutricionales Nutrición Deportiva Fitness y Deportivos Deportivos Suplementos Deportivos",,false_no_registro_sanitario
Mifarma,Blemil 3 Optimum ProTech,Blemil 3 Optimum ProTech,,114.00,PEN,available,https://www.mifarma.com.pe/producto/blemil-3-optimum-protech-800gr/309309,309309,BLEMIL,algolia_public_search,2026-06-08T00:46:29.647365+00:00,,"Leche descremada, Maltodextrina, Aceites vegetales (Aceite de palma, Aceite de nabina, Aceite de coco, Aceite de girasol, Emulgente (Lecitina de girasol), Antioxidantes {Mezcla de tocoferoles, Palmitato de ascorbilo)), Fructooligosacáridos, Lactosa, Sales minerales (Hidrofosfato cálcico, Carbonato cálcico, Citrato trisódico, Citrato tripotásico, Sulfato de hierro, Sulfato de zinc, Sulfato de cobre, Sulfato de manganeso, Yoduro potásico), Vitaminas {Vitamina C, Vitamina E, Nicotinamida, Pantotenato cálcico, Vitamina A, Vitamina B6, Vitamina B1, Vitamina B2, Ácido fólico, Vitamina K, Biotina, Vitamina D), Cloruro de colina, Taurina, Etilvainillina, lnositol, Nucleótidos (Monofosfato de: citidina, uridina disódica, adenosina, inosina disódica, guanosina disódica), Fermentos lácticos (8. infantis, l. rhamnosus), Aceite de Mortierella alpina (rico en ARA) (Aceite de Mortierel/a alpina, Antioxidantes (Mezcla de tocoferoles, Palmitato de ascorbilo)), Aceite de pescado (rico en DHA) (Aceite de pescado, Antioxidantes (Mezcla de tocoferoles, Palmitato de ascorbilo)), L-carnitina. Información de alérgenos: contiene leche, lactosa y pescado. Este producto es distribuido por Inretail Pharma S.A. (Ley 32033) Suplementos / Complementos Suplementos Nutricionales Fórmula para Bebés Fórmula Láctea Regular 3 Fórmula Infantil Especial Pediátricos",,false_no_registro_sanitario
Mifarma,Smofkabiven Periférico Emulsión para Perfusión,Smofkabiven Periférico Emulsión para Perfusión,,370.00,PEN,available,https://www.mifarma.com.pe/producto/smofkabiven-periferico-emulsion-para-perfusion/308858,308858,FRESENIUS KABI,algolia_public_search,2026-06-08T00:46:29.648189+00:00,,Este producto es distribuido por Inretail Pharma S.A. (Ley 32033) Dietas Suplementos Nutricionales Nutrición Deportiva Fitness y Deportivos Suplementos Dietéticos Dietéticos Otros Productos de Dieta Naturales,,false_no_registro_sanitario
Mifarma,Vitafos Vainilla Polvo,Vitafos Vainilla Polvo,,116.90,PEN,available,https://www.mifarma.com.pe/producto/vitafos-vainilla-polvo-/308729,308729,ORDESA,algolia_public_search,2026-06-08T00:46:29.648501+00:00,,"VITAFOS VAINILLA, Mezcla de hidratos de carbono, aceites vegetales enriquecidos con vitaminas y minerales Este producto es distribuido por Inretail Pharma S.A. (Ley 32033) Suplementos Nutricionales Suplementos / Complementos Nutrición Adulto Adultos Adulto Geriátricos",,false_no_registro_sanitario
Mifarma,Aminomed Polvo Oral,Aminomed Polvo Oral,E-472C,230.00,PEN,available,https://www.mifarma.com.pe/producto/aminomed-polvo-oral/308646,308646,AMINOMED,algolia_public_search,2026-06-08T00:46:29.648780+00:00,,"Maltodextrin, vegetable oils, L-Lysine-L-Glutamate, Emulsifier E 472c, L-Proline, L-Leucine, LArginine-L-Aspartate, tri-Calcium phosphate, Potassium-L-Glutamate, L-Valine, L-Isoleucine, Magnesium-L-Aspartate, L-Serine, L-Alanine, L-Threonine, Glycine, L-Tyrosine, L-Phenylalanine, L-Glutamine, L-Histidine, tri-Potassium citrate, Sodium chloride, L-Cystine, Potassium chloride, L-Tryptophan, L-Methionine, L-Lysine-L-Aspartate, Choline bitartrate, di-Calcium phosphate, Vitamins (A, D, E, K, C, B1, B2, Niacin, B6, Folic acid, Pantothenic acid, B12, Biotin), Inositol, L-Carnitine-L-Tartrate, Taurine, Iron-II-sulfate, Potassium carbonate, Zinc sulfate, Manganese sulfate, Copper sulfate, Sodium fluoride, Potassium iodide, Sodium molybdate, Chromium-III-chloride, Sodium selenite. Este producto es distribuido por Inretail Pharma S.A. (Ley 32033) Vitaminas y Suplementos Multivitamínicos Multivitamínico para Bebés Para Niños",page_or_detail_regex,false_no_component_match
Mifarma,Wafer de Proteína QNT Liife Sabor Vainilla Yogurt,Wafer de Proteína QNT Liife Sabor Vainilla Yogurt,,7.90,PEN,available,https://www.mifarma.com.pe/producto/wafer-proteina-qnt-liife-vainilla-yogurt/308556,308556,QNT LIIFE,algolia_public_search,2026-06-08T00:46:29.649513+00:00,,"Proteína de suero de leche Cobertura de chocolate con leche (25,71%) (azúcar, manteca de cacao, leche en polvo, masa de cacao, suero de leche dulce en polvo, mantequilla, lecitina de soja, aroma) Harina de trigo Proteína de leche Grasa vegetal de palma no hidrogenada Azúcar Fructosa Manteca de cacao Leche en polvo Lecitina de soja Polirricinoleato de poliglicerol Goma guar Bicarbonato de amonio Bicarbonato de sodio Aroma natural (vainilla) Este producto es distribuido por Inretail Pharma S.A. (Ley 32033) Suplementos Nutricionales Alimentos Naturales Nutrición Deportiva Fitness y Deportivos Deportivos Cereales Suplementos Deportivos",,false_no_registro_sanitario
Mifarma,Wafer de Proteína QNT Liife Sabor Chocolate Belga,Wafer de Proteína QNT Liife Sabor Chocolate Belga,,7.90,PEN,available,https://www.mifarma.com.pe/producto/wafer-proteina-qnt-liife-chocolate-belga/308555,308555,QNT LIIFE,algolia_public_search,2026-06-08T00:46:29.649780+00:00,,"Proteína de suero de leche Cobertura de chocolate con leche (25,71%) (azúcar, manteca de cacao, leche en polvo, masa de cacao, suero de leche dulce en polvo, mantequilla, lecitina de soja, aroma) Harina de trigo* Chocolate negro (11,33%) (pasta de cacao, manteca de cacao, azúcar, cacao en polvo, grasa vegetal de palma no hidrogenada, fructosa, proteína de leche, lecitina de soja, Polirricinoleato de Poliglicerol) Goma guar Bicarbonato de amonio Bicarbonato de sodio Aroma natural (chocolate) Este producto es distribuido por Inretail Pharma S.A. (Ley 32033) Suplementos Nutricionales Alimentos Naturales Nutrición Deportiva Fitness y Deportivos Deportivos Cereales Suplementos Deportivos",,false_no_registro_sanitario
Mifarma,Inmunocare HP Mezcla en Polvo Sabor Vainilla,Inmunocare HP Mezcla en Polvo Sabor Vainilla,,197.00,PEN,available,https://www.mifarma.com.pe/producto/inmunocare-hp-mezcla-en-polvo-vainilla/308462,308462,INMUNOCARE,algolia_public_search,2026-06-08T00:46:29.652945+00:00,,"Proteína concentrada de suero de leche, leche entera en polvo, maltodextrina, fibra prebiótica (polidextrosa), calostro entero, citrato de potasio, fosfato de calcio, espesante (fosfato de dialmidón acetilado), citrato de magnesio, antiapelmazante (dióxido de silicio), vainillina, pre mezcla de vitaminas (A, C, B3, B6, B12), cloruro de sodio, edulcorante (sucralosa), Vit. E, lactato ferroso, edulcorante (glicósidos de esteviol), Vit. D3. Este producto es distribuido por Inretail Pharma S.A. (Ley 32033) Suplementos Nutricionales Suplementos / Complementos Adultos Adulto",,false_no_registro_sanitario
Mifarma,Mezcla en Polvo Vitamagne Chacra Santa,Mezcla en Polvo Vitamagne Chacra Santa,,89.00,PEN,available,https://www.mifarma.com.pe/producto/mezcla-en-polvo-vitamagne-chacra-santa-150g/307289,307289,CHACRA SANTA,algolia_public_search,2026-06-08T00:46:29.653117+00:00,,Camu camu atomizado Jengibre atomizado Plátano atomizado Alubias atomizadas Citrato de magnesio (SIN 345) Este producto es distribuido por Inretail Pharma S.A. (Ley 32033) Problemas Generales Suplementos y Vitaminas Relajantes Musculares Lo más Buscado en Citrato y Glicinato de Magnesio,,false_no_registro_sanitario
Mifarma,Miel de Abeja Chacra Santa,Miel de Abeja Chacra Santa,,29.00,PEN,available,https://www.mifarma.com.pe/producto/miel-de-abeja-chacra-santa-370g/307285,307285,CHACRA SANTA,algolia_public_search,2026-06-08T00:46:29.653237+00:00,,100% Miel de Abeja Natural Este producto es distribuido por Inretail Pharma S.A. (Ley 32033) Suplementos Nutricionales Naturales,,false_no_registro_sanitario
Mifarma,Aceite de Coco Chacra Santa,Aceite de Coco Chacra Santa,,29.00,PEN,available,https://www.mifarma.com.pe/producto/aceite-de-coco-chacra-santa-230ml/307284,307284,CHACRA SANTA,algolia_public_search,2026-06-08T00:46:29.653346+00:00,,100% Aceite de coco virgen Este producto es distribuido por Inretail Pharma S.A. (Ley 32033) Suplementos Nutricionales Naturales,,false_no_registro_sanitario
Mifarma,Vinagre de Sidra de Manzana Chacra Santa,Vinagre de Sidra de Manzana Chacra Santa,,19.00,PEN,available,https://www.mifarma.com.pe/producto/vinagre-de-sidra-de-manzana-chacra-santa-500ml/307283,307283,CHACRA SANTA,algolia_public_search,2026-06-08T00:46:29.653457+00:00,,Manzanas seleccionadas Levadura Agua Este producto es distribuido por Inretail Pharma S.A. (Ley 32033) Suplementos Nutricionales Naturales,,false_no_registro_sanitario
Mifarma,Glucerna Triple Care Liquido Sabor Vainilla Nueva Fórmula,Glucerna Triple Care Liquido Sabor Vainilla Nueva Fórmula,,12.90,PEN,available,https://www.mifarma.com.pe/producto/glucerna-triple-care-liquido-sabor-vainilla-/306870,306870,GLUCERNA,algolia_public_search,2026-06-08T00:46:29.654554+00:00,,"Agua, maltodextrina de maíz, ACEITE VEGETAL (aceite de cártamo alto en oleico, aceite de canola, aceite de soya), caseinato de calcio, glicerina, sucromaltosa, proteína de soya, MINERALES (fosfato de magnesio, citrato de potasio, citrato de sodio, cloruro de potasio, fosfato de calcio, cloruro de sodio, cloruro de magnesio, sulfato ferroso, sulfato de zinc, picolinato de cromo, sulfato de manganeso, sulfato cúprico, molibdato de sodio, yoduro de potasio, selenato de sodio), concentrado de proteína de leche, fructooligosacáridos de cadena corta (FOS), fructosa, sabor naturally artificial a vainilla francesa, sabor artificial a vainilla, mio-inositol, isomaltulosa, fibra de avena, lecitina de soya (emulsificante), VITAMINAS (ácido ascórbico, cloruro de colina, acetato' de dl-alfa tocoferilo, niacinamida, pantotenato de calcio, palmitato de vitamina A, clorhidrato de piridoxina, clorhidrato de cloruro de tiamina, riboflavina, ácido fólico, biotina, filoquinona, cianocobalamina, vitamina D3), carragenina (estabilizante), acesulfame de potasio (edulcorante), sucralosa (edulcorante).Contiene ingredientes derivados de leche, de soya y de avena. Este producto es distribuido por Inretail Pharma S.A. (Ley 32033) Preguntas frecuentes .faq-grid { display: grid; grid-template-columns: repeat(2, 1fr); gap: 16px; margin: 24px 0; } .faq-card { background: #f8f9fa; border: 1px solid #e9ecef; border-radius: 10px; padding: 20px 24px; } .faq-card h3 { font-size: 16px; font-weight: 600; color: #1a1a1a; margin: 0 0 10px; line-height: 1.4; } .faq-card p { font-size: 14px; color: #555; margin: 0; line-height: 1.7; } @media (max-width: 600px) { .faq-grid { grid-template-columns: 1fr; } } ¿Qué contiene Glucerna Triple Care líquido? Este producto contiene una combinación de vitaminas, minerales y nutrientes en presentación líquida sabor vainilla para consumo oral. ¿Cómo se presenta Glucerna Triple Care? La presentación corresponde a fórmula líquida lista para consumir. Este formato es utilizado en suplementos nutricionales de administración oral. ¿Cómo se consume Glucerna Triple Care líquido? El producto se consume por vía oral siguiendo las indicaciones señaladas en el envase. Puede ingerirse directamente según las instrucciones del etiquetado. ¿Qué caracteriza a una fórmula nutricional líquida? Las fórmulas nutricionales líquidas pueden contener vitaminas, minerales y otros nutrientes en presentaciones listas para consumir. Nutrición Pensada en ti y tu Familia Suplementos Nutricionales Geriátricos Glucerna",,false_no_registro_sanitario
Mifarma,Carnitina Líquida 3000 Nutrex Naranja-Mango,Carnitina Líquida 3000 Nutrex Naranja-Mango,,109.00,PEN,available,https://www.mifarma.com.pe/producto/liquid-carnitine-3000-sabor-naranja-y-mango/304845,304845,NUTREX,algolia_public_search,2026-06-08T00:46:29.654841+00:00,,L-Carnitina 3000 mg ácido Pantoténico 10 mg Excipientes c.s.p. Este producto es distribuido por Inretail Pharma S.A. (Ley 32033) Quemador de grasa. Suplementos Nutricionales Deportivos,,false_no_registro_sanitario
Mifarma,Lipo 6 Black Hers UC Nutrex Cápsulas,Lipo 6 Black Hers UC Nutrex Cápsulas,,159.00,PEN,available,https://www.mifarma.com.pe/producto/lipo-6-black-hers-ultra-concentrate/304844,304844,NUTREX,algolia_public_search,2026-06-08T00:46:29.655006+00:00,,"Ácido fólico, vitamina B12, cromo picolinato, cafeina anhidra, extracto de paullinia cupana (semilla), cacao en polvo, petroselinum crispum, excipientes c.s.p. Este producto es distribuido por Inretail Pharma S.A. (Ley 32033) Quemador de grasa. Suplementos Nutricionales Nutrición Deportiva Fitness y Deportivos Suplementos Dietéticos Dietéticos Adelgazantes Naturales",,false_no_registro_sanitario
Mifarma,Tinku Curcuma con Pimienta y Kion,Tinku Curcuma con Pimienta y Kion,,69.90,PEN,available,https://www.mifarma.com.pe/producto/tinku-curcuma-con-pimienta-y-kion/304699,304699,TINKU,algolia_public_search,2026-06-08T00:46:29.655142+00:00,,Cúrcuma con Kion (80%) Pimienta (5%) y maltodextrina (15%) Este producto es distribuido por Inretail Pharma S.A. (Ley 32033) Alimentos Naturales Suplementos y Vitaminas Aguaje Antiflamatorio y Antiartrósico,,false_no_registro_sanitario
Mifarma,Fitosana Colágeno Puro Premium,Fitosana Colágeno Puro Premium,,99.90,PEN,available,https://www.mifarma.com.pe/producto/fitosana-colageno-puro-premium/304651,304651,FITOSANA,algolia_public_search,2026-06-08T00:46:29.655631+00:00,,Colágeno hidrolizado. Este producto es distribuido por Inretail Pharma S.A. (Ley 32033) Suplementos Nutricionales,,false_no_registro_sanitario
Mifarma,"Osmolite 1,06 kcaL/mL Solución Oral","Osmolite 1,06 kcaL/mL Solución Oral",DE4178,92.40,PEN,available,https://www.mifarma.com.pe/producto/osmolite-1-06-kcal-ml-solucion-oral/304534,304534,OSMOLITE,algolia_public_search,2026-06-08T00:46:29.656085+00:00,,"Agua, maltodextrina de maíz, sólidos de jarabe de maíz, caseinato de sodio, aislado de proteína de soya, aceite de canola, aceite de maíz, MINERALES (fosfato de calcio, citrato de potasio, clorurode potasio, citrato de sodio, fosfato de magnesio, cloruro de magnesio, hidróxido de sodio, hidróxido depotasio, carbonato de calcio, sulfato ferroso, sulfato de zinc, sulfato de manganeso, sulfato de cobre, clorurode cromo, molibdato de sodio, yoduro de potasio, selenato de sodio), triglicéridos de cadena media, caseinatode calcio, lecitina de soya (emulsificante), VITAMINAS (ácido ascórbico, cloruro de colina, dl-alfa-tocoferolacetato, niacinamida, pantotenato de calcio, riboflavina, clorhidrato de tiamina, clorhidrato de piridoxina,palmitato de vitamina A, ácido fálico, filoquinona, biotina, vitamina D3, vitamina B12), carragenina(estabilizante), taurina, L-carnitina. Este producto es distribuido por Inretail Pharma S.A. (Ley 32033) Una dieta que contenga ácidos grasos omega puede resultar muy beneficiosa. Los aceites derivados de alimentos ricos en omega, como el pescado, aportan una amplia variedad de nutrientes naturales. Para quienes no disfrutan del pescado en su dieta, recurrir a un suplemento de omega de origen vegetal es una excelente manera de incorporar nutrientes beneficiosos a su día. Las gomitas Omega 3-6-7-9 proporcionan una fuente libre de pescado de ácidos grasos omega 3, 6, 7 y 9 naturales. Dos gomitas veganas aportan 360 mg de un complejo omega de origen vegetal que consta de aceite de linaza orgánico y aceite de fruto de espino amarillo. Suplementos Nutricionales Suplementos / Complementos Nutrición Adulto Adultos Adulto Geriátricos",digemid_name_inference,false_no_component_match
Mifarma,Lima naturals Sili Marina,Lima naturals Sili Marina,,51.00,PEN,available,https://www.mifarma.com.pe/producto/lima-naturals-sili-marina/303992,303992,OLEMART,algolia_public_search,2026-06-08T00:46:29.657039+00:00,,Extracto de Cardo Mariano (Sili marina) yAlcachofa Este producto es distribuido por Inretail Pharma S.A. (Ley 32033) Suplementos Nutricionales Nutrición Deportiva Fitness y Deportivos Suplementos Dietéticos Dietéticos Adelgazantes Naturales,,false_no_registro_sanitario
Mifarma,Lima Naturals Garcinia Cambogia,Lima Naturals Garcinia Cambogia,,43.90,PEN,available,https://www.mifarma.com.pe/producto/lima-naturals-garcinia-cambogia/303991,303991,OLEMART,algolia_public_search,2026-06-08T00:46:29.657173+00:00,,"Garcinia Cambogia, Hoja de Stevia, Vitamina Cy excipientes Este producto es distribuido por Inretail Pharma S.A. (Ley 32033) Suplementos Nutricionales Nutrición Deportiva Fitness y Deportivos Suplementos Dietéticos Dietéticos Adelgazantes Naturales",,false_no_registro_sanitario
Mifarma,LAB nutrition Proteina 100% hidrolizada Cookies & Cream,LAB nutrition Proteina 100% hidrolizada Cookies & Cream,,249.90,PEN,available,https://www.mifarma.com.pe/producto/lab-nutrition-proteina-100-hidrolizada-cookies-cream/303486,303486,LAB NUTRITION,algolia_public_search,2026-06-08T00:46:29.657996+00:00,,Aislado De Proteína De Suero Hidrolizada 29.43 g*Provee el valor nutricional Proteína 25 gExcipientes: c.s. Este producto es distribuido por Inretail Pharma S.A. (Ley 32033) Promociones en Suplementos y Vitaminas Nutrición Deportiva Suplementos Deportivos Más Proteinas con Mejores Resultados,,false_no_registro_sanitario
Mifarma,PVM Sabor vainilla,PVM Sabor vainilla,,85.90,PEN,available,https://www.mifarma.com.pe/producto/pvm-sabor-vainilla/303309,303309,HERSIL,algolia_public_search,2026-06-08T00:46:29.658107+00:00,,Este producto es distribuido por Inretail Pharma S.A. (Ley 32033) Suplementos Nutricionales Adultos,,false_no_registro_sanitario
Mifarma,Creatina 100% Monohidratada en Polvo QNT,Creatina 100% Monohidratada en Polvo QNT,,109.90,PEN,available,https://www.mifarma.com.pe/producto/creatine-monohydrate-polvo-para-solucion-oral/303283,303283,QNT,algolia_public_search,2026-06-08T00:46:29.658241+00:00,,Creatina monohidrato Este producto es distribuido por Inretail Pharma S.A. (Ley 32033) Promociones en Suplementos y Vitaminas Suplementos Nutricionales Nutrición Deportiva Fitness y Deportivos Creatina más Fuerza en Cada Entrenamiento Deportivos Suplementos Deportivos,,false_no_registro_sanitario
Mifarma,Creatina 100% Monohidratada en Polvo QNT,Creatina 100% Monohidratada en Polvo QNT,,199.90,PEN,available,https://www.mifarma.com.pe/producto/creatine-monohydrate-polvo-para-solucion-oral/303282,303282,QNT,algolia_public_search,2026-06-08T00:46:29.826232+00:00,,Creatina monohidrato Este producto es distribuido por Inretail Pharma S.A. (Ley 32033) Promociones en Suplementos y Vitaminas Suplementos Nutricionales Nutrición Deportiva Fitness y Deportivos Creatina más Fuerza en Cada Entrenamiento Deportivos Suplementos Deportivos,,false_no_registro_sanitario
Mifarma,Glucerna Sabor Vainilla,Glucerna Sabor Vainilla,,74.00,PEN,available,https://www.mifarma.com.pe/producto/glucerna-sabor-vainilla/302970,302970,GLUCERNA,algolia_public_search,2026-06-08T00:46:29.826603+00:00,,"Maltodextrina, ACEITES VEGETALES (aceite de canola, aceite de girasol alto en oleico),sucromaltosa, caseinato de calcio, maltitol, proteína de soya, proteína láctea, MINERALES(citrato de sodio, cloruro de potasio, fosfato dibásico de magnesio, carbonato de calcio,fosfato dibásico de potasio, sulfato de sodio, sulfato de magnesio, citrato de potasio, sulfatoferroso, sulfato de zinc, sulfato de manganeso, sulfato cúprico, cloruro de cromo, yoduro de potasio, molibdato de sodio, selenato de sodio), oligofructosa (FOS), isomaltulosa, mioinositol,fibra de avena, sabor artificial a vainilla,VITAMINAS (ácido ascórbico, palmitato de ascorbilo, vitamina E, niacinamida, pantotenato de calcio, clorhidrato de piridoxina, clorhidrato de tiamina, riboflavina, palmitato de vitamina A, ácido fólico, filoquinona, biotina, vitamina D3, cianocobalamina), lecitina de soya (emulsionante), cloruro de colina, acesulfame de potasio (edulcorante) Este producto es distribuido por Inretail Pharma S.A. (Ley 32033) Nutrición Pensada en ti y tu Familia Suplementos Nutricionales Geriátricos Glucerna",,false_no_registro_sanitario
Mifarma,Proteína Prostar Whey Ultimate Nutrition Vainilla Créme,Proteína Prostar Whey Ultimate Nutrition Vainilla Créme,,439.00,PEN,available,https://www.mifarma.com.pe/producto/proteina-prostar-100-whey-protein-sabor-vain-cre/302491,302491,ULTIMATE NUTRITION,algolia_public_search,2026-06-08T00:46:29.826815+00:00,,"Mezcla de Proteínas (Proteína aislada de suero, Proteína concentrada de suero y peptidos de suero) equivalente a 25g de Proteína, sabores naturales y artificiales, sucralosa, acesulfame de potasio, lecitina de soya. Este producto es distribuido por Inretail Pharma S.A. (Ley 32033) Suplemento nutricional. Suplementos Nutricionales Nutrición Deportiva Fitness y Deportivos Deportivos Suplementos Deportivos",,false_no_registro_sanitario
Mifarma,Proteína 100% Whey Professional Scitec Nutrition Chocolate,Proteína 100% Whey Professional Scitec Nutrition Chocolate,,369.90,PEN,available,https://www.mifarma.com.pe/producto/100-whey-protein-professional-sabor-chocolate/302462,302462,SCITEC NUTRITION,algolia_public_search,2026-06-08T00:46:29.826992+00:00,,"Proteína (Proteína concentrada de suero Proteína aislada de suero) 86%, taurina 3.3%, L glutamina 1.7%, bromelina 0.07, papaina 0.07%, Excipientesc.s.p. Este producto es distribuido por Inretail Pharma S.A. (Ley 32033) Suplemento nutricional. Suplementos Nutricionales Nutrición Deportiva Fitness y Deportivos Deportivos Suplementos Deportivos",,false_no_registro_sanitario
Mifarma,Proteína 100% Whey Isolate Scitec Nutrition Vainilla,Proteína 100% Whey Isolate Scitec Nutrition Vainilla,,419.90,PEN,available,https://www.mifarma.com.pe/producto/proteina-100-whey-isolate-sabor-vanilla/302461,302461,SCITEC NUTRITION,algolia_public_search,2026-06-08T00:46:29.827183+00:00,,"Proteína aislada de suero (84%), lecitina, L-glutamina (5.3%), sabor vanilla, L-arginina (1.2%), sal, yogur en polvo, goma xantana, sucralosa, acesulfame de potasio. Este producto es distribuido por Inretail Pharma S.A. (Ley 32033) Suplemento nutricional. Promociones en Suplementos y Vitaminas Suplementos Nutricionales Nutrición Deportiva Fitness y Deportivos Proteinas Aisladas a Precio más Bajo Deportivos Suplementos Deportivos",,false_no_registro_sanitario
Mifarma,Proteína 100% Whey Isolate Scitec Nutrition Vainilla,Proteína 100% Whey Isolate Scitec Nutrition Vainilla,,209.90,PEN,available,https://www.mifarma.com.pe/producto/100-whey-isolate-protein-drink-vainilla-polvo-para-susp-oral/302310,302310,SCITEC NUTRITION,algolia_public_search,2026-06-08T00:46:29.827373+00:00,,"Proteína aislada de suero (84%), lecitina, L-glutamina (5.3%), sabor vanilla, L arginina (1.2%), sal, yogur en polvo, goma xantana, sucralosa, acesulfame de potasio. Este producto es distribuido por Inretail Pharma S.A. (Ley 32033) Suplemento nutricional. Promociones en Suplementos y Vitaminas Suplementos Nutricionales Nutrición Deportiva Fitness y Deportivos Proteinas Aisladas a Precio más Bajo Deportivos Suplementos Deportivos",,false_no_registro_sanitario
Mifarma,Proteína Iso Cool Ultimate Nutrition Chocolate Créme,Proteína Iso Cool Ultimate Nutrition Chocolate Créme,,239.00,PEN,available,https://www.mifarma.com.pe/producto/isocool-chocolate-creme-polvo-para-suspension-oral/302294,302294,ULTIMATE NUTRITION - ISOCOOL,algolia_public_search,2026-06-08T00:46:29.827770+00:00,,"Proteína aislada de suero premium equivalente a 23g de Proteína, cacao, sabores naturales y artificiales, sucralosa, acesulfame de potasio y lecitina de soya. Este producto es distribuido por Inretail Pharma S.A. (Ley 32033) Nutrición definitiva IsoCool® se produce a través de una tecnología exclusiva e innovadora llamada ColdPure® la ultrafiltración aísla la proteína de suero nativa en una forma altamente bioactiva usando un avanzado proceso de ultrafiltración a baja temperatura. Promociones en Suplementos y Vitaminas Suplementos Nutricionales Nutrición Deportiva Fitness y Deportivos Proteinas Aisladas a Precio más Bajo Deportivos Suplementos Deportivos Más Proteinas con Mejores Resultados",,false_no_registro_sanitario
Mifarma,Glucosamina+Condroitina Tableta efervescente,Glucosamina+Condroitina Tableta efervescente,,19.90,PEN,available,https://www.mifarma.com.pe/producto/glucosamina-condroitina-tableta-efervescente/301849,301849,VITAMINS FOR LIFE,algolia_public_search,2026-06-08T00:46:29.827899+00:00,,Este producto es distribuido por Inretail Pharma S.A. (Ley 32033) Vitaminas para Adultos Suplementos Nutricionales Naturales,,false_no_registro_sanitario
Mifarma,Geriameal Original Polvo 500G Sabor vainilla,Geriameal Original Polvo 500G Sabor vainilla,,39.90,PEN,available,https://www.mifarma.com.pe/producto/geriameal-polvo-500g-sabor-vainilla/300638,300638,GERIAMEAL,algolia_public_search,2026-06-08T00:46:29.828376+00:00,,"Proteína de soya, maltodextrina, suero de leche, aceite de Sacha Inchi, estabilizador (SIN 341iii), saborizante vainilla, proteína de suero de leche, fibra insoluble, vitaminas y minerales (cromo, hierro, magnesio, manganeso, molibdeno, selenio, cobre, yodo, zinc, vitamina A, vitamina B1, vitamina B2, vitamina B3, vitamina B5, vitamina B6, biotina, vitamina B9, vitamina B12, vitamina C, vitamina D, vitamina E, vitamina K), antiaglutinante (SIN 551), estabilizante (SIN 415), colorante (SIN 171), beta-D-glucano, fibra soluble, edulcorante (SIN 955-SIN 960), ácido araquidónico (ARA), ácido docosahexaenoico (DHA), cepas probióticas. Este producto es distribuido por Inretail Pharma S.A. (Ley 32033) Suplementos Nutricionales Nutrición Adulto Adultos",,false_no_registro_sanitario
Mifarma,NAT-D 1000UI Tableta,NAT-D 1000UI Tableta,,60.00,PEN,available,https://www.mifarma.com.pe/producto/nat-d-1000ui-tableta/290813,290813,MEGA LIFE,algolia_public_search,2026-06-08T00:46:29.828539+00:00,,Cada tableta contiene: Vitamina D3 1000 UI (Colecalciferol 25 mcg) Excipientes c.s.p. Este producto es distribuido por Inretail Pharma S.A. (Ley 32033) Suplementos / Complementos Suplementos Nutricionales Adulto Colágenos,,false_no_registro_sanitario
Mifarma,Geriaplus DB Inmunoact Polvo Sabor vainilla,Geriaplus DB Inmunoact Polvo Sabor vainilla,,51.90,PEN,available,https://www.mifarma.com.pe/producto/geriaplus-db-inmunoact-polvo-sabor-vainilla/816845,816845,GERIAPLUS,algolia_public_search,2026-06-08T00:46:29.828760+00:00,,"Soya en polvo, proteína aislada de soya, caseinato de calcio, maltodextrina, polidextrosa (SIN 1200), aceite de canola (ácido linolénico / ácido linoleico), fibra de avena, sorbitol (SIN 420i), sabor vainilla, sabor leche, premix de vitaminas y minerales, fosfoto tricalcico (fuente de fósforo y calcio), aceite de pescado (fuente de DHA/EPA), betaglucano, dióxido de silicio (SIN 551), Lecitina de soya (SIN 322i). Este producto es distribuido por Inretail Pharma S.A. (Ley 32033) Suplementos Nutricionales Suplementos / Complementos Nutrición Adulto Adultos Adulto Geriátricos",,false_no_registro_sanitario
Mifarma,Geriaplus Inmunoact Polvo Sabor lúcuma,Geriaplus Inmunoact Polvo Sabor lúcuma,,51.90,PEN,available,https://www.mifarma.com.pe/producto/geriaplus-inmunoact-polvo-sabor-lucuma/816842,816842,GERIAPLUS,algolia_public_search,2026-06-08T00:46:29.828891+00:00,,Este producto es distribuido por Inretail Pharma S.A. (Ley 32033) Suplementos Nutricionales Suplementos / Complementos Nutrición Adulto Adultos Adulto Geriátricos,,false_no_registro_sanitario
Mifarma,Geriaplus Inmunoact Polvo Sabor vainilla,Geriaplus Inmunoact Polvo Sabor vainilla,,51.90,PEN,available,https://www.mifarma.com.pe/producto/geriaplus-inmunoact-polvo-sabor-vainilla/816841,816841,GERIAPLUS,algolia_public_search,2026-06-08T00:46:29.829084+00:00,,"Leche descremada en polvo, Proteínaaislada de soya, Aceite de canola (Ácidolinolénico/ Ácido linoleico), Polidextrosa(SIN 1200), Fibra de avena, Lactosuero,Maltodextrina, Sabor vainilla, Premix devitaminas y minerales, Fosfato Tricálcico(fuente de fósforo y calcio), Aceite depescado (Fuente de DHA/EPA),Betaglucano, Dióxido de silicio (SIN 551),Sucralosa (SIN 955). Este producto es distribuido por Inretail Pharma S.A. (Ley 32033) Suplementos Nutricionales Suplementos / Complementos Nutrición Adulto Adultos Adulto Geriátricos",,false_no_registro_sanitario
Mifarma,Sunvit Apetito off,Sunvit Apetito off,,19.90,PEN,available,https://www.mifarma.com.pe/producto/sunvit-apetito-off/816647,816647,SUNVIT,algolia_public_search,2026-06-08T00:46:29.829211+00:00,,Raíz de Konjac 526 mg Este producto es distribuido por Inretail Pharma S.A. (Ley 32033) Minerales Vitaminas y Suplementos Vitaminas Hierro Vitamina C,,false_no_registro_sanitario
Mifarma,Creatina Monohidratada Ultimate Nutrition,Creatina Monohidratada Ultimate Nutrition,,159.00,PEN,available,https://www.mifarma.com.pe/producto/creatine-monohydrate-ultimate-nutrition-polvo-300g/816238,816238,ULTIMATE NUTRITION - ISOCOOL,algolia_public_search,2026-06-08T00:46:29.829849+00:00,,Creatina monohidrata Este producto es distribuido por Inretail Pharma S.A. (Ley 32033) Suplemento nutricional. Promociones en Suplementos y Vitaminas Suplementos Nutricionales Nutrición Deportiva Fitness y Deportivos Creatina más Fuerza en Cada Entrenamiento Deportivos Suplementos Deportivos,,false_no_registro_sanitario
Mifarma,"Biotin 10,000 10000 mcg Cápsula blanda","Biotin 10,000 10000 mcg Cápsula blanda",,82.90,PEN,available,https://www.mifarma.com.pe/producto/biotin-10-000-10000-mcg-cap-bl/814341,814341,VITAMINS FOR LIFE,algolia_public_search,2026-06-08T00:46:29.830519+00:00,,D-Biotina 97% 11.00mg Este producto es distribuido por Inretail Pharma S.A. (Ley 32033) Vitaminas y Suplementos Vitaminas Biotina Vitamina B,,false_no_registro_sanitario
Mifarma,Naltreva 8MG + 90MG Comprimido Recubierto De Liberación Prolongada,Naltreva 8MG + 90MG Comprimido Recubierto De Liberación Prolongada,,312.00,PEN,available,https://www.mifarma.com.pe/producto/naltreva-8-90mg-comprimido-recubierto/284279,284279,TECNOFARMA,algolia_public_search,2026-06-08T00:46:29.830684+00:00,,"Cada comprimido recubierto de liberacion prolongada contiene: Bupropion clorhidrato 90,0000 Naltrexona clorhidrato 8,0000 mg Este producto es distribuido por Inretail Pharma S.A. (Ley 32033) Vitaminas para Adultos Suplementos Nutricionales Nutrición Deportiva Fitness y Deportivos Suplementos Dietéticos Dietéticos Adelgazantes Naturales",,false_no_registro_sanitario
Mifarma,Lab Nut C4 Energy Strawb Wat Ice - Lata 473ml,Lab Nut C4 Energy Strawb Wat Ice - Lata 473ml,,15.00,PEN,available,https://www.mifarma.com.pe/producto/lab-nut-c4-energy-strawb-wat-ice-lata-473ml/800450,800450,LAB NUTRITION,algolia_public_search,2026-06-08T00:46:29.830812+00:00,,Este producto es distribuido por Inretail Pharma S.A. (Ley 32033) Suplementos Nutricionales Nutrición Deportiva Fitness y Deportivos Deportivos Suplementos Deportivos,,false_no_registro_sanitario
Mifarma,Virile Forte Cápsula,Virile Forte Cápsula,,81.90,PEN,available,https://www.mifarma.com.pe/producto/virile-forte-capsula/800271,800271,TINKU NATURAL,algolia_public_search,2026-06-08T00:46:29.831157+00:00,,"Huanapo macho 20% | Achiote 20% | Guaraná 20% | Maca negra 20% | Mashua 10% | Ginseng 10% Este producto es distribuido por Inretail Pharma S.A. (Ley 32033) VIRILE FORTE TINKU en cápsulas es una mezcla elaborada con Huanarpo macho, Achiote, Guarana, Maca negra, Mashua, Ginseng. Entre sus propiedades más importantes tenemos; Además de tener un efecto energizaste por la actividad sinérgica de la Maca negra, Huanarpo macho, giseng y Guaraná. Suplementos Nutricionales Naturales",,false_no_registro_sanitario
Mifarma,NAN® COMFORT®,NAN® COMFORT®,,219.90,PEN,available,https://www.mifarma.com.pe/producto/nan-comfort-caja-1-4-kg-/548953,548953,NAN,algolia_public_search,2026-06-08T00:46:29.831289+00:00,,Este producto es distribuido por Inretail Pharma S.A. (Ley 32033) Suplementos Nutricionales Suplementos / Complementos Fórmula para Bebés Fórmula Infantil Especial Pediátricos Fórmula Láctea Confort,,false_no_registro_sanitario
Mifarma,Sangrecita De Res Wawafood,Sangrecita De Res Wawafood,,8.90,PEN,available,https://www.mifarma.com.pe/producto/sangrecita-de-res-wawafood-bolsa-150-g/548776,548776,WAWAFOOD,algolia_public_search,2026-06-08T00:46:29.831407+00:00,,Sangre de res. Este producto es distribuido por Inretail Pharma S.A. (Ley 32033) Minerales Suplementos Nutricionales Sistema Sanguíneo Antianémicos Naturales Hierro,,false_no_registro_sanitario
Mifarma,Feveny 0.625 MG Tabletas recubiertas,Feveny 0.625 MG Tabletas recubiertas,,160.20,PEN,available,https://www.mifarma.com.pe/producto/feveny-0-625-mg-tabletas-recubiertas/590102,590102,XINJIANG NUZILINE BIO PHARMACEUTICAL,algolia_public_search,2026-06-08T00:46:29.832142+00:00,,Estrógenos conjugados 20.8344 mg (equivalente a 0.625 mg de estrona sulfato de sodio y equilin sulfato de sodio) Este producto es distribuido por Inretail Pharma S.A. (Ley 32033) Suplementos Nutricionales Cuidado de la Mujer Antimenospausico Naturales,,false_no_registro_sanitario
Mifarma,Ceregen Vit 10 Solución oral,Ceregen Vit 10 Solución oral,,55.00,PEN,available,https://www.mifarma.com.pe/producto/ceregen-vit-10-solucion-oral/546525,546525,K2 PHARMAVIDA,algolia_public_search,2026-06-08T00:46:29.832338+00:00,,"Cada 100 ml contiene: Glicerofosfato de sodio 0,6 g | Gluconato de calcio (como monohidrato) 1 g | Glicerofosfato de manganeso 0,1 g | Glicerofosfato de potasio 0,32 g | Tiamina clorhidrato-Vit. B1 16 mg | Riboflavina (fosfato sódico)-Vit. B2 12 mg | Piridoxina clorhidrato-Vit. B6 3,4 mg | Nicotinamida-Vit. B3 100 mg Este producto es distribuido por Inretail Pharma S.A. (Ley 32033) Multivitamínicos Suplementos / Complementos Adulto Para Adultos",,false_no_registro_sanitario
Mifarma,Compota GERBER® Mango - Frasco 113 G,Compota GERBER® Mango - Frasco 113 G,,4.80,PEN,available,https://www.mifarma.com.pe/producto/gerber-compota-de-mango-pote-113-g/546283,546283,NESTLÉ,algolia_public_search,2026-06-08T00:46:29.832520+00:00,,"Puré de mango (99,95%) preparado de concentrado y Vitamina C. Este producto es distribuido por Inretail Pharma S.A. (Ley 32033) Gerber Mango, hecho con 100% puré de Fruta , sin azucar añadida ni preservantes. Para bebés a partir de los 6 meses. Suplementos / Complementos Cereales y Compotas",,false_no_registro_sanitario
Mifarma,Compota GERBER® Pera - Frasco 113 G,Compota GERBER® Pera - Frasco 113 G,,4.80,PEN,available,https://www.mifarma.com.pe/producto/compota-gerber-de-pera/546281,546281,GERBER,algolia_public_search,2026-06-08T00:46:29.832693+00:00,,Puré de pera (99.95%) preparado de concentrado y vitamina C. Puré de pera (99.95%) preparado de concentrado y vitamina C. Puré de pera (99.95%) preparado de concentrado y vitamina C. Suplementos / Complementos Cereales y Compotas,,false_no_registro_sanitario
Mifarma,Compota GERBER® Manzana - Frasco 113 G,Compota GERBER® Manzana - Frasco 113 G,,4.80,PEN,unavailable,https://www.mifarma.com.pe/producto/compota-gerber-de-manzana/546280,546280,GERBER,algolia_public_search,2026-06-08T00:46:29.832854+00:00,,"Puré de manzana (99,95%) preparado de concentrado y vitamina C. Este producto es distribuido por Inretail Pharma S.A. (Ley 32033) Gerber Manzana, hecho con 100% puré de Fruta , sin azucar añadida ni preservantes. Para bebés a partir de los 6 meses. Suplementos / Complementos Cereales y Compotas",,false_no_registro_sanitario
Mifarma,Osteovit Max Fresa Suspensión Oral,Osteovit Max Fresa Suspensión Oral,,47.50,PEN,unavailable,https://www.mifarma.com.pe/producto/osteovit-max-fresa-suspension-oral/539252,539252,HERSIL,algolia_public_search,2026-06-08T00:46:29.833020+00:00,,"Carbonado de Calcio (ión calcio) 1500 mg(600mg)| Hidróxido de Magnesio (ión de Magnesio) 239.95 mg (100mg) |Vitamina D3 (Equivalente) 7,5 µg(300UI)| Gluconato de Zinc (ión zinc) 27.89 mg(4mg) Este producto es distribuido por Inretail Pharma S.A. (Ley 32033) Minerales Suplementos / Complementos Otros Minerales Embarazo",,false_no_registro_sanitario
Mifarma,Osteovit Junior Suspensión Oral,Osteovit Junior Suspensión Oral,,42.00,PEN,available,https://www.mifarma.com.pe/producto/osteovit-junior-suspension-oral/538704,538704,HERSIL,algolia_public_search,2026-06-08T00:46:29.833158+00:00,,Carbonato de calcio 15000mg| Gluconato de zinc 1046mg|Hidróxido de magnesio 8000mg|Vitamina D3 20mg Este producto es distribuido por Inretail Pharma S.A. (Ley 32033) Minerales Suplementos / Complementos Otros Minerales Embarazo,,false_no_registro_sanitario
Mifarma,Osteovit Junior Fresa Suspensión Oral,Osteovit Junior Fresa Suspensión Oral,,39.90,PEN,unavailable,https://www.mifarma.com.pe/producto/osteovit-junior-fresa-suspension-oral/538528,538528,HERSIL,algolia_public_search,2026-06-08T00:46:29.833307+00:00,,Carbonato de Calcio (ión Calcio) 750mg(300mg)|Gluconato de Zinc (ión Zinc) 52.30mg(7.5)|Hidróxido de Magnesio (ión Magnesio) 400mg(50mg)|Vitamina D3 (equivalente) 1mg(100UI) Este producto es distribuido por Inretail Pharma S.A. (Ley 32033) Minerales Suplementos / Complementos Otros Minerales Embarazo,,false_no_registro_sanitario
Mifarma,Glutapak-10 Polvo Oral,Glutapak-10 Polvo Oral,,48.90,PEN,available,https://www.mifarma.com.pe/producto/glutapak-10-polvo-oral-15g/529778,529778,GLUTAPAK,algolia_public_search,2026-06-08T00:46:29.833419+00:00,,Este producto es distribuido por Inretail Pharma S.A. (Ley 32033) Suplementos Nutricionales Suplementos / Complementos Dietéticos Diabéticos,,false_no_registro_sanitario
Mifarma,Almidón de Maíz Enterex Espesante Polvo,Almidón de Maíz Enterex Espesante Polvo,,64.50,PEN,available,https://www.mifarma.com.pe/producto/almidon-de-maiz-enterex-espesante-polvo/529774,529774,ENTEREX,algolia_public_search,2026-06-08T00:46:29.833544+00:00,,Este producto es distribuido por Inretail Pharma S.A. (Ley 32033) Suplementos / Complementos Adulto,,false_no_registro_sanitario
Mifarma,Ensure Advance Sabor Chocolate 400 gr,Ensure Advance Sabor Chocolate 400 gr,,60.00,PEN,available,https://www.mifarma.com.pe/producto/ensure-advance-sabor-chocolate/273554,273554,ENSURE,algolia_public_search,2026-06-08T00:46:29.834072+00:00,,"Maltodextrina,almidón de maíz hidrolizado, sacarosa, CASEINATOS (caseinato de sodio,caseinato de calcio), ACEITES VEGETALES (aceite de girasol alto en oleico,aceite de soya, aceite de canola), MINERALES (citrato de potasio, citrato desodio, fosfato dibásico de potasio, cloruro de potasio, cloruro de magnesio,carbonato de calcio, cloruro de sodio, sulfato de zinc, sulfato ferroso,sulfato de manganeso, sulfato cúprico, molibdato de sodio, yoduro de potasio,cloruro de cromo, selenatode sodio), aislado de proteína de soya, Ca-HMB (B-hidroxi-B-metibutiratomonohidatadode calcio), inulina, oligofructosa,sabor artificial a vainilla, lecitina de soya (emulsificante), cloruro decolina, VITAMINAS (ácido ascórbico, acetato de dl-alfa tocoferilo,niacinamida,pantotenato de calcio, clorhidrato de piridoxina, clorhidrato de tiamina,riboflavina, palmitato de vitamina A, ácido fólico, b-caroteno, biotina, filoquinona,vitamina D3, cianocobalamina), palmitato de ascorbilo(antioxidante), mezcla de tocoferolees(antioxidante) .Contiene ingredientes derivados de leche y soya. Este producto es distribuido por Inretail Pharma S.A. (Ley 32033) Nutrición en polvo completa ybalanceada con HMB y proteínas de alta calidad, componentes clave que ayudan apromover la salud muscular. Con calcio que ayuda a fortalecer los huesos y 28vitaminas y minerales que ayudan a mantenerte fuerte y saludable. Nutrición Pensada en ti y tu Familia Suplementos Nutricionales Suplementos / Complementos Adultos Adulto Geriátricos Ensure",,false_no_registro_sanitario
Mifarma,Gold Test diagnóstico de embarazo Lapicero,Gold Test diagnóstico de embarazo Lapicero,,16.90,PEN,available,https://www.mifarma.com.pe/producto/gold-test-diagnostico-de-embarazo-lapicero/574193,574193,GOLD,algolia_public_search,2026-06-08T00:46:29.834521+00:00,,"Este producto es distribuido por Inretail Pharma S.A. (Ley 32033) Es una prueba rápida de embarazo en forma de lapicero que Ud. podrá usar en la intimidad de su hogar, para detectar tempranamente el embarazo, en sólo 5 minutos y con un resultado confiable. Puede usarlo con una muestra fresca de orina recogida a cualquier hora del día. Si es su primer día de atraso menstrual se recomienda usar la primera orina de la mañana, pues tiene mayor concentración de la hormona hCG (Gonadotropina Coriónica Humana). Suplementos / Complementos Embarazo",,false_no_registro_sanitario
Mifarma,Proteína Gold Standard Whey Double Rich Chocolate,Proteína Gold Standard Whey Double Rich Chocolate,,489.00,PEN,available,https://www.mifarma.com.pe/producto/gold-standard-100-whey-protein-rich-chocolate/556210,556210,OPTIMUM NUTRITION,algolia_public_search,2026-06-08T00:46:29.834737+00:00,,"Mezcla de proteínas (Aislado de proteínas de suero 78.9%, concentrado de proteínas de suero 8.7%, Proteína hidrolizada de suero 3.3%), Cocoa (procesado con álcali) 6.6g, Saborizante natural y artificial 1.6%, Lecitina 0.66%, Acesulfame de Potasio 0.2%. Este producto es distribuido por Inretail Pharma S.A. (Ley 32033) Suplemento nutricional. Promociones en Suplementos y Vitaminas Suplementos Nutricionales Nutrición Deportiva Fitness y Deportivos Deportivos Suplementos Deportivos Más Proteinas con Mejores Resultados",,false_no_registro_sanitario
Mifarma,Vida Max HMB Polvo Sabor Vainilla,Vida Max HMB Polvo Sabor Vainilla,,104.40,PEN,available,https://www.mifarma.com.pe/producto/vida-max-hmb-polvo-sabor-vainilla-lata-900-g/558743,558743,HERSIL,algolia_public_search,2026-06-08T00:46:29.835033+00:00,,"Este producto es distribuido por Inretail Pharma S.A. (Ley 32033) Vidamax HMB® este formulado como un alimento deshidratado y pulverizado, que at mezclarse con agua recupera sus cualidades naturales y proporciona una nutrición completa y balanceada, pudiendo utilizarse como único alimento. Sugerimos seguir las recomendaciones del médico o nutricionista. La fórmula mejorada de Vidamax HMB® proporciona un aporte ideal de Vitamina D asociada a calcio y CaHMB*. Dos porciones de Vidamax HMB® aportan 3,01 gramos de CaHMB, 17,46 gramos de proteína de alta calidad y 405,32 UI de Vitamina D3. Vidamax HMB® proporciona ácidos grasos esenciales (linoleico y linolénico) y bajo contenido de grasas saturadas y colesterol. Vidamax HMB® contiene FOS (FructoOligoSacáridos) que contribuyen a mantener un tracto gastrointestinal saludable. Suplementos Nutricionales Suplementos / Complementos Nutrición Adulto Adultos Adulto Geriátricos",,false_no_registro_sanitario
Mifarma,Glucosamina Condroitin MSM Tableta,Glucosamina Condroitin MSM Tableta,,113.90,PEN,available,https://www.mifarma.com.pe/producto/glucosamina-condroitin-msm-tableta/570079,570079,SUNVIT,algolia_public_search,2026-06-08T00:46:29.835162+00:00,,Glucosamina| Condroitina| Metilsulfonil metano Este producto es distribuido por Inretail Pharma S.A. (Ley 32033) Suplementos Nutricionales Naturales,,false_no_registro_sanitario
Mifarma,Cartílago de Tiburón VID NATUR Cápsulas Vegetales,Cartílago de Tiburón VID NATUR Cápsulas Vegetales,,52.90,PEN,available,https://www.mifarma.com.pe/producto/suplemento-dietetico/131895,131895,CARTILAGO DE TIBURON,algolia_public_search,2026-06-08T00:46:29.835328+00:00,,"Este producto es distribuido por Inretail Pharma S.A. (Ley 32033) El cartílago de tiburón contiene sulfato de condroitina y glucosamina, que ayudan a mantener la salud de las articulaciones. El llantén es comúnmente usado para calmar inflamaciones, el calcio y la vitamina D ayudan a mantener una buena salud ósea. Suplementos Nutricionales Colágenos Naturales",,false_no_registro_sanitario
Mifarma,Emulsión Scott DHA EPA Sabor Naranja,Emulsión Scott DHA EPA Sabor Naranja,,37.50,PEN,available,https://www.mifarma.com.pe/producto/emulsion-scott-dha-epa-sabor-naranja/156500,156500,EMULSION SCOTT,algolia_public_search,2026-06-08T00:46:29.835516+00:00,,Aceite de Hígado de Bacalao 525mg| Vitamina A 0.6269 mg |Vitamina D3 0.001925mg | Calcio 44.5mg | Fosforo 32.1mg | DHA (Ácido Docosahexaenoico 38.5mg) | EPA (Ácido Eicosapentaenoico) 34.2mg Este producto es distribuido por Inretail Pharma S.A. (Ley 32033) Sistema Respiratorio/Inmunitario Multivitamínicos Suplementos Nutricionales Fortalecer defensas Para Niños Pediátricos,,false_no_registro_sanitario
Mifarma,Emulsión Scott DHA EPA Sabor Cereza,Emulsión Scott DHA EPA Sabor Cereza,,37.50,PEN,available,https://www.mifarma.com.pe/producto/emulsion-scott-dha-epa-sabor-cereza/155994,155994,EMULSION SCOTT,algolia_public_search,2026-06-08T00:46:29.835692+00:00,,Aceite de Hígado de Bacalao 525mg| Vitamina A 0.6269mg |Vitamina D3 0.001925mg | Calcio 44.5mg | Fosforo 32.1mg | DHA (Ácido Docosahexaenoico 38.5mg) | EPA (Ácido Eicosapentaenoico) 34.2mg Este producto es distribuido por Inretail Pharma S.A. (Ley 32033) Sistema Respiratorio/Inmunitario Multivitamínicos Suplementos Nutricionales Fortalecer defensas Para Niños Pediátricos,,false_no_registro_sanitario
Mifarma,Emulsión Scott DHA EPA Sabor Naranja,Emulsión Scott DHA EPA Sabor Naranja,,21.70,PEN,available,https://www.mifarma.com.pe/producto/emulsion-scott-dha-epa-sabor-naranja/158213,158213,EMULSION SCOTT,algolia_public_search,2026-06-08T00:46:29.835843+00:00,,Aceite de hígado de bacalao 525mg?Vitamina A 0.6269m?Vitamina D3 0.001925mg?Calcio 44.5mg?Fosforo 32.1mg Este producto es distribuido por Inretail Pharma S.A. (Ley 32033) Sistema Respiratorio/Inmunitario Multivitamínicos Suplementos Nutricionales Fortalecer defensas Para Niños Pediátricos,,false_no_registro_sanitario
Mifarma,Emulsión Scott DHA EPA Sabor Cereza,Emulsión Scott DHA EPA Sabor Cereza,,21.70,PEN,available,https://www.mifarma.com.pe/producto/emulsion-scott-dha-epa-sabor-cereza/155995,155995,EMULSION SCOTT,algolia_public_search,2026-06-08T00:46:29.835990+00:00,,Aceite de hígado de bacalao 525mg?Vitamina A 0.6269mg?Vitamina D3 0.001925mg?Calcio 44.5mg?Fosforo 32.1mg Este producto es distribuido por Inretail Pharma S.A. (Ley 32033) Sistema Respiratorio/Inmunitario Multivitamínicos Suplementos Nutricionales Fortalecer defensas Para Niños Pediátricos,,false_no_registro_sanitario
Mifarma,Endulzante Splenda Polvo Sobre - Caja 200 UN,Endulzante Splenda Polvo Sobre - Caja 200 UN,,63.30,PEN,available,https://www.mifarma.com.pe/producto/endulzante-splenda-polvo-sobre/520573,520573,SPLENDA,algolia_public_search,2026-06-08T00:46:29.836117+00:00,,Este producto es distribuido por Inretail Pharma S.A. (Ley 32033) Dietas Suplementos Nutricionales Nutrición Deportiva Fitness y Deportivos Suplementos Dietéticos Dietéticos Edulcorante,,false_no_registro_sanitario
Mifarma,Nutrigel 2.0® polvo para solución oral,Nutrigel 2.0® polvo para solución oral,,168.00,PEN,available,https://www.mifarma.com.pe/producto/colageno-nutrigel-2-0-polvo-sobre/558500,558500,NUTRIGEL,algolia_public_search,2026-06-08T00:46:29.836243+00:00,,Colágeno Hidrolizado 10g Este producto es distribuido por Inretail Pharma S.A. (Ley 32033) Suplementos Nutricionales Suplementos y Vitaminas Busca tu Marca de Colágeno Ideal Colágenos,,false_no_registro_sanitario
Mifarma,Ensure Polvo Sabor Vainilla,Ensure Polvo Sabor Vainilla,,83.00,PEN,available,https://www.mifarma.com.pe/producto/ensure-polvo-sabor-vainilla/252515,252515,ENSURE,algolia_public_search,2026-06-08T00:46:29.836515+00:00,,"Este producto es distribuido por Inretail Pharma S.A. (Ley 32033) Bienvenidos a un mundo de seguridad, nutrición, suplementación y cuidado que cubre todas las necesidades alimenticias del adulto mayor. Los productos Ensure fueron diseñados especialmente para ayudarte a obtener todos los nutrientes necesarios que tanto necesitas, como las vitaminas, minerales, proteínas y grasas. Recupera tu fuerza, protégete y vive seguro con Ensure. Alimentación y nutrición para el adulto mayor con Ensure Indicado para sustituir temporalmente o suplementar la alimentación habitual, en el restablecimiento o el soporte de un estado nutricional normal. Nutrición Pensada en ti y tu Familia Suplementos / Complementos Suplementos Nutricionales Nutrición Adulto Adultos Adulto Geriátricos Ensure",,false_no_registro_sanitario
Mifarma,Propoleo Solución Spray Helty - Frasco 120 ML,Propoleo Solución Spray Helty - Frasco 120 ML,,19.90,PEN,available,https://www.mifarma.com.pe/producto/propoleo-solucion-spray-helty/526195,526195,HELTY,algolia_public_search,2026-06-08T00:46:29.836646+00:00,,Este producto es distribuido por Inretail Pharma S.A. (Ley 32033) Sistema Locomotor Suplementos Nutricionales Antiinflamatorios naturales Naturales,,false_no_registro_sanitario
Mifarma,Cereal Infatil NESTUM® Trigo Miel,Cereal Infatil NESTUM® Trigo Miel,,17.70,PEN,available,https://www.mifarma.com.pe/producto/nestum-infantil-trigo-y-miel-6-meses-a-mas/558012,558012,NESTUM,algolia_public_search,2026-06-08T00:46:29.836937+00:00,,"Harina de trigo (93.3%), Miel de abejas (4.5%), Reguladores de acidez (Carbonato de Calcio INS170i y Fosfato Dipotásico INS340ii) Vitaminas y minerales (Vitamina C, Fumarato Ferroso, Sulfato de Zinc, Vitamina E, Niacina, Pantotenato de Calcio, Vimina B1, Vitamina B2, Vitamina A, Vitamina B6, Ácido Fólico, Biotina, Vitamina D3 y Vitamina B12), Probióticos (Bifidobacterium Lactis 1 x 106 UFC/g) y Aroma idéntico al natural (Vainillina), Contiene gluten. Puede contener leche. Este producto es distribuido por Inretail Pharma S.A. (Ley 32033) El cereal infantil NESTUM ® TRIGO MIEL está especialmente creado para bebés. Contiene 14 vitaminas y minerales. Además, una porción aporta el 60% del hierro* diario que tu bebé necesita. (*Del % de Ingesta Diaria Recomendada (IDR) para infantes hasta los 12 meses según FDA) Suplementos / Complementos Fórmula para Bebés Cereales Cereales y Compotas",,false_no_registro_sanitario
Mifarma,Propóleo Jarabe Vid Natur - Frasco 200 ML,Propóleo Jarabe Vid Natur - Frasco 200 ML,,26.90,PEN,available,https://www.mifarma.com.pe/producto/propoleo-jarabe-vid-natur/552149,552149,VID NATUR,algolia_public_search,2026-06-08T00:46:29.837064+00:00,,Este producto es distribuido por Inretail Pharma S.A. (Ley 32033) Sistema Locomotor Suplementos Nutricionales Antiinflamatorios naturales Naturales,,false_no_registro_sanitario
Mifarma,Cefasabal Polvo 400g - Lata 400 G,Cefasabal Polvo 400g - Lata 400 G,,85.00,PEN,available,https://www.mifarma.com.pe/producto/cefasabal-polvo-400g/554918,554918,HERSIL,algolia_public_search,2026-06-08T00:46:29.837503+00:00,,Este producto es distribuido por Inretail Pharma S.A. (Ley 32033) Indicado para fortalece la salud de las vías urinarias. Sistema Urinario Suplementos Nutricionales Antiprostáticos Naturales,,false_no_registro_sanitario
Mifarma,Colágeno Vitagel Polvo - Frasco 310 G,Colágeno Vitagel Polvo - Frasco 310 G,,124.90,PEN,available,https://www.mifarma.com.pe/producto/colageno-vitagel-polvo/528596,528596,VITAGEL,algolia_public_search,2026-06-08T00:46:29.837670+00:00,,"COLAGENO HIDROLIZADO Este producto es distribuido por Inretail Pharma S.A. (Ley 32033) Indicado en el tratamiento de los dolores y el desgaste de las articulaciones y de los musculos, mejora la elasticidad de la piel, evita que aprezcan estrías, potencia el crecimiento de las uñas y del cabello. Suplementos Nutricionales Colágenos",,false_no_registro_sanitario
Mifarma,Té Verde Green Tea Seng Filtrante Sabor Limón,Té Verde Green Tea Seng Filtrante Sabor Limón,,19.90,PEN,available,https://www.mifarma.com.pe/producto/te-verde-green-tea-sen-filtrante-sabor-limon/526397,526397,GREEN TEA,algolia_public_search,2026-06-08T00:46:29.837831+00:00,,"Cada filtrante contiene una mezcla única de plantas naturales: té verde, boldo, alcachofa, stevia, sen y limón. Este producto es distribuido por Inretail Pharma S.A. (Ley 32033) Suplementos Nutricionales Infusiones Naturales Nutrición Deportiva Fitness y Deportivos Suplementos Dietéticos Infusiones Reductores Dietéticos Adelgazantes Naturales",,false_no_registro_sanitario
Mifarma,Pack ISO-XP Whey Protein Isolate Vainilla + Kevin Levrone 100% Creatina Monohidratada,Pack ISO-XP Whey Protein Isolate Vainilla + Kevin Levrone 100% Creatina Monohidratada,,389.90,PEN,available,https://www.mifarma.com.pe/producto/pack-iso-whey-protein-isolate-kevin-levrone/PACKNT307,PACKNT307,APPLIED NUTRITION,algolia_public_search,2026-06-08T00:46:29.838645+00:00,,ISO-XP Whey Protein Isolate Vainilla: Una cucharada (25 g) contiene: Proteína (Aislado de proteína de suero de leche) 23.4 g Excipientes c.s.p Kevin Levrone 100% Creatina monohidratada:Creatina Monohidrato 2.5g Este producto es distribuido por Inretail Pharma S.A. (Ley 32033) Multivitamínicos Promociones en Suplementos y Vitaminas Suplementos Nutricionales Nutrición Deportiva Packs de Nutrición y Bienestar Fitness y Deportivos Deportivos Suplementos Deportivos Más Proteinas con Mejores Resultados Para Adultos,,false_no_registro_sanitario
Mifarma,Pack Proteína Aislada Iso Clean Musclen Sabor Fudgy Chocolate + Quemador de Grasa Musclen Oxylite Sabor Passion Fruit,Pack Proteína Aislada Iso Clean Musclen Sabor Fudgy Chocolate + Quemador de Grasa Musclen Oxylite Sabor Passion Fruit,,349.90,PEN,available,https://www.mifarma.com.pe/producto/pack-proteina-aislada-fudgy-chocolate-quemador/PACKNT756,PACKNT756,MUSCLEN,algolia_public_search,2026-06-08T00:46:29.839162+00:00,,"Proteína Aislada Iso Clean Musclen Sabor Fudgy Chocolate: Suero de leche descremado (ISO), Cacao, Sabor Chocolate, Emulsionantes (SIN 322(i), SIN 415), Edulcorante (SIN 955), Stevia (SIN 960a). Quemador de Grasa Musclen Oxylite Sabor Passion Fruit: Café, guarana, pitahaya, maltodextrina, stevia (SIN 960a), sucralosa (SIN 955), acido citrico (SIN 330), goma xantan (SIN 415), colorante curcumina (100 i). CONTIENE CAFEINA. Este producto es distribuido por Inretail Pharma S.A. (Ley 32033) Musclen es una marca especializada en nutrición deportiva diseñada para impulsar el rendimiento, la fuerza y la recuperación de quienes buscan resultados visibles y sostenibles. Sus fórmulas combinan ingredientes de alta calidad con estándares modernos de fabricación, ofreciendo proteínas, aminoácidos y suplementos funcionales que acompañan cada fase del entrenamiento. Con un enfoque en eficacia, pureza y accesibilidad, Musclen se convierte en un aliado confiable tanto para deportistas como para personas activas que quieren maximizar su bienestar físico día a día. Proteína Aislada Iso Clean Musclen Sabor Fudgy Chocolate Suplemento proteico especialmente formulado para la ganancia muscular limpia con bajo contenido de carbohidratos y máxima pureza. Es una alternativa ligera, pura y de rápida absorción es un perfecto complemento nutricional deportivo. Musclen® ISO CLEAN posee uno de los mejores valores proteicos por scoop del mercado. Nutrición deportiva diseñada para potenciar tu mejor versión Rinde más cada día con Musclen, disponible en Inkafarma. Promociones en Suplementos y Vitaminas Packs de Nutrición y Bienestar Productos Proteínas Musclen Más Proteinas con Mejores Resultados",,false_no_registro_sanitario
Mifarma,Pack Proteína Prime Whey Sabor Vainilla y Creatina 100% Monohidratada en Polvo QNT,Pack Proteína Prime Whey Sabor Vainilla y Creatina 100% Monohidratada en Polvo QNT,,348.50,PEN,available,https://www.mifarma.com.pe/producto/pack-proteina-prime-whey-vainilla-y-creatina-polvo-qnt/PACKNT514,PACKNT514,QNT,algolia_public_search,2026-06-08T00:46:29.839405+00:00,,"Proteína Prime Whey sabor Vainilla: Concentrado de proteína de suero de leche, Aisladode proteína de suero de leche, Sabor Vainilla, GomaGuar, Goma Xantan, Sucralosa, Sabor Natural. Creatina 100% Monohidratada en Polvo QNT: Creatina monohidrato Este producto es distribuido por Inretail Pharma S.A. (Ley 32033) Promociones en Suplementos y Vitaminas Suplementos Nutricionales Nutrición Deportiva Packs de Nutrición y Bienestar Fitness y Deportivos Deportivos Suplementos Deportivos Más Proteinas con Mejores Resultados",,false_no_registro_sanitario
Mifarma,Pack Proteína Prime Whey Chocolate Sabor Brownie y Creatina 100% Monohidratada en Polvo QNT,Pack Proteína Prime Whey Chocolate Sabor Brownie y Creatina 100% Monohidratada en Polvo QNT,,348.50,PEN,available,https://www.mifarma.com.pe/producto/pack-proteina-prime-chocolate-brownie-creatina-polvo-qnt/PACKNT513,PACKNT513,QNT,algolia_public_search,2026-06-08T00:46:29.839645+00:00,,"Proteína Prime Whey Chocolate sabor Brownie: Concentrado de proteína de suero de leche, Aisladode proteína de suero de leche, Cacao en polvoreducido en grasa, Sabor chocolate, Goma guar,Goma Xantan, sal, Sucralosa, Sabor Natural. Creatina 100% Monohidratada en Polvo QNT: Creatina monohidrato Este producto es distribuido por Inretail Pharma S.A. (Ley 32033) Promociones en Suplementos y Vitaminas Suplementos Nutricionales Nutrición Deportiva Packs de Nutrición y Bienestar Fitness y Deportivos Deportivos Suplementos Deportivos Más Proteinas con Mejores Resultados",,false_no_registro_sanitario
Mifarma,Pack Prime whey QNT Vainilla 2KG + Creatina Monohidratada QNT 300GR,Pack Prime whey QNT Vainilla 2KG + Creatina Monohidratada QNT 300GR,,348.50,PEN,available,https://www.mifarma.com.pe/producto/pack-whey-vainilla-creatina-monohidratada-qnt/PACKNT357,PACKNT357,MEDIX,algolia_public_search,2026-06-08T00:46:29.839861+00:00,,"Prime whey vainilla Polvo para solución oral: Concentrado de proteína de suero de leche, Aisladode proteína de suero de leche, Sabor Vainilla, GomaGuar, Goma Xantan, Sucralosa, Sabor Natural. Creatine monohydrate Polvo para solución oral: Creatina monohidrato Este producto es distribuido por Inretail Pharma S.A. (Ley 32033) Promociones en Suplementos y Vitaminas Suplementos Nutricionales Nutrición Deportiva Packs de Nutrición y Bienestar Fitness y Deportivos Deportivos Suplementos Deportivos Más Proteinas con Mejores Resultados",,false_no_registro_sanitario
Mifarma,Pack Prime whey QNT Chocolate Brownie 2KG + Creatina Monohidratada QNT 300GR,Pack Prime whey QNT Chocolate Brownie 2KG + Creatina Monohidratada QNT 300GR,,348.50,PEN,available,https://www.mifarma.com.pe/producto/pack-prime-whey-chocolate-brownie-2kg-creatina-qnt/PACKNT356,PACKNT356,MEDIX,algolia_public_search,2026-06-08T00:46:29.840084+00:00,,"Prime whey chocolate brownie Polvo para solución oral.: Concentrado de proteína de suero de leche, Aisladode proteína de suero de leche, Cacao en polvoreducido en grasa, Sabor chocolate, Goma guar,Goma Xantan, sal, Sucralosa, Sabor Natural. Creatine monohydrate Polvo para solución oral: Creatina monohidrato Este producto es distribuido por Inretail Pharma S.A. (Ley 32033) Promociones en Suplementos y Vitaminas Suplementos Nutricionales Nutrición Deportiva Packs de Nutrición y Bienestar Fitness y Deportivos Deportivos Suplementos Deportivos Más Proteinas con Mejores Resultados",,false_no_registro_sanitario
Mifarma,Pack Demolitor Iso Protein Vainilla + Creatina Con Maca,Pack Demolitor Iso Protein Vainilla + Creatina Con Maca,,289.00,PEN,available,https://www.mifarma.com.pe/producto/pack-demolitor-iso-protein-vainilla-creatina-maca/PACKNT592,PACKNT592,DEMOLITOR,algolia_public_search,2026-06-08T00:46:29.840259+00:00,,Demolitor Creatina Monohidratada con Maca Polvo: Creatina monohidratada 4g Maca negra gelatinizada 1g Este producto es distribuido por Inretail Pharma S.A. (Ley 32033) Promociones en Suplementos y Vitaminas Suplementos Nutricionales Nutrición Deportiva Packs de Nutrición y Bienestar Fitness y Deportivos Deportivos Suplementos Deportivos Más Proteinas con Mejores Resultados,,false_no_registro_sanitario
Mifarma,Pack Proteína Muscle Whey Musclen Sabor Fudgy Chocolate + Quemador de Grasa Musclen Oxylite Sabor Passion Fruit,Pack Proteína Muscle Whey Musclen Sabor Fudgy Chocolate + Quemador de Grasa Musclen Oxylite Sabor Passion Fruit,,269.90,PEN,available,https://www.mifarma.com.pe/producto/pack-proteina-fudgy-chocolate-quemador-de-grasa/PACKNT758,PACKNT758,MUSCLEN,algolia_public_search,2026-06-08T00:46:29.840756+00:00,,"Proteína Aislada Iso Clean Musclen Sabor Fudgy Chocolate: Suero de leche en polvo (WHEY), Cacao, Sabor Chocolate, Emulsionantes (SIN 322(i), SIN 415), Enzima Lactasa, Edulcorante (SIN 955), Stevia (SIN 960a). Quemador de Grasa Musclen Oxylite Sabor Passion Fruit: Café, guarana, pitahaya, maltodextrina, stevia (SIN 960a), sucralosa (SIN 955), acido citrico (SIN 330), goma xantan (SIN 415), colorante curcumina (100 i). CONTIENE CAFEINA. Este producto es distribuido por Inretail Pharma S.A. (Ley 32033) Musclen es una marca especializada en nutrición deportiva diseñada para impulsar el rendimiento, la fuerza y la recuperación de quienes buscan resultados visibles y sostenibles. Sus fórmulas combinan ingredientes de alta calidad con estándares modernos de fabricación, ofreciendo proteínas, aminoácidos y suplementos funcionales que acompañan cada fase del entrenamiento. Con un enfoque en eficacia, pureza y accesibilidad, Musclen se convierte en un aliado confiable tanto para deportistas como para personas activas que quieren maximizar su bienestar físico día a día. Proteína Muscle Whey Musclen Sabor Fudgy Chocolate Suplemento proteico a base de suero de leche altamente concentrado, especial para quienes buscan resistencia y desarrollo muscular. Favorece a la recuperación y aporta energía durante los entrenamientos. Nutrición deportiva diseñada para potenciar tu mejor versión Rinde más cada día con Musclen, disponible en Mifarma. Promociones en Suplementos y Vitaminas Packs de Nutrición y Bienestar Productos Proteínas Musclen Más Proteinas con Mejores Resultados",,false_no_registro_sanitario
Mifarma,Pack Proteína Aislada Iso Clean Musclen Chocolate + Quemador de Grasa Musclen Oxylite Sabor Passion Fruit,Pack Proteína Aislada Iso Clean Musclen Chocolate + Quemador de Grasa Musclen Oxylite Sabor Passion Fruit,,179.90,PEN,available,https://www.mifarma.com.pe/producto/pack-proteina-aislada-chocolate-quemador-grasa/PACKNT753,PACKNT753,MUSCLEN,algolia_public_search,2026-06-08T00:46:29.841319+00:00,,"Suero de leche descremado (ISO), Cacao, Sabor Chocolate, Emulsionantes (SIN 322(i), SIN 415), Edulcorante (SIN 955), Stevia (SIN 960a). Proteína Aislada Iso Clean Musclen Sabor Fudgy Chocolate: Suero de leche descremado (ISO), Cacao, Sabor Chocolate, Emulsionantes (SIN 322(i), SIN 415), Edulcorante (SIN 955), Stevia (SIN 960a). Quemador de Grasa Musclen Oxylite Sabor Passion Fruit: Café, guarana, pitahaya, maltodextrina, stevia (SIN 960a), sucralosa (SIN 955), acido citrico (SIN 330), goma xantan (SIN 415), colorante curcumina (100 i). CONTIENE CAFEINA. Este producto es distribuido por Inretail Pharma S.A. (Ley 32033) Musclen es una marca especializada en nutrición deportiva diseñada para impulsar el rendimiento, la fuerza y la recuperación de quienes buscan resultados visibles y sostenibles. Sus fórmulas combinan ingredientes de alta calidad con estándares modernos de fabricación, ofreciendo proteínas, aminoácidos y suplementos funcionales que acompañan cada fase del entrenamiento. Con un enfoque en eficacia, pureza y accesibilidad, Musclen se convierte en un aliado confiable tanto para deportistas como para personas activas que quieren maximizar su bienestar físico día a día. Proteína Aislada Iso Clean Musclen Sabor Fudgy Chocolate Suplemento proteico especialmente formulado para la ganancia muscular limpia con bajo contenido de carbohidratos y máxima pureza. Es una alternativa ligera, pura y de rápida absorción es un perfecto complemento nutricional deportivo. Musclen® ISO CLEAN posee uno de los mejores valores proteicos por scoop del mercado. Nutrición deportiva diseñada para potenciar tu mejor versión Rinde más cada día con Musclen, disponible en Inkafarma. Promociones en Suplementos y Vitaminas Packs de Nutrición y Bienestar Productos Proteínas Musclen Más Proteinas con Mejores Resultados",,false_no_registro_sanitario
Mifarma,Proteína Prime Whey sabor Vainilla,Proteína Prime Whey sabor Vainilla,,125.10,PEN,available,https://www.mifarma.com.pe/producto/prime-whey-vainilla-polvo-para-solucion-oral/303284,303284,QNT,algolia_public_search,2026-06-08T00:46:29.841547+00:00,,"Concentrado de proteína de suero de leche, Aisladode proteína de suero de leche, Sabor Vainilla, GomaGuar, Goma Xantan, Sucralosa, Sabor Natural. Este producto es distribuido por Inretail Pharma S.A. (Ley 32033) Promociones en Suplementos y Vitaminas Suplementos Nutricionales Nutrición Deportiva Fitness y Deportivos Proteinas Aisladas a Precio más Bajo Deportivos Suplementos Deportivos Más Proteinas con Mejores Resultados",,false_no_registro_sanitario
Mifarma,Pack 02 Gomitas Nutricionales para Adulto Natural Gummies Arándanos,Pack 02 Gomitas Nutricionales para Adulto Natural Gummies Arándanos,E-330,85.00,PEN,available,https://www.mifarma.com.pe/producto/pack-02-gomitas-para-adulto-natural-arandanos/PACKNT722,PACKNT722,NATURAL GUMMIES,algolia_public_search,2026-06-08T00:46:29.841722+00:00,,"Jarabe de Maltitol, Sorbitol, Agua; Gelatina; Eritritol; Extracto de Arándano;Extracto de Cranberry; Ácido Cítrico, SIN (E-330), (9 gr/kg). SaborizanteNatural Arándano. Este producto es distribuido por Inretail Pharma S.A. (Ley 32033) Suplementos y Vitaminas Packs de Nutrición y Bienestar Gomitas Funcionales para Todo",page_or_detail_regex,false_no_component_match
Mifarma,Pack 02 Ciruela + Pitahaya Natural Gummies Sabor Fresa,Pack 02 Ciruela + Pitahaya Natural Gummies Sabor Fresa,,85.00,PEN,available,https://www.mifarma.com.pe/producto/pack-02-ciruela-pitahaya-natural-gummies-fresa/PACKNT718,PACKNT718,NATURAL BUSINESS,algolia_public_search,2026-06-08T00:46:29.841895+00:00,,"Jarabe de Maltitol; Sorbitol; Agua, Eritritol Extracto de Ciruela; Extracto de Pitahaya; Ácido Cítrico, Inulina, Colorante Natural: Rojo proveniente del Maiz Morado (100 mg/kg).Saborizante Natural. Fresa. Este producto es distribuido por Inretail Pharma S.A. (Ley 32033) Suplementos y Vitaminas Packs de Nutrición y Bienestar Gomitas Funcionales para Todo",,false_no_registro_sanitario
Mifarma,Pack 02 Gomitas Nutricionales para Adulto Natural Gummies Aguaje + Soya,Pack 02 Gomitas Nutricionales para Adulto Natural Gummies Aguaje + Soya,,84.90,PEN,available,https://www.mifarma.com.pe/producto/pack-02-gomitas-nutricionales-adulto-natural-soya/PACKNT723,PACKNT723,NATURAL GUMMIES,algolia_public_search,2026-06-08T00:46:29.842067+00:00,,"Maltitol líquido, Sorbitol, Agua, Gelatina; Eritritol; Ácido Cítrico,Aguaje (Regulador de acidez); Soya en polvo (textura); ColoranteNatural: Rojo Proveniente del maíz Morado 100 mg/kg SaborizanteNatural. Cereza. Este producto es distribuido por Inretail Pharma S.A. (Ley 32033) Suplementos y Vitaminas Packs de Nutrición y Bienestar Gomitas Funcionales para Todo",,false_no_registro_sanitario
Mifarma,Pack 02 Cúrcuma + Pimienta Negra Natural Gummies Sabor Tutti Fruti,Pack 02 Cúrcuma + Pimienta Negra Natural Gummies Sabor Tutti Fruti,,84.90,PEN,available,https://www.mifarma.com.pe/producto/pack-02-curcuma-pimienta-natural-gummies-tutti/PACKNT720,PACKNT720,NATURAL BUSINESS,algolia_public_search,2026-06-08T00:46:29.842226+00:00,,"Jarabe de Maltitol; Sorbitol; Agua; Eritritol; Ácido Cítrico, Cúrcuma; Pimienta Negra. Saborizante: Tutty Fruty Este producto es distribuido por Inretail Pharma S.A. (Ley 32033) Suplementos y Vitaminas Packs de Nutrición y Bienestar Antiflamatorio y Antiartrósico Gomitas Funcionales para Todo",,false_no_registro_sanitario
Mifarma,Pack 02 Colágeno + Biotina + Camu Camu Natural Gummies Sabor Mango,Pack 02 Colágeno + Biotina + Camu Camu Natural Gummies Sabor Mango,E-330,84.90,PEN,available,https://www.mifarma.com.pe/producto/pack-02-colageno-biotina-camu-gummies-mango/PACKNT719,PACKNT719,NATURAL BUSINESS,algolia_public_search,2026-06-08T00:46:29.842402+00:00,,"Jarabe de Maltitol; Sorbitol, Gelatina; Eritritol; Agua Extracto de Camú Camú; Colágeno; Biotina; Ácido Cítrico, SIN (E-330). Saborizante Natural a Mango; Colorante Natrural; Amarillo Proveniente de la Curcuma. Este producto es distribuido por Inretail Pharma S.A. (Ley 32033) Suplementos y Vitaminas Packs de Nutrición y Bienestar Gomitas Funcionales para Todo",page_or_detail_regex,false_no_component_match
Mifarma,Gomitas de Gelatina Yumi Gumi Wuman,Gomitas de Gelatina Yumi Gumi Wuman,A-450,59.90,PEN,available,https://www.mifarma.com.pe/producto/gomitas-gelatina-yumi-gumi-wuman/320793,320793,YUMI GUMI,algolia_public_search,2026-06-08T00:46:29.842762+00:00,,2 gomitas diarias: Acido folico 240 mcg Zinc 2.5 mg Biotina 30 mg Vitamina E 15 mg Calcio 100 mg Vitamina B6 1.7 mg Vitamina B12 2.5 mcg Selenio 14 mcg Vitamina A 450 mcg Vitamina D 20 mcg Este producto es distribuido por Inretail Pharma S.A. (Ley 32033) Multivitamínicos Suplementos y Vitaminas Gomitas Funcionales para Todo Para Adultos,page_or_detail_regex,false_no_component_match
Mifarma,Gomitas de Gelatina Yumi Gumi Cero Drama,Gomitas de Gelatina Yumi Gumi Cero Drama,,59.90,PEN,available,https://www.mifarma.com.pe/producto/gomitas-gelatina-yumi-gumi-cero-drama/320792,320792,YUMI GUMI,algolia_public_search,2026-06-08T00:46:29.842903+00:00,,Contenido en 2 gomitas Valeriana: 50 mg Manzanilla: 100 mg Ashwagandha: 200 mgPasiflora: 50 mg Este producto es distribuido por Inretail Pharma S.A. (Ley 32033) Sistema Locomotor Suplementos Nutricionales Sedantes Naturales,,false_no_registro_sanitario
Mifarma,Gomitas de Gelatina Yumi Gumi Bom Dia,Gomitas de Gelatina Yumi Gumi Bom Dia,,59.90,PEN,available,https://www.mifarma.com.pe/producto/gomitas-gelatina-yumi-gumi-bom-dia/320791,320791,YUMI GUMI,algolia_public_search,2026-06-08T00:46:29.843057+00:00,,Citrato de magnesio (en 2 gomitas) Zinc 11mg (en 2 gomitas) Este producto es distribuido por Inretail Pharma S.A. (Ley 32033) Minerales Multivitamínicos Suplementos y Vitaminas Nutrición Adulto Lo más Buscado en Citrato y Glicinato de Magnesio Gomitas Funcionales para Todo Magnesio Zinc Para Adultos,,false_no_registro_sanitario
Mifarma,Pack 2 Helty Stevia,Pack 2 Helty Stevia,,41.90,PEN,available,https://www.mifarma.com.pe/producto/pack-2-helty-stevia/PACKNT172,PACKNT172,HELTY,algolia_public_search,2026-06-08T00:46:29.843650+00:00,,"Este producto es distribuido por Inretail Pharma S.A. (Ley 32033) Producto obtenido de la hoja de STEVIA (Stevia rebaudiana), cultivada y producida en el Perú. La Stevia es una planta muy conocida como endulzante natural porque posee un sabor dulce en sus hojas debido a su alto contenido de glucósidos llamado esteviosidos, que es más dulce que la sacarosa, No contiene calorías. Dietas Suplementos Nutricionales Nutrición Deportiva Packs de Nutrición y Bienestar Fitness y Deportivos Suplementos Dietéticos Dietéticos Edulcorante",,false_no_registro_sanitario
Mifarma,Pack 03 Androflam 160 mg Cápsulas Blandas,Pack 03 Androflam 160 mg Cápsulas Blandas,,155.00,PEN,available,https://www.mifarma.com.pe/producto/pack-03-androflam-160-mg-capsulas-blandas/PACKNT321,PACKNT321,SANIMED,algolia_public_search,2026-06-08T00:46:29.844555+00:00,,Cada cápsula blanda contiene: Extracto del aceite de Saw Palmetto (Estandarizado al 85 - 95 % de ácidos grasos totales) 160 mg Este producto es distribuido por Inretail Pharma S.A. (Ley 32033) Sistema Renal/ Reproductor Suplementos Nutricionales Packs de Nutrición y Bienestar Problemas Reproductor Masculino Naturales,,false_no_registro_sanitario
Mifarma,Pack Metapure Proteína 100% Isolatada Sabor Vainilla y Creatina 100% Monohidratada en Polvo QNT,Pack Metapure Proteína 100% Isolatada Sabor Vainilla y Creatina 100% Monohidratada en Polvo QNT,,369.00,PEN,available,https://www.mifarma.com.pe/producto/pack-metapure-proteina-vainilla-creatina-polvo-qnt/PACKNT512,PACKNT512,QNT,algolia_public_search,2026-06-08T00:46:29.844939+00:00,,"Metapure Proteína 100% Isolatada sabor Vainilla: Aislado de proteína de suero de leche, saborizante avainilla, sucralosa. Creatina 100% Monohidratada en Polvo QNT: Creatina monohidrato Este producto es distribuido por Inretail Pharma S.A. (Ley 32033) Promociones en Suplementos y Vitaminas Suplementos Nutricionales Nutrición Deportiva Packs de Nutrición y Bienestar Fitness y Deportivos Deportivos Suplementos Deportivos Más Proteinas con Mejores Resultados",,false_no_registro_sanitario
Mifarma,Stevia & Panela Onza Caja x 50 Sobres,Stevia & Panela Onza Caja x 50 Sobres,,16.90,PEN,available,https://www.mifarma.com.pe/producto/stevia-panela-onza-caja-x-50-sobres/308141,308141,ONZA,algolia_public_search,2026-06-08T00:46:29.845078+00:00,,Stevia & Panela Este producto es distribuido por Inretail Pharma S.A. (Ley 32033) Dietas Suplementos Nutricionales Nutrición Deportiva Fitness y Deportivos Suplementos Dietéticos Dietéticos Edulcorante,,false_no_registro_sanitario
Mifarma,Pack 01 Cúrcuma 500mg Lima Naturals + 01 Fenogreco 500mg Lima Naturals,Pack 01 Cúrcuma 500mg Lima Naturals + 01 Fenogreco 500mg Lima Naturals,,81.00,PEN,available,https://www.mifarma.com.pe/producto/pack-1-curcuma-500mg-lima-naturals-1-fenogreco/PACKNT91,PACKNT91,OLEMART,algolia_public_search,2026-06-08T00:46:29.845347+00:00,,"Cúrcuma: Cúrcuma, Pimienta Negra, Kion en polvo. Fenogreco: 100% Fenogreco. Este producto es distribuido por Inretail Pharma S.A. (Ley 32033) Alimentos Naturales Suplementos y Vitaminas Packs de Nutrición y Bienestar Antiflamatorio y Antiartrósico Otros Alimentos Naturales",,false_no_registro_sanitario
Mifarma,Pack 27+3 Glucerna Triple Care Líquido Sabor Vainilla,Pack 27+3 Glucerna Triple Care Líquido Sabor Vainilla,,348.30,PEN,available,https://www.mifarma.com.pe/producto/pack-27-3-glucerna-triple-care-liquido-vainilla/PACKNT779,PACKNT779,GLUCERNA,algolia_public_search,2026-06-08T00:46:29.846004+00:00,,"Agua, maltodextrina, ACEITES VEGETALES (aceite de canola, aceite de girasol alto en oleico), proteína láctea, sucromaltosa, maltitol, aislado de proteína de soya, caseinato de sodio, oligofructosa (FOS), MINERALES (cloruro de potasio, citrato de sodio, fosfato dibásico de potasio, carbonato de calcio, fosfato dibásico de magnesio, sulfato demagnesio, cloruro de sodio, citrato de potasio, sulfato ferroso, sulfato de zinc, sulfato de manganeso, sulfato cúprico, cloruro de cromo, yoduro de potasio, molibdato de sodio, selenato de sodio), isomaltulosa, mio-Inositol, saborizantes, fibra de avena, lecitina de soya (emulsionante), VITAMINAS (ácido ascórbico, niacinamida, vitamina E, pantotenato de calcio, clorhidrato de piridoxina, clorhidrato de tiamina, riboflavina, palmitato de vitamina A, ácido fólico, filoquinona, biotina, vitamina D₃, cianocobalamina), cloruro de colina, acesulfame de potasio (edulcorante), curcumina (colorante), goma gellan (estabilizador), sucralosa (edulcorante). CONTIENTE INGREDIENTES DERIVADOS DE LECHE, SOYA Y AVENA. Este producto es distribuido por Inretail Pharma S.A. (Ley 32033) Glucerna® es un producto alimenticio específicamente diseñado con nutrientes para ayudar a controlar los niveles de glucosa en sangre* y apoyar el estado nutricional como parte de un plan de alimentación para personas con diabetes ya que contiene: Un nuevo y mejorado sistema avanzado de carbohidratos de digestión lenta y ahora con inositol, que te ayudan a controlar tus niveles de glucosa en sangre*. Contiene 35 nutrientes que te ayudan a cubrir tus necesidades nutricionales, entre ellos: Proteínas. Combinación de ácidos grasos saludables para apoyar la salud cardiovascular. Antioxidantes (vitamina C, vitamina E y selenio) y zinc para apoyar tu sistema inmune. Una mezcla de fibras solubles incluyendo FOS (fibras prebióticas) y fibras insolubles para promover la salud digestiva. Nutrición Pensada en ti y tu Familia Suplementos Nutricionales Suplementos y Vitaminas Packs de Nutrición y Bienestar Packs Bebibles Ensure y Glucerna Geriátricos Glucerna",,false_no_registro_sanitario
Mifarma,Pack 02 Mujer Aguaje Colágeno Hidrolizado Camu Camu,Pack 02 Mujer Aguaje Colágeno Hidrolizado Camu Camu,,99.80,PEN,available,https://www.mifarma.com.pe/producto/pack-2-mujer-aguaje-colageno-hidrolizado-camu-camu/PACKNT498,PACKNT498,MUJER AGUAJE,algolia_public_search,2026-06-08T00:46:30.014096+00:00,,Este producto es distribuido por Inretail Pharma S.A. (Ley 32033) Suplementos Nutricionales Packs de Nutrición y Bienestar Colágenos,,false_no_registro_sanitario
Mifarma,Pack 02 Colágeno Hidrolizado Mujer Aguaje Sabor Mora,Pack 02 Colágeno Hidrolizado Mujer Aguaje Sabor Mora,,99.80,PEN,available,https://www.mifarma.com.pe/producto/pack-2-colageno-hidrolizado-mujer-aguaje-mora/PACKNT496,PACKNT496,MUJER AGUAJE,algolia_public_search,2026-06-08T00:46:30.014281+00:00,,"Colágeno Hidrolizado, Harina de Fruto de Aguaje, Cloruro de Magnesio, Vitamina C, Vitamina B7, Sulfato de Zinc y Stevia Este producto es distribuido por Inretail Pharma S.A. (Ley 32033) Suplementos Nutricionales Packs de Nutrición y Bienestar Colágenos",,false_no_registro_sanitario
Mifarma,Pack 03 Colágeno Vitagel Polvo,Pack 03 Colágeno Vitagel Polvo,,374.70,PEN,available,https://www.mifarma.com.pe/producto/pack-03-colageno-vitagel-polvo/PACKNT422,PACKNT422,VITAGEL,algolia_public_search,2026-06-08T00:46:30.014478+00:00,,"COLAGENO HIDROLIZADO Este producto es distribuido por Inretail Pharma S.A. (Ley 32033) Indicado en el tratamiento de los dolores y el desgaste de las articulaciones y de los músculos, mejora la elasticidad de la piel, evita que aparezcan estrías, potencia el crecimiento de las uñas y del cabello. Suplementos Nutricionales Packs de Nutrición y Bienestar Colágenos",,false_no_registro_sanitario
Mifarma,Pack Té Verde Green Tea Seng Filtrante Sabor Limón,Pack Té Verde Green Tea Seng Filtrante Sabor Limón,,59.70,PEN,available,https://www.mifarma.com.pe/producto/pack-te-verde-green-tea-seng-filtrante-limon/PACKNT41,PACKNT41,GREEN TEA,algolia_public_search,2026-06-08T00:46:30.014645+00:00,,Té Verde |Boldo |Alcachofa |Stevia |Sen | Limón Este producto es distribuido por Inretail Pharma S.A. (Ley 32033) Suplementos Nutricionales Nutrición Deportiva Infusiones Naturales Packs de Nutrición y Bienestar Fitness y Deportivos Suplementos Dietéticos Infusiones Reductores Dietéticos Adelgazantes Naturales,,false_no_registro_sanitario
Mifarma,Pack 02 Colagen Puro Premium,Pack 02 Colagen Puro Premium,,199.80,PEN,available,https://www.mifarma.com.pe/producto/pack-02-colagen-puro-premium/PACKNT343,PACKNT343,FITOSANA,algolia_public_search,2026-06-08T00:46:30.014777+00:00,,Fitosana Colágeno Puro Premium: Colágeno hidrolizado. Este producto es distribuido por Inretail Pharma S.A. (Ley 32033) Suplementos Nutricionales Packs de Nutrición y Bienestar,,false_no_registro_sanitario
Mifarma,Bipack Aceite de Oliva Extra Virgen OLI21,Bipack Aceite de Oliva Extra Virgen OLI21,,31.80,PEN,available,https://www.mifarma.com.pe/producto/bipack-aceite-de-oliva-extra-virgen-oli21/PACKNT251,PACKNT251,OLI 2121,algolia_public_search,2026-06-08T00:46:30.014900+00:00,,Aceite de oliva Este producto es distribuido por Inretail Pharma S.A. (Ley 32033) Suplementos Nutricionales Packs de Nutrición y Bienestar Naturales,,false_no_registro_sanitario
Mifarma,Pack 2 Green Tea Limón,Pack 2 Green Tea Limón,,39.80,PEN,available,https://www.mifarma.com.pe/producto/pack-2-green-tea-limon-/PACKNT170,PACKNT170,GREEN TEA,algolia_public_search,2026-06-08T00:46:30.015048+00:00,,Té Verde |Boldo |Alcachofa |Stevia |Sen | Limón Este producto es distribuido por Inretail Pharma S.A. (Ley 32033) Suplementos Nutricionales Nutrición Deportiva Infusiones Naturales Packs de Nutrición y Bienestar Fitness y Deportivos Suplementos Dietéticos Infusiones Reductores Dietéticos Adelgazantes Naturales,,false_no_registro_sanitario
Mifarma,Arthramine Forte Polvo Oral,Arthramine Forte Polvo Oral,,214.20,PEN,available,https://www.mifarma.com.pe/producto/arthramine-forte-polvo/526391,526391,ARTHRAMINE,algolia_public_search,2026-06-08T00:46:30.015540+00:00,,Sulfato de Glucosamina 1500mg|Sulfato de Condroitina 1200mg | Vitamina C 120mg|Manganeso Sulfato 2.91mg Este producto es distribuido por Inretail Pharma S.A. (Ley 32033) Suplementos Nutricionales Naturales,,false_no_registro_sanitario
Mifarma,Flexure MSM Polvo para Solución Oral Sabor Piña Naranja - Caja 30 UN,Flexure MSM Polvo para Solución Oral Sabor Piña Naranja - Caja 30 UN,,229.80,PEN,available,https://www.mifarma.com.pe/producto/flexure-msm-polvo-para-solucion-oral-sabor-pina/511996,511996,FLEXURE,algolia_public_search,2026-06-08T00:46:30.015658+00:00,,Este producto es distribuido por Inretail Pharma S.A. (Ley 32033) Sistema Locomotor Suplementos Nutricionales Articulaciones y huesos Naturales,,false_no_registro_sanitario
Mifarma,Melatonina 1mg Gel Masticable Nutricost Kids,Melatonina 1mg Gel Masticable Nutricost Kids,,132.00,PEN,available,https://www.mifarma.com.pe/producto/melatonina-1mg-gel-masticable-nutricost-kids/327392,327392,NUTRICOST,algolia_public_search,2026-06-08T00:46:30.015792+00:00,,IMelatonina 1MG ICarbohidratos totales 2G IAzúcares totales 1G IAzúcares añadidos 1G Este producto es distribuido por Inretail Pharma S.A. (Ley 32033) Sistema Locomotor Suplementos Nutricionales Sedantes Naturales,,false_no_registro_sanitario
Mifarma,Cafeína con L-Teanina Cápsula Nutricost,Cafeína con L-Teanina Cápsula Nutricost,,128.00,PEN,available,https://www.mifarma.com.pe/producto/cafeina-con-l-teanina-capsula-nutricost/327390,327390,NUTRICOST,algolia_public_search,2026-06-08T00:46:30.015910+00:00,,Cafeína anhidra 100MG L-teanina 100MG Este producto es distribuido por Inretail Pharma S.A. (Ley 32033) Suplementos / Complementos Adulto,,false_no_registro_sanitario
Mifarma,Bebida de Sábila Aloe Vera D'Nattive,Bebida de Sábila Aloe Vera D'Nattive,,34.00,PEN,available,https://www.mifarma.com.pe/producto/bebida-sabila-aloe-vera-dnattive/323417,323417,D'NATTIVE,algolia_public_search,2026-06-08T00:46:30.016035+00:00,,"40% Gel de sábila de color transparente, a veces ligeramente amarillento o rosado. Este producto es distribuido por Inretail Pharma S.A. (Ley 32033) Suplementos Nutricionales Naturales",,false_no_registro_sanitario
Mifarma,Nutribén Confort,Nutribén Confort,,85.50,PEN,available,https://www.mifarma.com.pe/producto/nutriben-confort-400gr/321673,321673,NUTRIBEN,algolia_public_search,2026-06-08T00:46:30.016489+00:00,,"Maltodextrina, lactosa, lípidos lácteos (contiene betapalmitato), hidrolizado de proteínas de suero de leche de vaca, aceites vegetales (aceite de nabina, aceite de girasol, aceite de coco), galactooligosacáridos, concentrado de proteínas de suero de leche enriquecido en alfalactoálbumina, triglicéridos de cadena media, fosfato potásico, aceite de pescado (DHA), cloruro cálcico, cloruro magnésico, citrato sódico, aceite de Mortierella alpina (ARA), hidróxido cálcico, cloruro de colina, hidróxido potásico, inositol, L-tirosina, Ácido L- Ascórbico, taurina, sulfato ferroso, emulgente (lecitina de girasol), sulfato de zinc, L- carnitina, 5’-monofosfato de citidina, antioxidante (extracto rico en tocoferoles), Acetato de DL-alfa-Tocoferol, 5’-monofosfato de uridina disódica, antioxidante (palmitato de ascórbico), Nicotinamida, 5’-monofosfato de adenosina, D-Pantotenato Cálcico, 5’-monofosfato de guanosina disódica, 5’-monofosfato de inosina disódica, sulfato cúprico, sulfato de manganeso, riboflavina, Clorhidrato de Tiamina, Acetato de retinol, Clorhidrato de Piridoxina, yoduro potásico, ácido fólico, Filoquinona (Vit.K1), selenito sódico, Colecalciferol (Vit.D), D- Biotina, Cianocobalamina. Contiene ingredientes derivados de leche, soya, lactosa y pescado. Este producto es distribuido por Inretail Pharma S.A. (Ley 32033) Suplementos / Complementos Suplementos Nutricionales Fórmula para Bebés Fórmula Infantil Especial Pediátricos Fórmula Láctea Confort",,false_no_registro_sanitario
Mifarma,Nutribén Confort,Nutribén Confort,,163.30,PEN,available,https://www.mifarma.com.pe/producto/nutriben-confort-800gr/321473,321473,NUTRIBEN,algolia_public_search,2026-06-08T00:46:30.016949+00:00,,"Maltodextrina, lactosa, lípidos lácteos (contiene betapalmitato), hidrolizado de proteínas de suero de leche de vaca, aceites vegetales (aceite de nabina, aceite de girasol, aceite de coco), galactooligosacáridos, concentrado de proteínas de suero de leche enriquecido en alfalactoálbumina, triglicéridos de cadena media, fosfato potásico, aceite de pescado (DHA), cloruro cálcico, cloruro magnésico, citrato sódico, aceite de Mortierella alpina (ARA), hidróxido cálcico, cloruro de colina, hidróxido potásico, inositol, L-tirosina, Ácido L- Ascórbico, taurina, sulfato ferroso, emulgente (lecitina de girasol), sulfato de zinc, L- carnitina, 5’-monofosfato de citidina, antioxidante (extracto rico en tocoferoles), Acetato de DL-alfa-Tocoferol, 5’-monofosfato de uridina disódica, antioxidante (palmitato de ascórbico), Nicotinamida, 5’-monofosfato de adenosina, D-Pantotenato Cálcico, 5’-monofosfato de guanosina disódica, 5’-monofosfato de inosina disódica, sulfato cúprico, sulfato de manganeso, riboflavina, Clorhidrato de Tiamina, Acetato de retinol, Clorhidrato de Piridoxina, yoduro potásico, ácido fólico, Filoquinona (Vit.K1), selenito sódico, Colecalciferol (Vit.D), D- Biotina, Cianocobalamina. Contiene ingredientes derivados de leche, soya, lactosa y pescado. Este producto es distribuido por Inretail Pharma S.A. (Ley 32033) Suplementos / Complementos Suplementos Nutricionales Fórmula para Bebés Fórmula Infantil Especial Pediátricos Fórmula Láctea Confort",,false_no_registro_sanitario
Mifarma,Proteína en Polvo Supramax Sabor Frutos del Bosque,Proteína en Polvo Supramax Sabor Frutos del Bosque,,92.00,PEN,available,https://www.mifarma.com.pe/producto/proteina-polvo-supramax-sabor-frutos-del-bosque/321349,321349,SUPRAMAX,algolia_public_search,2026-06-08T00:46:30.017172+00:00,,"Harina de proteína de alverja, harina de proteína de arroz, harina de fresa, saborizantes naturales, espesante: goma xantana, colorante natural: rojo remolacha, sal, endulzantes: sucralosa y acesulfame depotasio, reguladores de acidez: ácido cítrico y citrato monosódico. Este producto es distribuido por Inretail Pharma S.A. (Ley 32033) Promociones en Suplementos y Vitaminas Suplementos Nutricionales Nutrición Deportiva Fitness y Deportivos Deportivos Suplementos Deportivos Más Proteinas con Mejores Resultados",,false_no_registro_sanitario
Mifarma,Proteína en Polvo Supramax Sabor Vainilla,Proteína en Polvo Supramax Sabor Vainilla,,92.00,PEN,available,https://www.mifarma.com.pe/producto/proteina-polvo-supramax-sabor-vainilla/321348,321348,SUPRAMAX,algolia_public_search,2026-06-08T00:46:30.017360+00:00,,"Harina de proteína de alverja, harina de proteína de arroz, saborizantes naturales, espesante: goma xantana, sal, beta-caroteno, endulzantes: sucralosa y acesulfame de potasio, antiaglomerante: dióxido de silicio. Este producto es distribuido por Inretail Pharma S.A. (Ley 32033) Promociones en Suplementos y Vitaminas Suplementos Nutricionales Nutrición Deportiva Fitness y Deportivos Deportivos Suplementos Deportivos Más Proteinas con Mejores Resultados",,false_no_registro_sanitario
Mifarma,Barra de Proteína Myprotein Layered Bar Birthday Cake,Barra de Proteína Myprotein Layered Bar Birthday Cake,,14.00,PEN,available,https://www.mifarma.com.pe/producto/barra-proteina-myprotein-layered-bar-birthday-cake/321253,321253,MYPROTEIN,algolia_public_search,2026-06-08T00:46:30.017582+00:00,,"Ingrediente activo: Mezcla de proteínas (24 %) compuesta por: Concentrado de proteína de leche, proteína de suero hidrolizada (leche)y aislado de proteína de soya. Excipientes: Maltitol, glicerol (humectante), fibra de raíz de achicoria, grasa de palma, suero en polvo, leche descremada, cacao, gelatina hidrolizada de origen bovino, caseinato de calcio, aceite de colza, lecitinas (emulsificantes), saborizantes y colorantes. Este producto es distribuido por Inretail Pharma S.A. (Ley 32033) Suplementos / Complementos Adulto",,false_no_registro_sanitario
Mifarma,Spirulina Mason Natural 500mg Tableta,Spirulina Mason Natural 500mg Tableta,,62.90,PEN,available,https://www.mifarma.com.pe/producto/spirulina-mason-natural-500mg-tableta/321197,321197,MASON NATURAL,algolia_public_search,2026-06-08T00:46:30.017714+00:00,,Cada tableta contiene: Spirulina (polvo) 500mg Este producto es distribuido por Inretail Pharma S.A. (Ley 32033) Vitaminas para Adultos Suplementos Nutricionales Naturales,,false_no_registro_sanitario
Mifarma,Milk Thistle Silimarina Mason Natural 150mg Cápsula,Milk Thistle Silimarina Mason Natural 150mg Cápsula,,99.90,PEN,available,https://www.mifarma.com.pe/producto/milk-thistle-silimarina-mason-natural-150mg-capsula/321196,321196,MASON NATURAL,algolia_public_search,2026-06-08T00:46:30.017850+00:00,,Cada Cápsula contiene: Cardo mariano (Silimarina) 150mg (Silybum marianum) (semillas) (Extracto estandarizado al 80% de Silimarina) Este producto es distribuido por Inretail Pharma S.A. (Ley 32033) Vitaminas para Adultos Suplementos Nutricionales Naturales,,false_no_registro_sanitario
Mifarma,Gomitas Goli Nutrition Apple Cider Vinegar,Gomitas Goli Nutrition Apple Cider Vinegar,,108.00,PEN,available,https://www.mifarma.com.pe/producto/gomitas-goli-nutrition-apple-cider-vinegar/321113,321113,GOLI NUTRITION,algolia_public_search,2026-06-08T00:46:30.018053+00:00,,"Azúcar de caña, jarabe de tapioca, polvo de vinagre de sidra de manzana (5 % de ácido acético), agua, pectina, citrato de sodio (regulador de acidez), aromas naturales, ácido málico (regulador de acidez), ácido cítrico (regulador de acidez), jugo de frutas y vegetales para color (concentrado de zanahoria y grosella negra), vitamina B12 (cianocobalamina), polvo de betarraga, polvo de granada. Este producto es distribuido por Inretail Pharma S.A. (Ley 32033) Vitaminas para Adultos Suplementos Nutricionales Naturales",,false_no_registro_sanitario
Mifarma,Brownie Proteico MyProtein Chocolate Chip,Brownie Proteico MyProtein Chocolate Chip,,12.00,PEN,available,https://www.mifarma.com.pe/producto/brownie-proteico-myprotein-chocolate-chip/320583,320583,MYPROTEIN,algolia_public_search,2026-06-08T00:46:30.018188+00:00,,Proteína láctea (caseína / concentrado de proteína de leche) Este producto es distribuido por Inretail Pharma S.A. (Ley 32033) Snacks y Piqueos Suplementos / Complementos Piqueos Adulto Chocolates,,false_no_registro_sanitario
Mifarma,Galleta Xtra Cookie MyProtein Doble Chocolate,Galleta Xtra Cookie MyProtein Doble Chocolate,,15.00,PEN,available,https://www.mifarma.com.pe/producto/galleta-xtra-cookie-myprotein-doble-chocolate/320551,320551,MYPROTEIN,algolia_public_search,2026-06-08T00:46:30.018386+00:00,,"Proteína de leche, gelatina bovina hidrolizada, humectante (glicerina vegetal), aceite de palma, pepitas de chocolate (9%) [pasta de cacao, azúcar, emulsionante (lecitina de soja), saborizante], proteína de soja, azúcar, cacao en polvo bajo en grasa, harina de avena, estabilizante (goma arábiga), gasificantes (bicarbonato de sodio, bitartrato de potasio), saborizante, sal, edulcorante (sucralosa). Este producto es distribuido por Inretail Pharma S.A. (Ley 32033) Snacks y Piqueos Suplementos / Complementos Piqueos Adulto Galletas Chocolates",,false_no_registro_sanitario
Mifarma,Gerber Cereal Corazoncitos,Gerber Cereal Corazoncitos,,12.00,PEN,available,https://www.mifarma.com.pe/producto/gerber-cereal-corazoncitos/312385,312385,GERBER CEREAL,algolia_public_search,2026-06-08T00:46:30.018569+00:00,,"Harina de maíz integral fortificado (Harina de maíz integral, Fumarato ferroso y Ácido fólico), Semolina/Sémola de maíz, Carbonato de calcio, Mezcla de minerales y vitamina (Sulfato de zinc, Vitamina B1 y Fumarato ferroso). Este producto es distribuido por Inretail Pharma S.A. (Ley 32033) Suplementos / Complementos Fórmula para Bebés Cereales Cereales y Compotas",,false_no_registro_sanitario
Mifarma,Barra Proteica Quest Mini Sabor Cookies & Cream,Barra Proteica Quest Mini Sabor Cookies & Cream,E1200,14.00,PEN,available,https://www.mifarma.com.pe/producto/barra-proteica-quest-mini-cookies-&-cream/311725,311725,QUEST,algolia_public_search,2026-06-08T00:46:30.018841+00:00,,"Proteína de leche Proteína de suero Polidextrosa (E1200 fibra) Almendras Agua Eritritol (SIN 968, edulcorante) Aceite de semilla de palma Glicerina (SIN 422 espesante) Fibra soluble de maíz Sabor chocolate (autorizado para uso en alimentos por FDA) Cocoa procesada con álcali sal Caseinato de sodio Lecitina (SIN 322i emulsionante) Goma xantana (SIN 415, espesante) Bicarbonato de sodio (SIN 500ii regulador de la acidez) Glicósidos de esteviol (SIN 960a)(edulcorante) Sucralosa (SIN 955, edulcorante) Este producto es distribuido por Inretail Pharma S.A. (Ley 32033) Suplementos Nutricionales Nutrición Deportiva Fitness y Deportivos Deportivos Suplementos Deportivos",page_or_detail_regex,false_no_component_match
Mifarma,Proteína Aislada ISO 100 Dymatize Vainilla,Proteína Aislada ISO 100 Dymatize Vainilla,,539.00,PEN,available,https://www.mifarma.com.pe/producto/iso-100-hydrolyzed-gourmet-vainilla-polvo-oral/311539,311539,DYMATIZE,algolia_public_search,2026-06-08T00:46:30.019042+00:00,,"Proteína aislada de suero hidrolizada 56.7%, Proteína aislada de suero 36, Saborizante natural y artificial 5.6%, Lecitina 1%, menos de 1%: sal, sucralosa, glicosidos de esteviol. Este producto es distribuido por Inretail Pharma S.A. (Ley 32033) Suplemento nutricional. Promociones en Suplementos y Vitaminas Suplementos Nutricionales Nutrición Deportiva Fitness y Deportivos Proteinas Aisladas a Precio más Bajo Deportivos Suplementos Deportivos Más Proteinas con Mejores Resultados",,false_no_registro_sanitario
Mifarma,Smofkabiven Central Emulsión Para Perfusión,Smofkabiven Central Emulsión Para Perfusión,,381.00,PEN,available,https://www.mifarma.com.pe/producto/smofkabiven-central-emulsion-para-perfusion/308830,308830,FRESENIUS KABI,algolia_public_search,2026-06-08T00:46:30.019178+00:00,,Este producto es distribuido por Inretail Pharma S.A. (Ley 32033) Dietas Suplementos Nutricionales Nutrición Deportiva Fitness y Deportivos Suplementos Dietéticos Dietéticos Otros Productos de Dieta Naturales,,false_no_registro_sanitario
Mifarma,Smofkabiven Periférico Emulsión para Perfusión,Smofkabiven Periférico Emulsión para Perfusión,,350.00,PEN,available,https://www.mifarma.com.pe/producto/smofkabiven-periferico-emulsion-para-perfusion/308828,308828,FRESENIUS KABI,algolia_public_search,2026-06-08T00:46:30.019307+00:00,,Este producto es distribuido por Inretail Pharma S.A. (Ley 32033) Dietas Suplementos Nutricionales Nutrición Deportiva Fitness y Deportivos Suplementos Dietéticos Dietéticos Otros Productos de Dieta Naturales,,false_no_registro_sanitario
Mifarma,Barra Proteica QNT Liife Milkii Sabor Coco,Barra Proteica QNT Liife Milkii Sabor Coco,,9.90,PEN,available,https://www.mifarma.com.pe/producto/barra-proteica-qnt-liife-milkii-coco/308578,308578,QNT LIIFE,algolia_public_search,2026-06-08T00:46:30.019666+00:00,,"Mezcla de proteínas (Proteína de leche, concentrado de proteína de suero) Jarabe de maltitol Cobertura de cacao con leche (maltitol, grasa de palma totalmente hidrogenada, cacao en polvo desgrasado, suero en polvo, leche desnatada en polvo, lecitina de colza) Aceite de coco Sorbitol Hojuelas de coco Glicerol Aroma natural Sal Este producto es distribuido por Inretail Pharma S.A. (Ley 32033) Suplementos Nutricionales Alimentos Naturales Nutrición Deportiva Fitness y Deportivos Deportivos Cereales Suplementos Deportivos",,false_no_registro_sanitario
Mifarma,Proteína 100% Whey Isolate Scitec Nutrition Chocolate,Proteína 100% Whey Isolate Scitec Nutrition Chocolate,,209.90,PEN,available,https://www.mifarma.com.pe/producto/100-whey-isolate-chocolate-polvo-para-susp-oral/302304,302304,SCITEC NUTRITION,algolia_public_search,2026-06-08T00:46:30.020016+00:00,,"Proteína aislada de suero (84%), lecitina, L-glutamina (5.3%), cocoa bajo en grasa, sabor a chocolate, L arginina (1.2%), sal, goma xantana, sucralosa, acesulfame de potasio. Este producto es distribuido por Inretail Pharma S.A. (Ley 32033) Suplemento nutricional. Promociones en Suplementos y Vitaminas Suplementos Nutricionales Nutrición Deportiva Fitness y Deportivos Proteinas Aisladas a Precio más Bajo Deportivos Suplementos Deportivos",,false_no_registro_sanitario
Mifarma,Proteína Iso Cool Ultimate Nutrition Vainilla Créme,Proteína Iso Cool Ultimate Nutrition Vainilla Créme,,239.00,PEN,available,https://www.mifarma.com.pe/producto/isocool-vanilla-creme-polvo-para-suspension-oral/302302,302302,ULTIMATE NUTRITION - ISOCOOL,algolia_public_search,2026-06-08T00:46:30.020258+00:00,,"Proteína aislada de suero premium equivalente a 23g de Proteína, sabores naturales y artificiales, sucralosa, acesulfame de potasio y lecitina. Este producto es distribuido por Inretail Pharma S.A. (Ley 32033) La proteína desempeña una serie de funciones diferentes en el cuerpo, incluida la reparación de células corporales, la construcción y reparación de músculos y huesos, proporcionando una fuente de energía y controlando muchos de los procesos importantes en el cuerpo relacionados con metabolismo. Promociones en Suplementos y Vitaminas Nutrición Deportiva Fitness y Deportivos Proteinas Aisladas a Precio más Bajo Suplementos Deportivos Más Proteinas con Mejores Resultados",,false_no_registro_sanitario
Mifarma,Amaru Vegan Protein Unflavored Polvo,Amaru Vegan Protein Unflavored Polvo,,202.50,PEN,available,https://www.mifarma.com.pe/producto/amaru-vegan-protein-unflavored-polvo/816296,816296,AMARU,algolia_public_search,2026-06-08T00:46:30.020403+00:00,,"Harina de sacha inchi gelatinizada,harina de maca gelatinizada,proteina de tara en polvo,endulcorante y extracto de yacón. Este producto es distribuido por Inretail Pharma S.A. (Ley 32033) Suplementos / Complementos Nutrición Adulto Adulto",,false_no_registro_sanitario
